id,obs_id,choice,chosen_alt,av_car,av_bus,av_air,av_rail,time_car,time_bus,time_air,time_rail,cost_car,cost_bus,cost_air,cost_rail,access_bus,access_air,access_rail,service_air,service_rail,female,business,income
1,1,4,rail,0,0,1,1,0,0,50,170,0,0,50,35,0,55,5,3,2,0,0,3
1,2,4,rail,0,0,1,1,0,0,90,120,0,0,65,75,0,45,5,1,3,0,0,3
1,3,4,rail,0,0,1,1,0,0,70,155,0,0,110,75,0,40,25,1,2,0,0,3
1,4,4,rail,0,0,1,1,0,0,90,170,0,0,80,35,0,40,25,1,2,0,0,3
1,5,3,air,0,0,1,1,0,0,90,130,0,0,80,75,0,35,25,2,2,0,0,3
1,6,4,rail,0,0,1,1,0,0,50,170,0,0,95,35,0,45,10,3,2,0,0,3
1,7,4,rail,0,0,1,1,0,0,60,120,0,0,110,75,0,40,15,2,3,0,0,3
1,8,4,rail,0,0,1,1,0,0,50,140,0,0,95,55,0,55,10,3,1,0,0,3
1,9,4,rail,0,0,1,1,0,0,70,140,0,0,110,45,0,40,25,1,3,0,0,3
1,10,4,rail,0,0,1,1,0,0,80,120,0,0,65,35,0,55,5,3,1,0,0,3
1,11,4,rail,0,0,1,1,0,0,60,130,0,0,80,75,0,55,15,1,3,0,0,3
1,12,4,rail,0,0,1,1,0,0,70,170,0,0,110,35,0,35,25,2,3,0,0,3
1,13,4,rail,0,0,1,1,0,0,90,140,0,0,65,65,0,45,15,1,2,0,0,3
1,14,4,rail,0,0,1,1,0,0,80,140,0,0,50,55,0,50,10,1,3,0,0,3
2,15,4,rail,1,1,0,1,300,330,0,170,40,25,0,35,15,0,25,0,2,1,0,3
2,16,4,rail,1,1,0,1,390,390,0,140,35,35,0,45,5,0,20,0,1,1,0,3
2,17,4,rail,1,1,0,1,345,390,0,130,35,20,0,65,25,0,5,0,2,1,0,3
2,18,4,rail,1,1,0,1,275,360,0,140,40,25,0,55,25,0,20,0,1,1,0,3
2,19,1,car,1,1,0,1,275,420,0,130,45,20,0,35,15,0,15,0,3,1,0,3
2,20,1,car,1,1,0,1,250,420,0,140,50,20,0,55,20,0,25,0,1,1,0,3
2,21,1,car,1,1,0,1,390,420,0,130,30,20,0,75,20,0,10,0,2,1,0,3
2,22,4,rail,1,1,0,1,250,420,0,155,35,20,0,55,15,0,20,0,2,1,0,3
2,23,4,rail,1,1,0,1,300,300,0,140,35,30,0,45,20,0,20,0,2,1,0,3
2,24,2,bus,1,1,0,1,390,390,0,130,30,20,0,75,10,0,10,0,1,1,0,3
2,25,1,car,1,1,0,1,390,390,0,140,35,15,0,75,5,0,20,0,1,1,0,3
2,26,4,rail,1,1,0,1,275,360,0,155,50,15,0,35,5,0,20,0,1,1,0,3
2,27,1,car,1,1,0,1,300,390,0,170,40,20,0,45,20,0,5,0,1,1,0,3
2,28,1,car,1,1,0,1,275,420,0,120,50,15,0,75,5,0,5,0,3,1,0,3
3,29,3,air,0,0,1,1,0,0,90,140,0,0,50,65,0,40,20,2,3,1,0,4
3,30,4,rail,0,0,1,1,0,0,60,140,0,0,50,55,0,55,5,2,3,1,0,4
3,31,4,rail,0,0,1,1,0,0,90,130,0,0,65,55,0,35,20,2,3,1,0,4
3,32,3,air,0,0,1,1,0,0,90,140,0,0,50,55,0,35,25,1,3,1,0,4
3,33,3,air,0,0,1,1,0,0,70,120,0,0,65,75,0,50,10,1,2,1,0,4
3,34,3,air,0,0,1,1,0,0,90,140,0,0,50,55,0,50,15,3,1,1,0,4
3,35,3,air,0,0,1,1,0,0,60,130,0,0,95,75,0,40,15,3,2,1,0,4
3,36,4,rail,0,0,1,1,0,0,80,120,0,0,110,45,0,40,5,3,1,1,0,4
3,37,3,air,0,0,1,1,0,0,90,155,0,0,50,55,0,40,20,2,1,1,0,4
3,38,4,rail,0,0,1,1,0,0,80,155,0,0,95,45,0,40,25,3,1,1,0,4
3,39,4,rail,0,0,1,1,0,0,60,155,0,0,110,65,0,50,20,1,3,1,0,4
3,40,4,rail,0,0,1,1,0,0,70,120,0,0,110,75,0,40,15,1,3,1,0,4
3,41,3,air,0,0,1,1,0,0,80,155,0,0,50,55,0,50,10,1,2,1,0,4
3,42,3,air,0,0,1,1,0,0,80,130,0,0,50,75,0,50,15,2,1,1,0,4
4,43,3,air,0,1,1,1,0,390,50,155,0,20,50,55,15,45,15,2,3,0,0,2
4,44,4,rail,0,1,1,1,0,390,60,130,0,25,110,45,25,40,10,3,1,0,0,2
4,45,4,rail,0,1,1,1,0,420,60,130,0,20,95,55,25,55,5,2,1,0,0,2
4,46,4,rail,0,1,1,1,0,390,50,140,0,25,80,45,20,50,10,3,2,0,0,2
4,47,4,rail,0,1,1,1,0,420,50,130,0,15,110,75,20,45,10,2,3,0,0,2
4,48,4,rail,0,1,1,1,0,345,80,120,0,35,80,45,25,45,10,3,1,0,0,2
4,49,4,rail,0,1,1,1,0,390,60,170,0,25,65,45,20,55,15,3,2,0,0,2
4,50,3,air,0,1,1,1,0,390,60,140,0,15,50,65,10,55,5,3,1,0,0,2
4,51,4,rail,0,1,1,1,0,360,90,120,0,30,95,45,25,40,10,2,3,0,0,2
4,52,3,air,0,1,1,1,0,360,50,155,0,30,50,45,15,50,10,2,1,0,0,2
4,53,4,rail,0,1,1,1,0,360,70,170,0,20,95,45,5,40,25,3,2,0,0,2
4,54,4,rail,0,1,1,1,0,390,70,120,0,15,110,65,10,40,25,1,3,0,0,2
4,55,4,rail,0,1,1,1,0,330,70,140,0,15,95,65,10,45,20,3,1,0,0,2
4,56,4,rail,0,1,1,1,0,360,90,140,0,25,50,35,20,55,5,2,3,0,0,2
5,57,4,rail,0,1,1,1,0,300,70,170,0,25,80,35,5,35,25,3,2,0,1,1
5,58,4,rail,0,1,1,1,0,390,70,140,0,25,80,35,20,40,15,1,3,0,1,1
5,59,4,rail,0,1,1,1,0,390,60,130,0,25,110,75,5,50,15,2,1,0,1,1
5,60,4,rail,0,1,1,1,0,390,60,120,0,20,110,75,5,45,20,1,3,0,1,1
5,61,3,air,0,1,1,1,0,360,80,170,0,25,50,35,15,55,5,2,3,0,1,1
5,62,4,rail,0,1,1,1,0,345,70,155,0,35,95,55,15,40,20,1,3,0,1,1
5,63,3,air,0,1,1,1,0,345,90,130,0,35,50,65,20,35,20,2,3,0,1,1
5,64,4,rail,0,1,1,1,0,330,50,130,0,30,65,75,15,55,5,3,2,0,1,1
5,65,4,rail,0,1,1,1,0,360,60,170,0,30,95,55,25,45,20,1,3,0,1,1
5,66,3,air,0,1,1,1,0,390,50,170,0,25,50,45,25,55,5,3,2,0,1,1
5,67,3,air,0,1,1,1,0,330,80,155,0,30,65,55,20,35,20,2,1,0,1,1
5,68,3,air,0,1,1,1,0,390,70,140,0,15,95,65,5,45,20,1,3,0,1,1
5,69,4,rail,0,1,1,1,0,330,60,120,0,30,110,75,25,45,10,3,2,0,1,1
5,70,4,rail,0,1,1,1,0,420,90,170,0,20,65,35,15,35,25,3,2,0,1,1
6,71,2,bus,0,1,1,1,0,330,90,140,0,35,80,65,25,35,15,2,1,1,0,1
6,72,4,rail,0,1,1,1,0,360,70,155,0,25,80,35,25,45,15,1,2,1,0,1
6,73,4,rail,0,1,1,1,0,390,80,155,0,25,65,45,15,45,15,1,3,1,0,1
6,74,2,bus,0,1,1,1,0,420,60,140,0,20,95,75,15,45,10,1,3,1,0,1
6,75,2,bus,0,1,1,1,0,390,70,140,0,15,95,65,5,35,20,2,3,1,0,1
6,76,3,air,0,1,1,1,0,420,50,130,0,20,80,65,20,35,25,2,1,1,0,1
6,77,4,rail,0,1,1,1,0,390,70,130,0,35,110,35,25,45,10,3,1,1,0,1
6,78,4,rail,0,1,1,1,0,330,80,155,0,25,50,35,15,50,5,1,2,1,0,1
6,79,4,rail,0,1,1,1,0,390,90,120,0,35,80,55,5,45,15,3,1,1,0,1
6,80,4,rail,0,1,1,1,0,300,80,170,0,35,80,55,10,40,25,1,2,1,0,1
6,81,3,air,0,1,1,1,0,345,70,170,0,35,50,45,25,55,5,3,2,1,0,1
6,82,4,rail,0,1,1,1,0,360,50,120,0,35,80,75,15,40,10,3,2,1,0,1
6,83,2,bus,0,1,1,1,0,300,50,120,0,35,95,65,5,50,10,2,1,1,0,1
6,84,4,rail,0,1,1,1,0,345,60,155,0,30,65,45,20,55,5,1,2,1,0,1
7,85,3,air,1,1,1,1,275,330,80,120,50,35,65,45,20,55,5,3,1,0,1,2
7,86,4,rail,1,1,1,1,275,330,70,170,45,15,110,55,5,40,25,2,3,0,1,2
7,87,4,rail,1,1,1,1,275,390,70,155,45,15,80,35,25,55,5,1,1,0,1,2
7,88,4,rail,1,1,1,1,300,300,60,155,45,15,110,65,10,40,20,2,1,0,1,2
7,89,4,rail,1,1,1,1,390,390,60,155,35,35,95,65,10,45,15,2,3,0,1,2
7,90,4,rail,1,1,1,1,275,360,50,155,40,30,80,55,20,50,5,1,3,0,1,2
7,91,4,rail,1,1,1,1,250,360,60,120,50,25,110,65,15,45,20,3,2,0,1,2
7,92,1,car,1,1,1,1,275,390,90,155,30,25,65,65,15,40,25,1,2,0,1,2
7,93,3,air,1,1,1,1,390,390,90,120,30,25,65,65,25,35,15,3,1,0,1,2
7,94,3,air,1,1,1,1,275,330,70,120,50,25,80,55,25,50,5,1,3,0,1,2
7,95,3,air,1,1,1,1,390,420,60,130,35,15,110,55,25,35,15,2,1,0,1,2
7,96,4,rail,1,1,1,1,300,390,50,170,45,25,50,45,10,55,5,2,1,0,1,2
7,97,1,car,1,1,1,1,345,345,50,140,30,35,110,65,5,45,15,2,1,0,1,2
7,98,1,car,1,1,1,1,250,300,80,140,40,30,80,75,15,40,20,1,2,0,1,2
8,99,4,rail,0,1,0,1,0,330,0,130,0,30,0,55,15,0,10,0,1,0,0,2
8,100,4,rail,0,1,0,1,0,360,0,120,0,25,0,65,10,0,10,0,2,0,0,2
8,101,4,rail,0,1,0,1,0,390,0,130,0,30,0,65,10,0,25,0,3,0,0,2
8,102,4,rail,0,1,0,1,0,390,0,130,0,15,0,75,5,0,10,0,3,0,0,2
8,103,4,rail,0,1,0,1,0,390,0,120,0,25,0,35,20,0,10,0,2,0,0,2
8,104,4,rail,0,1,0,1,0,420,0,170,0,20,0,35,20,0,25,0,2,0,0,2
8,105,2,bus,0,1,0,1,0,420,0,155,0,20,0,65,5,0,20,0,1,0,0,2
8,106,4,rail,0,1,0,1,0,420,0,170,0,20,0,35,25,0,15,0,1,0,0,2
8,107,4,rail,0,1,0,1,0,360,0,170,0,30,0,45,25,0,10,0,2,0,0,2
8,108,2,bus,0,1,0,1,0,420,0,155,0,15,0,75,10,0,25,0,2,0,0,2
8,109,4,rail,0,1,0,1,0,390,0,155,0,15,0,35,10,0,10,0,1,0,0,2
8,110,4,rail,0,1,0,1,0,390,0,170,0,15,0,35,5,0,25,0,3,0,0,2
8,111,4,rail,0,1,0,1,0,420,0,140,0,15,0,65,20,0,25,0,2,0,0,2
8,112,4,rail,0,1,0,1,0,300,0,170,0,30,0,65,5,0,25,0,2,0,0,2
9,113,3,air,1,1,1,1,390,390,70,130,30,15,95,75,10,45,15,2,3,0,1,3
9,114,4,rail,1,1,1,1,345,345,60,120,45,35,95,45,25,50,5,3,1,0,1,3
9,115,4,rail,1,1,1,1,250,390,90,120,45,20,50,75,20,50,5,1,2,0,1,3
9,116,1,car,1,1,1,1,300,420,50,130,45,15,110,75,10,45,15,2,3,0,1,3
9,117,3,air,1,1,1,1,390,420,90,130,30,15,65,65,20,35,20,3,1,0,1,3
9,118,3,air,1,1,1,1,250,390,80,155,45,15,65,45,10,50,20,3,1,0,1,3
9,119,4,rail,1,1,1,1,390,390,60,155,40,15,110,65,10,35,25,2,1,0,1,3
9,120,4,rail,1,1,1,1,275,420,50,155,50,20,80,35,15,50,10,1,3,0,1,3
9,121,4,rail,1,1,1,1,345,360,50,155,50,30,80,45,20,55,5,2,3,0,1,3
9,122,3,air,1,1,1,1,390,390,50,120,35,35,95,75,25,35,15,1,2,0,1,3
9,123,4,rail,1,1,1,1,300,390,80,155,30,15,95,45,5,45,25,3,1,0,1,3
9,124,3,air,1,1,1,1,300,330,90,155,35,30,65,45,15,35,20,3,1,0,1,3
9,125,4,rail,1,1,1,1,250,360,90,120,50,30,65,55,25,35,25,3,2,0,1,3
9,126,4,rail,1,1,1,1,390,390,70,120,35,35,95,55,20,45,10,1,1,0,1,3
10,127,1,car,1,1,1,1,390,390,90,130,35,35,50,75,20,35,25,1,2,0,0,4
10,128,1,car,1,1,1,1,300,300,80,170,30,35,110,55,10,40,25,3,2,0,0,4
10,129,1,car,1,1,1,1,390,390,50,155,35,35,80,55,5,55,15,2,1,0,0,4
10,130,4,rail,1,1,1,1,300,330,80,120,45,35,95,55,20,45,5,1,3,0,0,4
10,131,4,rail,1,1,1,1,345,420,60,170,30,15,65,45,15,55,10,1,2,0,0,4
10,132,1,car,1,1,1,1,345,420,80,120,30,20,80,75,15,50,10,1,2,0,0,4
10,133,1,car,1,1,1,1,250,360,80,120,50,20,80,45,5,40,20,3,2,0,0,4
10,134,4,rail,1,1,1,1,275,360,90,170,35,30,80,35,15,35,20,2,3,0,0,4
10,135,4,rail,1,1,1,1,275,360,80,120,50,30,95,45,15,35,20,1,2,0,0,4
10,136,3,air,1,1,1,1,300,300,80,170,45,30,50,35,10,55,5,2,3,0,0,4
10,137,4,rail,1,1,1,1,275,360,50,130,50,15,110,65,20,45,15,2,3,0,0,4
10,138,1,car,1,1,1,1,345,360,60,140,30,25,110,75,25,50,5,3,2,0,0,4
10,139,3,air,1,1,1,1,250,420,60,130,50,20,65,65,20,50,10,1,2,0,0,4
10,140,3,air,1,1,1,1,390,420,60,140,35,20,50,55,5,55,5,3,1,0,0,4
11,141,4,rail,1,1,1,1,390,390,50,170,40,30,50,35,10,55,5,3,2,1,0,1
11,142,4,rail,1,1,1,1,390,420,50,140,30,20,80,55,15,55,5,2,1,1,0,1
11,143,1,car,1,1,1,1,250,420,90,120,50,15,65,75,25,45,5,1,3,1,0,1
11,144,4,rail,1,1,1,1,250,330,90,170,40,35,80,35,10,40,25,1,2,1,0,1
11,145,1,car,1,1,1,1,275,420,90,130,30,20,80,75,25,35,25,2,2,1,0,1
11,146,4,rail,1,1,1,1,275,300,50,170,45,30,95,35,25,45,10,3,2,1,0,1
11,147,4,rail,1,1,1,1,275,300,60,120,50,35,110,75,5,40,15,2,3,1,0,1
11,148,2,bus,1,1,1,1,390,420,50,140,35,15,95,55,10,55,10,3,1,1,0,1
11,149,4,rail,1,1,1,1,345,360,70,140,35,30,110,45,5,40,25,1,3,1,0,1
11,150,4,rail,1,1,1,1,345,390,80,120,45,25,65,35,25,55,5,3,1,1,0,1
11,151,1,car,1,1,1,1,250,390,60,130,50,20,80,75,15,55,15,1,3,1,0,1
11,152,1,car,1,1,1,1,390,390,70,170,30,35,110,35,5,35,25,2,3,1,0,1
11,153,4,rail,1,1,1,1,275,330,90,140,45,30,65,65,15,45,15,1,2,1,0,1
11,154,4,rail,1,1,1,1,300,420,80,140,45,25,50,55,15,50,10,1,3,1,0,1
12,155,4,rail,1,1,1,1,300,330,70,170,40,25,80,35,15,35,25,3,2,0,0,3
12,156,3,air,1,1,1,1,345,345,90,130,40,30,50,55,15,35,20,2,3,0,0,3
12,157,1,car,1,1,1,1,390,390,70,140,35,35,95,45,5,45,20,3,1,0,0,3
12,158,3,air,1,1,1,1,345,390,80,130,35,20,50,65,25,55,5,3,2,0,0,3
12,159,1,car,1,1,1,1,275,360,80,140,40,25,80,55,25,40,20,2,1,0,0,3
12,160,4,rail,1,1,1,1,275,420,80,130,45,20,80,35,15,40,15,2,3,0,0,3
12,161,1,car,1,1,1,1,250,420,60,140,50,20,110,55,20,35,25,3,1,0,0,3
12,162,4,rail,1,1,1,1,250,420,80,155,35,20,80,55,15,45,20,1,2,0,0,3
12,163,3,air,1,1,1,1,390,390,50,130,30,20,65,75,10,50,10,2,1,0,0,3
12,164,2,bus,1,1,1,1,390,390,50,140,35,15,110,75,5,50,20,3,1,0,0,3
12,165,4,rail,1,1,1,1,275,360,80,155,50,15,110,35,5,35,20,2,1,0,0,3
12,166,3,air,1,1,1,1,300,390,50,170,40,20,65,45,20,55,5,2,1,0,0,3
12,167,4,rail,1,1,1,1,345,345,70,130,45,25,110,45,20,35,10,3,1,0,0,3
12,168,2,bus,1,1,1,1,275,420,50,120,50,15,50,75,5,55,5,1,3,0,0,3
13,169,3,air,1,1,1,1,250,360,90,140,45,20,50,65,10,40,20,2,3,0,1,3
13,170,3,air,1,1,1,1,345,360,60,140,35,30,50,55,25,55,5,2,3,0,1,3
13,171,3,air,1,1,1,1,275,360,90,130,45,25,65,55,20,35,20,2,3,0,1,3
13,172,3,air,1,1,1,1,300,420,90,140,40,15,50,55,10,35,25,1,3,0,1,3
13,173,4,rail,1,1,1,1,250,300,70,120,45,35,65,75,20,50,10,1,2,0,1,3
13,174,4,rail,1,1,1,1,390,390,90,140,30,25,50,55,5,50,15,3,1,0,1,3
13,175,4,rail,1,1,1,1,345,345,90,130,40,35,65,35,10,40,20,3,1,0,1,3
13,176,4,rail,1,1,1,1,345,345,80,120,45,30,110,45,25,40,5,3,1,0,1,3
13,177,3,air,1,1,1,1,345,420,60,170,30,15,110,35,20,40,15,2,1,0,1,3
13,178,3,air,1,1,1,1,250,390,90,155,45,25,50,55,20,40,20,2,1,0,1,3
13,179,3,air,1,1,1,1,250,300,80,155,40,35,95,45,10,40,25,3,1,0,1,3
13,180,4,rail,1,1,1,1,300,300,60,155,45,35,110,65,5,50,20,1,3,0,1,3
13,181,4,rail,1,1,1,1,345,345,80,155,30,30,50,55,15,50,10,1,2,0,1,3
13,182,3,air,1,1,1,1,300,300,80,130,50,25,50,75,5,50,15,2,1,0,1,3
14,183,3,air,0,0,1,1,0,0,50,155,0,0,50,55,0,45,15,2,3,0,1,1
14,184,4,rail,0,0,1,1,0,0,60,130,0,0,110,45,0,40,10,3,1,0,1,1
14,185,4,rail,0,0,1,1,0,0,60,130,0,0,95,55,0,55,5,2,1,0,1,1
14,186,3,air,0,0,1,1,0,0,50,130,0,0,110,75,0,45,10,2,3,0,1,1
14,187,3,air,0,0,1,1,0,0,60,140,0,0,110,65,0,40,25,2,1,0,1,1
14,188,4,rail,0,0,1,1,0,0,80,120,0,0,80,45,0,45,10,3,1,0,1,1
14,189,3,air,0,0,1,1,0,0,60,170,0,0,65,45,0,55,15,3,2,0,1,1
14,190,3,air,0,0,1,1,0,0,60,140,0,0,50,65,0,55,5,3,1,0,1,1
14,191,4,rail,0,0,1,1,0,0,90,120,0,0,95,45,0,40,10,2,3,0,1,1
14,192,3,air,0,0,1,1,0,0,50,155,0,0,50,45,0,50,10,2,1,0,1,1
14,193,4,rail,0,0,1,1,0,0,70,120,0,0,110,65,0,40,25,1,3,0,1,1
14,194,3,air,0,0,1,1,0,0,70,140,0,0,95,65,0,45,20,3,1,0,1,1
14,195,3,air,0,0,1,1,0,0,50,140,0,0,65,75,0,55,10,1,3,0,1,1
14,196,3,air,0,0,1,1,0,0,90,140,0,0,50,35,0,55,5,2,3,0,1,1
15,197,4,rail,1,1,0,1,250,300,0,170,45,25,0,35,5,0,25,0,2,0,1,2
15,198,4,rail,1,1,0,1,275,390,0,140,50,25,0,35,20,0,15,0,3,0,1,2
15,199,1,car,1,1,0,1,390,390,0,130,40,25,0,75,5,0,15,0,1,0,1,2
15,200,4,rail,1,1,0,1,390,390,0,120,40,20,0,75,5,0,20,0,3,0,1,2
15,201,4,rail,1,1,0,1,300,360,0,170,40,25,0,35,15,0,5,0,3,0,1,2
15,202,1,car,1,1,0,1,345,345,0,155,30,35,0,55,15,0,20,0,3,0,1,2
15,203,4,rail,1,1,0,1,275,300,0,170,40,30,0,35,5,0,25,0,3,0,1,2
15,204,4,rail,1,1,0,1,300,330,0,130,50,30,0,75,15,0,5,0,2,0,1,2
15,205,1,car,1,1,0,1,250,360,0,170,30,30,0,55,25,0,20,0,3,0,1,2
15,206,4,rail,1,1,0,1,345,390,0,170,35,25,0,45,25,0,5,0,2,0,1,2
15,207,4,rail,1,1,0,1,275,330,0,155,50,30,0,55,20,0,20,0,1,0,1,2
15,208,4,rail,1,1,0,1,300,330,0,140,45,30,0,45,10,0,10,0,3,0,1,2
15,209,4,rail,1,1,0,1,345,390,0,140,30,15,0,65,5,0,20,0,3,0,1,2
15,210,4,rail,1,1,0,1,300,420,0,170,35,20,0,35,15,0,25,0,2,0,1,2
16,211,4,rail,1,1,0,1,250,330,0,140,30,35,0,65,25,0,15,0,1,1,1,4
16,212,4,rail,1,1,0,1,300,360,0,155,35,25,0,35,25,0,15,0,2,1,1,4
16,213,4,rail,1,1,0,1,300,390,0,155,35,25,0,45,15,0,15,0,3,1,1,4
16,214,4,rail,1,1,0,1,250,420,0,140,50,20,0,75,15,0,10,0,3,1,1,4
16,215,4,rail,1,1,0,1,390,420,0,130,30,20,0,65,20,0,25,0,1,1,1,4
16,216,4,rail,1,1,0,1,390,390,0,130,35,35,0,35,25,0,10,0,1,1,1,4
16,217,4,rail,1,1,0,1,300,330,0,120,45,35,0,65,25,0,5,0,1,1,1,4
16,218,4,rail,1,1,0,1,300,330,0,155,40,25,0,35,15,0,5,0,2,1,1,4
16,219,4,rail,1,1,0,1,390,390,0,120,30,35,0,55,5,0,15,0,1,1,1,4
16,220,4,rail,1,1,0,1,275,300,0,170,40,35,0,55,10,0,25,0,2,1,1,4
16,221,4,rail,1,1,0,1,345,345,0,170,35,35,0,45,25,0,5,0,2,1,1,4
16,222,1,car,1,1,0,1,275,390,0,155,50,25,0,55,15,0,15,0,2,1,1,4
16,223,4,rail,1,1,0,1,250,300,0,120,50,35,0,65,5,0,10,0,1,1,1,4
16,224,4,rail,1,1,0,1,345,345,0,155,40,30,0,45,20,0,5,0,2,1,1,4
17,225,2,bus,0,1,1,1,0,330,70,170,0,15,110,55,5,40,25,2,3,0,0,2
17,226,4,rail,0,1,1,1,0,390,70,155,0,15,80,35,25,55,5,1,1,0,0,2
17,227,2,bus,0,1,1,1,0,300,60,155,0,15,110,65,10,40,20,2,1,0,0,2
17,228,4,rail,0,1,1,1,0,390,60,155,0,35,95,65,10,45,15,2,3,0,0,2
17,229,4,rail,0,1,1,1,0,360,50,155,0,30,80,55,20,50,5,1,3,0,0,2
17,230,2,bus,0,1,1,1,0,360,60,120,0,25,110,65,15,45,20,3,2,0,0,2
17,231,4,rail,0,1,1,1,0,390,90,170,0,20,50,35,25,35,15,2,3,0,0,2
17,232,4,rail,0,1,1,1,0,360,70,170,0,30,65,35,10,50,15,2,3,0,0,2
17,233,4,rail,0,1,1,1,0,390,90,155,0,25,65,65,15,40,25,1,2,0,0,2
17,234,3,air,0,1,1,1,0,390,90,120,0,25,65,65,25,35,15,3,1,0,0,2
17,235,4,rail,0,1,1,1,0,330,70,120,0,25,80,55,25,50,5,1,3,0,0,2
17,236,4,rail,0,1,1,1,0,420,60,130,0,15,110,55,25,35,15,2,1,0,0,2
17,237,4,rail,0,1,1,1,0,390,50,170,0,25,50,45,10,55,5,2,1,0,0,2
17,238,4,rail,0,1,1,1,0,300,80,140,0,30,80,75,15,40,20,1,2,0,0,2
18,239,3,air,1,1,1,1,250,330,80,130,50,30,50,55,15,55,10,2,1,1,0,4
18,240,4,rail,1,1,1,1,275,360,70,120,50,25,65,65,10,50,10,1,2,1,0,4
18,241,4,rail,1,1,1,1,300,330,70,140,30,35,95,75,15,50,25,1,2,1,0,4
18,242,4,rail,1,1,1,1,390,390,80,130,30,30,80,65,10,35,25,1,3,1,0,4
18,243,2,bus,1,1,1,1,300,390,70,130,40,15,95,75,5,50,10,2,3,1,0,4
18,244,4,rail,1,1,1,1,275,420,80,170,30,20,95,35,20,35,25,3,2,1,0,4
18,245,1,car,1,1,1,1,300,420,50,155,40,20,110,65,5,50,20,2,1,1,0,4
18,246,4,rail,1,1,1,1,345,420,60,170,35,20,110,35,25,45,15,2,1,1,0,4
18,247,4,rail,1,1,1,1,250,360,60,170,40,30,95,45,25,45,10,1,2,1,0,4
18,248,1,car,1,1,1,1,250,420,50,155,40,15,95,75,10,40,25,1,2,1,0,4
18,249,4,rail,1,1,1,1,345,390,90,155,35,15,65,35,10,50,10,3,1,1,0,4
18,250,1,car,1,1,1,1,390,390,50,170,35,15,95,35,5,40,25,2,3,1,0,4
18,251,3,air,1,1,1,1,250,420,90,140,45,15,50,65,20,35,25,3,2,1,0,4
18,252,4,rail,1,1,1,1,300,300,50,170,40,30,65,65,5,50,25,1,2,1,0,4
19,253,1,car,1,0,1,1,345,0,60,120,45,0,95,45,0,50,5,3,1,0,0,4
19,254,1,car,1,0,1,1,250,0,90,120,45,0,50,75,0,50,5,1,2,0,0,4
19,255,1,car,1,0,1,1,300,0,50,130,45,0,110,75,0,45,15,2,3,0,0,4
19,256,1,car,1,0,1,1,390,0,90,130,30,0,65,65,0,35,20,3,1,0,0,4
19,257,1,car,1,0,1,1,250,0,80,155,45,0,65,45,0,50,20,3,1,0,0,4
19,258,3,air,1,0,1,1,390,0,60,155,40,0,110,65,0,35,25,2,1,0,0,4
19,259,4,rail,1,0,1,1,250,0,80,155,45,0,50,65,0,45,15,1,3,0,0,4
19,260,4,rail,1,0,1,1,275,0,50,155,50,0,80,35,0,50,10,1,3,0,0,4
19,261,4,rail,1,0,1,1,345,0,50,155,50,0,80,45,0,55,5,2,3,0,0,4
19,262,1,car,1,0,1,1,390,0,50,120,35,0,95,75,0,35,15,1,2,0,0,4
19,263,1,car,1,0,1,1,300,0,80,155,30,0,95,45,0,45,25,3,1,0,0,4
19,264,1,car,1,0,1,1,300,0,90,155,35,0,65,45,0,35,20,3,1,0,0,4
19,265,4,rail,1,0,1,1,250,0,90,120,50,0,65,55,0,35,25,3,2,0,0,4
19,266,4,rail,1,0,1,1,390,0,70,120,35,0,95,55,0,45,10,1,1,0,0,4
20,267,3,air,0,1,1,1,0,390,90,130,0,35,50,75,20,35,25,1,2,0,0,1
20,268,4,rail,0,1,1,1,0,300,80,170,0,35,110,55,10,40,25,3,2,0,0,1
20,269,4,rail,0,1,1,1,0,345,90,130,0,25,50,35,10,55,5,2,3,0,0,1
20,270,4,rail,0,1,1,1,0,330,80,120,0,35,95,55,20,45,5,1,3,0,0,1
20,271,4,rail,0,1,1,1,0,420,60,170,0,15,65,45,15,55,10,1,2,0,0,1
20,272,4,rail,0,1,1,1,0,420,80,120,0,20,80,75,15,50,10,1,2,0,0,1
20,273,4,rail,0,1,1,1,0,360,80,120,0,20,80,45,5,40,20,3,2,0,0,1
20,274,4,rail,0,1,1,1,0,360,90,170,0,30,80,35,15,35,20,2,3,0,0,1
20,275,4,rail,0,1,1,1,0,420,70,120,0,25,95,45,20,50,15,1,3,0,0,1
20,276,4,rail,0,1,1,1,0,360,80,120,0,30,95,45,15,35,20,1,2,0,0,1
20,277,4,rail,0,1,1,1,0,300,80,170,0,30,50,35,10,55,5,2,3,0,0,1
20,278,4,rail,0,1,1,1,0,360,50,130,0,15,110,65,20,45,15,2,3,0,0,1
20,279,2,bus,0,1,1,1,0,360,60,140,0,25,110,75,25,50,5,3,2,0,0,1
20,280,4,rail,0,1,1,1,0,420,60,130,0,20,65,65,20,50,10,1,2,0,0,1
21,281,4,rail,1,1,0,1,390,390,0,170,40,30,0,35,10,0,5,0,2,1,1,1
21,282,4,rail,1,1,0,1,390,420,0,140,30,20,0,55,15,0,5,0,1,1,1,1
21,283,1,car,1,1,0,1,250,420,0,120,50,15,0,75,25,0,5,0,3,1,1,1
21,284,1,car,1,1,0,1,300,390,0,155,30,20,0,75,5,0,25,0,2,1,1,1
21,285,4,rail,1,1,0,1,250,330,0,170,40,35,0,35,10,0,25,0,2,1,1,1
21,286,1,car,1,1,0,1,275,420,0,130,30,20,0,75,25,0,25,0,2,1,1,1
21,287,4,rail,1,1,0,1,275,300,0,170,45,30,0,35,25,0,10,0,2,1,1,1
21,288,4,rail,1,1,0,1,390,420,0,140,35,15,0,55,10,0,10,0,1,1,1,1
21,289,1,car,1,1,0,1,345,360,0,140,35,30,0,45,5,0,25,0,3,1,1,1
21,290,4,rail,1,1,0,1,345,390,0,120,45,25,0,35,25,0,5,0,1,1,1,1
21,291,1,car,1,1,0,1,250,390,0,130,50,20,0,75,15,0,15,0,3,1,1,1
21,292,4,rail,1,1,0,1,390,390,0,170,30,35,0,35,5,0,25,0,3,1,1,1
21,293,1,car,1,1,0,1,275,330,0,140,45,30,0,65,15,0,15,0,2,1,1,1
21,294,4,rail,1,1,0,1,300,420,0,140,45,25,0,55,15,0,10,0,3,1,1,1
22,295,3,air,0,1,1,1,0,345,90,130,0,30,50,55,15,35,20,2,3,1,1,4
22,296,4,rail,0,1,1,1,0,390,70,140,0,35,95,45,5,45,20,3,1,1,1,4
22,297,3,air,0,1,1,1,0,390,80,130,0,20,50,65,25,55,5,3,2,1,1,4
22,298,3,air,0,1,1,1,0,360,80,140,0,25,80,55,25,40,20,2,1,1,1,4
22,299,3,air,0,1,1,1,0,420,80,130,0,20,80,35,15,40,15,2,3,1,1,4
22,300,3,air,0,1,1,1,0,420,60,140,0,20,110,55,20,35,25,3,1,1,1,4
22,301,3,air,0,1,1,1,0,420,50,130,0,20,65,75,20,55,10,1,2,1,1,4
22,302,4,rail,0,1,1,1,0,420,80,155,0,20,80,55,15,45,20,1,2,1,1,4
22,303,4,rail,0,1,1,1,0,300,80,140,0,30,95,45,20,35,20,3,2,1,1,4
22,304,3,air,0,1,1,1,0,390,50,130,0,20,65,75,10,50,10,2,1,1,1,4
22,305,3,air,0,1,1,1,0,360,80,155,0,15,110,35,5,35,20,2,1,1,1,4
22,306,3,air,0,1,1,1,0,390,50,170,0,20,65,45,20,55,5,2,1,1,1,4
22,307,4,rail,0,1,1,1,0,345,70,130,0,25,110,45,20,35,10,3,1,1,1,4
22,308,3,air,0,1,1,1,0,420,50,120,0,15,50,75,5,55,5,1,3,1,1,4
23,309,3,air,1,1,1,1,250,360,90,140,45,20,50,65,10,40,20,2,3,1,0,1
23,310,3,air,1,1,1,1,345,360,60,140,35,30,50,55,25,55,5,2,3,1,0,1
23,311,1,car,1,1,1,1,275,360,90,130,45,25,65,55,20,35,20,2,3,1,0,1
23,312,3,air,1,1,1,1,300,420,90,140,40,15,50,55,10,35,25,1,3,1,0,1
23,313,2,bus,1,1,1,1,250,300,70,120,45,35,65,75,20,50,10,1,2,1,0,1
23,314,3,air,1,1,1,1,390,390,90,140,30,25,50,55,5,50,15,3,1,1,0,1
23,315,4,rail,1,1,1,1,345,345,90,130,40,35,65,35,10,40,20,3,1,1,0,1
23,316,4,rail,1,1,1,1,345,345,80,120,45,30,110,45,25,40,5,3,1,1,0,1
23,317,4,rail,1,1,1,1,345,420,60,170,30,15,110,35,20,40,15,2,1,1,0,1
23,318,3,air,1,1,1,1,250,390,90,155,45,25,50,55,20,40,20,2,1,1,0,1
23,319,2,bus,1,1,1,1,250,300,80,155,40,35,95,45,10,40,25,3,1,1,0,1
23,320,4,rail,1,1,1,1,300,300,60,155,45,35,110,65,5,50,20,1,3,1,0,1
23,321,3,air,1,1,1,1,345,345,80,155,30,30,50,55,15,50,10,1,2,1,0,1
23,322,2,bus,1,1,1,1,300,300,80,130,50,25,50,75,5,50,15,2,1,1,0,1
24,323,3,air,1,1,1,1,390,390,50,155,35,20,50,55,15,45,15,2,3,1,0,4
24,324,4,rail,1,1,1,1,345,390,60,130,40,25,110,45,25,40,10,3,1,1,0,4
24,325,1,car,1,1,1,1,390,420,60,130,30,20,95,55,25,55,5,2,1,1,0,4
24,326,4,rail,1,1,1,1,345,390,50,140,40,25,80,45,20,50,10,3,2,1,0,4
24,327,4,rail,1,1,1,1,300,420,50,130,50,15,110,75,20,45,10,2,3,1,0,4
24,328,1,car,1,1,1,1,390,420,60,140,30,15,110,65,5,40,25,2,1,1,0,4
24,329,4,rail,1,1,1,1,345,345,80,120,40,35,80,45,25,45,10,3,1,1,0,4
24,330,4,rail,1,1,1,1,345,360,90,120,45,30,95,45,25,40,10,2,3,1,0,4
24,331,3,air,1,1,1,1,275,360,50,155,50,30,50,45,15,50,10,2,1,1,0,4
24,332,4,rail,1,1,1,1,250,360,70,170,35,20,95,45,5,40,25,3,2,1,0,4
24,333,4,rail,1,1,1,1,390,390,70,120,30,15,110,65,10,40,25,1,3,1,0,4
24,334,1,car,1,1,1,1,250,330,70,140,50,15,95,65,10,45,20,3,1,1,0,4
24,335,4,rail,1,1,1,1,390,390,50,140,30,35,65,75,10,55,10,1,3,1,0,4
24,336,4,rail,1,1,1,1,345,360,90,140,40,25,50,35,20,55,5,2,3,1,0,4
25,337,4,rail,1,1,1,1,250,300,70,170,45,25,80,35,5,35,25,3,2,0,0,1
25,338,4,rail,1,1,1,1,275,390,70,140,50,25,80,35,20,40,15,1,3,0,0,1
25,339,1,car,1,1,1,1,390,390,60,130,40,25,110,75,5,50,15,2,1,0,0,1
25,340,2,bus,1,1,1,1,390,390,60,120,40,20,110,75,5,45,20,1,3,0,0,1
25,341,1,car,1,1,1,1,300,360,80,170,40,25,50,35,15,55,5,2,3,0,0,1
25,342,4,rail,1,1,1,1,275,300,70,170,40,30,65,35,5,45,25,1,3,0,0,1
25,343,2,bus,1,1,1,1,345,345,90,130,35,35,50,65,20,35,20,2,3,0,0,1
25,344,2,bus,1,1,1,1,300,330,50,130,50,30,65,75,15,55,5,3,2,0,0,1
25,345,1,car,1,1,1,1,250,360,60,170,30,30,95,55,25,45,20,1,3,0,0,1
25,346,3,air,1,1,1,1,345,390,50,170,35,25,50,45,25,55,5,3,2,0,0,1
25,347,1,car,1,1,1,1,275,330,80,155,50,30,65,55,20,35,20,2,1,0,0,1
25,348,4,rail,1,1,1,1,300,330,60,140,45,30,80,45,10,55,10,1,3,0,0,1
25,349,1,car,1,1,1,1,250,330,60,120,50,30,110,75,25,45,10,3,2,0,0,1
25,350,4,rail,1,1,1,1,300,420,90,170,35,20,65,35,15,35,25,3,2,0,0,1
26,351,1,car,1,1,1,1,250,330,90,140,30,35,80,65,25,35,15,2,1,0,1,3
26,352,4,rail,1,1,1,1,300,360,70,155,35,25,80,35,25,45,15,1,2,0,1,3
26,353,1,car,1,1,1,1,250,420,60,140,50,20,95,75,15,45,10,1,3,0,1,3
26,354,3,air,1,1,1,1,275,390,70,140,35,15,95,65,5,35,20,2,3,0,1,3
26,355,3,air,1,1,1,1,390,420,50,130,30,20,80,65,20,35,25,2,1,0,1,3
26,356,4,rail,1,1,1,1,390,390,70,130,35,35,110,35,25,45,10,3,1,0,1,3
26,357,3,air,1,1,1,1,300,330,90,120,45,35,50,65,25,55,5,3,1,0,1,3
26,358,4,rail,1,1,1,1,300,330,80,155,40,25,50,35,15,50,5,1,2,0,1,3
26,359,4,rail,1,1,1,1,390,390,90,120,30,35,80,55,5,45,15,3,1,0,1,3
26,360,1,car,1,1,1,1,275,300,80,170,40,35,80,55,10,40,25,1,2,0,1,3
26,361,4,rail,1,1,1,1,345,345,70,170,35,35,50,45,25,55,5,3,2,0,1,3
26,362,4,rail,1,1,1,1,275,390,60,155,50,25,65,55,15,50,15,3,2,0,1,3
26,363,3,air,1,1,1,1,250,300,50,120,50,35,95,65,5,50,10,2,1,0,1,3
26,364,4,rail,1,1,1,1,345,345,60,155,40,30,65,45,20,55,5,1,2,0,1,3
27,365,4,rail,1,1,0,1,275,330,0,170,45,15,0,55,5,0,25,0,3,1,0,4
27,366,1,car,1,1,0,1,275,390,0,155,45,15,0,35,25,0,5,0,1,1,0,4
27,367,4,rail,1,1,0,1,300,300,0,155,45,15,0,65,10,0,20,0,1,1,0,4
27,368,4,rail,1,1,0,1,390,390,0,155,35,35,0,65,10,0,15,0,3,1,0,4
27,369,1,car,1,1,0,1,275,360,0,155,40,30,0,55,20,0,5,0,3,1,0,4
27,370,1,car,1,1,0,1,250,360,0,120,50,25,0,65,15,0,20,0,2,1,0,4
27,371,1,car,1,1,0,1,250,390,0,170,45,20,0,35,25,0,15,0,3,1,0,4
27,372,1,car,1,1,0,1,275,390,0,155,30,25,0,65,15,0,25,0,2,1,0,4
27,373,4,rail,1,1,0,1,390,390,0,120,30,25,0,65,25,0,15,0,1,1,0,4
27,374,4,rail,1,1,0,1,275,330,0,120,50,25,0,55,25,0,5,0,3,1,0,4
27,375,1,car,1,1,0,1,390,420,0,130,35,15,0,55,25,0,15,0,1,1,0,4
27,376,4,rail,1,1,0,1,300,390,0,170,45,25,0,45,10,0,5,0,1,1,0,4
27,377,1,car,1,1,0,1,345,345,0,140,30,35,0,65,5,0,15,0,1,1,0,4
27,378,2,bus,1,1,0,1,250,300,0,140,40,30,0,75,15,0,20,0,2,1,0,4
28,379,3,air,0,0,1,1,0,0,80,130,0,0,50,55,0,55,10,2,1,0,0,4
28,380,4,rail,0,0,1,1,0,0,70,120,0,0,65,65,0,50,10,1,2,0,0,4
28,381,4,rail,0,0,1,1,0,0,70,140,0,0,95,75,0,50,25,1,2,0,0,4
28,382,3,air,0,0,1,1,0,0,70,130,0,0,95,75,0,50,10,2,3,0,0,4
28,383,4,rail,0,0,1,1,0,0,70,120,0,0,95,35,0,50,10,3,2,0,0,4
28,384,4,rail,0,0,1,1,0,0,80,170,0,0,95,35,0,35,25,3,2,0,0,4
28,385,4,rail,0,0,1,1,0,0,50,155,0,0,110,65,0,50,20,2,1,0,0,4
28,386,4,rail,0,0,1,1,0,0,60,170,0,0,110,35,0,45,15,2,1,0,0,4
28,387,4,rail,0,0,1,1,0,0,60,170,0,0,95,45,0,45,10,1,2,0,0,4
28,388,4,rail,0,0,1,1,0,0,90,155,0,0,65,35,0,50,10,3,1,0,0,4
28,389,4,rail,0,0,1,1,0,0,50,170,0,0,95,35,0,40,25,2,3,0,0,4
28,390,3,air,0,0,1,1,0,0,90,140,0,0,50,65,0,35,25,3,2,0,0,4
28,391,4,rail,0,0,1,1,0,0,90,170,0,0,65,35,0,35,25,3,2,0,0,4
28,392,3,air,0,0,1,1,0,0,50,170,0,0,65,65,0,50,25,1,2,0,0,4
29,393,1,car,1,1,1,0,390,390,70,0,30,15,95,0,10,45,0,2,0,0,0,4
29,394,1,car,1,1,1,0,345,345,60,0,45,35,95,0,25,50,0,3,0,0,0,4
29,395,1,car,1,1,1,0,250,390,90,0,45,20,50,0,20,50,0,1,0,0,0,4
29,396,1,car,1,1,1,0,300,420,50,0,45,15,110,0,10,45,0,2,0,0,0,4
29,397,1,car,1,1,1,0,250,390,80,0,45,15,65,0,10,50,0,3,0,0,0,4
29,398,1,car,1,1,1,0,390,390,60,0,40,15,110,0,10,35,0,2,0,0,0,4
29,399,3,air,1,1,1,0,250,330,80,0,45,30,50,0,10,45,0,1,0,0,0,4
29,400,1,car,1,1,1,0,275,390,90,0,40,15,80,0,5,40,0,3,0,0,0,4
29,401,1,car,1,1,1,0,275,420,50,0,50,20,80,0,15,50,0,1,0,0,0,4
29,402,3,air,1,1,1,0,345,360,50,0,50,30,80,0,20,55,0,2,0,0,0,4
29,403,1,car,1,1,1,0,390,390,50,0,35,35,95,0,25,35,0,1,0,0,0,4
29,404,1,car,1,1,1,0,300,390,80,0,30,15,95,0,5,45,0,3,0,0,0,4
29,405,3,air,1,1,1,0,300,330,90,0,35,30,65,0,15,35,0,3,0,0,0,4
29,406,1,car,1,1,1,0,390,390,70,0,35,35,95,0,20,45,0,1,0,0,0,4
30,407,3,air,1,0,1,1,390,0,90,130,35,0,50,75,0,35,25,1,2,1,0,3
30,408,1,car,1,0,1,1,300,0,80,170,30,0,110,55,0,40,25,3,2,1,0,3
30,409,4,rail,1,0,1,1,345,0,90,130,45,0,50,35,0,55,5,2,3,1,0,3
30,410,4,rail,1,0,1,1,300,0,80,120,45,0,95,55,0,45,5,1,3,1,0,3
30,411,1,car,1,0,1,1,345,0,60,170,30,0,65,45,0,55,10,1,2,1,0,3
30,412,1,car,1,0,1,1,345,0,80,120,30,0,80,75,0,50,10,1,2,1,0,3
30,413,4,rail,1,0,1,1,250,0,80,120,50,0,80,45,0,40,20,3,2,1,0,3
30,414,1,car,1,0,1,1,275,0,90,170,35,0,80,35,0,35,20,2,3,1,0,3
30,415,1,car,1,0,1,1,275,0,70,120,50,0,95,45,0,50,15,1,3,1,0,3
30,416,4,rail,1,0,1,1,275,0,80,120,50,0,95,45,0,35,20,1,2,1,0,3
30,417,4,rail,1,0,1,1,300,0,80,170,45,0,50,35,0,55,5,2,3,1,0,3
30,418,1,car,1,0,1,1,275,0,50,130,50,0,110,65,0,45,15,2,3,1,0,3
30,419,4,rail,1,0,1,1,345,0,60,140,30,0,110,75,0,50,5,3,2,1,0,3
30,420,3,air,1,0,1,1,390,0,60,140,35,0,50,55,0,55,5,3,1,1,0,3
31,421,4,rail,1,1,0,1,390,390,0,170,40,30,0,35,10,0,5,0,2,1,1,3
31,422,4,rail,1,1,0,1,390,420,0,140,30,20,0,55,15,0,5,0,1,1,1,3
31,423,4,rail,1,1,0,1,250,420,0,120,50,15,0,75,25,0,5,0,3,1,1,3
31,424,4,rail,1,1,0,1,300,390,0,155,30,20,0,75,5,0,25,0,2,1,1,3
31,425,1,car,1,1,0,1,275,420,0,130,30,20,0,75,25,0,25,0,2,1,1,3
31,426,4,rail,1,1,0,1,275,300,0,170,45,30,0,35,25,0,10,0,2,1,1,3
31,427,4,rail,1,1,0,1,275,300,0,120,50,35,0,75,5,0,15,0,3,1,1,3
31,428,1,car,1,1,0,1,250,330,0,170,45,20,0,45,10,0,20,0,2,1,1,3
31,429,4,rail,1,1,0,1,390,420,0,140,35,15,0,55,10,0,10,0,1,1,1,3
31,430,4,rail,1,1,0,1,345,360,0,140,35,30,0,45,5,0,25,0,3,1,1,3
31,431,4,rail,1,1,0,1,345,390,0,120,45,25,0,35,25,0,5,0,1,1,1,3
31,432,4,rail,1,1,0,1,250,390,0,130,50,20,0,75,15,0,15,0,3,1,1,3
31,433,4,rail,1,1,0,1,390,390,0,170,30,35,0,35,5,0,25,0,3,1,1,3
31,434,1,car,1,1,0,1,275,330,0,140,45,30,0,65,15,0,15,0,2,1,1,3
32,435,4,rail,1,1,1,1,300,330,70,170,40,25,80,35,15,35,25,3,2,0,0,1
32,436,1,car,1,1,1,1,345,345,90,130,40,30,50,55,15,35,20,2,3,0,0,1
32,437,4,rail,1,1,1,1,390,390,70,140,35,35,95,45,5,45,20,3,1,0,0,1
32,438,1,car,1,1,1,1,345,390,80,130,35,20,50,65,25,55,5,3,2,0,0,1
32,439,1,car,1,1,1,1,275,360,80,140,40,25,80,55,25,40,20,2,1,0,0,1
32,440,1,car,1,1,1,1,250,420,60,140,50,20,110,55,20,35,25,3,1,0,0,1
32,441,3,air,1,1,1,1,390,420,50,130,30,20,65,75,20,55,10,1,2,0,0,1
32,442,1,car,1,1,1,1,250,420,80,155,35,20,80,55,15,45,20,1,2,0,0,1
32,443,1,car,1,1,1,1,300,300,80,140,35,30,95,45,20,35,20,3,2,0,0,1
32,444,1,car,1,1,1,1,390,390,50,140,35,15,110,75,5,50,20,3,1,0,0,1
32,445,4,rail,1,1,1,1,275,360,80,155,50,15,110,35,5,35,20,2,1,0,0,1
32,446,4,rail,1,1,1,1,300,390,50,170,40,20,65,45,20,55,5,2,1,0,0,1
32,447,4,rail,1,1,1,1,345,345,70,130,45,25,110,45,20,35,10,3,1,0,0,1
32,448,1,car,1,1,1,1,275,420,50,120,50,15,50,75,5,55,5,1,3,0,0,1
33,449,3,air,1,1,1,1,250,360,90,140,45,20,50,65,10,40,20,2,3,1,0,3
33,450,4,rail,1,1,1,1,345,360,60,140,35,30,50,55,25,55,5,2,3,1,0,3
33,451,1,car,1,1,1,1,275,360,90,130,45,25,65,55,20,35,20,2,3,1,0,3
33,452,3,air,1,1,1,1,300,420,90,140,40,15,50,55,10,35,25,1,3,1,0,3
33,453,3,air,1,1,1,1,250,300,70,120,45,35,65,75,20,50,10,1,2,1,0,3
33,454,3,air,1,1,1,1,390,390,90,140,30,25,50,55,5,50,15,3,1,1,0,3
33,455,4,rail,1,1,1,1,345,345,90,130,40,35,65,35,10,40,20,3,1,1,0,3
33,456,4,rail,1,1,1,1,345,345,80,120,45,30,110,45,25,40,5,3,1,1,0,3
33,457,4,rail,1,1,1,1,345,420,60,170,30,15,110,35,20,40,15,2,1,1,0,3
33,458,3,air,1,1,1,1,250,390,90,155,45,25,50,55,20,40,20,2,1,1,0,3
33,459,1,car,1,1,1,1,250,300,80,155,40,35,95,45,10,40,25,3,1,1,0,3
33,460,1,car,1,1,1,1,300,300,60,155,45,35,110,65,5,50,20,1,3,1,0,3
33,461,2,bus,1,1,1,1,275,360,70,120,50,20,110,75,25,40,15,1,3,1,0,3
33,462,3,air,1,1,1,1,300,300,80,130,50,25,50,75,5,50,15,2,1,1,0,3
34,463,4,rail,1,1,0,1,390,390,0,155,35,20,0,55,15,0,15,0,3,0,1,2
34,464,4,rail,1,1,0,1,345,390,0,130,40,25,0,45,25,0,10,0,1,0,1,2
34,465,4,rail,1,1,0,1,390,420,0,130,30,20,0,55,25,0,5,0,1,0,1,2
34,466,4,rail,1,1,0,1,345,390,0,140,40,25,0,45,20,0,10,0,2,0,1,2
34,467,4,rail,1,1,0,1,390,420,0,140,30,15,0,65,5,0,25,0,1,0,1,2
34,468,4,rail,1,1,0,1,345,345,0,120,40,35,0,45,25,0,10,0,1,0,1,2
34,469,4,rail,1,1,0,1,300,390,0,170,40,25,0,45,20,0,15,0,2,0,1,2
34,470,4,rail,1,1,0,1,300,390,0,140,50,15,0,65,10,0,5,0,1,0,1,2
34,471,4,rail,1,1,0,1,275,360,0,155,50,30,0,45,15,0,10,0,1,0,1,2
34,472,1,car,1,1,0,1,250,360,0,170,35,20,0,45,5,0,25,0,2,0,1,2
34,473,4,rail,1,1,0,1,390,390,0,120,30,15,0,65,10,0,25,0,3,0,1,2
34,474,1,car,1,1,0,1,250,330,0,140,50,15,0,65,10,0,20,0,1,0,1,2
34,475,4,rail,1,1,0,1,390,390,0,140,30,35,0,75,10,0,10,0,3,0,1,2
34,476,4,rail,1,1,0,1,345,360,0,140,40,25,0,35,20,0,5,0,3,0,1,2
35,477,1,car,1,1,1,1,275,390,70,140,50,25,80,35,20,40,15,1,3,1,0,3
35,478,1,car,1,1,1,1,390,390,60,130,40,25,110,75,5,50,15,2,1,1,0,3
35,479,4,rail,1,1,1,1,390,390,60,120,40,20,110,75,5,45,20,1,3,1,0,3
35,480,4,rail,1,1,1,1,300,360,80,170,40,25,50,35,15,55,5,2,3,1,0,3
35,481,1,car,1,1,1,1,345,345,70,155,30,35,95,55,15,40,20,1,3,1,0,3
35,482,3,air,1,1,1,1,275,300,70,170,40,30,65,35,5,45,25,1,3,1,0,3
35,483,1,car,1,1,1,1,345,345,90,130,35,35,50,65,20,35,20,2,3,1,0,3
35,484,3,air,1,1,1,1,300,330,50,130,50,30,65,75,15,55,5,3,2,1,0,3
35,485,1,car,1,1,1,1,250,360,60,170,30,30,95,55,25,45,20,1,3,1,0,3
35,486,4,rail,1,1,1,1,345,390,50,170,35,25,50,45,25,55,5,3,2,1,0,3
35,487,3,air,1,1,1,1,275,330,80,155,50,30,65,55,20,35,20,2,1,1,0,3
35,488,4,rail,1,1,1,1,300,330,60,140,45,30,80,45,10,55,10,1,3,1,0,3
35,489,4,rail,1,1,1,1,345,390,70,140,30,15,95,65,5,45,20,1,3,1,0,3
35,490,1,car,1,1,1,1,300,420,90,170,35,20,65,35,15,35,25,3,2,1,0,3
36,491,4,rail,0,0,1,1,0,0,90,140,0,0,80,65,0,35,15,2,1,0,0,2
36,492,4,rail,0,0,1,1,0,0,70,155,0,0,80,35,0,45,15,1,2,0,0,2
36,493,3,air,0,0,1,1,0,0,80,155,0,0,65,45,0,45,15,1,3,0,0,2
36,494,4,rail,0,0,1,1,0,0,60,140,0,0,95,75,0,45,10,1,3,0,0,2
36,495,3,air,0,0,1,1,0,0,50,130,0,0,80,65,0,35,25,2,1,0,0,2
36,496,4,rail,0,0,1,1,0,0,70,130,0,0,110,35,0,45,10,3,1,0,0,2
36,497,3,air,0,0,1,1,0,0,90,120,0,0,50,65,0,55,5,3,1,0,0,2
36,498,4,rail,0,0,1,1,0,0,80,155,0,0,50,35,0,50,5,1,2,0,0,2
36,499,3,air,0,0,1,1,0,0,90,120,0,0,80,55,0,45,15,3,1,0,0,2
36,500,4,rail,0,0,1,1,0,0,80,170,0,0,80,55,0,40,25,1,2,0,0,2
36,501,4,rail,0,0,1,1,0,0,70,170,0,0,50,45,0,55,5,3,2,0,0,2
36,502,4,rail,0,0,1,1,0,0,50,120,0,0,80,75,0,40,10,3,2,0,0,2
36,503,4,rail,0,0,1,1,0,0,50,120,0,0,95,65,0,50,10,2,1,0,0,2
36,504,3,air,0,0,1,1,0,0,60,155,0,0,65,45,0,55,5,1,2,0,0,2
37,505,4,rail,1,1,0,1,275,330,0,120,50,35,0,45,20,0,5,0,1,0,1,3
37,506,4,rail,1,1,0,1,275,330,0,170,45,15,0,55,5,0,25,0,3,0,1,3
37,507,4,rail,1,1,0,1,275,390,0,155,45,15,0,35,25,0,5,0,1,0,1,3
37,508,1,car,1,1,0,1,300,300,0,155,45,15,0,65,10,0,20,0,1,0,1,3
37,509,1,car,1,1,0,1,390,390,0,155,35,35,0,65,10,0,15,0,3,0,1,3
37,510,4,rail,1,1,0,1,275,360,0,155,40,30,0,55,20,0,5,0,3,0,1,3
37,511,1,car,1,1,0,1,250,360,0,120,50,25,0,65,15,0,20,0,2,0,1,3
37,512,4,rail,1,1,0,1,275,360,0,170,40,30,0,35,10,0,15,0,3,0,1,3
37,513,4,rail,1,1,0,1,275,390,0,155,30,25,0,65,15,0,25,0,2,0,1,3
37,514,1,car,1,1,0,1,390,390,0,120,30,25,0,65,25,0,15,0,1,0,1,3
37,515,4,rail,1,1,0,1,390,420,0,130,35,15,0,55,25,0,15,0,1,0,1,3
37,516,1,car,1,1,0,1,300,390,0,170,45,25,0,45,10,0,5,0,1,0,1,3
37,517,4,rail,1,1,0,1,345,345,0,140,30,35,0,65,5,0,15,0,1,0,1,3
37,518,1,car,1,1,0,1,250,300,0,140,40,30,0,75,15,0,20,0,2,0,1,3
38,519,3,air,1,1,1,1,250,330,80,130,50,30,50,55,15,55,10,2,1,1,0,3
38,520,4,rail,1,1,1,1,275,360,70,120,50,25,65,65,10,50,10,1,2,1,0,3
38,521,1,car,1,1,1,1,300,330,70,140,30,35,95,75,15,50,25,1,2,1,0,3
38,522,4,rail,1,1,1,1,390,390,80,130,30,30,80,65,10,35,25,1,3,1,0,3
38,523,4,rail,1,1,1,1,300,390,70,120,45,25,95,35,20,50,10,3,2,1,0,3
38,524,4,rail,1,1,1,1,275,420,80,170,30,20,95,35,20,35,25,3,2,1,0,3
38,525,1,car,1,1,1,1,300,420,50,155,40,20,110,65,5,50,20,2,1,1,0,3
38,526,1,car,1,1,1,1,345,420,60,170,35,20,110,35,25,45,15,2,1,1,0,3
38,527,4,rail,1,1,1,1,250,360,60,170,40,30,95,45,25,45,10,1,2,1,0,3
38,528,4,rail,1,1,1,1,345,390,90,155,35,15,65,35,10,50,10,3,1,1,0,3
38,529,4,rail,1,1,1,1,390,390,50,170,35,15,95,35,5,40,25,2,3,1,0,3
38,530,1,car,1,1,1,1,250,420,90,140,45,15,50,65,20,35,25,3,2,1,0,3
38,531,4,rail,1,1,1,1,250,390,90,170,40,20,65,35,15,35,25,3,2,1,0,3
38,532,2,bus,1,1,1,1,300,300,50,170,40,30,65,65,5,50,25,1,2,1,0,3
39,533,4,rail,1,1,0,1,390,390,0,130,30,15,0,75,10,0,15,0,3,1,1,3
39,534,4,rail,1,1,0,1,345,345,0,120,45,35,0,45,25,0,5,0,1,1,1,3
39,535,4,rail,1,1,0,1,300,420,0,130,45,15,0,75,10,0,15,0,3,1,1,3
39,536,4,rail,1,1,0,1,390,420,0,130,30,15,0,65,20,0,20,0,1,1,1,3
39,537,4,rail,1,1,0,1,250,390,0,155,45,15,0,45,10,0,20,0,1,1,1,3
39,538,4,rail,1,1,0,1,390,390,0,155,40,15,0,65,10,0,25,0,1,1,1,3
39,539,4,rail,1,1,0,1,250,330,0,155,45,30,0,65,10,0,15,0,3,1,1,3
39,540,1,car,1,1,0,1,275,390,0,130,40,15,0,65,5,0,20,0,1,1,1,3
39,541,1,car,1,1,0,1,275,420,0,155,50,20,0,35,15,0,10,0,3,1,1,3
39,542,1,car,1,1,0,1,345,360,0,155,50,30,0,45,20,0,5,0,3,1,1,3
39,543,1,car,1,1,0,1,300,390,0,155,30,15,0,45,5,0,25,0,1,1,1,3
39,544,4,rail,1,1,0,1,300,330,0,155,35,30,0,45,15,0,20,0,1,1,1,3
39,545,4,rail,1,1,0,1,250,360,0,120,50,30,0,55,25,0,25,0,2,1,1,3
39,546,4,rail,1,1,0,1,390,390,0,120,35,35,0,55,20,0,10,0,1,1,1,3
40,547,1,car,1,1,1,1,300,300,80,170,30,35,110,55,10,40,25,3,2,0,0,3
40,548,4,rail,1,1,1,1,345,345,90,130,45,25,50,35,10,55,5,2,3,0,0,3
40,549,3,air,1,1,1,1,390,390,50,155,35,35,80,55,5,55,15,2,1,0,0,3
40,550,4,rail,1,1,1,1,300,330,80,120,45,35,95,55,20,45,5,1,3,0,0,3
40,551,1,car,1,1,1,1,345,420,60,170,30,15,65,45,15,55,10,1,2,0,0,3
40,552,4,rail,1,1,1,1,345,420,80,120,30,20,80,75,15,50,10,1,2,0,0,3
40,553,4,rail,1,1,1,1,250,360,80,120,50,20,80,45,5,40,20,3,2,0,0,3
40,554,4,rail,1,1,1,1,275,360,90,170,35,30,80,35,15,35,20,2,3,0,0,3
40,555,4,rail,1,1,1,1,275,420,70,120,50,25,95,45,20,50,15,1,3,0,0,3
40,556,4,rail,1,1,1,1,275,360,80,120,50,30,95,45,15,35,20,1,2,0,0,3
40,557,4,rail,1,1,1,1,300,300,80,170,45,30,50,35,10,55,5,2,3,0,0,3
40,558,1,car,1,1,1,1,275,360,50,130,50,15,110,65,20,45,15,2,3,0,0,3
40,559,1,car,1,1,1,1,345,360,60,140,30,25,110,75,25,50,5,3,2,0,0,3
40,560,4,rail,1,1,1,1,250,420,60,130,50,20,65,65,20,50,10,1,2,0,0,3
41,561,3,air,1,1,1,0,390,390,50,0,40,30,50,0,10,55,0,3,0,1,1,3
41,562,3,air,1,1,1,0,250,420,90,0,50,15,65,0,25,45,0,1,0,1,1,3
41,563,1,car,1,1,1,0,300,390,70,0,30,20,110,0,5,40,0,1,0,1,1,3
41,564,1,car,1,1,1,0,250,330,90,0,40,35,80,0,10,40,0,1,0,1,1,3
41,565,3,air,1,1,1,0,275,420,90,0,30,20,80,0,25,35,0,2,0,1,1,3
41,566,1,car,1,1,1,0,275,300,50,0,45,30,95,0,25,45,0,3,0,1,1,3
41,567,3,air,1,1,1,0,275,300,60,0,50,35,110,0,5,40,0,2,0,1,1,3
41,568,3,air,1,1,1,0,390,420,50,0,35,15,95,0,10,55,0,3,0,1,1,3
41,569,3,air,1,1,1,0,345,360,70,0,35,30,110,0,5,40,0,1,0,1,1,3
41,570,3,air,1,1,1,0,345,390,80,0,45,25,65,0,25,55,0,3,0,1,1,3
41,571,3,air,1,1,1,0,250,390,60,0,50,20,80,0,15,55,0,1,0,1,1,3
41,572,3,air,1,1,1,0,390,390,70,0,30,35,110,0,5,35,0,2,0,1,1,3
41,573,3,air,1,1,1,0,275,330,90,0,45,30,65,0,15,45,0,1,0,1,1,3
41,574,3,air,1,1,1,0,300,420,80,0,45,25,50,0,15,50,0,1,0,1,1,3
42,575,4,rail,1,1,0,1,345,345,0,130,40,30,0,55,15,0,20,0,3,0,0,4
42,576,4,rail,1,1,0,1,390,390,0,140,35,35,0,45,5,0,20,0,1,0,0,4
42,577,4,rail,1,1,0,1,345,390,0,130,35,20,0,65,25,0,5,0,2,0,0,4
42,578,1,car,1,1,0,1,275,360,0,140,40,25,0,55,25,0,20,0,1,0,0,4
42,579,4,rail,1,1,0,1,275,420,0,130,45,20,0,35,15,0,15,0,3,0,0,4
42,580,4,rail,1,1,0,1,250,420,0,140,50,20,0,55,20,0,25,0,1,0,0,4
42,581,1,car,1,1,0,1,390,420,0,130,30,20,0,75,20,0,10,0,2,0,0,4
42,582,4,rail,1,1,0,1,300,300,0,140,35,30,0,45,20,0,20,0,2,0,0,4
42,583,4,rail,1,1,0,1,390,390,0,130,30,20,0,75,10,0,10,0,1,0,0,4
42,584,1,car,1,1,0,1,390,390,0,140,35,15,0,75,5,0,20,0,1,0,0,4
42,585,4,rail,1,1,0,1,275,360,0,155,50,15,0,35,5,0,20,0,1,0,0,4
42,586,4,rail,1,1,0,1,300,390,0,170,40,20,0,45,20,0,5,0,1,0,0,4
42,587,4,rail,1,1,0,1,345,345,0,130,45,25,0,45,20,0,10,0,1,0,0,4
42,588,4,rail,1,1,0,1,275,420,0,120,50,15,0,75,5,0,5,0,3,0,0,4
43,589,4,rail,1,1,1,1,250,360,90,140,45,20,50,65,10,40,20,2,3,0,0,4
43,590,3,air,1,1,1,1,345,360,60,140,35,30,50,55,25,55,5,2,3,0,0,4
43,591,4,rail,1,1,1,1,275,360,90,130,45,25,65,55,20,35,20,2,3,0,0,4
43,592,4,rail,1,1,1,1,300,420,90,140,40,15,50,55,10,35,25,1,3,0,0,4
43,593,3,air,1,1,1,1,390,390,90,140,30,25,50,55,5,50,15,3,1,0,0,4
43,594,3,air,1,1,1,1,345,345,90,130,40,35,65,35,10,40,20,3,1,0,0,4
43,595,4,rail,1,1,1,1,345,345,60,130,35,35,95,75,10,40,15,3,2,0,0,4
43,596,4,rail,1,1,1,1,345,345,80,120,45,30,110,45,25,40,5,3,1,0,0,4
43,597,4,rail,1,1,1,1,345,420,60,170,30,15,110,35,20,40,15,2,1,0,0,4
43,598,3,air,1,1,1,1,250,390,90,155,45,25,50,55,20,40,20,2,1,0,0,4
43,599,4,rail,1,1,1,1,250,300,80,155,40,35,95,45,10,40,25,3,1,0,0,4
43,600,1,car,1,1,1,1,300,300,60,155,45,35,110,65,5,50,20,1,3,0,0,4
43,601,4,rail,1,1,1,1,275,360,70,120,50,20,110,75,25,40,15,1,3,0,0,4
43,602,3,air,1,1,1,1,300,300,80,130,50,25,50,75,5,50,15,2,1,0,0,4
44,603,3,air,1,1,1,1,390,390,50,155,35,20,50,55,15,45,15,2,3,1,0,1
44,604,1,car,1,1,1,1,390,420,60,130,30,20,95,55,25,55,5,2,1,1,0,1
44,605,4,rail,1,1,1,1,345,390,50,140,40,25,80,45,20,50,10,3,2,1,0,1
44,606,1,car,1,1,1,1,300,420,50,130,50,15,110,75,20,45,10,2,3,1,0,1
44,607,1,car,1,1,1,1,390,420,60,140,30,15,110,65,5,40,25,2,1,1,0,1
44,608,4,rail,1,1,1,1,345,345,80,120,40,35,80,45,25,45,10,3,1,1,0,1
44,609,4,rail,1,1,1,1,300,390,60,170,40,25,65,45,20,55,15,3,2,1,0,1
44,610,1,car,1,1,1,1,300,390,60,140,50,15,50,65,10,55,5,3,1,1,0,1
44,611,4,rail,1,1,1,1,345,360,90,120,45,30,95,45,25,40,10,2,3,1,0,1
44,612,3,air,1,1,1,1,275,360,50,155,50,30,50,45,15,50,10,2,1,1,0,1
44,613,1,car,1,1,1,1,250,360,70,170,35,20,95,45,5,40,25,3,2,1,0,1
44,614,2,bus,1,1,1,1,250,330,70,140,50,15,95,65,10,45,20,3,1,1,0,1
44,615,3,air,1,1,1,1,390,390,50,140,30,35,65,75,10,55,10,1,3,1,0,1
44,616,3,air,1,1,1,1,345,360,90,140,40,25,50,35,20,55,5,2,3,1,0,1
45,617,4,rail,1,0,1,1,250,0,70,170,45,0,80,35,0,35,25,3,2,1,0,1
45,618,4,rail,1,0,1,1,275,0,70,140,50,0,80,35,0,40,15,1,3,1,0,1
45,619,1,car,1,0,1,1,390,0,60,130,40,0,110,75,0,50,15,2,1,1,0,1
45,620,1,car,1,0,1,1,390,0,60,120,40,0,110,75,0,45,20,1,3,1,0,1
45,621,4,rail,1,0,1,1,300,0,80,170,40,0,50,35,0,55,5,2,3,1,0,1
45,622,1,car,1,0,1,1,275,0,70,170,40,0,65,35,0,45,25,1,3,1,0,1
45,623,3,air,1,0,1,1,345,0,90,130,35,0,50,65,0,35,20,2,3,1,0,1
45,624,1,car,1,0,1,1,250,0,60,170,30,0,95,55,0,45,20,1,3,1,0,1
45,625,4,rail,1,0,1,1,345,0,50,170,35,0,50,45,0,55,5,3,2,1,0,1
45,626,3,air,1,0,1,1,275,0,80,155,50,0,65,55,0,35,20,2,1,1,0,1
45,627,4,rail,1,0,1,1,300,0,60,140,45,0,80,45,0,55,10,1,3,1,0,1
45,628,1,car,1,0,1,1,345,0,70,140,30,0,95,65,0,45,20,1,3,1,0,1
45,629,1,car,1,0,1,1,250,0,60,120,50,0,110,75,0,45,10,3,2,1,0,1
45,630,1,car,1,0,1,1,300,0,90,170,35,0,65,35,0,35,25,3,2,1,0,1
46,631,1,car,1,1,1,0,250,330,90,0,30,35,80,0,25,35,0,2,0,0,0,2
46,632,1,car,1,1,1,0,300,360,70,0,35,25,80,0,25,45,0,1,0,0,0,2
46,633,3,air,1,1,1,0,300,390,80,0,35,25,65,0,15,45,0,1,0,0,0,2
46,634,1,car,1,1,1,0,275,390,70,0,35,15,95,0,5,35,0,2,0,0,0,2
46,635,1,car,1,1,1,0,390,420,50,0,30,20,80,0,20,35,0,2,0,0,0,2
46,636,1,car,1,1,1,0,390,390,70,0,35,35,110,0,25,45,0,3,0,0,0,2
46,637,1,car,1,1,1,0,300,330,90,0,45,35,50,0,25,55,0,3,0,0,0,2
46,638,1,car,1,1,1,0,300,330,80,0,40,25,50,0,15,50,0,1,0,0,0,2
46,639,3,air,1,1,1,0,390,390,90,0,30,35,80,0,5,45,0,3,0,0,0,2
46,640,3,air,1,1,1,0,345,345,70,0,35,35,50,0,25,55,0,3,0,0,0,2
46,641,3,air,1,1,1,0,275,390,60,0,50,25,65,0,15,50,0,3,0,0,0,2
46,642,1,car,1,1,1,0,345,360,50,0,35,35,80,0,15,40,0,3,0,0,0,2
46,643,1,car,1,1,1,0,250,300,50,0,50,35,95,0,5,50,0,2,0,0,0,2
46,644,1,car,1,1,1,0,345,345,60,0,40,30,65,0,20,55,0,1,0,0,0,2
47,645,1,car,1,1,1,1,275,330,80,120,50,35,65,45,20,55,5,3,1,0,0,2
47,646,1,car,1,1,1,1,275,330,70,170,45,15,110,55,5,40,25,2,3,0,0,2
47,647,1,car,1,1,1,1,300,300,60,155,45,15,110,65,10,40,20,2,1,0,0,2
47,648,1,car,1,1,1,1,390,390,60,155,35,35,95,65,10,45,15,2,3,0,0,2
47,649,1,car,1,1,1,1,275,360,50,155,40,30,80,55,20,50,5,1,3,0,0,2
47,650,1,car,1,1,1,1,250,360,60,120,50,25,110,65,15,45,20,3,2,0,0,2
47,651,4,rail,1,1,1,1,250,390,90,170,45,20,50,35,25,35,15,2,3,0,0,2
47,652,4,rail,1,1,1,1,275,360,70,170,40,30,65,35,10,50,15,2,3,0,0,2
47,653,3,air,1,1,1,1,390,390,90,120,30,25,65,65,25,35,15,3,1,0,0,2
47,654,4,rail,1,1,1,1,275,330,70,120,50,25,80,55,25,50,5,1,3,0,0,2
47,655,1,car,1,1,1,1,390,420,60,130,35,15,110,55,25,35,15,2,1,0,0,2
47,656,3,air,1,1,1,1,300,390,50,170,45,25,50,45,10,55,5,2,1,0,0,2
47,657,2,bus,1,1,1,1,345,345,50,140,30,35,110,65,5,45,15,2,1,0,0,2
47,658,1,car,1,1,1,1,250,300,80,140,40,30,80,75,15,40,20,1,2,0,0,2
48,659,1,car,1,1,1,1,250,330,80,130,50,30,50,55,15,55,10,2,1,1,0,4
48,660,3,air,1,1,1,1,275,360,70,120,50,25,65,65,10,50,10,1,2,1,0,4
48,661,1,car,1,1,1,1,300,330,70,140,30,35,95,75,15,50,25,1,2,1,0,4
48,662,1,car,1,1,1,1,390,390,80,130,30,30,80,65,10,35,25,1,3,1,0,4
48,663,1,car,1,1,1,1,300,390,70,130,40,15,95,75,5,50,10,2,3,1,0,4
48,664,4,rail,1,1,1,1,275,420,80,170,30,20,95,35,20,35,25,3,2,1,0,4
48,665,1,car,1,1,1,1,300,420,50,155,40,20,110,65,5,50,20,2,1,1,0,4
48,666,4,rail,1,1,1,1,345,420,60,170,35,20,110,35,25,45,15,2,1,1,0,4
48,667,1,car,1,1,1,1,250,360,60,170,40,30,95,45,25,45,10,1,2,1,0,4
48,668,4,rail,1,1,1,1,345,390,90,155,35,15,65,35,10,50,10,3,1,1,0,4
48,669,4,rail,1,1,1,1,390,390,50,170,35,15,95,35,5,40,25,2,3,1,0,4
48,670,4,rail,1,1,1,1,250,420,90,140,45,15,50,65,20,35,25,3,2,1,0,4
48,671,3,air,1,1,1,1,250,390,90,170,40,20,65,35,15,35,25,3,2,1,0,4
48,672,2,bus,1,1,1,1,300,300,50,170,40,30,65,65,5,50,25,1,2,1,0,4
49,673,1,car,1,1,1,1,390,390,70,130,30,15,95,75,10,45,15,2,3,0,0,1
49,674,4,rail,1,1,1,1,345,345,60,120,45,35,95,45,25,50,5,3,1,0,0,1
49,675,1,car,1,1,1,1,250,390,90,120,45,20,50,75,20,50,5,1,2,0,0,1
49,676,1,car,1,1,1,1,300,420,50,130,45,15,110,75,10,45,15,2,3,0,0,1
49,677,4,rail,1,1,1,1,390,420,90,130,30,15,65,65,20,35,20,3,1,0,0,1
49,678,1,car,1,1,1,1,390,390,60,155,40,15,110,65,10,35,25,2,1,0,0,1
49,679,1,car,1,1,1,1,250,330,80,155,45,30,50,65,10,45,15,1,3,0,0,1
49,680,1,car,1,1,1,1,275,390,90,130,40,15,80,65,5,40,20,3,1,0,0,1
49,681,4,rail,1,1,1,1,275,420,50,155,50,20,80,35,15,50,10,1,3,0,0,1
49,682,4,rail,1,1,1,1,345,360,50,155,50,30,80,45,20,55,5,2,3,0,0,1
49,683,1,car,1,1,1,1,390,390,50,120,35,35,95,75,25,35,15,1,2,0,0,1
49,684,1,car,1,1,1,1,300,330,90,155,35,30,65,45,15,35,20,3,1,0,0,1
49,685,4,rail,1,1,1,1,250,360,90,120,50,30,65,55,25,35,25,3,2,0,0,1
49,686,4,rail,1,1,1,1,390,390,70,120,35,35,95,55,20,45,10,1,1,0,0,1
50,687,3,air,0,1,1,1,0,390,90,130,0,35,50,75,20,35,25,1,2,1,0,1
50,688,4,rail,0,1,1,1,0,345,90,130,0,25,50,35,10,55,5,2,3,1,0,1
50,689,4,rail,0,1,1,1,0,390,50,155,0,35,80,55,5,55,15,2,1,1,0,1
50,690,4,rail,0,1,1,1,0,330,80,120,0,35,95,55,20,45,5,1,3,1,0,1
50,691,4,rail,0,1,1,1,0,420,60,170,0,15,65,45,15,55,10,1,2,1,0,1
50,692,2,bus,0,1,1,1,0,420,80,120,0,20,80,75,15,50,10,1,2,1,0,1
50,693,4,rail,0,1,1,1,0,360,80,120,0,20,80,45,5,40,20,3,2,1,0,1
50,694,4,rail,0,1,1,1,0,360,90,170,0,30,80,35,15,35,20,2,3,1,0,1
50,695,4,rail,0,1,1,1,0,420,70,120,0,25,95,45,20,50,15,1,3,1,0,1
50,696,2,bus,0,1,1,1,0,360,80,120,0,30,95,45,15,35,20,1,2,1,0,1
50,697,2,bus,0,1,1,1,0,360,50,130,0,15,110,65,20,45,15,2,3,1,0,1
50,698,4,rail,0,1,1,1,0,360,60,140,0,25,110,75,25,50,5,3,2,1,0,1
50,699,4,rail,0,1,1,1,0,420,60,130,0,20,65,65,20,50,10,1,2,1,0,1
50,700,4,rail,0,1,1,1,0,420,60,140,0,20,50,55,5,55,5,3,1,1,0,1
51,701,4,rail,1,1,0,1,390,390,0,170,40,30,0,35,10,0,5,0,2,0,1,2
51,702,4,rail,1,1,0,1,390,420,0,140,30,20,0,55,15,0,5,0,1,0,1,2
51,703,4,rail,1,1,0,1,250,420,0,120,50,15,0,75,25,0,5,0,3,0,1,2
51,704,1,car,1,1,0,1,300,390,0,155,30,20,0,75,5,0,25,0,2,0,1,2
51,705,4,rail,1,1,0,1,250,330,0,170,40,35,0,35,10,0,25,0,2,0,1,2
51,706,1,car,1,1,0,1,275,420,0,130,30,20,0,75,25,0,25,0,2,0,1,2
51,707,1,car,1,1,0,1,275,300,0,120,50,35,0,75,5,0,15,0,3,0,1,2
51,708,4,rail,1,1,0,1,250,330,0,170,45,20,0,45,10,0,20,0,2,0,1,2
51,709,4,rail,1,1,0,1,390,420,0,140,35,15,0,55,10,0,10,0,1,0,1,2
51,710,4,rail,1,1,0,1,345,360,0,140,35,30,0,45,5,0,25,0,3,0,1,2
51,711,4,rail,1,1,0,1,345,390,0,120,45,25,0,35,25,0,5,0,1,0,1,2
51,712,1,car,1,1,0,1,250,390,0,130,50,20,0,75,15,0,15,0,3,0,1,2
51,713,1,car,1,1,0,1,390,390,0,170,30,35,0,35,5,0,25,0,3,0,1,2
51,714,4,rail,1,1,0,1,300,420,0,140,45,25,0,55,15,0,10,0,3,0,1,2
52,715,4,rail,0,1,1,1,0,330,70,170,0,25,80,35,15,35,25,3,2,0,0,3
52,716,4,rail,0,1,1,1,0,345,90,130,0,30,50,55,15,35,20,2,3,0,0,3
52,717,4,rail,0,1,1,1,0,390,70,140,0,35,95,45,5,45,20,3,1,0,0,3
52,718,3,air,0,1,1,1,0,390,80,130,0,20,50,65,25,55,5,3,2,0,0,3
52,719,4,rail,0,1,1,1,0,360,80,140,0,25,80,55,25,40,20,2,1,0,0,3
52,720,4,rail,0,1,1,1,0,420,60,140,0,20,110,55,20,35,25,3,1,0,0,3
52,721,3,air,0,1,1,1,0,420,50,130,0,20,65,75,20,55,10,1,2,0,0,3
52,722,4,rail,0,1,1,1,0,420,80,155,0,20,80,55,15,45,20,1,2,0,0,3
52,723,3,air,0,1,1,1,0,390,50,130,0,20,65,75,10,50,10,2,1,0,0,3
52,724,3,air,0,1,1,1,0,390,50,140,0,15,110,75,5,50,20,3,1,0,0,3
52,725,4,rail,0,1,1,1,0,360,80,155,0,15,110,35,5,35,20,2,1,0,0,3
52,726,3,air,0,1,1,1,0,390,50,170,0,20,65,45,20,55,5,2,1,0,0,3
52,727,4,rail,0,1,1,1,0,345,70,130,0,25,110,45,20,35,10,3,1,0,0,3
52,728,4,rail,0,1,1,1,0,420,50,120,0,15,50,75,5,55,5,1,3,0,0,3
53,729,3,air,0,1,1,1,0,360,90,140,0,20,50,65,10,40,20,2,3,0,1,1
53,730,3,air,0,1,1,1,0,360,60,140,0,30,50,55,25,55,5,2,3,0,1,1
53,731,3,air,0,1,1,1,0,360,90,130,0,25,65,55,20,35,20,2,3,0,1,1
53,732,3,air,0,1,1,1,0,420,90,140,0,15,50,55,10,35,25,1,3,0,1,1
53,733,3,air,0,1,1,1,0,300,70,120,0,35,65,75,20,50,10,1,2,0,1,1
53,734,3,air,0,1,1,1,0,390,90,140,0,25,50,55,5,50,15,3,1,0,1,1
53,735,4,rail,0,1,1,1,0,345,90,130,0,35,65,35,10,40,20,3,1,0,1,1
53,736,4,rail,0,1,1,1,0,345,80,120,0,30,110,45,25,40,5,3,1,0,1,1
53,737,4,rail,0,1,1,1,0,420,60,170,0,15,110,35,20,40,15,2,1,0,1,1
53,738,3,air,0,1,1,1,0,390,90,155,0,25,50,55,20,40,20,2,1,0,1,1
53,739,4,rail,0,1,1,1,0,300,80,155,0,35,95,45,10,40,25,3,1,0,1,1
53,740,4,rail,0,1,1,1,0,300,60,155,0,35,110,65,5,50,20,1,3,0,1,1
53,741,4,rail,0,1,1,1,0,360,70,120,0,20,110,75,25,40,15,1,3,0,1,1
53,742,3,air,0,1,1,1,0,345,80,155,0,30,50,55,15,50,10,1,2,0,1,1
54,743,4,rail,1,1,1,1,390,390,50,155,35,20,50,55,15,45,15,2,3,1,0,4
54,744,1,car,1,1,1,1,345,390,60,130,40,25,110,45,25,40,10,3,1,1,0,4
54,745,1,car,1,1,1,1,390,420,60,130,30,20,95,55,25,55,5,2,1,1,0,4
54,746,4,rail,1,1,1,1,345,390,50,140,40,25,80,45,20,50,10,3,2,1,0,4
54,747,4,rail,1,1,1,1,390,420,60,140,30,15,110,65,5,40,25,2,1,1,0,4
54,748,4,rail,1,1,1,1,345,345,80,120,40,35,80,45,25,45,10,3,1,1,0,4
54,749,4,rail,1,1,1,1,300,390,60,170,40,25,65,45,20,55,15,3,2,1,0,4
54,750,3,air,1,1,1,1,300,390,60,140,50,15,50,65,10,55,5,3,1,1,0,4
54,751,4,rail,1,1,1,1,345,360,90,120,45,30,95,45,25,40,10,2,3,1,0,4
54,752,1,car,1,1,1,1,250,360,70,170,35,20,95,45,5,40,25,3,2,1,0,4
54,753,1,car,1,1,1,1,390,390,70,120,30,15,110,65,10,40,25,1,3,1,0,4
54,754,1,car,1,1,1,1,250,330,70,140,50,15,95,65,10,45,20,3,1,1,0,4
54,755,1,car,1,1,1,1,390,390,50,140,30,35,65,75,10,55,10,1,3,1,0,4
54,756,1,car,1,1,1,1,345,360,90,140,40,25,50,35,20,55,5,2,3,1,0,4
55,757,4,rail,0,1,1,1,0,300,70,170,0,25,80,35,5,35,25,3,2,0,0,3
55,758,3,air,0,1,1,1,0,390,70,140,0,25,80,35,20,40,15,1,3,0,0,3
55,759,2,bus,0,1,1,1,0,390,60,130,0,25,110,75,5,50,15,2,1,0,0,3
55,760,4,rail,0,1,1,1,0,390,60,120,0,20,110,75,5,45,20,1,3,0,0,3
55,761,3,air,0,1,1,1,0,360,80,170,0,25,50,35,15,55,5,2,3,0,0,3
55,762,4,rail,0,1,1,1,0,345,70,155,0,35,95,55,15,40,20,1,3,0,0,3
55,763,3,air,0,1,1,1,0,345,90,130,0,35,50,65,20,35,20,2,3,0,0,3
55,764,2,bus,0,1,1,1,0,330,50,130,0,30,65,75,15,55,5,3,2,0,0,3
55,765,4,rail,0,1,1,1,0,360,60,170,0,30,95,55,25,45,20,1,3,0,0,3
55,766,3,air,0,1,1,1,0,390,50,170,0,25,50,45,25,55,5,3,2,0,0,3
55,767,3,air,0,1,1,1,0,330,80,155,0,30,65,55,20,35,20,2,1,0,0,3
55,768,4,rail,0,1,1,1,0,330,60,140,0,30,80,45,10,55,10,1,3,0,0,3
55,769,2,bus,0,1,1,1,0,390,70,140,0,15,95,65,5,45,20,1,3,0,0,3
55,770,4,rail,0,1,1,1,0,330,60,120,0,30,110,75,25,45,10,3,2,0,0,3
56,771,4,rail,1,0,0,1,300,0,0,155,35,0,0,35,0,0,15,0,2,0,0,2
56,772,4,rail,1,0,0,1,300,0,0,155,35,0,0,45,0,0,15,0,3,0,0,2
56,773,1,car,1,0,0,1,250,0,0,140,50,0,0,75,0,0,10,0,3,0,0,2
56,774,1,car,1,0,0,1,275,0,0,140,35,0,0,65,0,0,20,0,3,0,0,2
56,775,1,car,1,0,0,1,390,0,0,130,30,0,0,65,0,0,25,0,1,0,0,2
56,776,4,rail,1,0,0,1,390,0,0,130,35,0,0,35,0,0,10,0,1,0,0,2
56,777,1,car,1,0,0,1,300,0,0,120,45,0,0,65,0,0,5,0,1,0,0,2
56,778,4,rail,1,0,0,1,300,0,0,155,40,0,0,35,0,0,5,0,2,0,0,2
56,779,4,rail,1,0,0,1,390,0,0,120,30,0,0,55,0,0,15,0,1,0,0,2
56,780,1,car,1,0,0,1,275,0,0,170,40,0,0,55,0,0,25,0,2,0,0,2
56,781,1,car,1,0,0,1,275,0,0,155,50,0,0,55,0,0,15,0,2,0,0,2
56,782,1,car,1,0,0,1,345,0,0,120,35,0,0,75,0,0,10,0,2,0,0,2
56,783,1,car,1,0,0,1,250,0,0,120,50,0,0,65,0,0,10,0,1,0,0,2
56,784,4,rail,1,0,0,1,345,0,0,155,40,0,0,45,0,0,5,0,2,0,0,2
57,785,4,rail,1,1,1,1,275,330,80,120,50,35,65,45,20,55,5,3,1,1,0,4
57,786,4,rail,1,1,1,1,275,330,70,170,45,15,110,55,5,40,25,2,3,1,0,4
57,787,4,rail,1,1,1,1,275,390,70,155,45,15,80,35,25,55,5,1,1,1,0,4
57,788,3,air,1,1,1,1,300,300,60,155,45,15,110,65,10,40,20,2,1,1,0,4
57,789,4,rail,1,1,1,1,390,390,60,155,35,35,95,65,10,45,15,2,3,1,0,4
57,790,1,car,1,1,1,1,275,360,50,155,40,30,80,55,20,50,5,1,3,1,0,4
57,791,4,rail,1,1,1,1,250,360,60,120,50,25,110,65,15,45,20,3,2,1,0,4
57,792,1,car,1,1,1,1,275,390,90,155,30,25,65,65,15,40,25,1,2,1,0,4
57,793,1,car,1,1,1,1,390,390,90,120,30,25,65,65,25,35,15,3,1,1,0,4
57,794,4,rail,1,1,1,1,275,330,70,120,50,25,80,55,25,50,5,1,3,1,0,4
57,795,4,rail,1,1,1,1,390,420,60,130,35,15,110,55,25,35,15,2,1,1,0,4
57,796,3,air,1,1,1,1,300,390,50,170,45,25,50,45,10,55,5,2,1,1,0,4
57,797,4,rail,1,1,1,1,345,345,50,140,30,35,110,65,5,45,15,2,1,1,0,4
57,798,1,car,1,1,1,1,250,300,80,140,40,30,80,75,15,40,20,1,2,1,0,4
58,799,3,air,1,1,1,0,250,330,80,0,50,30,50,0,15,55,0,2,0,0,1,2
58,800,1,car,1,1,1,0,275,360,70,0,50,25,65,0,10,50,0,1,0,0,1,2
58,801,3,air,1,1,1,0,300,330,70,0,30,35,95,0,15,50,0,1,0,0,1,2
58,802,3,air,1,1,1,0,390,390,80,0,30,30,80,0,10,35,0,1,0,0,1,2
58,803,3,air,1,1,1,0,300,390,70,0,40,15,95,0,5,50,0,2,0,0,1,2
58,804,3,air,1,1,1,0,300,390,70,0,45,25,95,0,20,50,0,3,0,0,1,2
58,805,1,car,1,1,1,0,275,420,80,0,30,20,95,0,20,35,0,3,0,0,1,2
58,806,3,air,1,1,1,0,345,420,60,0,35,20,110,0,25,45,0,2,0,0,1,2
58,807,1,car,1,1,1,0,250,420,50,0,40,15,95,0,10,40,0,1,0,0,1,2
58,808,3,air,1,1,1,0,345,390,90,0,35,15,65,0,10,50,0,3,0,0,1,2
58,809,3,air,1,1,1,0,390,390,50,0,35,15,95,0,5,40,0,2,0,0,1,2
58,810,3,air,1,1,1,0,250,420,90,0,45,15,50,0,20,35,0,3,0,0,1,2
58,811,3,air,1,1,1,0,250,390,90,0,40,20,65,0,15,35,0,3,0,0,1,2
58,812,3,air,1,1,1,0,300,300,50,0,40,30,65,0,5,50,0,1,0,0,1,2
59,813,4,rail,0,1,1,1,0,390,70,130,0,15,95,75,10,45,15,2,3,1,0,3
59,814,4,rail,0,1,1,1,0,345,60,120,0,35,95,45,25,50,5,3,1,1,0,3
59,815,3,air,0,1,1,1,0,390,90,120,0,20,50,75,20,50,5,1,2,1,0,3
59,816,3,air,0,1,1,1,0,420,50,130,0,15,110,75,10,45,15,2,3,1,0,3
59,817,4,rail,0,1,1,1,0,420,90,130,0,15,65,65,20,35,20,3,1,1,0,3
59,818,4,rail,0,1,1,1,0,390,80,155,0,15,65,45,10,50,20,3,1,1,0,3
59,819,4,rail,0,1,1,1,0,390,60,155,0,15,110,65,10,35,25,2,1,1,0,3
59,820,2,bus,0,1,1,1,0,390,90,130,0,15,80,65,5,40,20,3,1,1,0,3
59,821,4,rail,0,1,1,1,0,420,50,155,0,20,80,35,15,50,10,1,3,1,0,3
59,822,3,air,0,1,1,1,0,360,50,155,0,30,80,45,20,55,5,2,3,1,0,3
59,823,3,air,0,1,1,1,0,390,50,120,0,35,95,75,25,35,15,1,2,1,0,3
59,824,3,air,0,1,1,1,0,330,90,155,0,30,65,45,15,35,20,3,1,1,0,3
59,825,2,bus,0,1,1,1,0,360,90,120,0,30,65,55,25,35,25,3,2,1,0,3
59,826,4,rail,0,1,1,1,0,390,70,120,0,35,95,55,20,45,10,1,1,1,0,3
60,827,3,air,1,0,1,1,390,0,90,130,35,0,50,75,0,35,25,1,2,0,1,2
60,828,4,rail,1,0,1,1,300,0,80,170,30,0,110,55,0,40,25,3,2,0,1,2
60,829,4,rail,1,0,1,1,345,0,90,130,45,0,50,35,0,55,5,2,3,0,1,2
60,830,4,rail,1,0,1,1,300,0,80,120,45,0,95,55,0,45,5,1,3,0,1,2
60,831,4,rail,1,0,1,1,345,0,60,170,30,0,65,45,0,55,10,1,2,0,1,2
60,832,1,car,1,0,1,1,345,0,80,120,30,0,80,75,0,50,10,1,2,0,1,2
60,833,4,rail,1,0,1,1,250,0,80,120,50,0,80,45,0,40,20,3,2,0,1,2
60,834,4,rail,1,0,1,1,275,0,90,170,35,0,80,35,0,35,20,2,3,0,1,2
60,835,4,rail,1,0,1,1,275,0,70,120,50,0,95,45,0,50,15,1,3,0,1,2
60,836,3,air,1,0,1,1,300,0,80,170,45,0,50,35,0,55,5,2,3,0,1,2
60,837,4,rail,1,0,1,1,275,0,50,130,50,0,110,65,0,45,15,2,3,0,1,2
60,838,4,rail,1,0,1,1,345,0,60,140,30,0,110,75,0,50,5,3,2,0,1,2
60,839,4,rail,1,0,1,1,250,0,60,130,50,0,65,65,0,50,10,1,2,0,1,2
60,840,3,air,1,0,1,1,390,0,60,140,35,0,50,55,0,55,5,3,1,0,1,2
61,841,4,rail,1,1,1,1,390,390,50,170,40,30,50,35,10,55,5,3,2,1,0,4
61,842,3,air,1,1,1,1,390,420,50,140,30,20,80,55,15,55,5,2,1,1,0,4
61,843,1,car,1,1,1,1,250,420,90,120,50,15,65,75,25,45,5,1,3,1,0,4
61,844,4,rail,1,1,1,1,300,390,70,155,30,20,110,75,5,40,25,1,2,1,0,4
61,845,4,rail,1,1,1,1,250,330,90,170,40,35,80,35,10,40,25,1,2,1,0,4
61,846,1,car,1,1,1,1,275,300,50,170,45,30,95,35,25,45,10,3,2,1,0,4
61,847,1,car,1,1,1,1,275,300,60,120,50,35,110,75,5,40,15,2,3,1,0,4
61,848,4,rail,1,1,1,1,250,330,70,170,45,20,80,45,10,45,20,1,2,1,0,4
61,849,1,car,1,1,1,1,390,420,50,140,35,15,95,55,10,55,10,3,1,1,0,4
61,850,1,car,1,1,1,1,345,360,70,140,35,30,110,45,5,40,25,1,3,1,0,4
61,851,4,rail,1,1,1,1,345,390,80,120,45,25,65,35,25,55,5,3,1,1,0,4
61,852,4,rail,1,1,1,1,390,390,70,170,30,35,110,35,5,35,25,2,3,1,0,4
61,853,3,air,1,1,1,1,275,330,90,140,45,30,65,65,15,45,15,1,2,1,0,4
61,854,1,car,1,1,1,1,300,420,80,140,45,25,50,55,15,50,10,1,3,1,0,4
62,855,4,rail,1,1,1,1,300,330,70,170,40,25,80,35,15,35,25,3,2,1,1,1
62,856,3,air,1,1,1,1,345,345,90,130,40,30,50,55,15,35,20,2,3,1,1,1
62,857,4,rail,1,1,1,1,390,390,70,140,35,35,95,45,5,45,20,3,1,1,1,1
62,858,3,air,1,1,1,1,345,390,80,130,35,20,50,65,25,55,5,3,2,1,1,1
62,859,4,rail,1,1,1,1,275,420,80,130,45,20,80,35,15,40,15,2,3,1,1,1
62,860,4,rail,1,1,1,1,250,420,60,140,50,20,110,55,20,35,25,3,1,1,1,1
62,861,3,air,1,1,1,1,390,420,50,130,30,20,65,75,20,55,10,1,2,1,1,1
62,862,1,car,1,1,1,1,250,420,80,155,35,20,80,55,15,45,20,1,2,1,1,1
62,863,4,rail,1,1,1,1,300,300,80,140,35,30,95,45,20,35,20,3,2,1,1,1
62,864,3,air,1,1,1,1,390,390,50,130,30,20,65,75,10,50,10,2,1,1,1,1
62,865,1,car,1,1,1,1,390,390,50,140,35,15,110,75,5,50,20,3,1,1,1,1
62,866,4,rail,1,1,1,1,275,360,80,155,50,15,110,35,5,35,20,2,1,1,1,1
62,867,3,air,1,1,1,1,300,390,50,170,40,20,65,45,20,55,5,2,1,1,1,1
62,868,4,rail,1,1,1,1,345,345,70,130,45,25,110,45,20,35,10,3,1,1,1,1
63,869,1,car,1,1,1,1,250,360,90,140,45,20,50,65,10,40,20,2,3,1,0,2
63,870,3,air,1,1,1,1,345,360,60,140,35,30,50,55,25,55,5,2,3,1,0,2
63,871,4,rail,1,1,1,1,275,360,90,130,45,25,65,55,20,35,20,2,3,1,0,2
63,872,1,car,1,1,1,1,250,300,70,120,45,35,65,75,20,50,10,1,2,1,0,2
63,873,3,air,1,1,1,1,390,390,90,140,30,25,50,55,5,50,15,3,1,1,0,2
63,874,4,rail,1,1,1,1,345,345,90,130,40,35,65,35,10,40,20,3,1,1,0,2
63,875,1,car,1,1,1,1,345,345,60,130,35,35,95,75,10,40,15,3,2,1,0,2
63,876,4,rail,1,1,1,1,345,345,80,120,45,30,110,45,25,40,5,3,1,1,0,2
63,877,1,car,1,1,1,1,345,420,60,170,30,15,110,35,20,40,15,2,1,1,0,2
63,878,1,car,1,1,1,1,250,390,90,155,45,25,50,55,20,40,20,2,1,1,0,2
63,879,1,car,1,1,1,1,250,300,80,155,40,35,95,45,10,40,25,3,1,1,0,2
63,880,1,car,1,1,1,1,300,300,60,155,45,35,110,65,5,50,20,1,3,1,0,2
63,881,1,car,1,1,1,1,345,345,80,155,30,30,50,55,15,50,10,1,2,1,0,2
63,882,3,air,1,1,1,1,300,300,80,130,50,25,50,75,5,50,15,2,1,1,0,2
64,883,3,air,1,1,1,1,390,390,50,155,35,20,50,55,15,45,15,2,3,0,0,2
64,884,4,rail,1,1,1,1,345,390,60,130,40,25,110,45,25,40,10,3,1,0,0,2
64,885,1,car,1,1,1,1,390,420,60,130,30,20,95,55,25,55,5,2,1,0,0,2
64,886,4,rail,1,1,1,1,345,390,50,140,40,25,80,45,20,50,10,3,2,0,0,2
64,887,1,car,1,1,1,1,300,420,50,130,50,15,110,75,20,45,10,2,3,0,0,2
64,888,4,rail,1,1,1,1,390,420,60,140,30,15,110,65,5,40,25,2,1,0,0,2
64,889,4,rail,1,1,1,1,345,345,80,120,40,35,80,45,25,45,10,3,1,0,0,2
64,890,3,air,1,1,1,1,300,390,60,140,50,15,50,65,10,55,5,3,1,0,0,2
64,891,4,rail,1,1,1,1,345,360,90,120,45,30,95,45,25,40,10,2,3,0,0,2
64,892,4,rail,1,1,1,1,275,360,50,155,50,30,50,45,15,50,10,2,1,0,0,2
64,893,1,car,1,1,1,1,250,360,70,170,35,20,95,45,5,40,25,3,2,0,0,2
64,894,4,rail,1,1,1,1,390,390,70,120,30,15,110,65,10,40,25,1,3,0,0,2
64,895,1,car,1,1,1,1,250,330,70,140,50,15,95,65,10,45,20,3,1,0,0,2
64,896,1,car,1,1,1,1,390,390,50,140,30,35,65,75,10,55,10,1,3,0,0,2
65,897,4,rail,1,1,1,1,250,300,70,170,45,25,80,35,5,35,25,3,2,1,1,3
65,898,3,air,1,1,1,1,390,390,60,130,40,25,110,75,5,50,15,2,1,1,1,3
65,899,4,rail,1,1,1,1,390,390,60,120,40,20,110,75,5,45,20,1,3,1,1,3
65,900,3,air,1,1,1,1,300,360,80,170,40,25,50,35,15,55,5,2,3,1,1,3
65,901,1,car,1,1,1,1,345,345,70,155,30,35,95,55,15,40,20,1,3,1,1,3
65,902,3,air,1,1,1,1,275,300,70,170,40,30,65,35,5,45,25,1,3,1,1,3
65,903,3,air,1,1,1,1,345,345,90,130,35,35,50,65,20,35,20,2,3,1,1,3
65,904,4,rail,1,1,1,1,300,330,50,130,50,30,65,75,15,55,5,3,2,1,1,3
65,905,1,car,1,1,1,1,250,360,60,170,30,30,95,55,25,45,20,1,3,1,1,3
65,906,3,air,1,1,1,1,275,330,80,155,50,30,65,55,20,35,20,2,1,1,1,3
65,907,4,rail,1,1,1,1,300,330,60,140,45,30,80,45,10,55,10,1,3,1,1,3
65,908,4,rail,1,1,1,1,345,390,70,140,30,15,95,65,5,45,20,1,3,1,1,3
65,909,3,air,1,1,1,1,250,330,60,120,50,30,110,75,25,45,10,3,2,1,1,3
65,910,3,air,1,1,1,1,300,420,90,170,35,20,65,35,15,35,25,3,2,1,1,3
66,911,1,car,1,1,0,0,250,330,0,0,30,35,0,0,25,0,0,0,0,0,1,3
66,912,1,car,1,1,0,0,300,360,0,0,35,25,0,0,25,0,0,0,0,0,1,3
66,913,1,car,1,1,0,0,300,390,0,0,35,25,0,0,15,0,0,0,0,0,1,3
66,914,1,car,1,1,0,0,250,420,0,0,50,20,0,0,15,0,0,0,0,0,1,3
66,915,1,car,1,1,0,0,275,390,0,0,35,15,0,0,5,0,0,0,0,0,1,3
66,916,1,car,1,1,0,0,390,420,0,0,30,20,0,0,20,0,0,0,0,0,1,3
66,917,1,car,1,1,0,0,300,330,0,0,45,35,0,0,25,0,0,0,0,0,1,3
66,918,1,car,1,1,0,0,300,330,0,0,40,25,0,0,15,0,0,0,0,0,1,3
66,919,1,car,1,1,0,0,390,390,0,0,30,35,0,0,5,0,0,0,0,0,1,3
66,920,1,car,1,1,0,0,345,345,0,0,35,35,0,0,25,0,0,0,0,0,1,3
66,921,1,car,1,1,0,0,275,390,0,0,50,25,0,0,15,0,0,0,0,0,1,3
66,922,1,car,1,1,0,0,345,360,0,0,35,35,0,0,15,0,0,0,0,0,1,3
66,923,1,car,1,1,0,0,250,300,0,0,50,35,0,0,5,0,0,0,0,0,1,3
66,924,1,car,1,1,0,0,345,345,0,0,40,30,0,0,20,0,0,0,0,0,1,3
67,925,4,rail,1,1,0,1,275,330,0,120,50,35,0,45,20,0,5,0,1,1,0,2
67,926,1,car,1,1,0,1,275,330,0,170,45,15,0,55,5,0,25,0,3,1,0,2
67,927,4,rail,1,1,0,1,275,390,0,155,45,15,0,35,25,0,5,0,1,1,0,2
67,928,1,car,1,1,0,1,390,390,0,155,35,35,0,65,10,0,15,0,3,1,0,2
67,929,1,car,1,1,0,1,275,360,0,155,40,30,0,55,20,0,5,0,3,1,0,2
67,930,4,rail,1,1,0,1,250,360,0,120,50,25,0,65,15,0,20,0,2,1,0,2
67,931,4,rail,1,1,0,1,250,390,0,170,45,20,0,35,25,0,15,0,3,1,0,2
67,932,4,rail,1,1,0,1,275,360,0,170,40,30,0,35,10,0,15,0,3,1,0,2
67,933,1,car,1,1,0,1,275,390,0,155,30,25,0,65,15,0,25,0,2,1,0,2
67,934,1,car,1,1,0,1,390,390,0,120,30,25,0,65,25,0,15,0,1,1,0,2
67,935,4,rail,1,1,0,1,275,330,0,120,50,25,0,55,25,0,5,0,3,1,0,2
67,936,1,car,1,1,0,1,390,420,0,130,35,15,0,55,25,0,15,0,1,1,0,2
67,937,4,rail,1,1,0,1,345,345,0,140,30,35,0,65,5,0,15,0,1,1,0,2
67,938,2,bus,1,1,0,1,250,300,0,140,40,30,0,75,15,0,20,0,2,1,0,2
68,939,3,air,0,1,1,1,0,330,80,130,0,30,50,55,15,55,10,2,1,1,1,4
68,940,3,air,0,1,1,1,0,360,70,120,0,25,65,65,10,50,10,1,2,1,1,4
68,941,3,air,0,1,1,1,0,330,70,140,0,35,95,75,15,50,25,1,2,1,1,4
68,942,3,air,0,1,1,1,0,390,80,130,0,30,80,65,10,35,25,1,3,1,1,4
68,943,3,air,0,1,1,1,0,390,70,130,0,15,95,75,5,50,10,2,3,1,1,4
68,944,4,rail,0,1,1,1,0,390,70,120,0,25,95,35,20,50,10,3,2,1,1,4
68,945,4,rail,0,1,1,1,0,420,80,170,0,20,95,35,20,35,25,3,2,1,1,4
68,946,3,air,0,1,1,1,0,420,60,170,0,20,110,35,25,45,15,2,1,1,1,4
68,947,4,rail,0,1,1,1,0,360,60,170,0,30,95,45,25,45,10,1,2,1,1,4
68,948,3,air,0,1,1,1,0,420,50,155,0,15,95,75,10,40,25,1,2,1,1,4
68,949,4,rail,0,1,1,1,0,390,90,155,0,15,65,35,10,50,10,3,1,1,1,4
68,950,3,air,0,1,1,1,0,390,50,170,0,15,95,35,5,40,25,2,3,1,1,4
68,951,4,rail,0,1,1,1,0,390,90,170,0,20,65,35,15,35,25,3,2,1,1,4
68,952,4,rail,0,1,1,1,0,300,50,170,0,30,65,65,5,50,25,1,2,1,1,4
69,953,3,air,0,1,1,1,0,345,60,120,0,35,95,45,25,50,5,3,1,1,1,3
69,954,3,air,0,1,1,1,0,390,90,120,0,20,50,75,20,50,5,1,2,1,1,3
69,955,3,air,0,1,1,1,0,420,50,130,0,15,110,75,10,45,15,2,3,1,1,3
69,956,3,air,0,1,1,1,0,420,90,130,0,15,65,65,20,35,20,3,1,1,1,3
69,957,3,air,0,1,1,1,0,390,80,155,0,15,65,45,10,50,20,3,1,1,1,3
69,958,3,air,0,1,1,1,0,390,60,155,0,15,110,65,10,35,25,2,1,1,1,3
69,959,4,rail,0,1,1,1,0,330,80,155,0,30,50,65,10,45,15,1,3,1,1,3
69,960,3,air,0,1,1,1,0,390,90,130,0,15,80,65,5,40,20,3,1,1,1,3
69,961,4,rail,0,1,1,1,0,420,50,155,0,20,80,35,15,50,10,1,3,1,1,3
69,962,3,air,0,1,1,1,0,390,50,120,0,35,95,75,25,35,15,1,2,1,1,3
69,963,4,rail,0,1,1,1,0,390,80,155,0,15,95,45,5,45,25,3,1,1,1,3
69,964,3,air,0,1,1,1,0,330,90,155,0,30,65,45,15,35,20,3,1,1,1,3
69,965,3,air,0,1,1,1,0,360,90,120,0,30,65,55,25,35,25,3,2,1,1,3
69,966,4,rail,0,1,1,1,0,390,70,120,0,35,95,55,20,45,10,1,1,1,1,3
70,967,1,car,1,1,1,1,300,300,80,170,30,35,110,55,10,40,25,3,2,1,0,4
70,968,4,rail,1,1,1,1,345,345,90,130,45,25,50,35,10,55,5,2,3,1,0,4
70,969,3,air,1,1,1,1,390,390,50,155,35,35,80,55,5,55,15,2,1,1,0,4
70,970,4,rail,1,1,1,1,300,330,80,120,45,35,95,55,20,45,5,1,3,1,0,4
70,971,1,car,1,1,1,1,345,420,60,170,30,15,65,45,15,55,10,1,2,1,0,4
70,972,1,car,1,1,1,1,345,420,80,120,30,20,80,75,15,50,10,1,2,1,0,4
70,973,4,rail,1,1,1,1,250,360,80,120,50,20,80,45,5,40,20,3,2,1,0,4
70,974,4,rail,1,1,1,1,275,360,90,170,35,30,80,35,15,35,20,2,3,1,0,4
70,975,4,rail,1,1,1,1,275,420,70,120,50,25,95,45,20,50,15,1,3,1,0,4
70,976,4,rail,1,1,1,1,275,360,80,120,50,30,95,45,15,35,20,1,2,1,0,4
70,977,4,rail,1,1,1,1,300,300,80,170,45,30,50,35,10,55,5,2,3,1,0,4
70,978,1,car,1,1,1,1,275,360,50,130,50,15,110,65,20,45,15,2,3,1,0,4
70,979,1,car,1,1,1,1,345,360,60,140,30,25,110,75,25,50,5,3,2,1,0,4
70,980,1,car,1,1,1,1,390,420,60,140,35,20,50,55,5,55,5,3,1,1,0,4
71,981,4,rail,1,1,0,1,390,390,0,170,40,30,0,35,10,0,5,0,2,0,1,4
71,982,4,rail,1,1,0,1,390,420,0,140,30,20,0,55,15,0,5,0,1,0,1,4
71,983,4,rail,1,1,0,1,250,420,0,120,50,15,0,75,25,0,5,0,3,0,1,4
71,984,1,car,1,1,0,1,250,330,0,170,40,35,0,35,10,0,25,0,2,0,1,4
71,985,4,rail,1,1,0,1,275,420,0,130,30,20,0,75,25,0,25,0,2,0,1,4
71,986,4,rail,1,1,0,1,275,300,0,170,45,30,0,35,25,0,10,0,2,0,1,4
71,987,4,rail,1,1,0,1,275,300,0,120,50,35,0,75,5,0,15,0,3,0,1,4
71,988,4,rail,1,1,0,1,250,330,0,170,45,20,0,45,10,0,20,0,2,0,1,4
71,989,4,rail,1,1,0,1,390,420,0,140,35,15,0,55,10,0,10,0,1,0,1,4
71,990,4,rail,1,1,0,1,345,360,0,140,35,30,0,45,5,0,25,0,3,0,1,4
71,991,4,rail,1,1,0,1,345,390,0,120,45,25,0,35,25,0,5,0,1,0,1,4
71,992,1,car,1,1,0,1,250,390,0,130,50,20,0,75,15,0,15,0,3,0,1,4
71,993,4,rail,1,1,0,1,390,390,0,170,30,35,0,35,5,0,25,0,3,0,1,4
71,994,4,rail,1,1,0,1,275,330,0,140,45,30,0,65,15,0,15,0,2,0,1,4
72,995,4,rail,1,1,1,1,300,330,70,170,40,25,80,35,15,35,25,3,2,1,0,4
72,996,3,air,1,1,1,1,345,345,90,130,40,30,50,55,15,35,20,2,3,1,0,4
72,997,4,rail,1,1,1,1,390,390,70,140,35,35,95,45,5,45,20,3,1,1,0,4
72,998,3,air,1,1,1,1,345,390,80,130,35,20,50,65,25,55,5,3,2,1,0,4
72,999,1,car,1,1,1,1,275,360,80,140,40,25,80,55,25,40,20,2,1,1,0,4
72,1000,4,rail,1,1,1,1,275,420,80,130,45,20,80,35,15,40,15,2,3,1,0,4
72,1001,1,car,1,1,1,1,390,420,50,130,30,20,65,75,20,55,10,1,2,1,0,4
72,1002,4,rail,1,1,1,1,250,420,80,155,35,20,80,55,15,45,20,1,2,1,0,4
72,1003,4,rail,1,1,1,1,300,300,80,140,35,30,95,45,20,35,20,3,2,1,0,4
72,1004,1,car,1,1,1,1,390,390,50,130,30,20,65,75,10,50,10,2,1,1,0,4
72,1005,4,rail,1,1,1,1,275,360,80,155,50,15,110,35,5,35,20,2,1,1,0,4
72,1006,4,rail,1,1,1,1,300,390,50,170,40,20,65,45,20,55,5,2,1,1,0,4
72,1007,4,rail,1,1,1,1,345,345,70,130,45,25,110,45,20,35,10,3,1,1,0,4
72,1008,3,air,1,1,1,1,275,420,50,120,50,15,50,75,5,55,5,1,3,1,0,4
73,1009,1,car,1,1,0,1,250,360,0,140,45,20,0,65,10,0,20,0,3,1,0,4
73,1010,1,car,1,1,0,1,345,360,0,140,35,30,0,55,25,0,5,0,3,1,0,4
73,1011,2,bus,1,1,0,1,275,360,0,130,45,25,0,55,20,0,20,0,3,1,0,4
73,1012,1,car,1,1,0,1,300,420,0,140,40,15,0,55,10,0,25,0,3,1,0,4
73,1013,4,rail,1,1,0,1,390,390,0,140,30,25,0,55,5,0,15,0,1,1,0,4
73,1014,4,rail,1,1,0,1,345,345,0,130,40,35,0,35,10,0,20,0,1,1,0,4
73,1015,1,car,1,1,0,1,345,345,0,130,35,35,0,75,10,0,15,0,2,1,0,4
73,1016,4,rail,1,1,0,1,345,420,0,170,30,15,0,35,20,0,15,0,1,1,0,4
73,1017,1,car,1,1,0,1,250,390,0,155,45,25,0,55,20,0,20,0,1,1,0,4
73,1018,1,car,1,1,0,1,250,300,0,155,40,35,0,45,10,0,25,0,1,1,0,4
73,1019,4,rail,1,1,0,1,300,300,0,155,45,35,0,65,5,0,20,0,3,1,0,4
73,1020,1,car,1,1,0,1,275,360,0,120,50,20,0,75,25,0,15,0,3,1,0,4
73,1021,2,bus,1,1,0,1,345,345,0,155,30,30,0,55,15,0,10,0,2,1,0,4
73,1022,1,car,1,1,0,1,300,300,0,130,50,25,0,75,5,0,15,0,1,1,0,4
74,1023,3,air,1,1,1,1,390,390,50,155,35,20,50,55,15,45,15,2,3,1,1,4
74,1024,4,rail,1,1,1,1,345,390,60,130,40,25,110,45,25,40,10,3,1,1,1,4
74,1025,3,air,1,1,1,1,390,420,60,130,30,20,95,55,25,55,5,2,1,1,1,4
74,1026,3,air,1,1,1,1,345,390,50,140,40,25,80,45,20,50,10,3,2,1,1,4
74,1027,3,air,1,1,1,1,390,420,60,140,30,15,110,65,5,40,25,2,1,1,1,4
74,1028,1,car,1,1,1,1,345,345,80,120,40,35,80,45,25,45,10,3,1,1,1,4
74,1029,3,air,1,1,1,1,300,390,60,170,40,25,65,45,20,55,15,3,2,1,1,4
74,1030,4,rail,1,1,1,1,300,390,60,140,50,15,50,65,10,55,5,3,1,1,1,4
74,1031,3,air,1,1,1,1,345,360,90,120,45,30,95,45,25,40,10,2,3,1,1,4
74,1032,3,air,1,1,1,1,275,360,50,155,50,30,50,45,15,50,10,2,1,1,1,4
74,1033,1,car,1,1,1,1,250,360,70,170,35,20,95,45,5,40,25,3,2,1,1,4
74,1034,4,rail,1,1,1,1,390,390,70,120,30,15,110,65,10,40,25,1,3,1,1,4
74,1035,3,air,1,1,1,1,390,390,50,140,30,35,65,75,10,55,10,1,3,1,1,4
74,1036,4,rail,1,1,1,1,345,360,90,140,40,25,50,35,20,55,5,2,3,1,1,4
75,1037,4,rail,1,1,0,1,275,390,0,140,50,25,0,35,20,0,15,0,3,1,1,3
75,1038,4,rail,1,1,0,1,390,390,0,130,40,25,0,75,5,0,15,0,1,1,1,3
75,1039,4,rail,1,1,0,1,390,390,0,120,40,20,0,75,5,0,20,0,3,1,1,3
75,1040,4,rail,1,1,0,1,300,360,0,170,40,25,0,35,15,0,5,0,3,1,1,3
75,1041,4,rail,1,1,0,1,345,345,0,155,30,35,0,55,15,0,20,0,3,1,1,3
75,1042,4,rail,1,1,0,1,275,300,0,170,40,30,0,35,5,0,25,0,3,1,1,3
75,1043,4,rail,1,1,0,1,345,345,0,130,35,35,0,65,20,0,20,0,3,1,1,3
75,1044,4,rail,1,1,0,1,300,330,0,130,50,30,0,75,15,0,5,0,2,1,1,3
75,1045,1,car,1,1,0,1,250,360,0,170,30,30,0,55,25,0,20,0,3,1,1,3
75,1046,4,rail,1,1,0,1,345,390,0,170,35,25,0,45,25,0,5,0,2,1,1,3
75,1047,4,rail,1,1,0,1,275,330,0,155,50,30,0,55,20,0,20,0,1,1,1,3
75,1048,4,rail,1,1,0,1,300,330,0,140,45,30,0,45,10,0,10,0,3,1,1,3
75,1049,4,rail,1,1,0,1,345,390,0,140,30,15,0,65,5,0,20,0,3,1,1,3
75,1050,4,rail,1,1,0,1,250,330,0,120,50,30,0,75,25,0,10,0,2,1,1,3
76,1051,4,rail,1,1,1,1,300,360,70,155,35,25,80,35,25,45,15,1,2,0,0,4
76,1052,1,car,1,1,1,1,300,390,80,155,35,25,65,45,15,45,15,1,3,0,0,4
76,1053,1,car,1,1,1,1,250,420,60,140,50,20,95,75,15,45,10,1,3,0,0,4
76,1054,4,rail,1,1,1,1,275,390,70,140,35,15,95,65,5,35,20,2,3,0,0,4
76,1055,3,air,1,1,1,1,390,420,50,130,30,20,80,65,20,35,25,2,1,0,0,4
76,1056,4,rail,1,1,1,1,390,390,70,130,35,35,110,35,25,45,10,3,1,0,0,4
76,1057,1,car,1,1,1,1,300,330,90,120,45,35,50,65,25,55,5,3,1,0,0,4
76,1058,3,air,1,1,1,1,300,330,80,155,40,25,50,35,15,50,5,1,2,0,0,4
76,1059,4,rail,1,1,1,1,390,390,90,120,30,35,80,55,5,45,15,3,1,0,0,4
76,1060,4,rail,1,1,1,1,275,300,80,170,40,35,80,55,10,40,25,1,2,0,0,4
76,1061,3,air,1,1,1,1,345,345,70,170,35,35,50,45,25,55,5,3,2,0,0,4
76,1062,4,rail,1,1,1,1,275,390,60,155,50,25,65,55,15,50,15,3,2,0,0,4
76,1063,1,car,1,1,1,1,345,360,50,120,35,35,80,75,15,40,10,3,2,0,0,4
76,1064,1,car,1,1,1,1,250,300,50,120,50,35,95,65,5,50,10,2,1,0,0,4
77,1065,3,air,1,1,1,1,275,330,80,120,50,35,65,45,20,55,5,3,1,1,1,4
77,1066,1,car,1,1,1,1,275,330,70,170,45,15,110,55,5,40,25,2,3,1,1,4
77,1067,3,air,1,1,1,1,275,390,70,155,45,15,80,35,25,55,5,1,1,1,1,4
77,1068,1,car,1,1,1,1,390,390,60,155,35,35,95,65,10,45,15,2,3,1,1,4
77,1069,3,air,1,1,1,1,275,360,50,155,40,30,80,55,20,50,5,1,3,1,1,4
77,1070,1,car,1,1,1,1,250,360,60,120,50,25,110,65,15,45,20,3,2,1,1,4
77,1071,4,rail,1,1,1,1,250,390,90,170,45,20,50,35,25,35,15,2,3,1,1,4
77,1072,3,air,1,1,1,1,275,360,70,170,40,30,65,35,10,50,15,2,3,1,1,4
77,1073,3,air,1,1,1,1,275,390,90,155,30,25,65,65,15,40,25,1,2,1,1,4
77,1074,3,air,1,1,1,1,390,390,90,120,30,25,65,65,25,35,15,3,1,1,1,4
77,1075,4,rail,1,1,1,1,275,330,70,120,50,25,80,55,25,50,5,1,3,1,1,4
77,1076,3,air,1,1,1,1,390,420,60,130,35,15,110,55,25,35,15,2,1,1,1,4
77,1077,3,air,1,1,1,1,300,390,50,170,45,25,50,45,10,55,5,2,1,1,1,4
77,1078,3,air,1,1,1,1,345,345,50,140,30,35,110,65,5,45,15,2,1,1,1,4
78,1079,4,rail,1,1,1,1,250,330,80,130,50,30,50,55,15,55,10,2,1,1,0,1
78,1080,1,car,1,1,1,1,300,330,70,140,30,35,95,75,15,50,25,1,2,1,0,1
78,1081,4,rail,1,1,1,1,390,390,80,130,30,30,80,65,10,35,25,1,3,1,0,1
78,1082,1,car,1,1,1,1,300,390,70,130,40,15,95,75,5,50,10,2,3,1,0,1
78,1083,4,rail,1,1,1,1,300,390,70,120,45,25,95,35,20,50,10,3,2,1,0,1
78,1084,4,rail,1,1,1,1,275,420,80,170,30,20,95,35,20,35,25,3,2,1,0,1
78,1085,1,car,1,1,1,1,300,420,50,155,40,20,110,65,5,50,20,2,1,1,0,1
78,1086,4,rail,1,1,1,1,345,420,60,170,35,20,110,35,25,45,15,2,1,1,0,1
78,1087,1,car,1,1,1,1,250,360,60,170,40,30,95,45,25,45,10,1,2,1,0,1
78,1088,1,car,1,1,1,1,250,420,50,155,40,15,95,75,10,40,25,1,2,1,0,1
78,1089,4,rail,1,1,1,1,345,390,90,155,35,15,65,35,10,50,10,3,1,1,0,1
78,1090,4,rail,1,1,1,1,390,390,50,170,35,15,95,35,5,40,25,2,3,1,0,1
78,1091,3,air,1,1,1,1,250,420,90,140,45,15,50,65,20,35,25,3,2,1,0,1
78,1092,3,air,1,1,1,1,300,300,50,170,40,30,65,65,5,50,25,1,2,1,0,1
79,1093,2,bus,1,1,0,1,390,390,0,130,30,15,0,75,10,0,15,0,3,1,1,3
79,1094,4,rail,1,1,0,1,345,345,0,120,45,35,0,45,25,0,5,0,1,1,1,3
79,1095,4,rail,1,1,0,1,250,390,0,120,45,20,0,75,20,0,5,0,2,1,1,3
79,1096,4,rail,1,1,0,1,300,420,0,130,45,15,0,75,10,0,15,0,3,1,1,3
79,1097,1,car,1,1,0,1,390,420,0,130,30,15,0,65,20,0,20,0,1,1,1,3
79,1098,4,rail,1,1,0,1,390,390,0,155,40,15,0,65,10,0,25,0,1,1,1,3
79,1099,4,rail,1,1,0,1,250,330,0,155,45,30,0,65,10,0,15,0,3,1,1,3
79,1100,4,rail,1,1,0,1,275,390,0,130,40,15,0,65,5,0,20,0,1,1,1,3
79,1101,4,rail,1,1,0,1,275,420,0,155,50,20,0,35,15,0,10,0,3,1,1,3
79,1102,4,rail,1,1,0,1,345,360,0,155,50,30,0,45,20,0,5,0,3,1,1,3
79,1103,4,rail,1,1,0,1,300,390,0,155,30,15,0,45,5,0,25,0,1,1,1,3
79,1104,4,rail,1,1,0,1,300,330,0,155,35,30,0,45,15,0,20,0,1,1,1,3
79,1105,4,rail,1,1,0,1,250,360,0,120,50,30,0,55,25,0,25,0,2,1,1,3
79,1106,4,rail,1,1,0,1,390,390,0,120,35,35,0,55,20,0,10,0,1,1,1,3
80,1107,3,air,1,0,1,1,390,0,90,130,35,0,50,75,0,35,25,1,2,0,1,3
80,1108,3,air,1,0,1,1,300,0,80,170,30,0,110,55,0,40,25,3,2,0,1,3
80,1109,3,air,1,0,1,1,345,0,90,130,45,0,50,35,0,55,5,2,3,0,1,3
80,1110,3,air,1,0,1,1,390,0,50,155,35,0,80,55,0,55,15,2,1,0,1,3
80,1111,4,rail,1,0,1,1,300,0,80,120,45,0,95,55,0,45,5,1,3,0,1,3
80,1112,4,rail,1,0,1,1,345,0,60,170,30,0,65,45,0,55,10,1,2,0,1,3
80,1113,4,rail,1,0,1,1,345,0,80,120,30,0,80,75,0,50,10,1,2,0,1,3
80,1114,4,rail,1,0,1,1,275,0,90,170,35,0,80,35,0,35,20,2,3,0,1,3
80,1115,1,car,1,0,1,1,275,0,70,120,50,0,95,45,0,50,15,1,3,0,1,3
80,1116,3,air,1,0,1,1,300,0,80,170,45,0,50,35,0,55,5,2,3,0,1,3
80,1117,3,air,1,0,1,1,275,0,50,130,50,0,110,65,0,45,15,2,3,0,1,3
80,1118,4,rail,1,0,1,1,345,0,60,140,30,0,110,75,0,50,5,3,2,0,1,3
80,1119,4,rail,1,0,1,1,250,0,60,130,50,0,65,65,0,50,10,1,2,0,1,3
80,1120,3,air,1,0,1,1,390,0,60,140,35,0,50,55,0,55,5,3,1,0,1,3
81,1121,4,rail,1,1,1,1,390,390,50,170,40,30,50,35,10,55,5,3,2,1,1,1
81,1122,1,car,1,1,1,1,250,420,90,120,50,15,65,75,25,45,5,1,3,1,1,1
81,1123,1,car,1,1,1,1,300,390,70,155,30,20,110,75,5,40,25,1,2,1,1,1
81,1124,4,rail,1,1,1,1,250,330,90,170,40,35,80,35,10,40,25,1,2,1,1,1
81,1125,1,car,1,1,1,1,275,420,90,130,30,20,80,75,25,35,25,2,2,1,1,1
81,1126,4,rail,1,1,1,1,275,300,50,170,45,30,95,35,25,45,10,3,2,1,1,1
81,1127,4,rail,1,1,1,1,275,300,60,120,50,35,110,75,5,40,15,2,3,1,1,1
81,1128,4,rail,1,1,1,1,390,420,50,140,35,15,95,55,10,55,10,3,1,1,1,1
81,1129,1,car,1,1,1,1,345,360,70,140,35,30,110,45,5,40,25,1,3,1,1,1
81,1130,1,car,1,1,1,1,345,390,80,120,45,25,65,35,25,55,5,3,1,1,1,1
81,1131,1,car,1,1,1,1,250,390,60,130,50,20,80,75,15,55,15,1,3,1,1,1
81,1132,4,rail,1,1,1,1,390,390,70,170,30,35,110,35,5,35,25,2,3,1,1,1
81,1133,3,air,1,1,1,1,275,330,90,140,45,30,65,65,15,45,15,1,2,1,1,1
81,1134,3,air,1,1,1,1,300,420,80,140,45,25,50,55,15,50,10,1,3,1,1,1
82,1135,3,air,1,1,1,1,300,330,70,170,40,25,80,35,15,35,25,3,2,0,1,3
82,1136,3,air,1,1,1,1,345,345,90,130,40,30,50,55,15,35,20,2,3,0,1,3
82,1137,3,air,1,1,1,1,390,390,70,140,35,35,95,45,5,45,20,3,1,0,1,3
82,1138,3,air,1,1,1,1,345,390,80,130,35,20,50,65,25,55,5,3,2,0,1,3
82,1139,3,air,1,1,1,1,275,360,80,140,40,25,80,55,25,40,20,2,1,0,1,3
82,1140,3,air,1,1,1,1,250,420,60,140,50,20,110,55,20,35,25,3,1,0,1,3
82,1141,4,rail,1,1,1,1,390,420,50,130,30,20,65,75,20,55,10,1,2,0,1,3
82,1142,3,air,1,1,1,1,250,420,80,155,35,20,80,55,15,45,20,1,2,0,1,3
82,1143,4,rail,1,1,1,1,300,300,80,140,35,30,95,45,20,35,20,3,2,0,1,3
82,1144,3,air,1,1,1,1,390,390,50,130,30,20,65,75,10,50,10,2,1,0,1,3
82,1145,4,rail,1,1,1,1,390,390,50,140,35,15,110,75,5,50,20,3,1,0,1,3
82,1146,3,air,1,1,1,1,275,360,80,155,50,15,110,35,5,35,20,2,1,0,1,3
82,1147,4,rail,1,1,1,1,345,345,70,130,45,25,110,45,20,35,10,3,1,0,1,3
82,1148,4,rail,1,1,1,1,275,420,50,120,50,15,50,75,5,55,5,1,3,0,1,3
83,1149,1,car,1,0,0,1,250,0,0,140,45,0,0,65,0,0,20,0,3,0,0,4
83,1150,1,car,1,0,0,1,345,0,0,140,35,0,0,55,0,0,5,0,3,0,0,4
83,1151,4,rail,1,0,0,1,275,0,0,130,45,0,0,55,0,0,20,0,3,0,0,4
83,1152,1,car,1,0,0,1,300,0,0,140,40,0,0,55,0,0,25,0,3,0,0,4
83,1153,1,car,1,0,0,1,250,0,0,120,45,0,0,75,0,0,10,0,2,0,0,4
83,1154,4,rail,1,0,0,1,345,0,0,130,40,0,0,35,0,0,20,0,1,0,0,4
83,1155,1,car,1,0,0,1,345,0,0,130,35,0,0,75,0,0,15,0,2,0,0,4
83,1156,4,rail,1,0,0,1,345,0,0,120,45,0,0,45,0,0,5,0,1,0,0,4
83,1157,4,rail,1,0,0,1,345,0,0,170,30,0,0,35,0,0,15,0,1,0,0,4
83,1158,4,rail,1,0,0,1,250,0,0,155,45,0,0,55,0,0,20,0,1,0,0,4
83,1159,1,car,1,0,0,1,250,0,0,155,40,0,0,45,0,0,25,0,1,0,0,4
83,1160,1,car,1,0,0,1,300,0,0,155,45,0,0,65,0,0,20,0,3,0,0,4
83,1161,4,rail,1,0,0,1,275,0,0,120,50,0,0,75,0,0,15,0,3,0,0,4
83,1162,4,rail,1,0,0,1,300,0,0,130,50,0,0,75,0,0,15,0,1,0,0,4
84,1163,3,air,1,1,1,1,390,390,50,155,35,20,50,55,15,45,15,2,3,0,0,2
84,1164,4,rail,1,1,1,1,345,390,60,130,40,25,110,45,25,40,10,3,1,0,0,2
84,1165,1,car,1,1,1,1,390,420,60,130,30,20,95,55,25,55,5,2,1,0,0,2
84,1166,1,car,1,1,1,1,345,390,50,140,40,25,80,45,20,50,10,3,2,0,0,2
84,1167,1,car,1,1,1,1,390,420,60,140,30,15,110,65,5,40,25,2,1,0,0,2
84,1168,1,car,1,1,1,1,345,345,80,120,40,35,80,45,25,45,10,3,1,0,0,2
84,1169,4,rail,1,1,1,1,300,390,60,170,40,25,65,45,20,55,15,3,2,0,0,2
84,1170,3,air,1,1,1,1,300,390,60,140,50,15,50,65,10,55,5,3,1,0,0,2
84,1171,4,rail,1,1,1,1,275,360,50,155,50,30,50,45,15,50,10,2,1,0,0,2
84,1172,4,rail,1,1,1,1,250,360,70,170,35,20,95,45,5,40,25,3,2,0,0,2
84,1173,4,rail,1,1,1,1,390,390,70,120,30,15,110,65,10,40,25,1,3,0,0,2
84,1174,1,car,1,1,1,1,250,330,70,140,50,15,95,65,10,45,20,3,1,0,0,2
84,1175,1,car,1,1,1,1,390,390,50,140,30,35,65,75,10,55,10,1,3,0,0,2
84,1176,1,car,1,1,1,1,345,360,90,140,40,25,50,35,20,55,5,2,3,0,0,2
85,1177,1,car,1,1,1,0,250,300,70,0,45,25,80,0,5,35,0,3,0,1,0,2
85,1178,1,car,1,1,1,0,275,390,70,0,50,25,80,0,20,40,0,1,0,1,0,2
85,1179,2,bus,1,1,1,0,390,390,60,0,40,25,110,0,5,50,0,2,0,1,0,2
85,1180,2,bus,1,1,1,0,390,390,60,0,40,20,110,0,5,45,0,1,0,1,0,2
85,1181,3,air,1,1,1,0,300,360,80,0,40,25,50,0,15,55,0,2,0,1,0,2
85,1182,1,car,1,1,1,0,345,345,70,0,30,35,95,0,15,40,0,1,0,1,0,2
85,1183,1,car,1,1,1,0,275,300,70,0,40,30,65,0,5,45,0,1,0,1,0,2
85,1184,3,air,1,1,1,0,300,330,50,0,50,30,65,0,15,55,0,3,0,1,0,2
85,1185,1,car,1,1,1,0,250,360,60,0,30,30,95,0,25,45,0,1,0,1,0,2
85,1186,3,air,1,1,1,0,345,390,50,0,35,25,50,0,25,55,0,3,0,1,0,2
85,1187,1,car,1,1,1,0,275,330,80,0,50,30,65,0,20,35,0,2,0,1,0,2
85,1188,1,car,1,1,1,0,300,330,60,0,45,30,80,0,10,55,0,1,0,1,0,2
85,1189,2,bus,1,1,1,0,250,330,60,0,50,30,110,0,25,45,0,3,0,1,0,2
85,1190,3,air,1,1,1,0,300,420,90,0,35,20,65,0,15,35,0,3,0,1,0,2
86,1191,4,rail,1,1,1,1,250,330,90,140,30,35,80,65,25,35,15,2,1,1,0,3
86,1192,1,car,1,1,1,1,300,360,70,155,35,25,80,35,25,45,15,1,2,1,0,3
86,1193,1,car,1,1,1,1,250,420,60,140,50,20,95,75,15,45,10,1,3,1,0,3
86,1194,4,rail,1,1,1,1,275,390,70,140,35,15,95,65,5,35,20,2,3,1,0,3
86,1195,4,rail,1,1,1,1,390,420,50,130,30,20,80,65,20,35,25,2,1,1,0,3
86,1196,4,rail,1,1,1,1,390,390,70,130,35,35,110,35,25,45,10,3,1,1,0,3
86,1197,3,air,1,1,1,1,300,330,90,120,45,35,50,65,25,55,5,3,1,1,0,3
86,1198,4,rail,1,1,1,1,300,330,80,155,40,25,50,35,15,50,5,1,2,1,0,3
86,1199,3,air,1,1,1,1,390,390,90,120,30,35,80,55,5,45,15,3,1,1,0,3
86,1200,4,rail,1,1,1,1,275,300,80,170,40,35,80,55,10,40,25,1,2,1,0,3
86,1201,4,rail,1,1,1,1,345,345,70,170,35,35,50,45,25,55,5,3,2,1,0,3
86,1202,4,rail,1,1,1,1,345,360,50,120,35,35,80,75,15,40,10,3,2,1,0,3
86,1203,4,rail,1,1,1,1,250,300,50,120,50,35,95,65,5,50,10,2,1,1,0,3
86,1204,4,rail,1,1,1,1,345,345,60,155,40,30,65,45,20,55,5,1,2,1,0,3
87,1205,1,car,1,1,1,0,275,330,70,0,45,15,110,0,5,40,0,2,0,0,0,2
87,1206,1,car,1,1,1,0,275,390,70,0,45,15,80,0,25,55,0,1,0,0,0,2
87,1207,2,bus,1,1,1,0,300,300,60,0,45,15,110,0,10,40,0,2,0,0,0,2
87,1208,1,car,1,1,1,0,390,390,60,0,35,35,95,0,10,45,0,2,0,0,0,2
87,1209,1,car,1,1,1,0,275,360,50,0,40,30,80,0,20,50,0,1,0,0,0,2
87,1210,1,car,1,1,1,0,250,360,60,0,50,25,110,0,15,45,0,3,0,0,0,2
87,1211,3,air,1,1,1,0,250,390,90,0,45,20,50,0,25,35,0,2,0,0,0,2
87,1212,1,car,1,1,1,0,275,360,70,0,40,30,65,0,10,50,0,2,0,0,0,2
87,1213,1,car,1,1,1,0,275,390,90,0,30,25,65,0,15,40,0,1,0,0,0,2
87,1214,3,air,1,1,1,0,390,390,90,0,30,25,65,0,25,35,0,3,0,0,0,2
87,1215,1,car,1,1,1,0,275,330,70,0,50,25,80,0,25,50,0,1,0,0,0,2
87,1216,3,air,1,1,1,0,390,420,60,0,35,15,110,0,25,35,0,2,0,0,0,2
87,1217,1,car,1,1,1,0,345,345,50,0,30,35,110,0,5,45,0,2,0,0,0,2
87,1218,1,car,1,1,1,0,250,300,80,0,40,30,80,0,15,40,0,1,0,0,0,2
88,1219,3,air,0,1,1,1,0,330,80,130,0,30,50,55,15,55,10,2,1,1,0,3
88,1220,4,rail,0,1,1,1,0,360,70,120,0,25,65,65,10,50,10,1,2,1,0,3
88,1221,2,bus,0,1,1,1,0,330,70,140,0,35,95,75,15,50,25,1,2,1,0,3
88,1222,4,rail,0,1,1,1,0,390,70,130,0,15,95,75,5,50,10,2,3,1,0,3
88,1223,4,rail,0,1,1,1,0,390,70,120,0,25,95,35,20,50,10,3,2,1,0,3
88,1224,4,rail,0,1,1,1,0,420,80,170,0,20,95,35,20,35,25,3,2,1,0,3
88,1225,3,air,0,1,1,1,0,420,50,155,0,20,110,65,5,50,20,2,1,1,0,3
88,1226,4,rail,0,1,1,1,0,420,60,170,0,20,110,35,25,45,15,2,1,1,0,3
88,1227,4,rail,0,1,1,1,0,360,60,170,0,30,95,45,25,45,10,1,2,1,0,3
88,1228,3,air,0,1,1,1,0,420,50,155,0,15,95,75,10,40,25,1,2,1,0,3
88,1229,4,rail,0,1,1,1,0,390,50,170,0,15,95,35,5,40,25,2,3,1,0,3
88,1230,3,air,0,1,1,1,0,420,90,140,0,15,50,65,20,35,25,3,2,1,0,3
88,1231,4,rail,0,1,1,1,0,390,90,170,0,20,65,35,15,35,25,3,2,1,0,3
88,1232,3,air,0,1,1,1,0,300,50,170,0,30,65,65,5,50,25,1,2,1,0,3
89,1233,4,rail,0,1,1,1,0,345,60,120,0,35,95,45,25,50,5,3,1,1,0,2
89,1234,3,air,0,1,1,1,0,390,90,120,0,20,50,75,20,50,5,1,2,1,0,2
89,1235,4,rail,0,1,1,1,0,420,50,130,0,15,110,75,10,45,15,2,3,1,0,2
89,1236,2,bus,0,1,1,1,0,420,90,130,0,15,65,65,20,35,20,3,1,1,0,2
89,1237,4,rail,0,1,1,1,0,390,80,155,0,15,65,45,10,50,20,3,1,1,0,2
89,1238,4,rail,0,1,1,1,0,390,60,155,0,15,110,65,10,35,25,2,1,1,0,2
89,1239,2,bus,0,1,1,1,0,330,80,155,0,30,50,65,10,45,15,1,3,1,0,2
89,1240,3,air,0,1,1,1,0,390,90,130,0,15,80,65,5,40,20,3,1,1,0,2
89,1241,4,rail,0,1,1,1,0,420,50,155,0,20,80,35,15,50,10,1,3,1,0,2
89,1242,4,rail,0,1,1,1,0,360,50,155,0,30,80,45,20,55,5,2,3,1,0,2
89,1243,4,rail,0,1,1,1,0,390,50,120,0,35,95,75,25,35,15,1,2,1,0,2
89,1244,4,rail,0,1,1,1,0,390,80,155,0,15,95,45,5,45,25,3,1,1,0,2
89,1245,2,bus,0,1,1,1,0,330,90,155,0,30,65,45,15,35,20,3,1,1,0,2
89,1246,3,air,0,1,1,1,0,360,90,120,0,30,65,55,25,35,25,3,2,1,0,2
90,1247,3,air,1,1,1,1,390,390,90,130,35,35,50,75,20,35,25,1,2,1,1,4
90,1248,3,air,1,1,1,1,300,300,80,170,30,35,110,55,10,40,25,3,2,1,1,4
90,1249,4,rail,1,1,1,1,345,345,90,130,45,25,50,35,10,55,5,2,3,1,1,4
90,1250,3,air,1,1,1,1,390,390,50,155,35,35,80,55,5,55,15,2,1,1,1,4
90,1251,4,rail,1,1,1,1,345,420,60,170,30,15,65,45,15,55,10,1,2,1,1,4
90,1252,4,rail,1,1,1,1,345,420,80,120,30,20,80,75,15,50,10,1,2,1,1,4
90,1253,4,rail,1,1,1,1,250,360,80,120,50,20,80,45,5,40,20,3,2,1,1,4
90,1254,3,air,1,1,1,1,275,360,90,170,35,30,80,35,15,35,20,2,3,1,1,4
90,1255,4,rail,1,1,1,1,275,420,70,120,50,25,95,45,20,50,15,1,3,1,1,4
90,1256,4,rail,1,1,1,1,275,360,80,120,50,30,95,45,15,35,20,1,2,1,1,4
90,1257,4,rail,1,1,1,1,300,300,80,170,45,30,50,35,10,55,5,2,3,1,1,4
90,1258,4,rail,1,1,1,1,275,360,50,130,50,15,110,65,20,45,15,2,3,1,1,4
90,1259,3,air,1,1,1,1,250,420,60,130,50,20,65,65,20,50,10,1,2,1,1,4
90,1260,3,air,1,1,1,1,390,420,60,140,35,20,50,55,5,55,5,3,1,1,1,4
91,1261,3,air,0,1,1,1,0,390,50,170,0,30,50,35,10,55,5,3,2,0,0,4
91,1262,3,air,0,1,1,1,0,420,50,140,0,20,80,55,15,55,5,2,1,0,0,4
91,1263,4,rail,0,1,1,1,0,420,90,120,0,15,65,75,25,45,5,1,3,0,0,4
91,1264,4,rail,0,1,1,1,0,330,90,170,0,35,80,35,10,40,25,1,2,0,0,4
91,1265,4,rail,0,1,1,1,0,420,90,130,0,20,80,75,25,35,25,2,2,0,0,4
91,1266,4,rail,0,1,1,1,0,300,50,170,0,30,95,35,25,45,10,3,2,0,0,4
91,1267,2,bus,0,1,1,1,0,300,60,120,0,35,110,75,5,40,15,2,3,0,0,4
91,1268,4,rail,0,1,1,1,0,330,70,170,0,20,80,45,10,45,20,1,2,0,0,4
91,1269,3,air,0,1,1,1,0,420,50,140,0,15,95,55,10,55,10,3,1,0,0,4
91,1270,4,rail,0,1,1,1,0,360,70,140,0,30,110,45,5,40,25,1,3,0,0,4
91,1271,4,rail,0,1,1,1,0,390,60,130,0,20,80,75,15,55,15,1,3,0,0,4
91,1272,4,rail,0,1,1,1,0,390,70,170,0,35,110,35,5,35,25,2,3,0,0,4
91,1273,4,rail,0,1,1,1,0,330,90,140,0,30,65,65,15,45,15,1,2,0,0,4
91,1274,4,rail,0,1,1,1,0,420,80,140,0,25,50,55,15,50,10,1,3,0,0,4
92,1275,4,rail,1,1,1,1,300,330,70,170,40,25,80,35,15,35,25,3,2,1,0,1
92,1276,1,car,1,1,1,1,390,390,70,140,35,35,95,45,5,45,20,3,1,1,0,1
92,1277,1,car,1,1,1,1,345,390,80,130,35,20,50,65,25,55,5,3,2,1,0,1
92,1278,1,car,1,1,1,1,275,360,80,140,40,25,80,55,25,40,20,2,1,1,0,1
92,1279,4,rail,1,1,1,1,275,420,80,130,45,20,80,35,15,40,15,2,3,1,0,1
92,1280,4,rail,1,1,1,1,250,420,60,140,50,20,110,55,20,35,25,3,1,1,0,1
92,1281,3,air,1,1,1,1,390,420,50,130,30,20,65,75,20,55,10,1,2,1,0,1
92,1282,1,car,1,1,1,1,250,420,80,155,35,20,80,55,15,45,20,1,2,1,0,1
92,1283,3,air,1,1,1,1,390,390,50,130,30,20,65,75,10,50,10,2,1,1,0,1
92,1284,4,rail,1,1,1,1,390,390,50,140,35,15,110,75,5,50,20,3,1,1,0,1
92,1285,4,rail,1,1,1,1,275,360,80,155,50,15,110,35,5,35,20,2,1,1,0,1
92,1286,4,rail,1,1,1,1,300,390,50,170,40,20,65,45,20,55,5,2,1,1,0,1
92,1287,4,rail,1,1,1,1,345,345,70,130,45,25,110,45,20,35,10,3,1,1,0,1
92,1288,3,air,1,1,1,1,275,420,50,120,50,15,50,75,5,55,5,1,3,1,0,1
93,1289,1,car,1,1,1,0,345,360,60,0,35,30,50,0,25,55,0,2,0,0,0,4
93,1290,3,air,1,1,1,0,275,360,90,0,45,25,65,0,20,35,0,2,0,0,0,4
93,1291,3,air,1,1,1,0,300,420,90,0,40,15,50,0,10,35,0,1,0,0,0,4
93,1292,1,car,1,1,1,0,250,300,70,0,45,35,65,0,20,50,0,1,0,0,0,4
93,1293,3,air,1,1,1,0,390,390,90,0,30,25,50,0,5,50,0,3,0,0,0,4
93,1294,1,car,1,1,1,0,345,345,90,0,40,35,65,0,10,40,0,3,0,0,0,4
93,1295,1,car,1,1,1,0,345,345,60,0,35,35,95,0,10,40,0,3,0,0,0,4
93,1296,1,car,1,1,1,0,345,345,80,0,45,30,110,0,25,40,0,3,0,0,0,4
93,1297,1,car,1,1,1,0,345,420,60,0,30,15,110,0,20,40,0,2,0,0,0,4
93,1298,1,car,1,1,1,0,250,300,80,0,40,35,95,0,10,40,0,3,0,0,0,4
93,1299,1,car,1,1,1,0,300,300,60,0,45,35,110,0,5,50,0,1,0,0,0,4
93,1300,1,car,1,1,1,0,275,360,70,0,50,20,110,0,25,40,0,1,0,0,0,4
93,1301,3,air,1,1,1,0,345,345,80,0,30,30,50,0,15,50,0,1,0,0,0,4
93,1302,3,air,1,1,1,0,300,300,80,0,50,25,50,0,5,50,0,2,0,0,0,4
94,1303,3,air,1,0,1,1,390,0,50,155,35,0,50,55,0,45,15,2,3,1,0,1
94,1304,4,rail,1,0,1,1,345,0,60,130,40,0,110,45,0,40,10,3,1,1,0,1
94,1305,1,car,1,0,1,1,390,0,60,130,30,0,95,55,0,55,5,2,1,1,0,1
94,1306,1,car,1,0,1,1,345,0,50,140,40,0,80,45,0,50,10,3,2,1,0,1
94,1307,1,car,1,0,1,1,300,0,50,130,50,0,110,75,0,45,10,2,3,1,0,1
94,1308,1,car,1,0,1,1,345,0,80,120,40,0,80,45,0,45,10,3,1,1,0,1
94,1309,4,rail,1,0,1,1,300,0,60,170,40,0,65,45,0,55,15,3,2,1,0,1
94,1310,3,air,1,0,1,1,300,0,60,140,50,0,50,65,0,55,5,3,1,1,0,1
94,1311,3,air,1,0,1,1,275,0,50,155,50,0,50,45,0,50,10,2,1,1,0,1
94,1312,1,car,1,0,1,1,250,0,70,170,35,0,95,45,0,40,25,3,2,1,0,1
94,1313,1,car,1,0,1,1,390,0,70,120,30,0,110,65,0,40,25,1,3,1,0,1
94,1314,1,car,1,0,1,1,250,0,70,140,50,0,95,65,0,45,20,3,1,1,0,1
94,1315,1,car,1,0,1,1,390,0,50,140,30,0,65,75,0,55,10,1,3,1,0,1
94,1316,4,rail,1,0,1,1,345,0,90,140,40,0,50,35,0,55,5,2,3,1,0,1
95,1317,1,car,1,1,0,0,275,390,0,0,50,25,0,0,20,0,0,0,0,0,0,3
95,1318,1,car,1,1,0,0,390,390,0,0,40,25,0,0,5,0,0,0,0,0,0,3
95,1319,1,car,1,1,0,0,390,390,0,0,40,20,0,0,5,0,0,0,0,0,0,3
95,1320,2,bus,1,1,0,0,300,360,0,0,40,25,0,0,15,0,0,0,0,0,0,3
95,1321,1,car,1,1,0,0,345,345,0,0,30,35,0,0,15,0,0,0,0,0,0,3
95,1322,1,car,1,1,0,0,275,300,0,0,40,30,0,0,5,0,0,0,0,0,0,3
95,1323,1,car,1,1,0,0,345,345,0,0,35,35,0,0,20,0,0,0,0,0,0,3
95,1324,1,car,1,1,0,0,300,330,0,0,50,30,0,0,15,0,0,0,0,0,0,3
95,1325,1,car,1,1,0,0,250,360,0,0,30,30,0,0,25,0,0,0,0,0,0,3
95,1326,1,car,1,1,0,0,345,390,0,0,35,25,0,0,25,0,0,0,0,0,0,3
95,1327,1,car,1,1,0,0,275,330,0,0,50,30,0,0,20,0,0,0,0,0,0,3
95,1328,1,car,1,1,0,0,300,330,0,0,45,30,0,0,10,0,0,0,0,0,0,3
95,1329,1,car,1,1,0,0,345,390,0,0,30,15,0,0,5,0,0,0,0,0,0,3
95,1330,1,car,1,1,0,0,300,420,0,0,35,20,0,0,15,0,0,0,0,0,0,3
96,1331,3,air,0,1,1,1,0,330,90,140,0,35,80,65,25,35,15,2,1,0,1,2
96,1332,4,rail,0,1,1,1,0,360,70,155,0,25,80,35,25,45,15,1,2,0,1,2
96,1333,4,rail,0,1,1,1,0,390,80,155,0,25,65,45,15,45,15,1,3,0,1,2
96,1334,4,rail,0,1,1,1,0,420,60,140,0,20,95,75,15,45,10,1,3,0,1,2
96,1335,3,air,0,1,1,1,0,390,70,140,0,15,95,65,5,35,20,2,3,0,1,2
96,1336,3,air,0,1,1,1,0,420,50,130,0,20,80,65,20,35,25,2,1,0,1,2
96,1337,3,air,0,1,1,1,0,330,90,120,0,35,50,65,25,55,5,3,1,0,1,2
96,1338,3,air,0,1,1,1,0,330,80,155,0,25,50,35,15,50,5,1,2,0,1,2
96,1339,3,air,0,1,1,1,0,390,90,120,0,35,80,55,5,45,15,3,1,0,1,2
96,1340,4,rail,0,1,1,1,0,300,80,170,0,35,80,55,10,40,25,1,2,0,1,2
96,1341,3,air,0,1,1,1,0,390,60,155,0,25,65,55,15,50,15,3,2,0,1,2
96,1342,4,rail,0,1,1,1,0,360,50,120,0,35,80,75,15,40,10,3,2,0,1,2
96,1343,3,air,0,1,1,1,0,300,50,120,0,35,95,65,5,50,10,2,1,0,1,2
96,1344,4,rail,0,1,1,1,0,345,60,155,0,30,65,45,20,55,5,1,2,0,1,2
97,1345,4,rail,1,1,0,1,275,330,0,120,50,35,0,45,20,0,5,0,1,1,0,4
97,1346,1,car,1,1,0,1,275,390,0,155,45,15,0,35,25,0,5,0,1,1,0,4
97,1347,1,car,1,1,0,1,300,300,0,155,45,15,0,65,10,0,20,0,1,1,0,4
97,1348,4,rail,1,1,0,1,390,390,0,155,35,35,0,65,10,0,15,0,3,1,0,4
97,1349,4,rail,1,1,0,1,275,360,0,155,40,30,0,55,20,0,5,0,3,1,0,4
97,1350,1,car,1,1,0,1,250,360,0,120,50,25,0,65,15,0,20,0,2,1,0,4
97,1351,4,rail,1,1,0,1,250,390,0,170,45,20,0,35,25,0,15,0,3,1,0,4
97,1352,4,rail,1,1,0,1,275,360,0,170,40,30,0,35,10,0,15,0,3,1,0,4
97,1353,4,rail,1,1,0,1,275,390,0,155,30,25,0,65,15,0,25,0,2,1,0,4
97,1354,4,rail,1,1,0,1,275,330,0,120,50,25,0,55,25,0,5,0,3,1,0,4
97,1355,4,rail,1,1,0,1,390,420,0,130,35,15,0,55,25,0,15,0,1,1,0,4
97,1356,1,car,1,1,0,1,300,390,0,170,45,25,0,45,10,0,5,0,1,1,0,4
97,1357,1,car,1,1,0,1,345,345,0,140,30,35,0,65,5,0,15,0,1,1,0,4
97,1358,1,car,1,1,0,1,250,300,0,140,40,30,0,75,15,0,20,0,2,1,0,4
98,1359,1,car,1,0,1,0,250,0,80,0,50,0,50,0,0,55,0,2,0,0,0,4
98,1360,1,car,1,0,1,0,275,0,70,0,50,0,65,0,0,50,0,1,0,0,0,4
98,1361,3,air,1,0,1,0,390,0,80,0,30,0,80,0,0,35,0,1,0,0,0,4
98,1362,3,air,1,0,1,0,300,0,70,0,40,0,95,0,0,50,0,2,0,0,0,4
98,1363,1,car,1,0,1,0,300,0,70,0,45,0,95,0,0,50,0,3,0,0,0,4
98,1364,1,car,1,0,1,0,275,0,80,0,30,0,95,0,0,35,0,3,0,0,0,4
98,1365,1,car,1,0,1,0,300,0,50,0,40,0,110,0,0,50,0,2,0,0,0,4
98,1366,1,car,1,0,1,0,345,0,60,0,35,0,110,0,0,45,0,2,0,0,0,4
98,1367,1,car,1,0,1,0,250,0,50,0,40,0,95,0,0,40,0,1,0,0,0,4
98,1368,3,air,1,0,1,0,345,0,90,0,35,0,65,0,0,50,0,3,0,0,0,4
98,1369,1,car,1,0,1,0,390,0,50,0,35,0,95,0,0,40,0,2,0,0,0,4
98,1370,1,car,1,0,1,0,250,0,90,0,45,0,50,0,0,35,0,3,0,0,0,4
98,1371,1,car,1,0,1,0,250,0,90,0,40,0,65,0,0,35,0,3,0,0,0,4
98,1372,1,car,1,0,1,0,300,0,50,0,40,0,65,0,0,50,0,1,0,0,0,4
99,1373,1,car,1,1,0,1,390,390,0,130,30,15,0,75,10,0,15,0,3,0,0,2
99,1374,4,rail,1,1,0,1,345,345,0,120,45,35,0,45,25,0,5,0,1,0,0,2
99,1375,1,car,1,1,0,1,250,390,0,120,45,20,0,75,20,0,5,0,2,0,0,2
99,1376,1,car,1,1,0,1,300,420,0,130,45,15,0,75,10,0,15,0,3,0,0,2
99,1377,1,car,1,1,0,1,390,420,0,130,30,15,0,65,20,0,20,0,1,0,0,2
99,1378,2,bus,1,1,0,1,390,390,0,155,40,15,0,65,10,0,25,0,1,0,0,2
99,1379,1,car,1,1,0,1,250,330,0,155,45,30,0,65,10,0,15,0,3,0,0,2
99,1380,1,car,1,1,0,1,275,390,0,130,40,15,0,65,5,0,20,0,1,0,0,2
99,1381,4,rail,1,1,0,1,275,420,0,155,50,20,0,35,15,0,10,0,3,0,0,2
99,1382,4,rail,1,1,0,1,345,360,0,155,50,30,0,45,20,0,5,0,3,0,0,2
99,1383,1,car,1,1,0,1,390,390,0,120,35,35,0,75,25,0,15,0,2,0,0,2
99,1384,4,rail,1,1,0,1,300,330,0,155,35,30,0,45,15,0,20,0,1,0,0,2
99,1385,1,car,1,1,0,1,250,360,0,120,50,30,0,55,25,0,25,0,2,0,0,2
99,1386,4,rail,1,1,0,1,390,390,0,120,35,35,0,55,20,0,10,0,1,0,0,2
100,1387,1,car,1,1,0,1,390,390,0,130,35,35,0,75,20,0,25,0,2,1,0,2
100,1388,4,rail,1,1,0,1,300,300,0,170,30,35,0,55,10,0,25,0,2,1,0,2
100,1389,4,rail,1,1,0,1,345,345,0,130,45,25,0,35,10,0,5,0,3,1,0,2
100,1390,4,rail,1,1,0,1,390,390,0,155,35,35,0,55,5,0,15,0,1,1,0,2
100,1391,4,rail,1,1,0,1,345,420,0,170,30,15,0,45,15,0,10,0,2,1,0,2
100,1392,1,car,1,1,0,1,345,420,0,120,30,20,0,75,15,0,10,0,2,1,0,2
100,1393,1,car,1,1,0,1,250,360,0,120,50,20,0,45,5,0,20,0,2,1,0,2
100,1394,1,car,1,1,0,1,275,360,0,170,35,30,0,35,15,0,20,0,3,1,0,2
100,1395,4,rail,1,1,0,1,275,360,0,120,50,30,0,45,15,0,20,0,2,1,0,2
100,1396,1,car,1,1,0,1,300,300,0,170,45,30,0,35,10,0,5,0,3,1,0,2
100,1397,1,car,1,1,0,1,275,360,0,130,50,15,0,65,20,0,15,0,3,1,0,2
100,1398,1,car,1,1,0,1,345,360,0,140,30,25,0,75,25,0,5,0,2,1,0,2
100,1399,4,rail,1,1,0,1,250,420,0,130,50,20,0,65,20,0,10,0,2,1,0,2
100,1400,1,car,1,1,0,1,390,420,0,140,35,20,0,55,5,0,5,0,1,1,0,2
101,1401,1,car,1,0,0,1,390,0,0,170,40,0,0,35,0,0,5,0,2,0,0,4
101,1402,4,rail,1,0,0,1,390,0,0,140,30,0,0,55,0,0,5,0,1,0,0,4
101,1403,1,car,1,0,0,1,300,0,0,155,30,0,0,75,0,0,25,0,2,0,0,4
101,1404,4,rail,1,0,0,1,250,0,0,170,40,0,0,35,0,0,25,0,2,0,0,4
101,1405,4,rail,1,0,0,1,275,0,0,130,30,0,0,75,0,0,25,0,2,0,0,4
101,1406,4,rail,1,0,0,1,275,0,0,170,45,0,0,35,0,0,10,0,2,0,0,4
101,1407,4,rail,1,0,0,1,275,0,0,120,50,0,0,75,0,0,15,0,3,0,0,4
101,1408,1,car,1,0,0,1,250,0,0,170,45,0,0,45,0,0,20,0,2,0,0,4
101,1409,4,rail,1,0,0,1,390,0,0,140,35,0,0,55,0,0,10,0,1,0,0,4
101,1410,4,rail,1,0,0,1,345,0,0,140,35,0,0,45,0,0,25,0,3,0,0,4
101,1411,4,rail,1,0,0,1,345,0,0,120,45,0,0,35,0,0,5,0,1,0,0,4
101,1412,1,car,1,0,0,1,250,0,0,130,50,0,0,75,0,0,15,0,3,0,0,4
101,1413,4,rail,1,0,0,1,390,0,0,170,30,0,0,35,0,0,25,0,3,0,0,4
101,1414,1,car,1,0,0,1,300,0,0,140,45,0,0,55,0,0,10,0,3,0,0,4
102,1415,4,rail,1,1,1,1,300,330,70,170,40,25,80,35,15,35,25,3,2,1,0,3
102,1416,1,car,1,1,1,1,390,390,70,140,35,35,95,45,5,45,20,3,1,1,0,3
102,1417,3,air,1,1,1,1,345,390,80,130,35,20,50,65,25,55,5,3,2,1,0,3
102,1418,1,car,1,1,1,1,275,360,80,140,40,25,80,55,25,40,20,2,1,1,0,3
102,1419,4,rail,1,1,1,1,275,420,80,130,45,20,80,35,15,40,15,2,3,1,0,3
102,1420,1,car,1,1,1,1,250,420,60,140,50,20,110,55,20,35,25,3,1,1,0,3
102,1421,3,air,1,1,1,1,390,420,50,130,30,20,65,75,20,55,10,1,2,1,0,3
102,1422,1,car,1,1,1,1,250,420,80,155,35,20,80,55,15,45,20,1,2,1,0,3
102,1423,4,rail,1,1,1,1,300,300,80,140,35,30,95,45,20,35,20,3,2,1,0,3
102,1424,3,air,1,1,1,1,390,390,50,130,30,20,65,75,10,50,10,2,1,1,0,3
102,1425,4,rail,1,1,1,1,390,390,50,140,35,15,110,75,5,50,20,3,1,1,0,3
102,1426,4,rail,1,1,1,1,300,390,50,170,40,20,65,45,20,55,5,2,1,1,0,3
102,1427,4,rail,1,1,1,1,345,345,70,130,45,25,110,45,20,35,10,3,1,1,0,3
102,1428,3,air,1,1,1,1,275,420,50,120,50,15,50,75,5,55,5,1,3,1,0,3
103,1429,3,air,0,1,1,1,0,360,90,140,0,20,50,65,10,40,20,2,3,1,1,4
103,1430,3,air,0,1,1,1,0,360,90,130,0,25,65,55,20,35,20,2,3,1,1,4
103,1431,3,air,0,1,1,1,0,420,90,140,0,15,50,55,10,35,25,1,3,1,1,4
103,1432,4,rail,0,1,1,1,0,300,70,120,0,35,65,75,20,50,10,1,2,1,1,4
103,1433,4,rail,0,1,1,1,0,390,90,140,0,25,50,55,5,50,15,3,1,1,1,4
103,1434,3,air,0,1,1,1,0,345,90,130,0,35,65,35,10,40,20,3,1,1,1,4
103,1435,3,air,0,1,1,1,0,345,60,130,0,35,95,75,10,40,15,3,2,1,1,4
103,1436,4,rail,0,1,1,1,0,345,80,120,0,30,110,45,25,40,5,3,1,1,1,4
103,1437,3,air,0,1,1,1,0,420,60,170,0,15,110,35,20,40,15,2,1,1,1,4
103,1438,4,rail,0,1,1,1,0,300,80,155,0,35,95,45,10,40,25,3,1,1,1,4
103,1439,4,rail,0,1,1,1,0,300,60,155,0,35,110,65,5,50,20,1,3,1,1,4
103,1440,4,rail,0,1,1,1,0,360,70,120,0,20,110,75,25,40,15,1,3,1,1,4
103,1441,4,rail,0,1,1,1,0,345,80,155,0,30,50,55,15,50,10,1,2,1,1,4
103,1442,3,air,0,1,1,1,0,300,80,130,0,25,50,75,5,50,15,2,1,1,1,4
104,1443,1,car,1,1,0,0,390,390,0,0,35,20,0,0,15,0,0,0,0,0,0,1
104,1444,1,car,1,1,0,0,345,390,0,0,40,25,0,0,25,0,0,0,0,0,0,1
104,1445,1,car,1,1,0,0,390,420,0,0,30,20,0,0,25,0,0,0,0,0,0,1
104,1446,2,bus,1,1,0,0,300,420,0,0,50,15,0,0,20,0,0,0,0,0,0,1
104,1447,1,car,1,1,0,0,390,420,0,0,30,15,0,0,5,0,0,0,0,0,0,1
104,1448,1,car,1,1,0,0,345,345,0,0,40,35,0,0,25,0,0,0,0,0,0,1
104,1449,2,bus,1,1,0,0,300,390,0,0,40,25,0,0,20,0,0,0,0,0,0,1
104,1450,2,bus,1,1,0,0,300,390,0,0,50,15,0,0,10,0,0,0,0,0,0,1
104,1451,2,bus,1,1,0,0,345,360,0,0,45,30,0,0,25,0,0,0,0,0,0,1
104,1452,1,car,1,1,0,0,275,360,0,0,50,30,0,0,15,0,0,0,0,0,0,1
104,1453,1,car,1,1,0,0,250,360,0,0,35,20,0,0,5,0,0,0,0,0,0,1
104,1454,1,car,1,1,0,0,390,390,0,0,30,15,0,0,10,0,0,0,0,0,0,1
104,1455,1,car,1,1,0,0,250,330,0,0,50,15,0,0,10,0,0,0,0,0,0,1
104,1456,1,car,1,1,0,0,390,390,0,0,30,35,0,0,10,0,0,0,0,0,0,1
105,1457,4,rail,1,1,0,1,250,300,0,170,45,25,0,35,5,0,25,0,2,1,0,3
105,1458,1,car,1,1,0,1,275,390,0,140,50,25,0,35,20,0,15,0,3,1,0,3
105,1459,1,car,1,1,0,1,390,390,0,130,40,25,0,75,5,0,15,0,1,1,0,3
105,1460,4,rail,1,1,0,1,390,390,0,120,40,20,0,75,5,0,20,0,3,1,0,3
105,1461,4,rail,1,1,0,1,300,360,0,170,40,25,0,35,15,0,5,0,3,1,0,3
105,1462,1,car,1,1,0,1,275,300,0,170,40,30,0,35,5,0,25,0,3,1,0,3
105,1463,1,car,1,1,0,1,345,345,0,130,35,35,0,65,20,0,20,0,3,1,0,3
105,1464,1,car,1,1,0,1,250,360,0,170,30,30,0,55,25,0,20,0,3,1,0,3
105,1465,4,rail,1,1,0,1,345,390,0,170,35,25,0,45,25,0,5,0,2,1,0,3
105,1466,4,rail,1,1,0,1,275,330,0,155,50,30,0,55,20,0,20,0,1,1,0,3
105,1467,1,car,1,1,0,1,300,330,0,140,45,30,0,45,10,0,10,0,3,1,0,3
105,1468,4,rail,1,1,0,1,345,390,0,140,30,15,0,65,5,0,20,0,3,1,0,3
105,1469,1,car,1,1,0,1,250,330,0,120,50,30,0,75,25,0,10,0,2,1,0,3
105,1470,1,car,1,1,0,1,300,420,0,170,35,20,0,35,15,0,25,0,2,1,0,3
106,1471,1,car,1,1,1,1,250,330,90,140,30,35,80,65,25,35,15,2,1,0,0,3
106,1472,4,rail,1,1,1,1,300,360,70,155,35,25,80,35,25,45,15,1,2,0,0,3
106,1473,4,rail,1,1,1,1,300,390,80,155,35,25,65,45,15,45,15,1,3,0,0,3
106,1474,3,air,1,1,1,1,250,420,60,140,50,20,95,75,15,45,10,1,3,0,0,3
106,1475,2,bus,1,1,1,1,275,390,70,140,35,15,95,65,5,35,20,2,3,0,0,3
106,1476,1,car,1,1,1,1,390,420,50,130,30,20,80,65,20,35,25,2,1,0,0,3
106,1477,1,car,1,1,1,1,390,390,70,130,35,35,110,35,25,45,10,3,1,0,0,3
106,1478,4,rail,1,1,1,1,300,330,80,155,40,25,50,35,15,50,5,1,2,0,0,3
106,1479,1,car,1,1,1,1,275,300,80,170,40,35,80,55,10,40,25,1,2,0,0,3
106,1480,4,rail,1,1,1,1,345,345,70,170,35,35,50,45,25,55,5,3,2,0,0,3
106,1481,1,car,1,1,1,1,275,390,60,155,50,25,65,55,15,50,15,3,2,0,0,3
106,1482,3,air,1,1,1,1,345,360,50,120,35,35,80,75,15,40,10,3,2,0,0,3
106,1483,1,car,1,1,1,1,250,300,50,120,50,35,95,65,5,50,10,2,1,0,0,3
106,1484,4,rail,1,1,1,1,345,345,60,155,40,30,65,45,20,55,5,1,2,0,0,3
107,1485,1,car,1,1,1,1,275,330,80,120,50,35,65,45,20,55,5,3,1,1,0,4
107,1486,1,car,1,1,1,1,275,330,70,170,45,15,110,55,5,40,25,2,3,1,0,4
107,1487,1,car,1,1,1,1,275,390,70,155,45,15,80,35,25,55,5,1,1,1,0,4
107,1488,3,air,1,1,1,1,390,390,60,155,35,35,95,65,10,45,15,2,3,1,0,4
107,1489,3,air,1,1,1,1,275,360,50,155,40,30,80,55,20,50,5,1,3,1,0,4
107,1490,1,car,1,1,1,1,250,360,60,120,50,25,110,65,15,45,20,3,2,1,0,4
107,1491,3,air,1,1,1,1,250,390,90,170,45,20,50,35,25,35,15,2,3,1,0,4
107,1492,3,air,1,1,1,1,275,360,70,170,40,30,65,35,10,50,15,2,3,1,0,4
107,1493,1,car,1,1,1,1,275,390,90,155,30,25,65,65,15,40,25,1,2,1,0,4
107,1494,1,car,1,1,1,1,390,390,90,120,30,25,65,65,25,35,15,3,1,1,0,4
107,1495,4,rail,1,1,1,1,275,330,70,120,50,25,80,55,25,50,5,1,3,1,0,4
107,1496,4,rail,1,1,1,1,390,420,60,130,35,15,110,55,25,35,15,2,1,1,0,4
107,1497,3,air,1,1,1,1,300,390,50,170,45,25,50,45,10,55,5,2,1,1,0,4
107,1498,4,rail,1,1,1,1,345,345,50,140,30,35,110,65,5,45,15,2,1,1,0,4
108,1499,3,air,1,1,1,1,250,330,80,130,50,30,50,55,15,55,10,2,1,0,0,4
108,1500,4,rail,1,1,1,1,275,360,70,120,50,25,65,65,10,50,10,1,2,0,0,4
108,1501,4,rail,1,1,1,1,300,330,70,140,30,35,95,75,15,50,25,1,2,0,0,4
108,1502,1,car,1,1,1,1,390,390,80,130,30,30,80,65,10,35,25,1,3,0,0,4
108,1503,1,car,1,1,1,1,300,390,70,130,40,15,95,75,5,50,10,2,3,0,0,4
108,1504,1,car,1,1,1,1,275,420,80,170,30,20,95,35,20,35,25,3,2,0,0,4
108,1505,3,air,1,1,1,1,300,420,50,155,40,20,110,65,5,50,20,2,1,0,0,4
108,1506,4,rail,1,1,1,1,345,420,60,170,35,20,110,35,25,45,15,2,1,0,0,4
108,1507,4,rail,1,1,1,1,250,360,60,170,40,30,95,45,25,45,10,1,2,0,0,4
108,1508,1,car,1,1,1,1,250,420,50,155,40,15,95,75,10,40,25,1,2,0,0,4
108,1509,3,air,1,1,1,1,345,390,90,155,35,15,65,35,10,50,10,3,1,0,0,4
108,1510,4,rail,1,1,1,1,390,390,50,170,35,15,95,35,5,40,25,2,3,0,0,4
108,1511,1,car,1,1,1,1,250,420,90,140,45,15,50,65,20,35,25,3,2,0,0,4
108,1512,4,rail,1,1,1,1,250,390,90,170,40,20,65,35,15,35,25,3,2,0,0,4
109,1513,3,air,1,1,1,1,390,390,70,130,30,15,95,75,10,45,15,2,3,0,1,3
109,1514,4,rail,1,1,1,1,345,345,60,120,45,35,95,45,25,50,5,3,1,0,1,3
109,1515,1,car,1,1,1,1,300,420,50,130,45,15,110,75,10,45,15,2,3,0,1,3
109,1516,3,air,1,1,1,1,390,420,90,130,30,15,65,65,20,35,20,3,1,0,1,3
109,1517,3,air,1,1,1,1,250,390,80,155,45,15,65,45,10,50,20,3,1,0,1,3
109,1518,3,air,1,1,1,1,390,390,60,155,40,15,110,65,10,35,25,2,1,0,1,3
109,1519,3,air,1,1,1,1,250,330,80,155,45,30,50,65,10,45,15,1,3,0,1,3
109,1520,4,rail,1,1,1,1,275,390,90,130,40,15,80,65,5,40,20,3,1,0,1,3
109,1521,1,car,1,1,1,1,275,420,50,155,50,20,80,35,15,50,10,1,3,0,1,3
109,1522,3,air,1,1,1,1,345,360,50,155,50,30,80,45,20,55,5,2,3,0,1,3
109,1523,4,rail,1,1,1,1,390,390,50,120,35,35,95,75,25,35,15,1,2,0,1,3
109,1524,1,car,1,1,1,1,300,330,90,155,35,30,65,45,15,35,20,3,1,0,1,3
109,1525,4,rail,1,1,1,1,250,360,90,120,50,30,65,55,25,35,25,3,2,0,1,3
109,1526,1,car,1,1,1,1,390,390,70,120,35,35,95,55,20,45,10,1,1,0,1,3
110,1527,3,air,0,1,1,1,0,390,90,130,0,35,50,75,20,35,25,1,2,1,0,2
110,1528,4,rail,0,1,1,1,0,300,80,170,0,35,110,55,10,40,25,3,2,1,0,2
110,1529,3,air,0,1,1,1,0,345,90,130,0,25,50,35,10,55,5,2,3,1,0,2
110,1530,4,rail,0,1,1,1,0,390,50,155,0,35,80,55,5,55,15,2,1,1,0,2
110,1531,4,rail,0,1,1,1,0,330,80,120,0,35,95,55,20,45,5,1,3,1,0,2
110,1532,4,rail,0,1,1,1,0,420,60,170,0,15,65,45,15,55,10,1,2,1,0,2
110,1533,4,rail,0,1,1,1,0,360,80,120,0,20,80,45,5,40,20,3,2,1,0,2
110,1534,4,rail,0,1,1,1,0,360,90,170,0,30,80,35,15,35,20,2,3,1,0,2
110,1535,4,rail,0,1,1,1,0,420,70,120,0,25,95,45,20,50,15,1,3,1,0,2
110,1536,4,rail,0,1,1,1,0,360,80,120,0,30,95,45,15,35,20,1,2,1,0,2
110,1537,3,air,0,1,1,1,0,300,80,170,0,30,50,35,10,55,5,2,3,1,0,2
110,1538,4,rail,0,1,1,1,0,360,50,130,0,15,110,65,20,45,15,2,3,1,0,2
110,1539,4,rail,0,1,1,1,0,420,60,130,0,20,65,65,20,50,10,1,2,1,0,2
110,1540,3,air,0,1,1,1,0,420,60,140,0,20,50,55,5,55,5,3,1,1,0,2
111,1541,4,rail,0,0,1,1,0,0,50,170,0,0,50,35,0,55,5,3,2,1,0,1
111,1542,3,air,0,0,1,1,0,0,90,120,0,0,65,75,0,45,5,1,3,1,0,1
111,1543,4,rail,0,0,1,1,0,0,70,155,0,0,110,75,0,40,25,1,2,1,0,1
111,1544,4,rail,0,0,1,1,0,0,90,170,0,0,80,35,0,40,25,1,2,1,0,1
111,1545,3,air,0,0,1,1,0,0,90,130,0,0,80,75,0,35,25,2,2,1,0,1
111,1546,4,rail,0,0,1,1,0,0,50,170,0,0,95,35,0,45,10,3,2,1,0,1
111,1547,4,rail,0,0,1,1,0,0,60,120,0,0,110,75,0,40,15,2,3,1,0,1
111,1548,4,rail,0,0,1,1,0,0,70,170,0,0,80,45,0,45,20,1,2,1,0,1
111,1549,4,rail,0,0,1,1,0,0,50,140,0,0,95,55,0,55,10,3,1,1,0,1
111,1550,4,rail,0,0,1,1,0,0,70,140,0,0,110,45,0,40,25,1,3,1,0,1
111,1551,4,rail,0,0,1,1,0,0,80,120,0,0,65,35,0,55,5,3,1,1,0,1
111,1552,4,rail,0,0,1,1,0,0,60,130,0,0,80,75,0,55,15,1,3,1,0,1
111,1553,4,rail,0,0,1,1,0,0,70,170,0,0,110,35,0,35,25,2,3,1,0,1
111,1554,3,air,0,0,1,1,0,0,90,140,0,0,65,65,0,45,15,1,2,1,0,1
112,1555,4,rail,0,1,1,1,0,330,70,170,0,25,80,35,15,35,25,3,2,0,0,4
112,1556,3,air,0,1,1,1,0,345,90,130,0,30,50,55,15,35,20,2,3,0,0,4
112,1557,4,rail,0,1,1,1,0,390,70,140,0,35,95,45,5,45,20,3,1,0,0,4
112,1558,3,air,0,1,1,1,0,390,80,130,0,20,50,65,25,55,5,3,2,0,0,4
112,1559,3,air,0,1,1,1,0,360,80,140,0,25,80,55,25,40,20,2,1,0,0,4
112,1560,4,rail,0,1,1,1,0,420,80,130,0,20,80,35,15,40,15,2,3,0,0,4
112,1561,4,rail,0,1,1,1,0,420,60,140,0,20,110,55,20,35,25,3,1,0,0,4
112,1562,4,rail,0,1,1,1,0,420,80,155,0,20,80,55,15,45,20,1,2,0,0,4
112,1563,3,air,0,1,1,1,0,390,50,130,0,20,65,75,10,50,10,2,1,0,0,4
112,1564,3,air,0,1,1,1,0,390,50,140,0,15,110,75,5,50,20,3,1,0,0,4
112,1565,4,rail,0,1,1,1,0,360,80,155,0,15,110,35,5,35,20,2,1,0,0,4
112,1566,3,air,0,1,1,1,0,390,50,170,0,20,65,45,20,55,5,2,1,0,0,4
112,1567,4,rail,0,1,1,1,0,345,70,130,0,25,110,45,20,35,10,3,1,0,0,4
112,1568,4,rail,0,1,1,1,0,420,50,120,0,15,50,75,5,55,5,1,3,0,0,4
113,1569,3,air,1,0,1,1,250,0,90,140,45,0,50,65,0,40,20,2,3,1,0,3
113,1570,3,air,1,0,1,1,275,0,90,130,45,0,65,55,0,35,20,2,3,1,0,3
113,1571,1,car,1,0,1,1,300,0,90,140,40,0,50,55,0,35,25,1,3,1,0,3
113,1572,1,car,1,0,1,1,250,0,70,120,45,0,65,75,0,50,10,1,2,1,0,3
113,1573,1,car,1,0,1,1,390,0,90,140,30,0,50,55,0,50,15,3,1,1,0,3
113,1574,4,rail,1,0,1,1,345,0,90,130,40,0,65,35,0,40,20,3,1,1,0,3
113,1575,3,air,1,0,1,1,345,0,60,130,35,0,95,75,0,40,15,3,2,1,0,3
113,1576,4,rail,1,0,1,1,345,0,80,120,45,0,110,45,0,40,5,3,1,1,0,3
113,1577,1,car,1,0,1,1,345,0,60,170,30,0,110,35,0,40,15,2,1,1,0,3
113,1578,1,car,1,0,1,1,250,0,90,155,45,0,50,55,0,40,20,2,1,1,0,3
113,1579,4,rail,1,0,1,1,250,0,80,155,40,0,95,45,0,40,25,3,1,1,0,3
113,1580,4,rail,1,0,1,1,300,0,60,155,45,0,110,65,0,50,20,1,3,1,0,3
113,1581,4,rail,1,0,1,1,345,0,80,155,30,0,50,55,0,50,10,1,2,1,0,3
113,1582,3,air,1,0,1,1,300,0,80,130,50,0,50,75,0,50,15,2,1,1,0,3
114,1583,3,air,1,1,1,1,390,390,50,155,35,20,50,55,15,45,15,2,3,0,0,4
114,1584,1,car,1,1,1,1,345,390,60,130,40,25,110,45,25,40,10,3,1,0,0,4
114,1585,4,rail,1,1,1,1,390,420,60,130,30,20,95,55,25,55,5,2,1,0,0,4
114,1586,4,rail,1,1,1,1,345,390,50,140,40,25,80,45,20,50,10,3,2,0,0,4
114,1587,1,car,1,1,1,1,300,420,50,130,50,15,110,75,20,45,10,2,3,0,0,4
114,1588,3,air,1,1,1,1,345,345,80,120,40,35,80,45,25,45,10,3,1,0,0,4
114,1589,1,car,1,1,1,1,300,390,60,170,40,25,65,45,20,55,15,3,2,0,0,4
114,1590,3,air,1,1,1,1,300,390,60,140,50,15,50,65,10,55,5,3,1,0,0,4
114,1591,1,car,1,1,1,1,345,360,90,120,45,30,95,45,25,40,10,2,3,0,0,4
114,1592,4,rail,1,1,1,1,275,360,50,155,50,30,50,45,15,50,10,2,1,0,0,4
114,1593,1,car,1,1,1,1,250,360,70,170,35,20,95,45,5,40,25,3,2,0,0,4
114,1594,1,car,1,1,1,1,390,390,70,120,30,15,110,65,10,40,25,1,3,0,0,4
114,1595,1,car,1,1,1,1,250,330,70,140,50,15,95,65,10,45,20,3,1,0,0,4
114,1596,1,car,1,1,1,1,390,390,50,140,30,35,65,75,10,55,10,1,3,0,0,4
115,1597,4,rail,1,1,0,1,250,300,0,170,45,25,0,35,5,0,25,0,2,1,0,2
115,1598,4,rail,1,1,0,1,275,390,0,140,50,25,0,35,20,0,15,0,3,1,0,2
115,1599,1,car,1,1,0,1,390,390,0,120,40,20,0,75,5,0,20,0,3,1,0,2
115,1600,4,rail,1,1,0,1,300,360,0,170,40,25,0,35,15,0,5,0,3,1,0,2
115,1601,1,car,1,1,0,1,345,345,0,155,30,35,0,55,15,0,20,0,3,1,0,2
115,1602,1,car,1,1,0,1,275,300,0,170,40,30,0,35,5,0,25,0,3,1,0,2
115,1603,4,rail,1,1,0,1,345,345,0,130,35,35,0,65,20,0,20,0,3,1,0,2
115,1604,1,car,1,1,0,1,300,330,0,130,50,30,0,75,15,0,5,0,2,1,0,2
115,1605,1,car,1,1,0,1,250,360,0,170,30,30,0,55,25,0,20,0,3,1,0,2
115,1606,1,car,1,1,0,1,275,330,0,155,50,30,0,55,20,0,20,0,1,1,0,2
115,1607,1,car,1,1,0,1,300,330,0,140,45,30,0,45,10,0,10,0,3,1,0,2
115,1608,4,rail,1,1,0,1,345,390,0,140,30,15,0,65,5,0,20,0,3,1,0,2
115,1609,4,rail,1,1,0,1,250,330,0,120,50,30,0,75,25,0,10,0,2,1,0,2
115,1610,4,rail,1,1,0,1,300,420,0,170,35,20,0,35,15,0,25,0,2,1,0,2
116,1611,3,air,1,1,1,1,250,330,90,140,30,35,80,65,25,35,15,2,1,1,1,3
116,1612,3,air,1,1,1,1,300,360,70,155,35,25,80,35,25,45,15,1,2,1,1,3
116,1613,4,rail,1,1,1,1,300,390,80,155,35,25,65,45,15,45,15,1,3,1,1,3
116,1614,4,rail,1,1,1,1,250,420,60,140,50,20,95,75,15,45,10,1,3,1,1,3
116,1615,3,air,1,1,1,1,275,390,70,140,35,15,95,65,5,35,20,2,3,1,1,3
116,1616,3,air,1,1,1,1,390,420,50,130,30,20,80,65,20,35,25,2,1,1,1,3
116,1617,1,car,1,1,1,1,300,330,90,120,45,35,50,65,25,55,5,3,1,1,1,3
116,1618,4,rail,1,1,1,1,300,330,80,155,40,25,50,35,15,50,5,1,2,1,1,3
116,1619,4,rail,1,1,1,1,390,390,90,120,30,35,80,55,5,45,15,3,1,1,1,3
116,1620,4,rail,1,1,1,1,275,300,80,170,40,35,80,55,10,40,25,1,2,1,1,3
116,1621,3,air,1,1,1,1,345,345,70,170,35,35,50,45,25,55,5,3,2,1,1,3
116,1622,4,rail,1,1,1,1,275,390,60,155,50,25,65,55,15,50,15,3,2,1,1,3
116,1623,3,air,1,1,1,1,345,360,50,120,35,35,80,75,15,40,10,3,2,1,1,3
116,1624,4,rail,1,1,1,1,345,345,60,155,40,30,65,45,20,55,5,1,2,1,1,3
117,1625,3,air,1,1,1,1,275,330,80,120,50,35,65,45,20,55,5,3,1,1,1,3
117,1626,3,air,1,1,1,1,275,330,70,170,45,15,110,55,5,40,25,2,3,1,1,3
117,1627,3,air,1,1,1,1,300,300,60,155,45,15,110,65,10,40,20,2,1,1,1,3
117,1628,3,air,1,1,1,1,390,390,60,155,35,35,95,65,10,45,15,2,3,1,1,3
117,1629,1,car,1,1,1,1,275,360,50,155,40,30,80,55,20,50,5,1,3,1,1,3
117,1630,1,car,1,1,1,1,250,360,60,120,50,25,110,65,15,45,20,3,2,1,1,3
117,1631,3,air,1,1,1,1,250,390,90,170,45,20,50,35,25,35,15,2,3,1,1,3
117,1632,3,air,1,1,1,1,275,360,70,170,40,30,65,35,10,50,15,2,3,1,1,3
117,1633,1,car,1,1,1,1,275,390,90,155,30,25,65,65,15,40,25,1,2,1,1,3
117,1634,3,air,1,1,1,1,390,390,90,120,30,25,65,65,25,35,15,3,1,1,1,3
117,1635,4,rail,1,1,1,1,275,330,70,120,50,25,80,55,25,50,5,1,3,1,1,3
117,1636,3,air,1,1,1,1,390,420,60,130,35,15,110,55,25,35,15,2,1,1,1,3
117,1637,3,air,1,1,1,1,345,345,50,140,30,35,110,65,5,45,15,2,1,1,1,3
117,1638,1,car,1,1,1,1,250,300,80,140,40,30,80,75,15,40,20,1,2,1,1,3
118,1639,3,air,1,0,1,1,250,0,80,130,50,0,50,55,0,55,10,2,1,0,0,1
118,1640,4,rail,1,0,1,1,275,0,70,120,50,0,65,65,0,50,10,1,2,0,0,1
118,1641,1,car,1,0,1,1,300,0,70,140,30,0,95,75,0,50,25,1,2,0,0,1
118,1642,1,car,1,0,1,1,390,0,80,130,30,0,80,65,0,35,25,1,3,0,0,1
118,1643,1,car,1,0,1,1,300,0,70,130,40,0,95,75,0,50,10,2,3,0,0,1
118,1644,1,car,1,0,1,1,275,0,80,170,30,0,95,35,0,35,25,3,2,0,0,1
118,1645,1,car,1,0,1,1,300,0,50,155,40,0,110,65,0,50,20,2,1,0,0,1
118,1646,4,rail,1,0,1,1,345,0,60,170,35,0,110,35,0,45,15,2,1,0,0,1
118,1647,4,rail,1,0,1,1,250,0,50,155,40,0,95,75,0,40,25,1,2,0,0,1
118,1648,1,car,1,0,1,1,345,0,90,155,35,0,65,35,0,50,10,3,1,0,0,1
118,1649,4,rail,1,0,1,1,390,0,50,170,35,0,95,35,0,40,25,2,3,0,0,1
118,1650,3,air,1,0,1,1,250,0,90,140,45,0,50,65,0,35,25,3,2,0,0,1
118,1651,4,rail,1,0,1,1,250,0,90,170,40,0,65,35,0,35,25,3,2,0,0,1
118,1652,1,car,1,0,1,1,300,0,50,170,40,0,65,65,0,50,25,1,2,0,0,1
119,1653,3,air,1,1,1,1,390,390,70,130,30,15,95,75,10,45,15,2,3,0,1,2
119,1654,4,rail,1,1,1,1,345,345,60,120,45,35,95,45,25,50,5,3,1,0,1,2
119,1655,3,air,1,1,1,1,300,420,50,130,45,15,110,75,10,45,15,2,3,0,1,2
119,1656,3,air,1,1,1,1,390,420,90,130,30,15,65,65,20,35,20,3,1,0,1,2
119,1657,3,air,1,1,1,1,250,390,80,155,45,15,65,45,10,50,20,3,1,0,1,2
119,1658,4,rail,1,1,1,1,390,390,60,155,40,15,110,65,10,35,25,2,1,0,1,2
119,1659,1,car,1,1,1,1,250,330,80,155,45,30,50,65,10,45,15,1,3,0,1,2
119,1660,1,car,1,1,1,1,275,390,90,130,40,15,80,65,5,40,20,3,1,0,1,2
119,1661,1,car,1,1,1,1,275,420,50,155,50,20,80,35,15,50,10,1,3,0,1,2
119,1662,3,air,1,1,1,1,345,360,50,155,50,30,80,45,20,55,5,2,3,0,1,2
119,1663,4,rail,1,1,1,1,390,390,50,120,35,35,95,75,25,35,15,1,2,0,1,2
119,1664,4,rail,1,1,1,1,300,330,90,155,35,30,65,45,15,35,20,3,1,0,1,2
119,1665,3,air,1,1,1,1,250,360,90,120,50,30,65,55,25,35,25,3,2,0,1,2
119,1666,4,rail,1,1,1,1,390,390,70,120,35,35,95,55,20,45,10,1,1,0,1,2
120,1667,3,air,1,1,1,0,390,390,90,0,35,35,50,0,20,35,0,1,0,0,0,3
120,1668,1,car,1,1,1,0,300,300,80,0,30,35,110,0,10,40,0,3,0,0,0,3
120,1669,3,air,1,1,1,0,345,345,90,0,45,25,50,0,10,55,0,2,0,0,0,3
120,1670,3,air,1,1,1,0,390,390,50,0,35,35,80,0,5,55,0,2,0,0,0,3
120,1671,3,air,1,1,1,0,300,330,80,0,45,35,95,0,20,45,0,1,0,0,0,3
120,1672,3,air,1,1,1,0,345,420,60,0,30,15,65,0,15,55,0,1,0,0,0,3
120,1673,1,car,1,1,1,0,345,420,80,0,30,20,80,0,15,50,0,1,0,0,0,3
120,1674,1,car,1,1,1,0,275,360,90,0,35,30,80,0,15,35,0,2,0,0,0,3
120,1675,1,car,1,1,1,0,275,420,70,0,50,25,95,0,20,50,0,1,0,0,0,3
120,1676,1,car,1,1,1,0,275,360,80,0,50,30,95,0,15,35,0,1,0,0,0,3
120,1677,3,air,1,1,1,0,300,300,80,0,45,30,50,0,10,55,0,2,0,0,0,3
120,1678,1,car,1,1,1,0,275,360,50,0,50,15,110,0,20,45,0,2,0,0,0,3
120,1679,1,car,1,1,1,0,345,360,60,0,30,25,110,0,25,50,0,3,0,0,0,3
120,1680,1,car,1,1,1,0,250,420,60,0,50,20,65,0,20,50,0,1,0,0,0,3
121,1681,3,air,1,1,1,1,390,390,50,170,40,30,50,35,10,55,5,3,2,1,0,4
121,1682,1,car,1,1,1,1,250,420,90,120,50,15,65,75,25,45,5,1,3,1,0,4
121,1683,1,car,1,1,1,1,300,390,70,155,30,20,110,75,5,40,25,1,2,1,0,4
121,1684,4,rail,1,1,1,1,250,330,90,170,40,35,80,35,10,40,25,1,2,1,0,4
121,1685,1,car,1,1,1,1,275,420,90,130,30,20,80,75,25,35,25,2,2,1,0,4
121,1686,4,rail,1,1,1,1,275,300,50,170,45,30,95,35,25,45,10,3,2,1,0,4
121,1687,4,rail,1,1,1,1,275,300,60,120,50,35,110,75,5,40,15,2,3,1,0,4
121,1688,1,car,1,1,1,1,250,330,70,170,45,20,80,45,10,45,20,1,2,1,0,4
121,1689,1,car,1,1,1,1,390,420,50,140,35,15,95,55,10,55,10,3,1,1,0,4
121,1690,4,rail,1,1,1,1,345,360,70,140,35,30,110,45,5,40,25,1,3,1,0,4
121,1691,4,rail,1,1,1,1,345,390,80,120,45,25,65,35,25,55,5,3,1,1,0,4
121,1692,4,rail,1,1,1,1,390,390,70,170,30,35,110,35,5,35,25,2,3,1,0,4
121,1693,4,rail,1,1,1,1,275,330,90,140,45,30,65,65,15,45,15,1,2,1,0,4
121,1694,3,air,1,1,1,1,300,420,80,140,45,25,50,55,15,50,10,1,3,1,0,4
122,1695,4,rail,1,1,1,1,300,330,70,170,40,25,80,35,15,35,25,3,2,1,0,1
122,1696,1,car,1,1,1,1,345,345,90,130,40,30,50,55,15,35,20,2,3,1,0,1
122,1697,3,air,1,1,1,1,345,390,80,130,35,20,50,65,25,55,5,3,2,1,0,1
122,1698,4,rail,1,1,1,1,275,360,80,140,40,25,80,55,25,40,20,2,1,1,0,1
122,1699,4,rail,1,1,1,1,275,420,80,130,45,20,80,35,15,40,15,2,3,1,0,1
122,1700,1,car,1,1,1,1,250,420,60,140,50,20,110,55,20,35,25,3,1,1,0,1
122,1701,1,car,1,1,1,1,390,420,50,130,30,20,65,75,20,55,10,1,2,1,0,1
122,1702,1,car,1,1,1,1,250,420,80,155,35,20,80,55,15,45,20,1,2,1,0,1
122,1703,4,rail,1,1,1,1,300,300,80,140,35,30,95,45,20,35,20,3,2,1,0,1
122,1704,3,air,1,1,1,1,390,390,50,130,30,20,65,75,10,50,10,2,1,1,0,1
122,1705,2,bus,1,1,1,1,390,390,50,140,35,15,110,75,5,50,20,3,1,1,0,1
122,1706,1,car,1,1,1,1,300,390,50,170,40,20,65,45,20,55,5,2,1,1,0,1
122,1707,4,rail,1,1,1,1,345,345,70,130,45,25,110,45,20,35,10,3,1,1,0,1
122,1708,1,car,1,1,1,1,275,420,50,120,50,15,50,75,5,55,5,1,3,1,0,1
123,1709,3,air,1,1,1,1,345,360,60,140,35,30,50,55,25,55,5,2,3,0,0,3
123,1710,3,air,1,1,1,1,275,360,90,130,45,25,65,55,20,35,20,2,3,0,0,3
123,1711,4,rail,1,1,1,1,300,420,90,140,40,15,50,55,10,35,25,1,3,0,0,3
123,1712,1,car,1,1,1,1,250,300,70,120,45,35,65,75,20,50,10,1,2,0,0,3
123,1713,3,air,1,1,1,1,390,390,90,140,30,25,50,55,5,50,15,3,1,0,0,3
123,1714,4,rail,1,1,1,1,345,345,90,130,40,35,65,35,10,40,20,3,1,0,0,3
123,1715,4,rail,1,1,1,1,345,345,60,130,35,35,95,75,10,40,15,3,2,0,0,3
123,1716,4,rail,1,1,1,1,345,345,80,120,45,30,110,45,25,40,5,3,1,0,0,3
123,1717,4,rail,1,1,1,1,345,420,60,170,30,15,110,35,20,40,15,2,1,0,0,3
123,1718,3,air,1,1,1,1,250,390,90,155,45,25,50,55,20,40,20,2,1,0,0,3
123,1719,1,car,1,1,1,1,300,300,60,155,45,35,110,65,5,50,20,1,3,0,0,3
123,1720,2,bus,1,1,1,1,275,360,70,120,50,20,110,75,25,40,15,1,3,0,0,3
123,1721,3,air,1,1,1,1,345,345,80,155,30,30,50,55,15,50,10,1,2,0,0,3
123,1722,3,air,1,1,1,1,300,300,80,130,50,25,50,75,5,50,15,2,1,0,0,3
124,1723,3,air,1,1,1,1,390,390,50,155,35,20,50,55,15,45,15,2,3,1,1,3
124,1724,4,rail,1,1,1,1,345,390,60,130,40,25,110,45,25,40,10,3,1,1,1,3
124,1725,3,air,1,1,1,1,390,420,60,130,30,20,95,55,25,55,5,2,1,1,1,3
124,1726,3,air,1,1,1,1,345,390,50,140,40,25,80,45,20,50,10,3,2,1,1,3
124,1727,3,air,1,1,1,1,300,420,50,130,50,15,110,75,20,45,10,2,3,1,1,3
124,1728,3,air,1,1,1,1,390,420,60,140,30,15,110,65,5,40,25,2,1,1,1,3
124,1729,3,air,1,1,1,1,300,390,60,170,40,25,65,45,20,55,15,3,2,1,1,3
124,1730,3,air,1,1,1,1,300,390,60,140,50,15,50,65,10,55,5,3,1,1,1,3
124,1731,4,rail,1,1,1,1,345,360,90,120,45,30,95,45,25,40,10,2,3,1,1,3
124,1732,3,air,1,1,1,1,275,360,50,155,50,30,50,45,15,50,10,2,1,1,1,3
124,1733,4,rail,1,1,1,1,390,390,70,120,30,15,110,65,10,40,25,1,3,1,1,3
124,1734,3,air,1,1,1,1,250,330,70,140,50,15,95,65,10,45,20,3,1,1,1,3
124,1735,4,rail,1,1,1,1,390,390,50,140,30,35,65,75,10,55,10,1,3,1,1,3
124,1736,3,air,1,1,1,1,345,360,90,140,40,25,50,35,20,55,5,2,3,1,1,3
125,1737,4,rail,1,1,1,1,250,300,70,170,45,25,80,35,5,35,25,3,2,0,0,4
125,1738,4,rail,1,1,1,1,275,390,70,140,50,25,80,35,20,40,15,1,3,0,0,4
125,1739,1,car,1,1,1,1,390,390,60,120,40,20,110,75,5,45,20,1,3,0,0,4
125,1740,1,car,1,1,1,1,300,360,80,170,40,25,50,35,15,55,5,2,3,0,0,4
125,1741,2,bus,1,1,1,1,345,345,70,155,30,35,95,55,15,40,20,1,3,0,0,4
125,1742,4,rail,1,1,1,1,275,300,70,170,40,30,65,35,5,45,25,1,3,0,0,4
125,1743,3,air,1,1,1,1,345,345,90,130,35,35,50,65,20,35,20,2,3,0,0,4
125,1744,1,car,1,1,1,1,300,330,50,130,50,30,65,75,15,55,5,3,2,0,0,4
125,1745,3,air,1,1,1,1,345,390,50,170,35,25,50,45,25,55,5,3,2,0,0,4
125,1746,1,car,1,1,1,1,275,330,80,155,50,30,65,55,20,35,20,2,1,0,0,4
125,1747,1,car,1,1,1,1,300,330,60,140,45,30,80,45,10,55,10,1,3,0,0,4
125,1748,1,car,1,1,1,1,345,390,70,140,30,15,95,65,5,45,20,1,3,0,0,4
125,1749,1,car,1,1,1,1,250,330,60,120,50,30,110,75,25,45,10,3,2,0,0,4
125,1750,4,rail,1,1,1,1,300,420,90,170,35,20,65,35,15,35,25,3,2,0,0,4
126,1751,1,car,1,1,1,1,250,330,90,140,30,35,80,65,25,35,15,2,1,0,1,1
126,1752,4,rail,1,1,1,1,300,360,70,155,35,25,80,35,25,45,15,1,2,0,1,1
126,1753,1,car,1,1,1,1,250,420,60,140,50,20,95,75,15,45,10,1,3,0,1,1
126,1754,1,car,1,1,1,1,275,390,70,140,35,15,95,65,5,35,20,2,3,0,1,1
126,1755,3,air,1,1,1,1,390,420,50,130,30,20,80,65,20,35,25,2,1,0,1,1
126,1756,4,rail,1,1,1,1,390,390,70,130,35,35,110,35,25,45,10,3,1,0,1,1
126,1757,3,air,1,1,1,1,300,330,90,120,45,35,50,65,25,55,5,3,1,0,1,1
126,1758,4,rail,1,1,1,1,300,330,80,155,40,25,50,35,15,50,5,1,2,0,1,1
126,1759,4,rail,1,1,1,1,275,300,80,170,40,35,80,55,10,40,25,1,2,0,1,1
126,1760,3,air,1,1,1,1,345,345,70,170,35,35,50,45,25,55,5,3,2,0,1,1
126,1761,4,rail,1,1,1,1,275,390,60,155,50,25,65,55,15,50,15,3,2,0,1,1
126,1762,3,air,1,1,1,1,345,360,50,120,35,35,80,75,15,40,10,3,2,0,1,1
126,1763,1,car,1,1,1,1,250,300,50,120,50,35,95,65,5,50,10,2,1,0,1,1
126,1764,4,rail,1,1,1,1,345,345,60,155,40,30,65,45,20,55,5,1,2,0,1,1
127,1765,4,rail,1,1,0,1,275,330,0,120,50,35,0,45,20,0,5,0,1,0,1,1
127,1766,1,car,1,1,0,1,275,330,0,170,45,15,0,55,5,0,25,0,3,0,1,1
127,1767,4,rail,1,1,0,1,300,300,0,155,45,15,0,65,10,0,20,0,1,0,1,1
127,1768,1,car,1,1,0,1,390,390,0,155,35,35,0,65,10,0,15,0,3,0,1,1
127,1769,4,rail,1,1,0,1,275,360,0,155,40,30,0,55,20,0,5,0,3,0,1,1
127,1770,4,rail,1,1,0,1,250,360,0,120,50,25,0,65,15,0,20,0,2,0,1,1
127,1771,4,rail,1,1,0,1,250,390,0,170,45,20,0,35,25,0,15,0,3,0,1,1
127,1772,4,rail,1,1,0,1,275,360,0,170,40,30,0,35,10,0,15,0,3,0,1,1
127,1773,4,rail,1,1,0,1,390,390,0,120,30,25,0,65,25,0,15,0,1,0,1,1
127,1774,4,rail,1,1,0,1,275,330,0,120,50,25,0,55,25,0,5,0,3,0,1,1
127,1775,1,car,1,1,0,1,390,420,0,130,35,15,0,55,25,0,15,0,1,0,1,1
127,1776,4,rail,1,1,0,1,300,390,0,170,45,25,0,45,10,0,5,0,1,0,1,1
127,1777,4,rail,1,1,0,1,345,345,0,140,30,35,0,65,5,0,15,0,1,0,1,1
127,1778,1,car,1,1,0,1,250,300,0,140,40,30,0,75,15,0,20,0,2,0,1,1
128,1779,3,air,1,1,1,1,250,330,80,130,50,30,50,55,15,55,10,2,1,1,1,1
128,1780,4,rail,1,1,1,1,300,330,70,140,30,35,95,75,15,50,25,1,2,1,1,1
128,1781,3,air,1,1,1,1,390,390,80,130,30,30,80,65,10,35,25,1,3,1,1,1
128,1782,1,car,1,1,1,1,300,390,70,130,40,15,95,75,5,50,10,2,3,1,1,1
128,1783,4,rail,1,1,1,1,300,390,70,120,45,25,95,35,20,50,10,3,2,1,1,1
128,1784,4,rail,1,1,1,1,275,420,80,170,30,20,95,35,20,35,25,3,2,1,1,1
128,1785,1,car,1,1,1,1,300,420,50,155,40,20,110,65,5,50,20,2,1,1,1,1
128,1786,4,rail,1,1,1,1,345,420,60,170,35,20,110,35,25,45,15,2,1,1,1,1
128,1787,1,car,1,1,1,1,250,420,50,155,40,15,95,75,10,40,25,1,2,1,1,1
128,1788,3,air,1,1,1,1,345,390,90,155,35,15,65,35,10,50,10,3,1,1,1,1
128,1789,4,rail,1,1,1,1,390,390,50,170,35,15,95,35,5,40,25,2,3,1,1,1
128,1790,3,air,1,1,1,1,250,420,90,140,45,15,50,65,20,35,25,3,2,1,1,1
128,1791,4,rail,1,1,1,1,250,390,90,170,40,20,65,35,15,35,25,3,2,1,1,1
128,1792,3,air,1,1,1,1,300,300,50,170,40,30,65,65,5,50,25,1,2,1,1,1
129,1793,4,rail,1,1,0,1,390,390,0,130,30,15,0,75,10,0,15,0,3,1,0,3
129,1794,4,rail,1,1,0,1,345,345,0,120,45,35,0,45,25,0,5,0,1,1,0,3
129,1795,4,rail,1,1,0,1,250,390,0,120,45,20,0,75,20,0,5,0,2,1,0,3
129,1796,1,car,1,1,0,1,300,420,0,130,45,15,0,75,10,0,15,0,3,1,0,3
129,1797,4,rail,1,1,0,1,390,420,0,130,30,15,0,65,20,0,20,0,1,1,0,3
129,1798,4,rail,1,1,0,1,390,390,0,155,40,15,0,65,10,0,25,0,1,1,0,3
129,1799,4,rail,1,1,0,1,250,330,0,155,45,30,0,65,10,0,15,0,3,1,0,3
129,1800,1,car,1,1,0,1,275,390,0,130,40,15,0,65,5,0,20,0,1,1,0,3
129,1801,4,rail,1,1,0,1,275,420,0,155,50,20,0,35,15,0,10,0,3,1,0,3
129,1802,1,car,1,1,0,1,345,360,0,155,50,30,0,45,20,0,5,0,3,1,0,3
129,1803,4,rail,1,1,0,1,390,390,0,120,35,35,0,75,25,0,15,0,2,1,0,3
129,1804,1,car,1,1,0,1,300,390,0,155,30,15,0,45,5,0,25,0,1,1,0,3
129,1805,4,rail,1,1,0,1,300,330,0,155,35,30,0,45,15,0,20,0,1,1,0,3
129,1806,4,rail,1,1,0,1,390,390,0,120,35,35,0,55,20,0,10,0,1,1,0,3
130,1807,4,rail,1,1,0,1,390,390,0,130,35,35,0,75,20,0,25,0,2,0,1,2
130,1808,1,car,1,1,0,1,300,300,0,170,30,35,0,55,10,0,25,0,2,0,1,2
130,1809,4,rail,1,1,0,1,345,345,0,130,45,25,0,35,10,0,5,0,3,0,1,2
130,1810,1,car,1,1,0,1,390,390,0,155,35,35,0,55,5,0,15,0,1,0,1,2
130,1811,4,rail,1,1,0,1,300,330,0,120,45,35,0,55,20,0,5,0,3,0,1,2
130,1812,4,rail,1,1,0,1,345,420,0,170,30,15,0,45,15,0,10,0,2,0,1,2
130,1813,4,rail,1,1,0,1,345,420,0,120,30,20,0,75,15,0,10,0,2,0,1,2
130,1814,4,rail,1,1,0,1,275,360,0,170,35,30,0,35,15,0,20,0,3,0,1,2
130,1815,4,rail,1,1,0,1,275,420,0,120,50,25,0,45,20,0,15,0,3,0,1,2
130,1816,4,rail,1,1,0,1,275,360,0,120,50,30,0,45,15,0,20,0,2,0,1,2
130,1817,4,rail,1,1,0,1,300,300,0,170,45,30,0,35,10,0,5,0,3,0,1,2
130,1818,4,rail,1,1,0,1,345,360,0,140,30,25,0,75,25,0,5,0,2,0,1,2
130,1819,4,rail,1,1,0,1,250,420,0,130,50,20,0,65,20,0,10,0,2,0,1,2
130,1820,4,rail,1,1,0,1,390,420,0,140,35,20,0,55,5,0,5,0,1,0,1,2
131,1821,4,rail,1,1,0,1,390,390,0,170,40,30,0,35,10,0,5,0,2,1,0,1
131,1822,1,car,1,1,0,1,390,420,0,140,30,20,0,55,15,0,5,0,1,1,0,1
131,1823,1,car,1,1,0,1,250,420,0,120,50,15,0,75,25,0,5,0,3,1,0,1
131,1824,4,rail,1,1,0,1,300,390,0,155,30,20,0,75,5,0,25,0,2,1,0,1
131,1825,1,car,1,1,0,1,275,420,0,130,30,20,0,75,25,0,25,0,2,1,0,1
131,1826,4,rail,1,1,0,1,275,300,0,170,45,30,0,35,25,0,10,0,2,1,0,1
131,1827,1,car,1,1,0,1,275,300,0,120,50,35,0,75,5,0,15,0,3,1,0,1
131,1828,4,rail,1,1,0,1,250,330,0,170,45,20,0,45,10,0,20,0,2,1,0,1
131,1829,1,car,1,1,0,1,390,420,0,140,35,15,0,55,10,0,10,0,1,1,0,1
131,1830,1,car,1,1,0,1,345,360,0,140,35,30,0,45,5,0,25,0,3,1,0,1
131,1831,4,rail,1,1,0,1,345,390,0,120,45,25,0,35,25,0,5,0,1,1,0,1
131,1832,1,car,1,1,0,1,250,390,0,130,50,20,0,75,15,0,15,0,3,1,0,1
131,1833,4,rail,1,1,0,1,390,390,0,170,30,35,0,35,5,0,25,0,3,1,0,1
131,1834,1,car,1,1,0,1,275,330,0,140,45,30,0,65,15,0,15,0,2,1,0,1
132,1835,3,air,0,1,1,0,0,330,70,0,0,25,80,0,15,35,0,3,0,0,1,3
132,1836,3,air,0,1,1,0,0,345,90,0,0,30,50,0,15,35,0,2,0,0,1,3
132,1837,3,air,0,1,1,0,0,390,80,0,0,20,50,0,25,55,0,3,0,0,1,3
132,1838,3,air,0,1,1,0,0,360,80,0,0,25,80,0,25,40,0,2,0,0,1,3
132,1839,3,air,0,1,1,0,0,420,80,0,0,20,80,0,15,40,0,2,0,0,1,3
132,1840,3,air,0,1,1,0,0,420,60,0,0,20,110,0,20,35,0,3,0,0,1,3
132,1841,3,air,0,1,1,0,0,420,50,0,0,20,65,0,20,55,0,1,0,0,1,3
132,1842,3,air,0,1,1,0,0,420,80,0,0,20,80,0,15,45,0,1,0,0,1,3
132,1843,3,air,0,1,1,0,0,300,80,0,0,30,95,0,20,35,0,3,0,0,1,3
132,1844,3,air,0,1,1,0,0,390,50,0,0,20,65,0,10,50,0,2,0,0,1,3
132,1845,3,air,0,1,1,0,0,390,50,0,0,15,110,0,5,50,0,3,0,0,1,3
132,1846,3,air,0,1,1,0,0,360,80,0,0,15,110,0,5,35,0,2,0,0,1,3
132,1847,3,air,0,1,1,0,0,390,50,0,0,20,65,0,20,55,0,2,0,0,1,3
132,1848,3,air,0,1,1,0,0,345,70,0,0,25,110,0,20,35,0,3,0,0,1,3
133,1849,3,air,1,1,1,1,345,360,60,140,35,30,50,55,25,55,5,2,3,0,0,3
133,1850,1,car,1,1,1,1,275,360,90,130,45,25,65,55,20,35,20,2,3,0,0,3
133,1851,1,car,1,1,1,1,300,420,90,140,40,15,50,55,10,35,25,1,3,0,0,3
133,1852,4,rail,1,1,1,1,250,300,70,120,45,35,65,75,20,50,10,1,2,0,0,3
133,1853,3,air,1,1,1,1,390,390,90,140,30,25,50,55,5,50,15,3,1,0,0,3
133,1854,4,rail,1,1,1,1,345,345,90,130,40,35,65,35,10,40,20,3,1,0,0,3
133,1855,3,air,1,1,1,1,345,345,60,130,35,35,95,75,10,40,15,3,2,0,0,3
133,1856,4,rail,1,1,1,1,345,345,80,120,45,30,110,45,25,40,5,3,1,0,0,3
133,1857,4,rail,1,1,1,1,345,420,60,170,30,15,110,35,20,40,15,2,1,0,0,3
133,1858,3,air,1,1,1,1,250,390,90,155,45,25,50,55,20,40,20,2,1,0,0,3
133,1859,2,bus,1,1,1,1,250,300,80,155,40,35,95,45,10,40,25,3,1,0,0,3
133,1860,4,rail,1,1,1,1,275,360,70,120,50,20,110,75,25,40,15,1,3,0,0,3
133,1861,3,air,1,1,1,1,345,345,80,155,30,30,50,55,15,50,10,1,2,0,0,3
133,1862,1,car,1,1,1,1,300,300,80,130,50,25,50,75,5,50,15,2,1,0,0,3
134,1863,1,car,1,1,0,1,390,390,0,155,35,20,0,55,15,0,15,0,3,0,0,2
134,1864,1,car,1,1,0,1,345,390,0,130,40,25,0,45,25,0,10,0,1,0,0,2
134,1865,1,car,1,1,0,1,390,420,0,130,30,20,0,55,25,0,5,0,1,0,0,2
134,1866,4,rail,1,1,0,1,300,420,0,130,50,15,0,75,20,0,10,0,3,0,0,2
134,1867,1,car,1,1,0,1,390,420,0,140,30,15,0,65,5,0,25,0,1,0,0,2
134,1868,4,rail,1,1,0,1,345,345,0,120,40,35,0,45,25,0,10,0,1,0,0,2
134,1869,4,rail,1,1,0,1,300,390,0,170,40,25,0,45,20,0,15,0,2,0,0,2
134,1870,1,car,1,1,0,1,300,390,0,140,50,15,0,65,10,0,5,0,1,0,0,2
134,1871,4,rail,1,1,0,1,345,360,0,120,45,30,0,45,25,0,10,0,3,0,0,2
134,1872,4,rail,1,1,0,1,275,360,0,155,50,30,0,45,15,0,10,0,1,0,0,2
134,1873,1,car,1,1,0,1,390,390,0,120,30,15,0,65,10,0,25,0,3,0,0,2
134,1874,1,car,1,1,0,1,250,330,0,140,50,15,0,65,10,0,20,0,1,0,0,2
134,1875,1,car,1,1,0,1,390,390,0,140,30,35,0,75,10,0,10,0,3,0,0,2
134,1876,4,rail,1,1,0,1,345,360,0,140,40,25,0,35,20,0,5,0,3,0,0,2
135,1877,3,air,0,1,1,0,0,300,70,0,0,25,80,0,5,35,0,3,0,1,0,3
135,1878,3,air,0,1,1,0,0,390,60,0,0,25,110,0,5,50,0,2,0,1,0,3
135,1879,3,air,0,1,1,0,0,390,60,0,0,20,110,0,5,45,0,1,0,1,0,3
135,1880,3,air,0,1,1,0,0,360,80,0,0,25,50,0,15,55,0,2,0,1,0,3
135,1881,2,bus,0,1,1,0,0,345,70,0,0,35,95,0,15,40,0,1,0,1,0,3
135,1882,3,air,0,1,1,0,0,300,70,0,0,30,65,0,5,45,0,1,0,1,0,3
135,1883,3,air,0,1,1,0,0,345,90,0,0,35,50,0,20,35,0,2,0,1,0,3
135,1884,3,air,0,1,1,0,0,330,50,0,0,30,65,0,15,55,0,3,0,1,0,3
135,1885,3,air,0,1,1,0,0,360,60,0,0,30,95,0,25,45,0,1,0,1,0,3
135,1886,3,air,0,1,1,0,0,330,80,0,0,30,65,0,20,35,0,2,0,1,0,3
135,1887,3,air,0,1,1,0,0,330,60,0,0,30,80,0,10,55,0,1,0,1,0,3
135,1888,2,bus,0,1,1,0,0,390,70,0,0,15,95,0,5,45,0,1,0,1,0,3
135,1889,3,air,0,1,1,0,0,330,60,0,0,30,110,0,25,45,0,3,0,1,0,3
135,1890,3,air,0,1,1,0,0,420,90,0,0,20,65,0,15,35,0,3,0,1,0,3
136,1891,1,car,1,1,0,1,250,330,0,140,30,35,0,65,25,0,15,0,1,0,0,4
136,1892,4,rail,1,1,0,1,300,360,0,155,35,25,0,35,25,0,15,0,2,0,0,4
136,1893,1,car,1,1,0,1,250,420,0,140,50,20,0,75,15,0,10,0,3,0,0,4
136,1894,1,car,1,1,0,1,275,390,0,140,35,15,0,65,5,0,20,0,3,0,0,4
136,1895,1,car,1,1,0,1,390,420,0,130,30,20,0,65,20,0,25,0,1,0,0,4
136,1896,4,rail,1,1,0,1,390,390,0,130,35,35,0,35,25,0,10,0,1,0,0,4
136,1897,1,car,1,1,0,1,300,330,0,120,45,35,0,65,25,0,5,0,1,0,0,4
136,1898,4,rail,1,1,0,1,300,330,0,155,40,25,0,35,15,0,5,0,2,0,0,4
136,1899,4,rail,1,1,0,1,390,390,0,120,30,35,0,55,5,0,15,0,1,0,0,4
136,1900,1,car,1,1,0,1,275,300,0,170,40,35,0,55,10,0,25,0,2,0,0,4
136,1901,4,rail,1,1,0,1,345,345,0,170,35,35,0,45,25,0,5,0,2,0,0,4
136,1902,4,rail,1,1,0,1,275,390,0,155,50,25,0,55,15,0,15,0,2,0,0,4
136,1903,4,rail,1,1,0,1,250,300,0,120,50,35,0,65,5,0,10,0,1,0,0,4
136,1904,4,rail,1,1,0,1,345,345,0,155,40,30,0,45,20,0,5,0,2,0,0,4
137,1905,4,rail,1,1,0,1,275,330,0,120,50,35,0,45,20,0,5,0,1,0,0,4
137,1906,4,rail,1,1,0,1,275,330,0,170,45,15,0,55,5,0,25,0,3,0,0,4
137,1907,4,rail,1,1,0,1,275,390,0,155,45,15,0,35,25,0,5,0,1,0,0,4
137,1908,2,bus,1,1,0,1,300,300,0,155,45,15,0,65,10,0,20,0,1,0,0,4
137,1909,1,car,1,1,0,1,390,390,0,155,35,35,0,65,10,0,15,0,3,0,0,4
137,1910,1,car,1,1,0,1,275,360,0,155,40,30,0,55,20,0,5,0,3,0,0,4
137,1911,1,car,1,1,0,1,250,390,0,170,45,20,0,35,25,0,15,0,3,0,0,4
137,1912,4,rail,1,1,0,1,275,360,0,170,40,30,0,35,10,0,15,0,3,0,0,4
137,1913,1,car,1,1,0,1,275,390,0,155,30,25,0,65,15,0,25,0,2,0,0,4
137,1914,4,rail,1,1,0,1,390,390,0,120,30,25,0,65,25,0,15,0,1,0,0,4
137,1915,4,rail,1,1,0,1,275,330,0,120,50,25,0,55,25,0,5,0,3,0,0,4
137,1916,4,rail,1,1,0,1,390,420,0,130,35,15,0,55,25,0,15,0,1,0,0,4
137,1917,4,rail,1,1,0,1,300,390,0,170,45,25,0,45,10,0,5,0,1,0,0,4
137,1918,4,rail,1,1,0,1,345,345,0,140,30,35,0,65,5,0,15,0,1,0,0,4
138,1919,4,rail,1,1,0,1,250,330,0,130,50,30,0,55,15,0,10,0,1,1,1,3
138,1920,4,rail,1,1,0,1,300,330,0,140,30,35,0,75,15,0,25,0,2,1,1,3
138,1921,4,rail,1,1,0,1,390,390,0,130,30,30,0,65,10,0,25,0,3,1,1,3
138,1922,4,rail,1,1,0,1,300,390,0,130,40,15,0,75,5,0,10,0,3,1,1,3
138,1923,4,rail,1,1,0,1,300,390,0,120,45,25,0,35,20,0,10,0,2,1,1,3
138,1924,1,car,1,1,0,1,275,420,0,170,30,20,0,35,20,0,25,0,2,1,1,3
138,1925,1,car,1,1,0,1,300,420,0,155,40,20,0,65,5,0,20,0,1,1,1,3
138,1926,4,rail,1,1,0,1,345,420,0,170,35,20,0,35,25,0,15,0,1,1,1,3
138,1927,4,rail,1,1,0,1,250,360,0,170,40,30,0,45,25,0,10,0,2,1,1,3
138,1928,1,car,1,1,0,1,250,420,0,155,40,15,0,75,10,0,25,0,2,1,1,3
138,1929,4,rail,1,1,0,1,345,390,0,155,35,15,0,35,10,0,10,0,1,1,1,3
138,1930,1,car,1,1,0,1,390,390,0,170,35,15,0,35,5,0,25,0,3,1,1,3
138,1931,4,rail,1,1,0,1,250,420,0,140,45,15,0,65,20,0,25,0,2,1,1,3
138,1932,4,rail,1,1,0,1,250,390,0,170,40,20,0,35,15,0,25,0,2,1,1,3
139,1933,4,rail,0,1,1,1,0,390,70,130,0,15,95,75,10,45,15,2,3,0,0,3
139,1934,4,rail,0,1,1,1,0,345,60,120,0,35,95,45,25,50,5,3,1,0,0,3
139,1935,3,air,0,1,1,1,0,390,90,120,0,20,50,75,20,50,5,1,2,0,0,3
139,1936,4,rail,0,1,1,1,0,420,50,130,0,15,110,75,10,45,15,2,3,0,0,3
139,1937,2,bus,0,1,1,1,0,420,90,130,0,15,65,65,20,35,20,3,1,0,0,3
139,1938,3,air,0,1,1,1,0,390,80,155,0,15,65,45,10,50,20,3,1,0,0,3
139,1939,3,air,0,1,1,1,0,390,60,155,0,15,110,65,10,35,25,2,1,0,0,3
139,1940,3,air,0,1,1,1,0,390,90,130,0,15,80,65,5,40,20,3,1,0,0,3
139,1941,4,rail,0,1,1,1,0,420,50,155,0,20,80,35,15,50,10,1,3,0,0,3
139,1942,4,rail,0,1,1,1,0,390,50,120,0,35,95,75,25,35,15,1,2,0,0,3
139,1943,4,rail,0,1,1,1,0,390,80,155,0,15,95,45,5,45,25,3,1,0,0,3
139,1944,3,air,0,1,1,1,0,330,90,155,0,30,65,45,15,35,20,3,1,0,0,3
139,1945,4,rail,0,1,1,1,0,360,90,120,0,30,65,55,25,35,25,3,2,0,0,3
139,1946,4,rail,0,1,1,1,0,390,70,120,0,35,95,55,20,45,10,1,1,0,0,3
140,1947,3,air,1,1,1,1,390,390,90,130,35,35,50,75,20,35,25,1,2,0,0,1
140,1948,1,car,1,1,1,1,300,300,80,170,30,35,110,55,10,40,25,3,2,0,0,1
140,1949,1,car,1,1,1,1,345,345,90,130,45,25,50,35,10,55,5,2,3,0,0,1
140,1950,1,car,1,1,1,1,390,390,50,155,35,35,80,55,5,55,15,2,1,0,0,1
140,1951,1,car,1,1,1,1,345,420,60,170,30,15,65,45,15,55,10,1,2,0,0,1
140,1952,1,car,1,1,1,1,345,420,80,120,30,20,80,75,15,50,10,1,2,0,0,1
140,1953,4,rail,1,1,1,1,250,360,80,120,50,20,80,45,5,40,20,3,2,0,0,1
140,1954,1,car,1,1,1,1,275,360,90,170,35,30,80,35,15,35,20,2,3,0,0,1
140,1955,4,rail,1,1,1,1,275,420,70,120,50,25,95,45,20,50,15,1,3,0,0,1
140,1956,4,rail,1,1,1,1,300,300,80,170,45,30,50,35,10,55,5,2,3,0,0,1
140,1957,1,car,1,1,1,1,275,360,50,130,50,15,110,65,20,45,15,2,3,0,0,1
140,1958,1,car,1,1,1,1,345,360,60,140,30,25,110,75,25,50,5,3,2,0,0,1
140,1959,3,air,1,1,1,1,250,420,60,130,50,20,65,65,20,50,10,1,2,0,0,1
140,1960,4,rail,1,1,1,1,390,420,60,140,35,20,50,55,5,55,5,3,1,0,0,1
141,1961,3,air,1,1,1,1,390,390,50,170,40,30,50,35,10,55,5,3,2,1,0,3
141,1962,4,rail,1,1,1,1,390,420,50,140,30,20,80,55,15,55,5,2,1,1,0,3
141,1963,4,rail,1,1,1,1,250,420,90,120,50,15,65,75,25,45,5,1,3,1,0,3
141,1964,4,rail,1,1,1,1,250,330,90,170,40,35,80,35,10,40,25,1,2,1,0,3
141,1965,3,air,1,1,1,1,275,420,90,130,30,20,80,75,25,35,25,2,2,1,0,3
141,1966,4,rail,1,1,1,1,275,300,50,170,45,30,95,35,25,45,10,3,2,1,0,3
141,1967,1,car,1,1,1,1,275,300,60,120,50,35,110,75,5,40,15,2,3,1,0,3
141,1968,4,rail,1,1,1,1,250,330,70,170,45,20,80,45,10,45,20,1,2,1,0,3
141,1969,4,rail,1,1,1,1,345,360,70,140,35,30,110,45,5,40,25,1,3,1,0,3
141,1970,4,rail,1,1,1,1,345,390,80,120,45,25,65,35,25,55,5,3,1,1,0,3
141,1971,1,car,1,1,1,1,250,390,60,130,50,20,80,75,15,55,15,1,3,1,0,3
141,1972,4,rail,1,1,1,1,390,390,70,170,30,35,110,35,5,35,25,2,3,1,0,3
141,1973,1,car,1,1,1,1,275,330,90,140,45,30,65,65,15,45,15,1,2,1,0,3
141,1974,1,car,1,1,1,1,300,420,80,140,45,25,50,55,15,50,10,1,3,1,0,3
142,1975,4,rail,1,1,1,1,300,330,70,170,40,25,80,35,15,35,25,3,2,1,0,3
142,1976,4,rail,1,1,1,1,345,345,90,130,40,30,50,55,15,35,20,2,3,1,0,3
142,1977,3,air,1,1,1,1,345,390,80,130,35,20,50,65,25,55,5,3,2,1,0,3
142,1978,1,car,1,1,1,1,275,360,80,140,40,25,80,55,25,40,20,2,1,1,0,3
142,1979,4,rail,1,1,1,1,275,420,80,130,45,20,80,35,15,40,15,2,3,1,0,3
142,1980,4,rail,1,1,1,1,250,420,60,140,50,20,110,55,20,35,25,3,1,1,0,3
142,1981,3,air,1,1,1,1,390,420,50,130,30,20,65,75,20,55,10,1,2,1,0,3
142,1982,1,car,1,1,1,1,250,420,80,155,35,20,80,55,15,45,20,1,2,1,0,3
142,1983,2,bus,1,1,1,1,390,390,50,130,30,20,65,75,10,50,10,2,1,1,0,3
142,1984,1,car,1,1,1,1,390,390,50,140,35,15,110,75,5,50,20,3,1,1,0,3
142,1985,4,rail,1,1,1,1,275,360,80,155,50,15,110,35,5,35,20,2,1,1,0,3
142,1986,3,air,1,1,1,1,300,390,50,170,40,20,65,45,20,55,5,2,1,1,0,3
142,1987,4,rail,1,1,1,1,345,345,70,130,45,25,110,45,20,35,10,3,1,1,0,3
142,1988,2,bus,1,1,1,1,275,420,50,120,50,15,50,75,5,55,5,1,3,1,0,3
143,1989,3,air,0,1,1,0,0,360,90,0,0,20,50,0,10,40,0,2,0,0,0,1
143,1990,3,air,0,1,1,0,0,360,60,0,0,30,50,0,25,55,0,2,0,0,0,1
143,1991,2,bus,0,1,1,0,0,360,90,0,0,25,65,0,20,35,0,2,0,0,0,1
143,1992,3,air,0,1,1,0,0,420,90,0,0,15,50,0,10,35,0,1,0,0,0,1
143,1993,2,bus,0,1,1,0,0,390,90,0,0,25,50,0,5,50,0,3,0,0,0,1
143,1994,2,bus,0,1,1,0,0,345,90,0,0,35,65,0,10,40,0,3,0,0,0,1
143,1995,2,bus,0,1,1,0,0,345,60,0,0,35,95,0,10,40,0,3,0,0,0,1
143,1996,2,bus,0,1,1,0,0,345,80,0,0,30,110,0,25,40,0,3,0,0,0,1
143,1997,2,bus,0,1,1,0,0,420,60,0,0,15,110,0,20,40,0,2,0,0,0,1
143,1998,3,air,0,1,1,0,0,390,90,0,0,25,50,0,20,40,0,2,0,0,0,1
143,1999,2,bus,0,1,1,0,0,300,60,0,0,35,110,0,5,50,0,1,0,0,0,1
143,2000,2,bus,0,1,1,0,0,360,70,0,0,20,110,0,25,40,0,1,0,0,0,1
143,2001,3,air,0,1,1,0,0,345,80,0,0,30,50,0,15,50,0,1,0,0,0,1
143,2002,2,bus,0,1,1,0,0,300,80,0,0,25,50,0,5,50,0,2,0,0,0,1
144,2003,1,car,1,1,0,1,390,390,0,155,35,20,0,55,15,0,15,0,3,0,0,1
144,2004,4,rail,1,1,0,1,390,420,0,130,30,20,0,55,25,0,5,0,1,0,0,1
144,2005,4,rail,1,1,0,1,345,390,0,140,40,25,0,45,20,0,10,0,2,0,0,1
144,2006,1,car,1,1,0,1,300,420,0,130,50,15,0,75,20,0,10,0,3,0,0,1
144,2007,1,car,1,1,0,1,390,420,0,140,30,15,0,65,5,0,25,0,1,0,0,1
144,2008,4,rail,1,1,0,1,345,345,0,120,40,35,0,45,25,0,10,0,1,0,0,1
144,2009,4,rail,1,1,0,1,300,390,0,170,40,25,0,45,20,0,15,0,2,0,0,1
144,2010,1,car,1,1,0,1,300,390,0,140,50,15,0,65,10,0,5,0,1,0,0,1
144,2011,4,rail,1,1,0,1,275,360,0,155,50,30,0,45,15,0,10,0,1,0,0,1
144,2012,1,car,1,1,0,1,250,360,0,170,35,20,0,45,5,0,25,0,2,0,0,1
144,2013,2,bus,1,1,0,1,390,390,0,120,30,15,0,65,10,0,25,0,3,0,0,1
144,2014,1,car,1,1,0,1,250,330,0,140,50,15,0,65,10,0,20,0,1,0,0,1
144,2015,1,car,1,1,0,1,390,390,0,140,30,35,0,75,10,0,10,0,3,0,0,1
144,2016,4,rail,1,1,0,1,345,360,0,140,40,25,0,35,20,0,5,0,3,0,0,1
145,2017,2,bus,1,1,0,0,275,390,0,0,50,25,0,0,20,0,0,0,0,1,0,4
145,2018,1,car,1,1,0,0,390,390,0,0,40,25,0,0,5,0,0,0,0,1,0,4
145,2019,1,car,1,1,0,0,390,390,0,0,40,20,0,0,5,0,0,0,0,1,0,4
145,2020,1,car,1,1,0,0,300,360,0,0,40,25,0,0,15,0,0,0,0,1,0,4
145,2021,1,car,1,1,0,0,345,345,0,0,30,35,0,0,15,0,0,0,0,1,0,4
145,2022,1,car,1,1,0,0,275,300,0,0,40,30,0,0,5,0,0,0,0,1,0,4
145,2023,1,car,1,1,0,0,345,345,0,0,35,35,0,0,20,0,0,0,0,1,0,4
145,2024,1,car,1,1,0,0,300,330,0,0,50,30,0,0,15,0,0,0,0,1,0,4
145,2025,1,car,1,1,0,0,250,360,0,0,30,30,0,0,25,0,0,0,0,1,0,4
145,2026,1,car,1,1,0,0,345,390,0,0,35,25,0,0,25,0,0,0,0,1,0,4
145,2027,1,car,1,1,0,0,275,330,0,0,50,30,0,0,20,0,0,0,0,1,0,4
145,2028,1,car,1,1,0,0,300,330,0,0,45,30,0,0,10,0,0,0,0,1,0,4
145,2029,1,car,1,1,0,0,345,390,0,0,30,15,0,0,5,0,0,0,0,1,0,4
145,2030,1,car,1,1,0,0,250,330,0,0,50,30,0,0,25,0,0,0,0,1,0,4
146,2031,2,bus,1,1,1,1,250,330,90,140,30,35,80,65,25,35,15,2,1,1,0,2
146,2032,1,car,1,1,1,1,300,360,70,155,35,25,80,35,25,45,15,1,2,1,0,2
146,2033,1,car,1,1,1,1,300,390,80,155,35,25,65,45,15,45,15,1,3,1,0,2
146,2034,4,rail,1,1,1,1,275,390,70,140,35,15,95,65,5,35,20,2,3,1,0,2
146,2035,4,rail,1,1,1,1,390,420,50,130,30,20,80,65,20,35,25,2,1,1,0,2
146,2036,4,rail,1,1,1,1,390,390,70,130,35,35,110,35,25,45,10,3,1,1,0,2
146,2037,3,air,1,1,1,1,300,330,90,120,45,35,50,65,25,55,5,3,1,1,0,2
146,2038,1,car,1,1,1,1,300,330,80,155,40,25,50,35,15,50,5,1,2,1,0,2
146,2039,1,car,1,1,1,1,390,390,90,120,30,35,80,55,5,45,15,3,1,1,0,2
146,2040,1,car,1,1,1,1,275,300,80,170,40,35,80,55,10,40,25,1,2,1,0,2
146,2041,4,rail,1,1,1,1,345,345,70,170,35,35,50,45,25,55,5,3,2,1,0,2
146,2042,3,air,1,1,1,1,275,390,60,155,50,25,65,55,15,50,15,3,2,1,0,2
146,2043,3,air,1,1,1,1,345,360,50,120,35,35,80,75,15,40,10,3,2,1,0,2
146,2044,4,rail,1,1,1,1,345,345,60,155,40,30,65,45,20,55,5,1,2,1,0,2
147,2045,2,bus,1,1,1,0,275,330,80,0,50,35,65,0,20,55,0,3,0,0,0,2
147,2046,1,car,1,1,1,0,275,390,70,0,45,15,80,0,25,55,0,1,0,0,0,2
147,2047,2,bus,1,1,1,0,300,300,60,0,45,15,110,0,10,40,0,2,0,0,0,2
147,2048,1,car,1,1,1,0,390,390,60,0,35,35,95,0,10,45,0,2,0,0,0,2
147,2049,1,car,1,1,1,0,275,360,50,0,40,30,80,0,20,50,0,1,0,0,0,2
147,2050,1,car,1,1,1,0,250,360,60,0,50,25,110,0,15,45,0,3,0,0,0,2
147,2051,1,car,1,1,1,0,250,390,90,0,45,20,50,0,25,35,0,2,0,0,0,2
147,2052,3,air,1,1,1,0,275,360,70,0,40,30,65,0,10,50,0,2,0,0,0,2
147,2053,1,car,1,1,1,0,275,390,90,0,30,25,65,0,15,40,0,1,0,0,0,2
147,2054,2,bus,1,1,1,0,390,390,90,0,30,25,65,0,25,35,0,3,0,0,0,2
147,2055,1,car,1,1,1,0,275,330,70,0,50,25,80,0,25,50,0,1,0,0,0,2
147,2056,2,bus,1,1,1,0,390,420,60,0,35,15,110,0,25,35,0,2,0,0,0,2
147,2057,2,bus,1,1,1,0,300,390,50,0,45,25,50,0,10,55,0,2,0,0,0,2
147,2058,1,car,1,1,1,0,345,345,50,0,30,35,110,0,5,45,0,2,0,0,0,2
148,2059,1,car,1,1,0,0,250,330,0,0,50,30,0,0,15,0,0,0,0,1,1,4
148,2060,1,car,1,1,0,0,300,330,0,0,30,35,0,0,15,0,0,0,0,1,1,4
148,2061,1,car,1,1,0,0,390,390,0,0,30,30,0,0,10,0,0,0,0,1,1,4
148,2062,1,car,1,1,0,0,300,390,0,0,40,15,0,0,5,0,0,0,0,1,1,4
148,2063,1,car,1,1,0,0,300,390,0,0,45,25,0,0,20,0,0,0,0,1,1,4
148,2064,1,car,1,1,0,0,275,420,0,0,30,20,0,0,20,0,0,0,0,1,1,4
148,2065,1,car,1,1,0,0,300,420,0,0,40,20,0,0,5,0,0,0,0,1,1,4
148,2066,1,car,1,1,0,0,345,420,0,0,35,20,0,0,25,0,0,0,0,1,1,4
148,2067,1,car,1,1,0,0,250,360,0,0,40,30,0,0,25,0,0,0,0,1,1,4
148,2068,1,car,1,1,0,0,345,390,0,0,35,15,0,0,10,0,0,0,0,1,1,4
148,2069,1,car,1,1,0,0,390,390,0,0,35,15,0,0,5,0,0,0,0,1,1,4
148,2070,1,car,1,1,0,0,250,420,0,0,45,15,0,0,20,0,0,0,0,1,1,4
148,2071,1,car,1,1,0,0,250,390,0,0,40,20,0,0,15,0,0,0,0,1,1,4
148,2072,1,car,1,1,0,0,300,300,0,0,40,30,0,0,5,0,0,0,0,1,1,4
149,2073,4,rail,1,1,0,1,390,390,0,130,30,15,0,75,10,0,15,0,3,1,1,3
149,2074,4,rail,1,1,0,1,345,345,0,120,45,35,0,45,25,0,5,0,1,1,1,3
149,2075,4,rail,1,1,0,1,300,420,0,130,45,15,0,75,10,0,15,0,3,1,1,3
149,2076,1,car,1,1,0,1,390,420,0,130,30,15,0,65,20,0,20,0,1,1,1,3
149,2077,4,rail,1,1,0,1,250,390,0,155,45,15,0,45,10,0,20,0,1,1,1,3
149,2078,4,rail,1,1,0,1,390,390,0,155,40,15,0,65,10,0,25,0,1,1,1,3
149,2079,4,rail,1,1,0,1,250,330,0,155,45,30,0,65,10,0,15,0,3,1,1,3
149,2080,1,car,1,1,0,1,275,390,0,130,40,15,0,65,5,0,20,0,1,1,1,3
149,2081,4,rail,1,1,0,1,275,420,0,155,50,20,0,35,15,0,10,0,3,1,1,3
149,2082,4,rail,1,1,0,1,390,390,0,120,35,35,0,75,25,0,15,0,2,1,1,3
149,2083,1,car,1,1,0,1,300,390,0,155,30,15,0,45,5,0,25,0,1,1,1,3
149,2084,4,rail,1,1,0,1,300,330,0,155,35,30,0,45,15,0,20,0,1,1,1,3
149,2085,4,rail,1,1,0,1,250,360,0,120,50,30,0,55,25,0,25,0,2,1,1,3
149,2086,4,rail,1,1,0,1,390,390,0,120,35,35,0,55,20,0,10,0,1,1,1,3
150,2087,3,air,1,1,1,1,390,390,90,130,35,35,50,75,20,35,25,1,2,0,1,2
150,2088,3,air,1,1,1,1,300,300,80,170,30,35,110,55,10,40,25,3,2,0,1,2
150,2089,3,air,1,1,1,1,345,345,90,130,45,25,50,35,10,55,5,2,3,0,1,2
150,2090,1,car,1,1,1,1,300,330,80,120,45,35,95,55,20,45,5,1,3,0,1,2
150,2091,1,car,1,1,1,1,345,420,60,170,30,15,65,45,15,55,10,1,2,0,1,2
150,2092,4,rail,1,1,1,1,345,420,80,120,30,20,80,75,15,50,10,1,2,0,1,2
150,2093,4,rail,1,1,1,1,250,360,80,120,50,20,80,45,5,40,20,3,2,0,1,2
150,2094,1,car,1,1,1,1,275,360,90,170,35,30,80,35,15,35,20,2,3,0,1,2
150,2095,4,rail,1,1,1,1,275,420,70,120,50,25,95,45,20,50,15,1,3,0,1,2
150,2096,4,rail,1,1,1,1,275,360,80,120,50,30,95,45,15,35,20,1,2,0,1,2
150,2097,3,air,1,1,1,1,275,360,50,130,50,15,110,65,20,45,15,2,3,0,1,2
150,2098,4,rail,1,1,1,1,345,360,60,140,30,25,110,75,25,50,5,3,2,0,1,2
150,2099,3,air,1,1,1,1,250,420,60,130,50,20,65,65,20,50,10,1,2,0,1,2
150,2100,4,rail,1,1,1,1,390,420,60,140,35,20,50,55,5,55,5,3,1,0,1,2
151,2101,4,rail,1,1,1,1,390,390,50,170,40,30,50,35,10,55,5,3,2,1,0,1
151,2102,1,car,1,1,1,1,390,420,50,140,30,20,80,55,15,55,5,2,1,1,0,1
151,2103,1,car,1,1,1,1,250,420,90,120,50,15,65,75,25,45,5,1,3,1,0,1
151,2104,1,car,1,1,1,1,300,390,70,155,30,20,110,75,5,40,25,1,2,1,0,1
151,2105,4,rail,1,1,1,1,250,330,90,170,40,35,80,35,10,40,25,1,2,1,0,1
151,2106,3,air,1,1,1,1,275,420,90,130,30,20,80,75,25,35,25,2,2,1,0,1
151,2107,2,bus,1,1,1,1,275,300,60,120,50,35,110,75,5,40,15,2,3,1,0,1
151,2108,1,car,1,1,1,1,250,330,70,170,45,20,80,45,10,45,20,1,2,1,0,1
151,2109,2,bus,1,1,1,1,390,420,50,140,35,15,95,55,10,55,10,3,1,1,0,1
151,2110,2,bus,1,1,1,1,345,360,70,140,35,30,110,45,5,40,25,1,3,1,0,1
151,2111,4,rail,1,1,1,1,345,390,80,120,45,25,65,35,25,55,5,3,1,1,0,1
151,2112,2,bus,1,1,1,1,250,390,60,130,50,20,80,75,15,55,15,1,3,1,0,1
151,2113,1,car,1,1,1,1,275,330,90,140,45,30,65,65,15,45,15,1,2,1,0,1
151,2114,4,rail,1,1,1,1,300,420,80,140,45,25,50,55,15,50,10,1,3,1,0,1
152,2115,3,air,1,1,1,0,300,330,70,0,40,25,80,0,15,35,0,3,0,1,1,4
152,2116,3,air,1,1,1,0,345,345,90,0,40,30,50,0,15,35,0,2,0,1,1,4
152,2117,1,car,1,1,1,0,390,390,70,0,35,35,95,0,5,45,0,3,0,1,1,4
152,2118,3,air,1,1,1,0,345,390,80,0,35,20,50,0,25,55,0,3,0,1,1,4
152,2119,3,air,1,1,1,0,275,420,80,0,45,20,80,0,15,40,0,2,0,1,1,4
152,2120,3,air,1,1,1,0,250,420,60,0,50,20,110,0,20,35,0,3,0,1,1,4
152,2121,3,air,1,1,1,0,390,420,50,0,30,20,65,0,20,55,0,1,0,1,1,4
152,2122,3,air,1,1,1,0,250,420,80,0,35,20,80,0,15,45,0,1,0,1,1,4
152,2123,3,air,1,1,1,0,300,300,80,0,35,30,95,0,20,35,0,3,0,1,1,4
152,2124,3,air,1,1,1,0,390,390,50,0,30,20,65,0,10,50,0,2,0,1,1,4
152,2125,3,air,1,1,1,0,390,390,50,0,35,15,110,0,5,50,0,3,0,1,1,4
152,2126,3,air,1,1,1,0,275,360,80,0,50,15,110,0,5,35,0,2,0,1,1,4
152,2127,3,air,1,1,1,0,300,390,50,0,40,20,65,0,20,55,0,2,0,1,1,4
152,2128,3,air,1,1,1,0,345,345,70,0,45,25,110,0,20,35,0,3,0,1,1,4
153,2129,1,car,1,1,1,1,250,360,90,140,45,20,50,65,10,40,20,2,3,0,0,3
153,2130,3,air,1,1,1,1,345,360,60,140,35,30,50,55,25,55,5,2,3,0,0,3
153,2131,1,car,1,1,1,1,300,420,90,140,40,15,50,55,10,35,25,1,3,0,0,3
153,2132,4,rail,1,1,1,1,250,300,70,120,45,35,65,75,20,50,10,1,2,0,0,3
153,2133,3,air,1,1,1,1,390,390,90,140,30,25,50,55,5,50,15,3,1,0,0,3
153,2134,1,car,1,1,1,1,345,345,90,130,40,35,65,35,10,40,20,3,1,0,0,3
153,2135,1,car,1,1,1,1,345,345,60,130,35,35,95,75,10,40,15,3,2,0,0,3
153,2136,4,rail,1,1,1,1,345,345,80,120,45,30,110,45,25,40,5,3,1,0,0,3
153,2137,4,rail,1,1,1,1,345,420,60,170,30,15,110,35,20,40,15,2,1,0,0,3
153,2138,3,air,1,1,1,1,250,390,90,155,45,25,50,55,20,40,20,2,1,0,0,3
153,2139,4,rail,1,1,1,1,250,300,80,155,40,35,95,45,10,40,25,3,1,0,0,3
153,2140,1,car,1,1,1,1,300,300,60,155,45,35,110,65,5,50,20,1,3,0,0,3
153,2141,1,car,1,1,1,1,275,360,70,120,50,20,110,75,25,40,15,1,3,0,0,3
153,2142,3,air,1,1,1,1,345,345,80,155,30,30,50,55,15,50,10,1,2,0,0,3
154,2143,3,air,1,1,1,1,390,390,50,155,35,20,50,55,15,45,15,2,3,1,1,2
154,2144,3,air,1,1,1,1,390,420,60,130,30,20,95,55,25,55,5,2,1,1,1,2
154,2145,3,air,1,1,1,1,345,390,50,140,40,25,80,45,20,50,10,3,2,1,1,2
154,2146,3,air,1,1,1,1,300,420,50,130,50,15,110,75,20,45,10,2,3,1,1,2
154,2147,3,air,1,1,1,1,390,420,60,140,30,15,110,65,5,40,25,2,1,1,1,2
154,2148,4,rail,1,1,1,1,345,345,80,120,40,35,80,45,25,45,10,3,1,1,1,2
154,2149,4,rail,1,1,1,1,300,390,60,170,40,25,65,45,20,55,15,3,2,1,1,2
154,2150,3,air,1,1,1,1,300,390,60,140,50,15,50,65,10,55,5,3,1,1,1,2
154,2151,4,rail,1,1,1,1,345,360,90,120,45,30,95,45,25,40,10,2,3,1,1,2
154,2152,4,rail,1,1,1,1,250,360,70,170,35,20,95,45,5,40,25,3,2,1,1,2
154,2153,4,rail,1,1,1,1,390,390,70,120,30,15,110,65,10,40,25,1,3,1,1,2
154,2154,3,air,1,1,1,1,250,330,70,140,50,15,95,65,10,45,20,3,1,1,1,2
154,2155,1,car,1,1,1,1,390,390,50,140,30,35,65,75,10,55,10,1,3,1,1,2
154,2156,3,air,1,1,1,1,345,360,90,140,40,25,50,35,20,55,5,2,3,1,1,2
155,2157,4,rail,1,0,1,1,250,0,70,170,45,0,80,35,0,35,25,3,2,1,0,3
155,2158,4,rail,1,0,1,1,275,0,70,140,50,0,80,35,0,40,15,1,3,1,0,3
155,2159,4,rail,1,0,1,1,390,0,60,130,40,0,110,75,0,50,15,2,1,1,0,3
155,2160,4,rail,1,0,1,1,390,0,60,120,40,0,110,75,0,45,20,1,3,1,0,3
155,2161,4,rail,1,0,1,1,300,0,80,170,40,0,50,35,0,55,5,2,3,1,0,3
155,2162,1,car,1,0,1,1,345,0,70,155,30,0,95,55,0,40,20,1,3,1,0,3
155,2163,3,air,1,0,1,1,345,0,90,130,35,0,50,65,0,35,20,2,3,1,0,3
155,2164,3,air,1,0,1,1,300,0,50,130,50,0,65,75,0,55,5,3,2,1,0,3
155,2165,3,air,1,0,1,1,345,0,50,170,35,0,50,45,0,55,5,3,2,1,0,3
155,2166,3,air,1,0,1,1,275,0,80,155,50,0,65,55,0,35,20,2,1,1,0,3
155,2167,4,rail,1,0,1,1,300,0,60,140,45,0,80,45,0,55,10,1,3,1,0,3
155,2168,1,car,1,0,1,1,345,0,70,140,30,0,95,65,0,45,20,1,3,1,0,3
155,2169,1,car,1,0,1,1,250,0,60,120,50,0,110,75,0,45,10,3,2,1,0,3
155,2170,3,air,1,0,1,1,300,0,90,170,35,0,65,35,0,35,25,3,2,1,0,3
156,2171,1,car,1,0,1,1,250,0,90,140,30,0,80,65,0,35,15,2,1,1,0,2
156,2172,4,rail,1,0,1,1,300,0,70,155,35,0,80,35,0,45,15,1,2,1,0,2
156,2173,1,car,1,0,1,1,300,0,80,155,35,0,65,45,0,45,15,1,3,1,0,2
156,2174,1,car,1,0,1,1,250,0,60,140,50,0,95,75,0,45,10,1,3,1,0,2
156,2175,4,rail,1,0,1,1,275,0,70,140,35,0,95,65,0,35,20,2,3,1,0,2
156,2176,1,car,1,0,1,1,390,0,50,130,30,0,80,65,0,35,25,2,1,1,0,2
156,2177,4,rail,1,0,1,1,390,0,70,130,35,0,110,35,0,45,10,3,1,1,0,2
156,2178,4,rail,1,0,1,1,300,0,80,155,40,0,50,35,0,50,5,1,2,1,0,2
156,2179,1,car,1,0,1,1,390,0,90,120,30,0,80,55,0,45,15,3,1,1,0,2
156,2180,1,car,1,0,1,1,345,0,70,170,35,0,50,45,0,55,5,3,2,1,0,2
156,2181,4,rail,1,0,1,1,275,0,60,155,50,0,65,55,0,50,15,3,2,1,0,2
156,2182,4,rail,1,0,1,1,345,0,50,120,35,0,80,75,0,40,10,3,2,1,0,2
156,2183,1,car,1,0,1,1,250,0,50,120,50,0,95,65,0,50,10,2,1,1,0,2
156,2184,4,rail,1,0,1,1,345,0,60,155,40,0,65,45,0,55,5,1,2,1,0,2
157,2185,4,rail,1,1,1,1,275,330,80,120,50,35,65,45,20,55,5,3,1,1,0,4
157,2186,2,bus,1,1,1,1,275,330,70,170,45,15,110,55,5,40,25,2,3,1,0,4
157,2187,2,bus,1,1,1,1,300,300,60,155,45,15,110,65,10,40,20,2,1,1,0,4
157,2188,4,rail,1,1,1,1,390,390,60,155,35,35,95,65,10,45,15,2,3,1,0,4
157,2189,4,rail,1,1,1,1,275,360,50,155,40,30,80,55,20,50,5,1,3,1,0,4
157,2190,1,car,1,1,1,1,250,360,60,120,50,25,110,65,15,45,20,3,2,1,0,4
157,2191,3,air,1,1,1,1,250,390,90,170,45,20,50,35,25,35,15,2,3,1,0,4
157,2192,3,air,1,1,1,1,275,360,70,170,40,30,65,35,10,50,15,2,3,1,0,4
157,2193,1,car,1,1,1,1,275,390,90,155,30,25,65,65,15,40,25,1,2,1,0,4
157,2194,3,air,1,1,1,1,390,390,90,120,30,25,65,65,25,35,15,3,1,1,0,4
157,2195,4,rail,1,1,1,1,275,330,70,120,50,25,80,55,25,50,5,1,3,1,0,4
157,2196,4,rail,1,1,1,1,390,420,60,130,35,15,110,55,25,35,15,2,1,1,0,4
157,2197,4,rail,1,1,1,1,300,390,50,170,45,25,50,45,10,55,5,2,1,1,0,4
157,2198,4,rail,1,1,1,1,345,345,50,140,30,35,110,65,5,45,15,2,1,1,0,4
158,2199,2,bus,1,1,1,0,275,360,70,0,50,25,65,0,10,50,0,1,0,0,0,1
158,2200,1,car,1,1,1,0,300,330,70,0,30,35,95,0,15,50,0,1,0,0,0,1
158,2201,1,car,1,1,1,0,390,390,80,0,30,30,80,0,10,35,0,1,0,0,0,1
158,2202,2,bus,1,1,1,0,300,390,70,0,40,15,95,0,5,50,0,2,0,0,0,1
158,2203,1,car,1,1,1,0,300,390,70,0,45,25,95,0,20,50,0,3,0,0,0,1
158,2204,1,car,1,1,1,0,275,420,80,0,30,20,95,0,20,35,0,3,0,0,0,1
158,2205,1,car,1,1,1,0,300,420,50,0,40,20,110,0,5,50,0,2,0,0,0,1
158,2206,1,car,1,1,1,0,345,420,60,0,35,20,110,0,25,45,0,2,0,0,0,1
158,2207,1,car,1,1,1,0,250,360,60,0,40,30,95,0,25,45,0,1,0,0,0,1
158,2208,2,bus,1,1,1,0,250,420,50,0,40,15,95,0,10,40,0,1,0,0,0,1
158,2209,1,car,1,1,1,0,345,390,90,0,35,15,65,0,10,50,0,3,0,0,0,1
158,2210,1,car,1,1,1,0,250,420,90,0,45,15,50,0,20,35,0,3,0,0,0,1
158,2211,1,car,1,1,1,0,250,390,90,0,40,20,65,0,15,35,0,3,0,0,0,1
158,2212,1,car,1,1,1,0,300,300,50,0,40,30,65,0,5,50,0,1,0,0,0,1
159,2213,2,bus,0,1,1,0,0,390,70,0,0,15,95,0,10,45,0,2,0,0,0,3
159,2214,3,air,0,1,1,0,0,345,60,0,0,35,95,0,25,50,0,3,0,0,0,3
159,2215,3,air,0,1,1,0,0,390,90,0,0,20,50,0,20,50,0,1,0,0,0,3
159,2216,3,air,0,1,1,0,0,420,50,0,0,15,110,0,10,45,0,2,0,0,0,3
159,2217,3,air,0,1,1,0,0,420,90,0,0,15,65,0,20,35,0,3,0,0,0,3
159,2218,2,bus,0,1,1,0,0,390,80,0,0,15,65,0,10,50,0,3,0,0,0,3
159,2219,2,bus,0,1,1,0,0,330,80,0,0,30,50,0,10,45,0,1,0,0,0,3
159,2220,2,bus,0,1,1,0,0,390,90,0,0,15,80,0,5,40,0,3,0,0,0,3
159,2221,3,air,0,1,1,0,0,360,50,0,0,30,80,0,20,55,0,2,0,0,0,3
159,2222,3,air,0,1,1,0,0,390,50,0,0,35,95,0,25,35,0,1,0,0,0,3
159,2223,3,air,0,1,1,0,0,390,80,0,0,15,95,0,5,45,0,3,0,0,0,3
159,2224,3,air,0,1,1,0,0,330,90,0,0,30,65,0,15,35,0,3,0,0,0,3
159,2225,3,air,0,1,1,0,0,360,90,0,0,30,65,0,25,35,0,3,0,0,0,3
159,2226,2,bus,0,1,1,0,0,390,70,0,0,35,95,0,20,45,0,1,0,0,0,3
160,2227,3,air,1,1,1,1,390,390,90,130,35,35,50,75,20,35,25,1,2,1,0,3
160,2228,4,rail,1,1,1,1,300,300,80,170,30,35,110,55,10,40,25,3,2,1,0,3
160,2229,4,rail,1,1,1,1,345,345,90,130,45,25,50,35,10,55,5,2,3,1,0,3
160,2230,4,rail,1,1,1,1,300,330,80,120,45,35,95,55,20,45,5,1,3,1,0,3
160,2231,4,rail,1,1,1,1,345,420,60,170,30,15,65,45,15,55,10,1,2,1,0,3
160,2232,1,car,1,1,1,1,345,420,80,120,30,20,80,75,15,50,10,1,2,1,0,3
160,2233,4,rail,1,1,1,1,250,360,80,120,50,20,80,45,5,40,20,3,2,1,0,3
160,2234,3,air,1,1,1,1,275,360,90,170,35,30,80,35,15,35,20,2,3,1,0,3
160,2235,4,rail,1,1,1,1,275,420,70,120,50,25,95,45,20,50,15,1,3,1,0,3
160,2236,4,rail,1,1,1,1,275,360,80,120,50,30,95,45,15,35,20,1,2,1,0,3
160,2237,1,car,1,1,1,1,275,360,50,130,50,15,110,65,20,45,15,2,3,1,0,3
160,2238,4,rail,1,1,1,1,345,360,60,140,30,25,110,75,25,50,5,3,2,1,0,3
160,2239,1,car,1,1,1,1,250,420,60,130,50,20,65,65,20,50,10,1,2,1,0,3
160,2240,3,air,1,1,1,1,390,420,60,140,35,20,50,55,5,55,5,3,1,1,0,3
161,2241,1,car,1,1,1,1,390,390,50,170,40,30,50,35,10,55,5,3,2,1,0,2
161,2242,4,rail,1,1,1,1,390,420,50,140,30,20,80,55,15,55,5,2,1,1,0,2
161,2243,1,car,1,1,1,1,300,390,70,155,30,20,110,75,5,40,25,1,2,1,0,2
161,2244,4,rail,1,1,1,1,250,330,90,170,40,35,80,35,10,40,25,1,2,1,0,2
161,2245,1,car,1,1,1,1,275,420,90,130,30,20,80,75,25,35,25,2,2,1,0,2
161,2246,4,rail,1,1,1,1,275,300,50,170,45,30,95,35,25,45,10,3,2,1,0,2
161,2247,1,car,1,1,1,1,275,300,60,120,50,35,110,75,5,40,15,2,3,1,0,2
161,2248,1,car,1,1,1,1,250,330,70,170,45,20,80,45,10,45,20,1,2,1,0,2
161,2249,1,car,1,1,1,1,390,420,50,140,35,15,95,55,10,55,10,3,1,1,0,2
161,2250,2,bus,1,1,1,1,345,360,70,140,35,30,110,45,5,40,25,1,3,1,0,2
161,2251,3,air,1,1,1,1,250,390,60,130,50,20,80,75,15,55,15,1,3,1,0,2
161,2252,1,car,1,1,1,1,390,390,70,170,30,35,110,35,5,35,25,2,3,1,0,2
161,2253,1,car,1,1,1,1,275,330,90,140,45,30,65,65,15,45,15,1,2,1,0,2
161,2254,4,rail,1,1,1,1,300,420,80,140,45,25,50,55,15,50,10,1,3,1,0,2
162,2255,4,rail,1,1,1,1,300,330,70,170,40,25,80,35,15,35,25,3,2,1,1,2
162,2256,3,air,1,1,1,1,390,390,70,140,35,35,95,45,5,45,20,3,1,1,1,2
162,2257,4,rail,1,1,1,1,345,390,80,130,35,20,50,65,25,55,5,3,2,1,1,2
162,2258,1,car,1,1,1,1,275,360,80,140,40,25,80,55,25,40,20,2,1,1,1,2
162,2259,4,rail,1,1,1,1,275,420,80,130,45,20,80,35,15,40,15,2,3,1,1,2
162,2260,4,rail,1,1,1,1,250,420,60,140,50,20,110,55,20,35,25,3,1,1,1,2
162,2261,4,rail,1,1,1,1,390,420,50,130,30,20,65,75,20,55,10,1,2,1,1,2
162,2262,1,car,1,1,1,1,250,420,80,155,35,20,80,55,15,45,20,1,2,1,1,2
162,2263,3,air,1,1,1,1,390,390,50,130,30,20,65,75,10,50,10,2,1,1,1,2
162,2264,1,car,1,1,1,1,390,390,50,140,35,15,110,75,5,50,20,3,1,1,1,2
162,2265,4,rail,1,1,1,1,275,360,80,155,50,15,110,35,5,35,20,2,1,1,1,2
162,2266,3,air,1,1,1,1,300,390,50,170,40,20,65,45,20,55,5,2,1,1,1,2
162,2267,4,rail,1,1,1,1,345,345,70,130,45,25,110,45,20,35,10,3,1,1,1,2
162,2268,3,air,1,1,1,1,275,420,50,120,50,15,50,75,5,55,5,1,3,1,1,2
163,2269,1,car,1,1,0,1,250,360,0,140,45,20,0,65,10,0,20,0,3,1,0,4
163,2270,4,rail,1,1,0,1,345,360,0,140,35,30,0,55,25,0,5,0,3,1,0,4
163,2271,1,car,1,1,0,1,275,360,0,130,45,25,0,55,20,0,20,0,3,1,0,4
163,2272,1,car,1,1,0,1,250,300,0,120,45,35,0,75,20,0,10,0,2,1,0,4
163,2273,4,rail,1,1,0,1,390,390,0,140,30,25,0,55,5,0,15,0,1,1,0,4
163,2274,1,car,1,1,0,1,345,345,0,130,40,35,0,35,10,0,20,0,1,1,0,4
163,2275,4,rail,1,1,0,1,345,345,0,130,35,35,0,75,10,0,15,0,2,1,0,4
163,2276,4,rail,1,1,0,1,345,345,0,120,45,30,0,45,25,0,5,0,1,1,0,4
163,2277,1,car,1,1,0,1,345,420,0,170,30,15,0,35,20,0,15,0,1,1,0,4
163,2278,4,rail,1,1,0,1,250,390,0,155,45,25,0,55,20,0,20,0,1,1,0,4
163,2279,4,rail,1,1,0,1,250,300,0,155,40,35,0,45,10,0,25,0,1,1,0,4
163,2280,4,rail,1,1,0,1,275,360,0,120,50,20,0,75,25,0,15,0,3,1,0,4
163,2281,1,car,1,1,0,1,345,345,0,155,30,30,0,55,15,0,10,0,2,1,0,4
163,2282,2,bus,1,1,0,1,300,300,0,130,50,25,0,75,5,0,15,0,1,1,0,4
164,2283,1,car,1,1,1,0,390,390,50,0,35,20,50,0,15,45,0,2,0,0,0,1
164,2284,1,car,1,1,1,0,345,390,60,0,40,25,110,0,25,40,0,3,0,0,0,1
164,2285,1,car,1,1,1,0,390,420,60,0,30,20,95,0,25,55,0,2,0,0,0,1
164,2286,1,car,1,1,1,0,345,390,50,0,40,25,80,0,20,50,0,3,0,0,0,1
164,2287,1,car,1,1,1,0,300,420,50,0,50,15,110,0,20,45,0,2,0,0,0,1
164,2288,2,bus,1,1,1,0,345,345,80,0,40,35,80,0,25,45,0,3,0,0,0,1
164,2289,1,car,1,1,1,0,300,390,60,0,40,25,65,0,20,55,0,3,0,0,0,1
164,2290,1,car,1,1,1,0,345,360,90,0,45,30,95,0,25,40,0,2,0,0,0,1
164,2291,1,car,1,1,1,0,275,360,50,0,50,30,50,0,15,50,0,2,0,0,0,1
164,2292,1,car,1,1,1,0,250,360,70,0,35,20,95,0,5,40,0,3,0,0,0,1
164,2293,2,bus,1,1,1,0,390,390,70,0,30,15,110,0,10,40,0,1,0,0,0,1
164,2294,2,bus,1,1,1,0,250,330,70,0,50,15,95,0,10,45,0,3,0,0,0,1
164,2295,1,car,1,1,1,0,390,390,50,0,30,35,65,0,10,55,0,1,0,0,0,1
164,2296,1,car,1,1,1,0,345,360,90,0,40,25,50,0,20,55,0,2,0,0,0,1
165,2297,3,air,0,1,1,0,0,300,70,0,0,25,80,0,5,35,0,3,0,1,1,2
165,2298,3,air,0,1,1,0,0,390,70,0,0,25,80,0,20,40,0,1,0,1,1,2
165,2299,3,air,0,1,1,0,0,390,60,0,0,25,110,0,5,50,0,2,0,1,1,2
165,2300,3,air,0,1,1,0,0,360,80,0,0,25,50,0,15,55,0,2,0,1,1,2
165,2301,3,air,0,1,1,0,0,345,70,0,0,35,95,0,15,40,0,1,0,1,1,2
165,2302,3,air,0,1,1,0,0,300,70,0,0,30,65,0,5,45,0,1,0,1,1,2
165,2303,3,air,0,1,1,0,0,345,90,0,0,35,50,0,20,35,0,2,0,1,1,2
165,2304,3,air,0,1,1,0,0,330,50,0,0,30,65,0,15,55,0,3,0,1,1,2
165,2305,3,air,0,1,1,0,0,390,50,0,0,25,50,0,25,55,0,3,0,1,1,2
165,2306,3,air,0,1,1,0,0,330,80,0,0,30,65,0,20,35,0,2,0,1,1,2
165,2307,3,air,0,1,1,0,0,330,60,0,0,30,80,0,10,55,0,1,0,1,1,2
165,2308,3,air,0,1,1,0,0,390,70,0,0,15,95,0,5,45,0,1,0,1,1,2
165,2309,2,bus,0,1,1,0,0,330,60,0,0,30,110,0,25,45,0,3,0,1,1,2
165,2310,3,air,0,1,1,0,0,420,90,0,0,20,65,0,15,35,0,3,0,1,1,2
166,2311,1,car,1,1,0,1,250,330,0,140,30,35,0,65,25,0,15,0,1,0,0,4
166,2312,4,rail,1,1,0,1,300,390,0,155,35,25,0,45,15,0,15,0,3,0,0,4
166,2313,1,car,1,1,0,1,250,420,0,140,50,20,0,75,15,0,10,0,3,0,0,4
166,2314,1,car,1,1,0,1,275,390,0,140,35,15,0,65,5,0,20,0,3,0,0,4
166,2315,4,rail,1,1,0,1,390,420,0,130,30,20,0,65,20,0,25,0,1,0,0,4
166,2316,4,rail,1,1,0,1,390,390,0,130,35,35,0,35,25,0,10,0,1,0,0,4
166,2317,4,rail,1,1,0,1,300,330,0,120,45,35,0,65,25,0,5,0,1,0,0,4
166,2318,4,rail,1,1,0,1,300,330,0,155,40,25,0,35,15,0,5,0,2,0,0,4
166,2319,4,rail,1,1,0,1,390,390,0,120,30,35,0,55,5,0,15,0,1,0,0,4
166,2320,1,car,1,1,0,1,275,300,0,170,40,35,0,55,10,0,25,0,2,0,0,4
166,2321,4,rail,1,1,0,1,345,345,0,170,35,35,0,45,25,0,5,0,2,0,0,4
166,2322,1,car,1,1,0,1,345,360,0,120,35,35,0,75,15,0,10,0,2,0,0,4
166,2323,1,car,1,1,0,1,250,300,0,120,50,35,0,65,5,0,10,0,1,0,0,4
166,2324,4,rail,1,1,0,1,345,345,0,155,40,30,0,45,20,0,5,0,2,0,0,4
167,2325,4,rail,1,1,1,1,275,330,80,120,50,35,65,45,20,55,5,3,1,0,0,3
167,2326,4,rail,1,1,1,1,275,330,70,170,45,15,110,55,5,40,25,2,3,0,0,3
167,2327,4,rail,1,1,1,1,275,390,70,155,45,15,80,35,25,55,5,1,1,0,0,3
167,2328,1,car,1,1,1,1,300,300,60,155,45,15,110,65,10,40,20,2,1,0,0,3
167,2329,3,air,1,1,1,1,390,390,60,155,35,35,95,65,10,45,15,2,3,0,0,3
167,2330,4,rail,1,1,1,1,250,360,60,120,50,25,110,65,15,45,20,3,2,0,0,3
167,2331,3,air,1,1,1,1,250,390,90,170,45,20,50,35,25,35,15,2,3,0,0,3
167,2332,1,car,1,1,1,1,275,360,70,170,40,30,65,35,10,50,15,2,3,0,0,3
167,2333,1,car,1,1,1,1,275,390,90,155,30,25,65,65,15,40,25,1,2,0,0,3
167,2334,1,car,1,1,1,1,390,390,90,120,30,25,65,65,25,35,15,3,1,0,0,3
167,2335,4,rail,1,1,1,1,390,420,60,130,35,15,110,55,25,35,15,2,1,0,0,3
167,2336,4,rail,1,1,1,1,300,390,50,170,45,25,50,45,10,55,5,2,1,0,0,3
167,2337,1,car,1,1,1,1,345,345,50,140,30,35,110,65,5,45,15,2,1,0,0,3
167,2338,1,car,1,1,1,1,250,300,80,140,40,30,80,75,15,40,20,1,2,0,0,3
168,2339,4,rail,0,1,1,1,0,360,70,120,0,25,65,65,10,50,10,1,2,1,1,2
168,2340,4,rail,0,1,1,1,0,330,70,140,0,35,95,75,15,50,25,1,2,1,1,2
168,2341,4,rail,0,1,1,1,0,390,80,130,0,30,80,65,10,35,25,1,3,1,1,2
168,2342,3,air,0,1,1,1,0,390,70,130,0,15,95,75,5,50,10,2,3,1,1,2
168,2343,4,rail,0,1,1,1,0,390,70,120,0,25,95,35,20,50,10,3,2,1,1,2
168,2344,4,rail,0,1,1,1,0,420,80,170,0,20,95,35,20,35,25,3,2,1,1,2
168,2345,4,rail,0,1,1,1,0,420,50,155,0,20,110,65,5,50,20,2,1,1,1,2
168,2346,4,rail,0,1,1,1,0,420,60,170,0,20,110,35,25,45,15,2,1,1,1,2
168,2347,3,air,0,1,1,1,0,360,60,170,0,30,95,45,25,45,10,1,2,1,1,2
168,2348,3,air,0,1,1,1,0,420,50,155,0,15,95,75,10,40,25,1,2,1,1,2
168,2349,3,air,0,1,1,1,0,390,90,155,0,15,65,35,10,50,10,3,1,1,1,2
168,2350,4,rail,0,1,1,1,0,390,50,170,0,15,95,35,5,40,25,2,3,1,1,2
168,2351,4,rail,0,1,1,1,0,390,90,170,0,20,65,35,15,35,25,3,2,1,1,2
168,2352,3,air,0,1,1,1,0,300,50,170,0,30,65,65,5,50,25,1,2,1,1,2
169,2353,1,car,1,1,1,1,390,390,70,130,30,15,95,75,10,45,15,2,3,1,1,2
169,2354,4,rail,1,1,1,1,345,345,60,120,45,35,95,45,25,50,5,3,1,1,1,2
169,2355,1,car,1,1,1,1,250,390,90,120,45,20,50,75,20,50,5,1,2,1,1,2
169,2356,1,car,1,1,1,1,300,420,50,130,45,15,110,75,10,45,15,2,3,1,1,2
169,2357,3,air,1,1,1,1,390,420,90,130,30,15,65,65,20,35,20,3,1,1,1,2
169,2358,3,air,1,1,1,1,250,390,80,155,45,15,65,45,10,50,20,3,1,1,1,2
169,2359,1,car,1,1,1,1,250,330,80,155,45,30,50,65,10,45,15,1,3,1,1,2
169,2360,4,rail,1,1,1,1,275,420,50,155,50,20,80,35,15,50,10,1,3,1,1,2
169,2361,3,air,1,1,1,1,345,360,50,155,50,30,80,45,20,55,5,2,3,1,1,2
169,2362,4,rail,1,1,1,1,390,390,50,120,35,35,95,75,25,35,15,1,2,1,1,2
169,2363,1,car,1,1,1,1,300,390,80,155,30,15,95,45,5,45,25,3,1,1,1,2
169,2364,1,car,1,1,1,1,300,330,90,155,35,30,65,45,15,35,20,3,1,1,1,2
169,2365,4,rail,1,1,1,1,250,360,90,120,50,30,65,55,25,35,25,3,2,1,1,2
169,2366,4,rail,1,1,1,1,390,390,70,120,35,35,95,55,20,45,10,1,1,1,1,2
170,2367,4,rail,0,1,1,1,0,390,90,130,0,35,50,75,20,35,25,1,2,0,0,4
170,2368,4,rail,0,1,1,1,0,300,80,170,0,35,110,55,10,40,25,3,2,0,0,4
170,2369,3,air,0,1,1,1,0,345,90,130,0,25,50,35,10,55,5,2,3,0,0,4
170,2370,4,rail,0,1,1,1,0,330,80,120,0,35,95,55,20,45,5,1,3,0,0,4
170,2371,4,rail,0,1,1,1,0,420,60,170,0,15,65,45,15,55,10,1,2,0,0,4
170,2372,4,rail,0,1,1,1,0,420,80,120,0,20,80,75,15,50,10,1,2,0,0,4
170,2373,4,rail,0,1,1,1,0,360,80,120,0,20,80,45,5,40,20,3,2,0,0,4
170,2374,4,rail,0,1,1,1,0,360,90,170,0,30,80,35,15,35,20,2,3,0,0,4
170,2375,4,rail,0,1,1,1,0,420,70,120,0,25,95,45,20,50,15,1,3,0,0,4
170,2376,4,rail,0,1,1,1,0,360,80,120,0,30,95,45,15,35,20,1,2,0,0,4
170,2377,4,rail,0,1,1,1,0,360,50,130,0,15,110,65,20,45,15,2,3,0,0,4
170,2378,4,rail,0,1,1,1,0,360,60,140,0,25,110,75,25,50,5,3,2,0,0,4
170,2379,4,rail,0,1,1,1,0,420,60,130,0,20,65,65,20,50,10,1,2,0,0,4
170,2380,3,air,0,1,1,1,0,420,60,140,0,20,50,55,5,55,5,3,1,0,0,4
171,2381,4,rail,1,1,1,1,390,390,50,170,40,30,50,35,10,55,5,3,2,1,0,2
171,2382,4,rail,1,1,1,1,390,420,50,140,30,20,80,55,15,55,5,2,1,1,0,2
171,2383,3,air,1,1,1,1,250,420,90,120,50,15,65,75,25,45,5,1,3,1,0,2
171,2384,1,car,1,1,1,1,300,390,70,155,30,20,110,75,5,40,25,1,2,1,0,2
171,2385,1,car,1,1,1,1,250,330,90,170,40,35,80,35,10,40,25,1,2,1,0,2
171,2386,4,rail,1,1,1,1,275,300,50,170,45,30,95,35,25,45,10,3,2,1,0,2
171,2387,1,car,1,1,1,1,275,300,60,120,50,35,110,75,5,40,15,2,3,1,0,2
171,2388,1,car,1,1,1,1,250,330,70,170,45,20,80,45,10,45,20,1,2,1,0,2
171,2389,4,rail,1,1,1,1,390,420,50,140,35,15,95,55,10,55,10,3,1,1,0,2
171,2390,4,rail,1,1,1,1,345,360,70,140,35,30,110,45,5,40,25,1,3,1,0,2
171,2391,4,rail,1,1,1,1,345,390,80,120,45,25,65,35,25,55,5,3,1,1,0,2
171,2392,3,air,1,1,1,1,250,390,60,130,50,20,80,75,15,55,15,1,3,1,0,2
171,2393,4,rail,1,1,1,1,275,330,90,140,45,30,65,65,15,45,15,1,2,1,0,2
171,2394,3,air,1,1,1,1,300,420,80,140,45,25,50,55,15,50,10,1,3,1,0,2
172,2395,4,rail,1,0,1,1,300,0,70,170,40,0,80,35,0,35,25,3,2,0,0,1
172,2396,3,air,1,0,1,1,345,0,90,130,40,0,50,55,0,35,20,2,3,0,0,1
172,2397,4,rail,1,0,1,1,390,0,70,140,35,0,95,45,0,45,20,3,1,0,0,1
172,2398,1,car,1,0,1,1,275,0,80,140,40,0,80,55,0,40,20,2,1,0,0,1
172,2399,1,car,1,0,1,1,275,0,80,130,45,0,80,35,0,40,15,2,3,0,0,1
172,2400,1,car,1,0,1,1,250,0,60,140,50,0,110,55,0,35,25,3,1,0,0,1
172,2401,1,car,1,0,1,1,390,0,50,130,30,0,65,75,0,55,10,1,2,0,0,1
172,2402,1,car,1,0,1,1,250,0,80,155,35,0,80,55,0,45,20,1,2,0,0,1
172,2403,1,car,1,0,1,1,390,0,50,130,30,0,65,75,0,50,10,2,1,0,0,1
172,2404,1,car,1,0,1,1,390,0,50,140,35,0,110,75,0,50,20,3,1,0,0,1
172,2405,4,rail,1,0,1,1,275,0,80,155,50,0,110,35,0,35,20,2,1,0,0,1
172,2406,3,air,1,0,1,1,300,0,50,170,40,0,65,45,0,55,5,2,1,0,0,1
172,2407,4,rail,1,0,1,1,345,0,70,130,45,0,110,45,0,35,10,3,1,0,0,1
172,2408,3,air,1,0,1,1,275,0,50,120,50,0,50,75,0,55,5,1,3,0,0,1
173,2409,3,air,1,1,1,1,250,360,90,140,45,20,50,65,10,40,20,2,3,1,1,4
173,2410,3,air,1,1,1,1,345,360,60,140,35,30,50,55,25,55,5,2,3,1,1,4
173,2411,3,air,1,1,1,1,275,360,90,130,45,25,65,55,20,35,20,2,3,1,1,4
173,2412,3,air,1,1,1,1,300,420,90,140,40,15,50,55,10,35,25,1,3,1,1,4
173,2413,3,air,1,1,1,1,390,390,90,140,30,25,50,55,5,50,15,3,1,1,1,4
173,2414,4,rail,1,1,1,1,345,345,90,130,40,35,65,35,10,40,20,3,1,1,1,4
173,2415,4,rail,1,1,1,1,345,345,60,130,35,35,95,75,10,40,15,3,2,1,1,4
173,2416,4,rail,1,1,1,1,345,345,80,120,45,30,110,45,25,40,5,3,1,1,1,4
173,2417,3,air,1,1,1,1,345,420,60,170,30,15,110,35,20,40,15,2,1,1,1,4
173,2418,3,air,1,1,1,1,250,390,90,155,45,25,50,55,20,40,20,2,1,1,1,4
173,2419,1,car,1,1,1,1,250,300,80,155,40,35,95,45,10,40,25,3,1,1,1,4
173,2420,1,car,1,1,1,1,300,300,60,155,45,35,110,65,5,50,20,1,3,1,1,4
173,2421,1,car,1,1,1,1,275,360,70,120,50,20,110,75,25,40,15,1,3,1,1,4
173,2422,4,rail,1,1,1,1,300,300,80,130,50,25,50,75,5,50,15,2,1,1,1,4
174,2423,2,bus,0,1,0,1,0,390,0,155,0,20,0,55,15,0,15,0,3,0,0,1
174,2424,4,rail,0,1,0,1,0,390,0,130,0,25,0,45,25,0,10,0,1,0,0,1
174,2425,4,rail,0,1,0,1,0,390,0,140,0,25,0,45,20,0,10,0,2,0,0,1
174,2426,2,bus,0,1,0,1,0,420,0,130,0,15,0,75,20,0,10,0,3,0,0,1
174,2427,2,bus,0,1,0,1,0,420,0,140,0,15,0,65,5,0,25,0,1,0,0,1
174,2428,4,rail,0,1,0,1,0,345,0,120,0,35,0,45,25,0,10,0,1,0,0,1
174,2429,4,rail,0,1,0,1,0,390,0,170,0,25,0,45,20,0,15,0,2,0,0,1
174,2430,2,bus,0,1,0,1,0,390,0,140,0,15,0,65,10,0,5,0,1,0,0,1
174,2431,4,rail,0,1,0,1,0,360,0,120,0,30,0,45,25,0,10,0,3,0,0,1
174,2432,4,rail,0,1,0,1,0,360,0,155,0,30,0,45,15,0,10,0,1,0,0,1
174,2433,2,bus,0,1,0,1,0,390,0,120,0,15,0,65,10,0,25,0,3,0,0,1
174,2434,2,bus,0,1,0,1,0,330,0,140,0,15,0,65,10,0,20,0,1,0,0,1
174,2435,2,bus,0,1,0,1,0,390,0,140,0,35,0,75,10,0,10,0,3,0,0,1
174,2436,4,rail,0,1,0,1,0,360,0,140,0,25,0,35,20,0,5,0,3,0,0,1
175,2437,4,rail,1,1,1,1,250,300,70,170,45,25,80,35,5,35,25,3,2,1,0,4
175,2438,4,rail,1,1,1,1,390,390,60,130,40,25,110,75,5,50,15,2,1,1,0,4
175,2439,1,car,1,1,1,1,390,390,60,120,40,20,110,75,5,45,20,1,3,1,0,4
175,2440,3,air,1,1,1,1,300,360,80,170,40,25,50,35,15,55,5,2,3,1,0,4
175,2441,1,car,1,1,1,1,345,345,70,155,30,35,95,55,15,40,20,1,3,1,0,4
175,2442,1,car,1,1,1,1,275,300,70,170,40,30,65,35,5,45,25,1,3,1,0,4
175,2443,3,air,1,1,1,1,345,345,90,130,35,35,50,65,20,35,20,2,3,1,0,4
175,2444,4,rail,1,1,1,1,300,330,50,130,50,30,65,75,15,55,5,3,2,1,0,4
175,2445,1,car,1,1,1,1,250,360,60,170,30,30,95,55,25,45,20,1,3,1,0,4
175,2446,1,car,1,1,1,1,345,390,50,170,35,25,50,45,25,55,5,3,2,1,0,4
175,2447,4,rail,1,1,1,1,275,330,80,155,50,30,65,55,20,35,20,2,1,1,0,4
175,2448,4,rail,1,1,1,1,300,330,60,140,45,30,80,45,10,55,10,1,3,1,0,4
175,2449,1,car,1,1,1,1,250,330,60,120,50,30,110,75,25,45,10,3,2,1,0,4
175,2450,1,car,1,1,1,1,300,420,90,170,35,20,65,35,15,35,25,3,2,1,0,4
176,2451,1,car,1,1,1,1,250,330,90,140,30,35,80,65,25,35,15,2,1,1,0,1
176,2452,4,rail,1,1,1,1,300,390,80,155,35,25,65,45,15,45,15,1,3,1,0,1
176,2453,4,rail,1,1,1,1,250,420,60,140,50,20,95,75,15,45,10,1,3,1,0,1
176,2454,1,car,1,1,1,1,275,390,70,140,35,15,95,65,5,35,20,2,3,1,0,1
176,2455,1,car,1,1,1,1,390,420,50,130,30,20,80,65,20,35,25,2,1,1,0,1
176,2456,4,rail,1,1,1,1,390,390,70,130,35,35,110,35,25,45,10,3,1,1,0,1
176,2457,3,air,1,1,1,1,300,330,90,120,45,35,50,65,25,55,5,3,1,1,0,1
176,2458,4,rail,1,1,1,1,300,330,80,155,40,25,50,35,15,50,5,1,2,1,0,1
176,2459,1,car,1,1,1,1,390,390,90,120,30,35,80,55,5,45,15,3,1,1,0,1
176,2460,1,car,1,1,1,1,275,300,80,170,40,35,80,55,10,40,25,1,2,1,0,1
176,2461,4,rail,1,1,1,1,275,390,60,155,50,25,65,55,15,50,15,3,2,1,0,1
176,2462,1,car,1,1,1,1,345,360,50,120,35,35,80,75,15,40,10,3,2,1,0,1
176,2463,1,car,1,1,1,1,250,300,50,120,50,35,95,65,5,50,10,2,1,1,0,1
176,2464,4,rail,1,1,1,1,345,345,60,155,40,30,65,45,20,55,5,1,2,1,0,1
177,2465,2,bus,1,1,0,1,275,330,0,170,45,15,0,55,5,0,25,0,3,1,0,2
177,2466,4,rail,1,1,0,1,275,390,0,155,45,15,0,35,25,0,5,0,1,1,0,2
177,2467,4,rail,1,1,0,1,300,300,0,155,45,15,0,65,10,0,20,0,1,1,0,2
177,2468,1,car,1,1,0,1,390,390,0,155,35,35,0,65,10,0,15,0,3,1,0,2
177,2469,4,rail,1,1,0,1,275,360,0,155,40,30,0,55,20,0,5,0,3,1,0,2
177,2470,1,car,1,1,0,1,250,360,0,120,50,25,0,65,15,0,20,0,2,1,0,2
177,2471,4,rail,1,1,0,1,250,390,0,170,45,20,0,35,25,0,15,0,3,1,0,2
177,2472,1,car,1,1,0,1,275,360,0,170,40,30,0,35,10,0,15,0,3,1,0,2
177,2473,1,car,1,1,0,1,275,390,0,155,30,25,0,65,15,0,25,0,2,1,0,2
177,2474,4,rail,1,1,0,1,390,390,0,120,30,25,0,65,25,0,15,0,1,1,0,2
177,2475,4,rail,1,1,0,1,275,330,0,120,50,25,0,55,25,0,5,0,3,1,0,2
177,2476,4,rail,1,1,0,1,390,420,0,130,35,15,0,55,25,0,15,0,1,1,0,2
177,2477,2,bus,1,1,0,1,345,345,0,140,30,35,0,65,5,0,15,0,1,1,0,2
177,2478,1,car,1,1,0,1,250,300,0,140,40,30,0,75,15,0,20,0,2,1,0,2
178,2479,3,air,1,1,1,1,250,330,80,130,50,30,50,55,15,55,10,2,1,0,0,3
178,2480,1,car,1,1,1,1,275,360,70,120,50,25,65,65,10,50,10,1,2,0,0,3
178,2481,1,car,1,1,1,1,300,330,70,140,30,35,95,75,15,50,25,1,2,0,0,3
178,2482,4,rail,1,1,1,1,390,390,80,130,30,30,80,65,10,35,25,1,3,0,0,3
178,2483,1,car,1,1,1,1,300,390,70,130,40,15,95,75,5,50,10,2,3,0,0,3
178,2484,4,rail,1,1,1,1,275,420,80,170,30,20,95,35,20,35,25,3,2,0,0,3
178,2485,1,car,1,1,1,1,300,420,50,155,40,20,110,65,5,50,20,2,1,0,0,3
178,2486,4,rail,1,1,1,1,345,420,60,170,35,20,110,35,25,45,15,2,1,0,0,3
178,2487,3,air,1,1,1,1,250,420,50,155,40,15,95,75,10,40,25,1,2,0,0,3
178,2488,1,car,1,1,1,1,345,390,90,155,35,15,65,35,10,50,10,3,1,0,0,3
178,2489,4,rail,1,1,1,1,390,390,50,170,35,15,95,35,5,40,25,2,3,0,0,3
178,2490,1,car,1,1,1,1,250,420,90,140,45,15,50,65,20,35,25,3,2,0,0,3
178,2491,4,rail,1,1,1,1,250,390,90,170,40,20,65,35,15,35,25,3,2,0,0,3
178,2492,3,air,1,1,1,1,300,300,50,170,40,30,65,65,5,50,25,1,2,0,0,3
179,2493,4,rail,0,1,0,1,0,390,0,130,0,15,0,75,10,0,15,0,3,0,0,3
179,2494,4,rail,0,1,0,1,0,345,0,120,0,35,0,45,25,0,5,0,1,0,0,3
179,2495,4,rail,0,1,0,1,0,390,0,120,0,20,0,75,20,0,5,0,2,0,0,3
179,2496,4,rail,0,1,0,1,0,420,0,130,0,15,0,65,20,0,20,0,1,0,0,3
179,2497,4,rail,0,1,0,1,0,390,0,155,0,15,0,45,10,0,20,0,1,0,0,3
179,2498,4,rail,0,1,0,1,0,390,0,155,0,15,0,65,10,0,25,0,1,0,0,3
179,2499,4,rail,0,1,0,1,0,330,0,155,0,30,0,65,10,0,15,0,3,0,0,3
179,2500,4,rail,0,1,0,1,0,390,0,130,0,15,0,65,5,0,20,0,1,0,0,3
179,2501,4,rail,0,1,0,1,0,360,0,155,0,30,0,45,20,0,5,0,3,0,0,3
179,2502,4,rail,0,1,0,1,0,390,0,120,0,35,0,75,25,0,15,0,2,0,0,3
179,2503,4,rail,0,1,0,1,0,390,0,155,0,15,0,45,5,0,25,0,1,0,0,3
179,2504,4,rail,0,1,0,1,0,330,0,155,0,30,0,45,15,0,20,0,1,0,0,3
179,2505,4,rail,0,1,0,1,0,360,0,120,0,30,0,55,25,0,25,0,2,0,0,3
179,2506,4,rail,0,1,0,1,0,390,0,120,0,35,0,55,20,0,10,0,1,0,0,3
180,2507,1,car,1,1,1,1,300,300,80,170,30,35,110,55,10,40,25,3,2,0,0,1
180,2508,4,rail,1,1,1,1,345,345,90,130,45,25,50,35,10,55,5,2,3,0,0,1
180,2509,1,car,1,1,1,1,390,390,50,155,35,35,80,55,5,55,15,2,1,0,0,1
180,2510,4,rail,1,1,1,1,300,330,80,120,45,35,95,55,20,45,5,1,3,0,0,1
180,2511,1,car,1,1,1,1,345,420,60,170,30,15,65,45,15,55,10,1,2,0,0,1
180,2512,1,car,1,1,1,1,345,420,80,120,30,20,80,75,15,50,10,1,2,0,0,1
180,2513,1,car,1,1,1,1,250,360,80,120,50,20,80,45,5,40,20,3,2,0,0,1
180,2514,1,car,1,1,1,1,275,360,90,170,35,30,80,35,15,35,20,2,3,0,0,1
180,2515,4,rail,1,1,1,1,275,420,70,120,50,25,95,45,20,50,15,1,3,0,0,1
180,2516,4,rail,1,1,1,1,275,360,80,120,50,30,95,45,15,35,20,1,2,0,0,1
180,2517,3,air,1,1,1,1,300,300,80,170,45,30,50,35,10,55,5,2,3,0,0,1
180,2518,4,rail,1,1,1,1,275,360,50,130,50,15,110,65,20,45,15,2,3,0,0,1
180,2519,1,car,1,1,1,1,250,420,60,130,50,20,65,65,20,50,10,1,2,0,0,1
180,2520,3,air,1,1,1,1,390,420,60,140,35,20,50,55,5,55,5,3,1,0,0,1
181,2521,4,rail,1,1,1,1,390,390,50,170,40,30,50,35,10,55,5,3,2,0,0,1
181,2522,3,air,1,1,1,1,390,420,50,140,30,20,80,55,15,55,5,2,1,0,0,1
181,2523,1,car,1,1,1,1,250,420,90,120,50,15,65,75,25,45,5,1,3,0,0,1
181,2524,2,bus,1,1,1,1,300,390,70,155,30,20,110,75,5,40,25,1,2,0,0,1
181,2525,1,car,1,1,1,1,250,330,90,170,40,35,80,35,10,40,25,1,2,0,0,1
181,2526,4,rail,1,1,1,1,275,420,90,130,30,20,80,75,25,35,25,2,2,0,0,1
181,2527,4,rail,1,1,1,1,275,300,60,120,50,35,110,75,5,40,15,2,3,0,0,1
181,2528,4,rail,1,1,1,1,250,330,70,170,45,20,80,45,10,45,20,1,2,0,0,1
181,2529,1,car,1,1,1,1,390,420,50,140,35,15,95,55,10,55,10,3,1,0,0,1
181,2530,4,rail,1,1,1,1,345,390,80,120,45,25,65,35,25,55,5,3,1,0,0,1
181,2531,1,car,1,1,1,1,250,390,60,130,50,20,80,75,15,55,15,1,3,0,0,1
181,2532,1,car,1,1,1,1,390,390,70,170,30,35,110,35,5,35,25,2,3,0,0,1
181,2533,4,rail,1,1,1,1,275,330,90,140,45,30,65,65,15,45,15,1,2,0,0,1
181,2534,4,rail,1,1,1,1,300,420,80,140,45,25,50,55,15,50,10,1,3,0,0,1
182,2535,4,rail,1,1,1,1,300,330,70,170,40,25,80,35,15,35,25,3,2,0,0,3
182,2536,3,air,1,1,1,1,345,345,90,130,40,30,50,55,15,35,20,2,3,0,0,3
182,2537,4,rail,1,1,1,1,390,390,70,140,35,35,95,45,5,45,20,3,1,0,0,3
182,2538,3,air,1,1,1,1,345,390,80,130,35,20,50,65,25,55,5,3,2,0,0,3
182,2539,1,car,1,1,1,1,275,360,80,140,40,25,80,55,25,40,20,2,1,0,0,3
182,2540,1,car,1,1,1,1,250,420,60,140,50,20,110,55,20,35,25,3,1,0,0,3
182,2541,1,car,1,1,1,1,390,420,50,130,30,20,65,75,20,55,10,1,2,0,0,3
182,2542,1,car,1,1,1,1,300,300,80,140,35,30,95,45,20,35,20,3,2,0,0,3
182,2543,3,air,1,1,1,1,390,390,50,130,30,20,65,75,10,50,10,2,1,0,0,3
182,2544,1,car,1,1,1,1,390,390,50,140,35,15,110,75,5,50,20,3,1,0,0,3
182,2545,1,car,1,1,1,1,275,360,80,155,50,15,110,35,5,35,20,2,1,0,0,3
182,2546,3,air,1,1,1,1,300,390,50,170,40,20,65,45,20,55,5,2,1,0,0,3
182,2547,1,car,1,1,1,1,345,345,70,130,45,25,110,45,20,35,10,3,1,0,0,3
182,2548,1,car,1,1,1,1,275,420,50,120,50,15,50,75,5,55,5,1,3,0,0,3
183,2549,1,car,1,1,1,1,250,360,90,140,45,20,50,65,10,40,20,2,3,0,0,4
183,2550,3,air,1,1,1,1,345,360,60,140,35,30,50,55,25,55,5,2,3,0,0,4
183,2551,3,air,1,1,1,1,275,360,90,130,45,25,65,55,20,35,20,2,3,0,0,4
183,2552,4,rail,1,1,1,1,300,420,90,140,40,15,50,55,10,35,25,1,3,0,0,4
183,2553,1,car,1,1,1,1,250,300,70,120,45,35,65,75,20,50,10,1,2,0,0,4
183,2554,3,air,1,1,1,1,390,390,90,140,30,25,50,55,5,50,15,3,1,0,0,4
183,2555,1,car,1,1,1,1,345,345,60,130,35,35,95,75,10,40,15,3,2,0,0,4
183,2556,1,car,1,1,1,1,345,420,60,170,30,15,110,35,20,40,15,2,1,0,0,4
183,2557,1,car,1,1,1,1,250,390,90,155,45,25,50,55,20,40,20,2,1,0,0,4
183,2558,4,rail,1,1,1,1,250,300,80,155,40,35,95,45,10,40,25,3,1,0,0,4
183,2559,2,bus,1,1,1,1,300,300,60,155,45,35,110,65,5,50,20,1,3,0,0,4
183,2560,1,car,1,1,1,1,275,360,70,120,50,20,110,75,25,40,15,1,3,0,0,4
183,2561,3,air,1,1,1,1,345,345,80,155,30,30,50,55,15,50,10,1,2,0,0,4
183,2562,2,bus,1,1,1,1,300,300,80,130,50,25,50,75,5,50,15,2,1,0,0,4
184,2563,3,air,1,1,1,1,390,390,50,155,35,20,50,55,15,45,15,2,3,0,0,2
184,2564,4,rail,1,1,1,1,345,390,60,130,40,25,110,45,25,40,10,3,1,0,0,2
184,2565,4,rail,1,1,1,1,390,420,60,130,30,20,95,55,25,55,5,2,1,0,0,2
184,2566,4,rail,1,1,1,1,345,390,50,140,40,25,80,45,20,50,10,3,2,0,0,2
184,2567,1,car,1,1,1,1,300,420,50,130,50,15,110,75,20,45,10,2,3,0,0,2
184,2568,4,rail,1,1,1,1,345,345,80,120,40,35,80,45,25,45,10,3,1,0,0,2
184,2569,4,rail,1,1,1,1,300,390,60,170,40,25,65,45,20,55,15,3,2,0,0,2
184,2570,4,rail,1,1,1,1,345,360,90,120,45,30,95,45,25,40,10,2,3,0,0,2
184,2571,1,car,1,1,1,1,275,360,50,155,50,30,50,45,15,50,10,2,1,0,0,2
184,2572,1,car,1,1,1,1,250,360,70,170,35,20,95,45,5,40,25,3,2,0,0,2
184,2573,1,car,1,1,1,1,390,390,70,120,30,15,110,65,10,40,25,1,3,0,0,2
184,2574,2,bus,1,1,1,1,250,330,70,140,50,15,95,65,10,45,20,3,1,0,0,2
184,2575,1,car,1,1,1,1,390,390,50,140,30,35,65,75,10,55,10,1,3,0,0,2
184,2576,4,rail,1,1,1,1,345,360,90,140,40,25,50,35,20,55,5,2,3,0,0,2
185,2577,4,rail,0,1,1,1,0,390,70,140,0,25,80,35,20,40,15,1,3,0,0,1
185,2578,2,bus,0,1,1,1,0,390,60,130,0,25,110,75,5,50,15,2,1,0,0,1
185,2579,4,rail,0,1,1,1,0,390,60,120,0,20,110,75,5,45,20,1,3,0,0,1
185,2580,4,rail,0,1,1,1,0,360,80,170,0,25,50,35,15,55,5,2,3,0,0,1
185,2581,4,rail,0,1,1,1,0,345,70,155,0,35,95,55,15,40,20,1,3,0,0,1
185,2582,4,rail,0,1,1,1,0,300,70,170,0,30,65,35,5,45,25,1,3,0,0,1
185,2583,3,air,0,1,1,1,0,345,90,130,0,35,50,65,20,35,20,2,3,0,0,1
185,2584,4,rail,0,1,1,1,0,360,60,170,0,30,95,55,25,45,20,1,3,0,0,1
185,2585,3,air,0,1,1,1,0,390,50,170,0,25,50,45,25,55,5,3,2,0,0,1
185,2586,3,air,0,1,1,1,0,330,80,155,0,30,65,55,20,35,20,2,1,0,0,1
185,2587,4,rail,0,1,1,1,0,330,60,140,0,30,80,45,10,55,10,1,3,0,0,1
185,2588,4,rail,0,1,1,1,0,390,70,140,0,15,95,65,5,45,20,1,3,0,0,1
185,2589,4,rail,0,1,1,1,0,330,60,120,0,30,110,75,25,45,10,3,2,0,0,1
185,2590,3,air,0,1,1,1,0,420,90,170,0,20,65,35,15,35,25,3,2,0,0,1
186,2591,2,bus,1,1,1,1,250,330,90,140,30,35,80,65,25,35,15,2,1,0,0,1
186,2592,4,rail,1,1,1,1,300,360,70,155,35,25,80,35,25,45,15,1,2,0,0,1
186,2593,4,rail,1,1,1,1,300,390,80,155,35,25,65,45,15,45,15,1,3,0,0,1
186,2594,1,car,1,1,1,1,250,420,60,140,50,20,95,75,15,45,10,1,3,0,0,1
186,2595,2,bus,1,1,1,1,390,420,50,130,30,20,80,65,20,35,25,2,1,0,0,1
186,2596,4,rail,1,1,1,1,390,390,70,130,35,35,110,35,25,45,10,3,1,0,0,1
186,2597,3,air,1,1,1,1,300,330,90,120,45,35,50,65,25,55,5,3,1,0,0,1
186,2598,1,car,1,1,1,1,300,330,80,155,40,25,50,35,15,50,5,1,2,0,0,1
186,2599,1,car,1,1,1,1,390,390,90,120,30,35,80,55,5,45,15,3,1,0,0,1
186,2600,1,car,1,1,1,1,275,300,80,170,40,35,80,55,10,40,25,1,2,0,0,1
186,2601,4,rail,1,1,1,1,275,390,60,155,50,25,65,55,15,50,15,3,2,0,0,1
186,2602,3,air,1,1,1,1,345,360,50,120,35,35,80,75,15,40,10,3,2,0,0,1
186,2603,1,car,1,1,1,1,250,300,50,120,50,35,95,65,5,50,10,2,1,0,0,1
186,2604,1,car,1,1,1,1,345,345,60,155,40,30,65,45,20,55,5,1,2,0,0,1
187,2605,3,air,1,1,1,0,275,330,80,0,50,35,65,0,20,55,0,3,0,1,1,1
187,2606,3,air,1,1,1,0,275,330,70,0,45,15,110,0,5,40,0,2,0,1,1,1
187,2607,3,air,1,1,1,0,275,390,70,0,45,15,80,0,25,55,0,1,0,1,1,1
187,2608,3,air,1,1,1,0,300,300,60,0,45,15,110,0,10,40,0,2,0,1,1,1
187,2609,1,car,1,1,1,0,275,360,50,0,40,30,80,0,20,50,0,1,0,1,1,1
187,2610,1,car,1,1,1,0,250,360,60,0,50,25,110,0,15,45,0,3,0,1,1,1
187,2611,3,air,1,1,1,0,250,390,90,0,45,20,50,0,25,35,0,2,0,1,1,1
187,2612,3,air,1,1,1,0,275,360,70,0,40,30,65,0,10,50,0,2,0,1,1,1
187,2613,3,air,1,1,1,0,275,390,90,0,30,25,65,0,15,40,0,1,0,1,1,1
187,2614,3,air,1,1,1,0,390,390,90,0,30,25,65,0,25,35,0,3,0,1,1,1
187,2615,3,air,1,1,1,0,275,330,70,0,50,25,80,0,25,50,0,1,0,1,1,1
187,2616,3,air,1,1,1,0,390,420,60,0,35,15,110,0,25,35,0,2,0,1,1,1
187,2617,3,air,1,1,1,0,300,390,50,0,45,25,50,0,10,55,0,2,0,1,1,1
187,2618,3,air,1,1,1,0,345,345,50,0,30,35,110,0,5,45,0,2,0,1,1,1
188,2619,4,rail,1,1,1,1,275,360,70,120,50,25,65,65,10,50,10,1,2,1,0,3
188,2620,1,car,1,1,1,1,300,330,70,140,30,35,95,75,15,50,25,1,2,1,0,3
188,2621,1,car,1,1,1,1,390,390,80,130,30,30,80,65,10,35,25,1,3,1,0,3
188,2622,4,rail,1,1,1,1,300,390,70,130,40,15,95,75,5,50,10,2,3,1,0,3
188,2623,4,rail,1,1,1,1,300,390,70,120,45,25,95,35,20,50,10,3,2,1,0,3
188,2624,4,rail,1,1,1,1,275,420,80,170,30,20,95,35,20,35,25,3,2,1,0,3
188,2625,1,car,1,1,1,1,300,420,50,155,40,20,110,65,5,50,20,2,1,1,0,3
188,2626,4,rail,1,1,1,1,345,420,60,170,35,20,110,35,25,45,15,2,1,1,0,3
188,2627,1,car,1,1,1,1,250,360,60,170,40,30,95,45,25,45,10,1,2,1,0,3
188,2628,1,car,1,1,1,1,250,420,50,155,40,15,95,75,10,40,25,1,2,1,0,3
188,2629,4,rail,1,1,1,1,345,390,90,155,35,15,65,35,10,50,10,3,1,1,0,3
188,2630,4,rail,1,1,1,1,390,390,50,170,35,15,95,35,5,40,25,2,3,1,0,3
188,2631,1,car,1,1,1,1,250,390,90,170,40,20,65,35,15,35,25,3,2,1,0,3
188,2632,1,car,1,1,1,1,300,300,50,170,40,30,65,65,5,50,25,1,2,1,0,3
189,2633,4,rail,0,1,0,1,0,390,0,130,0,15,0,75,10,0,15,0,3,0,1,3
189,2634,4,rail,0,1,0,1,0,345,0,120,0,35,0,45,25,0,5,0,1,0,1,3
189,2635,4,rail,0,1,0,1,0,420,0,130,0,15,0,75,10,0,15,0,3,0,1,3
189,2636,4,rail,0,1,0,1,0,420,0,130,0,15,0,65,20,0,20,0,1,0,1,3
189,2637,4,rail,0,1,0,1,0,390,0,155,0,15,0,45,10,0,20,0,1,0,1,3
189,2638,4,rail,0,1,0,1,0,390,0,155,0,15,0,65,10,0,25,0,1,0,1,3
189,2639,4,rail,0,1,0,1,0,330,0,155,0,30,0,65,10,0,15,0,3,0,1,3
189,2640,4,rail,0,1,0,1,0,390,0,130,0,15,0,65,5,0,20,0,1,0,1,3
189,2641,4,rail,0,1,0,1,0,420,0,155,0,20,0,35,15,0,10,0,3,0,1,3
189,2642,4,rail,0,1,0,1,0,360,0,155,0,30,0,45,20,0,5,0,3,0,1,3
189,2643,4,rail,0,1,0,1,0,390,0,120,0,35,0,75,25,0,15,0,2,0,1,3
189,2644,4,rail,0,1,0,1,0,330,0,155,0,30,0,45,15,0,20,0,1,0,1,3
189,2645,4,rail,0,1,0,1,0,360,0,120,0,30,0,55,25,0,25,0,2,0,1,3
189,2646,4,rail,0,1,0,1,0,390,0,120,0,35,0,55,20,0,10,0,1,0,1,3
190,2647,4,rail,1,1,0,1,390,390,0,130,35,35,0,75,20,0,25,0,2,1,1,3
190,2648,4,rail,1,1,0,1,300,300,0,170,30,35,0,55,10,0,25,0,2,1,1,3
190,2649,4,rail,1,1,0,1,345,345,0,130,45,25,0,35,10,0,5,0,3,1,1,3
190,2650,4,rail,1,1,0,1,390,390,0,155,35,35,0,55,5,0,15,0,1,1,1,3
190,2651,4,rail,1,1,0,1,345,420,0,170,30,15,0,45,15,0,10,0,2,1,1,3
190,2652,4,rail,1,1,0,1,345,420,0,120,30,20,0,75,15,0,10,0,2,1,1,3
190,2653,1,car,1,1,0,1,250,360,0,120,50,20,0,45,5,0,20,0,2,1,1,3
190,2654,4,rail,1,1,0,1,275,360,0,170,35,30,0,35,15,0,20,0,3,1,1,3
190,2655,4,rail,1,1,0,1,275,420,0,120,50,25,0,45,20,0,15,0,3,1,1,3
190,2656,4,rail,1,1,0,1,275,360,0,120,50,30,0,45,15,0,20,0,2,1,1,3
190,2657,4,rail,1,1,0,1,275,360,0,130,50,15,0,65,20,0,15,0,3,1,1,3
190,2658,4,rail,1,1,0,1,345,360,0,140,30,25,0,75,25,0,5,0,2,1,1,3
190,2659,4,rail,1,1,0,1,250,420,0,130,50,20,0,65,20,0,10,0,2,1,1,3
190,2660,4,rail,1,1,0,1,390,420,0,140,35,20,0,55,5,0,5,0,1,1,1,3
191,2661,3,air,1,1,1,1,390,390,50,170,40,30,50,35,10,55,5,3,2,1,0,3
191,2662,1,car,1,1,1,1,390,420,50,140,30,20,80,55,15,55,5,2,1,1,0,3
191,2663,3,air,1,1,1,1,250,420,90,120,50,15,65,75,25,45,5,1,3,1,0,3
191,2664,1,car,1,1,1,1,300,390,70,155,30,20,110,75,5,40,25,1,2,1,0,3
191,2665,4,rail,1,1,1,1,250,330,90,170,40,35,80,35,10,40,25,1,2,1,0,3
191,2666,4,rail,1,1,1,1,275,300,50,170,45,30,95,35,25,45,10,3,2,1,0,3
191,2667,1,car,1,1,1,1,275,300,60,120,50,35,110,75,5,40,15,2,3,1,0,3
191,2668,1,car,1,1,1,1,250,330,70,170,45,20,80,45,10,45,20,1,2,1,0,3
191,2669,1,car,1,1,1,1,390,420,50,140,35,15,95,55,10,55,10,3,1,1,0,3
191,2670,1,car,1,1,1,1,345,360,70,140,35,30,110,45,5,40,25,1,3,1,0,3
191,2671,4,rail,1,1,1,1,345,390,80,120,45,25,65,35,25,55,5,3,1,1,0,3
191,2672,1,car,1,1,1,1,250,390,60,130,50,20,80,75,15,55,15,1,3,1,0,3
191,2673,4,rail,1,1,1,1,390,390,70,170,30,35,110,35,5,35,25,2,3,1,0,3
191,2674,3,air,1,1,1,1,300,420,80,140,45,25,50,55,15,50,10,1,3,1,0,3
192,2675,4,rail,0,1,1,1,0,330,70,170,0,25,80,35,15,35,25,3,2,1,0,1
192,2676,3,air,0,1,1,1,0,345,90,130,0,30,50,55,15,35,20,2,3,1,0,1
192,2677,4,rail,0,1,1,1,0,390,70,140,0,35,95,45,5,45,20,3,1,1,0,1
192,2678,3,air,0,1,1,1,0,390,80,130,0,20,50,65,25,55,5,3,2,1,0,1
192,2679,4,rail,0,1,1,1,0,360,80,140,0,25,80,55,25,40,20,2,1,1,0,1
192,2680,4,rail,0,1,1,1,0,420,80,130,0,20,80,35,15,40,15,2,3,1,0,1
192,2681,4,rail,0,1,1,1,0,420,60,140,0,20,110,55,20,35,25,3,1,1,0,1
192,2682,4,rail,0,1,1,1,0,420,80,155,0,20,80,55,15,45,20,1,2,1,0,1
192,2683,4,rail,0,1,1,1,0,300,80,140,0,30,95,45,20,35,20,3,2,1,0,1
192,2684,2,bus,0,1,1,1,0,390,50,130,0,20,65,75,10,50,10,2,1,1,0,1
192,2685,4,rail,0,1,1,1,0,360,80,155,0,15,110,35,5,35,20,2,1,1,0,1
192,2686,4,rail,0,1,1,1,0,390,50,170,0,20,65,45,20,55,5,2,1,1,0,1
192,2687,4,rail,0,1,1,1,0,345,70,130,0,25,110,45,20,35,10,3,1,1,0,1
192,2688,3,air,0,1,1,1,0,420,50,120,0,15,50,75,5,55,5,1,3,1,0,1
193,2689,2,bus,0,1,1,1,0,360,90,140,0,20,50,65,10,40,20,2,3,1,0,1
193,2690,4,rail,0,1,1,1,0,360,60,140,0,30,50,55,25,55,5,2,3,1,0,1
193,2691,3,air,0,1,1,1,0,420,90,140,0,15,50,55,10,35,25,1,3,1,0,1
193,2692,3,air,0,1,1,1,0,300,70,120,0,35,65,75,20,50,10,1,2,1,0,1
193,2693,3,air,0,1,1,1,0,390,90,140,0,25,50,55,5,50,15,3,1,1,0,1
193,2694,4,rail,0,1,1,1,0,345,90,130,0,35,65,35,10,40,20,3,1,1,0,1
193,2695,4,rail,0,1,1,1,0,345,60,130,0,35,95,75,10,40,15,3,2,1,0,1
193,2696,4,rail,0,1,1,1,0,345,80,120,0,30,110,45,25,40,5,3,1,1,0,1
193,2697,4,rail,0,1,1,1,0,420,60,170,0,15,110,35,20,40,15,2,1,1,0,1
193,2698,3,air,0,1,1,1,0,390,90,155,0,25,50,55,20,40,20,2,1,1,0,1
193,2699,4,rail,0,1,1,1,0,300,60,155,0,35,110,65,5,50,20,1,3,1,0,1
193,2700,2,bus,0,1,1,1,0,360,70,120,0,20,110,75,25,40,15,1,3,1,0,1
193,2701,3,air,0,1,1,1,0,345,80,155,0,30,50,55,15,50,10,1,2,1,0,1
193,2702,3,air,0,1,1,1,0,300,80,130,0,25,50,75,5,50,15,2,1,1,0,1
194,2703,4,rail,1,1,0,1,390,390,0,155,35,20,0,55,15,0,15,0,3,0,0,1
194,2704,4,rail,1,1,0,1,345,390,0,130,40,25,0,45,25,0,10,0,1,0,0,1
194,2705,1,car,1,1,0,1,345,390,0,140,40,25,0,45,20,0,10,0,2,0,0,1
194,2706,1,car,1,1,0,1,300,420,0,130,50,15,0,75,20,0,10,0,3,0,0,1
194,2707,4,rail,1,1,0,1,390,420,0,140,30,15,0,65,5,0,25,0,1,0,0,1
194,2708,4,rail,1,1,0,1,345,345,0,120,40,35,0,45,25,0,10,0,1,0,0,1
194,2709,1,car,1,1,0,1,300,390,0,170,40,25,0,45,20,0,15,0,2,0,0,1
194,2710,2,bus,1,1,0,1,300,390,0,140,50,15,0,65,10,0,5,0,1,0,0,1
194,2711,1,car,1,1,0,1,345,360,0,120,45,30,0,45,25,0,10,0,3,0,0,1
194,2712,4,rail,1,1,0,1,275,360,0,155,50,30,0,45,15,0,10,0,1,0,0,1
194,2713,1,car,1,1,0,1,250,360,0,170,35,20,0,45,5,0,25,0,2,0,0,1
194,2714,2,bus,1,1,0,1,390,390,0,120,30,15,0,65,10,0,25,0,3,0,0,1
194,2715,1,car,1,1,0,1,250,330,0,140,50,15,0,65,10,0,20,0,1,0,0,1
194,2716,4,rail,1,1,0,1,345,360,0,140,40,25,0,35,20,0,5,0,3,0,0,1
195,2717,1,car,1,1,1,1,250,300,70,170,45,25,80,35,5,35,25,3,2,0,0,4
195,2718,4,rail,1,1,1,1,275,390,70,140,50,25,80,35,20,40,15,1,3,0,0,4
195,2719,3,air,1,1,1,1,390,390,60,130,40,25,110,75,5,50,15,2,1,0,0,4
195,2720,4,rail,1,1,1,1,390,390,60,120,40,20,110,75,5,45,20,1,3,0,0,4
195,2721,4,rail,1,1,1,1,300,360,80,170,40,25,50,35,15,55,5,2,3,0,0,4
195,2722,4,rail,1,1,1,1,345,345,70,155,30,35,95,55,15,40,20,1,3,0,0,4
195,2723,1,car,1,1,1,1,275,300,70,170,40,30,65,35,5,45,25,1,3,0,0,4
195,2724,3,air,1,1,1,1,300,330,50,130,50,30,65,75,15,55,5,3,2,0,0,4
195,2725,1,car,1,1,1,1,250,360,60,170,30,30,95,55,25,45,20,1,3,0,0,4
195,2726,3,air,1,1,1,1,345,390,50,170,35,25,50,45,25,55,5,3,2,0,0,4
195,2727,1,car,1,1,1,1,275,330,80,155,50,30,65,55,20,35,20,2,1,0,0,4
195,2728,4,rail,1,1,1,1,345,390,70,140,30,15,95,65,5,45,20,1,3,0,0,4
195,2729,1,car,1,1,1,1,250,330,60,120,50,30,110,75,25,45,10,3,2,0,0,4
195,2730,4,rail,1,1,1,1,300,420,90,170,35,20,65,35,15,35,25,3,2,0,0,4
196,2731,4,rail,1,1,1,1,250,330,90,140,30,35,80,65,25,35,15,2,1,1,1,3
196,2732,4,rail,1,1,1,1,300,360,70,155,35,25,80,35,25,45,15,1,2,1,1,3
196,2733,3,air,1,1,1,1,300,390,80,155,35,25,65,45,15,45,15,1,3,1,1,3
196,2734,3,air,1,1,1,1,250,420,60,140,50,20,95,75,15,45,10,1,3,1,1,3
196,2735,3,air,1,1,1,1,275,390,70,140,35,15,95,65,5,35,20,2,3,1,1,3
196,2736,4,rail,1,1,1,1,390,390,70,130,35,35,110,35,25,45,10,3,1,1,1,3
196,2737,4,rail,1,1,1,1,300,330,90,120,45,35,50,65,25,55,5,3,1,1,1,3
196,2738,3,air,1,1,1,1,300,330,80,155,40,25,50,35,15,50,5,1,2,1,1,3
196,2739,3,air,1,1,1,1,390,390,90,120,30,35,80,55,5,45,15,3,1,1,1,3
196,2740,3,air,1,1,1,1,275,300,80,170,40,35,80,55,10,40,25,1,2,1,1,3
196,2741,3,air,1,1,1,1,345,345,70,170,35,35,50,45,25,55,5,3,2,1,1,3
196,2742,4,rail,1,1,1,1,275,390,60,155,50,25,65,55,15,50,15,3,2,1,1,3
196,2743,3,air,1,1,1,1,250,300,50,120,50,35,95,65,5,50,10,2,1,1,1,3
196,2744,4,rail,1,1,1,1,345,345,60,155,40,30,65,45,20,55,5,1,2,1,1,3
197,2745,2,bus,1,1,1,1,275,330,70,170,45,15,110,55,5,40,25,2,3,1,0,4
197,2746,4,rail,1,1,1,1,275,390,70,155,45,15,80,35,25,55,5,1,1,1,0,4
197,2747,4,rail,1,1,1,1,300,300,60,155,45,15,110,65,10,40,20,2,1,1,0,4
197,2748,3,air,1,1,1,1,390,390,60,155,35,35,95,65,10,45,15,2,3,1,0,4
197,2749,4,rail,1,1,1,1,275,360,50,155,40,30,80,55,20,50,5,1,3,1,0,4
197,2750,1,car,1,1,1,1,250,360,60,120,50,25,110,65,15,45,20,3,2,1,0,4
197,2751,3,air,1,1,1,1,250,390,90,170,45,20,50,35,25,35,15,2,3,1,0,4
197,2752,4,rail,1,1,1,1,275,360,70,170,40,30,65,35,10,50,15,2,3,1,0,4
197,2753,4,rail,1,1,1,1,390,390,90,120,30,25,65,65,25,35,15,3,1,1,0,4
197,2754,4,rail,1,1,1,1,275,330,70,120,50,25,80,55,25,50,5,1,3,1,0,4
197,2755,4,rail,1,1,1,1,390,420,60,130,35,15,110,55,25,35,15,2,1,1,0,4
197,2756,3,air,1,1,1,1,300,390,50,170,45,25,50,45,10,55,5,2,1,1,0,4
197,2757,4,rail,1,1,1,1,345,345,50,140,30,35,110,65,5,45,15,2,1,1,0,4
197,2758,1,car,1,1,1,1,250,300,80,140,40,30,80,75,15,40,20,1,2,1,0,4
198,2759,4,rail,1,1,1,1,275,360,70,120,50,25,65,65,10,50,10,1,2,1,1,1
198,2760,4,rail,1,1,1,1,300,330,70,140,30,35,95,75,15,50,25,1,2,1,1,1
198,2761,4,rail,1,1,1,1,390,390,80,130,30,30,80,65,10,35,25,1,3,1,1,1
198,2762,3,air,1,1,1,1,300,390,70,130,40,15,95,75,5,50,10,2,3,1,1,1
198,2763,4,rail,1,1,1,1,300,390,70,120,45,25,95,35,20,50,10,3,2,1,1,1
198,2764,4,rail,1,1,1,1,275,420,80,170,30,20,95,35,20,35,25,3,2,1,1,1
198,2765,4,rail,1,1,1,1,300,420,50,155,40,20,110,65,5,50,20,2,1,1,1,1
198,2766,4,rail,1,1,1,1,345,420,60,170,35,20,110,35,25,45,15,2,1,1,1,1
198,2767,4,rail,1,1,1,1,250,360,60,170,40,30,95,45,25,45,10,1,2,1,1,1
198,2768,1,car,1,1,1,1,345,390,90,155,35,15,65,35,10,50,10,3,1,1,1,1
198,2769,4,rail,1,1,1,1,390,390,50,170,35,15,95,35,5,40,25,2,3,1,1,1
198,2770,3,air,1,1,1,1,250,420,90,140,45,15,50,65,20,35,25,3,2,1,1,1
198,2771,4,rail,1,1,1,1,250,390,90,170,40,20,65,35,15,35,25,3,2,1,1,1
198,2772,3,air,1,1,1,1,300,300,50,170,40,30,65,65,5,50,25,1,2,1,1,1
199,2773,3,air,1,1,1,1,390,390,70,130,30,15,95,75,10,45,15,2,3,0,1,2
199,2774,4,rail,1,1,1,1,345,345,60,120,45,35,95,45,25,50,5,3,1,0,1,2
199,2775,1,car,1,1,1,1,250,390,90,120,45,20,50,75,20,50,5,1,2,0,1,2
199,2776,4,rail,1,1,1,1,300,420,50,130,45,15,110,75,10,45,15,2,3,0,1,2
199,2777,3,air,1,1,1,1,390,420,90,130,30,15,65,65,20,35,20,3,1,0,1,2
199,2778,1,car,1,1,1,1,250,390,80,155,45,15,65,45,10,50,20,3,1,0,1,2
199,2779,3,air,1,1,1,1,250,330,80,155,45,30,50,65,10,45,15,1,3,0,1,2
199,2780,4,rail,1,1,1,1,275,420,50,155,50,20,80,35,15,50,10,1,3,0,1,2
199,2781,4,rail,1,1,1,1,345,360,50,155,50,30,80,45,20,55,5,2,3,0,1,2
199,2782,4,rail,1,1,1,1,390,390,50,120,35,35,95,75,25,35,15,1,2,0,1,2
199,2783,4,rail,1,1,1,1,300,390,80,155,30,15,95,45,5,45,25,3,1,0,1,2
199,2784,3,air,1,1,1,1,300,330,90,155,35,30,65,45,15,35,20,3,1,0,1,2
199,2785,3,air,1,1,1,1,250,360,90,120,50,30,65,55,25,35,25,3,2,0,1,2
199,2786,1,car,1,1,1,1,390,390,70,120,35,35,95,55,20,45,10,1,1,0,1,2
200,2787,1,car,1,1,1,0,300,300,80,0,30,35,110,0,10,40,0,3,0,0,0,1
200,2788,1,car,1,1,1,0,345,345,90,0,45,25,50,0,10,55,0,2,0,0,0,1
200,2789,3,air,1,1,1,0,390,390,50,0,35,35,80,0,5,55,0,2,0,0,0,1
200,2790,2,bus,1,1,1,0,300,330,80,0,45,35,95,0,20,45,0,1,0,0,0,1
200,2791,1,car,1,1,1,0,345,420,60,0,30,15,65,0,15,55,0,1,0,0,0,1
200,2792,1,car,1,1,1,0,345,420,80,0,30,20,80,0,15,50,0,1,0,0,0,1
200,2793,3,air,1,1,1,0,250,360,80,0,50,20,80,0,5,40,0,3,0,0,0,1
200,2794,1,car,1,1,1,0,275,420,70,0,50,25,95,0,20,50,0,1,0,0,0,1
200,2795,1,car,1,1,1,0,275,360,80,0,50,30,95,0,15,35,0,1,0,0,0,1
200,2796,2,bus,1,1,1,0,300,300,80,0,45,30,50,0,10,55,0,2,0,0,0,1
200,2797,2,bus,1,1,1,0,275,360,50,0,50,15,110,0,20,45,0,2,0,0,0,1
200,2798,1,car,1,1,1,0,345,360,60,0,30,25,110,0,25,50,0,3,0,0,0,1
200,2799,1,car,1,1,1,0,250,420,60,0,50,20,65,0,20,50,0,1,0,0,0,1
200,2800,1,car,1,1,1,0,390,420,60,0,35,20,50,0,5,55,0,3,0,0,0,1
201,2801,3,air,0,1,1,1,0,390,50,170,0,30,50,35,10,55,5,3,2,0,1,4
201,2802,4,rail,0,1,1,1,0,420,50,140,0,20,80,55,15,55,5,2,1,0,1,4
201,2803,4,rail,0,1,1,1,0,390,70,155,0,20,110,75,5,40,25,1,2,0,1,4
201,2804,4,rail,0,1,1,1,0,330,90,170,0,35,80,35,10,40,25,1,2,0,1,4
201,2805,3,air,0,1,1,1,0,420,90,130,0,20,80,75,25,35,25,2,2,0,1,4
201,2806,4,rail,0,1,1,1,0,300,50,170,0,30,95,35,25,45,10,3,2,0,1,4
201,2807,3,air,0,1,1,1,0,300,60,120,0,35,110,75,5,40,15,2,3,0,1,4
201,2808,4,rail,0,1,1,1,0,330,70,170,0,20,80,45,10,45,20,1,2,0,1,4
201,2809,3,air,0,1,1,1,0,420,50,140,0,15,95,55,10,55,10,3,1,0,1,4
201,2810,3,air,0,1,1,1,0,390,80,120,0,25,65,35,25,55,5,3,1,0,1,4
201,2811,4,rail,0,1,1,1,0,390,60,130,0,20,80,75,15,55,15,1,3,0,1,4
201,2812,3,air,0,1,1,1,0,390,70,170,0,35,110,35,5,35,25,2,3,0,1,4
201,2813,4,rail,0,1,1,1,0,330,90,140,0,30,65,65,15,45,15,1,2,0,1,4
201,2814,3,air,0,1,1,1,0,420,80,140,0,25,50,55,15,50,10,1,3,0,1,4
202,2815,1,car,1,1,1,1,300,330,70,170,40,25,80,35,15,35,25,3,2,0,0,2
202,2816,1,car,1,1,1,1,345,345,90,130,40,30,50,55,15,35,20,2,3,0,0,2
202,2817,1,car,1,1,1,1,390,390,70,140,35,35,95,45,5,45,20,3,1,0,0,2
202,2818,3,air,1,1,1,1,345,390,80,130,35,20,50,65,25,55,5,3,2,0,0,2
202,2819,1,car,1,1,1,1,275,360,80,140,40,25,80,55,25,40,20,2,1,0,0,2
202,2820,4,rail,1,1,1,1,275,420,80,130,45,20,80,35,15,40,15,2,3,0,0,2
202,2821,1,car,1,1,1,1,390,420,50,130,30,20,65,75,20,55,10,1,2,0,0,2
202,2822,4,rail,1,1,1,1,300,300,80,140,35,30,95,45,20,35,20,3,2,0,0,2
202,2823,4,rail,1,1,1,1,390,390,50,130,30,20,65,75,10,50,10,2,1,0,0,2
202,2824,1,car,1,1,1,1,390,390,50,140,35,15,110,75,5,50,20,3,1,0,0,2
202,2825,4,rail,1,1,1,1,275,360,80,155,50,15,110,35,5,35,20,2,1,0,0,2
202,2826,1,car,1,1,1,1,300,390,50,170,40,20,65,45,20,55,5,2,1,0,0,2
202,2827,4,rail,1,1,1,1,345,345,70,130,45,25,110,45,20,35,10,3,1,0,0,2
202,2828,1,car,1,1,1,1,275,420,50,120,50,15,50,75,5,55,5,1,3,0,0,2
203,2829,3,air,0,1,1,1,0,360,90,140,0,20,50,65,10,40,20,2,3,1,0,4
203,2830,3,air,0,1,1,1,0,360,60,140,0,30,50,55,25,55,5,2,3,1,0,4
203,2831,3,air,0,1,1,1,0,360,90,130,0,25,65,55,20,35,20,2,3,1,0,4
203,2832,4,rail,0,1,1,1,0,420,90,140,0,15,50,55,10,35,25,1,3,1,0,4
203,2833,3,air,0,1,1,1,0,300,70,120,0,35,65,75,20,50,10,1,2,1,0,4
203,2834,4,rail,0,1,1,1,0,390,90,140,0,25,50,55,5,50,15,3,1,1,0,4
203,2835,4,rail,0,1,1,1,0,345,90,130,0,35,65,35,10,40,20,3,1,1,0,4
203,2836,4,rail,0,1,1,1,0,345,80,120,0,30,110,45,25,40,5,3,1,1,0,4
203,2837,4,rail,0,1,1,1,0,420,60,170,0,15,110,35,20,40,15,2,1,1,0,4
203,2838,3,air,0,1,1,1,0,390,90,155,0,25,50,55,20,40,20,2,1,1,0,4
203,2839,4,rail,0,1,1,1,0,300,80,155,0,35,95,45,10,40,25,3,1,1,0,4
203,2840,3,air,0,1,1,1,0,300,60,155,0,35,110,65,5,50,20,1,3,1,0,4
203,2841,4,rail,0,1,1,1,0,360,70,120,0,20,110,75,25,40,15,1,3,1,0,4
203,2842,4,rail,0,1,1,1,0,345,80,155,0,30,50,55,15,50,10,1,2,1,0,4
204,2843,1,car,1,1,0,1,390,390,0,155,35,20,0,55,15,0,15,0,3,0,0,1
204,2844,1,car,1,1,0,1,345,390,0,130,40,25,0,45,25,0,10,0,1,0,0,1
204,2845,1,car,1,1,0,1,390,420,0,130,30,20,0,55,25,0,5,0,1,0,0,1
204,2846,4,rail,1,1,0,1,345,390,0,140,40,25,0,45,20,0,10,0,2,0,0,1
204,2847,1,car,1,1,0,1,300,420,0,130,50,15,0,75,20,0,10,0,3,0,0,1
204,2848,2,bus,1,1,0,1,390,420,0,140,30,15,0,65,5,0,25,0,1,0,0,1
204,2849,4,rail,1,1,0,1,345,345,0,120,40,35,0,45,25,0,10,0,1,0,0,1
204,2850,1,car,1,1,0,1,345,360,0,120,45,30,0,45,25,0,10,0,3,0,0,1
204,2851,1,car,1,1,0,1,275,360,0,155,50,30,0,45,15,0,10,0,1,0,0,1
204,2852,1,car,1,1,0,1,250,360,0,170,35,20,0,45,5,0,25,0,2,0,0,1
204,2853,1,car,1,1,0,1,390,390,0,120,30,15,0,65,10,0,25,0,3,0,0,1
204,2854,1,car,1,1,0,1,250,330,0,140,50,15,0,65,10,0,20,0,1,0,0,1
204,2855,1,car,1,1,0,1,390,390,0,140,30,35,0,75,10,0,10,0,3,0,0,1
204,2856,1,car,1,1,0,1,345,360,0,140,40,25,0,35,20,0,5,0,3,0,0,1
205,2857,1,car,1,1,1,0,250,300,70,0,45,25,80,0,5,35,0,3,0,0,1,2
205,2858,3,air,1,1,1,0,275,390,70,0,50,25,80,0,20,40,0,1,0,0,1,2
205,2859,3,air,1,1,1,0,390,390,60,0,40,20,110,0,5,45,0,1,0,0,1,2
205,2860,3,air,1,1,1,0,300,360,80,0,40,25,50,0,15,55,0,2,0,0,1,2
205,2861,1,car,1,1,1,0,345,345,70,0,30,35,95,0,15,40,0,1,0,0,1,2
205,2862,3,air,1,1,1,0,275,300,70,0,40,30,65,0,5,45,0,1,0,0,1,2
205,2863,3,air,1,1,1,0,345,345,90,0,35,35,50,0,20,35,0,2,0,0,1,2
205,2864,3,air,1,1,1,0,300,330,50,0,50,30,65,0,15,55,0,3,0,0,1,2
205,2865,1,car,1,1,1,0,250,360,60,0,30,30,95,0,25,45,0,1,0,0,1,2
205,2866,3,air,1,1,1,0,345,390,50,0,35,25,50,0,25,55,0,3,0,0,1,2
205,2867,3,air,1,1,1,0,275,330,80,0,50,30,65,0,20,35,0,2,0,0,1,2
205,2868,3,air,1,1,1,0,300,330,60,0,45,30,80,0,10,55,0,1,0,0,1,2
205,2869,1,car,1,1,1,0,345,390,70,0,30,15,95,0,5,45,0,1,0,0,1,2
205,2870,3,air,1,1,1,0,250,330,60,0,50,30,110,0,25,45,0,3,0,0,1,2
206,2871,3,air,1,1,1,1,250,330,90,140,30,35,80,65,25,35,15,2,1,0,0,4
206,2872,4,rail,1,1,1,1,300,360,70,155,35,25,80,35,25,45,15,1,2,0,0,4
206,2873,4,rail,1,1,1,1,300,390,80,155,35,25,65,45,15,45,15,1,3,0,0,4
206,2874,4,rail,1,1,1,1,250,420,60,140,50,20,95,75,15,45,10,1,3,0,0,4
206,2875,3,air,1,1,1,1,390,420,50,130,30,20,80,65,20,35,25,2,1,0,0,4
206,2876,4,rail,1,1,1,1,390,390,70,130,35,35,110,35,25,45,10,3,1,0,0,4
206,2877,1,car,1,1,1,1,300,330,90,120,45,35,50,65,25,55,5,3,1,0,0,4
206,2878,4,rail,1,1,1,1,300,330,80,155,40,25,50,35,15,50,5,1,2,0,0,4
206,2879,1,car,1,1,1,1,390,390,90,120,30,35,80,55,5,45,15,3,1,0,0,4
206,2880,4,rail,1,1,1,1,275,300,80,170,40,35,80,55,10,40,25,1,2,0,0,4
206,2881,4,rail,1,1,1,1,345,345,70,170,35,35,50,45,25,55,5,3,2,0,0,4
206,2882,4,rail,1,1,1,1,345,360,50,120,35,35,80,75,15,40,10,3,2,0,0,4
206,2883,1,car,1,1,1,1,250,300,50,120,50,35,95,65,5,50,10,2,1,0,0,4
206,2884,4,rail,1,1,1,1,345,345,60,155,40,30,65,45,20,55,5,1,2,0,0,4
207,2885,3,air,0,1,1,0,0,330,80,0,0,35,65,0,20,55,0,3,0,0,0,2
207,2886,2,bus,0,1,1,0,0,330,70,0,0,15,110,0,5,40,0,2,0,0,0,2
207,2887,3,air,0,1,1,0,0,390,70,0,0,15,80,0,25,55,0,1,0,0,0,2
207,2888,2,bus,0,1,1,0,0,300,60,0,0,15,110,0,10,40,0,2,0,0,0,2
207,2889,3,air,0,1,1,0,0,390,60,0,0,35,95,0,10,45,0,2,0,0,0,2
207,2890,3,air,0,1,1,0,0,360,50,0,0,30,80,0,20,50,0,1,0,0,0,2
207,2891,3,air,0,1,1,0,0,390,90,0,0,20,50,0,25,35,0,2,0,0,0,2
207,2892,3,air,0,1,1,0,0,390,90,0,0,25,65,0,15,40,0,1,0,0,0,2
207,2893,3,air,0,1,1,0,0,390,90,0,0,25,65,0,25,35,0,3,0,0,0,2
207,2894,2,bus,0,1,1,0,0,330,70,0,0,25,80,0,25,50,0,1,0,0,0,2
207,2895,2,bus,0,1,1,0,0,420,60,0,0,15,110,0,25,35,0,2,0,0,0,2
207,2896,3,air,0,1,1,0,0,390,50,0,0,25,50,0,10,55,0,2,0,0,0,2
207,2897,3,air,0,1,1,0,0,345,50,0,0,35,110,0,5,45,0,2,0,0,0,2
207,2898,3,air,0,1,1,0,0,300,80,0,0,30,80,0,15,40,0,1,0,0,0,2
208,2899,3,air,1,1,1,0,250,330,80,0,50,30,50,0,15,55,0,2,0,1,0,4
208,2900,3,air,1,1,1,0,275,360,70,0,50,25,65,0,10,50,0,1,0,1,0,4
208,2901,3,air,1,1,1,0,300,330,70,0,30,35,95,0,15,50,0,1,0,1,0,4
208,2902,1,car,1,1,1,0,390,390,80,0,30,30,80,0,10,35,0,1,0,1,0,4
208,2903,1,car,1,1,1,0,300,390,70,0,45,25,95,0,20,50,0,3,0,1,0,4
208,2904,1,car,1,1,1,0,275,420,80,0,30,20,95,0,20,35,0,3,0,1,0,4
208,2905,1,car,1,1,1,0,300,420,50,0,40,20,110,0,5,50,0,2,0,1,0,4
208,2906,1,car,1,1,1,0,345,420,60,0,35,20,110,0,25,45,0,2,0,1,0,4
208,2907,1,car,1,1,1,0,250,360,60,0,40,30,95,0,25,45,0,1,0,1,0,4
208,2908,3,air,1,1,1,0,250,420,50,0,40,15,95,0,10,40,0,1,0,1,0,4
208,2909,1,car,1,1,1,0,345,390,90,0,35,15,65,0,10,50,0,3,0,1,0,4
208,2910,3,air,1,1,1,0,390,390,50,0,35,15,95,0,5,40,0,2,0,1,0,4
208,2911,3,air,1,1,1,0,250,420,90,0,45,15,50,0,20,35,0,3,0,1,0,4
208,2912,1,car,1,1,1,0,250,390,90,0,40,20,65,0,15,35,0,3,0,1,0,4
209,2913,4,rail,0,1,1,1,0,390,70,130,0,15,95,75,10,45,15,2,3,0,0,1
209,2914,4,rail,0,1,1,1,0,345,60,120,0,35,95,45,25,50,5,3,1,0,0,1
209,2915,3,air,0,1,1,1,0,390,90,120,0,20,50,75,20,50,5,1,2,0,0,1
209,2916,2,bus,0,1,1,1,0,420,50,130,0,15,110,75,10,45,15,2,3,0,0,1
209,2917,2,bus,0,1,1,1,0,420,90,130,0,15,65,65,20,35,20,3,1,0,0,1
209,2918,4,rail,0,1,1,1,0,390,80,155,0,15,65,45,10,50,20,3,1,0,0,1
209,2919,2,bus,0,1,1,1,0,330,80,155,0,30,50,65,10,45,15,1,3,0,0,1
209,2920,2,bus,0,1,1,1,0,390,90,130,0,15,80,65,5,40,20,3,1,0,0,1
209,2921,4,rail,0,1,1,1,0,420,50,155,0,20,80,35,15,50,10,1,3,0,0,1
209,2922,4,rail,0,1,1,1,0,360,50,155,0,30,80,45,20,55,5,2,3,0,0,1
209,2923,2,bus,0,1,1,1,0,390,50,120,0,35,95,75,25,35,15,1,2,0,0,1
209,2924,4,rail,0,1,1,1,0,330,90,155,0,30,65,45,15,35,20,3,1,0,0,1
209,2925,4,rail,0,1,1,1,0,360,90,120,0,30,65,55,25,35,25,3,2,0,0,1
209,2926,4,rail,0,1,1,1,0,390,70,120,0,35,95,55,20,45,10,1,1,0,0,1
210,2927,3,air,1,1,1,1,390,390,90,130,35,35,50,75,20,35,25,1,2,1,0,4
210,2928,1,car,1,1,1,1,300,300,80,170,30,35,110,55,10,40,25,3,2,1,0,4
210,2929,4,rail,1,1,1,1,345,345,90,130,45,25,50,35,10,55,5,2,3,1,0,4
210,2930,4,rail,1,1,1,1,390,390,50,155,35,35,80,55,5,55,15,2,1,1,0,4
210,2931,1,car,1,1,1,1,300,330,80,120,45,35,95,55,20,45,5,1,3,1,0,4
210,2932,1,car,1,1,1,1,345,420,60,170,30,15,65,45,15,55,10,1,2,1,0,4
210,2933,4,rail,1,1,1,1,345,420,80,120,30,20,80,75,15,50,10,1,2,1,0,4
210,2934,4,rail,1,1,1,1,275,360,90,170,35,30,80,35,15,35,20,2,3,1,0,4
210,2935,4,rail,1,1,1,1,275,420,70,120,50,25,95,45,20,50,15,1,3,1,0,4
210,2936,4,rail,1,1,1,1,275,360,80,120,50,30,95,45,15,35,20,1,2,1,0,4
210,2937,3,air,1,1,1,1,300,300,80,170,45,30,50,35,10,55,5,2,3,1,0,4
210,2938,1,car,1,1,1,1,275,360,50,130,50,15,110,65,20,45,15,2,3,1,0,4
210,2939,4,rail,1,1,1,1,250,420,60,130,50,20,65,65,20,50,10,1,2,1,0,4
210,2940,3,air,1,1,1,1,390,420,60,140,35,20,50,55,5,55,5,3,1,1,0,4
211,2941,4,rail,0,1,0,1,0,390,0,170,0,30,0,35,10,0,5,0,2,0,0,2
211,2942,4,rail,0,1,0,1,0,420,0,140,0,20,0,55,15,0,5,0,1,0,0,2
211,2943,4,rail,0,1,0,1,0,420,0,120,0,15,0,75,25,0,5,0,3,0,0,2
211,2944,4,rail,0,1,0,1,0,330,0,170,0,35,0,35,10,0,25,0,2,0,0,2
211,2945,4,rail,0,1,0,1,0,420,0,130,0,20,0,75,25,0,25,0,2,0,0,2
211,2946,4,rail,0,1,0,1,0,300,0,170,0,30,0,35,25,0,10,0,2,0,0,2
211,2947,4,rail,0,1,0,1,0,300,0,120,0,35,0,75,5,0,15,0,3,0,0,2
211,2948,4,rail,0,1,0,1,0,330,0,170,0,20,0,45,10,0,20,0,2,0,0,2
211,2949,4,rail,0,1,0,1,0,420,0,140,0,15,0,55,10,0,10,0,1,0,0,2
211,2950,4,rail,0,1,0,1,0,360,0,140,0,30,0,45,5,0,25,0,3,0,0,2
211,2951,4,rail,0,1,0,1,0,390,0,120,0,25,0,35,25,0,5,0,1,0,0,2
211,2952,4,rail,0,1,0,1,0,390,0,170,0,35,0,35,5,0,25,0,3,0,0,2
211,2953,4,rail,0,1,0,1,0,330,0,140,0,30,0,65,15,0,15,0,2,0,0,2
211,2954,4,rail,0,1,0,1,0,420,0,140,0,25,0,55,15,0,10,0,3,0,0,2
212,2955,4,rail,1,1,1,1,300,330,70,170,40,25,80,35,15,35,25,3,2,1,1,3
212,2956,3,air,1,1,1,1,345,345,90,130,40,30,50,55,15,35,20,2,3,1,1,3
212,2957,4,rail,1,1,1,1,390,390,70,140,35,35,95,45,5,45,20,3,1,1,1,3
212,2958,4,rail,1,1,1,1,345,390,80,130,35,20,50,65,25,55,5,3,2,1,1,3
212,2959,4,rail,1,1,1,1,275,360,80,140,40,25,80,55,25,40,20,2,1,1,1,3
212,2960,4,rail,1,1,1,1,250,420,60,140,50,20,110,55,20,35,25,3,1,1,1,3
212,2961,3,air,1,1,1,1,390,420,50,130,30,20,65,75,20,55,10,1,2,1,1,3
212,2962,4,rail,1,1,1,1,250,420,80,155,35,20,80,55,15,45,20,1,2,1,1,3
212,2963,4,rail,1,1,1,1,300,300,80,140,35,30,95,45,20,35,20,3,2,1,1,3
212,2964,3,air,1,1,1,1,390,390,50,130,30,20,65,75,10,50,10,2,1,1,1,3
212,2965,4,rail,1,1,1,1,275,360,80,155,50,15,110,35,5,35,20,2,1,1,1,3
212,2966,3,air,1,1,1,1,300,390,50,170,40,20,65,45,20,55,5,2,1,1,1,3
212,2967,1,car,1,1,1,1,345,345,70,130,45,25,110,45,20,35,10,3,1,1,1,3
212,2968,3,air,1,1,1,1,275,420,50,120,50,15,50,75,5,55,5,1,3,1,1,3
213,2969,3,air,1,1,1,1,250,360,90,140,45,20,50,65,10,40,20,2,3,0,1,1
213,2970,3,air,1,1,1,1,345,360,60,140,35,30,50,55,25,55,5,2,3,0,1,1
213,2971,3,air,1,1,1,1,275,360,90,130,45,25,65,55,20,35,20,2,3,0,1,1
213,2972,3,air,1,1,1,1,300,420,90,140,40,15,50,55,10,35,25,1,3,0,1,1
213,2973,1,car,1,1,1,1,250,300,70,120,45,35,65,75,20,50,10,1,2,0,1,1
213,2974,3,air,1,1,1,1,390,390,90,140,30,25,50,55,5,50,15,3,1,0,1,1
213,2975,4,rail,1,1,1,1,345,345,90,130,40,35,65,35,10,40,20,3,1,0,1,1
213,2976,4,rail,1,1,1,1,345,345,80,120,45,30,110,45,25,40,5,3,1,0,1,1
213,2977,4,rail,1,1,1,1,345,420,60,170,30,15,110,35,20,40,15,2,1,0,1,1
213,2978,1,car,1,1,1,1,250,390,90,155,45,25,50,55,20,40,20,2,1,0,1,1
213,2979,1,car,1,1,1,1,250,300,80,155,40,35,95,45,10,40,25,3,1,0,1,1
213,2980,4,rail,1,1,1,1,300,300,60,155,45,35,110,65,5,50,20,1,3,0,1,1
213,2981,4,rail,1,1,1,1,275,360,70,120,50,20,110,75,25,40,15,1,3,0,1,1
213,2982,3,air,1,1,1,1,300,300,80,130,50,25,50,75,5,50,15,2,1,0,1,1
214,2983,3,air,1,1,1,1,390,390,50,155,35,20,50,55,15,45,15,2,3,0,1,1
214,2984,4,rail,1,1,1,1,345,390,60,130,40,25,110,45,25,40,10,3,1,0,1,1
214,2985,4,rail,1,1,1,1,390,420,60,130,30,20,95,55,25,55,5,2,1,0,1,1
214,2986,4,rail,1,1,1,1,345,390,50,140,40,25,80,45,20,50,10,3,2,0,1,1
214,2987,1,car,1,1,1,1,390,420,60,140,30,15,110,65,5,40,25,2,1,0,1,1
214,2988,4,rail,1,1,1,1,345,345,80,120,40,35,80,45,25,45,10,3,1,0,1,1
214,2989,1,car,1,1,1,1,300,390,60,170,40,25,65,45,20,55,15,3,2,0,1,1
214,2990,3,air,1,1,1,1,300,390,60,140,50,15,50,65,10,55,5,3,1,0,1,1
214,2991,4,rail,1,1,1,1,345,360,90,120,45,30,95,45,25,40,10,2,3,0,1,1
214,2992,3,air,1,1,1,1,275,360,50,155,50,30,50,45,15,50,10,2,1,0,1,1
214,2993,3,air,1,1,1,1,250,360,70,170,35,20,95,45,5,40,25,3,2,0,1,1
214,2994,4,rail,1,1,1,1,390,390,70,120,30,15,110,65,10,40,25,1,3,0,1,1
214,2995,1,car,1,1,1,1,250,330,70,140,50,15,95,65,10,45,20,3,1,0,1,1
214,2996,4,rail,1,1,1,1,345,360,90,140,40,25,50,35,20,55,5,2,3,0,1,1
215,2997,4,rail,0,1,0,1,0,300,0,170,0,25,0,35,5,0,25,0,2,0,1,3
215,2998,4,rail,0,1,0,1,0,390,0,140,0,25,0,35,20,0,15,0,3,0,1,3
215,2999,4,rail,0,1,0,1,0,390,0,130,0,25,0,75,5,0,15,0,1,0,1,3
215,3000,4,rail,0,1,0,1,0,390,0,120,0,20,0,75,5,0,20,0,3,0,1,3
215,3001,4,rail,0,1,0,1,0,345,0,155,0,35,0,55,15,0,20,0,3,0,1,3
215,3002,4,rail,0,1,0,1,0,300,0,170,0,30,0,35,5,0,25,0,3,0,1,3
215,3003,4,rail,0,1,0,1,0,345,0,130,0,35,0,65,20,0,20,0,3,0,1,3
215,3004,4,rail,0,1,0,1,0,330,0,130,0,30,0,75,15,0,5,0,2,0,1,3
215,3005,4,rail,0,1,0,1,0,360,0,170,0,30,0,55,25,0,20,0,3,0,1,3
215,3006,4,rail,0,1,0,1,0,330,0,155,0,30,0,55,20,0,20,0,1,0,1,3
215,3007,4,rail,0,1,0,1,0,330,0,140,0,30,0,45,10,0,10,0,3,0,1,3
215,3008,4,rail,0,1,0,1,0,390,0,140,0,15,0,65,5,0,20,0,3,0,1,3
215,3009,4,rail,0,1,0,1,0,330,0,120,0,30,0,75,25,0,10,0,2,0,1,3
215,3010,4,rail,0,1,0,1,0,420,0,170,0,20,0,35,15,0,25,0,2,0,1,3
216,3011,3,air,0,0,1,1,0,0,90,140,0,0,80,65,0,35,15,2,1,0,0,4
216,3012,4,rail,0,0,1,1,0,0,70,155,0,0,80,35,0,45,15,1,2,0,0,4
216,3013,4,rail,0,0,1,1,0,0,60,140,0,0,95,75,0,45,10,1,3,0,0,4
216,3014,3,air,0,0,1,1,0,0,70,140,0,0,95,65,0,35,20,2,3,0,0,4
216,3015,3,air,0,0,1,1,0,0,50,130,0,0,80,65,0,35,25,2,1,0,0,4
216,3016,4,rail,0,0,1,1,0,0,70,130,0,0,110,35,0,45,10,3,1,0,0,4
216,3017,3,air,0,0,1,1,0,0,90,120,0,0,50,65,0,55,5,3,1,0,0,4
216,3018,4,rail,0,0,1,1,0,0,80,155,0,0,50,35,0,50,5,1,2,0,0,4
216,3019,4,rail,0,0,1,1,0,0,90,120,0,0,80,55,0,45,15,3,1,0,0,4
216,3020,4,rail,0,0,1,1,0,0,80,170,0,0,80,55,0,40,25,1,2,0,0,4
216,3021,4,rail,0,0,1,1,0,0,70,170,0,0,50,45,0,55,5,3,2,0,0,4
216,3022,4,rail,0,0,1,1,0,0,50,120,0,0,80,75,0,40,10,3,2,0,0,4
216,3023,4,rail,0,0,1,1,0,0,50,120,0,0,95,65,0,50,10,2,1,0,0,4
216,3024,4,rail,0,0,1,1,0,0,60,155,0,0,65,45,0,55,5,1,2,0,0,4
217,3025,4,rail,1,0,1,1,275,0,80,120,50,0,65,45,0,55,5,3,1,0,0,1
217,3026,1,car,1,0,1,1,275,0,70,170,45,0,110,55,0,40,25,2,3,0,0,1
217,3027,4,rail,1,0,1,1,275,0,70,155,45,0,80,35,0,55,5,1,1,0,0,1
217,3028,1,car,1,0,1,1,300,0,60,155,45,0,110,65,0,40,20,2,1,0,0,1
217,3029,1,car,1,0,1,1,390,0,60,155,35,0,95,65,0,45,15,2,3,0,0,1
217,3030,1,car,1,0,1,1,250,0,60,120,50,0,110,65,0,45,20,3,2,0,0,1
217,3031,4,rail,1,0,1,1,250,0,90,170,45,0,50,35,0,35,15,2,3,0,0,1
217,3032,4,rail,1,0,1,1,275,0,70,170,40,0,65,35,0,50,15,2,3,0,0,1
217,3033,1,car,1,0,1,1,275,0,90,155,30,0,65,65,0,40,25,1,2,0,0,1
217,3034,3,air,1,0,1,1,390,0,90,120,30,0,65,65,0,35,15,3,1,0,0,1
217,3035,1,car,1,0,1,1,390,0,60,130,35,0,110,55,0,35,15,2,1,0,0,1
217,3036,3,air,1,0,1,1,300,0,50,170,45,0,50,45,0,55,5,2,1,0,0,1
217,3037,1,car,1,0,1,1,345,0,50,140,30,0,110,65,0,45,15,2,1,0,0,1
217,3038,1,car,1,0,1,1,250,0,80,140,40,0,80,75,0,40,20,1,2,0,0,1
218,3039,1,car,1,0,0,1,250,0,0,130,50,0,0,55,0,0,10,0,1,0,0,3
218,3040,1,car,1,0,0,1,275,0,0,120,50,0,0,65,0,0,10,0,2,0,0,3
218,3041,1,car,1,0,0,1,390,0,0,130,30,0,0,65,0,0,25,0,3,0,0,3
218,3042,1,car,1,0,0,1,300,0,0,130,40,0,0,75,0,0,10,0,3,0,0,3
218,3043,4,rail,1,0,0,1,300,0,0,120,45,0,0,35,0,0,10,0,2,0,0,3
218,3044,4,rail,1,0,0,1,275,0,0,170,30,0,0,35,0,0,25,0,2,0,0,3
218,3045,1,car,1,0,0,1,300,0,0,155,40,0,0,65,0,0,20,0,1,0,0,3
218,3046,4,rail,1,0,0,1,345,0,0,170,35,0,0,35,0,0,15,0,1,0,0,3
218,3047,4,rail,1,0,0,1,250,0,0,170,40,0,0,45,0,0,10,0,2,0,0,3
218,3048,1,car,1,0,0,1,250,0,0,155,40,0,0,75,0,0,25,0,2,0,0,3
218,3049,4,rail,1,0,0,1,345,0,0,155,35,0,0,35,0,0,10,0,1,0,0,3
218,3050,4,rail,1,0,0,1,390,0,0,170,35,0,0,35,0,0,25,0,3,0,0,3
218,3051,1,car,1,0,0,1,250,0,0,140,45,0,0,65,0,0,25,0,2,0,0,3
218,3052,4,rail,1,0,0,1,300,0,0,170,40,0,0,65,0,0,25,0,2,0,0,3
219,3053,4,rail,1,1,0,1,390,390,0,130,30,15,0,75,10,0,15,0,3,1,0,3
219,3054,4,rail,1,1,0,1,250,390,0,120,45,20,0,75,20,0,5,0,2,1,0,3
219,3055,4,rail,1,1,0,1,300,420,0,130,45,15,0,75,10,0,15,0,3,1,0,3
219,3056,1,car,1,1,0,1,390,420,0,130,30,15,0,65,20,0,20,0,1,1,0,3
219,3057,1,car,1,1,0,1,250,390,0,155,45,15,0,45,10,0,20,0,1,1,0,3
219,3058,4,rail,1,1,0,1,390,390,0,155,40,15,0,65,10,0,25,0,1,1,0,3
219,3059,4,rail,1,1,0,1,250,330,0,155,45,30,0,65,10,0,15,0,3,1,0,3
219,3060,1,car,1,1,0,1,275,390,0,130,40,15,0,65,5,0,20,0,1,1,0,3
219,3061,4,rail,1,1,0,1,275,420,0,155,50,20,0,35,15,0,10,0,3,1,0,3
219,3062,4,rail,1,1,0,1,345,360,0,155,50,30,0,45,20,0,5,0,3,1,0,3
219,3063,4,rail,1,1,0,1,390,390,0,120,35,35,0,75,25,0,15,0,2,1,0,3
219,3064,1,car,1,1,0,1,300,390,0,155,30,15,0,45,5,0,25,0,1,1,0,3
219,3065,4,rail,1,1,0,1,250,360,0,120,50,30,0,55,25,0,25,0,2,1,0,3
219,3066,4,rail,1,1,0,1,390,390,0,120,35,35,0,55,20,0,10,0,1,1,0,3
220,3067,3,air,1,1,1,1,390,390,90,130,35,35,50,75,20,35,25,1,2,0,0,2
220,3068,4,rail,1,1,1,1,300,300,80,170,30,35,110,55,10,40,25,3,2,0,0,2
220,3069,4,rail,1,1,1,1,345,345,90,130,45,25,50,35,10,55,5,2,3,0,0,2
220,3070,4,rail,1,1,1,1,390,390,50,155,35,35,80,55,5,55,15,2,1,0,0,2
220,3071,4,rail,1,1,1,1,300,330,80,120,45,35,95,55,20,45,5,1,3,0,0,2
220,3072,4,rail,1,1,1,1,345,420,60,170,30,15,65,45,15,55,10,1,2,0,0,2
220,3073,1,car,1,1,1,1,345,420,80,120,30,20,80,75,15,50,10,1,2,0,0,2
220,3074,1,car,1,1,1,1,275,360,90,170,35,30,80,35,15,35,20,2,3,0,0,2
220,3075,1,car,1,1,1,1,275,360,80,120,50,30,95,45,15,35,20,1,2,0,0,2
220,3076,4,rail,1,1,1,1,300,300,80,170,45,30,50,35,10,55,5,2,3,0,0,2
220,3077,2,bus,1,1,1,1,275,360,50,130,50,15,110,65,20,45,15,2,3,0,0,2
220,3078,1,car,1,1,1,1,345,360,60,140,30,25,110,75,25,50,5,3,2,0,0,2
220,3079,1,car,1,1,1,1,250,420,60,130,50,20,65,65,20,50,10,1,2,0,0,2
220,3080,4,rail,1,1,1,1,390,420,60,140,35,20,50,55,5,55,5,3,1,0,0,2
221,3081,4,rail,1,1,1,1,390,420,50,140,30,20,80,55,15,55,5,2,1,1,0,2
221,3082,4,rail,1,1,1,1,250,420,90,120,50,15,65,75,25,45,5,1,3,1,0,2
221,3083,1,car,1,1,1,1,300,390,70,155,30,20,110,75,5,40,25,1,2,1,0,2
221,3084,1,car,1,1,1,1,250,330,90,170,40,35,80,35,10,40,25,1,2,1,0,2
221,3085,1,car,1,1,1,1,275,420,90,130,30,20,80,75,25,35,25,2,2,1,0,2
221,3086,1,car,1,1,1,1,275,300,50,170,45,30,95,35,25,45,10,3,2,1,0,2
221,3087,4,rail,1,1,1,1,275,300,60,120,50,35,110,75,5,40,15,2,3,1,0,2
221,3088,1,car,1,1,1,1,250,330,70,170,45,20,80,45,10,45,20,1,2,1,0,2
221,3089,4,rail,1,1,1,1,345,360,70,140,35,30,110,45,5,40,25,1,3,1,0,2
221,3090,4,rail,1,1,1,1,345,390,80,120,45,25,65,35,25,55,5,3,1,1,0,2
221,3091,1,car,1,1,1,1,250,390,60,130,50,20,80,75,15,55,15,1,3,1,0,2
221,3092,1,car,1,1,1,1,390,390,70,170,30,35,110,35,5,35,25,2,3,1,0,2
221,3093,1,car,1,1,1,1,275,330,90,140,45,30,65,65,15,45,15,1,2,1,0,2
221,3094,4,rail,1,1,1,1,300,420,80,140,45,25,50,55,15,50,10,1,3,1,0,2
222,3095,1,car,1,1,1,1,300,330,70,170,40,25,80,35,15,35,25,3,2,0,0,3
222,3096,1,car,1,1,1,1,345,345,90,130,40,30,50,55,15,35,20,2,3,0,0,3
222,3097,4,rail,1,1,1,1,390,390,70,140,35,35,95,45,5,45,20,3,1,0,0,3
222,3098,4,rail,1,1,1,1,345,390,80,130,35,20,50,65,25,55,5,3,2,0,0,3
222,3099,4,rail,1,1,1,1,275,420,80,130,45,20,80,35,15,40,15,2,3,0,0,3
222,3100,1,car,1,1,1,1,250,420,60,140,50,20,110,55,20,35,25,3,1,0,0,3
222,3101,3,air,1,1,1,1,390,420,50,130,30,20,65,75,20,55,10,1,2,0,0,3
222,3102,1,car,1,1,1,1,250,420,80,155,35,20,80,55,15,45,20,1,2,0,0,3
222,3103,4,rail,1,1,1,1,300,300,80,140,35,30,95,45,20,35,20,3,2,0,0,3
222,3104,3,air,1,1,1,1,390,390,50,130,30,20,65,75,10,50,10,2,1,0,0,3
222,3105,1,car,1,1,1,1,390,390,50,140,35,15,110,75,5,50,20,3,1,0,0,3
222,3106,1,car,1,1,1,1,275,360,80,155,50,15,110,35,5,35,20,2,1,0,0,3
222,3107,4,rail,1,1,1,1,345,345,70,130,45,25,110,45,20,35,10,3,1,0,0,3
222,3108,3,air,1,1,1,1,275,420,50,120,50,15,50,75,5,55,5,1,3,0,0,3
223,3109,1,car,1,1,1,1,345,360,60,140,35,30,50,55,25,55,5,2,3,1,0,1
223,3110,1,car,1,1,1,1,275,360,90,130,45,25,65,55,20,35,20,2,3,1,0,1
223,3111,3,air,1,1,1,1,300,420,90,140,40,15,50,55,10,35,25,1,3,1,0,1
223,3112,1,car,1,1,1,1,250,300,70,120,45,35,65,75,20,50,10,1,2,1,0,1
223,3113,4,rail,1,1,1,1,390,390,90,140,30,25,50,55,5,50,15,3,1,1,0,1
223,3114,4,rail,1,1,1,1,345,345,90,130,40,35,65,35,10,40,20,3,1,1,0,1
223,3115,4,rail,1,1,1,1,345,345,60,130,35,35,95,75,10,40,15,3,2,1,0,1
223,3116,4,rail,1,1,1,1,345,345,80,120,45,30,110,45,25,40,5,3,1,1,0,1
223,3117,4,rail,1,1,1,1,345,420,60,170,30,15,110,35,20,40,15,2,1,1,0,1
223,3118,3,air,1,1,1,1,250,390,90,155,45,25,50,55,20,40,20,2,1,1,0,1
223,3119,4,rail,1,1,1,1,250,300,80,155,40,35,95,45,10,40,25,3,1,1,0,1
223,3120,1,car,1,1,1,1,300,300,60,155,45,35,110,65,5,50,20,1,3,1,0,1
223,3121,3,air,1,1,1,1,345,345,80,155,30,30,50,55,15,50,10,1,2,1,0,1
223,3122,3,air,1,1,1,1,300,300,80,130,50,25,50,75,5,50,15,2,1,1,0,1
224,3123,4,rail,1,1,0,1,390,390,0,155,35,20,0,55,15,0,15,0,3,1,1,4
224,3124,4,rail,1,1,0,1,345,390,0,130,40,25,0,45,25,0,10,0,1,1,1,4
224,3125,4,rail,1,1,0,1,390,420,0,130,30,20,0,55,25,0,5,0,1,1,1,4
224,3126,4,rail,1,1,0,1,345,390,0,140,40,25,0,45,20,0,10,0,2,1,1,4
224,3127,4,rail,1,1,0,1,390,420,0,140,30,15,0,65,5,0,25,0,1,1,1,4
224,3128,4,rail,1,1,0,1,345,345,0,120,40,35,0,45,25,0,10,0,1,1,1,4
224,3129,4,rail,1,1,0,1,300,390,0,170,40,25,0,45,20,0,15,0,2,1,1,4
224,3130,4,rail,1,1,0,1,300,390,0,140,50,15,0,65,10,0,5,0,1,1,1,4
224,3131,4,rail,1,1,0,1,345,360,0,120,45,30,0,45,25,0,10,0,3,1,1,4
224,3132,4,rail,1,1,0,1,250,360,0,170,35,20,0,45,5,0,25,0,2,1,1,4
224,3133,4,rail,1,1,0,1,390,390,0,120,30,15,0,65,10,0,25,0,3,1,1,4
224,3134,1,car,1,1,0,1,250,330,0,140,50,15,0,65,10,0,20,0,1,1,1,4
224,3135,4,rail,1,1,0,1,390,390,0,140,30,35,0,75,10,0,10,0,3,1,1,4
224,3136,4,rail,1,1,0,1,345,360,0,140,40,25,0,35,20,0,5,0,3,1,1,4
225,3137,4,rail,0,1,1,1,0,300,70,170,0,25,80,35,5,35,25,3,2,1,1,1
225,3138,4,rail,0,1,1,1,0,390,70,140,0,25,80,35,20,40,15,1,3,1,1,1
225,3139,3,air,0,1,1,1,0,390,60,130,0,25,110,75,5,50,15,2,1,1,1,1
225,3140,4,rail,0,1,1,1,0,390,60,120,0,20,110,75,5,45,20,1,3,1,1,1
225,3141,4,rail,0,1,1,1,0,345,70,155,0,35,95,55,15,40,20,1,3,1,1,1
225,3142,3,air,0,1,1,1,0,300,70,170,0,30,65,35,5,45,25,1,3,1,1,1
225,3143,3,air,0,1,1,1,0,345,90,130,0,35,50,65,20,35,20,2,3,1,1,1
225,3144,4,rail,0,1,1,1,0,330,50,130,0,30,65,75,15,55,5,3,2,1,1,1
225,3145,4,rail,0,1,1,1,0,360,60,170,0,30,95,55,25,45,20,1,3,1,1,1
225,3146,3,air,0,1,1,1,0,390,50,170,0,25,50,45,25,55,5,3,2,1,1,1
225,3147,3,air,0,1,1,1,0,330,80,155,0,30,65,55,20,35,20,2,1,1,1,1
225,3148,4,rail,0,1,1,1,0,330,60,140,0,30,80,45,10,55,10,1,3,1,1,1
225,3149,4,rail,0,1,1,1,0,330,60,120,0,30,110,75,25,45,10,3,2,1,1,1
225,3150,3,air,0,1,1,1,0,420,90,170,0,20,65,35,15,35,25,3,2,1,1,1
226,3151,4,rail,1,1,0,1,250,330,0,140,30,35,0,65,25,0,15,0,1,0,1,3
226,3152,4,rail,1,1,0,1,300,360,0,155,35,25,0,35,25,0,15,0,2,0,1,3
226,3153,4,rail,1,1,0,1,300,390,0,155,35,25,0,45,15,0,15,0,3,0,1,3
226,3154,1,car,1,1,0,1,250,420,0,140,50,20,0,75,15,0,10,0,3,0,1,3
226,3155,1,car,1,1,0,1,275,390,0,140,35,15,0,65,5,0,20,0,3,0,1,3
226,3156,4,rail,1,1,0,1,390,420,0,130,30,20,0,65,20,0,25,0,1,0,1,3
226,3157,4,rail,1,1,0,1,300,330,0,120,45,35,0,65,25,0,5,0,1,0,1,3
226,3158,4,rail,1,1,0,1,300,330,0,155,40,25,0,35,15,0,5,0,2,0,1,3
226,3159,4,rail,1,1,0,1,390,390,0,120,30,35,0,55,5,0,15,0,1,0,1,3
226,3160,4,rail,1,1,0,1,275,300,0,170,40,35,0,55,10,0,25,0,2,0,1,3
226,3161,4,rail,1,1,0,1,345,345,0,170,35,35,0,45,25,0,5,0,2,0,1,3
226,3162,4,rail,1,1,0,1,275,390,0,155,50,25,0,55,15,0,15,0,2,0,1,3
226,3163,1,car,1,1,0,1,345,360,0,120,35,35,0,75,15,0,10,0,2,0,1,3
226,3164,4,rail,1,1,0,1,345,345,0,155,40,30,0,45,20,0,5,0,2,0,1,3
227,3165,1,car,1,1,1,1,275,330,80,120,50,35,65,45,20,55,5,3,1,0,0,3
227,3166,4,rail,1,1,1,1,275,330,70,170,45,15,110,55,5,40,25,2,3,0,0,3
227,3167,4,rail,1,1,1,1,275,390,70,155,45,15,80,35,25,55,5,1,1,0,0,3
227,3168,1,car,1,1,1,1,300,300,60,155,45,15,110,65,10,40,20,2,1,0,0,3
227,3169,4,rail,1,1,1,1,390,390,60,155,35,35,95,65,10,45,15,2,3,0,0,3
227,3170,4,rail,1,1,1,1,275,360,50,155,40,30,80,55,20,50,5,1,3,0,0,3
227,3171,4,rail,1,1,1,1,250,390,90,170,45,20,50,35,25,35,15,2,3,0,0,3
227,3172,3,air,1,1,1,1,275,390,90,155,30,25,65,65,15,40,25,1,2,0,0,3
227,3173,1,car,1,1,1,1,390,390,90,120,30,25,65,65,25,35,15,3,1,0,0,3
227,3174,1,car,1,1,1,1,275,330,70,120,50,25,80,55,25,50,5,1,3,0,0,3
227,3175,3,air,1,1,1,1,390,420,60,130,35,15,110,55,25,35,15,2,1,0,0,3
227,3176,3,air,1,1,1,1,300,390,50,170,45,25,50,45,10,55,5,2,1,0,0,3
227,3177,1,car,1,1,1,1,345,345,50,140,30,35,110,65,5,45,15,2,1,0,0,3
227,3178,1,car,1,1,1,1,250,300,80,140,40,30,80,75,15,40,20,1,2,0,0,3
228,3179,4,rail,1,1,1,1,250,330,80,130,50,30,50,55,15,55,10,2,1,0,0,1
228,3180,1,car,1,1,1,1,275,360,70,120,50,25,65,65,10,50,10,1,2,0,0,1
228,3181,1,car,1,1,1,1,300,330,70,140,30,35,95,75,15,50,25,1,2,0,0,1
228,3182,1,car,1,1,1,1,300,390,70,130,40,15,95,75,5,50,10,2,3,0,0,1
228,3183,4,rail,1,1,1,1,300,390,70,120,45,25,95,35,20,50,10,3,2,0,0,1
228,3184,1,car,1,1,1,1,275,420,80,170,30,20,95,35,20,35,25,3,2,0,0,1
228,3185,1,car,1,1,1,1,300,420,50,155,40,20,110,65,5,50,20,2,1,0,0,1
228,3186,4,rail,1,1,1,1,345,420,60,170,35,20,110,35,25,45,15,2,1,0,0,1
228,3187,1,car,1,1,1,1,250,420,50,155,40,15,95,75,10,40,25,1,2,0,0,1
228,3188,4,rail,1,1,1,1,345,390,90,155,35,15,65,35,10,50,10,3,1,0,0,1
228,3189,1,car,1,1,1,1,390,390,50,170,35,15,95,35,5,40,25,2,3,0,0,1
228,3190,3,air,1,1,1,1,250,420,90,140,45,15,50,65,20,35,25,3,2,0,0,1
228,3191,4,rail,1,1,1,1,250,390,90,170,40,20,65,35,15,35,25,3,2,0,0,1
228,3192,2,bus,1,1,1,1,300,300,50,170,40,30,65,65,5,50,25,1,2,0,0,1
229,3193,3,air,1,1,1,1,390,390,70,130,30,15,95,75,10,45,15,2,3,1,0,1
229,3194,4,rail,1,1,1,1,345,345,60,120,45,35,95,45,25,50,5,3,1,1,0,1
229,3195,4,rail,1,1,1,1,250,390,90,120,45,20,50,75,20,50,5,1,2,1,0,1
229,3196,2,bus,1,1,1,1,300,420,50,130,45,15,110,75,10,45,15,2,3,1,0,1
229,3197,1,car,1,1,1,1,390,420,90,130,30,15,65,65,20,35,20,3,1,1,0,1
229,3198,4,rail,1,1,1,1,250,390,80,155,45,15,65,45,10,50,20,3,1,1,0,1
229,3199,1,car,1,1,1,1,250,330,80,155,45,30,50,65,10,45,15,1,3,1,0,1
229,3200,1,car,1,1,1,1,275,390,90,130,40,15,80,65,5,40,20,3,1,1,0,1
229,3201,4,rail,1,1,1,1,275,420,50,155,50,20,80,35,15,50,10,1,3,1,0,1
229,3202,1,car,1,1,1,1,390,390,50,120,35,35,95,75,25,35,15,1,2,1,0,1
229,3203,1,car,1,1,1,1,300,390,80,155,30,15,95,45,5,45,25,3,1,1,0,1
229,3204,4,rail,1,1,1,1,300,330,90,155,35,30,65,45,15,35,20,3,1,1,0,1
229,3205,1,car,1,1,1,1,250,360,90,120,50,30,65,55,25,35,25,3,2,1,0,1
229,3206,1,car,1,1,1,1,390,390,70,120,35,35,95,55,20,45,10,1,1,1,0,1
230,3207,3,air,0,1,1,0,0,390,90,0,0,35,50,0,20,35,0,1,0,1,1,1
230,3208,3,air,0,1,1,0,0,300,80,0,0,35,110,0,10,40,0,3,0,1,1,1
230,3209,3,air,0,1,1,0,0,390,50,0,0,35,80,0,5,55,0,2,0,1,1,1
230,3210,3,air,0,1,1,0,0,330,80,0,0,35,95,0,20,45,0,1,0,1,1,1
230,3211,3,air,0,1,1,0,0,420,60,0,0,15,65,0,15,55,0,1,0,1,1,1
230,3212,3,air,0,1,1,0,0,420,80,0,0,20,80,0,15,50,0,1,0,1,1,1
230,3213,2,bus,0,1,1,0,0,360,80,0,0,20,80,0,5,40,0,3,0,1,1,1
230,3214,3,air,0,1,1,0,0,360,90,0,0,30,80,0,15,35,0,2,0,1,1,1
230,3215,3,air,0,1,1,0,0,420,70,0,0,25,95,0,20,50,0,1,0,1,1,1
230,3216,3,air,0,1,1,0,0,360,80,0,0,30,95,0,15,35,0,1,0,1,1,1
230,3217,3,air,0,1,1,0,0,300,80,0,0,30,50,0,10,55,0,2,0,1,1,1
230,3218,3,air,0,1,1,0,0,360,60,0,0,25,110,0,25,50,0,3,0,1,1,1
230,3219,3,air,0,1,1,0,0,420,60,0,0,20,65,0,20,50,0,1,0,1,1,1
230,3220,3,air,0,1,1,0,0,420,60,0,0,20,50,0,5,55,0,3,0,1,1,1
231,3221,4,rail,1,1,1,1,390,390,50,170,40,30,50,35,10,55,5,3,2,0,1,1
231,3222,4,rail,1,1,1,1,250,420,90,120,50,15,65,75,25,45,5,1,3,0,1,1
231,3223,1,car,1,1,1,1,300,390,70,155,30,20,110,75,5,40,25,1,2,0,1,1
231,3224,4,rail,1,1,1,1,250,330,90,170,40,35,80,35,10,40,25,1,2,0,1,1
231,3225,3,air,1,1,1,1,275,420,90,130,30,20,80,75,25,35,25,2,2,0,1,1
231,3226,1,car,1,1,1,1,275,300,50,170,45,30,95,35,25,45,10,3,2,0,1,1
231,3227,4,rail,1,1,1,1,275,300,60,120,50,35,110,75,5,40,15,2,3,0,1,1
231,3228,4,rail,1,1,1,1,250,330,70,170,45,20,80,45,10,45,20,1,2,0,1,1
231,3229,4,rail,1,1,1,1,390,420,50,140,35,15,95,55,10,55,10,3,1,0,1,1
231,3230,4,rail,1,1,1,1,345,360,70,140,35,30,110,45,5,40,25,1,3,0,1,1
231,3231,4,rail,1,1,1,1,345,390,80,120,45,25,65,35,25,55,5,3,1,0,1,1
231,3232,1,car,1,1,1,1,250,390,60,130,50,20,80,75,15,55,15,1,3,0,1,1
231,3233,4,rail,1,1,1,1,275,330,90,140,45,30,65,65,15,45,15,1,2,0,1,1
231,3234,3,air,1,1,1,1,300,420,80,140,45,25,50,55,15,50,10,1,3,0,1,1
232,3235,4,rail,1,1,0,1,300,330,0,170,40,25,0,35,15,0,25,0,2,1,0,4
232,3236,1,car,1,1,0,1,345,345,0,130,40,30,0,55,15,0,20,0,3,1,0,4
232,3237,4,rail,1,1,0,1,345,390,0,130,35,20,0,65,25,0,5,0,2,1,0,4
232,3238,4,rail,1,1,0,1,275,360,0,140,40,25,0,55,25,0,20,0,1,1,0,4
232,3239,4,rail,1,1,0,1,275,420,0,130,45,20,0,35,15,0,15,0,3,1,0,4
232,3240,1,car,1,1,0,1,250,420,0,140,50,20,0,55,20,0,25,0,1,1,0,4
232,3241,4,rail,1,1,0,1,390,420,0,130,30,20,0,75,20,0,10,0,2,1,0,4
232,3242,4,rail,1,1,0,1,250,420,0,155,35,20,0,55,15,0,20,0,2,1,0,4
232,3243,4,rail,1,1,0,1,300,300,0,140,35,30,0,45,20,0,20,0,2,1,0,4
232,3244,1,car,1,1,0,1,390,390,0,130,30,20,0,75,10,0,10,0,1,1,0,4
232,3245,2,bus,1,1,0,1,390,390,0,140,35,15,0,75,5,0,20,0,1,1,0,4
232,3246,1,car,1,1,0,1,300,390,0,170,40,20,0,45,20,0,5,0,1,1,0,4
232,3247,4,rail,1,1,0,1,345,345,0,130,45,25,0,45,20,0,10,0,1,1,0,4
232,3248,1,car,1,1,0,1,275,420,0,120,50,15,0,75,5,0,5,0,3,1,0,4
233,3249,3,air,0,1,1,1,0,360,90,140,0,20,50,65,10,40,20,2,3,0,0,1
233,3250,3,air,0,1,1,1,0,360,60,140,0,30,50,55,25,55,5,2,3,0,0,1
233,3251,2,bus,0,1,1,1,0,360,90,130,0,25,65,55,20,35,20,2,3,0,0,1
233,3252,4,rail,0,1,1,1,0,420,90,140,0,15,50,55,10,35,25,1,3,0,0,1
233,3253,2,bus,0,1,1,1,0,300,70,120,0,35,65,75,20,50,10,1,2,0,0,1
233,3254,4,rail,0,1,1,1,0,390,90,140,0,25,50,55,5,50,15,3,1,0,0,1
233,3255,4,rail,0,1,1,1,0,345,60,130,0,35,95,75,10,40,15,3,2,0,0,1
233,3256,4,rail,0,1,1,1,0,345,80,120,0,30,110,45,25,40,5,3,1,0,0,1
233,3257,4,rail,0,1,1,1,0,420,60,170,0,15,110,35,20,40,15,2,1,0,0,1
233,3258,3,air,0,1,1,1,0,390,90,155,0,25,50,55,20,40,20,2,1,0,0,1
233,3259,4,rail,0,1,1,1,0,300,80,155,0,35,95,45,10,40,25,3,1,0,0,1
233,3260,2,bus,0,1,1,1,0,300,60,155,0,35,110,65,5,50,20,1,3,0,0,1
233,3261,4,rail,0,1,1,1,0,360,70,120,0,20,110,75,25,40,15,1,3,0,0,1
233,3262,3,air,0,1,1,1,0,345,80,155,0,30,50,55,15,50,10,1,2,0,0,1
234,3263,3,air,0,1,1,0,0,390,50,0,0,20,50,0,15,45,0,2,0,0,0,4
234,3264,2,bus,0,1,1,0,0,390,60,0,0,25,110,0,25,40,0,3,0,0,0,4
234,3265,3,air,0,1,1,0,0,420,60,0,0,20,95,0,25,55,0,2,0,0,0,4
234,3266,2,bus,0,1,1,0,0,390,50,0,0,25,80,0,20,50,0,3,0,0,0,4
234,3267,3,air,0,1,1,0,0,420,60,0,0,15,110,0,5,40,0,2,0,0,0,4
234,3268,3,air,0,1,1,0,0,345,80,0,0,35,80,0,25,45,0,3,0,0,0,4
234,3269,3,air,0,1,1,0,0,390,60,0,0,25,65,0,20,55,0,3,0,0,0,4
234,3270,3,air,0,1,1,0,0,390,60,0,0,15,50,0,10,55,0,3,0,0,0,4
234,3271,3,air,0,1,1,0,0,360,50,0,0,30,50,0,15,50,0,2,0,0,0,4
234,3272,3,air,0,1,1,0,0,360,70,0,0,20,95,0,5,40,0,3,0,0,0,4
234,3273,3,air,0,1,1,0,0,390,70,0,0,15,110,0,10,40,0,1,0,0,0,4
234,3274,2,bus,0,1,1,0,0,330,70,0,0,15,95,0,10,45,0,3,0,0,0,4
234,3275,3,air,0,1,1,0,0,390,50,0,0,35,65,0,10,55,0,1,0,0,0,4
234,3276,3,air,0,1,1,0,0,360,90,0,0,25,50,0,20,55,0,2,0,0,0,4
235,3277,1,car,1,1,1,1,250,300,70,170,45,25,80,35,5,35,25,3,2,0,0,1
235,3278,4,rail,1,1,1,1,275,390,70,140,50,25,80,35,20,40,15,1,3,0,0,1
235,3279,1,car,1,1,1,1,390,390,60,120,40,20,110,75,5,45,20,1,3,0,0,1
235,3280,4,rail,1,1,1,1,300,360,80,170,40,25,50,35,15,55,5,2,3,0,0,1
235,3281,1,car,1,1,1,1,345,345,70,155,30,35,95,55,15,40,20,1,3,0,0,1
235,3282,1,car,1,1,1,1,275,300,70,170,40,30,65,35,5,45,25,1,3,0,0,1
235,3283,3,air,1,1,1,1,345,345,90,130,35,35,50,65,20,35,20,2,3,0,0,1
235,3284,1,car,1,1,1,1,300,330,50,130,50,30,65,75,15,55,5,3,2,0,0,1
235,3285,1,car,1,1,1,1,250,360,60,170,30,30,95,55,25,45,20,1,3,0,0,1
235,3286,3,air,1,1,1,1,345,390,50,170,35,25,50,45,25,55,5,3,2,0,0,1
235,3287,1,car,1,1,1,1,275,330,80,155,50,30,65,55,20,35,20,2,1,0,0,1
235,3288,1,car,1,1,1,1,345,390,70,140,30,15,95,65,5,45,20,1,3,0,0,1
235,3289,1,car,1,1,1,1,250,330,60,120,50,30,110,75,25,45,10,3,2,0,0,1
235,3290,1,car,1,1,1,1,300,420,90,170,35,20,65,35,15,35,25,3,2,0,0,1
236,3291,3,air,1,1,1,1,250,330,90,140,30,35,80,65,25,35,15,2,1,0,1,2
236,3292,3,air,1,1,1,1,300,390,80,155,35,25,65,45,15,45,15,1,3,0,1,2
236,3293,4,rail,1,1,1,1,250,420,60,140,50,20,95,75,15,45,10,1,3,0,1,2
236,3294,4,rail,1,1,1,1,275,390,70,140,35,15,95,65,5,35,20,2,3,0,1,2
236,3295,3,air,1,1,1,1,390,420,50,130,30,20,80,65,20,35,25,2,1,0,1,2
236,3296,4,rail,1,1,1,1,390,390,70,130,35,35,110,35,25,45,10,3,1,0,1,2
236,3297,3,air,1,1,1,1,300,330,90,120,45,35,50,65,25,55,5,3,1,0,1,2
236,3298,4,rail,1,1,1,1,300,330,80,155,40,25,50,35,15,50,5,1,2,0,1,2
236,3299,4,rail,1,1,1,1,275,300,80,170,40,35,80,55,10,40,25,1,2,0,1,2
236,3300,4,rail,1,1,1,1,345,345,70,170,35,35,50,45,25,55,5,3,2,0,1,2
236,3301,4,rail,1,1,1,1,275,390,60,155,50,25,65,55,15,50,15,3,2,0,1,2
236,3302,3,air,1,1,1,1,345,360,50,120,35,35,80,75,15,40,10,3,2,0,1,2
236,3303,4,rail,1,1,1,1,250,300,50,120,50,35,95,65,5,50,10,2,1,0,1,2
236,3304,4,rail,1,1,1,1,345,345,60,155,40,30,65,45,20,55,5,1,2,0,1,2
237,3305,3,air,1,1,1,0,275,330,80,0,50,35,65,0,20,55,0,3,0,1,1,1
237,3306,1,car,1,1,1,0,275,330,70,0,45,15,110,0,5,40,0,2,0,1,1,1
237,3307,1,car,1,1,1,0,300,300,60,0,45,15,110,0,10,40,0,2,0,1,1,1
237,3308,3,air,1,1,1,0,390,390,60,0,35,35,95,0,10,45,0,2,0,1,1,1
237,3309,3,air,1,1,1,0,275,360,50,0,40,30,80,0,20,50,0,1,0,1,1,1
237,3310,1,car,1,1,1,0,250,360,60,0,50,25,110,0,15,45,0,3,0,1,1,1
237,3311,1,car,1,1,1,0,250,390,90,0,45,20,50,0,25,35,0,2,0,1,1,1
237,3312,3,air,1,1,1,0,275,360,70,0,40,30,65,0,10,50,0,2,0,1,1,1
237,3313,3,air,1,1,1,0,275,390,90,0,30,25,65,0,15,40,0,1,0,1,1,1
237,3314,3,air,1,1,1,0,390,390,90,0,30,25,65,0,25,35,0,3,0,1,1,1
237,3315,3,air,1,1,1,0,275,330,70,0,50,25,80,0,25,50,0,1,0,1,1,1
237,3316,3,air,1,1,1,0,390,420,60,0,35,15,110,0,25,35,0,2,0,1,1,1
237,3317,3,air,1,1,1,0,300,390,50,0,45,25,50,0,10,55,0,2,0,1,1,1
237,3318,1,car,1,1,1,0,250,300,80,0,40,30,80,0,15,40,0,1,0,1,1,1
238,3319,3,air,1,1,1,1,250,330,80,130,50,30,50,55,15,55,10,2,1,0,0,1
238,3320,1,car,1,1,1,1,300,330,70,140,30,35,95,75,15,50,25,1,2,0,0,1
238,3321,1,car,1,1,1,1,390,390,80,130,30,30,80,65,10,35,25,1,3,0,0,1
238,3322,1,car,1,1,1,1,300,390,70,130,40,15,95,75,5,50,10,2,3,0,0,1
238,3323,4,rail,1,1,1,1,300,390,70,120,45,25,95,35,20,50,10,3,2,0,0,1
238,3324,1,car,1,1,1,1,275,420,80,170,30,20,95,35,20,35,25,3,2,0,0,1
238,3325,1,car,1,1,1,1,300,420,50,155,40,20,110,65,5,50,20,2,1,0,0,1
238,3326,4,rail,1,1,1,1,345,420,60,170,35,20,110,35,25,45,15,2,1,0,0,1
238,3327,1,car,1,1,1,1,250,360,60,170,40,30,95,45,25,45,10,1,2,0,0,1
238,3328,1,car,1,1,1,1,345,390,90,155,35,15,65,35,10,50,10,3,1,0,0,1
238,3329,4,rail,1,1,1,1,390,390,50,170,35,15,95,35,5,40,25,2,3,0,0,1
238,3330,1,car,1,1,1,1,250,420,90,140,45,15,50,65,20,35,25,3,2,0,0,1
238,3331,4,rail,1,1,1,1,250,390,90,170,40,20,65,35,15,35,25,3,2,0,0,1
238,3332,2,bus,1,1,1,1,300,300,50,170,40,30,65,65,5,50,25,1,2,0,0,1
239,3333,4,rail,0,1,0,1,0,390,0,130,0,15,0,75,10,0,15,0,3,1,1,2
239,3334,4,rail,0,1,0,1,0,345,0,120,0,35,0,45,25,0,5,0,1,1,1,2
239,3335,4,rail,0,1,0,1,0,390,0,120,0,20,0,75,20,0,5,0,2,1,1,2
239,3336,4,rail,0,1,0,1,0,420,0,130,0,15,0,75,10,0,15,0,3,1,1,2
239,3337,4,rail,0,1,0,1,0,420,0,130,0,15,0,65,20,0,20,0,1,1,1,2
239,3338,4,rail,0,1,0,1,0,390,0,155,0,15,0,45,10,0,20,0,1,1,1,2
239,3339,4,rail,0,1,0,1,0,330,0,155,0,30,0,65,10,0,15,0,3,1,1,2
239,3340,4,rail,0,1,0,1,0,390,0,130,0,15,0,65,5,0,20,0,1,1,1,2
239,3341,4,rail,0,1,0,1,0,420,0,155,0,20,0,35,15,0,10,0,3,1,1,2
239,3342,4,rail,0,1,0,1,0,360,0,155,0,30,0,45,20,0,5,0,3,1,1,2
239,3343,4,rail,0,1,0,1,0,390,0,120,0,35,0,75,25,0,15,0,2,1,1,2
239,3344,4,rail,0,1,0,1,0,390,0,155,0,15,0,45,5,0,25,0,1,1,1,2
239,3345,4,rail,0,1,0,1,0,360,0,120,0,30,0,55,25,0,25,0,2,1,1,2
239,3346,4,rail,0,1,0,1,0,390,0,120,0,35,0,55,20,0,10,0,1,1,1,2
240,3347,1,car,1,1,0,1,300,300,0,170,30,35,0,55,10,0,25,0,2,1,0,4
240,3348,4,rail,1,1,0,1,345,345,0,130,45,25,0,35,10,0,5,0,3,1,0,4
240,3349,1,car,1,1,0,1,390,390,0,155,35,35,0,55,5,0,15,0,1,1,0,4
240,3350,4,rail,1,1,0,1,300,330,0,120,45,35,0,55,20,0,5,0,3,1,0,4
240,3351,4,rail,1,1,0,1,345,420,0,170,30,15,0,45,15,0,10,0,2,1,0,4
240,3352,1,car,1,1,0,1,345,420,0,120,30,20,0,75,15,0,10,0,2,1,0,4
240,3353,1,car,1,1,0,1,250,360,0,120,50,20,0,45,5,0,20,0,2,1,0,4
240,3354,4,rail,1,1,0,1,275,360,0,170,35,30,0,35,15,0,20,0,3,1,0,4
240,3355,4,rail,1,1,0,1,275,420,0,120,50,25,0,45,20,0,15,0,3,1,0,4
240,3356,4,rail,1,1,0,1,275,360,0,120,50,30,0,45,15,0,20,0,2,1,0,4
240,3357,4,rail,1,1,0,1,275,360,0,130,50,15,0,65,20,0,15,0,3,1,0,4
240,3358,4,rail,1,1,0,1,345,360,0,140,30,25,0,75,25,0,5,0,2,1,0,4
240,3359,4,rail,1,1,0,1,250,420,0,130,50,20,0,65,20,0,10,0,2,1,0,4
240,3360,4,rail,1,1,0,1,390,420,0,140,35,20,0,55,5,0,5,0,1,1,0,4
241,3361,3,air,1,1,1,0,390,390,50,0,40,30,50,0,10,55,0,3,0,1,0,1
241,3362,1,car,1,1,1,0,390,420,50,0,30,20,80,0,15,55,0,2,0,1,0,1
241,3363,1,car,1,1,1,0,250,420,90,0,50,15,65,0,25,45,0,1,0,1,0,1
241,3364,1,car,1,1,1,0,300,390,70,0,30,20,110,0,5,40,0,1,0,1,0,1
241,3365,1,car,1,1,1,0,250,330,90,0,40,35,80,0,10,40,0,1,0,1,0,1
241,3366,2,bus,1,1,1,0,275,300,50,0,45,30,95,0,25,45,0,3,0,1,0,1
241,3367,1,car,1,1,1,0,275,300,60,0,50,35,110,0,5,40,0,2,0,1,0,1
241,3368,2,bus,1,1,1,0,390,420,50,0,35,15,95,0,10,55,0,3,0,1,0,1
241,3369,1,car,1,1,1,0,345,360,70,0,35,30,110,0,5,40,0,1,0,1,0,1
241,3370,1,car,1,1,1,0,345,390,80,0,45,25,65,0,25,55,0,3,0,1,0,1
241,3371,1,car,1,1,1,0,250,390,60,0,50,20,80,0,15,55,0,1,0,1,0,1
241,3372,1,car,1,1,1,0,390,390,70,0,30,35,110,0,5,35,0,2,0,1,0,1
241,3373,1,car,1,1,1,0,275,330,90,0,45,30,65,0,15,45,0,1,0,1,0,1
241,3374,1,car,1,1,1,0,300,420,80,0,45,25,50,0,15,50,0,1,0,1,0,1
242,3375,4,rail,1,1,0,1,300,330,0,170,40,25,0,35,15,0,25,0,2,0,0,1
242,3376,1,car,1,1,0,1,345,345,0,130,40,30,0,55,15,0,20,0,3,0,0,1
242,3377,4,rail,1,1,0,1,390,390,0,140,35,35,0,45,5,0,20,0,1,0,0,1
242,3378,1,car,1,1,0,1,345,390,0,130,35,20,0,65,25,0,5,0,2,0,0,1
242,3379,4,rail,1,1,0,1,275,360,0,140,40,25,0,55,25,0,20,0,1,0,0,1
242,3380,4,rail,1,1,0,1,275,420,0,130,45,20,0,35,15,0,15,0,3,0,0,1
242,3381,4,rail,1,1,0,1,250,420,0,140,50,20,0,55,20,0,25,0,1,0,0,1
242,3382,1,car,1,1,0,1,250,420,0,155,35,20,0,55,15,0,20,0,2,0,0,1
242,3383,1,car,1,1,0,1,300,300,0,140,35,30,0,45,20,0,20,0,2,0,0,1
242,3384,1,car,1,1,0,1,390,390,0,140,35,15,0,75,5,0,20,0,1,0,0,1
242,3385,4,rail,1,1,0,1,275,360,0,155,50,15,0,35,5,0,20,0,1,0,0,1
242,3386,1,car,1,1,0,1,300,390,0,170,40,20,0,45,20,0,5,0,1,0,0,1
242,3387,2,bus,1,1,0,1,345,345,0,130,45,25,0,45,20,0,10,0,1,0,0,1
242,3388,1,car,1,1,0,1,275,420,0,120,50,15,0,75,5,0,5,0,3,0,0,1
243,3389,3,air,0,1,1,1,0,360,90,140,0,20,50,65,10,40,20,2,3,0,0,3
243,3390,3,air,0,1,1,1,0,360,60,140,0,30,50,55,25,55,5,2,3,0,0,3
243,3391,3,air,0,1,1,1,0,360,90,130,0,25,65,55,20,35,20,2,3,0,0,3
243,3392,4,rail,0,1,1,1,0,420,90,140,0,15,50,55,10,35,25,1,3,0,0,3
243,3393,4,rail,0,1,1,1,0,300,70,120,0,35,65,75,20,50,10,1,2,0,0,3
243,3394,3,air,0,1,1,1,0,345,90,130,0,35,65,35,10,40,20,3,1,0,0,3
243,3395,4,rail,0,1,1,1,0,345,60,130,0,35,95,75,10,40,15,3,2,0,0,3
243,3396,4,rail,0,1,1,1,0,345,80,120,0,30,110,45,25,40,5,3,1,0,0,3
243,3397,4,rail,0,1,1,1,0,420,60,170,0,15,110,35,20,40,15,2,1,0,0,3
243,3398,4,rail,0,1,1,1,0,300,80,155,0,35,95,45,10,40,25,3,1,0,0,3
243,3399,4,rail,0,1,1,1,0,300,60,155,0,35,110,65,5,50,20,1,3,0,0,3
243,3400,4,rail,0,1,1,1,0,360,70,120,0,20,110,75,25,40,15,1,3,0,0,3
243,3401,4,rail,0,1,1,1,0,345,80,155,0,30,50,55,15,50,10,1,2,0,0,3
243,3402,3,air,0,1,1,1,0,300,80,130,0,25,50,75,5,50,15,2,1,0,0,3
244,3403,3,air,0,1,1,1,0,390,50,155,0,20,50,55,15,45,15,2,3,0,0,3
244,3404,4,rail,0,1,1,1,0,390,60,130,0,25,110,45,25,40,10,3,1,0,0,3
244,3405,4,rail,0,1,1,1,0,420,60,130,0,20,95,55,25,55,5,2,1,0,0,3
244,3406,4,rail,0,1,1,1,0,420,50,130,0,15,110,75,20,45,10,2,3,0,0,3
244,3407,4,rail,0,1,1,1,0,420,60,140,0,15,110,65,5,40,25,2,1,0,0,3
244,3408,4,rail,0,1,1,1,0,345,80,120,0,35,80,45,25,45,10,3,1,0,0,3
244,3409,4,rail,0,1,1,1,0,390,60,170,0,25,65,45,20,55,15,3,2,0,0,3
244,3410,3,air,0,1,1,1,0,390,60,140,0,15,50,65,10,55,5,3,1,0,0,3
244,3411,4,rail,0,1,1,1,0,360,90,120,0,30,95,45,25,40,10,2,3,0,0,3
244,3412,4,rail,0,1,1,1,0,360,70,170,0,20,95,45,5,40,25,3,2,0,0,3
244,3413,4,rail,0,1,1,1,0,390,70,120,0,15,110,65,10,40,25,1,3,0,0,3
244,3414,4,rail,0,1,1,1,0,330,70,140,0,15,95,65,10,45,20,3,1,0,0,3
244,3415,3,air,0,1,1,1,0,390,50,140,0,35,65,75,10,55,10,1,3,0,0,3
244,3416,4,rail,0,1,1,1,0,360,90,140,0,25,50,35,20,55,5,2,3,0,0,3
245,3417,2,bus,0,1,1,0,0,300,70,0,0,25,80,0,5,35,0,3,0,0,0,2
245,3418,3,air,0,1,1,0,0,390,70,0,0,25,80,0,20,40,0,1,0,0,0,2
245,3419,2,bus,0,1,1,0,0,390,60,0,0,20,110,0,5,45,0,1,0,0,0,2
245,3420,2,bus,0,1,1,0,0,360,80,0,0,25,50,0,15,55,0,2,0,0,0,2
245,3421,2,bus,0,1,1,0,0,345,70,0,0,35,95,0,15,40,0,1,0,0,0,2
245,3422,2,bus,0,1,1,0,0,300,70,0,0,30,65,0,5,45,0,1,0,0,0,2
245,3423,3,air,0,1,1,0,0,345,90,0,0,35,50,0,20,35,0,2,0,0,0,2
245,3424,3,air,0,1,1,0,0,330,50,0,0,30,65,0,15,55,0,3,0,0,0,2
245,3425,2,bus,0,1,1,0,0,360,60,0,0,30,95,0,25,45,0,1,0,0,0,2
245,3426,3,air,0,1,1,0,0,390,50,0,0,25,50,0,25,55,0,3,0,0,0,2
245,3427,3,air,0,1,1,0,0,330,80,0,0,30,65,0,20,35,0,2,0,0,0,2
245,3428,2,bus,0,1,1,0,0,390,70,0,0,15,95,0,5,45,0,1,0,0,0,2
245,3429,2,bus,0,1,1,0,0,330,60,0,0,30,110,0,25,45,0,3,0,0,0,2
245,3430,3,air,0,1,1,0,0,420,90,0,0,20,65,0,15,35,0,3,0,0,0,2
246,3431,3,air,0,1,1,1,0,330,90,140,0,35,80,65,25,35,15,2,1,0,1,3
246,3432,4,rail,0,1,1,1,0,390,80,155,0,25,65,45,15,45,15,1,3,0,1,3
246,3433,4,rail,0,1,1,1,0,420,60,140,0,20,95,75,15,45,10,1,3,0,1,3
246,3434,3,air,0,1,1,1,0,390,70,140,0,15,95,65,5,35,20,2,3,0,1,3
246,3435,4,rail,0,1,1,1,0,420,50,130,0,20,80,65,20,35,25,2,1,0,1,3
246,3436,4,rail,0,1,1,1,0,390,70,130,0,35,110,35,25,45,10,3,1,0,1,3
246,3437,3,air,0,1,1,1,0,330,90,120,0,35,50,65,25,55,5,3,1,0,1,3
246,3438,3,air,0,1,1,1,0,390,90,120,0,35,80,55,5,45,15,3,1,0,1,3
246,3439,4,rail,0,1,1,1,0,300,80,170,0,35,80,55,10,40,25,1,2,0,1,3
246,3440,3,air,0,1,1,1,0,345,70,170,0,35,50,45,25,55,5,3,2,0,1,3
246,3441,3,air,0,1,1,1,0,390,60,155,0,25,65,55,15,50,15,3,2,0,1,3
246,3442,3,air,0,1,1,1,0,360,50,120,0,35,80,75,15,40,10,3,2,0,1,3
246,3443,3,air,0,1,1,1,0,300,50,120,0,35,95,65,5,50,10,2,1,0,1,3
246,3444,4,rail,0,1,1,1,0,345,60,155,0,30,65,45,20,55,5,1,2,0,1,3
247,3445,4,rail,1,1,0,1,275,330,0,120,50,35,0,45,20,0,5,0,1,0,1,3
247,3446,1,car,1,1,0,1,275,330,0,170,45,15,0,55,5,0,25,0,3,0,1,3
247,3447,1,car,1,1,0,1,275,390,0,155,45,15,0,35,25,0,5,0,1,0,1,3
247,3448,4,rail,1,1,0,1,300,300,0,155,45,15,0,65,10,0,20,0,1,0,1,3
247,3449,1,car,1,1,0,1,390,390,0,155,35,35,0,65,10,0,15,0,3,0,1,3
247,3450,4,rail,1,1,0,1,275,360,0,155,40,30,0,55,20,0,5,0,3,0,1,3
247,3451,4,rail,1,1,0,1,250,390,0,170,45,20,0,35,25,0,15,0,3,0,1,3
247,3452,4,rail,1,1,0,1,275,360,0,170,40,30,0,35,10,0,15,0,3,0,1,3
247,3453,4,rail,1,1,0,1,275,390,0,155,30,25,0,65,15,0,25,0,2,0,1,3
247,3454,4,rail,1,1,0,1,390,390,0,120,30,25,0,65,25,0,15,0,1,0,1,3
247,3455,4,rail,1,1,0,1,275,330,0,120,50,25,0,55,25,0,5,0,3,0,1,3
247,3456,4,rail,1,1,0,1,390,420,0,130,35,15,0,55,25,0,15,0,1,0,1,3
247,3457,1,car,1,1,0,1,345,345,0,140,30,35,0,65,5,0,15,0,1,0,1,3
247,3458,4,rail,1,1,0,1,250,300,0,140,40,30,0,75,15,0,20,0,2,0,1,3
248,3459,3,air,1,1,1,1,250,330,80,130,50,30,50,55,15,55,10,2,1,1,1,1
248,3460,4,rail,1,1,1,1,275,360,70,120,50,25,65,65,10,50,10,1,2,1,1,1
248,3461,4,rail,1,1,1,1,300,330,70,140,30,35,95,75,15,50,25,1,2,1,1,1
248,3462,3,air,1,1,1,1,390,390,80,130,30,30,80,65,10,35,25,1,3,1,1,1
248,3463,3,air,1,1,1,1,300,390,70,130,40,15,95,75,5,50,10,2,3,1,1,1
248,3464,4,rail,1,1,1,1,300,390,70,120,45,25,95,35,20,50,10,3,2,1,1,1
248,3465,4,rail,1,1,1,1,275,420,80,170,30,20,95,35,20,35,25,3,2,1,1,1
248,3466,4,rail,1,1,1,1,250,360,60,170,40,30,95,45,25,45,10,1,2,1,1,1
248,3467,1,car,1,1,1,1,250,420,50,155,40,15,95,75,10,40,25,1,2,1,1,1
248,3468,4,rail,1,1,1,1,345,390,90,155,35,15,65,35,10,50,10,3,1,1,1,1
248,3469,3,air,1,1,1,1,390,390,50,170,35,15,95,35,5,40,25,2,3,1,1,1
248,3470,4,rail,1,1,1,1,250,420,90,140,45,15,50,65,20,35,25,3,2,1,1,1
248,3471,4,rail,1,1,1,1,250,390,90,170,40,20,65,35,15,35,25,3,2,1,1,1
248,3472,3,air,1,1,1,1,300,300,50,170,40,30,65,65,5,50,25,1,2,1,1,1
249,3473,4,rail,1,1,1,1,390,390,70,130,30,15,95,75,10,45,15,2,3,1,0,3
249,3474,4,rail,1,1,1,1,345,345,60,120,45,35,95,45,25,50,5,3,1,1,0,3
249,3475,1,car,1,1,1,1,250,390,90,120,45,20,50,75,20,50,5,1,2,1,0,3
249,3476,1,car,1,1,1,1,300,420,50,130,45,15,110,75,10,45,15,2,3,1,0,3
249,3477,3,air,1,1,1,1,390,420,90,130,30,15,65,65,20,35,20,3,1,1,0,3
249,3478,3,air,1,1,1,1,250,390,80,155,45,15,65,45,10,50,20,3,1,1,0,3
249,3479,4,rail,1,1,1,1,390,390,60,155,40,15,110,65,10,35,25,2,1,1,0,3
249,3480,4,rail,1,1,1,1,275,420,50,155,50,20,80,35,15,50,10,1,3,1,0,3
249,3481,3,air,1,1,1,1,345,360,50,155,50,30,80,45,20,55,5,2,3,1,0,3
249,3482,4,rail,1,1,1,1,390,390,50,120,35,35,95,75,25,35,15,1,2,1,0,3
249,3483,4,rail,1,1,1,1,300,390,80,155,30,15,95,45,5,45,25,3,1,1,0,3
249,3484,4,rail,1,1,1,1,300,330,90,155,35,30,65,45,15,35,20,3,1,1,0,3
249,3485,1,car,1,1,1,1,250,360,90,120,50,30,65,55,25,35,25,3,2,1,0,3
249,3486,1,car,1,1,1,1,390,390,70,120,35,35,95,55,20,45,10,1,1,1,0,3
250,3487,4,rail,0,1,1,1,0,300,80,170,0,35,110,55,10,40,25,3,2,1,0,3
250,3488,4,rail,0,1,1,1,0,345,90,130,0,25,50,35,10,55,5,2,3,1,0,3
250,3489,4,rail,0,1,1,1,0,390,50,155,0,35,80,55,5,55,15,2,1,1,0,3
250,3490,4,rail,0,1,1,1,0,330,80,120,0,35,95,55,20,45,5,1,3,1,0,3
250,3491,4,rail,0,1,1,1,0,420,60,170,0,15,65,45,15,55,10,1,2,1,0,3
250,3492,4,rail,0,1,1,1,0,420,80,120,0,20,80,75,15,50,10,1,2,1,0,3
250,3493,4,rail,0,1,1,1,0,360,80,120,0,20,80,45,5,40,20,3,2,1,0,3
250,3494,4,rail,0,1,1,1,0,360,90,170,0,30,80,35,15,35,20,2,3,1,0,3
250,3495,4,rail,0,1,1,1,0,420,70,120,0,25,95,45,20,50,15,1,3,1,0,3
250,3496,4,rail,0,1,1,1,0,360,80,120,0,30,95,45,15,35,20,1,2,1,0,3
250,3497,4,rail,0,1,1,1,0,300,80,170,0,30,50,35,10,55,5,2,3,1,0,3
250,3498,4,rail,0,1,1,1,0,360,50,130,0,15,110,65,20,45,15,2,3,1,0,3
250,3499,4,rail,0,1,1,1,0,360,60,140,0,25,110,75,25,50,5,3,2,1,0,3
250,3500,4,rail,0,1,1,1,0,420,60,130,0,20,65,65,20,50,10,1,2,1,0,3
251,3501,1,car,1,1,1,1,390,420,50,140,30,20,80,55,15,55,5,2,1,0,0,1
251,3502,3,air,1,1,1,1,250,420,90,120,50,15,65,75,25,45,5,1,3,0,0,1
251,3503,1,car,1,1,1,1,300,390,70,155,30,20,110,75,5,40,25,1,2,0,0,1
251,3504,1,car,1,1,1,1,250,330,90,170,40,35,80,35,10,40,25,1,2,0,0,1
251,3505,1,car,1,1,1,1,275,420,90,130,30,20,80,75,25,35,25,2,2,0,0,1
251,3506,4,rail,1,1,1,1,275,300,50,170,45,30,95,35,25,45,10,3,2,0,0,1
251,3507,1,car,1,1,1,1,275,300,60,120,50,35,110,75,5,40,15,2,3,0,0,1
251,3508,2,bus,1,1,1,1,250,330,70,170,45,20,80,45,10,45,20,1,2,0,0,1
251,3509,1,car,1,1,1,1,390,420,50,140,35,15,95,55,10,55,10,3,1,0,0,1
251,3510,4,rail,1,1,1,1,345,360,70,140,35,30,110,45,5,40,25,1,3,0,0,1
251,3511,4,rail,1,1,1,1,345,390,80,120,45,25,65,35,25,55,5,3,1,0,0,1
251,3512,2,bus,1,1,1,1,250,390,60,130,50,20,80,75,15,55,15,1,3,0,0,1
251,3513,1,car,1,1,1,1,275,330,90,140,45,30,65,65,15,45,15,1,2,0,0,1
251,3514,4,rail,1,1,1,1,300,420,80,140,45,25,50,55,15,50,10,1,3,0,0,1
252,3515,4,rail,1,1,1,1,300,330,70,170,40,25,80,35,15,35,25,3,2,1,1,3
252,3516,3,air,1,1,1,1,390,390,70,140,35,35,95,45,5,45,20,3,1,1,1,3
252,3517,4,rail,1,1,1,1,345,390,80,130,35,20,50,65,25,55,5,3,2,1,1,3
252,3518,1,car,1,1,1,1,275,360,80,140,40,25,80,55,25,40,20,2,1,1,1,3
252,3519,4,rail,1,1,1,1,275,420,80,130,45,20,80,35,15,40,15,2,3,1,1,3
252,3520,1,car,1,1,1,1,250,420,60,140,50,20,110,55,20,35,25,3,1,1,1,3
252,3521,3,air,1,1,1,1,390,420,50,130,30,20,65,75,20,55,10,1,2,1,1,3
252,3522,1,car,1,1,1,1,250,420,80,155,35,20,80,55,15,45,20,1,2,1,1,3
252,3523,4,rail,1,1,1,1,300,300,80,140,35,30,95,45,20,35,20,3,2,1,1,3
252,3524,1,car,1,1,1,1,390,390,50,140,35,15,110,75,5,50,20,3,1,1,1,3
252,3525,4,rail,1,1,1,1,275,360,80,155,50,15,110,35,5,35,20,2,1,1,1,3
252,3526,4,rail,1,1,1,1,300,390,50,170,40,20,65,45,20,55,5,2,1,1,1,3
252,3527,4,rail,1,1,1,1,345,345,70,130,45,25,110,45,20,35,10,3,1,1,1,3
252,3528,3,air,1,1,1,1,275,420,50,120,50,15,50,75,5,55,5,1,3,1,1,3
253,3529,3,air,0,1,1,1,0,360,90,140,0,20,50,65,10,40,20,2,3,1,0,1
253,3530,3,air,0,1,1,1,0,360,60,140,0,30,50,55,25,55,5,2,3,1,0,1
253,3531,3,air,0,1,1,1,0,360,90,130,0,25,65,55,20,35,20,2,3,1,0,1
253,3532,2,bus,0,1,1,1,0,300,70,120,0,35,65,75,20,50,10,1,2,1,0,1
253,3533,3,air,0,1,1,1,0,390,90,140,0,25,50,55,5,50,15,3,1,1,0,1
253,3534,4,rail,0,1,1,1,0,345,90,130,0,35,65,35,10,40,20,3,1,1,0,1
253,3535,2,bus,0,1,1,1,0,345,60,130,0,35,95,75,10,40,15,3,2,1,0,1
253,3536,4,rail,0,1,1,1,0,420,60,170,0,15,110,35,20,40,15,2,1,1,0,1
253,3537,3,air,0,1,1,1,0,390,90,155,0,25,50,55,20,40,20,2,1,1,0,1
253,3538,4,rail,0,1,1,1,0,300,80,155,0,35,95,45,10,40,25,3,1,1,0,1
253,3539,2,bus,0,1,1,1,0,300,60,155,0,35,110,65,5,50,20,1,3,1,0,1
253,3540,2,bus,0,1,1,1,0,360,70,120,0,20,110,75,25,40,15,1,3,1,0,1
253,3541,3,air,0,1,1,1,0,345,80,155,0,30,50,55,15,50,10,1,2,1,0,1
253,3542,2,bus,0,1,1,1,0,300,80,130,0,25,50,75,5,50,15,2,1,1,0,1
254,3543,3,air,1,1,1,1,390,390,50,155,35,20,50,55,15,45,15,2,3,0,1,2
254,3544,4,rail,1,1,1,1,345,390,60,130,40,25,110,45,25,40,10,3,1,0,1,2
254,3545,1,car,1,1,1,1,345,390,50,140,40,25,80,45,20,50,10,3,2,0,1,2
254,3546,3,air,1,1,1,1,300,420,50,130,50,15,110,75,20,45,10,2,3,0,1,2
254,3547,4,rail,1,1,1,1,390,420,60,140,30,15,110,65,5,40,25,2,1,0,1,2
254,3548,4,rail,1,1,1,1,345,345,80,120,40,35,80,45,25,45,10,3,1,0,1,2
254,3549,4,rail,1,1,1,1,300,390,60,170,40,25,65,45,20,55,15,3,2,0,1,2
254,3550,3,air,1,1,1,1,300,390,60,140,50,15,50,65,10,55,5,3,1,0,1,2
254,3551,4,rail,1,1,1,1,345,360,90,120,45,30,95,45,25,40,10,2,3,0,1,2
254,3552,4,rail,1,1,1,1,250,360,70,170,35,20,95,45,5,40,25,3,2,0,1,2
254,3553,4,rail,1,1,1,1,390,390,70,120,30,15,110,65,10,40,25,1,3,0,1,2
254,3554,4,rail,1,1,1,1,250,330,70,140,50,15,95,65,10,45,20,3,1,0,1,2
254,3555,3,air,1,1,1,1,390,390,50,140,30,35,65,75,10,55,10,1,3,0,1,2
254,3556,3,air,1,1,1,1,345,360,90,140,40,25,50,35,20,55,5,2,3,0,1,2
255,3557,4,rail,1,1,1,1,275,390,70,140,50,25,80,35,20,40,15,1,3,1,0,1
255,3558,4,rail,1,1,1,1,390,390,60,130,40,25,110,75,5,50,15,2,1,1,0,1
255,3559,2,bus,1,1,1,1,390,390,60,120,40,20,110,75,5,45,20,1,3,1,0,1
255,3560,4,rail,1,1,1,1,300,360,80,170,40,25,50,35,15,55,5,2,3,1,0,1
255,3561,4,rail,1,1,1,1,345,345,70,155,30,35,95,55,15,40,20,1,3,1,0,1
255,3562,4,rail,1,1,1,1,275,300,70,170,40,30,65,35,5,45,25,1,3,1,0,1
255,3563,1,car,1,1,1,1,345,345,90,130,35,35,50,65,20,35,20,2,3,1,0,1
255,3564,1,car,1,1,1,1,300,330,50,130,50,30,65,75,15,55,5,3,2,1,0,1
255,3565,4,rail,1,1,1,1,345,390,50,170,35,25,50,45,25,55,5,3,2,1,0,1
255,3566,3,air,1,1,1,1,275,330,80,155,50,30,65,55,20,35,20,2,1,1,0,1
255,3567,1,car,1,1,1,1,300,330,60,140,45,30,80,45,10,55,10,1,3,1,0,1
255,3568,2,bus,1,1,1,1,345,390,70,140,30,15,95,65,5,45,20,1,3,1,0,1
255,3569,1,car,1,1,1,1,250,330,60,120,50,30,110,75,25,45,10,3,2,1,0,1
255,3570,4,rail,1,1,1,1,300,420,90,170,35,20,65,35,15,35,25,3,2,1,0,1
256,3571,4,rail,1,1,0,1,300,360,0,155,35,25,0,35,25,0,15,0,2,0,0,4
256,3572,4,rail,1,1,0,1,300,390,0,155,35,25,0,45,15,0,15,0,3,0,0,4
256,3573,1,car,1,1,0,1,250,420,0,140,50,20,0,75,15,0,10,0,3,0,0,4
256,3574,1,car,1,1,0,1,275,390,0,140,35,15,0,65,5,0,20,0,3,0,0,4
256,3575,1,car,1,1,0,1,390,420,0,130,30,20,0,65,20,0,25,0,1,0,0,4
256,3576,4,rail,1,1,0,1,390,390,0,130,35,35,0,35,25,0,10,0,1,0,0,4
256,3577,4,rail,1,1,0,1,300,330,0,120,45,35,0,65,25,0,5,0,1,0,0,4
256,3578,4,rail,1,1,0,1,300,330,0,155,40,25,0,35,15,0,5,0,2,0,0,4
256,3579,4,rail,1,1,0,1,390,390,0,120,30,35,0,55,5,0,15,0,1,0,0,4
256,3580,4,rail,1,1,0,1,275,300,0,170,40,35,0,55,10,0,25,0,2,0,0,4
256,3581,4,rail,1,1,0,1,345,345,0,170,35,35,0,45,25,0,5,0,2,0,0,4
256,3582,1,car,1,1,0,1,275,390,0,155,50,25,0,55,15,0,15,0,2,0,0,4
256,3583,4,rail,1,1,0,1,345,360,0,120,35,35,0,75,15,0,10,0,2,0,0,4
256,3584,1,car,1,1,0,1,250,300,0,120,50,35,0,65,5,0,10,0,1,0,0,4
257,3585,3,air,1,1,1,1,275,330,80,120,50,35,65,45,20,55,5,3,1,1,0,2
257,3586,4,rail,1,1,1,1,275,330,70,170,45,15,110,55,5,40,25,2,3,1,0,2
257,3587,1,car,1,1,1,1,275,390,70,155,45,15,80,35,25,55,5,1,1,1,0,2
257,3588,2,bus,1,1,1,1,300,300,60,155,45,15,110,65,10,40,20,2,1,1,0,2
257,3589,1,car,1,1,1,1,390,390,60,155,35,35,95,65,10,45,15,2,3,1,0,2
257,3590,1,car,1,1,1,1,275,360,50,155,40,30,80,55,20,50,5,1,3,1,0,2
257,3591,4,rail,1,1,1,1,250,390,90,170,45,20,50,35,25,35,15,2,3,1,0,2
257,3592,1,car,1,1,1,1,275,360,70,170,40,30,65,35,10,50,15,2,3,1,0,2
257,3593,1,car,1,1,1,1,275,390,90,155,30,25,65,65,15,40,25,1,2,1,0,2
257,3594,4,rail,1,1,1,1,390,390,90,120,30,25,65,65,25,35,15,3,1,1,0,2
257,3595,1,car,1,1,1,1,275,330,70,120,50,25,80,55,25,50,5,1,3,1,0,2
257,3596,1,car,1,1,1,1,390,420,60,130,35,15,110,55,25,35,15,2,1,1,0,2
257,3597,3,air,1,1,1,1,300,390,50,170,45,25,50,45,10,55,5,2,1,1,0,2
257,3598,1,car,1,1,1,1,345,345,50,140,30,35,110,65,5,45,15,2,1,1,0,2
258,3599,3,air,1,1,1,1,250,330,80,130,50,30,50,55,15,55,10,2,1,0,0,1
258,3600,4,rail,1,1,1,1,275,360,70,120,50,25,65,65,10,50,10,1,2,0,0,1
258,3601,1,car,1,1,1,1,300,330,70,140,30,35,95,75,15,50,25,1,2,0,0,1
258,3602,1,car,1,1,1,1,300,390,70,130,40,15,95,75,5,50,10,2,3,0,0,1
258,3603,4,rail,1,1,1,1,300,390,70,120,45,25,95,35,20,50,10,3,2,0,0,1
258,3604,4,rail,1,1,1,1,275,420,80,170,30,20,95,35,20,35,25,3,2,0,0,1
258,3605,2,bus,1,1,1,1,300,420,50,155,40,20,110,65,5,50,20,2,1,0,0,1
258,3606,4,rail,1,1,1,1,345,420,60,170,35,20,110,35,25,45,15,2,1,0,0,1
258,3607,4,rail,1,1,1,1,250,360,60,170,40,30,95,45,25,45,10,1,2,0,0,1
258,3608,1,car,1,1,1,1,345,390,90,155,35,15,65,35,10,50,10,3,1,0,0,1
258,3609,4,rail,1,1,1,1,390,390,50,170,35,15,95,35,5,40,25,2,3,0,0,1
258,3610,3,air,1,1,1,1,250,420,90,140,45,15,50,65,20,35,25,3,2,0,0,1
258,3611,1,car,1,1,1,1,250,390,90,170,40,20,65,35,15,35,25,3,2,0,0,1
258,3612,1,car,1,1,1,1,300,300,50,170,40,30,65,65,5,50,25,1,2,0,0,1
259,3613,4,rail,1,1,1,1,390,390,70,130,30,15,95,75,10,45,15,2,3,1,0,3
259,3614,4,rail,1,1,1,1,345,345,60,120,45,35,95,45,25,50,5,3,1,1,0,3
259,3615,3,air,1,1,1,1,250,390,90,120,45,20,50,75,20,50,5,1,2,1,0,3
259,3616,4,rail,1,1,1,1,390,420,90,130,30,15,65,65,20,35,20,3,1,1,0,3
259,3617,4,rail,1,1,1,1,250,390,80,155,45,15,65,45,10,50,20,3,1,1,0,3
259,3618,2,bus,1,1,1,1,390,390,60,155,40,15,110,65,10,35,25,2,1,1,0,3
259,3619,3,air,1,1,1,1,250,330,80,155,45,30,50,65,10,45,15,1,3,1,0,3
259,3620,2,bus,1,1,1,1,275,390,90,130,40,15,80,65,5,40,20,3,1,1,0,3
259,3621,4,rail,1,1,1,1,275,420,50,155,50,20,80,35,15,50,10,1,3,1,0,3
259,3622,4,rail,1,1,1,1,390,390,50,120,35,35,95,75,25,35,15,1,2,1,0,3
259,3623,4,rail,1,1,1,1,300,390,80,155,30,15,95,45,5,45,25,3,1,1,0,3
259,3624,4,rail,1,1,1,1,300,330,90,155,35,30,65,45,15,35,20,3,1,1,0,3
259,3625,3,air,1,1,1,1,250,360,90,120,50,30,65,55,25,35,25,3,2,1,0,3
259,3626,1,car,1,1,1,1,390,390,70,120,35,35,95,55,20,45,10,1,1,1,0,3
260,3627,3,air,1,1,1,1,390,390,90,130,35,35,50,75,20,35,25,1,2,1,0,2
260,3628,4,rail,1,1,1,1,300,300,80,170,30,35,110,55,10,40,25,3,2,1,0,2
260,3629,3,air,1,1,1,1,345,345,90,130,45,25,50,35,10,55,5,2,3,1,0,2
260,3630,1,car,1,1,1,1,300,330,80,120,45,35,95,55,20,45,5,1,3,1,0,2
260,3631,4,rail,1,1,1,1,345,420,60,170,30,15,65,45,15,55,10,1,2,1,0,2
260,3632,4,rail,1,1,1,1,345,420,80,120,30,20,80,75,15,50,10,1,2,1,0,2
260,3633,1,car,1,1,1,1,250,360,80,120,50,20,80,45,5,40,20,3,2,1,0,2
260,3634,4,rail,1,1,1,1,275,360,90,170,35,30,80,35,15,35,20,2,3,1,0,2
260,3635,4,rail,1,1,1,1,275,420,70,120,50,25,95,45,20,50,15,1,3,1,0,2
260,3636,1,car,1,1,1,1,275,360,80,120,50,30,95,45,15,35,20,1,2,1,0,2
260,3637,4,rail,1,1,1,1,300,300,80,170,45,30,50,35,10,55,5,2,3,1,0,2
260,3638,1,car,1,1,1,1,275,360,50,130,50,15,110,65,20,45,15,2,3,1,0,2
260,3639,1,car,1,1,1,1,345,360,60,140,30,25,110,75,25,50,5,3,2,1,0,2
260,3640,1,car,1,1,1,1,250,420,60,130,50,20,65,65,20,50,10,1,2,1,0,2
261,3641,4,rail,1,1,0,1,390,390,0,170,40,30,0,35,10,0,5,0,2,1,1,4
261,3642,4,rail,1,1,0,1,390,420,0,140,30,20,0,55,15,0,5,0,1,1,1,4
261,3643,4,rail,1,1,0,1,300,390,0,155,30,20,0,75,5,0,25,0,2,1,1,4
261,3644,4,rail,1,1,0,1,250,330,0,170,40,35,0,35,10,0,25,0,2,1,1,4
261,3645,4,rail,1,1,0,1,275,420,0,130,30,20,0,75,25,0,25,0,2,1,1,4
261,3646,4,rail,1,1,0,1,275,300,0,170,45,30,0,35,25,0,10,0,2,1,1,4
261,3647,1,car,1,1,0,1,275,300,0,120,50,35,0,75,5,0,15,0,3,1,1,4
261,3648,4,rail,1,1,0,1,250,330,0,170,45,20,0,45,10,0,20,0,2,1,1,4
261,3649,4,rail,1,1,0,1,345,360,0,140,35,30,0,45,5,0,25,0,3,1,1,4
261,3650,4,rail,1,1,0,1,345,390,0,120,45,25,0,35,25,0,5,0,1,1,1,4
261,3651,4,rail,1,1,0,1,250,390,0,130,50,20,0,75,15,0,15,0,3,1,1,4
261,3652,4,rail,1,1,0,1,390,390,0,170,30,35,0,35,5,0,25,0,3,1,1,4
261,3653,4,rail,1,1,0,1,275,330,0,140,45,30,0,65,15,0,15,0,2,1,1,4
261,3654,4,rail,1,1,0,1,300,420,0,140,45,25,0,55,15,0,10,0,3,1,1,4
262,3655,4,rail,1,0,1,1,300,0,70,170,40,0,80,35,0,35,25,3,2,0,0,1
262,3656,4,rail,1,0,1,1,345,0,90,130,40,0,50,55,0,35,20,2,3,0,0,1
262,3657,4,rail,1,0,1,1,390,0,70,140,35,0,95,45,0,45,20,3,1,0,0,1
262,3658,4,rail,1,0,1,1,345,0,80,130,35,0,50,65,0,55,5,3,2,0,0,1
262,3659,1,car,1,0,1,1,275,0,80,140,40,0,80,55,0,40,20,2,1,0,0,1
262,3660,1,car,1,0,1,1,250,0,60,140,50,0,110,55,0,35,25,3,1,0,0,1
262,3661,1,car,1,0,1,1,390,0,50,130,30,0,65,75,0,55,10,1,2,0,0,1
262,3662,1,car,1,0,1,1,250,0,80,155,35,0,80,55,0,45,20,1,2,0,0,1
262,3663,4,rail,1,0,1,1,300,0,80,140,35,0,95,45,0,35,20,3,2,0,0,1
262,3664,3,air,1,0,1,1,390,0,50,130,30,0,65,75,0,50,10,2,1,0,0,1
262,3665,4,rail,1,0,1,1,275,0,80,155,50,0,110,35,0,35,20,2,1,0,0,1
262,3666,1,car,1,0,1,1,300,0,50,170,40,0,65,45,0,55,5,2,1,0,0,1
262,3667,4,rail,1,0,1,1,345,0,70,130,45,0,110,45,0,35,10,3,1,0,0,1
262,3668,4,rail,1,0,1,1,275,0,50,120,50,0,50,75,0,55,5,1,3,0,0,1
263,3669,2,bus,1,1,1,1,250,360,90,140,45,20,50,65,10,40,20,2,3,1,0,1
263,3670,1,car,1,1,1,1,345,360,60,140,35,30,50,55,25,55,5,2,3,1,0,1
263,3671,3,air,1,1,1,1,275,360,90,130,45,25,65,55,20,35,20,2,3,1,0,1
263,3672,1,car,1,1,1,1,300,420,90,140,40,15,50,55,10,35,25,1,3,1,0,1
263,3673,2,bus,1,1,1,1,390,390,90,140,30,25,50,55,5,50,15,3,1,1,0,1
263,3674,4,rail,1,1,1,1,345,345,90,130,40,35,65,35,10,40,20,3,1,1,0,1
263,3675,1,car,1,1,1,1,345,345,60,130,35,35,95,75,10,40,15,3,2,1,0,1
263,3676,1,car,1,1,1,1,345,345,80,120,45,30,110,45,25,40,5,3,1,1,0,1
263,3677,4,rail,1,1,1,1,345,420,60,170,30,15,110,35,20,40,15,2,1,1,0,1
263,3678,1,car,1,1,1,1,250,390,90,155,45,25,50,55,20,40,20,2,1,1,0,1
263,3679,1,car,1,1,1,1,300,300,60,155,45,35,110,65,5,50,20,1,3,1,0,1
263,3680,1,car,1,1,1,1,275,360,70,120,50,20,110,75,25,40,15,1,3,1,0,1
263,3681,3,air,1,1,1,1,345,345,80,155,30,30,50,55,15,50,10,1,2,1,0,1
263,3682,3,air,1,1,1,1,300,300,80,130,50,25,50,75,5,50,15,2,1,1,0,1
264,3683,3,air,0,1,1,1,0,390,50,155,0,20,50,55,15,45,15,2,3,1,1,2
264,3684,4,rail,0,1,1,1,0,390,60,130,0,25,110,45,25,40,10,3,1,1,1,2
264,3685,4,rail,0,1,1,1,0,420,60,130,0,20,95,55,25,55,5,2,1,1,1,2
264,3686,4,rail,0,1,1,1,0,390,50,140,0,25,80,45,20,50,10,3,2,1,1,2
264,3687,3,air,0,1,1,1,0,420,60,140,0,15,110,65,5,40,25,2,1,1,1,2
264,3688,4,rail,0,1,1,1,0,345,80,120,0,35,80,45,25,45,10,3,1,1,1,2
264,3689,4,rail,0,1,1,1,0,390,60,170,0,25,65,45,20,55,15,3,2,1,1,2
264,3690,4,rail,0,1,1,1,0,390,60,140,0,15,50,65,10,55,5,3,1,1,1,2
264,3691,3,air,0,1,1,1,0,360,50,155,0,30,50,45,15,50,10,2,1,1,1,2
264,3692,4,rail,0,1,1,1,0,360,70,170,0,20,95,45,5,40,25,3,2,1,1,2
264,3693,4,rail,0,1,1,1,0,390,70,120,0,15,110,65,10,40,25,1,3,1,1,2
264,3694,4,rail,0,1,1,1,0,330,70,140,0,15,95,65,10,45,20,3,1,1,1,2
264,3695,3,air,0,1,1,1,0,390,50,140,0,35,65,75,10,55,10,1,3,1,1,2
264,3696,3,air,0,1,1,1,0,360,90,140,0,25,50,35,20,55,5,2,3,1,1,2
265,3697,4,rail,1,0,1,1,275,0,70,140,50,0,80,35,0,40,15,1,3,1,0,1
265,3698,1,car,1,0,1,1,390,0,60,130,40,0,110,75,0,50,15,2,1,1,0,1
265,3699,1,car,1,0,1,1,390,0,60,120,40,0,110,75,0,45,20,1,3,1,0,1
265,3700,4,rail,1,0,1,1,300,0,80,170,40,0,50,35,0,55,5,2,3,1,0,1
265,3701,4,rail,1,0,1,1,345,0,70,155,30,0,95,55,0,40,20,1,3,1,0,1
265,3702,4,rail,1,0,1,1,275,0,70,170,40,0,65,35,0,45,25,1,3,1,0,1
265,3703,1,car,1,0,1,1,345,0,90,130,35,0,50,65,0,35,20,2,3,1,0,1
265,3704,1,car,1,0,1,1,250,0,60,170,30,0,95,55,0,45,20,1,3,1,0,1
265,3705,3,air,1,0,1,1,345,0,50,170,35,0,50,45,0,55,5,3,2,1,0,1
265,3706,3,air,1,0,1,1,275,0,80,155,50,0,65,55,0,35,20,2,1,1,0,1
265,3707,4,rail,1,0,1,1,300,0,60,140,45,0,80,45,0,55,10,1,3,1,0,1
265,3708,1,car,1,0,1,1,345,0,70,140,30,0,95,65,0,45,20,1,3,1,0,1
265,3709,4,rail,1,0,1,1,250,0,60,120,50,0,110,75,0,45,10,3,2,1,0,1
265,3710,4,rail,1,0,1,1,300,0,90,170,35,0,65,35,0,35,25,3,2,1,0,1
266,3711,1,car,1,1,0,1,250,330,0,140,30,35,0,65,25,0,15,0,1,0,0,4
266,3712,4,rail,1,1,0,1,300,360,0,155,35,25,0,35,25,0,15,0,2,0,0,4
266,3713,1,car,1,1,0,1,300,390,0,155,35,25,0,45,15,0,15,0,3,0,0,4
266,3714,1,car,1,1,0,1,250,420,0,140,50,20,0,75,15,0,10,0,3,0,0,4
266,3715,4,rail,1,1,0,1,275,390,0,140,35,15,0,65,5,0,20,0,3,0,0,4
266,3716,4,rail,1,1,0,1,390,390,0,130,35,35,0,35,25,0,10,0,1,0,0,4
266,3717,1,car,1,1,0,1,300,330,0,120,45,35,0,65,25,0,5,0,1,0,0,4
266,3718,4,rail,1,1,0,1,390,390,0,120,30,35,0,55,5,0,15,0,1,0,0,4
266,3719,4,rail,1,1,0,1,275,300,0,170,40,35,0,55,10,0,25,0,2,0,0,4
266,3720,4,rail,1,1,0,1,345,345,0,170,35,35,0,45,25,0,5,0,2,0,0,4
266,3721,1,car,1,1,0,1,275,390,0,155,50,25,0,55,15,0,15,0,2,0,0,4
266,3722,4,rail,1,1,0,1,345,360,0,120,35,35,0,75,15,0,10,0,2,0,0,4
266,3723,1,car,1,1,0,1,250,300,0,120,50,35,0,65,5,0,10,0,1,0,0,4
266,3724,4,rail,1,1,0,1,345,345,0,155,40,30,0,45,20,0,5,0,2,0,0,4
267,3725,4,rail,1,1,0,1,275,330,0,120,50,35,0,45,20,0,5,0,1,1,0,4
267,3726,1,car,1,1,0,1,275,330,0,170,45,15,0,55,5,0,25,0,3,1,0,4
267,3727,4,rail,1,1,0,1,275,390,0,155,45,15,0,35,25,0,5,0,1,1,0,4
267,3728,4,rail,1,1,0,1,390,390,0,155,35,35,0,65,10,0,15,0,3,1,0,4
267,3729,4,rail,1,1,0,1,275,360,0,155,40,30,0,55,20,0,5,0,3,1,0,4
267,3730,4,rail,1,1,0,1,250,360,0,120,50,25,0,65,15,0,20,0,2,1,0,4
267,3731,4,rail,1,1,0,1,250,390,0,170,45,20,0,35,25,0,15,0,3,1,0,4
267,3732,4,rail,1,1,0,1,275,360,0,170,40,30,0,35,10,0,15,0,3,1,0,4
267,3733,4,rail,1,1,0,1,390,390,0,120,30,25,0,65,25,0,15,0,1,1,0,4
267,3734,4,rail,1,1,0,1,275,330,0,120,50,25,0,55,25,0,5,0,3,1,0,4
267,3735,4,rail,1,1,0,1,390,420,0,130,35,15,0,55,25,0,15,0,1,1,0,4
267,3736,1,car,1,1,0,1,300,390,0,170,45,25,0,45,10,0,5,0,1,1,0,4
267,3737,1,car,1,1,0,1,345,345,0,140,30,35,0,65,5,0,15,0,1,1,0,4
267,3738,1,car,1,1,0,1,250,300,0,140,40,30,0,75,15,0,20,0,2,1,0,4
268,3739,1,car,1,1,0,1,250,330,0,130,50,30,0,55,15,0,10,0,1,1,0,1
268,3740,4,rail,1,1,0,1,275,360,0,120,50,25,0,65,10,0,10,0,2,1,0,1
268,3741,1,car,1,1,0,1,300,330,0,140,30,35,0,75,15,0,25,0,2,1,0,1
268,3742,2,bus,1,1,0,1,300,390,0,130,40,15,0,75,5,0,10,0,3,1,0,1
268,3743,4,rail,1,1,0,1,300,390,0,120,45,25,0,35,20,0,10,0,2,1,0,1
268,3744,4,rail,1,1,0,1,275,420,0,170,30,20,0,35,20,0,25,0,2,1,0,1
268,3745,4,rail,1,1,0,1,300,420,0,155,40,20,0,65,5,0,20,0,1,1,0,1
268,3746,4,rail,1,1,0,1,345,420,0,170,35,20,0,35,25,0,15,0,1,1,0,1
268,3747,4,rail,1,1,0,1,250,360,0,170,40,30,0,45,25,0,10,0,2,1,0,1
268,3748,1,car,1,1,0,1,345,390,0,155,35,15,0,35,10,0,10,0,1,1,0,1
268,3749,1,car,1,1,0,1,390,390,0,170,35,15,0,35,5,0,25,0,3,1,0,1
268,3750,1,car,1,1,0,1,250,420,0,140,45,15,0,65,20,0,25,0,2,1,0,1
268,3751,4,rail,1,1,0,1,250,390,0,170,40,20,0,35,15,0,25,0,2,1,0,1
268,3752,2,bus,1,1,0,1,300,300,0,170,40,30,0,65,5,0,25,0,2,1,0,1
269,3753,1,car,1,1,1,1,390,390,70,130,30,15,95,75,10,45,15,2,3,0,0,3
269,3754,4,rail,1,1,1,1,345,345,60,120,45,35,95,45,25,50,5,3,1,0,0,3
269,3755,1,car,1,1,1,1,250,390,90,120,45,20,50,75,20,50,5,1,2,0,0,3
269,3756,4,rail,1,1,1,1,300,420,50,130,45,15,110,75,10,45,15,2,3,0,0,3
269,3757,1,car,1,1,1,1,390,420,90,130,30,15,65,65,20,35,20,3,1,0,0,3
269,3758,3,air,1,1,1,1,250,390,80,155,45,15,65,45,10,50,20,3,1,0,0,3
269,3759,3,air,1,1,1,1,250,330,80,155,45,30,50,65,10,45,15,1,3,0,0,3
269,3760,1,car,1,1,1,1,275,390,90,130,40,15,80,65,5,40,20,3,1,0,0,3
269,3761,4,rail,1,1,1,1,275,420,50,155,50,20,80,35,15,50,10,1,3,0,0,3
269,3762,4,rail,1,1,1,1,345,360,50,155,50,30,80,45,20,55,5,2,3,0,0,3
269,3763,4,rail,1,1,1,1,300,390,80,155,30,15,95,45,5,45,25,3,1,0,0,3
269,3764,1,car,1,1,1,1,300,330,90,155,35,30,65,45,15,35,20,3,1,0,0,3
269,3765,4,rail,1,1,1,1,250,360,90,120,50,30,65,55,25,35,25,3,2,0,0,3
269,3766,1,car,1,1,1,1,390,390,70,120,35,35,95,55,20,45,10,1,1,0,0,3
270,3767,4,rail,1,1,0,1,390,390,0,130,35,35,0,75,20,0,25,0,2,1,1,3
270,3768,4,rail,1,1,0,1,300,300,0,170,30,35,0,55,10,0,25,0,2,1,1,3
270,3769,4,rail,1,1,0,1,390,390,0,155,35,35,0,55,5,0,15,0,1,1,1,3
270,3770,1,car,1,1,0,1,300,330,0,120,45,35,0,55,20,0,5,0,3,1,1,3
270,3771,4,rail,1,1,0,1,345,420,0,170,30,15,0,45,15,0,10,0,2,1,1,3
270,3772,4,rail,1,1,0,1,345,420,0,120,30,20,0,75,15,0,10,0,2,1,1,3
270,3773,4,rail,1,1,0,1,250,360,0,120,50,20,0,45,5,0,20,0,2,1,1,3
270,3774,4,rail,1,1,0,1,275,360,0,170,35,30,0,35,15,0,20,0,3,1,1,3
270,3775,4,rail,1,1,0,1,275,420,0,120,50,25,0,45,20,0,15,0,3,1,1,3
270,3776,4,rail,1,1,0,1,275,360,0,120,50,30,0,45,15,0,20,0,2,1,1,3
270,3777,4,rail,1,1,0,1,300,300,0,170,45,30,0,35,10,0,5,0,3,1,1,3
270,3778,4,rail,1,1,0,1,275,360,0,130,50,15,0,65,20,0,15,0,3,1,1,3
270,3779,4,rail,1,1,0,1,345,360,0,140,30,25,0,75,25,0,5,0,2,1,1,3
270,3780,4,rail,1,1,0,1,390,420,0,140,35,20,0,55,5,0,5,0,1,1,1,3
271,3781,4,rail,0,1,1,1,0,390,50,170,0,30,50,35,10,55,5,3,2,0,0,2
271,3782,4,rail,0,1,1,1,0,420,50,140,0,20,80,55,15,55,5,2,1,0,0,2
271,3783,4,rail,0,1,1,1,0,390,70,155,0,20,110,75,5,40,25,1,2,0,0,2
271,3784,2,bus,0,1,1,1,0,330,90,170,0,35,80,35,10,40,25,1,2,0,0,2
271,3785,3,air,0,1,1,1,0,420,90,130,0,20,80,75,25,35,25,2,2,0,0,2
271,3786,4,rail,0,1,1,1,0,300,50,170,0,30,95,35,25,45,10,3,2,0,0,2
271,3787,4,rail,0,1,1,1,0,300,60,120,0,35,110,75,5,40,15,2,3,0,0,2
271,3788,4,rail,0,1,1,1,0,330,70,170,0,20,80,45,10,45,20,1,2,0,0,2
271,3789,4,rail,0,1,1,1,0,420,50,140,0,15,95,55,10,55,10,3,1,0,0,2
271,3790,4,rail,0,1,1,1,0,360,70,140,0,30,110,45,5,40,25,1,3,0,0,2
271,3791,4,rail,0,1,1,1,0,390,80,120,0,25,65,35,25,55,5,3,1,0,0,2
271,3792,4,rail,0,1,1,1,0,390,70,170,0,35,110,35,5,35,25,2,3,0,0,2
271,3793,4,rail,0,1,1,1,0,330,90,140,0,30,65,65,15,45,15,1,2,0,0,2
271,3794,4,rail,0,1,1,1,0,420,80,140,0,25,50,55,15,50,10,1,3,0,0,2
272,3795,4,rail,1,1,1,1,300,330,70,170,40,25,80,35,15,35,25,3,2,0,0,1
272,3796,3,air,1,1,1,1,345,345,90,130,40,30,50,55,15,35,20,2,3,0,0,1
272,3797,1,car,1,1,1,1,390,390,70,140,35,35,95,45,5,45,20,3,1,0,0,1
272,3798,1,car,1,1,1,1,345,390,80,130,35,20,50,65,25,55,5,3,2,0,0,1
272,3799,4,rail,1,1,1,1,275,360,80,140,40,25,80,55,25,40,20,2,1,0,0,1
272,3800,1,car,1,1,1,1,250,420,60,140,50,20,110,55,20,35,25,3,1,0,0,1
272,3801,3,air,1,1,1,1,390,420,50,130,30,20,65,75,20,55,10,1,2,0,0,1
272,3802,4,rail,1,1,1,1,300,300,80,140,35,30,95,45,20,35,20,3,2,0,0,1
272,3803,1,car,1,1,1,1,390,390,50,130,30,20,65,75,10,50,10,2,1,0,0,1
272,3804,2,bus,1,1,1,1,390,390,50,140,35,15,110,75,5,50,20,3,1,0,0,1
272,3805,2,bus,1,1,1,1,275,360,80,155,50,15,110,35,5,35,20,2,1,0,0,1
272,3806,4,rail,1,1,1,1,300,390,50,170,40,20,65,45,20,55,5,2,1,0,0,1
272,3807,2,bus,1,1,1,1,345,345,70,130,45,25,110,45,20,35,10,3,1,0,0,1
272,3808,2,bus,1,1,1,1,275,420,50,120,50,15,50,75,5,55,5,1,3,0,0,1
273,3809,2,bus,0,1,1,1,0,360,90,140,0,20,50,65,10,40,20,2,3,1,0,2
273,3810,4,rail,0,1,1,1,0,360,90,130,0,25,65,55,20,35,20,2,3,1,0,2
273,3811,4,rail,0,1,1,1,0,420,90,140,0,15,50,55,10,35,25,1,3,1,0,2
273,3812,2,bus,0,1,1,1,0,300,70,120,0,35,65,75,20,50,10,1,2,1,0,2
273,3813,3,air,0,1,1,1,0,390,90,140,0,25,50,55,5,50,15,3,1,1,0,2
273,3814,4,rail,0,1,1,1,0,345,90,130,0,35,65,35,10,40,20,3,1,1,0,2
273,3815,2,bus,0,1,1,1,0,345,60,130,0,35,95,75,10,40,15,3,2,1,0,2
273,3816,4,rail,0,1,1,1,0,345,80,120,0,30,110,45,25,40,5,3,1,1,0,2
273,3817,4,rail,0,1,1,1,0,420,60,170,0,15,110,35,20,40,15,2,1,1,0,2
273,3818,3,air,0,1,1,1,0,390,90,155,0,25,50,55,20,40,20,2,1,1,0,2
273,3819,4,rail,0,1,1,1,0,300,60,155,0,35,110,65,5,50,20,1,3,1,0,2
273,3820,4,rail,0,1,1,1,0,360,70,120,0,20,110,75,25,40,15,1,3,1,0,2
273,3821,4,rail,0,1,1,1,0,345,80,155,0,30,50,55,15,50,10,1,2,1,0,2
273,3822,3,air,0,1,1,1,0,300,80,130,0,25,50,75,5,50,15,2,1,1,0,2
274,3823,1,car,1,1,1,1,390,390,50,155,35,20,50,55,15,45,15,2,3,1,0,1
274,3824,4,rail,1,1,1,1,345,390,60,130,40,25,110,45,25,40,10,3,1,1,0,1
274,3825,1,car,1,1,1,1,390,420,60,130,30,20,95,55,25,55,5,2,1,1,0,1
274,3826,1,car,1,1,1,1,345,390,50,140,40,25,80,45,20,50,10,3,2,1,0,1
274,3827,1,car,1,1,1,1,300,420,50,130,50,15,110,75,20,45,10,2,3,1,0,1
274,3828,4,rail,1,1,1,1,345,345,80,120,40,35,80,45,25,45,10,3,1,1,0,1
274,3829,4,rail,1,1,1,1,300,390,60,170,40,25,65,45,20,55,15,3,2,1,0,1
274,3830,4,rail,1,1,1,1,345,360,90,120,45,30,95,45,25,40,10,2,3,1,0,1
274,3831,4,rail,1,1,1,1,275,360,50,155,50,30,50,45,15,50,10,2,1,1,0,1
274,3832,1,car,1,1,1,1,250,360,70,170,35,20,95,45,5,40,25,3,2,1,0,1
274,3833,2,bus,1,1,1,1,390,390,70,120,30,15,110,65,10,40,25,1,3,1,0,1
274,3834,2,bus,1,1,1,1,250,330,70,140,50,15,95,65,10,45,20,3,1,1,0,1
274,3835,1,car,1,1,1,1,390,390,50,140,30,35,65,75,10,55,10,1,3,1,0,1
274,3836,4,rail,1,1,1,1,345,360,90,140,40,25,50,35,20,55,5,2,3,1,0,1
275,3837,4,rail,1,1,0,1,250,300,0,170,45,25,0,35,5,0,25,0,2,0,1,4
275,3838,4,rail,1,1,0,1,390,390,0,130,40,25,0,75,5,0,15,0,1,0,1,4
275,3839,4,rail,1,1,0,1,390,390,0,120,40,20,0,75,5,0,20,0,3,0,1,4
275,3840,4,rail,1,1,0,1,300,360,0,170,40,25,0,35,15,0,5,0,3,0,1,4
275,3841,4,rail,1,1,0,1,345,345,0,155,30,35,0,55,15,0,20,0,3,0,1,4
275,3842,4,rail,1,1,0,1,275,300,0,170,40,30,0,35,5,0,25,0,3,0,1,4
275,3843,1,car,1,1,0,1,345,345,0,130,35,35,0,65,20,0,20,0,3,0,1,4
275,3844,4,rail,1,1,0,1,300,330,0,130,50,30,0,75,15,0,5,0,2,0,1,4
275,3845,4,rail,1,1,0,1,250,360,0,170,30,30,0,55,25,0,20,0,3,0,1,4
275,3846,4,rail,1,1,0,1,345,390,0,170,35,25,0,45,25,0,5,0,2,0,1,4
275,3847,4,rail,1,1,0,1,275,330,0,155,50,30,0,55,20,0,20,0,1,0,1,4
275,3848,4,rail,1,1,0,1,300,330,0,140,45,30,0,45,10,0,10,0,3,0,1,4
275,3849,4,rail,1,1,0,1,345,390,0,140,30,15,0,65,5,0,20,0,3,0,1,4
275,3850,4,rail,1,1,0,1,250,330,0,120,50,30,0,75,25,0,10,0,2,0,1,4
276,3851,1,car,1,1,1,1,250,330,90,140,30,35,80,65,25,35,15,2,1,1,0,2
276,3852,4,rail,1,1,1,1,300,360,70,155,35,25,80,35,25,45,15,1,2,1,0,2
276,3853,4,rail,1,1,1,1,300,390,80,155,35,25,65,45,15,45,15,1,3,1,0,2
276,3854,2,bus,1,1,1,1,250,420,60,140,50,20,95,75,15,45,10,1,3,1,0,2
276,3855,3,air,1,1,1,1,390,420,50,130,30,20,80,65,20,35,25,2,1,1,0,2
276,3856,1,car,1,1,1,1,390,390,70,130,35,35,110,35,25,45,10,3,1,1,0,2
276,3857,3,air,1,1,1,1,300,330,90,120,45,35,50,65,25,55,5,3,1,1,0,2
276,3858,1,car,1,1,1,1,300,330,80,155,40,25,50,35,15,50,5,1,2,1,0,2
276,3859,4,rail,1,1,1,1,390,390,90,120,30,35,80,55,5,45,15,3,1,1,0,2
276,3860,2,bus,1,1,1,1,275,300,80,170,40,35,80,55,10,40,25,1,2,1,0,2
276,3861,3,air,1,1,1,1,345,345,70,170,35,35,50,45,25,55,5,3,2,1,0,2
276,3862,4,rail,1,1,1,1,345,360,50,120,35,35,80,75,15,40,10,3,2,1,0,2
276,3863,2,bus,1,1,1,1,250,300,50,120,50,35,95,65,5,50,10,2,1,1,0,2
276,3864,4,rail,1,1,1,1,345,345,60,155,40,30,65,45,20,55,5,1,2,1,0,2
277,3865,4,rail,1,1,1,1,275,330,80,120,50,35,65,45,20,55,5,3,1,1,1,1
277,3866,4,rail,1,1,1,1,275,330,70,170,45,15,110,55,5,40,25,2,3,1,1,1
277,3867,4,rail,1,1,1,1,275,390,70,155,45,15,80,35,25,55,5,1,1,1,1,1
277,3868,2,bus,1,1,1,1,300,300,60,155,45,15,110,65,10,40,20,2,1,1,1,1
277,3869,4,rail,1,1,1,1,390,390,60,155,35,35,95,65,10,45,15,2,3,1,1,1
277,3870,1,car,1,1,1,1,250,360,60,120,50,25,110,65,15,45,20,3,2,1,1,1
277,3871,3,air,1,1,1,1,250,390,90,170,45,20,50,35,25,35,15,2,3,1,1,1
277,3872,3,air,1,1,1,1,275,360,70,170,40,30,65,35,10,50,15,2,3,1,1,1
277,3873,3,air,1,1,1,1,275,390,90,155,30,25,65,65,15,40,25,1,2,1,1,1
277,3874,3,air,1,1,1,1,390,390,90,120,30,25,65,65,25,35,15,3,1,1,1,1
277,3875,4,rail,1,1,1,1,275,330,70,120,50,25,80,55,25,50,5,1,3,1,1,1
277,3876,4,rail,1,1,1,1,390,420,60,130,35,15,110,55,25,35,15,2,1,1,1,1
277,3877,3,air,1,1,1,1,300,390,50,170,45,25,50,45,10,55,5,2,1,1,1,1
277,3878,4,rail,1,1,1,1,250,300,80,140,40,30,80,75,15,40,20,1,2,1,1,1
278,3879,3,air,1,1,1,0,250,330,80,0,50,30,50,0,15,55,0,2,0,0,1,4
278,3880,1,car,1,1,1,0,275,360,70,0,50,25,65,0,10,50,0,1,0,0,1,4
278,3881,3,air,1,1,1,0,300,330,70,0,30,35,95,0,15,50,0,1,0,0,1,4
278,3882,1,car,1,1,1,0,390,390,80,0,30,30,80,0,10,35,0,1,0,0,1,4
278,3883,3,air,1,1,1,0,300,390,70,0,45,25,95,0,20,50,0,3,0,0,1,4
278,3884,3,air,1,1,1,0,275,420,80,0,30,20,95,0,20,35,0,3,0,0,1,4
278,3885,3,air,1,1,1,0,300,420,50,0,40,20,110,0,5,50,0,2,0,0,1,4
278,3886,3,air,1,1,1,0,250,360,60,0,40,30,95,0,25,45,0,1,0,0,1,4
278,3887,3,air,1,1,1,0,250,420,50,0,40,15,95,0,10,40,0,1,0,0,1,4
278,3888,3,air,1,1,1,0,345,390,90,0,35,15,65,0,10,50,0,3,0,0,1,4
278,3889,3,air,1,1,1,0,390,390,50,0,35,15,95,0,5,40,0,2,0,0,1,4
278,3890,1,car,1,1,1,0,250,420,90,0,45,15,50,0,20,35,0,3,0,0,1,4
278,3891,3,air,1,1,1,0,250,390,90,0,40,20,65,0,15,35,0,3,0,0,1,4
278,3892,1,car,1,1,1,0,300,300,50,0,40,30,65,0,5,50,0,1,0,0,1,4
279,3893,4,rail,1,0,0,1,345,0,0,120,45,0,0,45,0,0,5,0,1,1,0,2
279,3894,1,car,1,0,0,1,250,0,0,120,45,0,0,75,0,0,5,0,2,1,0,2
279,3895,1,car,1,0,0,1,300,0,0,130,45,0,0,75,0,0,15,0,3,1,0,2
279,3896,1,car,1,0,0,1,390,0,0,130,30,0,0,65,0,0,20,0,1,1,0,2
279,3897,1,car,1,0,0,1,250,0,0,155,45,0,0,45,0,0,20,0,1,1,0,2
279,3898,1,car,1,0,0,1,390,0,0,155,40,0,0,65,0,0,25,0,1,1,0,2
279,3899,1,car,1,0,0,1,250,0,0,155,45,0,0,65,0,0,15,0,3,1,0,2
279,3900,1,car,1,0,0,1,275,0,0,130,40,0,0,65,0,0,20,0,1,1,0,2
279,3901,4,rail,1,0,0,1,275,0,0,155,50,0,0,35,0,0,10,0,3,1,0,2
279,3902,4,rail,1,0,0,1,345,0,0,155,50,0,0,45,0,0,5,0,3,1,0,2
279,3903,1,car,1,0,0,1,390,0,0,120,35,0,0,75,0,0,15,0,2,1,0,2
279,3904,1,car,1,0,0,1,300,0,0,155,30,0,0,45,0,0,25,0,1,1,0,2
279,3905,4,rail,1,0,0,1,250,0,0,120,50,0,0,55,0,0,25,0,2,1,0,2
279,3906,4,rail,1,0,0,1,390,0,0,120,35,0,0,55,0,0,10,0,1,1,0,2
280,3907,3,air,1,1,1,0,390,390,90,0,35,35,50,0,20,35,0,1,0,1,0,4
280,3908,1,car,1,1,1,0,300,300,80,0,30,35,110,0,10,40,0,3,0,1,0,4
280,3909,3,air,1,1,1,0,345,345,90,0,45,25,50,0,10,55,0,2,0,1,0,4
280,3910,3,air,1,1,1,0,390,390,50,0,35,35,80,0,5,55,0,2,0,1,0,4
280,3911,1,car,1,1,1,0,300,330,80,0,45,35,95,0,20,45,0,1,0,1,0,4
280,3912,1,car,1,1,1,0,345,420,60,0,30,15,65,0,15,55,0,1,0,1,0,4
280,3913,1,car,1,1,1,0,345,420,80,0,30,20,80,0,15,50,0,1,0,1,0,4
280,3914,1,car,1,1,1,0,275,360,90,0,35,30,80,0,15,35,0,2,0,1,0,4
280,3915,1,car,1,1,1,0,275,420,70,0,50,25,95,0,20,50,0,1,0,1,0,4
280,3916,3,air,1,1,1,0,275,360,80,0,50,30,95,0,15,35,0,1,0,1,0,4
280,3917,3,air,1,1,1,0,300,300,80,0,45,30,50,0,10,55,0,2,0,1,0,4
280,3918,1,car,1,1,1,0,275,360,50,0,50,15,110,0,20,45,0,2,0,1,0,4
280,3919,3,air,1,1,1,0,250,420,60,0,50,20,65,0,20,50,0,1,0,1,0,4
280,3920,1,car,1,1,1,0,390,420,60,0,35,20,50,0,5,55,0,3,0,1,0,4
281,3921,4,rail,1,1,0,1,390,390,0,170,40,30,0,35,10,0,5,0,2,0,1,3
281,3922,4,rail,1,1,0,1,390,420,0,140,30,20,0,55,15,0,5,0,1,0,1,3
281,3923,1,car,1,1,0,1,250,420,0,120,50,15,0,75,25,0,5,0,3,0,1,3
281,3924,4,rail,1,1,0,1,250,330,0,170,40,35,0,35,10,0,25,0,2,0,1,3
281,3925,4,rail,1,1,0,1,275,420,0,130,30,20,0,75,25,0,25,0,2,0,1,3
281,3926,4,rail,1,1,0,1,275,300,0,170,45,30,0,35,25,0,10,0,2,0,1,3
281,3927,4,rail,1,1,0,1,275,300,0,120,50,35,0,75,5,0,15,0,3,0,1,3
281,3928,1,car,1,1,0,1,250,330,0,170,45,20,0,45,10,0,20,0,2,0,1,3
281,3929,1,car,1,1,0,1,345,360,0,140,35,30,0,45,5,0,25,0,3,0,1,3
281,3930,4,rail,1,1,0,1,345,390,0,120,45,25,0,35,25,0,5,0,1,0,1,3
281,3931,4,rail,1,1,0,1,250,390,0,130,50,20,0,75,15,0,15,0,3,0,1,3
281,3932,4,rail,1,1,0,1,390,390,0,170,30,35,0,35,5,0,25,0,3,0,1,3
281,3933,4,rail,1,1,0,1,275,330,0,140,45,30,0,65,15,0,15,0,2,0,1,3
281,3934,4,rail,1,1,0,1,300,420,0,140,45,25,0,55,15,0,10,0,3,0,1,3
282,3935,3,air,1,1,1,1,300,330,70,170,40,25,80,35,15,35,25,3,2,1,1,4
282,3936,1,car,1,1,1,1,345,345,90,130,40,30,50,55,15,35,20,2,3,1,1,4
282,3937,3,air,1,1,1,1,390,390,70,140,35,35,95,45,5,45,20,3,1,1,1,4
282,3938,3,air,1,1,1,1,345,390,80,130,35,20,50,65,25,55,5,3,2,1,1,4
282,3939,4,rail,1,1,1,1,275,360,80,140,40,25,80,55,25,40,20,2,1,1,1,4
282,3940,1,car,1,1,1,1,250,420,60,140,50,20,110,55,20,35,25,3,1,1,1,4
282,3941,3,air,1,1,1,1,390,420,50,130,30,20,65,75,20,55,10,1,2,1,1,4
282,3942,4,rail,1,1,1,1,250,420,80,155,35,20,80,55,15,45,20,1,2,1,1,4
282,3943,4,rail,1,1,1,1,300,300,80,140,35,30,95,45,20,35,20,3,2,1,1,4
282,3944,3,air,1,1,1,1,390,390,50,130,30,20,65,75,10,50,10,2,1,1,1,4
282,3945,4,rail,1,1,1,1,390,390,50,140,35,15,110,75,5,50,20,3,1,1,1,4
282,3946,1,car,1,1,1,1,275,360,80,155,50,15,110,35,5,35,20,2,1,1,1,4
282,3947,3,air,1,1,1,1,300,390,50,170,40,20,65,45,20,55,5,2,1,1,1,4
282,3948,3,air,1,1,1,1,275,420,50,120,50,15,50,75,5,55,5,1,3,1,1,4
283,3949,3,air,1,1,1,1,250,360,90,140,45,20,50,65,10,40,20,2,3,0,0,3
283,3950,3,air,1,1,1,1,345,360,60,140,35,30,50,55,25,55,5,2,3,0,0,3
283,3951,1,car,1,1,1,1,275,360,90,130,45,25,65,55,20,35,20,2,3,0,0,3
283,3952,1,car,1,1,1,1,300,420,90,140,40,15,50,55,10,35,25,1,3,0,0,3
283,3953,1,car,1,1,1,1,250,300,70,120,45,35,65,75,20,50,10,1,2,0,0,3
283,3954,3,air,1,1,1,1,390,390,90,140,30,25,50,55,5,50,15,3,1,0,0,3
283,3955,3,air,1,1,1,1,345,345,60,130,35,35,95,75,10,40,15,3,2,0,0,3
283,3956,4,rail,1,1,1,1,345,345,80,120,45,30,110,45,25,40,5,3,1,0,0,3
283,3957,4,rail,1,1,1,1,345,420,60,170,30,15,110,35,20,40,15,2,1,0,0,3
283,3958,1,car,1,1,1,1,250,390,90,155,45,25,50,55,20,40,20,2,1,0,0,3
283,3959,4,rail,1,1,1,1,300,300,60,155,45,35,110,65,5,50,20,1,3,0,0,3
283,3960,1,car,1,1,1,1,275,360,70,120,50,20,110,75,25,40,15,1,3,0,0,3
283,3961,4,rail,1,1,1,1,345,345,80,155,30,30,50,55,15,50,10,1,2,0,0,3
283,3962,3,air,1,1,1,1,300,300,80,130,50,25,50,75,5,50,15,2,1,0,0,3
284,3963,2,bus,0,1,1,1,0,390,50,155,0,20,50,55,15,45,15,2,3,1,0,3
284,3964,4,rail,0,1,1,1,0,390,60,130,0,25,110,45,25,40,10,3,1,1,0,3
284,3965,4,rail,0,1,1,1,0,390,50,140,0,25,80,45,20,50,10,3,2,1,0,3
284,3966,4,rail,0,1,1,1,0,420,50,130,0,15,110,75,20,45,10,2,3,1,0,3
284,3967,4,rail,0,1,1,1,0,420,60,140,0,15,110,65,5,40,25,2,1,1,0,3
284,3968,3,air,0,1,1,1,0,345,80,120,0,35,80,45,25,45,10,3,1,1,0,3
284,3969,4,rail,0,1,1,1,0,390,60,170,0,25,65,45,20,55,15,3,2,1,0,3
284,3970,3,air,0,1,1,1,0,390,60,140,0,15,50,65,10,55,5,3,1,1,0,3
284,3971,4,rail,0,1,1,1,0,360,90,120,0,30,95,45,25,40,10,2,3,1,0,3
284,3972,3,air,0,1,1,1,0,360,50,155,0,30,50,45,15,50,10,2,1,1,0,3
284,3973,4,rail,0,1,1,1,0,360,70,170,0,20,95,45,5,40,25,3,2,1,0,3
284,3974,4,rail,0,1,1,1,0,390,70,120,0,15,110,65,10,40,25,1,3,1,0,3
284,3975,2,bus,0,1,1,1,0,330,70,140,0,15,95,65,10,45,20,3,1,1,0,3
284,3976,4,rail,0,1,1,1,0,390,50,140,0,35,65,75,10,55,10,1,3,1,0,3
285,3977,4,rail,1,1,1,1,250,300,70,170,45,25,80,35,5,35,25,3,2,0,1,3
285,3978,4,rail,1,1,1,1,275,390,70,140,50,25,80,35,20,40,15,1,3,0,1,3
285,3979,4,rail,1,1,1,1,390,390,60,120,40,20,110,75,5,45,20,1,3,0,1,3
285,3980,3,air,1,1,1,1,300,360,80,170,40,25,50,35,15,55,5,2,3,0,1,3
285,3981,3,air,1,1,1,1,345,345,70,155,30,35,95,55,15,40,20,1,3,0,1,3
285,3982,3,air,1,1,1,1,275,300,70,170,40,30,65,35,5,45,25,1,3,0,1,3
285,3983,3,air,1,1,1,1,345,345,90,130,35,35,50,65,20,35,20,2,3,0,1,3
285,3984,1,car,1,1,1,1,300,330,50,130,50,30,65,75,15,55,5,3,2,0,1,3
285,3985,1,car,1,1,1,1,250,360,60,170,30,30,95,55,25,45,20,1,3,0,1,3
285,3986,3,air,1,1,1,1,275,330,80,155,50,30,65,55,20,35,20,2,1,0,1,3
285,3987,1,car,1,1,1,1,300,330,60,140,45,30,80,45,10,55,10,1,3,0,1,3
285,3988,3,air,1,1,1,1,345,390,70,140,30,15,95,65,5,45,20,1,3,0,1,3
285,3989,1,car,1,1,1,1,250,330,60,120,50,30,110,75,25,45,10,3,2,0,1,3
285,3990,3,air,1,1,1,1,300,420,90,170,35,20,65,35,15,35,25,3,2,0,1,3
286,3991,4,rail,0,1,0,1,0,360,0,155,0,25,0,35,25,0,15,0,2,0,0,1
286,3992,4,rail,0,1,0,1,0,390,0,155,0,25,0,45,15,0,15,0,3,0,0,1
286,3993,2,bus,0,1,0,1,0,420,0,140,0,20,0,75,15,0,10,0,3,0,0,1
286,3994,2,bus,0,1,0,1,0,390,0,140,0,15,0,65,5,0,20,0,3,0,0,1
286,3995,4,rail,0,1,0,1,0,420,0,130,0,20,0,65,20,0,25,0,1,0,0,1
286,3996,4,rail,0,1,0,1,0,390,0,130,0,35,0,35,25,0,10,0,1,0,0,1
286,3997,4,rail,0,1,0,1,0,330,0,120,0,35,0,65,25,0,5,0,1,0,0,1
286,3998,4,rail,0,1,0,1,0,330,0,155,0,25,0,35,15,0,5,0,2,0,0,1
286,3999,4,rail,0,1,0,1,0,390,0,120,0,35,0,55,5,0,15,0,1,0,0,1
286,4000,2,bus,0,1,0,1,0,300,0,170,0,35,0,55,10,0,25,0,2,0,0,1
286,4001,4,rail,0,1,0,1,0,345,0,170,0,35,0,45,25,0,5,0,2,0,0,1
286,4002,4,rail,0,1,0,1,0,390,0,155,0,25,0,55,15,0,15,0,2,0,0,1
286,4003,2,bus,0,1,0,1,0,360,0,120,0,35,0,75,15,0,10,0,2,0,0,1
286,4004,4,rail,0,1,0,1,0,345,0,155,0,30,0,45,20,0,5,0,2,0,0,1
287,4005,4,rail,1,1,1,1,275,330,80,120,50,35,65,45,20,55,5,3,1,1,0,3
287,4006,1,car,1,1,1,1,275,330,70,170,45,15,110,55,5,40,25,2,3,1,0,3
287,4007,2,bus,1,1,1,1,300,300,60,155,45,15,110,65,10,40,20,2,1,1,0,3
287,4008,1,car,1,1,1,1,390,390,60,155,35,35,95,65,10,45,15,2,3,1,0,3
287,4009,1,car,1,1,1,1,275,360,50,155,40,30,80,55,20,50,5,1,3,1,0,3
287,4010,4,rail,1,1,1,1,250,360,60,120,50,25,110,65,15,45,20,3,2,1,0,3
287,4011,4,rail,1,1,1,1,250,390,90,170,45,20,50,35,25,35,15,2,3,1,0,3
287,4012,1,car,1,1,1,1,275,390,90,155,30,25,65,65,15,40,25,1,2,1,0,3
287,4013,4,rail,1,1,1,1,390,390,90,120,30,25,65,65,25,35,15,3,1,1,0,3
287,4014,1,car,1,1,1,1,275,330,70,120,50,25,80,55,25,50,5,1,3,1,0,3
287,4015,1,car,1,1,1,1,390,420,60,130,35,15,110,55,25,35,15,2,1,1,0,3
287,4016,1,car,1,1,1,1,300,390,50,170,45,25,50,45,10,55,5,2,1,1,0,3
287,4017,1,car,1,1,1,1,345,345,50,140,30,35,110,65,5,45,15,2,1,1,0,3
287,4018,1,car,1,1,1,1,250,300,80,140,40,30,80,75,15,40,20,1,2,1,0,3
288,4019,4,rail,0,1,0,1,0,330,0,130,0,30,0,55,15,0,10,0,1,0,0,4
288,4020,4,rail,0,1,0,1,0,360,0,120,0,25,0,65,10,0,10,0,2,0,0,4
288,4021,4,rail,0,1,0,1,0,330,0,140,0,35,0,75,15,0,25,0,2,0,0,4
288,4022,4,rail,0,1,0,1,0,390,0,130,0,30,0,65,10,0,25,0,3,0,0,4
288,4023,4,rail,0,1,0,1,0,390,0,130,0,15,0,75,5,0,10,0,3,0,0,4
288,4024,4,rail,0,1,0,1,0,390,0,120,0,25,0,35,20,0,10,0,2,0,0,4
288,4025,4,rail,0,1,0,1,0,420,0,170,0,20,0,35,20,0,25,0,2,0,0,4
288,4026,4,rail,0,1,0,1,0,420,0,170,0,20,0,35,25,0,15,0,1,0,0,4
288,4027,4,rail,0,1,0,1,0,360,0,170,0,30,0,45,25,0,10,0,2,0,0,4
288,4028,4,rail,0,1,0,1,0,420,0,155,0,15,0,75,10,0,25,0,2,0,0,4
288,4029,4,rail,0,1,0,1,0,390,0,155,0,15,0,35,10,0,10,0,1,0,0,4
288,4030,4,rail,0,1,0,1,0,420,0,140,0,15,0,65,20,0,25,0,2,0,0,4
288,4031,4,rail,0,1,0,1,0,390,0,170,0,20,0,35,15,0,25,0,2,0,0,4
288,4032,4,rail,0,1,0,1,0,300,0,170,0,30,0,65,5,0,25,0,2,0,0,4
289,4033,3,air,1,0,1,1,390,0,70,130,30,0,95,75,0,45,15,2,3,1,1,2
289,4034,4,rail,1,0,1,1,345,0,60,120,45,0,95,45,0,50,5,3,1,1,1,2
289,4035,3,air,1,0,1,1,300,0,50,130,45,0,110,75,0,45,15,2,3,1,1,2
289,4036,3,air,1,0,1,1,390,0,90,130,30,0,65,65,0,35,20,3,1,1,1,2
289,4037,3,air,1,0,1,1,250,0,80,155,45,0,65,45,0,50,20,3,1,1,1,2
289,4038,3,air,1,0,1,1,390,0,60,155,40,0,110,65,0,35,25,2,1,1,1,2
289,4039,3,air,1,0,1,1,250,0,80,155,45,0,50,65,0,45,15,1,3,1,1,2
289,4040,1,car,1,0,1,1,275,0,90,130,40,0,80,65,0,40,20,3,1,1,1,2
289,4041,4,rail,1,0,1,1,275,0,50,155,50,0,80,35,0,50,10,1,3,1,1,2
289,4042,4,rail,1,0,1,1,390,0,50,120,35,0,95,75,0,35,15,1,2,1,1,2
289,4043,4,rail,1,0,1,1,300,0,80,155,30,0,95,45,0,45,25,3,1,1,1,2
289,4044,1,car,1,0,1,1,300,0,90,155,35,0,65,45,0,35,20,3,1,1,1,2
289,4045,4,rail,1,0,1,1,250,0,90,120,50,0,65,55,0,35,25,3,2,1,1,2
289,4046,4,rail,1,0,1,1,390,0,70,120,35,0,95,55,0,45,10,1,1,1,1,2
290,4047,4,rail,0,1,1,1,0,390,90,130,0,35,50,75,20,35,25,1,2,0,1,2
290,4048,4,rail,0,1,1,1,0,300,80,170,0,35,110,55,10,40,25,3,2,0,1,2
290,4049,4,rail,0,1,1,1,0,345,90,130,0,25,50,35,10,55,5,2,3,0,1,2
290,4050,3,air,0,1,1,1,0,390,50,155,0,35,80,55,5,55,15,2,1,0,1,2
290,4051,4,rail,0,1,1,1,0,420,60,170,0,15,65,45,15,55,10,1,2,0,1,2
290,4052,4,rail,0,1,1,1,0,420,80,120,0,20,80,75,15,50,10,1,2,0,1,2
290,4053,4,rail,0,1,1,1,0,360,80,120,0,20,80,45,5,40,20,3,2,0,1,2
290,4054,3,air,0,1,1,1,0,360,90,170,0,30,80,35,15,35,20,2,3,0,1,2
290,4055,4,rail,0,1,1,1,0,420,70,120,0,25,95,45,20,50,15,1,3,0,1,2
290,4056,4,rail,0,1,1,1,0,360,80,120,0,30,95,45,15,35,20,1,2,0,1,2
290,4057,3,air,0,1,1,1,0,300,80,170,0,30,50,35,10,55,5,2,3,0,1,2
290,4058,3,air,0,1,1,1,0,360,50,130,0,15,110,65,20,45,15,2,3,0,1,2
290,4059,3,air,0,1,1,1,0,420,60,130,0,20,65,65,20,50,10,1,2,0,1,2
290,4060,4,rail,0,1,1,1,0,420,60,140,0,20,50,55,5,55,5,3,1,0,1,2
291,4061,4,rail,1,1,1,1,390,390,50,170,40,30,50,35,10,55,5,3,2,1,1,2
291,4062,4,rail,1,1,1,1,390,420,50,140,30,20,80,55,15,55,5,2,1,1,1,2
291,4063,3,air,1,1,1,1,250,420,90,120,50,15,65,75,25,45,5,1,3,1,1,2
291,4064,4,rail,1,1,1,1,300,390,70,155,30,20,110,75,5,40,25,1,2,1,1,2
291,4065,4,rail,1,1,1,1,250,330,90,170,40,35,80,35,10,40,25,1,2,1,1,2
291,4066,4,rail,1,1,1,1,275,300,50,170,45,30,95,35,25,45,10,3,2,1,1,2
291,4067,4,rail,1,1,1,1,275,300,60,120,50,35,110,75,5,40,15,2,3,1,1,2
291,4068,3,air,1,1,1,1,250,330,70,170,45,20,80,45,10,45,20,1,2,1,1,2
291,4069,3,air,1,1,1,1,390,420,50,140,35,15,95,55,10,55,10,3,1,1,1,2
291,4070,4,rail,1,1,1,1,345,360,70,140,35,30,110,45,5,40,25,1,3,1,1,2
291,4071,4,rail,1,1,1,1,345,390,80,120,45,25,65,35,25,55,5,3,1,1,1,2
291,4072,3,air,1,1,1,1,250,390,60,130,50,20,80,75,15,55,15,1,3,1,1,2
291,4073,4,rail,1,1,1,1,390,390,70,170,30,35,110,35,5,35,25,2,3,1,1,2
291,4074,4,rail,1,1,1,1,300,420,80,140,45,25,50,55,15,50,10,1,3,1,1,2
292,4075,3,air,1,1,1,0,345,345,90,0,40,30,50,0,15,35,0,2,0,0,1,2
292,4076,3,air,1,1,1,0,390,390,70,0,35,35,95,0,5,45,0,3,0,0,1,2
292,4077,3,air,1,1,1,0,345,390,80,0,35,20,50,0,25,55,0,3,0,0,1,2
292,4078,3,air,1,1,1,0,275,360,80,0,40,25,80,0,25,40,0,2,0,0,1,2
292,4079,1,car,1,1,1,0,275,420,80,0,45,20,80,0,15,40,0,2,0,0,1,2
292,4080,3,air,1,1,1,0,250,420,60,0,50,20,110,0,20,35,0,3,0,0,1,2
292,4081,3,air,1,1,1,0,390,420,50,0,30,20,65,0,20,55,0,1,0,0,1,2
292,4082,1,car,1,1,1,0,300,300,80,0,35,30,95,0,20,35,0,3,0,0,1,2
292,4083,1,car,1,1,1,0,390,390,50,0,30,20,65,0,10,50,0,2,0,0,1,2
292,4084,3,air,1,1,1,0,390,390,50,0,35,15,110,0,5,50,0,3,0,0,1,2
292,4085,3,air,1,1,1,0,275,360,80,0,50,15,110,0,5,35,0,2,0,0,1,2
292,4086,3,air,1,1,1,0,300,390,50,0,40,20,65,0,20,55,0,2,0,0,1,2
292,4087,3,air,1,1,1,0,345,345,70,0,45,25,110,0,20,35,0,3,0,0,1,2
292,4088,3,air,1,1,1,0,275,420,50,0,50,15,50,0,5,55,0,1,0,0,1,2
293,4089,3,air,1,1,1,0,250,360,90,0,45,20,50,0,10,40,0,2,0,1,0,3
293,4090,2,bus,1,1,1,0,345,360,60,0,35,30,50,0,25,55,0,2,0,1,0,3
293,4091,1,car,1,1,1,0,300,420,90,0,40,15,50,0,10,35,0,1,0,1,0,3
293,4092,1,car,1,1,1,0,250,300,70,0,45,35,65,0,20,50,0,1,0,1,0,3
293,4093,2,bus,1,1,1,0,390,390,90,0,30,25,50,0,5,50,0,3,0,1,0,3
293,4094,2,bus,1,1,1,0,345,345,90,0,40,35,65,0,10,40,0,3,0,1,0,3
293,4095,1,car,1,1,1,0,345,345,60,0,35,35,95,0,10,40,0,3,0,1,0,3
293,4096,1,car,1,1,1,0,345,345,80,0,45,30,110,0,25,40,0,3,0,1,0,3
293,4097,3,air,1,1,1,0,345,420,60,0,30,15,110,0,20,40,0,2,0,1,0,3
293,4098,3,air,1,1,1,0,250,390,90,0,45,25,50,0,20,40,0,2,0,1,0,3
293,4099,1,car,1,1,1,0,250,300,80,0,40,35,95,0,10,40,0,3,0,1,0,3
293,4100,2,bus,1,1,1,0,275,360,70,0,50,20,110,0,25,40,0,1,0,1,0,3
293,4101,3,air,1,1,1,0,345,345,80,0,30,30,50,0,15,50,0,1,0,1,0,3
293,4102,3,air,1,1,1,0,300,300,80,0,50,25,50,0,5,50,0,2,0,1,0,3
294,4103,4,rail,0,1,0,1,0,390,0,155,0,20,0,55,15,0,15,0,3,0,1,3
294,4104,4,rail,0,1,0,1,0,390,0,130,0,25,0,45,25,0,10,0,1,0,1,3
294,4105,4,rail,0,1,0,1,0,390,0,140,0,25,0,45,20,0,10,0,2,0,1,3
294,4106,4,rail,0,1,0,1,0,420,0,130,0,15,0,75,20,0,10,0,3,0,1,3
294,4107,4,rail,0,1,0,1,0,420,0,140,0,15,0,65,5,0,25,0,1,0,1,3
294,4108,4,rail,0,1,0,1,0,345,0,120,0,35,0,45,25,0,10,0,1,0,1,3
294,4109,4,rail,0,1,0,1,0,390,0,170,0,25,0,45,20,0,15,0,2,0,1,3
294,4110,4,rail,0,1,0,1,0,390,0,140,0,15,0,65,10,0,5,0,1,0,1,3
294,4111,4,rail,0,1,0,1,0,360,0,120,0,30,0,45,25,0,10,0,3,0,1,3
294,4112,4,rail,0,1,0,1,0,360,0,155,0,30,0,45,15,0,10,0,1,0,1,3
294,4113,4,rail,0,1,0,1,0,360,0,170,0,20,0,45,5,0,25,0,2,0,1,3
294,4114,4,rail,0,1,0,1,0,390,0,120,0,15,0,65,10,0,25,0,3,0,1,3
294,4115,4,rail,0,1,0,1,0,330,0,140,0,15,0,65,10,0,20,0,1,0,1,3
294,4116,4,rail,0,1,0,1,0,390,0,140,0,35,0,75,10,0,10,0,3,0,1,3
295,4117,4,rail,1,1,0,1,275,390,0,140,50,25,0,35,20,0,15,0,3,1,1,3
295,4118,4,rail,1,1,0,1,390,390,0,130,40,25,0,75,5,0,15,0,1,1,1,3
295,4119,4,rail,1,1,0,1,390,390,0,120,40,20,0,75,5,0,20,0,3,1,1,3
295,4120,4,rail,1,1,0,1,300,360,0,170,40,25,0,35,15,0,5,0,3,1,1,3
295,4121,4,rail,1,1,0,1,345,345,0,155,30,35,0,55,15,0,20,0,3,1,1,3
295,4122,1,car,1,1,0,1,275,300,0,170,40,30,0,35,5,0,25,0,3,1,1,3
295,4123,4,rail,1,1,0,1,345,345,0,130,35,35,0,65,20,0,20,0,3,1,1,3
295,4124,4,rail,1,1,0,1,300,330,0,130,50,30,0,75,15,0,5,0,2,1,1,3
295,4125,4,rail,1,1,0,1,250,360,0,170,30,30,0,55,25,0,20,0,3,1,1,3
295,4126,4,rail,1,1,0,1,345,390,0,170,35,25,0,45,25,0,5,0,2,1,1,3
295,4127,4,rail,1,1,0,1,300,330,0,140,45,30,0,45,10,0,10,0,3,1,1,3
295,4128,4,rail,1,1,0,1,345,390,0,140,30,15,0,65,5,0,20,0,3,1,1,3
295,4129,1,car,1,1,0,1,250,330,0,120,50,30,0,75,25,0,10,0,2,1,1,3
295,4130,4,rail,1,1,0,1,300,420,0,170,35,20,0,35,15,0,25,0,2,1,1,3
296,4131,1,car,1,1,0,1,250,330,0,140,30,35,0,65,25,0,15,0,1,1,1,4
296,4132,4,rail,1,1,0,1,300,360,0,155,35,25,0,35,25,0,15,0,2,1,1,4
296,4133,4,rail,1,1,0,1,300,390,0,155,35,25,0,45,15,0,15,0,3,1,1,4
296,4134,4,rail,1,1,0,1,275,390,0,140,35,15,0,65,5,0,20,0,3,1,1,4
296,4135,4,rail,1,1,0,1,390,420,0,130,30,20,0,65,20,0,25,0,1,1,1,4
296,4136,4,rail,1,1,0,1,390,390,0,130,35,35,0,35,25,0,10,0,1,1,1,4
296,4137,4,rail,1,1,0,1,300,330,0,120,45,35,0,65,25,0,5,0,1,1,1,4
296,4138,4,rail,1,1,0,1,300,330,0,155,40,25,0,35,15,0,5,0,2,1,1,4
296,4139,4,rail,1,1,0,1,390,390,0,120,30,35,0,55,5,0,15,0,1,1,1,4
296,4140,4,rail,1,1,0,1,275,300,0,170,40,35,0,55,10,0,25,0,2,1,1,4
296,4141,4,rail,1,1,0,1,275,390,0,155,50,25,0,55,15,0,15,0,2,1,1,4
296,4142,4,rail,1,1,0,1,345,360,0,120,35,35,0,75,15,0,10,0,2,1,1,4
296,4143,1,car,1,1,0,1,250,300,0,120,50,35,0,65,5,0,10,0,1,1,1,4
296,4144,4,rail,1,1,0,1,345,345,0,155,40,30,0,45,20,0,5,0,2,1,1,4
297,4145,2,bus,0,1,0,1,0,330,0,170,0,15,0,55,5,0,25,0,3,0,0,3
297,4146,4,rail,0,1,0,1,0,390,0,155,0,15,0,35,25,0,5,0,1,0,0,3
297,4147,2,bus,0,1,0,1,0,300,0,155,0,15,0,65,10,0,20,0,1,0,0,3
297,4148,4,rail,0,1,0,1,0,390,0,155,0,35,0,65,10,0,15,0,3,0,0,3
297,4149,4,rail,0,1,0,1,0,360,0,155,0,30,0,55,20,0,5,0,3,0,0,3
297,4150,4,rail,0,1,0,1,0,360,0,120,0,25,0,65,15,0,20,0,2,0,0,3
297,4151,4,rail,0,1,0,1,0,390,0,170,0,20,0,35,25,0,15,0,3,0,0,3
297,4152,4,rail,0,1,0,1,0,360,0,170,0,30,0,35,10,0,15,0,3,0,0,3
297,4153,4,rail,0,1,0,1,0,390,0,155,0,25,0,65,15,0,25,0,2,0,0,3
297,4154,4,rail,0,1,0,1,0,390,0,120,0,25,0,65,25,0,15,0,1,0,0,3
297,4155,4,rail,0,1,0,1,0,330,0,120,0,25,0,55,25,0,5,0,3,0,0,3
297,4156,4,rail,0,1,0,1,0,420,0,130,0,15,0,55,25,0,15,0,1,0,0,3
297,4157,4,rail,0,1,0,1,0,390,0,170,0,25,0,45,10,0,5,0,1,0,0,3
297,4158,4,rail,0,1,0,1,0,300,0,140,0,30,0,75,15,0,20,0,2,0,0,3
298,4159,4,rail,0,1,0,1,0,330,0,130,0,30,0,55,15,0,10,0,1,1,0,3
298,4160,2,bus,0,1,0,1,0,360,0,120,0,25,0,65,10,0,10,0,2,1,0,3
298,4161,2,bus,0,1,0,1,0,330,0,140,0,35,0,75,15,0,25,0,2,1,0,3
298,4162,4,rail,0,1,0,1,0,390,0,130,0,30,0,65,10,0,25,0,3,1,0,3
298,4163,4,rail,0,1,0,1,0,390,0,120,0,25,0,35,20,0,10,0,2,1,0,3
298,4164,4,rail,0,1,0,1,0,420,0,170,0,20,0,35,20,0,25,0,2,1,0,3
298,4165,4,rail,0,1,0,1,0,420,0,155,0,20,0,65,5,0,20,0,1,1,0,3
298,4166,4,rail,0,1,0,1,0,420,0,170,0,20,0,35,25,0,15,0,1,1,0,3
298,4167,4,rail,0,1,0,1,0,420,0,155,0,15,0,75,10,0,25,0,2,1,0,3
298,4168,4,rail,0,1,0,1,0,390,0,155,0,15,0,35,10,0,10,0,1,1,0,3
298,4169,4,rail,0,1,0,1,0,390,0,170,0,15,0,35,5,0,25,0,3,1,0,3
298,4170,4,rail,0,1,0,1,0,420,0,140,0,15,0,65,20,0,25,0,2,1,0,3
298,4171,4,rail,0,1,0,1,0,390,0,170,0,20,0,35,15,0,25,0,2,1,0,3
298,4172,2,bus,0,1,0,1,0,300,0,170,0,30,0,65,5,0,25,0,2,1,0,3
299,4173,1,car,1,1,0,0,390,390,0,0,30,15,0,0,10,0,0,0,0,1,1,2
299,4174,1,car,1,1,0,0,345,345,0,0,45,35,0,0,25,0,0,0,0,1,1,2
299,4175,1,car,1,1,0,0,250,390,0,0,45,20,0,0,20,0,0,0,0,1,1,2
299,4176,1,car,1,1,0,0,300,420,0,0,45,15,0,0,10,0,0,0,0,1,1,2
299,4177,1,car,1,1,0,0,390,420,0,0,30,15,0,0,20,0,0,0,0,1,1,2
299,4178,1,car,1,1,0,0,390,390,0,0,40,15,0,0,10,0,0,0,0,1,1,2
299,4179,2,bus,1,1,0,0,250,330,0,0,45,30,0,0,10,0,0,0,0,1,1,2
299,4180,1,car,1,1,0,0,275,390,0,0,40,15,0,0,5,0,0,0,0,1,1,2
299,4181,1,car,1,1,0,0,275,420,0,0,50,20,0,0,15,0,0,0,0,1,1,2
299,4182,1,car,1,1,0,0,345,360,0,0,50,30,0,0,20,0,0,0,0,1,1,2
299,4183,1,car,1,1,0,0,300,390,0,0,30,15,0,0,5,0,0,0,0,1,1,2
299,4184,1,car,1,1,0,0,300,330,0,0,35,30,0,0,15,0,0,0,0,1,1,2
299,4185,1,car,1,1,0,0,250,360,0,0,50,30,0,0,25,0,0,0,0,1,1,2
299,4186,1,car,1,1,0,0,390,390,0,0,35,35,0,0,20,0,0,0,0,1,1,2
300,4187,3,air,0,1,1,1,0,390,90,130,0,35,50,75,20,35,25,1,2,0,0,1
300,4188,4,rail,0,1,1,1,0,300,80,170,0,35,110,55,10,40,25,3,2,0,0,1
300,4189,4,rail,0,1,1,1,0,345,90,130,0,25,50,35,10,55,5,2,3,0,0,1
300,4190,3,air,0,1,1,1,0,390,50,155,0,35,80,55,5,55,15,2,1,0,0,1
300,4191,4,rail,0,1,1,1,0,330,80,120,0,35,95,55,20,45,5,1,3,0,0,1
300,4192,4,rail,0,1,1,1,0,420,80,120,0,20,80,75,15,50,10,1,2,0,0,1
300,4193,4,rail,0,1,1,1,0,360,80,120,0,20,80,45,5,40,20,3,2,0,0,1
300,4194,4,rail,0,1,1,1,0,360,90,170,0,30,80,35,15,35,20,2,3,0,0,1
300,4195,4,rail,0,1,1,1,0,420,70,120,0,25,95,45,20,50,15,1,3,0,0,1
300,4196,4,rail,0,1,1,1,0,360,80,120,0,30,95,45,15,35,20,1,2,0,0,1
300,4197,4,rail,0,1,1,1,0,300,80,170,0,30,50,35,10,55,5,2,3,0,0,1
300,4198,4,rail,0,1,1,1,0,360,60,140,0,25,110,75,25,50,5,3,2,0,0,1
300,4199,4,rail,0,1,1,1,0,420,60,130,0,20,65,65,20,50,10,1,2,0,0,1
300,4200,3,air,0,1,1,1,0,420,60,140,0,20,50,55,5,55,5,3,1,0,0,1
301,4201,4,rail,1,1,1,1,390,390,50,170,40,30,50,35,10,55,5,3,2,0,0,4
301,4202,3,air,1,1,1,1,390,420,50,140,30,20,80,55,15,55,5,2,1,0,0,4
301,4203,3,air,1,1,1,1,250,420,90,120,50,15,65,75,25,45,5,1,3,0,0,4
301,4204,4,rail,1,1,1,1,300,390,70,155,30,20,110,75,5,40,25,1,2,0,0,4
301,4205,4,rail,1,1,1,1,250,330,90,170,40,35,80,35,10,40,25,1,2,0,0,4
301,4206,1,car,1,1,1,1,275,300,50,170,45,30,95,35,25,45,10,3,2,0,0,4
301,4207,1,car,1,1,1,1,275,300,60,120,50,35,110,75,5,40,15,2,3,0,0,4
301,4208,1,car,1,1,1,1,250,330,70,170,45,20,80,45,10,45,20,1,2,0,0,4
301,4209,1,car,1,1,1,1,390,420,50,140,35,15,95,55,10,55,10,3,1,0,0,4
301,4210,4,rail,1,1,1,1,345,390,80,120,45,25,65,35,25,55,5,3,1,0,0,4
301,4211,1,car,1,1,1,1,250,390,60,130,50,20,80,75,15,55,15,1,3,0,0,4
301,4212,4,rail,1,1,1,1,390,390,70,170,30,35,110,35,5,35,25,2,3,0,0,4
301,4213,3,air,1,1,1,1,275,330,90,140,45,30,65,65,15,45,15,1,2,0,0,4
301,4214,4,rail,1,1,1,1,300,420,80,140,45,25,50,55,15,50,10,1,3,0,0,4
302,4215,3,air,0,1,1,0,0,330,70,0,0,25,80,0,15,35,0,3,0,0,0,4
302,4216,3,air,0,1,1,0,0,345,90,0,0,30,50,0,15,35,0,2,0,0,0,4
302,4217,3,air,0,1,1,0,0,390,70,0,0,35,95,0,5,45,0,3,0,0,0,4
302,4218,3,air,0,1,1,0,0,390,80,0,0,20,50,0,25,55,0,3,0,0,0,4
302,4219,3,air,0,1,1,0,0,420,80,0,0,20,80,0,15,40,0,2,0,0,0,4
302,4220,2,bus,0,1,1,0,0,420,60,0,0,20,110,0,20,35,0,3,0,0,0,4
302,4221,3,air,0,1,1,0,0,420,50,0,0,20,65,0,20,55,0,1,0,0,0,4
302,4222,3,air,0,1,1,0,0,420,80,0,0,20,80,0,15,45,0,1,0,0,0,4
302,4223,2,bus,0,1,1,0,0,300,80,0,0,30,95,0,20,35,0,3,0,0,0,4
302,4224,3,air,0,1,1,0,0,390,50,0,0,20,65,0,10,50,0,2,0,0,0,4
302,4225,3,air,0,1,1,0,0,390,50,0,0,15,110,0,5,50,0,3,0,0,0,4
302,4226,2,bus,0,1,1,0,0,360,80,0,0,15,110,0,5,35,0,2,0,0,0,4
302,4227,3,air,0,1,1,0,0,390,50,0,0,20,65,0,20,55,0,2,0,0,0,4
302,4228,2,bus,0,1,1,0,0,345,70,0,0,25,110,0,20,35,0,3,0,0,0,4
303,4229,4,rail,1,1,1,1,345,360,60,140,35,30,50,55,25,55,5,2,3,0,0,4
303,4230,3,air,1,1,1,1,275,360,90,130,45,25,65,55,20,35,20,2,3,0,0,4
303,4231,3,air,1,1,1,1,300,420,90,140,40,15,50,55,10,35,25,1,3,0,0,4
303,4232,4,rail,1,1,1,1,250,300,70,120,45,35,65,75,20,50,10,1,2,0,0,4
303,4233,3,air,1,1,1,1,390,390,90,140,30,25,50,55,5,50,15,3,1,0,0,4
303,4234,4,rail,1,1,1,1,345,345,90,130,40,35,65,35,10,40,20,3,1,0,0,4
303,4235,1,car,1,1,1,1,345,345,60,130,35,35,95,75,10,40,15,3,2,0,0,4
303,4236,4,rail,1,1,1,1,345,345,80,120,45,30,110,45,25,40,5,3,1,0,0,4
303,4237,1,car,1,1,1,1,345,420,60,170,30,15,110,35,20,40,15,2,1,0,0,4
303,4238,4,rail,1,1,1,1,250,300,80,155,40,35,95,45,10,40,25,3,1,0,0,4
303,4239,1,car,1,1,1,1,300,300,60,155,45,35,110,65,5,50,20,1,3,0,0,4
303,4240,1,car,1,1,1,1,275,360,70,120,50,20,110,75,25,40,15,1,3,0,0,4
303,4241,3,air,1,1,1,1,345,345,80,155,30,30,50,55,15,50,10,1,2,0,0,4
303,4242,4,rail,1,1,1,1,300,300,80,130,50,25,50,75,5,50,15,2,1,0,0,4
304,4243,3,air,1,1,1,1,390,390,50,155,35,20,50,55,15,45,15,2,3,0,0,1
304,4244,2,bus,1,1,1,1,345,390,60,130,40,25,110,45,25,40,10,3,1,0,0,1
304,4245,1,car,1,1,1,1,390,420,60,130,30,20,95,55,25,55,5,2,1,0,0,1
304,4246,4,rail,1,1,1,1,345,390,50,140,40,25,80,45,20,50,10,3,2,0,0,1
304,4247,1,car,1,1,1,1,300,420,50,130,50,15,110,75,20,45,10,2,3,0,0,1
304,4248,1,car,1,1,1,1,345,345,80,120,40,35,80,45,25,45,10,3,1,0,0,1
304,4249,4,rail,1,1,1,1,300,390,60,170,40,25,65,45,20,55,15,3,2,0,0,1
304,4250,4,rail,1,1,1,1,345,360,90,120,45,30,95,45,25,40,10,2,3,0,0,1
304,4251,4,rail,1,1,1,1,275,360,50,155,50,30,50,45,15,50,10,2,1,0,0,1
304,4252,2,bus,1,1,1,1,250,360,70,170,35,20,95,45,5,40,25,3,2,0,0,1
304,4253,1,car,1,1,1,1,390,390,70,120,30,15,110,65,10,40,25,1,3,0,0,1
304,4254,2,bus,1,1,1,1,250,330,70,140,50,15,95,65,10,45,20,3,1,0,0,1
304,4255,1,car,1,1,1,1,390,390,50,140,30,35,65,75,10,55,10,1,3,0,0,1
304,4256,4,rail,1,1,1,1,345,360,90,140,40,25,50,35,20,55,5,2,3,0,0,1
305,4257,4,rail,0,1,1,1,0,300,70,170,0,25,80,35,5,35,25,3,2,0,0,2
305,4258,4,rail,0,1,1,1,0,390,70,140,0,25,80,35,20,40,15,1,3,0,0,2
305,4259,2,bus,0,1,1,1,0,390,60,130,0,25,110,75,5,50,15,2,1,0,0,2
305,4260,4,rail,0,1,1,1,0,360,80,170,0,25,50,35,15,55,5,2,3,0,0,2
305,4261,4,rail,0,1,1,1,0,345,70,155,0,35,95,55,15,40,20,1,3,0,0,2
305,4262,2,bus,0,1,1,1,0,300,70,170,0,30,65,35,5,45,25,1,3,0,0,2
305,4263,3,air,0,1,1,1,0,345,90,130,0,35,50,65,20,35,20,2,3,0,0,2
305,4264,4,rail,0,1,1,1,0,360,60,170,0,30,95,55,25,45,20,1,3,0,0,2
305,4265,3,air,0,1,1,1,0,390,50,170,0,25,50,45,25,55,5,3,2,0,0,2
305,4266,3,air,0,1,1,1,0,330,80,155,0,30,65,55,20,35,20,2,1,0,0,2
305,4267,4,rail,0,1,1,1,0,330,60,140,0,30,80,45,10,55,10,1,3,0,0,2
305,4268,4,rail,0,1,1,1,0,390,70,140,0,15,95,65,5,45,20,1,3,0,0,2
305,4269,2,bus,0,1,1,1,0,330,60,120,0,30,110,75,25,45,10,3,2,0,0,2
305,4270,4,rail,0,1,1,1,0,420,90,170,0,20,65,35,15,35,25,3,2,0,0,2
306,4271,1,car,1,1,0,1,250,330,0,140,30,35,0,65,25,0,15,0,1,1,0,3
306,4272,4,rail,1,1,0,1,300,360,0,155,35,25,0,35,25,0,15,0,2,1,0,3
306,4273,4,rail,1,1,0,1,300,390,0,155,35,25,0,45,15,0,15,0,3,1,0,3
306,4274,1,car,1,1,0,1,250,420,0,140,50,20,0,75,15,0,10,0,3,1,0,3
306,4275,2,bus,1,1,0,1,275,390,0,140,35,15,0,65,5,0,20,0,3,1,0,3
306,4276,4,rail,1,1,0,1,390,390,0,130,35,35,0,35,25,0,10,0,1,1,0,3
306,4277,1,car,1,1,0,1,300,330,0,120,45,35,0,65,25,0,5,0,1,1,0,3
306,4278,4,rail,1,1,0,1,300,330,0,155,40,25,0,35,15,0,5,0,2,1,0,3
306,4279,4,rail,1,1,0,1,390,390,0,120,30,35,0,55,5,0,15,0,1,1,0,3
306,4280,1,car,1,1,0,1,275,300,0,170,40,35,0,55,10,0,25,0,2,1,0,3
306,4281,1,car,1,1,0,1,275,390,0,155,50,25,0,55,15,0,15,0,2,1,0,3
306,4282,1,car,1,1,0,1,345,360,0,120,35,35,0,75,15,0,10,0,2,1,0,3
306,4283,1,car,1,1,0,1,250,300,0,120,50,35,0,65,5,0,10,0,1,1,0,3
306,4284,4,rail,1,1,0,1,345,345,0,155,40,30,0,45,20,0,5,0,2,1,0,3
307,4285,1,car,1,1,1,1,275,330,80,120,50,35,65,45,20,55,5,3,1,1,0,2
307,4286,1,car,1,1,1,1,275,330,70,170,45,15,110,55,5,40,25,2,3,1,0,2
307,4287,4,rail,1,1,1,1,275,390,70,155,45,15,80,35,25,55,5,1,1,1,0,2
307,4288,1,car,1,1,1,1,300,300,60,155,45,15,110,65,10,40,20,2,1,1,0,2
307,4289,1,car,1,1,1,1,390,390,60,155,35,35,95,65,10,45,15,2,3,1,0,2
307,4290,4,rail,1,1,1,1,250,360,60,120,50,25,110,65,15,45,20,3,2,1,0,2
307,4291,1,car,1,1,1,1,250,390,90,170,45,20,50,35,25,35,15,2,3,1,0,2
307,4292,1,car,1,1,1,1,275,360,70,170,40,30,65,35,10,50,15,2,3,1,0,2
307,4293,3,air,1,1,1,1,275,390,90,155,30,25,65,65,15,40,25,1,2,1,0,2
307,4294,4,rail,1,1,1,1,275,330,70,120,50,25,80,55,25,50,5,1,3,1,0,2
307,4295,1,car,1,1,1,1,390,420,60,130,35,15,110,55,25,35,15,2,1,1,0,2
307,4296,4,rail,1,1,1,1,300,390,50,170,45,25,50,45,10,55,5,2,1,1,0,2
307,4297,4,rail,1,1,1,1,345,345,50,140,30,35,110,65,5,45,15,2,1,1,0,2
307,4298,4,rail,1,1,1,1,250,300,80,140,40,30,80,75,15,40,20,1,2,1,0,2
308,4299,1,car,1,1,1,1,250,330,80,130,50,30,50,55,15,55,10,2,1,1,0,1
308,4300,4,rail,1,1,1,1,275,360,70,120,50,25,65,65,10,50,10,1,2,1,0,1
308,4301,1,car,1,1,1,1,300,330,70,140,30,35,95,75,15,50,25,1,2,1,0,1
308,4302,1,car,1,1,1,1,390,390,80,130,30,30,80,65,10,35,25,1,3,1,0,1
308,4303,2,bus,1,1,1,1,300,390,70,130,40,15,95,75,5,50,10,2,3,1,0,1
308,4304,4,rail,1,1,1,1,300,390,70,120,45,25,95,35,20,50,10,3,2,1,0,1
308,4305,1,car,1,1,1,1,300,420,50,155,40,20,110,65,5,50,20,2,1,1,0,1
308,4306,4,rail,1,1,1,1,345,420,60,170,35,20,110,35,25,45,15,2,1,1,0,1
308,4307,4,rail,1,1,1,1,250,360,60,170,40,30,95,45,25,45,10,1,2,1,0,1
308,4308,1,car,1,1,1,1,250,420,50,155,40,15,95,75,10,40,25,1,2,1,0,1
308,4309,4,rail,1,1,1,1,390,390,50,170,35,15,95,35,5,40,25,2,3,1,0,1
308,4310,1,car,1,1,1,1,250,420,90,140,45,15,50,65,20,35,25,3,2,1,0,1
308,4311,4,rail,1,1,1,1,250,390,90,170,40,20,65,35,15,35,25,3,2,1,0,1
308,4312,1,car,1,1,1,1,300,300,50,170,40,30,65,65,5,50,25,1,2,1,0,1
309,4313,3,air,1,1,1,1,390,390,70,130,30,15,95,75,10,45,15,2,3,0,1,2
309,4314,4,rail,1,1,1,1,345,345,60,120,45,35,95,45,25,50,5,3,1,0,1,2
309,4315,3,air,1,1,1,1,250,390,90,120,45,20,50,75,20,50,5,1,2,0,1,2
309,4316,3,air,1,1,1,1,300,420,50,130,45,15,110,75,10,45,15,2,3,0,1,2
309,4317,3,air,1,1,1,1,390,420,90,130,30,15,65,65,20,35,20,3,1,0,1,2
309,4318,1,car,1,1,1,1,250,390,80,155,45,15,65,45,10,50,20,3,1,0,1,2
309,4319,3,air,1,1,1,1,390,390,60,155,40,15,110,65,10,35,25,2,1,0,1,2
309,4320,4,rail,1,1,1,1,275,390,90,130,40,15,80,65,5,40,20,3,1,0,1,2
309,4321,1,car,1,1,1,1,275,420,50,155,50,20,80,35,15,50,10,1,3,0,1,2
309,4322,3,air,1,1,1,1,345,360,50,155,50,30,80,45,20,55,5,2,3,0,1,2
309,4323,4,rail,1,1,1,1,300,390,80,155,30,15,95,45,5,45,25,3,1,0,1,2
309,4324,1,car,1,1,1,1,300,330,90,155,35,30,65,45,15,35,20,3,1,0,1,2
309,4325,4,rail,1,1,1,1,250,360,90,120,50,30,65,55,25,35,25,3,2,0,1,2
309,4326,3,air,1,1,1,1,390,390,70,120,35,35,95,55,20,45,10,1,1,0,1,2
310,4327,4,rail,1,1,1,1,390,390,90,130,35,35,50,75,20,35,25,1,2,0,1,1
310,4328,4,rail,1,1,1,1,300,300,80,170,30,35,110,55,10,40,25,3,2,0,1,1
310,4329,4,rail,1,1,1,1,345,345,90,130,45,25,50,35,10,55,5,2,3,0,1,1
310,4330,3,air,1,1,1,1,390,390,50,155,35,35,80,55,5,55,15,2,1,0,1,1
310,4331,4,rail,1,1,1,1,300,330,80,120,45,35,95,55,20,45,5,1,3,0,1,1
310,4332,4,rail,1,1,1,1,345,420,60,170,30,15,65,45,15,55,10,1,2,0,1,1
310,4333,4,rail,1,1,1,1,250,360,80,120,50,20,80,45,5,40,20,3,2,0,1,1
310,4334,4,rail,1,1,1,1,275,360,90,170,35,30,80,35,15,35,20,2,3,0,1,1
310,4335,4,rail,1,1,1,1,275,420,70,120,50,25,95,45,20,50,15,1,3,0,1,1
310,4336,4,rail,1,1,1,1,275,360,80,120,50,30,95,45,15,35,20,1,2,0,1,1
310,4337,1,car,1,1,1,1,275,360,50,130,50,15,110,65,20,45,15,2,3,0,1,1
310,4338,1,car,1,1,1,1,345,360,60,140,30,25,110,75,25,50,5,3,2,0,1,1
310,4339,4,rail,1,1,1,1,250,420,60,130,50,20,65,65,20,50,10,1,2,0,1,1
310,4340,3,air,1,1,1,1,390,420,60,140,35,20,50,55,5,55,5,3,1,0,1,1
311,4341,4,rail,1,1,1,1,390,390,50,170,40,30,50,35,10,55,5,3,2,0,0,1
311,4342,1,car,1,1,1,1,390,420,50,140,30,20,80,55,15,55,5,2,1,0,0,1
311,4343,3,air,1,1,1,1,250,420,90,120,50,15,65,75,25,45,5,1,3,0,0,1
311,4344,1,car,1,1,1,1,300,390,70,155,30,20,110,75,5,40,25,1,2,0,0,1
311,4345,4,rail,1,1,1,1,250,330,90,170,40,35,80,35,10,40,25,1,2,0,0,1
311,4346,4,rail,1,1,1,1,275,300,50,170,45,30,95,35,25,45,10,3,2,0,0,1
311,4347,1,car,1,1,1,1,275,300,60,120,50,35,110,75,5,40,15,2,3,0,0,1
311,4348,4,rail,1,1,1,1,250,330,70,170,45,20,80,45,10,45,20,1,2,0,0,1
311,4349,1,car,1,1,1,1,390,420,50,140,35,15,95,55,10,55,10,3,1,0,0,1
311,4350,4,rail,1,1,1,1,345,360,70,140,35,30,110,45,5,40,25,1,3,0,0,1
311,4351,4,rail,1,1,1,1,345,390,80,120,45,25,65,35,25,55,5,3,1,0,0,1
311,4352,2,bus,1,1,1,1,250,390,60,130,50,20,80,75,15,55,15,1,3,0,0,1
311,4353,2,bus,1,1,1,1,275,330,90,140,45,30,65,65,15,45,15,1,2,0,0,1
311,4354,3,air,1,1,1,1,300,420,80,140,45,25,50,55,15,50,10,1,3,0,0,1
312,4355,1,car,1,1,0,0,300,330,0,0,40,25,0,0,15,0,0,0,0,1,1,4
312,4356,1,car,1,1,0,0,345,345,0,0,40,30,0,0,15,0,0,0,0,1,1,4
312,4357,1,car,1,1,0,0,390,390,0,0,35,35,0,0,5,0,0,0,0,1,1,4
312,4358,1,car,1,1,0,0,275,360,0,0,40,25,0,0,25,0,0,0,0,1,1,4
312,4359,1,car,1,1,0,0,275,420,0,0,45,20,0,0,15,0,0,0,0,1,1,4
312,4360,1,car,1,1,0,0,250,420,0,0,50,20,0,0,20,0,0,0,0,1,1,4
312,4361,1,car,1,1,0,0,390,420,0,0,30,20,0,0,20,0,0,0,0,1,1,4
312,4362,1,car,1,1,0,0,300,300,0,0,35,30,0,0,20,0,0,0,0,1,1,4
312,4363,1,car,1,1,0,0,390,390,0,0,30,20,0,0,10,0,0,0,0,1,1,4
312,4364,1,car,1,1,0,0,390,390,0,0,35,15,0,0,5,0,0,0,0,1,1,4
312,4365,1,car,1,1,0,0,275,360,0,0,50,15,0,0,5,0,0,0,0,1,1,4
312,4366,1,car,1,1,0,0,300,390,0,0,40,20,0,0,20,0,0,0,0,1,1,4
312,4367,1,car,1,1,0,0,345,345,0,0,45,25,0,0,20,0,0,0,0,1,1,4
312,4368,1,car,1,1,0,0,275,420,0,0,50,15,0,0,5,0,0,0,0,1,1,4
313,4369,3,air,0,1,1,1,0,360,90,140,0,20,50,65,10,40,20,2,3,0,0,1
313,4370,4,rail,0,1,1,1,0,360,90,130,0,25,65,55,20,35,20,2,3,0,0,1
313,4371,4,rail,0,1,1,1,0,420,90,140,0,15,50,55,10,35,25,1,3,0,0,1
313,4372,3,air,0,1,1,1,0,300,70,120,0,35,65,75,20,50,10,1,2,0,0,1
313,4373,3,air,0,1,1,1,0,390,90,140,0,25,50,55,5,50,15,3,1,0,0,1
313,4374,3,air,0,1,1,1,0,345,90,130,0,35,65,35,10,40,20,3,1,0,0,1
313,4375,2,bus,0,1,1,1,0,345,60,130,0,35,95,75,10,40,15,3,2,0,0,1
313,4376,4,rail,0,1,1,1,0,345,80,120,0,30,110,45,25,40,5,3,1,0,0,1
313,4377,4,rail,0,1,1,1,0,420,60,170,0,15,110,35,20,40,15,2,1,0,0,1
313,4378,3,air,0,1,1,1,0,390,90,155,0,25,50,55,20,40,20,2,1,0,0,1
313,4379,2,bus,0,1,1,1,0,300,60,155,0,35,110,65,5,50,20,1,3,0,0,1
313,4380,2,bus,0,1,1,1,0,360,70,120,0,20,110,75,25,40,15,1,3,0,0,1
313,4381,4,rail,0,1,1,1,0,345,80,155,0,30,50,55,15,50,10,1,2,0,0,1
313,4382,3,air,0,1,1,1,0,300,80,130,0,25,50,75,5,50,15,2,1,0,0,1
314,4383,3,air,1,1,1,1,390,390,50,155,35,20,50,55,15,45,15,2,3,0,1,1
314,4384,1,car,1,1,1,1,345,390,60,130,40,25,110,45,25,40,10,3,1,0,1,1
314,4385,4,rail,1,1,1,1,345,390,50,140,40,25,80,45,20,50,10,3,2,0,1,1
314,4386,4,rail,1,1,1,1,300,420,50,130,50,15,110,75,20,45,10,2,3,0,1,1
314,4387,4,rail,1,1,1,1,390,420,60,140,30,15,110,65,5,40,25,2,1,0,1,1
314,4388,4,rail,1,1,1,1,345,345,80,120,40,35,80,45,25,45,10,3,1,0,1,1
314,4389,4,rail,1,1,1,1,300,390,60,170,40,25,65,45,20,55,15,3,2,0,1,1
314,4390,3,air,1,1,1,1,300,390,60,140,50,15,50,65,10,55,5,3,1,0,1,1
314,4391,1,car,1,1,1,1,345,360,90,120,45,30,95,45,25,40,10,2,3,0,1,1
314,4392,3,air,1,1,1,1,275,360,50,155,50,30,50,45,15,50,10,2,1,0,1,1
314,4393,4,rail,1,1,1,1,390,390,70,120,30,15,110,65,10,40,25,1,3,0,1,1
314,4394,4,rail,1,1,1,1,250,330,70,140,50,15,95,65,10,45,20,3,1,0,1,1
314,4395,3,air,1,1,1,1,390,390,50,140,30,35,65,75,10,55,10,1,3,0,1,1
314,4396,4,rail,1,1,1,1,345,360,90,140,40,25,50,35,20,55,5,2,3,0,1,1
315,4397,3,air,1,1,1,1,250,300,70,170,45,25,80,35,5,35,25,3,2,1,1,4
315,4398,3,air,1,1,1,1,390,390,60,130,40,25,110,75,5,50,15,2,1,1,1,4
315,4399,3,air,1,1,1,1,390,390,60,120,40,20,110,75,5,45,20,1,3,1,1,4
315,4400,3,air,1,1,1,1,300,360,80,170,40,25,50,35,15,55,5,2,3,1,1,4
315,4401,3,air,1,1,1,1,345,345,70,155,30,35,95,55,15,40,20,1,3,1,1,4
315,4402,3,air,1,1,1,1,275,300,70,170,40,30,65,35,5,45,25,1,3,1,1,4
315,4403,3,air,1,1,1,1,345,345,90,130,35,35,50,65,20,35,20,2,3,1,1,4
315,4404,3,air,1,1,1,1,300,330,50,130,50,30,65,75,15,55,5,3,2,1,1,4
315,4405,3,air,1,1,1,1,345,390,50,170,35,25,50,45,25,55,5,3,2,1,1,4
315,4406,3,air,1,1,1,1,275,330,80,155,50,30,65,55,20,35,20,2,1,1,1,4
315,4407,4,rail,1,1,1,1,300,330,60,140,45,30,80,45,10,55,10,1,3,1,1,4
315,4408,4,rail,1,1,1,1,345,390,70,140,30,15,95,65,5,45,20,1,3,1,1,4
315,4409,4,rail,1,1,1,1,250,330,60,120,50,30,110,75,25,45,10,3,2,1,1,4
315,4410,4,rail,1,1,1,1,300,420,90,170,35,20,65,35,15,35,25,3,2,1,1,4
316,4411,1,car,1,1,1,1,250,330,90,140,30,35,80,65,25,35,15,2,1,0,0,1
316,4412,4,rail,1,1,1,1,300,360,70,155,35,25,80,35,25,45,15,1,2,0,0,1
316,4413,4,rail,1,1,1,1,300,390,80,155,35,25,65,45,15,45,15,1,3,0,0,1
316,4414,1,car,1,1,1,1,250,420,60,140,50,20,95,75,15,45,10,1,3,0,0,1
316,4415,4,rail,1,1,1,1,275,390,70,140,35,15,95,65,5,35,20,2,3,0,0,1
316,4416,1,car,1,1,1,1,390,420,50,130,30,20,80,65,20,35,25,2,1,0,0,1
316,4417,4,rail,1,1,1,1,390,390,70,130,35,35,110,35,25,45,10,3,1,0,0,1
316,4418,4,rail,1,1,1,1,300,330,80,155,40,25,50,35,15,50,5,1,2,0,0,1
316,4419,1,car,1,1,1,1,390,390,90,120,30,35,80,55,5,45,15,3,1,0,0,1
316,4420,1,car,1,1,1,1,275,300,80,170,40,35,80,55,10,40,25,1,2,0,0,1
316,4421,1,car,1,1,1,1,345,345,70,170,35,35,50,45,25,55,5,3,2,0,0,1
316,4422,1,car,1,1,1,1,345,360,50,120,35,35,80,75,15,40,10,3,2,0,0,1
316,4423,1,car,1,1,1,1,250,300,50,120,50,35,95,65,5,50,10,2,1,0,0,1
316,4424,4,rail,1,1,1,1,345,345,60,155,40,30,65,45,20,55,5,1,2,0,0,1
317,4425,3,air,1,1,1,1,275,330,80,120,50,35,65,45,20,55,5,3,1,0,0,4
317,4426,1,car,1,1,1,1,275,330,70,170,45,15,110,55,5,40,25,2,3,0,0,4
317,4427,4,rail,1,1,1,1,275,390,70,155,45,15,80,35,25,55,5,1,1,0,0,4
317,4428,1,car,1,1,1,1,300,300,60,155,45,15,110,65,10,40,20,2,1,0,0,4
317,4429,1,car,1,1,1,1,390,390,60,155,35,35,95,65,10,45,15,2,3,0,0,4
317,4430,1,car,1,1,1,1,275,360,50,155,40,30,80,55,20,50,5,1,3,0,0,4
317,4431,1,car,1,1,1,1,250,390,90,170,45,20,50,35,25,35,15,2,3,0,0,4
317,4432,4,rail,1,1,1,1,275,360,70,170,40,30,65,35,10,50,15,2,3,0,0,4
317,4433,3,air,1,1,1,1,275,390,90,155,30,25,65,65,15,40,25,1,2,0,0,4
317,4434,4,rail,1,1,1,1,390,390,90,120,30,25,65,65,25,35,15,3,1,0,0,4
317,4435,1,car,1,1,1,1,275,330,70,120,50,25,80,55,25,50,5,1,3,0,0,4
317,4436,3,air,1,1,1,1,390,420,60,130,35,15,110,55,25,35,15,2,1,0,0,4
317,4437,3,air,1,1,1,1,300,390,50,170,45,25,50,45,10,55,5,2,1,0,0,4
317,4438,3,air,1,1,1,1,345,345,50,140,30,35,110,65,5,45,15,2,1,0,0,4
318,4439,1,car,1,1,0,1,275,360,0,120,50,25,0,65,10,0,10,0,2,0,0,2
318,4440,1,car,1,1,0,1,300,330,0,140,30,35,0,75,15,0,25,0,2,0,0,2
318,4441,1,car,1,1,0,1,390,390,0,130,30,30,0,65,10,0,25,0,3,0,0,2
318,4442,1,car,1,1,0,1,300,390,0,130,40,15,0,75,5,0,10,0,3,0,0,2
318,4443,4,rail,1,1,0,1,300,390,0,120,45,25,0,35,20,0,10,0,2,0,0,2
318,4444,4,rail,1,1,0,1,275,420,0,170,30,20,0,35,20,0,25,0,2,0,0,2
318,4445,1,car,1,1,0,1,300,420,0,155,40,20,0,65,5,0,20,0,1,0,0,2
318,4446,1,car,1,1,0,1,345,420,0,170,35,20,0,35,25,0,15,0,1,0,0,2
318,4447,1,car,1,1,0,1,250,360,0,170,40,30,0,45,25,0,10,0,2,0,0,2
318,4448,1,car,1,1,0,1,250,420,0,155,40,15,0,75,10,0,25,0,2,0,0,2
318,4449,4,rail,1,1,0,1,345,390,0,155,35,15,0,35,10,0,10,0,1,0,0,2
318,4450,4,rail,1,1,0,1,390,390,0,170,35,15,0,35,5,0,25,0,3,0,0,2
318,4451,1,car,1,1,0,1,250,420,0,140,45,15,0,65,20,0,25,0,2,0,0,2
318,4452,4,rail,1,1,0,1,250,390,0,170,40,20,0,35,15,0,25,0,2,0,0,2
319,4453,3,air,0,1,1,1,0,390,70,130,0,15,95,75,10,45,15,2,3,0,1,2
319,4454,4,rail,0,1,1,1,0,345,60,120,0,35,95,45,25,50,5,3,1,0,1,2
319,4455,4,rail,0,1,1,1,0,390,90,120,0,20,50,75,20,50,5,1,2,0,1,2
319,4456,4,rail,0,1,1,1,0,420,50,130,0,15,110,75,10,45,15,2,3,0,1,2
319,4457,3,air,0,1,1,1,0,420,90,130,0,15,65,65,20,35,20,3,1,0,1,2
319,4458,4,rail,0,1,1,1,0,390,80,155,0,15,65,45,10,50,20,3,1,0,1,2
319,4459,4,rail,0,1,1,1,0,390,60,155,0,15,110,65,10,35,25,2,1,0,1,2
319,4460,3,air,0,1,1,1,0,390,90,130,0,15,80,65,5,40,20,3,1,0,1,2
319,4461,4,rail,0,1,1,1,0,420,50,155,0,20,80,35,15,50,10,1,3,0,1,2
319,4462,3,air,0,1,1,1,0,360,50,155,0,30,80,45,20,55,5,2,3,0,1,2
319,4463,3,air,0,1,1,1,0,390,50,120,0,35,95,75,25,35,15,1,2,0,1,2
319,4464,4,rail,0,1,1,1,0,390,80,155,0,15,95,45,5,45,25,3,1,0,1,2
319,4465,4,rail,0,1,1,1,0,360,90,120,0,30,65,55,25,35,25,3,2,0,1,2
319,4466,4,rail,0,1,1,1,0,390,70,120,0,35,95,55,20,45,10,1,1,0,1,2
320,4467,3,air,1,1,1,1,390,390,90,130,35,35,50,75,20,35,25,1,2,0,0,2
320,4468,4,rail,1,1,1,1,345,345,90,130,45,25,50,35,10,55,5,2,3,0,0,2
320,4469,1,car,1,1,1,1,390,390,50,155,35,35,80,55,5,55,15,2,1,0,0,2
320,4470,4,rail,1,1,1,1,300,330,80,120,45,35,95,55,20,45,5,1,3,0,0,2
320,4471,4,rail,1,1,1,1,345,420,60,170,30,15,65,45,15,55,10,1,2,0,0,2
320,4472,4,rail,1,1,1,1,345,420,80,120,30,20,80,75,15,50,10,1,2,0,0,2
320,4473,4,rail,1,1,1,1,250,360,80,120,50,20,80,45,5,40,20,3,2,0,0,2
320,4474,1,car,1,1,1,1,275,360,90,170,35,30,80,35,15,35,20,2,3,0,0,2
320,4475,4,rail,1,1,1,1,275,420,70,120,50,25,95,45,20,50,15,1,3,0,0,2
320,4476,4,rail,1,1,1,1,300,300,80,170,45,30,50,35,10,55,5,2,3,0,0,2
320,4477,4,rail,1,1,1,1,275,360,50,130,50,15,110,65,20,45,15,2,3,0,0,2
320,4478,4,rail,1,1,1,1,345,360,60,140,30,25,110,75,25,50,5,3,2,0,0,2
320,4479,1,car,1,1,1,1,250,420,60,130,50,20,65,65,20,50,10,1,2,0,0,2
320,4480,3,air,1,1,1,1,390,420,60,140,35,20,50,55,5,55,5,3,1,0,0,2
321,4481,4,rail,1,1,1,1,390,390,50,170,40,30,50,35,10,55,5,3,2,0,0,2
321,4482,4,rail,1,1,1,1,390,420,50,140,30,20,80,55,15,55,5,2,1,0,0,2
321,4483,1,car,1,1,1,1,250,420,90,120,50,15,65,75,25,45,5,1,3,0,0,2
321,4484,4,rail,1,1,1,1,300,390,70,155,30,20,110,75,5,40,25,1,2,0,0,2
321,4485,1,car,1,1,1,1,250,330,90,170,40,35,80,35,10,40,25,1,2,0,0,2
321,4486,1,car,1,1,1,1,275,420,90,130,30,20,80,75,25,35,25,2,2,0,0,2
321,4487,2,bus,1,1,1,1,275,300,60,120,50,35,110,75,5,40,15,2,3,0,0,2
321,4488,4,rail,1,1,1,1,250,330,70,170,45,20,80,45,10,45,20,1,2,0,0,2
321,4489,4,rail,1,1,1,1,390,420,50,140,35,15,95,55,10,55,10,3,1,0,0,2
321,4490,4,rail,1,1,1,1,345,360,70,140,35,30,110,45,5,40,25,1,3,0,0,2
321,4491,4,rail,1,1,1,1,345,390,80,120,45,25,65,35,25,55,5,3,1,0,0,2
321,4492,1,car,1,1,1,1,250,390,60,130,50,20,80,75,15,55,15,1,3,0,0,2
321,4493,4,rail,1,1,1,1,390,390,70,170,30,35,110,35,5,35,25,2,3,0,0,2
321,4494,1,car,1,1,1,1,275,330,90,140,45,30,65,65,15,45,15,1,2,0,0,2
322,4495,4,rail,1,1,1,1,300,330,70,170,40,25,80,35,15,35,25,3,2,1,0,2
322,4496,3,air,1,1,1,1,345,345,90,130,40,30,50,55,15,35,20,2,3,1,0,2
322,4497,1,car,1,1,1,1,390,390,70,140,35,35,95,45,5,45,20,3,1,1,0,2
322,4498,1,car,1,1,1,1,275,360,80,140,40,25,80,55,25,40,20,2,1,1,0,2
322,4499,1,car,1,1,1,1,275,420,80,130,45,20,80,35,15,40,15,2,3,1,0,2
322,4500,4,rail,1,1,1,1,250,420,60,140,50,20,110,55,20,35,25,3,1,1,0,2
322,4501,3,air,1,1,1,1,390,420,50,130,30,20,65,75,20,55,10,1,2,1,0,2
322,4502,1,car,1,1,1,1,250,420,80,155,35,20,80,55,15,45,20,1,2,1,0,2
322,4503,4,rail,1,1,1,1,300,300,80,140,35,30,95,45,20,35,20,3,2,1,0,2
322,4504,1,car,1,1,1,1,390,390,50,130,30,20,65,75,10,50,10,2,1,1,0,2
322,4505,1,car,1,1,1,1,390,390,50,140,35,15,110,75,5,50,20,3,1,1,0,2
322,4506,4,rail,1,1,1,1,275,360,80,155,50,15,110,35,5,35,20,2,1,1,0,2
322,4507,1,car,1,1,1,1,300,390,50,170,40,20,65,45,20,55,5,2,1,1,0,2
322,4508,3,air,1,1,1,1,275,420,50,120,50,15,50,75,5,55,5,1,3,1,0,2
323,4509,1,car,1,1,1,0,250,360,90,0,45,20,50,0,10,40,0,2,0,0,0,4
323,4510,3,air,1,1,1,0,275,360,90,0,45,25,65,0,20,35,0,2,0,0,0,4
323,4511,3,air,1,1,1,0,300,420,90,0,40,15,50,0,10,35,0,1,0,0,0,4
323,4512,1,car,1,1,1,0,250,300,70,0,45,35,65,0,20,50,0,1,0,0,0,4
323,4513,3,air,1,1,1,0,390,390,90,0,30,25,50,0,5,50,0,3,0,0,0,4
323,4514,3,air,1,1,1,0,345,345,90,0,40,35,65,0,10,40,0,3,0,0,0,4
323,4515,1,car,1,1,1,0,345,345,60,0,35,35,95,0,10,40,0,3,0,0,0,4
323,4516,1,car,1,1,1,0,345,345,80,0,45,30,110,0,25,40,0,3,0,0,0,4
323,4517,1,car,1,1,1,0,345,420,60,0,30,15,110,0,20,40,0,2,0,0,0,4
323,4518,3,air,1,1,1,0,250,390,90,0,45,25,50,0,20,40,0,2,0,0,0,4
323,4519,1,car,1,1,1,0,250,300,80,0,40,35,95,0,10,40,0,3,0,0,0,4
323,4520,1,car,1,1,1,0,300,300,60,0,45,35,110,0,5,50,0,1,0,0,0,4
323,4521,2,bus,1,1,1,0,275,360,70,0,50,20,110,0,25,40,0,1,0,0,0,4
323,4522,1,car,1,1,1,0,300,300,80,0,50,25,50,0,5,50,0,2,0,0,0,4
324,4523,3,air,0,1,1,1,0,390,50,155,0,20,50,55,15,45,15,2,3,1,1,1
324,4524,4,rail,0,1,1,1,0,390,60,130,0,25,110,45,25,40,10,3,1,1,1,1
324,4525,4,rail,0,1,1,1,0,390,50,140,0,25,80,45,20,50,10,3,2,1,1,1
324,4526,3,air,0,1,1,1,0,420,50,130,0,15,110,75,20,45,10,2,3,1,1,1
324,4527,4,rail,0,1,1,1,0,420,60,140,0,15,110,65,5,40,25,2,1,1,1,1
324,4528,4,rail,0,1,1,1,0,345,80,120,0,35,80,45,25,45,10,3,1,1,1,1
324,4529,4,rail,0,1,1,1,0,390,60,170,0,25,65,45,20,55,15,3,2,1,1,1
324,4530,4,rail,0,1,1,1,0,360,90,120,0,30,95,45,25,40,10,2,3,1,1,1
324,4531,3,air,0,1,1,1,0,360,50,155,0,30,50,45,15,50,10,2,1,1,1,1
324,4532,4,rail,0,1,1,1,0,360,70,170,0,20,95,45,5,40,25,3,2,1,1,1
324,4533,4,rail,0,1,1,1,0,390,70,120,0,15,110,65,10,40,25,1,3,1,1,1
324,4534,3,air,0,1,1,1,0,330,70,140,0,15,95,65,10,45,20,3,1,1,1,1
324,4535,3,air,0,1,1,1,0,390,50,140,0,35,65,75,10,55,10,1,3,1,1,1
324,4536,4,rail,0,1,1,1,0,360,90,140,0,25,50,35,20,55,5,2,3,1,1,1
325,4537,4,rail,0,1,0,1,0,300,0,170,0,25,0,35,5,0,25,0,2,0,0,3
325,4538,4,rail,0,1,0,1,0,390,0,140,0,25,0,35,20,0,15,0,3,0,0,3
325,4539,4,rail,0,1,0,1,0,390,0,130,0,25,0,75,5,0,15,0,1,0,0,3
325,4540,4,rail,0,1,0,1,0,360,0,170,0,25,0,35,15,0,5,0,3,0,0,3
325,4541,4,rail,0,1,0,1,0,345,0,155,0,35,0,55,15,0,20,0,3,0,0,3
325,4542,4,rail,0,1,0,1,0,300,0,170,0,30,0,35,5,0,25,0,3,0,0,3
325,4543,4,rail,0,1,0,1,0,345,0,130,0,35,0,65,20,0,20,0,3,0,0,3
325,4544,4,rail,0,1,0,1,0,330,0,130,0,30,0,75,15,0,5,0,2,0,0,3
325,4545,4,rail,0,1,0,1,0,360,0,170,0,30,0,55,25,0,20,0,3,0,0,3
325,4546,4,rail,0,1,0,1,0,390,0,170,0,25,0,45,25,0,5,0,2,0,0,3
325,4547,4,rail,0,1,0,1,0,330,0,155,0,30,0,55,20,0,20,0,1,0,0,3
325,4548,2,bus,0,1,0,1,0,390,0,140,0,15,0,65,5,0,20,0,3,0,0,3
325,4549,4,rail,0,1,0,1,0,330,0,120,0,30,0,75,25,0,10,0,2,0,0,3
325,4550,4,rail,0,1,0,1,0,420,0,170,0,20,0,35,15,0,25,0,2,0,0,3
326,4551,4,rail,1,1,0,1,250,330,0,140,30,35,0,65,25,0,15,0,1,0,0,4
326,4552,1,car,1,1,0,1,300,390,0,155,35,25,0,45,15,0,15,0,3,0,0,4
326,4553,4,rail,1,1,0,1,250,420,0,140,50,20,0,75,15,0,10,0,3,0,0,4
326,4554,1,car,1,1,0,1,275,390,0,140,35,15,0,65,5,0,20,0,3,0,0,4
326,4555,1,car,1,1,0,1,390,420,0,130,30,20,0,65,20,0,25,0,1,0,0,4
326,4556,4,rail,1,1,0,1,390,390,0,130,35,35,0,35,25,0,10,0,1,0,0,4
326,4557,4,rail,1,1,0,1,300,330,0,120,45,35,0,65,25,0,5,0,1,0,0,4
326,4558,4,rail,1,1,0,1,390,390,0,120,30,35,0,55,5,0,15,0,1,0,0,4
326,4559,4,rail,1,1,0,1,275,300,0,170,40,35,0,55,10,0,25,0,2,0,0,4
326,4560,4,rail,1,1,0,1,345,345,0,170,35,35,0,45,25,0,5,0,2,0,0,4
326,4561,4,rail,1,1,0,1,275,390,0,155,50,25,0,55,15,0,15,0,2,0,0,4
326,4562,1,car,1,1,0,1,345,360,0,120,35,35,0,75,15,0,10,0,2,0,0,4
326,4563,1,car,1,1,0,1,250,300,0,120,50,35,0,65,5,0,10,0,1,0,0,4
326,4564,4,rail,1,1,0,1,345,345,0,155,40,30,0,45,20,0,5,0,2,0,0,4
327,4565,4,rail,1,1,1,1,275,330,80,120,50,35,65,45,20,55,5,3,1,0,1,1
327,4566,1,car,1,1,1,1,275,330,70,170,45,15,110,55,5,40,25,2,3,0,1,1
327,4567,4,rail,1,1,1,1,275,390,70,155,45,15,80,35,25,55,5,1,1,0,1,1
327,4568,3,air,1,1,1,1,300,300,60,155,45,15,110,65,10,40,20,2,1,0,1,1
327,4569,4,rail,1,1,1,1,390,390,60,155,35,35,95,65,10,45,15,2,3,0,1,1
327,4570,4,rail,1,1,1,1,250,360,60,120,50,25,110,65,15,45,20,3,2,0,1,1
327,4571,3,air,1,1,1,1,250,390,90,170,45,20,50,35,25,35,15,2,3,0,1,1
327,4572,3,air,1,1,1,1,275,360,70,170,40,30,65,35,10,50,15,2,3,0,1,1
327,4573,3,air,1,1,1,1,275,390,90,155,30,25,65,65,15,40,25,1,2,0,1,1
327,4574,3,air,1,1,1,1,390,390,90,120,30,25,65,65,25,35,15,3,1,0,1,1
327,4575,4,rail,1,1,1,1,275,330,70,120,50,25,80,55,25,50,5,1,3,0,1,1
327,4576,4,rail,1,1,1,1,390,420,60,130,35,15,110,55,25,35,15,2,1,0,1,1
327,4577,3,air,1,1,1,1,345,345,50,140,30,35,110,65,5,45,15,2,1,0,1,1
327,4578,4,rail,1,1,1,1,250,300,80,140,40,30,80,75,15,40,20,1,2,0,1,1
328,4579,1,car,1,1,1,1,250,330,80,130,50,30,50,55,15,55,10,2,1,1,0,4
328,4580,4,rail,1,1,1,1,300,330,70,140,30,35,95,75,15,50,25,1,2,1,0,4
328,4581,1,car,1,1,1,1,390,390,80,130,30,30,80,65,10,35,25,1,3,1,0,4
328,4582,4,rail,1,1,1,1,300,390,70,130,40,15,95,75,5,50,10,2,3,1,0,4
328,4583,4,rail,1,1,1,1,300,390,70,120,45,25,95,35,20,50,10,3,2,1,0,4
328,4584,4,rail,1,1,1,1,275,420,80,170,30,20,95,35,20,35,25,3,2,1,0,4
328,4585,4,rail,1,1,1,1,300,420,50,155,40,20,110,65,5,50,20,2,1,1,0,4
328,4586,4,rail,1,1,1,1,250,360,60,170,40,30,95,45,25,45,10,1,2,1,0,4
328,4587,1,car,1,1,1,1,250,420,50,155,40,15,95,75,10,40,25,1,2,1,0,4
328,4588,4,rail,1,1,1,1,345,390,90,155,35,15,65,35,10,50,10,3,1,1,0,4
328,4589,3,air,1,1,1,1,390,390,50,170,35,15,95,35,5,40,25,2,3,1,0,4
328,4590,1,car,1,1,1,1,250,420,90,140,45,15,50,65,20,35,25,3,2,1,0,4
328,4591,4,rail,1,1,1,1,250,390,90,170,40,20,65,35,15,35,25,3,2,1,0,4
328,4592,3,air,1,1,1,1,300,300,50,170,40,30,65,65,5,50,25,1,2,1,0,4
329,4593,1,car,1,1,1,1,390,390,70,130,30,15,95,75,10,45,15,2,3,0,0,4
329,4594,4,rail,1,1,1,1,345,345,60,120,45,35,95,45,25,50,5,3,1,0,0,4
329,4595,1,car,1,1,1,1,250,390,90,120,45,20,50,75,20,50,5,1,2,0,0,4
329,4596,1,car,1,1,1,1,390,420,90,130,30,15,65,65,20,35,20,3,1,0,0,4
329,4597,3,air,1,1,1,1,250,390,80,155,45,15,65,45,10,50,20,3,1,0,0,4
329,4598,1,car,1,1,1,1,390,390,60,155,40,15,110,65,10,35,25,2,1,0,0,4
329,4599,3,air,1,1,1,1,250,330,80,155,45,30,50,65,10,45,15,1,3,0,0,4
329,4600,1,car,1,1,1,1,275,390,90,130,40,15,80,65,5,40,20,3,1,0,0,4
329,4601,3,air,1,1,1,1,275,420,50,155,50,20,80,35,15,50,10,1,3,0,0,4
329,4602,1,car,1,1,1,1,345,360,50,155,50,30,80,45,20,55,5,2,3,0,0,4
329,4603,4,rail,1,1,1,1,390,390,50,120,35,35,95,75,25,35,15,1,2,0,0,4
329,4604,1,car,1,1,1,1,300,390,80,155,30,15,95,45,5,45,25,3,1,0,0,4
329,4605,3,air,1,1,1,1,250,360,90,120,50,30,65,55,25,35,25,3,2,0,0,4
329,4606,4,rail,1,1,1,1,390,390,70,120,35,35,95,55,20,45,10,1,1,0,0,4
330,4607,4,rail,1,1,1,1,390,390,90,130,35,35,50,75,20,35,25,1,2,1,1,1
330,4608,4,rail,1,1,1,1,300,300,80,170,30,35,110,55,10,40,25,3,2,1,1,1
330,4609,3,air,1,1,1,1,390,390,50,155,35,35,80,55,5,55,15,2,1,1,1,1
330,4610,4,rail,1,1,1,1,300,330,80,120,45,35,95,55,20,45,5,1,3,1,1,1
330,4611,1,car,1,1,1,1,345,420,60,170,30,15,65,45,15,55,10,1,2,1,1,1
330,4612,4,rail,1,1,1,1,345,420,80,120,30,20,80,75,15,50,10,1,2,1,1,1
330,4613,4,rail,1,1,1,1,250,360,80,120,50,20,80,45,5,40,20,3,2,1,1,1
330,4614,4,rail,1,1,1,1,275,360,90,170,35,30,80,35,15,35,20,2,3,1,1,1
330,4615,4,rail,1,1,1,1,275,420,70,120,50,25,95,45,20,50,15,1,3,1,1,1
330,4616,4,rail,1,1,1,1,275,360,80,120,50,30,95,45,15,35,20,1,2,1,1,1
330,4617,1,car,1,1,1,1,275,360,50,130,50,15,110,65,20,45,15,2,3,1,1,1
330,4618,4,rail,1,1,1,1,345,360,60,140,30,25,110,75,25,50,5,3,2,1,1,1
330,4619,1,car,1,1,1,1,250,420,60,130,50,20,65,65,20,50,10,1,2,1,1,1
330,4620,3,air,1,1,1,1,390,420,60,140,35,20,50,55,5,55,5,3,1,1,1,1
331,4621,4,rail,1,1,0,1,390,390,0,170,40,30,0,35,10,0,5,0,2,0,0,2
331,4622,1,car,1,1,0,1,390,420,0,140,30,20,0,55,15,0,5,0,1,0,0,2
331,4623,1,car,1,1,0,1,300,390,0,155,30,20,0,75,5,0,25,0,2,0,0,2
331,4624,4,rail,1,1,0,1,250,330,0,170,40,35,0,35,10,0,25,0,2,0,0,2
331,4625,1,car,1,1,0,1,275,420,0,130,30,20,0,75,25,0,25,0,2,0,0,2
331,4626,4,rail,1,1,0,1,275,300,0,170,45,30,0,35,25,0,10,0,2,0,0,2
331,4627,2,bus,1,1,0,1,275,300,0,120,50,35,0,75,5,0,15,0,3,0,0,2
331,4628,2,bus,1,1,0,1,250,330,0,170,45,20,0,45,10,0,20,0,2,0,0,2
331,4629,4,rail,1,1,0,1,345,360,0,140,35,30,0,45,5,0,25,0,3,0,0,2
331,4630,4,rail,1,1,0,1,345,390,0,120,45,25,0,35,25,0,5,0,1,0,0,2
331,4631,1,car,1,1,0,1,250,390,0,130,50,20,0,75,15,0,15,0,3,0,0,2
331,4632,4,rail,1,1,0,1,390,390,0,170,30,35,0,35,5,0,25,0,3,0,0,2
331,4633,1,car,1,1,0,1,275,330,0,140,45,30,0,65,15,0,15,0,2,0,0,2
331,4634,4,rail,1,1,0,1,300,420,0,140,45,25,0,55,15,0,10,0,3,0,0,2
332,4635,4,rail,0,1,1,1,0,330,70,170,0,25,80,35,15,35,25,3,2,0,0,4
332,4636,3,air,0,1,1,1,0,345,90,130,0,30,50,55,15,35,20,2,3,0,0,4
332,4637,3,air,0,1,1,1,0,390,70,140,0,35,95,45,5,45,20,3,1,0,0,4
332,4638,4,rail,0,1,1,1,0,390,80,130,0,20,50,65,25,55,5,3,2,0,0,4
332,4639,3,air,0,1,1,1,0,360,80,140,0,25,80,55,25,40,20,2,1,0,0,4
332,4640,4,rail,0,1,1,1,0,420,60,140,0,20,110,55,20,35,25,3,1,0,0,4
332,4641,4,rail,0,1,1,1,0,420,50,130,0,20,65,75,20,55,10,1,2,0,0,4
332,4642,4,rail,0,1,1,1,0,420,80,155,0,20,80,55,15,45,20,1,2,0,0,4
332,4643,4,rail,0,1,1,1,0,300,80,140,0,30,95,45,20,35,20,3,2,0,0,4
332,4644,3,air,0,1,1,1,0,390,50,130,0,20,65,75,10,50,10,2,1,0,0,4
332,4645,4,rail,0,1,1,1,0,390,50,140,0,15,110,75,5,50,20,3,1,0,0,4
332,4646,4,rail,0,1,1,1,0,360,80,155,0,15,110,35,5,35,20,2,1,0,0,4
332,4647,3,air,0,1,1,1,0,390,50,170,0,20,65,45,20,55,5,2,1,0,0,4
332,4648,4,rail,0,1,1,1,0,345,70,130,0,25,110,45,20,35,10,3,1,0,0,4
333,4649,1,car,1,1,1,0,250,360,90,0,45,20,50,0,10,40,0,2,0,1,0,2
333,4650,1,car,1,1,1,0,345,360,60,0,35,30,50,0,25,55,0,2,0,1,0,2
333,4651,1,car,1,1,1,0,275,360,90,0,45,25,65,0,20,35,0,2,0,1,0,2
333,4652,1,car,1,1,1,0,300,420,90,0,40,15,50,0,10,35,0,1,0,1,0,2
333,4653,1,car,1,1,1,0,250,300,70,0,45,35,65,0,20,50,0,1,0,1,0,2
333,4654,3,air,1,1,1,0,390,390,90,0,30,25,50,0,5,50,0,3,0,1,0,2
333,4655,1,car,1,1,1,0,345,345,90,0,40,35,65,0,10,40,0,3,0,1,0,2
333,4656,1,car,1,1,1,0,345,345,80,0,45,30,110,0,25,40,0,3,0,1,0,2
333,4657,2,bus,1,1,1,0,345,420,60,0,30,15,110,0,20,40,0,2,0,1,0,2
333,4658,1,car,1,1,1,0,250,390,90,0,45,25,50,0,20,40,0,2,0,1,0,2
333,4659,2,bus,1,1,1,0,250,300,80,0,40,35,95,0,10,40,0,3,0,1,0,2
333,4660,1,car,1,1,1,0,300,300,60,0,45,35,110,0,5,50,0,1,0,1,0,2
333,4661,1,car,1,1,1,0,275,360,70,0,50,20,110,0,25,40,0,1,0,1,0,2
333,4662,2,bus,1,1,1,0,300,300,80,0,50,25,50,0,5,50,0,2,0,1,0,2
334,4663,3,air,1,1,1,1,390,390,50,155,35,20,50,55,15,45,15,2,3,1,0,2
334,4664,4,rail,1,1,1,1,345,390,60,130,40,25,110,45,25,40,10,3,1,1,0,2
334,4665,4,rail,1,1,1,1,345,390,50,140,40,25,80,45,20,50,10,3,2,1,0,2
334,4666,1,car,1,1,1,1,300,420,50,130,50,15,110,75,20,45,10,2,3,1,0,2
334,4667,1,car,1,1,1,1,390,420,60,140,30,15,110,65,5,40,25,2,1,1,0,2
334,4668,1,car,1,1,1,1,345,345,80,120,40,35,80,45,25,45,10,3,1,1,0,2
334,4669,4,rail,1,1,1,1,300,390,60,170,40,25,65,45,20,55,15,3,2,1,0,2
334,4670,3,air,1,1,1,1,300,390,60,140,50,15,50,65,10,55,5,3,1,1,0,2
334,4671,4,rail,1,1,1,1,345,360,90,120,45,30,95,45,25,40,10,2,3,1,0,2
334,4672,3,air,1,1,1,1,275,360,50,155,50,30,50,45,15,50,10,2,1,1,0,2
334,4673,4,rail,1,1,1,1,250,360,70,170,35,20,95,45,5,40,25,3,2,1,0,2
334,4674,4,rail,1,1,1,1,390,390,70,120,30,15,110,65,10,40,25,1,3,1,0,2
334,4675,2,bus,1,1,1,1,250,330,70,140,50,15,95,65,10,45,20,3,1,1,0,2
334,4676,1,car,1,1,1,1,345,360,90,140,40,25,50,35,20,55,5,2,3,1,0,2
335,4677,4,rail,1,1,0,1,250,300,0,170,45,25,0,35,5,0,25,0,2,1,0,2
335,4678,4,rail,1,1,0,1,275,390,0,140,50,25,0,35,20,0,15,0,3,1,0,2
335,4679,1,car,1,1,0,1,390,390,0,130,40,25,0,75,5,0,15,0,1,1,0,2
335,4680,1,car,1,1,0,1,390,390,0,120,40,20,0,75,5,0,20,0,3,1,0,2
335,4681,4,rail,1,1,0,1,300,360,0,170,40,25,0,35,15,0,5,0,3,1,0,2
335,4682,1,car,1,1,0,1,345,345,0,155,30,35,0,55,15,0,20,0,3,1,0,2
335,4683,4,rail,1,1,0,1,275,300,0,170,40,30,0,35,5,0,25,0,3,1,0,2
335,4684,2,bus,1,1,0,1,300,330,0,130,50,30,0,75,15,0,5,0,2,1,0,2
335,4685,4,rail,1,1,0,1,250,360,0,170,30,30,0,55,25,0,20,0,3,1,0,2
335,4686,4,rail,1,1,0,1,345,390,0,170,35,25,0,45,25,0,5,0,2,1,0,2
335,4687,4,rail,1,1,0,1,300,330,0,140,45,30,0,45,10,0,10,0,3,1,0,2
335,4688,4,rail,1,1,0,1,345,390,0,140,30,15,0,65,5,0,20,0,3,1,0,2
335,4689,1,car,1,1,0,1,250,330,0,120,50,30,0,75,25,0,10,0,2,1,0,2
335,4690,4,rail,1,1,0,1,300,420,0,170,35,20,0,35,15,0,25,0,2,1,0,2
336,4691,3,air,0,1,1,1,0,330,90,140,0,35,80,65,25,35,15,2,1,0,0,4
336,4692,4,rail,0,1,1,1,0,360,70,155,0,25,80,35,25,45,15,1,2,0,0,4
336,4693,4,rail,0,1,1,1,0,390,80,155,0,25,65,45,15,45,15,1,3,0,0,4
336,4694,4,rail,0,1,1,1,0,420,60,140,0,20,95,75,15,45,10,1,3,0,0,4
336,4695,3,air,0,1,1,1,0,390,70,140,0,15,95,65,5,35,20,2,3,0,0,4
336,4696,4,rail,0,1,1,1,0,420,50,130,0,20,80,65,20,35,25,2,1,0,0,4
336,4697,4,rail,0,1,1,1,0,390,70,130,0,35,110,35,25,45,10,3,1,0,0,4
336,4698,4,rail,0,1,1,1,0,330,80,155,0,25,50,35,15,50,5,1,2,0,0,4
336,4699,4,rail,0,1,1,1,0,390,90,120,0,35,80,55,5,45,15,3,1,0,0,4
336,4700,4,rail,0,1,1,1,0,300,80,170,0,35,80,55,10,40,25,1,2,0,0,4
336,4701,3,air,0,1,1,1,0,345,70,170,0,35,50,45,25,55,5,3,2,0,0,4
336,4702,4,rail,0,1,1,1,0,390,60,155,0,25,65,55,15,50,15,3,2,0,0,4
336,4703,3,air,0,1,1,1,0,360,50,120,0,35,80,75,15,40,10,3,2,0,0,4
336,4704,3,air,0,1,1,1,0,300,50,120,0,35,95,65,5,50,10,2,1,0,0,4
337,4705,1,car,1,1,1,1,275,330,80,120,50,35,65,45,20,55,5,3,1,0,0,4
337,4706,4,rail,1,1,1,1,275,330,70,170,45,15,110,55,5,40,25,2,3,0,0,4
337,4707,4,rail,1,1,1,1,275,390,70,155,45,15,80,35,25,55,5,1,1,0,0,4
337,4708,2,bus,1,1,1,1,300,300,60,155,45,15,110,65,10,40,20,2,1,0,0,4
337,4709,3,air,1,1,1,1,275,360,50,155,40,30,80,55,20,50,5,1,3,0,0,4
337,4710,4,rail,1,1,1,1,250,360,60,120,50,25,110,65,15,45,20,3,2,0,0,4
337,4711,3,air,1,1,1,1,250,390,90,170,45,20,50,35,25,35,15,2,3,0,0,4
337,4712,3,air,1,1,1,1,275,360,70,170,40,30,65,35,10,50,15,2,3,0,0,4
337,4713,4,rail,1,1,1,1,275,390,90,155,30,25,65,65,15,40,25,1,2,0,0,4
337,4714,3,air,1,1,1,1,390,390,90,120,30,25,65,65,25,35,15,3,1,0,0,4
337,4715,4,rail,1,1,1,1,275,330,70,120,50,25,80,55,25,50,5,1,3,0,0,4
337,4716,1,car,1,1,1,1,300,390,50,170,45,25,50,45,10,55,5,2,1,0,0,4
337,4717,1,car,1,1,1,1,345,345,50,140,30,35,110,65,5,45,15,2,1,0,0,4
337,4718,1,car,1,1,1,1,250,300,80,140,40,30,80,75,15,40,20,1,2,0,0,4
338,4719,4,rail,1,1,0,1,250,330,0,130,50,30,0,55,15,0,10,0,1,1,0,4
338,4720,4,rail,1,1,0,1,275,360,0,120,50,25,0,65,10,0,10,0,2,1,0,4
338,4721,1,car,1,1,0,1,300,330,0,140,30,35,0,75,15,0,25,0,2,1,0,4
338,4722,4,rail,1,1,0,1,390,390,0,130,30,30,0,65,10,0,25,0,3,1,0,4
338,4723,4,rail,1,1,0,1,300,390,0,130,40,15,0,75,5,0,10,0,3,1,0,4
338,4724,1,car,1,1,0,1,300,390,0,120,45,25,0,35,20,0,10,0,2,1,0,4
338,4725,1,car,1,1,0,1,300,420,0,155,40,20,0,65,5,0,20,0,1,1,0,4
338,4726,1,car,1,1,0,1,345,420,0,170,35,20,0,35,25,0,15,0,1,1,0,4
338,4727,1,car,1,1,0,1,250,420,0,155,40,15,0,75,10,0,25,0,2,1,0,4
338,4728,1,car,1,1,0,1,345,390,0,155,35,15,0,35,10,0,10,0,1,1,0,4
338,4729,4,rail,1,1,0,1,390,390,0,170,35,15,0,35,5,0,25,0,3,1,0,4
338,4730,1,car,1,1,0,1,250,420,0,140,45,15,0,65,20,0,25,0,2,1,0,4
338,4731,1,car,1,1,0,1,250,390,0,170,40,20,0,35,15,0,25,0,2,1,0,4
338,4732,4,rail,1,1,0,1,300,300,0,170,40,30,0,65,5,0,25,0,2,1,0,4
339,4733,1,car,1,1,1,1,390,390,70,130,30,15,95,75,10,45,15,2,3,1,0,4
339,4734,1,car,1,1,1,1,345,345,60,120,45,35,95,45,25,50,5,3,1,1,0,4
339,4735,1,car,1,1,1,1,250,390,90,120,45,20,50,75,20,50,5,1,2,1,0,4
339,4736,3,air,1,1,1,1,390,420,90,130,30,15,65,65,20,35,20,3,1,1,0,4
339,4737,1,car,1,1,1,1,250,390,80,155,45,15,65,45,10,50,20,3,1,1,0,4
339,4738,3,air,1,1,1,1,390,390,60,155,40,15,110,65,10,35,25,2,1,1,0,4
339,4739,3,air,1,1,1,1,250,330,80,155,45,30,50,65,10,45,15,1,3,1,0,4
339,4740,1,car,1,1,1,1,275,390,90,130,40,15,80,65,5,40,20,3,1,1,0,4
339,4741,1,car,1,1,1,1,275,420,50,155,50,20,80,35,15,50,10,1,3,1,0,4
339,4742,4,rail,1,1,1,1,345,360,50,155,50,30,80,45,20,55,5,2,3,1,0,4
339,4743,1,car,1,1,1,1,300,390,80,155,30,15,95,45,5,45,25,3,1,1,0,4
339,4744,3,air,1,1,1,1,300,330,90,155,35,30,65,45,15,35,20,3,1,1,0,4
339,4745,1,car,1,1,1,1,250,360,90,120,50,30,65,55,25,35,25,3,2,1,0,4
339,4746,4,rail,1,1,1,1,390,390,70,120,35,35,95,55,20,45,10,1,1,1,0,4
340,4747,3,air,1,0,1,1,390,0,90,130,35,0,50,75,0,35,25,1,2,1,0,1
340,4748,1,car,1,0,1,1,300,0,80,170,30,0,110,55,0,40,25,3,2,1,0,1
340,4749,4,rail,1,0,1,1,345,0,90,130,45,0,50,35,0,55,5,2,3,1,0,1
340,4750,1,car,1,0,1,1,390,0,50,155,35,0,80,55,0,55,15,2,1,1,0,1
340,4751,1,car,1,0,1,1,300,0,80,120,45,0,95,55,0,45,5,1,3,1,0,1
340,4752,4,rail,1,0,1,1,345,0,60,170,30,0,65,45,0,55,10,1,2,1,0,1
340,4753,4,rail,1,0,1,1,250,0,80,120,50,0,80,45,0,40,20,3,2,1,0,1
340,4754,4,rail,1,0,1,1,275,0,90,170,35,0,80,35,0,35,20,2,3,1,0,1
340,4755,1,car,1,0,1,1,275,0,70,120,50,0,95,45,0,50,15,1,3,1,0,1
340,4756,4,rail,1,0,1,1,300,0,80,170,45,0,50,35,0,55,5,2,3,1,0,1
340,4757,1,car,1,0,1,1,275,0,50,130,50,0,110,65,0,45,15,2,3,1,0,1
340,4758,1,car,1,0,1,1,345,0,60,140,30,0,110,75,0,50,5,3,2,1,0,1
340,4759,4,rail,1,0,1,1,250,0,60,130,50,0,65,65,0,50,10,1,2,1,0,1
340,4760,3,air,1,0,1,1,390,0,60,140,35,0,50,55,0,55,5,3,1,1,0,1
341,4761,4,rail,1,1,0,1,390,390,0,170,40,30,0,35,10,0,5,0,2,0,0,1
341,4762,4,rail,1,1,0,1,390,420,0,140,30,20,0,55,15,0,5,0,1,0,0,1
341,4763,2,bus,1,1,0,1,250,420,0,120,50,15,0,75,25,0,5,0,3,0,0,1
341,4764,1,car,1,1,0,1,300,390,0,155,30,20,0,75,5,0,25,0,2,0,0,1
341,4765,4,rail,1,1,0,1,250,330,0,170,40,35,0,35,10,0,25,0,2,0,0,1
341,4766,1,car,1,1,0,1,275,300,0,170,45,30,0,35,25,0,10,0,2,0,0,1
341,4767,2,bus,1,1,0,1,275,300,0,120,50,35,0,75,5,0,15,0,3,0,0,1
341,4768,1,car,1,1,0,1,250,330,0,170,45,20,0,45,10,0,20,0,2,0,0,1
341,4769,4,rail,1,1,0,1,390,420,0,140,35,15,0,55,10,0,10,0,1,0,0,1
341,4770,4,rail,1,1,0,1,345,390,0,120,45,25,0,35,25,0,5,0,1,0,0,1
341,4771,1,car,1,1,0,1,250,390,0,130,50,20,0,75,15,0,15,0,3,0,0,1
341,4772,1,car,1,1,0,1,390,390,0,170,30,35,0,35,5,0,25,0,3,0,0,1
341,4773,1,car,1,1,0,1,275,330,0,140,45,30,0,65,15,0,15,0,2,0,0,1
341,4774,4,rail,1,1,0,1,300,420,0,140,45,25,0,55,15,0,10,0,3,0,0,1
342,4775,2,bus,1,1,1,0,300,330,70,0,40,25,80,0,15,35,0,3,0,0,0,2
342,4776,3,air,1,1,1,0,345,345,90,0,40,30,50,0,15,35,0,2,0,0,0,2
342,4777,1,car,1,1,1,0,390,390,70,0,35,35,95,0,5,45,0,3,0,0,0,2
342,4778,3,air,1,1,1,0,275,360,80,0,40,25,80,0,25,40,0,2,0,0,0,2
342,4779,1,car,1,1,1,0,275,420,80,0,45,20,80,0,15,40,0,2,0,0,0,2
342,4780,1,car,1,1,1,0,250,420,60,0,50,20,110,0,20,35,0,3,0,0,0,2
342,4781,3,air,1,1,1,0,390,420,50,0,30,20,65,0,20,55,0,1,0,0,0,2
342,4782,1,car,1,1,1,0,250,420,80,0,35,20,80,0,15,45,0,1,0,0,0,2
342,4783,1,car,1,1,1,0,300,300,80,0,35,30,95,0,20,35,0,3,0,0,0,2
342,4784,3,air,1,1,1,0,390,390,50,0,30,20,65,0,10,50,0,2,0,0,0,2
342,4785,2,bus,1,1,1,0,275,360,80,0,50,15,110,0,5,35,0,2,0,0,0,2
342,4786,2,bus,1,1,1,0,300,390,50,0,40,20,65,0,20,55,0,2,0,0,0,2
342,4787,1,car,1,1,1,0,345,345,70,0,45,25,110,0,20,35,0,3,0,0,0,2
342,4788,3,air,1,1,1,0,275,420,50,0,50,15,50,0,5,55,0,1,0,0,0,2
343,4789,4,rail,1,1,0,1,250,360,0,140,45,20,0,65,10,0,20,0,3,1,1,1
343,4790,4,rail,1,1,0,1,345,360,0,140,35,30,0,55,25,0,5,0,3,1,1,1
343,4791,4,rail,1,1,0,1,275,360,0,130,45,25,0,55,20,0,20,0,3,1,1,1
343,4792,4,rail,1,1,0,1,300,420,0,140,40,15,0,55,10,0,25,0,3,1,1,1
343,4793,4,rail,1,1,0,1,250,300,0,120,45,35,0,75,20,0,10,0,2,1,1,1
343,4794,4,rail,1,1,0,1,390,390,0,140,30,25,0,55,5,0,15,0,1,1,1,1
343,4795,1,car,1,1,0,1,345,345,0,130,35,35,0,75,10,0,15,0,2,1,1,1
343,4796,4,rail,1,1,0,1,345,420,0,170,30,15,0,35,20,0,15,0,1,1,1,1
343,4797,4,rail,1,1,0,1,250,390,0,155,45,25,0,55,20,0,20,0,1,1,1,1
343,4798,4,rail,1,1,0,1,250,300,0,155,40,35,0,45,10,0,25,0,1,1,1,1
343,4799,4,rail,1,1,0,1,300,300,0,155,45,35,0,65,5,0,20,0,3,1,1,1
343,4800,1,car,1,1,0,1,275,360,0,120,50,20,0,75,25,0,15,0,3,1,1,1
343,4801,4,rail,1,1,0,1,345,345,0,155,30,30,0,55,15,0,10,0,2,1,1,1
343,4802,4,rail,1,1,0,1,300,300,0,130,50,25,0,75,5,0,15,0,1,1,1,1
344,4803,1,car,1,1,1,1,390,390,50,155,35,20,50,55,15,45,15,2,3,1,0,1
344,4804,4,rail,1,1,1,1,345,390,60,130,40,25,110,45,25,40,10,3,1,1,0,1
344,4805,1,car,1,1,1,1,390,420,60,130,30,20,95,55,25,55,5,2,1,1,0,1
344,4806,1,car,1,1,1,1,300,420,50,130,50,15,110,75,20,45,10,2,3,1,0,1
344,4807,1,car,1,1,1,1,390,420,60,140,30,15,110,65,5,40,25,2,1,1,0,1
344,4808,4,rail,1,1,1,1,345,345,80,120,40,35,80,45,25,45,10,3,1,1,0,1
344,4809,4,rail,1,1,1,1,300,390,60,170,40,25,65,45,20,55,15,3,2,1,0,1
344,4810,3,air,1,1,1,1,300,390,60,140,50,15,50,65,10,55,5,3,1,1,0,1
344,4811,4,rail,1,1,1,1,345,360,90,120,45,30,95,45,25,40,10,2,3,1,0,1
344,4812,4,rail,1,1,1,1,275,360,50,155,50,30,50,45,15,50,10,2,1,1,0,1
344,4813,1,car,1,1,1,1,390,390,70,120,30,15,110,65,10,40,25,1,3,1,0,1
344,4814,2,bus,1,1,1,1,250,330,70,140,50,15,95,65,10,45,20,3,1,1,0,1
344,4815,1,car,1,1,1,1,390,390,50,140,30,35,65,75,10,55,10,1,3,1,0,1
344,4816,4,rail,1,1,1,1,345,360,90,140,40,25,50,35,20,55,5,2,3,1,0,1
345,4817,2,bus,1,1,0,1,250,300,0,170,45,25,0,35,5,0,25,0,2,1,0,2
345,4818,4,rail,1,1,0,1,275,390,0,140,50,25,0,35,20,0,15,0,3,1,0,2
345,4819,4,rail,1,1,0,1,390,390,0,120,40,20,0,75,5,0,20,0,3,1,0,2
345,4820,4,rail,1,1,0,1,300,360,0,170,40,25,0,35,15,0,5,0,3,1,0,2
345,4821,4,rail,1,1,0,1,345,345,0,155,30,35,0,55,15,0,20,0,3,1,0,2
345,4822,4,rail,1,1,0,1,275,300,0,170,40,30,0,35,5,0,25,0,3,1,0,2
345,4823,1,car,1,1,0,1,345,345,0,130,35,35,0,65,20,0,20,0,3,1,0,2
345,4824,4,rail,1,1,0,1,300,330,0,130,50,30,0,75,15,0,5,0,2,1,0,2
345,4825,4,rail,1,1,0,1,345,390,0,170,35,25,0,45,25,0,5,0,2,1,0,2
345,4826,4,rail,1,1,0,1,275,330,0,155,50,30,0,55,20,0,20,0,1,1,0,2
345,4827,4,rail,1,1,0,1,300,330,0,140,45,30,0,45,10,0,10,0,3,1,0,2
345,4828,4,rail,1,1,0,1,345,390,0,140,30,15,0,65,5,0,20,0,3,1,0,2
345,4829,1,car,1,1,0,1,250,330,0,120,50,30,0,75,25,0,10,0,2,1,0,2
345,4830,1,car,1,1,0,1,300,420,0,170,35,20,0,35,15,0,25,0,2,1,0,2
346,4831,1,car,1,1,1,1,250,330,90,140,30,35,80,65,25,35,15,2,1,0,0,3
346,4832,4,rail,1,1,1,1,300,360,70,155,35,25,80,35,25,45,15,1,2,0,0,3
346,4833,4,rail,1,1,1,1,300,390,80,155,35,25,65,45,15,45,15,1,3,0,0,3
346,4834,1,car,1,1,1,1,250,420,60,140,50,20,95,75,15,45,10,1,3,0,0,3
346,4835,1,car,1,1,1,1,275,390,70,140,35,15,95,65,5,35,20,2,3,0,0,3
346,4836,3,air,1,1,1,1,390,420,50,130,30,20,80,65,20,35,25,2,1,0,0,3
346,4837,3,air,1,1,1,1,300,330,90,120,45,35,50,65,25,55,5,3,1,0,0,3
346,4838,1,car,1,1,1,1,300,330,80,155,40,25,50,35,15,50,5,1,2,0,0,3
346,4839,1,car,1,1,1,1,275,300,80,170,40,35,80,55,10,40,25,1,2,0,0,3
346,4840,4,rail,1,1,1,1,345,345,70,170,35,35,50,45,25,55,5,3,2,0,0,3
346,4841,4,rail,1,1,1,1,275,390,60,155,50,25,65,55,15,50,15,3,2,0,0,3
346,4842,1,car,1,1,1,1,345,360,50,120,35,35,80,75,15,40,10,3,2,0,0,3
346,4843,1,car,1,1,1,1,250,300,50,120,50,35,95,65,5,50,10,2,1,0,0,3
346,4844,4,rail,1,1,1,1,345,345,60,155,40,30,65,45,20,55,5,1,2,0,0,3
347,4845,1,car,1,1,1,1,275,330,70,170,45,15,110,55,5,40,25,2,3,1,0,2
347,4846,1,car,1,1,1,1,275,390,70,155,45,15,80,35,25,55,5,1,1,1,0,2
347,4847,1,car,1,1,1,1,300,300,60,155,45,15,110,65,10,40,20,2,1,1,0,2
347,4848,1,car,1,1,1,1,390,390,60,155,35,35,95,65,10,45,15,2,3,1,0,2
347,4849,4,rail,1,1,1,1,275,360,50,155,40,30,80,55,20,50,5,1,3,1,0,2
347,4850,1,car,1,1,1,1,250,360,60,120,50,25,110,65,15,45,20,3,2,1,0,2
347,4851,4,rail,1,1,1,1,250,390,90,170,45,20,50,35,25,35,15,2,3,1,0,2
347,4852,4,rail,1,1,1,1,275,360,70,170,40,30,65,35,10,50,15,2,3,1,0,2
347,4853,3,air,1,1,1,1,275,390,90,155,30,25,65,65,15,40,25,1,2,1,0,2
347,4854,1,car,1,1,1,1,390,390,90,120,30,25,65,65,25,35,15,3,1,1,0,2
347,4855,4,rail,1,1,1,1,275,330,70,120,50,25,80,55,25,50,5,1,3,1,0,2
347,4856,1,car,1,1,1,1,390,420,60,130,35,15,110,55,25,35,15,2,1,1,0,2
347,4857,3,air,1,1,1,1,300,390,50,170,45,25,50,45,10,55,5,2,1,1,0,2
347,4858,4,rail,1,1,1,1,345,345,50,140,30,35,110,65,5,45,15,2,1,1,0,2
348,4859,4,rail,1,1,0,1,250,330,0,130,50,30,0,55,15,0,10,0,1,0,0,4
348,4860,4,rail,1,1,0,1,275,360,0,120,50,25,0,65,10,0,10,0,2,0,0,4
348,4861,4,rail,1,1,0,1,300,330,0,140,30,35,0,75,15,0,25,0,2,0,0,4
348,4862,4,rail,1,1,0,1,390,390,0,130,30,30,0,65,10,0,25,0,3,0,0,4
348,4863,4,rail,1,1,0,1,300,390,0,120,45,25,0,35,20,0,10,0,2,0,0,4
348,4864,1,car,1,1,0,1,275,420,0,170,30,20,0,35,20,0,25,0,2,0,0,4
348,4865,4,rail,1,1,0,1,300,420,0,155,40,20,0,65,5,0,20,0,1,0,0,4
348,4866,1,car,1,1,0,1,345,420,0,170,35,20,0,35,25,0,15,0,1,0,0,4
348,4867,4,rail,1,1,0,1,250,360,0,170,40,30,0,45,25,0,10,0,2,0,0,4
348,4868,1,car,1,1,0,1,250,420,0,155,40,15,0,75,10,0,25,0,2,0,0,4
348,4869,4,rail,1,1,0,1,390,390,0,170,35,15,0,35,5,0,25,0,3,0,0,4
348,4870,4,rail,1,1,0,1,250,420,0,140,45,15,0,65,20,0,25,0,2,0,0,4
348,4871,4,rail,1,1,0,1,250,390,0,170,40,20,0,35,15,0,25,0,2,0,0,4
348,4872,4,rail,1,1,0,1,300,300,0,170,40,30,0,65,5,0,25,0,2,0,0,4
349,4873,4,rail,1,1,0,1,390,390,0,130,30,15,0,75,10,0,15,0,3,1,1,2
349,4874,4,rail,1,1,0,1,345,345,0,120,45,35,0,45,25,0,5,0,1,1,1,2
349,4875,1,car,1,1,0,1,250,390,0,120,45,20,0,75,20,0,5,0,2,1,1,2
349,4876,1,car,1,1,0,1,390,420,0,130,30,15,0,65,20,0,20,0,1,1,1,2
349,4877,4,rail,1,1,0,1,250,390,0,155,45,15,0,45,10,0,20,0,1,1,1,2
349,4878,4,rail,1,1,0,1,390,390,0,155,40,15,0,65,10,0,25,0,1,1,1,2
349,4879,4,rail,1,1,0,1,250,330,0,155,45,30,0,65,10,0,15,0,3,1,1,2
349,4880,4,rail,1,1,0,1,275,390,0,130,40,15,0,65,5,0,20,0,1,1,1,2
349,4881,4,rail,1,1,0,1,345,360,0,155,50,30,0,45,20,0,5,0,3,1,1,2
349,4882,4,rail,1,1,0,1,390,390,0,120,35,35,0,75,25,0,15,0,2,1,1,2
349,4883,4,rail,1,1,0,1,300,390,0,155,30,15,0,45,5,0,25,0,1,1,1,2
349,4884,4,rail,1,1,0,1,300,330,0,155,35,30,0,45,15,0,20,0,1,1,1,2
349,4885,4,rail,1,1,0,1,250,360,0,120,50,30,0,55,25,0,25,0,2,1,1,2
349,4886,4,rail,1,1,0,1,390,390,0,120,35,35,0,55,20,0,10,0,1,1,1,2
350,4887,4,rail,0,1,1,1,0,390,90,130,0,35,50,75,20,35,25,1,2,1,1,2
350,4888,4,rail,0,1,1,1,0,300,80,170,0,35,110,55,10,40,25,3,2,1,1,2
350,4889,4,rail,0,1,1,1,0,345,90,130,0,25,50,35,10,55,5,2,3,1,1,2
350,4890,3,air,0,1,1,1,0,390,50,155,0,35,80,55,5,55,15,2,1,1,1,2
350,4891,4,rail,0,1,1,1,0,420,60,170,0,15,65,45,15,55,10,1,2,1,1,2
350,4892,4,rail,0,1,1,1,0,420,80,120,0,20,80,75,15,50,10,1,2,1,1,2
350,4893,4,rail,0,1,1,1,0,360,80,120,0,20,80,45,5,40,20,3,2,1,1,2
350,4894,4,rail,0,1,1,1,0,360,90,170,0,30,80,35,15,35,20,2,3,1,1,2
350,4895,4,rail,0,1,1,1,0,420,70,120,0,25,95,45,20,50,15,1,3,1,1,2
350,4896,4,rail,0,1,1,1,0,360,80,120,0,30,95,45,15,35,20,1,2,1,1,2
350,4897,3,air,0,1,1,1,0,300,80,170,0,30,50,35,10,55,5,2,3,1,1,2
350,4898,4,rail,0,1,1,1,0,360,50,130,0,15,110,65,20,45,15,2,3,1,1,2
350,4899,4,rail,0,1,1,1,0,420,60,130,0,20,65,65,20,50,10,1,2,1,1,2
350,4900,3,air,0,1,1,1,0,420,60,140,0,20,50,55,5,55,5,3,1,1,1,2
351,4901,3,air,1,1,1,1,390,390,50,170,40,30,50,35,10,55,5,3,2,0,1,4
351,4902,3,air,1,1,1,1,250,420,90,120,50,15,65,75,25,45,5,1,3,0,1,4
351,4903,4,rail,1,1,1,1,300,390,70,155,30,20,110,75,5,40,25,1,2,0,1,4
351,4904,4,rail,1,1,1,1,250,330,90,170,40,35,80,35,10,40,25,1,2,0,1,4
351,4905,3,air,1,1,1,1,275,420,90,130,30,20,80,75,25,35,25,2,2,0,1,4
351,4906,3,air,1,1,1,1,275,300,50,170,45,30,95,35,25,45,10,3,2,0,1,4
351,4907,1,car,1,1,1,1,275,300,60,120,50,35,110,75,5,40,15,2,3,0,1,4
351,4908,4,rail,1,1,1,1,250,330,70,170,45,20,80,45,10,45,20,1,2,0,1,4
351,4909,4,rail,1,1,1,1,390,420,50,140,35,15,95,55,10,55,10,3,1,0,1,4
351,4910,4,rail,1,1,1,1,345,360,70,140,35,30,110,45,5,40,25,1,3,0,1,4
351,4911,4,rail,1,1,1,1,345,390,80,120,45,25,65,35,25,55,5,3,1,0,1,4
351,4912,4,rail,1,1,1,1,250,390,60,130,50,20,80,75,15,55,15,1,3,0,1,4
351,4913,4,rail,1,1,1,1,275,330,90,140,45,30,65,65,15,45,15,1,2,0,1,4
351,4914,3,air,1,1,1,1,300,420,80,140,45,25,50,55,15,50,10,1,3,0,1,4
352,4915,3,air,1,1,1,1,345,345,90,130,40,30,50,55,15,35,20,2,3,0,0,2
352,4916,4,rail,1,1,1,1,390,390,70,140,35,35,95,45,5,45,20,3,1,0,0,2
352,4917,3,air,1,1,1,1,345,390,80,130,35,20,50,65,25,55,5,3,2,0,0,2
352,4918,1,car,1,1,1,1,275,360,80,140,40,25,80,55,25,40,20,2,1,0,0,2
352,4919,1,car,1,1,1,1,275,420,80,130,45,20,80,35,15,40,15,2,3,0,0,2
352,4920,1,car,1,1,1,1,250,420,60,140,50,20,110,55,20,35,25,3,1,0,0,2
352,4921,1,car,1,1,1,1,390,420,50,130,30,20,65,75,20,55,10,1,2,0,0,2
352,4922,1,car,1,1,1,1,250,420,80,155,35,20,80,55,15,45,20,1,2,0,0,2
352,4923,3,air,1,1,1,1,390,390,50,130,30,20,65,75,10,50,10,2,1,0,0,2
352,4924,1,car,1,1,1,1,390,390,50,140,35,15,110,75,5,50,20,3,1,0,0,2
352,4925,4,rail,1,1,1,1,275,360,80,155,50,15,110,35,5,35,20,2,1,0,0,2
352,4926,4,rail,1,1,1,1,300,390,50,170,40,20,65,45,20,55,5,2,1,0,0,2
352,4927,4,rail,1,1,1,1,345,345,70,130,45,25,110,45,20,35,10,3,1,0,0,2
352,4928,3,air,1,1,1,1,275,420,50,120,50,15,50,75,5,55,5,1,3,0,0,2
353,4929,1,car,1,0,0,1,250,0,0,140,45,0,0,65,0,0,20,0,3,0,0,2
353,4930,1,car,1,0,0,1,345,0,0,140,35,0,0,55,0,0,5,0,3,0,0,2
353,4931,4,rail,1,0,0,1,275,0,0,130,45,0,0,55,0,0,20,0,3,0,0,2
353,4932,4,rail,1,0,0,1,300,0,0,140,40,0,0,55,0,0,25,0,3,0,0,2
353,4933,1,car,1,0,0,1,250,0,0,120,45,0,0,75,0,0,10,0,2,0,0,2
353,4934,1,car,1,0,0,1,390,0,0,140,30,0,0,55,0,0,15,0,1,0,0,2
353,4935,1,car,1,0,0,1,345,0,0,130,35,0,0,75,0,0,15,0,2,0,0,2
353,4936,4,rail,1,0,0,1,345,0,0,120,45,0,0,45,0,0,5,0,1,0,0,2
353,4937,1,car,1,0,0,1,345,0,0,170,30,0,0,35,0,0,15,0,1,0,0,2
353,4938,4,rail,1,0,0,1,250,0,0,155,45,0,0,55,0,0,20,0,1,0,0,2
353,4939,1,car,1,0,0,1,300,0,0,155,45,0,0,65,0,0,20,0,3,0,0,2
353,4940,1,car,1,0,0,1,275,0,0,120,50,0,0,75,0,0,15,0,3,0,0,2
353,4941,4,rail,1,0,0,1,345,0,0,155,30,0,0,55,0,0,10,0,2,0,0,2
353,4942,1,car,1,0,0,1,300,0,0,130,50,0,0,75,0,0,15,0,1,0,0,2
354,4943,1,car,1,1,0,0,390,390,0,0,35,20,0,0,15,0,0,0,0,0,0,4
354,4944,2,bus,1,1,0,0,345,390,0,0,40,25,0,0,25,0,0,0,0,0,0,4
354,4945,1,car,1,1,0,0,390,420,0,0,30,20,0,0,25,0,0,0,0,0,0,4
354,4946,1,car,1,1,0,0,345,390,0,0,40,25,0,0,20,0,0,0,0,0,0,4
354,4947,1,car,1,1,0,0,390,420,0,0,30,15,0,0,5,0,0,0,0,0,0,4
354,4948,1,car,1,1,0,0,345,345,0,0,40,35,0,0,25,0,0,0,0,0,0,4
354,4949,1,car,1,1,0,0,300,390,0,0,40,25,0,0,20,0,0,0,0,0,0,4
354,4950,1,car,1,1,0,0,300,390,0,0,50,15,0,0,10,0,0,0,0,0,0,4
354,4951,1,car,1,1,0,0,345,360,0,0,45,30,0,0,25,0,0,0,0,0,0,4
354,4952,1,car,1,1,0,0,275,360,0,0,50,30,0,0,15,0,0,0,0,0,0,4
354,4953,1,car,1,1,0,0,250,360,0,0,35,20,0,0,5,0,0,0,0,0,0,4
354,4954,2,bus,1,1,0,0,250,330,0,0,50,15,0,0,10,0,0,0,0,0,0,4
354,4955,1,car,1,1,0,0,390,390,0,0,30,35,0,0,10,0,0,0,0,0,0,4
354,4956,1,car,1,1,0,0,345,360,0,0,40,25,0,0,20,0,0,0,0,0,0,4
355,4957,4,rail,1,0,1,1,250,0,70,170,45,0,80,35,0,35,25,3,2,1,0,3
355,4958,4,rail,1,0,1,1,275,0,70,140,50,0,80,35,0,40,15,1,3,1,0,3
355,4959,4,rail,1,0,1,1,390,0,60,130,40,0,110,75,0,50,15,2,1,1,0,3
355,4960,4,rail,1,0,1,1,390,0,60,120,40,0,110,75,0,45,20,1,3,1,0,3
355,4961,4,rail,1,0,1,1,300,0,80,170,40,0,50,35,0,55,5,2,3,1,0,3
355,4962,1,car,1,0,1,1,345,0,70,155,30,0,95,55,0,40,20,1,3,1,0,3
355,4963,3,air,1,0,1,1,345,0,90,130,35,0,50,65,0,35,20,2,3,1,0,3
355,4964,4,rail,1,0,1,1,250,0,60,170,30,0,95,55,0,45,20,1,3,1,0,3
355,4965,3,air,1,0,1,1,345,0,50,170,35,0,50,45,0,55,5,3,2,1,0,3
355,4966,3,air,1,0,1,1,275,0,80,155,50,0,65,55,0,35,20,2,1,1,0,3
355,4967,1,car,1,0,1,1,300,0,60,140,45,0,80,45,0,55,10,1,3,1,0,3
355,4968,1,car,1,0,1,1,345,0,70,140,30,0,95,65,0,45,20,1,3,1,0,3
355,4969,4,rail,1,0,1,1,250,0,60,120,50,0,110,75,0,45,10,3,2,1,0,3
355,4970,4,rail,1,0,1,1,300,0,90,170,35,0,65,35,0,35,25,3,2,1,0,3
356,4971,1,car,1,1,1,1,250,330,90,140,30,35,80,65,25,35,15,2,1,0,0,2
356,4972,4,rail,1,1,1,1,300,360,70,155,35,25,80,35,25,45,15,1,2,0,0,2
356,4973,4,rail,1,1,1,1,300,390,80,155,35,25,65,45,15,45,15,1,3,0,0,2
356,4974,4,rail,1,1,1,1,250,420,60,140,50,20,95,75,15,45,10,1,3,0,0,2
356,4975,1,car,1,1,1,1,390,420,50,130,30,20,80,65,20,35,25,2,1,0,0,2
356,4976,4,rail,1,1,1,1,390,390,70,130,35,35,110,35,25,45,10,3,1,0,0,2
356,4977,1,car,1,1,1,1,300,330,90,120,45,35,50,65,25,55,5,3,1,0,0,2
356,4978,4,rail,1,1,1,1,300,330,80,155,40,25,50,35,15,50,5,1,2,0,0,2
356,4979,4,rail,1,1,1,1,390,390,90,120,30,35,80,55,5,45,15,3,1,0,0,2
356,4980,4,rail,1,1,1,1,275,300,80,170,40,35,80,55,10,40,25,1,2,0,0,2
356,4981,3,air,1,1,1,1,345,345,70,170,35,35,50,45,25,55,5,3,2,0,0,2
356,4982,4,rail,1,1,1,1,275,390,60,155,50,25,65,55,15,50,15,3,2,0,0,2
356,4983,1,car,1,1,1,1,345,360,50,120,35,35,80,75,15,40,10,3,2,0,0,2
356,4984,4,rail,1,1,1,1,250,300,50,120,50,35,95,65,5,50,10,2,1,0,0,2
357,4985,4,rail,1,1,1,1,275,330,80,120,50,35,65,45,20,55,5,3,1,0,0,1
357,4986,4,rail,1,1,1,1,275,390,70,155,45,15,80,35,25,55,5,1,1,0,0,1
357,4987,2,bus,1,1,1,1,300,300,60,155,45,15,110,65,10,40,20,2,1,0,0,1
357,4988,1,car,1,1,1,1,390,390,60,155,35,35,95,65,10,45,15,2,3,0,0,1
357,4989,4,rail,1,1,1,1,275,360,50,155,40,30,80,55,20,50,5,1,3,0,0,1
357,4990,1,car,1,1,1,1,250,360,60,120,50,25,110,65,15,45,20,3,2,0,0,1
357,4991,1,car,1,1,1,1,250,390,90,170,45,20,50,35,25,35,15,2,3,0,0,1
357,4992,4,rail,1,1,1,1,275,360,70,170,40,30,65,35,10,50,15,2,3,0,0,1
357,4993,1,car,1,1,1,1,275,390,90,155,30,25,65,65,15,40,25,1,2,0,0,1
357,4994,1,car,1,1,1,1,390,390,90,120,30,25,65,65,25,35,15,3,1,0,0,1
357,4995,1,car,1,1,1,1,390,420,60,130,35,15,110,55,25,35,15,2,1,0,0,1
357,4996,4,rail,1,1,1,1,300,390,50,170,45,25,50,45,10,55,5,2,1,0,0,1
357,4997,1,car,1,1,1,1,345,345,50,140,30,35,110,65,5,45,15,2,1,0,0,1
357,4998,1,car,1,1,1,1,250,300,80,140,40,30,80,75,15,40,20,1,2,0,0,1
358,4999,3,air,1,0,1,1,250,0,80,130,50,0,50,55,0,55,10,2,1,0,1,4
358,5000,1,car,1,0,1,1,275,0,70,120,50,0,65,65,0,50,10,1,2,0,1,4
358,5001,4,rail,1,0,1,1,300,0,70,140,30,0,95,75,0,50,25,1,2,0,1,4
358,5002,1,car,1,0,1,1,300,0,70,130,40,0,95,75,0,50,10,2,3,0,1,4
358,5003,4,rail,1,0,1,1,300,0,70,120,45,0,95,35,0,50,10,3,2,0,1,4
358,5004,4,rail,1,0,1,1,275,0,80,170,30,0,95,35,0,35,25,3,2,0,1,4
358,5005,4,rail,1,0,1,1,300,0,50,155,40,0,110,65,0,50,20,2,1,0,1,4
358,5006,3,air,1,0,1,1,345,0,60,170,35,0,110,35,0,45,15,2,1,0,1,4
358,5007,4,rail,1,0,1,1,250,0,60,170,40,0,95,45,0,45,10,1,2,0,1,4
358,5008,4,rail,1,0,1,1,345,0,90,155,35,0,65,35,0,50,10,3,1,0,1,4
358,5009,3,air,1,0,1,1,390,0,50,170,35,0,95,35,0,40,25,2,3,0,1,4
358,5010,3,air,1,0,1,1,250,0,90,140,45,0,50,65,0,35,25,3,2,0,1,4
358,5011,3,air,1,0,1,1,250,0,90,170,40,0,65,35,0,35,25,3,2,0,1,4
358,5012,3,air,1,0,1,1,300,0,50,170,40,0,65,65,0,50,25,1,2,0,1,4
359,5013,4,rail,1,1,0,1,390,390,0,130,30,15,0,75,10,0,15,0,3,1,0,2
359,5014,1,car,1,1,0,1,345,345,0,120,45,35,0,45,25,0,5,0,1,1,0,2
359,5015,1,car,1,1,0,1,250,390,0,120,45,20,0,75,20,0,5,0,2,1,0,2
359,5016,1,car,1,1,0,1,300,420,0,130,45,15,0,75,10,0,15,0,3,1,0,2
359,5017,2,bus,1,1,0,1,390,420,0,130,30,15,0,65,20,0,20,0,1,1,0,2
359,5018,4,rail,1,1,0,1,250,390,0,155,45,15,0,45,10,0,20,0,1,1,0,2
359,5019,4,rail,1,1,0,1,390,390,0,155,40,15,0,65,10,0,25,0,1,1,0,2
359,5020,4,rail,1,1,0,1,275,420,0,155,50,20,0,35,15,0,10,0,3,1,0,2
359,5021,4,rail,1,1,0,1,345,360,0,155,50,30,0,45,20,0,5,0,3,1,0,2
359,5022,1,car,1,1,0,1,390,390,0,120,35,35,0,75,25,0,15,0,2,1,0,2
359,5023,1,car,1,1,0,1,300,390,0,155,30,15,0,45,5,0,25,0,1,1,0,2
359,5024,4,rail,1,1,0,1,300,330,0,155,35,30,0,45,15,0,20,0,1,1,0,2
359,5025,4,rail,1,1,0,1,250,360,0,120,50,30,0,55,25,0,25,0,2,1,0,2
359,5026,1,car,1,1,0,1,390,390,0,120,35,35,0,55,20,0,10,0,1,1,0,2
360,5027,3,air,1,1,1,1,390,390,90,130,35,35,50,75,20,35,25,1,2,0,1,4
360,5028,4,rail,1,1,1,1,345,345,90,130,45,25,50,35,10,55,5,2,3,0,1,4
360,5029,3,air,1,1,1,1,390,390,50,155,35,35,80,55,5,55,15,2,1,0,1,4
360,5030,1,car,1,1,1,1,300,330,80,120,45,35,95,55,20,45,5,1,3,0,1,4
360,5031,4,rail,1,1,1,1,345,420,60,170,30,15,65,45,15,55,10,1,2,0,1,4
360,5032,4,rail,1,1,1,1,345,420,80,120,30,20,80,75,15,50,10,1,2,0,1,4
360,5033,1,car,1,1,1,1,250,360,80,120,50,20,80,45,5,40,20,3,2,0,1,4
360,5034,4,rail,1,1,1,1,275,360,90,170,35,30,80,35,15,35,20,2,3,0,1,4
360,5035,4,rail,1,1,1,1,275,360,80,120,50,30,95,45,15,35,20,1,2,0,1,4
360,5036,3,air,1,1,1,1,300,300,80,170,45,30,50,35,10,55,5,2,3,0,1,4
360,5037,3,air,1,1,1,1,275,360,50,130,50,15,110,65,20,45,15,2,3,0,1,4
360,5038,4,rail,1,1,1,1,345,360,60,140,30,25,110,75,25,50,5,3,2,0,1,4
360,5039,3,air,1,1,1,1,250,420,60,130,50,20,65,65,20,50,10,1,2,0,1,4
360,5040,3,air,1,1,1,1,390,420,60,140,35,20,50,55,5,55,5,3,1,0,1,4
361,5041,4,rail,1,1,1,1,390,390,50,170,40,30,50,35,10,55,5,3,2,1,0,2
361,5042,3,air,1,1,1,1,390,420,50,140,30,20,80,55,15,55,5,2,1,1,0,2
361,5043,1,car,1,1,1,1,250,420,90,120,50,15,65,75,25,45,5,1,3,1,0,2
361,5044,4,rail,1,1,1,1,300,390,70,155,30,20,110,75,5,40,25,1,2,1,0,2
361,5045,1,car,1,1,1,1,275,420,90,130,30,20,80,75,25,35,25,2,2,1,0,2
361,5046,4,rail,1,1,1,1,275,300,50,170,45,30,95,35,25,45,10,3,2,1,0,2
361,5047,4,rail,1,1,1,1,275,300,60,120,50,35,110,75,5,40,15,2,3,1,0,2
361,5048,4,rail,1,1,1,1,250,330,70,170,45,20,80,45,10,45,20,1,2,1,0,2
361,5049,4,rail,1,1,1,1,390,420,50,140,35,15,95,55,10,55,10,3,1,1,0,2
361,5050,4,rail,1,1,1,1,345,360,70,140,35,30,110,45,5,40,25,1,3,1,0,2
361,5051,4,rail,1,1,1,1,345,390,80,120,45,25,65,35,25,55,5,3,1,1,0,2
361,5052,1,car,1,1,1,1,250,390,60,130,50,20,80,75,15,55,15,1,3,1,0,2
361,5053,4,rail,1,1,1,1,390,390,70,170,30,35,110,35,5,35,25,2,3,1,0,2
361,5054,4,rail,1,1,1,1,300,420,80,140,45,25,50,55,15,50,10,1,3,1,0,2
362,5055,3,air,1,1,1,0,300,330,70,0,40,25,80,0,15,35,0,3,0,0,1,4
362,5056,3,air,1,1,1,0,390,390,70,0,35,35,95,0,5,45,0,3,0,0,1,4
362,5057,3,air,1,1,1,0,345,390,80,0,35,20,50,0,25,55,0,3,0,0,1,4
362,5058,1,car,1,1,1,0,275,360,80,0,40,25,80,0,25,40,0,2,0,0,1,4
362,5059,3,air,1,1,1,0,275,420,80,0,45,20,80,0,15,40,0,2,0,0,1,4
362,5060,3,air,1,1,1,0,250,420,60,0,50,20,110,0,20,35,0,3,0,0,1,4
362,5061,3,air,1,1,1,0,390,420,50,0,30,20,65,0,20,55,0,1,0,0,1,4
362,5062,1,car,1,1,1,0,250,420,80,0,35,20,80,0,15,45,0,1,0,0,1,4
362,5063,1,car,1,1,1,0,300,300,80,0,35,30,95,0,20,35,0,3,0,0,1,4
362,5064,1,car,1,1,1,0,390,390,50,0,30,20,65,0,10,50,0,2,0,0,1,4
362,5065,3,air,1,1,1,0,390,390,50,0,35,15,110,0,5,50,0,3,0,0,1,4
362,5066,3,air,1,1,1,0,300,390,50,0,40,20,65,0,20,55,0,2,0,0,1,4
362,5067,1,car,1,1,1,0,345,345,70,0,45,25,110,0,20,35,0,3,0,0,1,4
362,5068,3,air,1,1,1,0,275,420,50,0,50,15,50,0,5,55,0,1,0,0,1,4
363,5069,3,air,0,1,1,1,0,360,90,140,0,20,50,65,10,40,20,2,3,1,0,4
363,5070,3,air,0,1,1,1,0,360,60,140,0,30,50,55,25,55,5,2,3,1,0,4
363,5071,4,rail,0,1,1,1,0,360,90,130,0,25,65,55,20,35,20,2,3,1,0,4
363,5072,3,air,0,1,1,1,0,300,70,120,0,35,65,75,20,50,10,1,2,1,0,4
363,5073,4,rail,0,1,1,1,0,390,90,140,0,25,50,55,5,50,15,3,1,1,0,4
363,5074,4,rail,0,1,1,1,0,345,90,130,0,35,65,35,10,40,20,3,1,1,0,4
363,5075,3,air,0,1,1,1,0,345,60,130,0,35,95,75,10,40,15,3,2,1,0,4
363,5076,4,rail,0,1,1,1,0,345,80,120,0,30,110,45,25,40,5,3,1,1,0,4
363,5077,4,rail,0,1,1,1,0,420,60,170,0,15,110,35,20,40,15,2,1,1,0,4
363,5078,4,rail,0,1,1,1,0,300,80,155,0,35,95,45,10,40,25,3,1,1,0,4
363,5079,4,rail,0,1,1,1,0,300,60,155,0,35,110,65,5,50,20,1,3,1,0,4
363,5080,4,rail,0,1,1,1,0,360,70,120,0,20,110,75,25,40,15,1,3,1,0,4
363,5081,4,rail,0,1,1,1,0,345,80,155,0,30,50,55,15,50,10,1,2,1,0,4
363,5082,3,air,0,1,1,1,0,300,80,130,0,25,50,75,5,50,15,2,1,1,0,4
364,5083,3,air,1,1,1,1,390,390,50,155,35,20,50,55,15,45,15,2,3,1,1,1
364,5084,4,rail,1,1,1,1,345,390,60,130,40,25,110,45,25,40,10,3,1,1,1,1
364,5085,1,car,1,1,1,1,390,420,60,130,30,20,95,55,25,55,5,2,1,1,1,1
364,5086,4,rail,1,1,1,1,345,390,50,140,40,25,80,45,20,50,10,3,2,1,1,1
364,5087,4,rail,1,1,1,1,300,420,50,130,50,15,110,75,20,45,10,2,3,1,1,1
364,5088,4,rail,1,1,1,1,345,345,80,120,40,35,80,45,25,45,10,3,1,1,1,1
364,5089,4,rail,1,1,1,1,300,390,60,170,40,25,65,45,20,55,15,3,2,1,1,1
364,5090,3,air,1,1,1,1,300,390,60,140,50,15,50,65,10,55,5,3,1,1,1,1
364,5091,4,rail,1,1,1,1,345,360,90,120,45,30,95,45,25,40,10,2,3,1,1,1
364,5092,3,air,1,1,1,1,275,360,50,155,50,30,50,45,15,50,10,2,1,1,1,1
364,5093,4,rail,1,1,1,1,250,360,70,170,35,20,95,45,5,40,25,3,2,1,1,1
364,5094,1,car,1,1,1,1,390,390,70,120,30,15,110,65,10,40,25,1,3,1,1,1
364,5095,4,rail,1,1,1,1,250,330,70,140,50,15,95,65,10,45,20,3,1,1,1,1
364,5096,3,air,1,1,1,1,345,360,90,140,40,25,50,35,20,55,5,2,3,1,1,1
365,5097,1,car,1,1,1,1,250,300,70,170,45,25,80,35,5,35,25,3,2,0,1,2
365,5098,4,rail,1,1,1,1,275,390,70,140,50,25,80,35,20,40,15,1,3,0,1,2
365,5099,4,rail,1,1,1,1,390,390,60,130,40,25,110,75,5,50,15,2,1,0,1,2
365,5100,4,rail,1,1,1,1,390,390,60,120,40,20,110,75,5,45,20,1,3,0,1,2
365,5101,4,rail,1,1,1,1,345,345,70,155,30,35,95,55,15,40,20,1,3,0,1,2
365,5102,4,rail,1,1,1,1,275,300,70,170,40,30,65,35,5,45,25,1,3,0,1,2
365,5103,3,air,1,1,1,1,345,345,90,130,35,35,50,65,20,35,20,2,3,0,1,2
365,5104,1,car,1,1,1,1,300,330,50,130,50,30,65,75,15,55,5,3,2,0,1,2
365,5105,1,car,1,1,1,1,250,360,60,170,30,30,95,55,25,45,20,1,3,0,1,2
365,5106,3,air,1,1,1,1,345,390,50,170,35,25,50,45,25,55,5,3,2,0,1,2
365,5107,4,rail,1,1,1,1,300,330,60,140,45,30,80,45,10,55,10,1,3,0,1,2
365,5108,3,air,1,1,1,1,345,390,70,140,30,15,95,65,5,45,20,1,3,0,1,2
365,5109,4,rail,1,1,1,1,250,330,60,120,50,30,110,75,25,45,10,3,2,0,1,2
365,5110,4,rail,1,1,1,1,300,420,90,170,35,20,65,35,15,35,25,3,2,0,1,2
366,5111,4,rail,1,1,1,1,250,330,90,140,30,35,80,65,25,35,15,2,1,0,0,4
366,5112,4,rail,1,1,1,1,300,360,70,155,35,25,80,35,25,45,15,1,2,0,0,4
366,5113,1,car,1,1,1,1,300,390,80,155,35,25,65,45,15,45,15,1,3,0,0,4
366,5114,1,car,1,1,1,1,250,420,60,140,50,20,95,75,15,45,10,1,3,0,0,4
366,5115,4,rail,1,1,1,1,390,420,50,130,30,20,80,65,20,35,25,2,1,0,0,4
366,5116,4,rail,1,1,1,1,390,390,70,130,35,35,110,35,25,45,10,3,1,0,0,4
366,5117,3,air,1,1,1,1,300,330,90,120,45,35,50,65,25,55,5,3,1,0,0,4
366,5118,4,rail,1,1,1,1,300,330,80,155,40,25,50,35,15,50,5,1,2,0,0,4
366,5119,4,rail,1,1,1,1,390,390,90,120,30,35,80,55,5,45,15,3,1,0,0,4
366,5120,4,rail,1,1,1,1,275,300,80,170,40,35,80,55,10,40,25,1,2,0,0,4
366,5121,1,car,1,1,1,1,345,345,70,170,35,35,50,45,25,55,5,3,2,0,0,4
366,5122,1,car,1,1,1,1,275,390,60,155,50,25,65,55,15,50,15,3,2,0,0,4
366,5123,1,car,1,1,1,1,250,300,50,120,50,35,95,65,5,50,10,2,1,0,0,4
366,5124,4,rail,1,1,1,1,345,345,60,155,40,30,65,45,20,55,5,1,2,0,0,4
367,5125,4,rail,1,1,1,1,275,330,80,120,50,35,65,45,20,55,5,3,1,1,0,2
367,5126,4,rail,1,1,1,1,275,330,70,170,45,15,110,55,5,40,25,2,3,1,0,2
367,5127,1,car,1,1,1,1,275,390,70,155,45,15,80,35,25,55,5,1,1,1,0,2
367,5128,4,rail,1,1,1,1,300,300,60,155,45,15,110,65,10,40,20,2,1,1,0,2
367,5129,1,car,1,1,1,1,390,390,60,155,35,35,95,65,10,45,15,2,3,1,0,2
367,5130,4,rail,1,1,1,1,275,360,50,155,40,30,80,55,20,50,5,1,3,1,0,2
367,5131,3,air,1,1,1,1,250,390,90,170,45,20,50,35,25,35,15,2,3,1,0,2
367,5132,4,rail,1,1,1,1,275,390,90,155,30,25,65,65,15,40,25,1,2,1,0,2
367,5133,3,air,1,1,1,1,390,390,90,120,30,25,65,65,25,35,15,3,1,1,0,2
367,5134,4,rail,1,1,1,1,275,330,70,120,50,25,80,55,25,50,5,1,3,1,0,2
367,5135,4,rail,1,1,1,1,390,420,60,130,35,15,110,55,25,35,15,2,1,1,0,2
367,5136,4,rail,1,1,1,1,300,390,50,170,45,25,50,45,10,55,5,2,1,1,0,2
367,5137,2,bus,1,1,1,1,345,345,50,140,30,35,110,65,5,45,15,2,1,1,0,2
367,5138,1,car,1,1,1,1,250,300,80,140,40,30,80,75,15,40,20,1,2,1,0,2
368,5139,1,car,1,1,1,1,250,330,80,130,50,30,50,55,15,55,10,2,1,0,0,1
368,5140,1,car,1,1,1,1,275,360,70,120,50,25,65,65,10,50,10,1,2,0,0,1
368,5141,1,car,1,1,1,1,300,330,70,140,30,35,95,75,15,50,25,1,2,0,0,1
368,5142,1,car,1,1,1,1,390,390,80,130,30,30,80,65,10,35,25,1,3,0,0,1
368,5143,4,rail,1,1,1,1,300,390,70,130,40,15,95,75,5,50,10,2,3,0,0,1
368,5144,4,rail,1,1,1,1,300,390,70,120,45,25,95,35,20,50,10,3,2,0,0,1
368,5145,4,rail,1,1,1,1,275,420,80,170,30,20,95,35,20,35,25,3,2,0,0,1
368,5146,4,rail,1,1,1,1,345,420,60,170,35,20,110,35,25,45,15,2,1,0,0,1
368,5147,1,car,1,1,1,1,250,360,60,170,40,30,95,45,25,45,10,1,2,0,0,1
368,5148,1,car,1,1,1,1,250,420,50,155,40,15,95,75,10,40,25,1,2,0,0,1
368,5149,4,rail,1,1,1,1,345,390,90,155,35,15,65,35,10,50,10,3,1,0,0,1
368,5150,1,car,1,1,1,1,390,390,50,170,35,15,95,35,5,40,25,2,3,0,0,1
368,5151,1,car,1,1,1,1,250,420,90,140,45,15,50,65,20,35,25,3,2,0,0,1
368,5152,4,rail,1,1,1,1,250,390,90,170,40,20,65,35,15,35,25,3,2,0,0,1
369,5153,2,bus,1,1,1,1,390,390,70,130,30,15,95,75,10,45,15,2,3,1,0,1
369,5154,4,rail,1,1,1,1,345,345,60,120,45,35,95,45,25,50,5,3,1,1,0,1
369,5155,2,bus,1,1,1,1,300,420,50,130,45,15,110,75,10,45,15,2,3,1,0,1
369,5156,4,rail,1,1,1,1,390,420,90,130,30,15,65,65,20,35,20,3,1,1,0,1
369,5157,4,rail,1,1,1,1,250,390,80,155,45,15,65,45,10,50,20,3,1,1,0,1
369,5158,1,car,1,1,1,1,390,390,60,155,40,15,110,65,10,35,25,2,1,1,0,1
369,5159,1,car,1,1,1,1,250,330,80,155,45,30,50,65,10,45,15,1,3,1,0,1
369,5160,2,bus,1,1,1,1,275,390,90,130,40,15,80,65,5,40,20,3,1,1,0,1
369,5161,4,rail,1,1,1,1,275,420,50,155,50,20,80,35,15,50,10,1,3,1,0,1
369,5162,4,rail,1,1,1,1,345,360,50,155,50,30,80,45,20,55,5,2,3,1,0,1
369,5163,1,car,1,1,1,1,390,390,50,120,35,35,95,75,25,35,15,1,2,1,0,1
369,5164,1,car,1,1,1,1,300,390,80,155,30,15,95,45,5,45,25,3,1,1,0,1
369,5165,3,air,1,1,1,1,300,330,90,155,35,30,65,45,15,35,20,3,1,1,0,1
369,5166,1,car,1,1,1,1,250,360,90,120,50,30,65,55,25,35,25,3,2,1,0,1
370,5167,4,rail,1,1,1,1,300,300,80,170,30,35,110,55,10,40,25,3,2,0,0,3
370,5168,4,rail,1,1,1,1,345,345,90,130,45,25,50,35,10,55,5,2,3,0,0,3
370,5169,4,rail,1,1,1,1,390,390,50,155,35,35,80,55,5,55,15,2,1,0,0,3
370,5170,4,rail,1,1,1,1,300,330,80,120,45,35,95,55,20,45,5,1,3,0,0,3
370,5171,4,rail,1,1,1,1,345,420,60,170,30,15,65,45,15,55,10,1,2,0,0,3
370,5172,3,air,1,1,1,1,345,420,80,120,30,20,80,75,15,50,10,1,2,0,0,3
370,5173,2,bus,1,1,1,1,250,360,80,120,50,20,80,45,5,40,20,3,2,0,0,3
370,5174,4,rail,1,1,1,1,275,360,90,170,35,30,80,35,15,35,20,2,3,0,0,3
370,5175,4,rail,1,1,1,1,275,420,70,120,50,25,95,45,20,50,15,1,3,0,0,3
370,5176,1,car,1,1,1,1,275,360,80,120,50,30,95,45,15,35,20,1,2,0,0,3
370,5177,3,air,1,1,1,1,300,300,80,170,45,30,50,35,10,55,5,2,3,0,0,3
370,5178,1,car,1,1,1,1,345,360,60,140,30,25,110,75,25,50,5,3,2,0,0,3
370,5179,4,rail,1,1,1,1,250,420,60,130,50,20,65,65,20,50,10,1,2,0,0,3
370,5180,4,rail,1,1,1,1,390,420,60,140,35,20,50,55,5,55,5,3,1,0,0,3
371,5181,3,air,0,1,1,0,0,390,50,0,0,30,50,0,10,55,0,3,0,0,1,1
371,5182,3,air,0,1,1,0,0,420,50,0,0,20,80,0,15,55,0,2,0,0,1,1
371,5183,3,air,0,1,1,0,0,420,90,0,0,15,65,0,25,45,0,1,0,0,1,1
371,5184,3,air,0,1,1,0,0,330,90,0,0,35,80,0,10,40,0,1,0,0,1,1
371,5185,3,air,0,1,1,0,0,420,90,0,0,20,80,0,25,35,0,2,0,0,1,1
371,5186,3,air,0,1,1,0,0,300,50,0,0,30,95,0,25,45,0,3,0,0,1,1
371,5187,3,air,0,1,1,0,0,300,60,0,0,35,110,0,5,40,0,2,0,0,1,1
371,5188,3,air,0,1,1,0,0,420,50,0,0,15,95,0,10,55,0,3,0,0,1,1
371,5189,3,air,0,1,1,0,0,360,70,0,0,30,110,0,5,40,0,1,0,0,1,1
371,5190,3,air,0,1,1,0,0,390,80,0,0,25,65,0,25,55,0,3,0,0,1,1
371,5191,3,air,0,1,1,0,0,390,60,0,0,20,80,0,15,55,0,1,0,0,1,1
371,5192,3,air,0,1,1,0,0,390,70,0,0,35,110,0,5,35,0,2,0,0,1,1
371,5193,3,air,0,1,1,0,0,330,90,0,0,30,65,0,15,45,0,1,0,0,1,1
371,5194,3,air,0,1,1,0,0,420,80,0,0,25,50,0,15,50,0,1,0,0,1,1
372,5195,1,car,1,0,1,1,300,0,70,170,40,0,80,35,0,35,25,3,2,1,1,2
372,5196,3,air,1,0,1,1,345,0,90,130,40,0,50,55,0,35,20,2,3,1,1,2
372,5197,4,rail,1,0,1,1,390,0,70,140,35,0,95,45,0,45,20,3,1,1,1,2
372,5198,3,air,1,0,1,1,345,0,80,130,35,0,50,65,0,55,5,3,2,1,1,2
372,5199,3,air,1,0,1,1,275,0,80,140,40,0,80,55,0,40,20,2,1,1,1,2
372,5200,4,rail,1,0,1,1,250,0,60,140,50,0,110,55,0,35,25,3,1,1,1,2
372,5201,4,rail,1,0,1,1,390,0,50,130,30,0,65,75,0,55,10,1,2,1,1,2
372,5202,4,rail,1,0,1,1,250,0,80,155,35,0,80,55,0,45,20,1,2,1,1,2
372,5203,4,rail,1,0,1,1,300,0,80,140,35,0,95,45,0,35,20,3,2,1,1,2
372,5204,4,rail,1,0,1,1,390,0,50,140,35,0,110,75,0,50,20,3,1,1,1,2
372,5205,4,rail,1,0,1,1,275,0,80,155,50,0,110,35,0,35,20,2,1,1,1,2
372,5206,3,air,1,0,1,1,300,0,50,170,40,0,65,45,0,55,5,2,1,1,1,2
372,5207,3,air,1,0,1,1,345,0,70,130,45,0,110,45,0,35,10,3,1,1,1,2
372,5208,3,air,1,0,1,1,275,0,50,120,50,0,50,75,0,55,5,1,3,1,1,2
373,5209,3,air,0,1,1,1,0,360,90,140,0,20,50,65,10,40,20,2,3,0,0,4
373,5210,3,air,0,1,1,1,0,360,60,140,0,30,50,55,25,55,5,2,3,0,0,4
373,5211,4,rail,0,1,1,1,0,360,90,130,0,25,65,55,20,35,20,2,3,0,0,4
373,5212,4,rail,0,1,1,1,0,420,90,140,0,15,50,55,10,35,25,1,3,0,0,4
373,5213,3,air,0,1,1,1,0,390,90,140,0,25,50,55,5,50,15,3,1,0,0,4
373,5214,4,rail,0,1,1,1,0,345,90,130,0,35,65,35,10,40,20,3,1,0,0,4
373,5215,4,rail,0,1,1,1,0,345,60,130,0,35,95,75,10,40,15,3,2,0,0,4
373,5216,4,rail,0,1,1,1,0,345,80,120,0,30,110,45,25,40,5,3,1,0,0,4
373,5217,4,rail,0,1,1,1,0,420,60,170,0,15,110,35,20,40,15,2,1,0,0,4
373,5218,3,air,0,1,1,1,0,390,90,155,0,25,50,55,20,40,20,2,1,0,0,4
373,5219,4,rail,0,1,1,1,0,300,80,155,0,35,95,45,10,40,25,3,1,0,0,4
373,5220,4,rail,0,1,1,1,0,360,70,120,0,20,110,75,25,40,15,1,3,0,0,4
373,5221,4,rail,0,1,1,1,0,345,80,155,0,30,50,55,15,50,10,1,2,0,0,4
373,5222,3,air,0,1,1,1,0,300,80,130,0,25,50,75,5,50,15,2,1,0,0,4
374,5223,4,rail,1,0,1,1,345,0,60,130,40,0,110,45,0,40,10,3,1,1,1,4
374,5224,3,air,1,0,1,1,390,0,60,130,30,0,95,55,0,55,5,2,1,1,1,4
374,5225,4,rail,1,0,1,1,345,0,50,140,40,0,80,45,0,50,10,3,2,1,1,4
374,5226,4,rail,1,0,1,1,300,0,50,130,50,0,110,75,0,45,10,2,3,1,1,4
374,5227,3,air,1,0,1,1,390,0,60,140,30,0,110,65,0,40,25,2,1,1,1,4
374,5228,3,air,1,0,1,1,345,0,80,120,40,0,80,45,0,45,10,3,1,1,1,4
374,5229,3,air,1,0,1,1,300,0,60,170,40,0,65,45,0,55,15,3,2,1,1,4
374,5230,3,air,1,0,1,1,300,0,60,140,50,0,50,65,0,55,5,3,1,1,1,4
374,5231,3,air,1,0,1,1,345,0,90,120,45,0,95,45,0,40,10,2,3,1,1,4
374,5232,3,air,1,0,1,1,275,0,50,155,50,0,50,45,0,50,10,2,1,1,1,4
374,5233,1,car,1,0,1,1,250,0,70,170,35,0,95,45,0,40,25,3,2,1,1,4
374,5234,4,rail,1,0,1,1,390,0,70,120,30,0,110,65,0,40,25,1,3,1,1,4
374,5235,4,rail,1,0,1,1,250,0,70,140,50,0,95,65,0,45,20,3,1,1,1,4
374,5236,3,air,1,0,1,1,345,0,90,140,40,0,50,35,0,55,5,2,3,1,1,4
375,5237,2,bus,0,1,1,0,0,300,70,0,0,25,80,0,5,35,0,3,0,1,0,2
375,5238,2,bus,0,1,1,0,0,390,70,0,0,25,80,0,20,40,0,1,0,1,0,2
375,5239,2,bus,0,1,1,0,0,390,60,0,0,25,110,0,5,50,0,2,0,1,0,2
375,5240,2,bus,0,1,1,0,0,360,80,0,0,25,50,0,15,55,0,2,0,1,0,2
375,5241,3,air,0,1,1,0,0,345,70,0,0,35,95,0,15,40,0,1,0,1,0,2
375,5242,3,air,0,1,1,0,0,300,70,0,0,30,65,0,5,45,0,1,0,1,0,2
375,5243,3,air,0,1,1,0,0,345,90,0,0,35,50,0,20,35,0,2,0,1,0,2
375,5244,3,air,0,1,1,0,0,330,50,0,0,30,65,0,15,55,0,3,0,1,0,2
375,5245,3,air,0,1,1,0,0,360,60,0,0,30,95,0,25,45,0,1,0,1,0,2
375,5246,3,air,0,1,1,0,0,390,50,0,0,25,50,0,25,55,0,3,0,1,0,2
375,5247,2,bus,0,1,1,0,0,330,60,0,0,30,80,0,10,55,0,1,0,1,0,2
375,5248,2,bus,0,1,1,0,0,390,70,0,0,15,95,0,5,45,0,1,0,1,0,2
375,5249,3,air,0,1,1,0,0,330,60,0,0,30,110,0,25,45,0,3,0,1,0,2
375,5250,3,air,0,1,1,0,0,420,90,0,0,20,65,0,15,35,0,3,0,1,0,2
376,5251,1,car,1,1,0,1,250,330,0,140,30,35,0,65,25,0,15,0,1,1,0,4
376,5252,4,rail,1,1,0,1,300,360,0,155,35,25,0,35,25,0,15,0,2,1,0,4
376,5253,4,rail,1,1,0,1,300,390,0,155,35,25,0,45,15,0,15,0,3,1,0,4
376,5254,4,rail,1,1,0,1,250,420,0,140,50,20,0,75,15,0,10,0,3,1,0,4
376,5255,1,car,1,1,0,1,275,390,0,140,35,15,0,65,5,0,20,0,3,1,0,4
376,5256,4,rail,1,1,0,1,390,420,0,130,30,20,0,65,20,0,25,0,1,1,0,4
376,5257,1,car,1,1,0,1,390,390,0,130,35,35,0,35,25,0,10,0,1,1,0,4
376,5258,4,rail,1,1,0,1,300,330,0,155,40,25,0,35,15,0,5,0,2,1,0,4
376,5259,1,car,1,1,0,1,390,390,0,120,30,35,0,55,5,0,15,0,1,1,0,4
376,5260,4,rail,1,1,0,1,345,345,0,170,35,35,0,45,25,0,5,0,2,1,0,4
376,5261,4,rail,1,1,0,1,275,390,0,155,50,25,0,55,15,0,15,0,2,1,0,4
376,5262,1,car,1,1,0,1,345,360,0,120,35,35,0,75,15,0,10,0,2,1,0,4
376,5263,1,car,1,1,0,1,250,300,0,120,50,35,0,65,5,0,10,0,1,1,0,4
376,5264,4,rail,1,1,0,1,345,345,0,155,40,30,0,45,20,0,5,0,2,1,0,4
377,5265,1,car,1,1,1,1,275,330,80,120,50,35,65,45,20,55,5,3,1,0,0,1
377,5266,2,bus,1,1,1,1,275,330,70,170,45,15,110,55,5,40,25,2,3,0,0,1
377,5267,4,rail,1,1,1,1,275,390,70,155,45,15,80,35,25,55,5,1,1,0,0,1
377,5268,2,bus,1,1,1,1,300,300,60,155,45,15,110,65,10,40,20,2,1,0,0,1
377,5269,1,car,1,1,1,1,390,390,60,155,35,35,95,65,10,45,15,2,3,0,0,1
377,5270,4,rail,1,1,1,1,275,360,50,155,40,30,80,55,20,50,5,1,3,0,0,1
377,5271,4,rail,1,1,1,1,250,390,90,170,45,20,50,35,25,35,15,2,3,0,0,1
377,5272,1,car,1,1,1,1,275,360,70,170,40,30,65,35,10,50,15,2,3,0,0,1
377,5273,1,car,1,1,1,1,275,390,90,155,30,25,65,65,15,40,25,1,2,0,0,1
377,5274,2,bus,1,1,1,1,390,390,90,120,30,25,65,65,25,35,15,3,1,0,0,1
377,5275,4,rail,1,1,1,1,275,330,70,120,50,25,80,55,25,50,5,1,3,0,0,1
377,5276,4,rail,1,1,1,1,390,420,60,130,35,15,110,55,25,35,15,2,1,0,0,1
377,5277,3,air,1,1,1,1,300,390,50,170,45,25,50,45,10,55,5,2,1,0,0,1
377,5278,1,car,1,1,1,1,250,300,80,140,40,30,80,75,15,40,20,1,2,0,0,1
378,5279,1,car,1,0,1,1,250,0,80,130,50,0,50,55,0,55,10,2,1,1,0,2
378,5280,1,car,1,0,1,1,275,0,70,120,50,0,65,65,0,50,10,1,2,1,0,2
378,5281,1,car,1,0,1,1,300,0,70,140,30,0,95,75,0,50,25,1,2,1,0,2
378,5282,3,air,1,0,1,1,390,0,80,130,30,0,80,65,0,35,25,1,3,1,0,2
378,5283,1,car,1,0,1,1,300,0,70,130,40,0,95,75,0,50,10,2,3,1,0,2
378,5284,4,rail,1,0,1,1,300,0,70,120,45,0,95,35,0,50,10,3,2,1,0,2
378,5285,4,rail,1,0,1,1,300,0,50,155,40,0,110,65,0,50,20,2,1,1,0,2
378,5286,1,car,1,0,1,1,250,0,60,170,40,0,95,45,0,45,10,1,2,1,0,2
378,5287,1,car,1,0,1,1,250,0,50,155,40,0,95,75,0,40,25,1,2,1,0,2
378,5288,4,rail,1,0,1,1,345,0,90,155,35,0,65,35,0,50,10,3,1,1,0,2
378,5289,1,car,1,0,1,1,390,0,50,170,35,0,95,35,0,40,25,2,3,1,0,2
378,5290,3,air,1,0,1,1,250,0,90,140,45,0,50,65,0,35,25,3,2,1,0,2
378,5291,4,rail,1,0,1,1,250,0,90,170,40,0,65,35,0,35,25,3,2,1,0,2
378,5292,1,car,1,0,1,1,300,0,50,170,40,0,65,65,0,50,25,1,2,1,0,2
379,5293,2,bus,1,1,1,1,390,390,70,130,30,15,95,75,10,45,15,2,3,1,0,4
379,5294,4,rail,1,1,1,1,345,345,60,120,45,35,95,45,25,50,5,3,1,1,0,4
379,5295,3,air,1,1,1,1,250,390,90,120,45,20,50,75,20,50,5,1,2,1,0,4
379,5296,1,car,1,1,1,1,300,420,50,130,45,15,110,75,10,45,15,2,3,1,0,4
379,5297,4,rail,1,1,1,1,250,390,80,155,45,15,65,45,10,50,20,3,1,1,0,4
379,5298,2,bus,1,1,1,1,390,390,60,155,40,15,110,65,10,35,25,2,1,1,0,4
379,5299,3,air,1,1,1,1,250,330,80,155,45,30,50,65,10,45,15,1,3,1,0,4
379,5300,1,car,1,1,1,1,275,390,90,130,40,15,80,65,5,40,20,3,1,1,0,4
379,5301,4,rail,1,1,1,1,275,420,50,155,50,20,80,35,15,50,10,1,3,1,0,4
379,5302,4,rail,1,1,1,1,345,360,50,155,50,30,80,45,20,55,5,2,3,1,0,4
379,5303,4,rail,1,1,1,1,390,390,50,120,35,35,95,75,25,35,15,1,2,1,0,4
379,5304,4,rail,1,1,1,1,300,390,80,155,30,15,95,45,5,45,25,3,1,1,0,4
379,5305,3,air,1,1,1,1,250,360,90,120,50,30,65,55,25,35,25,3,2,1,0,4
379,5306,3,air,1,1,1,1,390,390,70,120,35,35,95,55,20,45,10,1,1,1,0,4
380,5307,3,air,0,1,1,0,0,390,90,0,0,35,50,0,20,35,0,1,0,1,0,4
380,5308,2,bus,0,1,1,0,0,300,80,0,0,35,110,0,10,40,0,3,0,1,0,4
380,5309,3,air,0,1,1,0,0,345,90,0,0,25,50,0,10,55,0,2,0,1,0,4
380,5310,3,air,0,1,1,0,0,390,50,0,0,35,80,0,5,55,0,2,0,1,0,4
380,5311,3,air,0,1,1,0,0,420,60,0,0,15,65,0,15,55,0,1,0,1,0,4
380,5312,3,air,0,1,1,0,0,420,80,0,0,20,80,0,15,50,0,1,0,1,0,4
380,5313,3,air,0,1,1,0,0,360,80,0,0,20,80,0,5,40,0,3,0,1,0,4
380,5314,2,bus,0,1,1,0,0,360,90,0,0,30,80,0,15,35,0,2,0,1,0,4
380,5315,2,bus,0,1,1,0,0,360,80,0,0,30,95,0,15,35,0,1,0,1,0,4
380,5316,3,air,0,1,1,0,0,300,80,0,0,30,50,0,10,55,0,2,0,1,0,4
380,5317,2,bus,0,1,1,0,0,360,50,0,0,15,110,0,20,45,0,2,0,1,0,4
380,5318,3,air,0,1,1,0,0,360,60,0,0,25,110,0,25,50,0,3,0,1,0,4
380,5319,3,air,0,1,1,0,0,420,60,0,0,20,65,0,20,50,0,1,0,1,0,4
380,5320,3,air,0,1,1,0,0,420,60,0,0,20,50,0,5,55,0,3,0,1,0,4
381,5321,4,rail,1,1,1,1,390,390,50,170,40,30,50,35,10,55,5,3,2,0,0,1
381,5322,1,car,1,1,1,1,390,420,50,140,30,20,80,55,15,55,5,2,1,0,0,1
381,5323,3,air,1,1,1,1,250,420,90,120,50,15,65,75,25,45,5,1,3,0,0,1
381,5324,4,rail,1,1,1,1,250,330,90,170,40,35,80,35,10,40,25,1,2,0,0,1
381,5325,1,car,1,1,1,1,275,420,90,130,30,20,80,75,25,35,25,2,2,0,0,1
381,5326,4,rail,1,1,1,1,275,300,50,170,45,30,95,35,25,45,10,3,2,0,0,1
381,5327,2,bus,1,1,1,1,275,300,60,120,50,35,110,75,5,40,15,2,3,0,0,1
381,5328,1,car,1,1,1,1,390,420,50,140,35,15,95,55,10,55,10,3,1,0,0,1
381,5329,4,rail,1,1,1,1,345,360,70,140,35,30,110,45,5,40,25,1,3,0,0,1
381,5330,4,rail,1,1,1,1,345,390,80,120,45,25,65,35,25,55,5,3,1,0,0,1
381,5331,1,car,1,1,1,1,250,390,60,130,50,20,80,75,15,55,15,1,3,0,0,1
381,5332,4,rail,1,1,1,1,390,390,70,170,30,35,110,35,5,35,25,2,3,0,0,1
381,5333,1,car,1,1,1,1,275,330,90,140,45,30,65,65,15,45,15,1,2,0,0,1
381,5334,1,car,1,1,1,1,300,420,80,140,45,25,50,55,15,50,10,1,3,0,0,1
382,5335,2,bus,1,1,1,0,300,330,70,0,40,25,80,0,15,35,0,3,0,1,0,2
382,5336,1,car,1,1,1,0,390,390,70,0,35,35,95,0,5,45,0,3,0,1,0,2
382,5337,3,air,1,1,1,0,345,390,80,0,35,20,50,0,25,55,0,3,0,1,0,2
382,5338,1,car,1,1,1,0,275,360,80,0,40,25,80,0,25,40,0,2,0,1,0,2
382,5339,1,car,1,1,1,0,275,420,80,0,45,20,80,0,15,40,0,2,0,1,0,2
382,5340,1,car,1,1,1,0,250,420,60,0,50,20,110,0,20,35,0,3,0,1,0,2
382,5341,1,car,1,1,1,0,390,420,50,0,30,20,65,0,20,55,0,1,0,1,0,2
382,5342,1,car,1,1,1,0,250,420,80,0,35,20,80,0,15,45,0,1,0,1,0,2
382,5343,1,car,1,1,1,0,300,300,80,0,35,30,95,0,20,35,0,3,0,1,0,2
382,5344,1,car,1,1,1,0,390,390,50,0,30,20,65,0,10,50,0,2,0,1,0,2
382,5345,2,bus,1,1,1,0,390,390,50,0,35,15,110,0,5,50,0,3,0,1,0,2
382,5346,3,air,1,1,1,0,300,390,50,0,40,20,65,0,20,55,0,2,0,1,0,2
382,5347,1,car,1,1,1,0,345,345,70,0,45,25,110,0,20,35,0,3,0,1,0,2
382,5348,3,air,1,1,1,0,275,420,50,0,50,15,50,0,5,55,0,1,0,1,0,2
383,5349,3,air,1,1,1,1,250,360,90,140,45,20,50,65,10,40,20,2,3,1,1,4
383,5350,3,air,1,1,1,1,345,360,60,140,35,30,50,55,25,55,5,2,3,1,1,4
383,5351,3,air,1,1,1,1,275,360,90,130,45,25,65,55,20,35,20,2,3,1,1,4
383,5352,3,air,1,1,1,1,300,420,90,140,40,15,50,55,10,35,25,1,3,1,1,4
383,5353,1,car,1,1,1,1,250,300,70,120,45,35,65,75,20,50,10,1,2,1,1,4
383,5354,1,car,1,1,1,1,390,390,90,140,30,25,50,55,5,50,15,3,1,1,1,4
383,5355,4,rail,1,1,1,1,345,345,60,130,35,35,95,75,10,40,15,3,2,1,1,4
383,5356,4,rail,1,1,1,1,345,345,80,120,45,30,110,45,25,40,5,3,1,1,1,4
383,5357,3,air,1,1,1,1,345,420,60,170,30,15,110,35,20,40,15,2,1,1,1,4
383,5358,4,rail,1,1,1,1,250,300,80,155,40,35,95,45,10,40,25,3,1,1,1,4
383,5359,1,car,1,1,1,1,300,300,60,155,45,35,110,65,5,50,20,1,3,1,1,4
383,5360,3,air,1,1,1,1,275,360,70,120,50,20,110,75,25,40,15,1,3,1,1,4
383,5361,3,air,1,1,1,1,345,345,80,155,30,30,50,55,15,50,10,1,2,1,1,4
383,5362,3,air,1,1,1,1,300,300,80,130,50,25,50,75,5,50,15,2,1,1,1,4
384,5363,3,air,0,0,1,1,0,0,50,155,0,0,50,55,0,45,15,2,3,1,1,4
384,5364,3,air,0,0,1,1,0,0,60,130,0,0,110,45,0,40,10,3,1,1,1,4
384,5365,4,rail,0,0,1,1,0,0,60,130,0,0,95,55,0,55,5,2,1,1,1,4
384,5366,4,rail,0,0,1,1,0,0,50,140,0,0,80,45,0,50,10,3,2,1,1,4
384,5367,3,air,0,0,1,1,0,0,50,130,0,0,110,75,0,45,10,2,3,1,1,4
384,5368,4,rail,0,0,1,1,0,0,80,120,0,0,80,45,0,45,10,3,1,1,1,4
384,5369,3,air,0,0,1,1,0,0,60,170,0,0,65,45,0,55,15,3,2,1,1,4
384,5370,3,air,0,0,1,1,0,0,60,140,0,0,50,65,0,55,5,3,1,1,1,4
384,5371,3,air,0,0,1,1,0,0,50,155,0,0,50,45,0,50,10,2,1,1,1,4
384,5372,4,rail,0,0,1,1,0,0,70,170,0,0,95,45,0,40,25,3,2,1,1,4
384,5373,4,rail,0,0,1,1,0,0,70,120,0,0,110,65,0,40,25,1,3,1,1,4
384,5374,3,air,0,0,1,1,0,0,70,140,0,0,95,65,0,45,20,3,1,1,1,4
384,5375,3,air,0,0,1,1,0,0,50,140,0,0,65,75,0,55,10,1,3,1,1,4
384,5376,3,air,0,0,1,1,0,0,90,140,0,0,50,35,0,55,5,2,3,1,1,4
385,5377,1,car,1,1,0,1,250,300,0,170,45,25,0,35,5,0,25,0,2,0,1,1
385,5378,4,rail,1,1,0,1,275,390,0,140,50,25,0,35,20,0,15,0,3,0,1,1
385,5379,4,rail,1,1,0,1,390,390,0,130,40,25,0,75,5,0,15,0,1,0,1,1
385,5380,4,rail,1,1,0,1,390,390,0,120,40,20,0,75,5,0,20,0,3,0,1,1
385,5381,4,rail,1,1,0,1,300,360,0,170,40,25,0,35,15,0,5,0,3,0,1,1
385,5382,4,rail,1,1,0,1,345,345,0,155,30,35,0,55,15,0,20,0,3,0,1,1
385,5383,1,car,1,1,0,1,275,300,0,170,40,30,0,35,5,0,25,0,3,0,1,1
385,5384,4,rail,1,1,0,1,300,330,0,130,50,30,0,75,15,0,5,0,2,0,1,1
385,5385,1,car,1,1,0,1,250,360,0,170,30,30,0,55,25,0,20,0,3,0,1,1
385,5386,4,rail,1,1,0,1,345,390,0,170,35,25,0,45,25,0,5,0,2,0,1,1
385,5387,4,rail,1,1,0,1,275,330,0,155,50,30,0,55,20,0,20,0,1,0,1,1
385,5388,4,rail,1,1,0,1,300,330,0,140,45,30,0,45,10,0,10,0,3,0,1,1
385,5389,1,car,1,1,0,1,250,330,0,120,50,30,0,75,25,0,10,0,2,0,1,1
385,5390,4,rail,1,1,0,1,300,420,0,170,35,20,0,35,15,0,25,0,2,0,1,1
386,5391,1,car,1,1,1,1,250,330,90,140,30,35,80,65,25,35,15,2,1,0,1,4
386,5392,4,rail,1,1,1,1,300,360,70,155,35,25,80,35,25,45,15,1,2,0,1,4
386,5393,4,rail,1,1,1,1,300,390,80,155,35,25,65,45,15,45,15,1,3,0,1,4
386,5394,4,rail,1,1,1,1,250,420,60,140,50,20,95,75,15,45,10,1,3,0,1,4
386,5395,3,air,1,1,1,1,275,390,70,140,35,15,95,65,5,35,20,2,3,0,1,4
386,5396,3,air,1,1,1,1,390,420,50,130,30,20,80,65,20,35,25,2,1,0,1,4
386,5397,4,rail,1,1,1,1,390,390,70,130,35,35,110,35,25,45,10,3,1,0,1,4
386,5398,4,rail,1,1,1,1,300,330,80,155,40,25,50,35,15,50,5,1,2,0,1,4
386,5399,3,air,1,1,1,1,390,390,90,120,30,35,80,55,5,45,15,3,1,0,1,4
386,5400,4,rail,1,1,1,1,275,300,80,170,40,35,80,55,10,40,25,1,2,0,1,4
386,5401,4,rail,1,1,1,1,345,345,70,170,35,35,50,45,25,55,5,3,2,0,1,4
386,5402,3,air,1,1,1,1,275,390,60,155,50,25,65,55,15,50,15,3,2,0,1,4
386,5403,3,air,1,1,1,1,345,360,50,120,35,35,80,75,15,40,10,3,2,0,1,4
386,5404,3,air,1,1,1,1,250,300,50,120,50,35,95,65,5,50,10,2,1,0,1,4
387,5405,4,rail,1,1,0,1,275,330,0,120,50,35,0,45,20,0,5,0,1,1,1,3
387,5406,4,rail,1,1,0,1,275,330,0,170,45,15,0,55,5,0,25,0,3,1,1,3
387,5407,1,car,1,1,0,1,275,390,0,155,45,15,0,35,25,0,5,0,1,1,1,3
387,5408,1,car,1,1,0,1,390,390,0,155,35,35,0,65,10,0,15,0,3,1,1,3
387,5409,4,rail,1,1,0,1,275,360,0,155,40,30,0,55,20,0,5,0,3,1,1,3
387,5410,4,rail,1,1,0,1,250,360,0,120,50,25,0,65,15,0,20,0,2,1,1,3
387,5411,4,rail,1,1,0,1,250,390,0,170,45,20,0,35,25,0,15,0,3,1,1,3
387,5412,4,rail,1,1,0,1,275,360,0,170,40,30,0,35,10,0,15,0,3,1,1,3
387,5413,1,car,1,1,0,1,275,390,0,155,30,25,0,65,15,0,25,0,2,1,1,3
387,5414,4,rail,1,1,0,1,390,390,0,120,30,25,0,65,25,0,15,0,1,1,1,3
387,5415,4,rail,1,1,0,1,390,420,0,130,35,15,0,55,25,0,15,0,1,1,1,3
387,5416,4,rail,1,1,0,1,300,390,0,170,45,25,0,45,10,0,5,0,1,1,1,3
387,5417,4,rail,1,1,0,1,345,345,0,140,30,35,0,65,5,0,15,0,1,1,1,3
387,5418,4,rail,1,1,0,1,250,300,0,140,40,30,0,75,15,0,20,0,2,1,1,3
388,5419,3,air,1,0,1,1,250,0,80,130,50,0,50,55,0,55,10,2,1,1,1,3
388,5420,4,rail,1,0,1,1,275,0,70,120,50,0,65,65,0,50,10,1,2,1,1,3
388,5421,3,air,1,0,1,1,390,0,80,130,30,0,80,65,0,35,25,1,3,1,1,3
388,5422,3,air,1,0,1,1,300,0,70,130,40,0,95,75,0,50,10,2,3,1,1,3
388,5423,4,rail,1,0,1,1,300,0,70,120,45,0,95,35,0,50,10,3,2,1,1,3
388,5424,4,rail,1,0,1,1,275,0,80,170,30,0,95,35,0,35,25,3,2,1,1,3
388,5425,3,air,1,0,1,1,300,0,50,155,40,0,110,65,0,50,20,2,1,1,1,3
388,5426,4,rail,1,0,1,1,345,0,60,170,35,0,110,35,0,45,15,2,1,1,1,3
388,5427,4,rail,1,0,1,1,250,0,60,170,40,0,95,45,0,45,10,1,2,1,1,3
388,5428,4,rail,1,0,1,1,345,0,90,155,35,0,65,35,0,50,10,3,1,1,1,3
388,5429,3,air,1,0,1,1,390,0,50,170,35,0,95,35,0,40,25,2,3,1,1,3
388,5430,4,rail,1,0,1,1,250,0,90,140,45,0,50,65,0,35,25,3,2,1,1,3
388,5431,4,rail,1,0,1,1,250,0,90,170,40,0,65,35,0,35,25,3,2,1,1,3
388,5432,4,rail,1,0,1,1,300,0,50,170,40,0,65,65,0,50,25,1,2,1,1,3
389,5433,4,rail,1,1,0,1,390,390,0,130,30,15,0,75,10,0,15,0,3,0,1,3
389,5434,4,rail,1,1,0,1,345,345,0,120,45,35,0,45,25,0,5,0,1,0,1,3
389,5435,4,rail,1,1,0,1,250,390,0,120,45,20,0,75,20,0,5,0,2,0,1,3
389,5436,4,rail,1,1,0,1,300,420,0,130,45,15,0,75,10,0,15,0,3,0,1,3
389,5437,4,rail,1,1,0,1,250,390,0,155,45,15,0,45,10,0,20,0,1,0,1,3
389,5438,4,rail,1,1,0,1,390,390,0,155,40,15,0,65,10,0,25,0,1,0,1,3
389,5439,4,rail,1,1,0,1,250,330,0,155,45,30,0,65,10,0,15,0,3,0,1,3
389,5440,4,rail,1,1,0,1,275,390,0,130,40,15,0,65,5,0,20,0,1,0,1,3
389,5441,4,rail,1,1,0,1,275,420,0,155,50,20,0,35,15,0,10,0,3,0,1,3
389,5442,4,rail,1,1,0,1,345,360,0,155,50,30,0,45,20,0,5,0,3,0,1,3
389,5443,1,car,1,1,0,1,390,390,0,120,35,35,0,75,25,0,15,0,2,0,1,3
389,5444,4,rail,1,1,0,1,300,330,0,155,35,30,0,45,15,0,20,0,1,0,1,3
389,5445,4,rail,1,1,0,1,250,360,0,120,50,30,0,55,25,0,25,0,2,0,1,3
389,5446,4,rail,1,1,0,1,390,390,0,120,35,35,0,55,20,0,10,0,1,0,1,3
390,5447,1,car,1,1,1,1,300,300,80,170,30,35,110,55,10,40,25,3,2,0,0,3
390,5448,4,rail,1,1,1,1,345,345,90,130,45,25,50,35,10,55,5,2,3,0,0,3
390,5449,1,car,1,1,1,1,390,390,50,155,35,35,80,55,5,55,15,2,1,0,0,3
390,5450,4,rail,1,1,1,1,300,330,80,120,45,35,95,55,20,45,5,1,3,0,0,3
390,5451,1,car,1,1,1,1,345,420,60,170,30,15,65,45,15,55,10,1,2,0,0,3
390,5452,1,car,1,1,1,1,345,420,80,120,30,20,80,75,15,50,10,1,2,0,0,3
390,5453,1,car,1,1,1,1,250,360,80,120,50,20,80,45,5,40,20,3,2,0,0,3
390,5454,4,rail,1,1,1,1,275,360,90,170,35,30,80,35,15,35,20,2,3,0,0,3
390,5455,1,car,1,1,1,1,275,420,70,120,50,25,95,45,20,50,15,1,3,0,0,3
390,5456,4,rail,1,1,1,1,275,360,80,120,50,30,95,45,15,35,20,1,2,0,0,3
390,5457,3,air,1,1,1,1,300,300,80,170,45,30,50,35,10,55,5,2,3,0,0,3
390,5458,1,car,1,1,1,1,275,360,50,130,50,15,110,65,20,45,15,2,3,0,0,3
390,5459,4,rail,1,1,1,1,345,360,60,140,30,25,110,75,25,50,5,3,2,0,0,3
390,5460,1,car,1,1,1,1,250,420,60,130,50,20,65,65,20,50,10,1,2,0,0,3
391,5461,4,rail,1,1,0,1,390,390,0,170,40,30,0,35,10,0,5,0,2,1,1,1
391,5462,1,car,1,1,0,1,250,420,0,120,50,15,0,75,25,0,5,0,3,1,1,1
391,5463,1,car,1,1,0,1,300,390,0,155,30,20,0,75,5,0,25,0,2,1,1,1
391,5464,4,rail,1,1,0,1,250,330,0,170,40,35,0,35,10,0,25,0,2,1,1,1
391,5465,1,car,1,1,0,1,275,420,0,130,30,20,0,75,25,0,25,0,2,1,1,1
391,5466,4,rail,1,1,0,1,275,300,0,170,45,30,0,35,25,0,10,0,2,1,1,1
391,5467,4,rail,1,1,0,1,275,300,0,120,50,35,0,75,5,0,15,0,3,1,1,1
391,5468,1,car,1,1,0,1,250,330,0,170,45,20,0,45,10,0,20,0,2,1,1,1
391,5469,4,rail,1,1,0,1,390,420,0,140,35,15,0,55,10,0,10,0,1,1,1,1
391,5470,1,car,1,1,0,1,345,360,0,140,35,30,0,45,5,0,25,0,3,1,1,1
391,5471,4,rail,1,1,0,1,345,390,0,120,45,25,0,35,25,0,5,0,1,1,1,1
391,5472,1,car,1,1,0,1,250,390,0,130,50,20,0,75,15,0,15,0,3,1,1,1
391,5473,4,rail,1,1,0,1,390,390,0,170,30,35,0,35,5,0,25,0,3,1,1,1
391,5474,4,rail,1,1,0,1,300,420,0,140,45,25,0,55,15,0,10,0,3,1,1,1
392,5475,1,car,1,1,1,1,345,345,90,130,40,30,50,55,15,35,20,2,3,1,0,2
392,5476,1,car,1,1,1,1,390,390,70,140,35,35,95,45,5,45,20,3,1,1,0,2
392,5477,3,air,1,1,1,1,345,390,80,130,35,20,50,65,25,55,5,3,2,1,0,2
392,5478,1,car,1,1,1,1,275,360,80,140,40,25,80,55,25,40,20,2,1,1,0,2
392,5479,1,car,1,1,1,1,275,420,80,130,45,20,80,35,15,40,15,2,3,1,0,2
392,5480,4,rail,1,1,1,1,250,420,60,140,50,20,110,55,20,35,25,3,1,1,0,2
392,5481,4,rail,1,1,1,1,390,420,50,130,30,20,65,75,20,55,10,1,2,1,0,2
392,5482,1,car,1,1,1,1,250,420,80,155,35,20,80,55,15,45,20,1,2,1,0,2
392,5483,2,bus,1,1,1,1,300,300,80,140,35,30,95,45,20,35,20,3,2,1,0,2
392,5484,1,car,1,1,1,1,390,390,50,130,30,20,65,75,10,50,10,2,1,1,0,2
392,5485,1,car,1,1,1,1,390,390,50,140,35,15,110,75,5,50,20,3,1,1,0,2
392,5486,4,rail,1,1,1,1,275,360,80,155,50,15,110,35,5,35,20,2,1,1,0,2
392,5487,4,rail,1,1,1,1,345,345,70,130,45,25,110,45,20,35,10,3,1,1,0,2
392,5488,3,air,1,1,1,1,275,420,50,120,50,15,50,75,5,55,5,1,3,1,0,2
393,5489,1,car,1,1,1,1,250,360,90,140,45,20,50,65,10,40,20,2,3,0,1,4
393,5490,3,air,1,1,1,1,345,360,60,140,35,30,50,55,25,55,5,2,3,0,1,4
393,5491,3,air,1,1,1,1,300,420,90,140,40,15,50,55,10,35,25,1,3,0,1,4
393,5492,3,air,1,1,1,1,250,300,70,120,45,35,65,75,20,50,10,1,2,0,1,4
393,5493,3,air,1,1,1,1,390,390,90,140,30,25,50,55,5,50,15,3,1,0,1,4
393,5494,4,rail,1,1,1,1,345,345,90,130,40,35,65,35,10,40,20,3,1,0,1,4
393,5495,4,rail,1,1,1,1,345,345,60,130,35,35,95,75,10,40,15,3,2,0,1,4
393,5496,4,rail,1,1,1,1,345,345,80,120,45,30,110,45,25,40,5,3,1,0,1,4
393,5497,1,car,1,1,1,1,345,420,60,170,30,15,110,35,20,40,15,2,1,0,1,4
393,5498,3,air,1,1,1,1,250,390,90,155,45,25,50,55,20,40,20,2,1,0,1,4
393,5499,3,air,1,1,1,1,250,300,80,155,40,35,95,45,10,40,25,3,1,0,1,4
393,5500,3,air,1,1,1,1,275,360,70,120,50,20,110,75,25,40,15,1,3,0,1,4
393,5501,3,air,1,1,1,1,345,345,80,155,30,30,50,55,15,50,10,1,2,0,1,4
393,5502,3,air,1,1,1,1,300,300,80,130,50,25,50,75,5,50,15,2,1,0,1,4
394,5503,3,air,0,1,1,1,0,390,50,155,0,20,50,55,15,45,15,2,3,1,0,2
394,5504,4,rail,0,1,1,1,0,390,60,130,0,25,110,45,25,40,10,3,1,1,0,2
394,5505,4,rail,0,1,1,1,0,390,50,140,0,25,80,45,20,50,10,3,2,1,0,2
394,5506,4,rail,0,1,1,1,0,420,50,130,0,15,110,75,20,45,10,2,3,1,0,2
394,5507,2,bus,0,1,1,1,0,420,60,140,0,15,110,65,5,40,25,2,1,1,0,2
394,5508,4,rail,0,1,1,1,0,345,80,120,0,35,80,45,25,45,10,3,1,1,0,2
394,5509,4,rail,0,1,1,1,0,390,60,170,0,25,65,45,20,55,15,3,2,1,0,2
394,5510,3,air,0,1,1,1,0,390,60,140,0,15,50,65,10,55,5,3,1,1,0,2
394,5511,4,rail,0,1,1,1,0,360,90,120,0,30,95,45,25,40,10,2,3,1,0,2
394,5512,3,air,0,1,1,1,0,360,50,155,0,30,50,45,15,50,10,2,1,1,0,2
394,5513,2,bus,0,1,1,1,0,390,70,120,0,15,110,65,10,40,25,1,3,1,0,2
394,5514,2,bus,0,1,1,1,0,330,70,140,0,15,95,65,10,45,20,3,1,1,0,2
394,5515,4,rail,0,1,1,1,0,390,50,140,0,35,65,75,10,55,10,1,3,1,0,2
394,5516,4,rail,0,1,1,1,0,360,90,140,0,25,50,35,20,55,5,2,3,1,0,2
395,5517,4,rail,1,1,1,1,250,300,70,170,45,25,80,35,5,35,25,3,2,0,0,4
395,5518,1,car,1,1,1,1,390,390,60,130,40,25,110,75,5,50,15,2,1,0,0,4
395,5519,1,car,1,1,1,1,390,390,60,120,40,20,110,75,5,45,20,1,3,0,0,4
395,5520,3,air,1,1,1,1,300,360,80,170,40,25,50,35,15,55,5,2,3,0,0,4
395,5521,1,car,1,1,1,1,345,345,70,155,30,35,95,55,15,40,20,1,3,0,0,4
395,5522,1,car,1,1,1,1,275,300,70,170,40,30,65,35,5,45,25,1,3,0,0,4
395,5523,3,air,1,1,1,1,345,345,90,130,35,35,50,65,20,35,20,2,3,0,0,4
395,5524,4,rail,1,1,1,1,300,330,50,130,50,30,65,75,15,55,5,3,2,0,0,4
395,5525,1,car,1,1,1,1,250,360,60,170,30,30,95,55,25,45,20,1,3,0,0,4
395,5526,4,rail,1,1,1,1,345,390,50,170,35,25,50,45,25,55,5,3,2,0,0,4
395,5527,3,air,1,1,1,1,275,330,80,155,50,30,65,55,20,35,20,2,1,0,0,4
395,5528,1,car,1,1,1,1,300,330,60,140,45,30,80,45,10,55,10,1,3,0,0,4
395,5529,4,rail,1,1,1,1,250,330,60,120,50,30,110,75,25,45,10,3,2,0,0,4
395,5530,4,rail,1,1,1,1,300,420,90,170,35,20,65,35,15,35,25,3,2,0,0,4
396,5531,1,car,1,1,1,1,250,330,90,140,30,35,80,65,25,35,15,2,1,1,0,3
396,5532,1,car,1,1,1,1,300,360,70,155,35,25,80,35,25,45,15,1,2,1,0,3
396,5533,3,air,1,1,1,1,300,390,80,155,35,25,65,45,15,45,15,1,3,1,0,3
396,5534,1,car,1,1,1,1,250,420,60,140,50,20,95,75,15,45,10,1,3,1,0,3
396,5535,1,car,1,1,1,1,275,390,70,140,35,15,95,65,5,35,20,2,3,1,0,3
396,5536,3,air,1,1,1,1,390,420,50,130,30,20,80,65,20,35,25,2,1,1,0,3
396,5537,4,rail,1,1,1,1,390,390,70,130,35,35,110,35,25,45,10,3,1,1,0,3
396,5538,4,rail,1,1,1,1,300,330,80,155,40,25,50,35,15,50,5,1,2,1,0,3
396,5539,1,car,1,1,1,1,390,390,90,120,30,35,80,55,5,45,15,3,1,1,0,3
396,5540,1,car,1,1,1,1,275,300,80,170,40,35,80,55,10,40,25,1,2,1,0,3
396,5541,1,car,1,1,1,1,275,390,60,155,50,25,65,55,15,50,15,3,2,1,0,3
396,5542,3,air,1,1,1,1,345,360,50,120,35,35,80,75,15,40,10,3,2,1,0,3
396,5543,4,rail,1,1,1,1,250,300,50,120,50,35,95,65,5,50,10,2,1,1,0,3
396,5544,4,rail,1,1,1,1,345,345,60,155,40,30,65,45,20,55,5,1,2,1,0,3
397,5545,4,rail,1,1,0,1,275,330,0,120,50,35,0,45,20,0,5,0,1,1,0,2
397,5546,2,bus,1,1,0,1,275,330,0,170,45,15,0,55,5,0,25,0,3,1,0,2
397,5547,1,car,1,1,0,1,275,390,0,155,45,15,0,35,25,0,5,0,1,1,0,2
397,5548,1,car,1,1,0,1,300,300,0,155,45,15,0,65,10,0,20,0,1,1,0,2
397,5549,1,car,1,1,0,1,275,360,0,155,40,30,0,55,20,0,5,0,3,1,0,2
397,5550,1,car,1,1,0,1,250,360,0,120,50,25,0,65,15,0,20,0,2,1,0,2
397,5551,4,rail,1,1,0,1,250,390,0,170,45,20,0,35,25,0,15,0,3,1,0,2
397,5552,4,rail,1,1,0,1,275,360,0,170,40,30,0,35,10,0,15,0,3,1,0,2
397,5553,1,car,1,1,0,1,275,390,0,155,30,25,0,65,15,0,25,0,2,1,0,2
397,5554,1,car,1,1,0,1,275,330,0,120,50,25,0,55,25,0,5,0,3,1,0,2
397,5555,4,rail,1,1,0,1,390,420,0,130,35,15,0,55,25,0,15,0,1,1,0,2
397,5556,4,rail,1,1,0,1,300,390,0,170,45,25,0,45,10,0,5,0,1,1,0,2
397,5557,1,car,1,1,0,1,345,345,0,140,30,35,0,65,5,0,15,0,1,1,0,2
397,5558,1,car,1,1,0,1,250,300,0,140,40,30,0,75,15,0,20,0,2,1,0,2
398,5559,3,air,0,1,1,1,0,330,80,130,0,30,50,55,15,55,10,2,1,0,1,2
398,5560,3,air,0,1,1,1,0,360,70,120,0,25,65,65,10,50,10,1,2,0,1,2
398,5561,4,rail,0,1,1,1,0,330,70,140,0,35,95,75,15,50,25,1,2,0,1,2
398,5562,4,rail,0,1,1,1,0,390,80,130,0,30,80,65,10,35,25,1,3,0,1,2
398,5563,3,air,0,1,1,1,0,390,70,130,0,15,95,75,5,50,10,2,3,0,1,2
398,5564,4,rail,0,1,1,1,0,420,80,170,0,20,95,35,20,35,25,3,2,0,1,2
398,5565,3,air,0,1,1,1,0,420,50,155,0,20,110,65,5,50,20,2,1,0,1,2
398,5566,3,air,0,1,1,1,0,420,60,170,0,20,110,35,25,45,15,2,1,0,1,2
398,5567,4,rail,0,1,1,1,0,360,60,170,0,30,95,45,25,45,10,1,2,0,1,2
398,5568,4,rail,0,1,1,1,0,420,50,155,0,15,95,75,10,40,25,1,2,0,1,2
398,5569,4,rail,0,1,1,1,0,390,90,155,0,15,65,35,10,50,10,3,1,0,1,2
398,5570,4,rail,0,1,1,1,0,390,50,170,0,15,95,35,5,40,25,2,3,0,1,2
398,5571,3,air,0,1,1,1,0,390,90,170,0,20,65,35,15,35,25,3,2,0,1,2
398,5572,3,air,0,1,1,1,0,300,50,170,0,30,65,65,5,50,25,1,2,0,1,2
399,5573,3,air,1,1,1,1,390,390,70,130,30,15,95,75,10,45,15,2,3,0,1,2
399,5574,4,rail,1,1,1,1,345,345,60,120,45,35,95,45,25,50,5,3,1,0,1,2
399,5575,4,rail,1,1,1,1,250,390,90,120,45,20,50,75,20,50,5,1,2,0,1,2
399,5576,1,car,1,1,1,1,300,420,50,130,45,15,110,75,10,45,15,2,3,0,1,2
399,5577,3,air,1,1,1,1,390,420,90,130,30,15,65,65,20,35,20,3,1,0,1,2
399,5578,1,car,1,1,1,1,250,390,80,155,45,15,65,45,10,50,20,3,1,0,1,2
399,5579,4,rail,1,1,1,1,390,390,60,155,40,15,110,65,10,35,25,2,1,0,1,2
399,5580,1,car,1,1,1,1,275,390,90,130,40,15,80,65,5,40,20,3,1,0,1,2
399,5581,4,rail,1,1,1,1,275,420,50,155,50,20,80,35,15,50,10,1,3,0,1,2
399,5582,3,air,1,1,1,1,345,360,50,155,50,30,80,45,20,55,5,2,3,0,1,2
399,5583,4,rail,1,1,1,1,390,390,50,120,35,35,95,75,25,35,15,1,2,0,1,2
399,5584,1,car,1,1,1,1,300,330,90,155,35,30,65,45,15,35,20,3,1,0,1,2
399,5585,4,rail,1,1,1,1,250,360,90,120,50,30,65,55,25,35,25,3,2,0,1,2
399,5586,4,rail,1,1,1,1,390,390,70,120,35,35,95,55,20,45,10,1,1,0,1,2
400,5587,1,car,1,1,1,1,390,390,90,130,35,35,50,75,20,35,25,1,2,1,0,1
400,5588,4,rail,1,1,1,1,300,300,80,170,30,35,110,55,10,40,25,3,2,1,0,1
400,5589,4,rail,1,1,1,1,345,345,90,130,45,25,50,35,10,55,5,2,3,1,0,1
400,5590,1,car,1,1,1,1,390,390,50,155,35,35,80,55,5,55,15,2,1,1,0,1
400,5591,3,air,1,1,1,1,345,420,60,170,30,15,65,45,15,55,10,1,2,1,0,1
400,5592,4,rail,1,1,1,1,345,420,80,120,30,20,80,75,15,50,10,1,2,1,0,1
400,5593,1,car,1,1,1,1,250,360,80,120,50,20,80,45,5,40,20,3,2,1,0,1
400,5594,3,air,1,1,1,1,275,360,90,170,35,30,80,35,15,35,20,2,3,1,0,1
400,5595,1,car,1,1,1,1,275,420,70,120,50,25,95,45,20,50,15,1,3,1,0,1
400,5596,4,rail,1,1,1,1,275,360,80,120,50,30,95,45,15,35,20,1,2,1,0,1
400,5597,3,air,1,1,1,1,300,300,80,170,45,30,50,35,10,55,5,2,3,1,0,1
400,5598,1,car,1,1,1,1,345,360,60,140,30,25,110,75,25,50,5,3,2,1,0,1
400,5599,1,car,1,1,1,1,250,420,60,130,50,20,65,65,20,50,10,1,2,1,0,1
400,5600,1,car,1,1,1,1,390,420,60,140,35,20,50,55,5,55,5,3,1,1,0,1
401,5601,4,rail,1,1,1,1,390,390,50,170,40,30,50,35,10,55,5,3,2,0,0,1
401,5602,1,car,1,1,1,1,390,420,50,140,30,20,80,55,15,55,5,2,1,0,0,1
401,5603,1,car,1,1,1,1,250,420,90,120,50,15,65,75,25,45,5,1,3,0,0,1
401,5604,2,bus,1,1,1,1,300,390,70,155,30,20,110,75,5,40,25,1,2,0,0,1
401,5605,4,rail,1,1,1,1,250,330,90,170,40,35,80,35,10,40,25,1,2,0,0,1
401,5606,1,car,1,1,1,1,275,420,90,130,30,20,80,75,25,35,25,2,2,0,0,1
401,5607,2,bus,1,1,1,1,275,300,60,120,50,35,110,75,5,40,15,2,3,0,0,1
401,5608,4,rail,1,1,1,1,250,330,70,170,45,20,80,45,10,45,20,1,2,0,0,1
401,5609,4,rail,1,1,1,1,390,420,50,140,35,15,95,55,10,55,10,3,1,0,0,1
401,5610,4,rail,1,1,1,1,345,360,70,140,35,30,110,45,5,40,25,1,3,0,0,1
401,5611,4,rail,1,1,1,1,345,390,80,120,45,25,65,35,25,55,5,3,1,0,0,1
401,5612,1,car,1,1,1,1,250,390,60,130,50,20,80,75,15,55,15,1,3,0,0,1
401,5613,4,rail,1,1,1,1,390,390,70,170,30,35,110,35,5,35,25,2,3,0,0,1
401,5614,4,rail,1,1,1,1,300,420,80,140,45,25,50,55,15,50,10,1,3,0,0,1
402,5615,4,rail,1,1,1,1,300,330,70,170,40,25,80,35,15,35,25,3,2,0,0,3
402,5616,3,air,1,1,1,1,345,345,90,130,40,30,50,55,15,35,20,2,3,0,0,3
402,5617,4,rail,1,1,1,1,390,390,70,140,35,35,95,45,5,45,20,3,1,0,0,3
402,5618,3,air,1,1,1,1,345,390,80,130,35,20,50,65,25,55,5,3,2,0,0,3
402,5619,1,car,1,1,1,1,275,360,80,140,40,25,80,55,25,40,20,2,1,0,0,3
402,5620,4,rail,1,1,1,1,275,420,80,130,45,20,80,35,15,40,15,2,3,0,0,3
402,5621,1,car,1,1,1,1,250,420,60,140,50,20,110,55,20,35,25,3,1,0,0,3
402,5622,1,car,1,1,1,1,250,420,80,155,35,20,80,55,15,45,20,1,2,0,0,3
402,5623,4,rail,1,1,1,1,300,300,80,140,35,30,95,45,20,35,20,3,2,0,0,3
402,5624,1,car,1,1,1,1,390,390,50,140,35,15,110,75,5,50,20,3,1,0,0,3
402,5625,1,car,1,1,1,1,275,360,80,155,50,15,110,35,5,35,20,2,1,0,0,3
402,5626,1,car,1,1,1,1,300,390,50,170,40,20,65,45,20,55,5,2,1,0,0,3
402,5627,4,rail,1,1,1,1,345,345,70,130,45,25,110,45,20,35,10,3,1,0,0,3
402,5628,3,air,1,1,1,1,275,420,50,120,50,15,50,75,5,55,5,1,3,0,0,3
403,5629,4,rail,0,1,0,1,0,360,0,140,0,20,0,65,10,0,20,0,3,0,1,4
403,5630,4,rail,0,1,0,1,0,360,0,140,0,30,0,55,25,0,5,0,3,0,1,4
403,5631,4,rail,0,1,0,1,0,360,0,130,0,25,0,55,20,0,20,0,3,0,1,4
403,5632,4,rail,0,1,0,1,0,420,0,140,0,15,0,55,10,0,25,0,3,0,1,4
403,5633,4,rail,0,1,0,1,0,300,0,120,0,35,0,75,20,0,10,0,2,0,1,4
403,5634,4,rail,0,1,0,1,0,390,0,140,0,25,0,55,5,0,15,0,1,0,1,4
403,5635,4,rail,0,1,0,1,0,345,0,130,0,35,0,75,10,0,15,0,2,0,1,4
403,5636,4,rail,0,1,0,1,0,345,0,120,0,30,0,45,25,0,5,0,1,0,1,4
403,5637,4,rail,0,1,0,1,0,420,0,170,0,15,0,35,20,0,15,0,1,0,1,4
403,5638,4,rail,0,1,0,1,0,390,0,155,0,25,0,55,20,0,20,0,1,0,1,4
403,5639,4,rail,0,1,0,1,0,300,0,155,0,35,0,45,10,0,25,0,1,0,1,4
403,5640,4,rail,0,1,0,1,0,360,0,120,0,20,0,75,25,0,15,0,3,0,1,4
403,5641,4,rail,0,1,0,1,0,345,0,155,0,30,0,55,15,0,10,0,2,0,1,4
403,5642,4,rail,0,1,0,1,0,300,0,130,0,25,0,75,5,0,15,0,1,0,1,4
404,5643,4,rail,1,0,0,1,390,0,0,155,35,0,0,55,0,0,15,0,3,1,0,1
404,5644,1,car,1,0,0,1,345,0,0,130,40,0,0,45,0,0,10,0,1,1,0,1
404,5645,4,rail,1,0,0,1,390,0,0,130,30,0,0,55,0,0,5,0,1,1,0,1
404,5646,1,car,1,0,0,1,300,0,0,130,50,0,0,75,0,0,10,0,3,1,0,1
404,5647,1,car,1,0,0,1,390,0,0,140,30,0,0,65,0,0,25,0,1,1,0,1
404,5648,4,rail,1,0,0,1,345,0,0,120,40,0,0,45,0,0,10,0,1,1,0,1
404,5649,4,rail,1,0,0,1,300,0,0,170,40,0,0,45,0,0,15,0,2,1,0,1
404,5650,1,car,1,0,0,1,300,0,0,140,50,0,0,65,0,0,5,0,1,1,0,1
404,5651,4,rail,1,0,0,1,345,0,0,120,45,0,0,45,0,0,10,0,3,1,0,1
404,5652,1,car,1,0,0,1,250,0,0,170,35,0,0,45,0,0,25,0,2,1,0,1
404,5653,1,car,1,0,0,1,390,0,0,120,30,0,0,65,0,0,25,0,3,1,0,1
404,5654,1,car,1,0,0,1,250,0,0,140,50,0,0,65,0,0,20,0,1,1,0,1
404,5655,1,car,1,0,0,1,390,0,0,140,30,0,0,75,0,0,10,0,3,1,0,1
404,5656,4,rail,1,0,0,1,345,0,0,140,40,0,0,35,0,0,5,0,3,1,0,1
405,5657,1,car,1,1,1,1,250,300,70,170,45,25,80,35,5,35,25,3,2,1,0,3
405,5658,4,rail,1,1,1,1,275,390,70,140,50,25,80,35,20,40,15,1,3,1,0,3
405,5659,1,car,1,1,1,1,390,390,60,130,40,25,110,75,5,50,15,2,1,1,0,3
405,5660,1,car,1,1,1,1,390,390,60,120,40,20,110,75,5,45,20,1,3,1,0,3
405,5661,1,car,1,1,1,1,300,360,80,170,40,25,50,35,15,55,5,2,3,1,0,3
405,5662,1,car,1,1,1,1,275,300,70,170,40,30,65,35,5,45,25,1,3,1,0,3
405,5663,4,rail,1,1,1,1,345,345,90,130,35,35,50,65,20,35,20,2,3,1,0,3
405,5664,4,rail,1,1,1,1,300,330,50,130,50,30,65,75,15,55,5,3,2,1,0,3
405,5665,1,car,1,1,1,1,250,360,60,170,30,30,95,55,25,45,20,1,3,1,0,3
405,5666,4,rail,1,1,1,1,345,390,50,170,35,25,50,45,25,55,5,3,2,1,0,3
405,5667,1,car,1,1,1,1,275,330,80,155,50,30,65,55,20,35,20,2,1,1,0,3
405,5668,4,rail,1,1,1,1,300,330,60,140,45,30,80,45,10,55,10,1,3,1,0,3
405,5669,4,rail,1,1,1,1,250,330,60,120,50,30,110,75,25,45,10,3,2,1,0,3
405,5670,4,rail,1,1,1,1,300,420,90,170,35,20,65,35,15,35,25,3,2,1,0,3
406,5671,1,car,1,0,0,1,250,0,0,140,30,0,0,65,0,0,15,0,1,1,0,1
406,5672,4,rail,1,0,0,1,300,0,0,155,35,0,0,35,0,0,15,0,2,1,0,1
406,5673,4,rail,1,0,0,1,250,0,0,140,50,0,0,75,0,0,10,0,3,1,0,1
406,5674,1,car,1,0,0,1,275,0,0,140,35,0,0,65,0,0,20,0,3,1,0,1
406,5675,1,car,1,0,0,1,390,0,0,130,30,0,0,65,0,0,25,0,1,1,0,1
406,5676,4,rail,1,0,0,1,390,0,0,130,35,0,0,35,0,0,10,0,1,1,0,1
406,5677,1,car,1,0,0,1,300,0,0,120,45,0,0,65,0,0,5,0,1,1,0,1
406,5678,4,rail,1,0,0,1,300,0,0,155,40,0,0,35,0,0,5,0,2,1,0,1
406,5679,1,car,1,0,0,1,390,0,0,120,30,0,0,55,0,0,15,0,1,1,0,1
406,5680,1,car,1,0,0,1,275,0,0,170,40,0,0,55,0,0,25,0,2,1,0,1
406,5681,4,rail,1,0,0,1,345,0,0,170,35,0,0,45,0,0,5,0,2,1,0,1
406,5682,1,car,1,0,0,1,345,0,0,120,35,0,0,75,0,0,10,0,2,1,0,1
406,5683,4,rail,1,0,0,1,250,0,0,120,50,0,0,65,0,0,10,0,1,1,0,1
406,5684,4,rail,1,0,0,1,345,0,0,155,40,0,0,45,0,0,5,0,2,1,0,1
407,5685,4,rail,1,1,0,1,275,330,0,120,50,35,0,45,20,0,5,0,1,1,1,1
407,5686,4,rail,1,1,0,1,275,390,0,155,45,15,0,35,25,0,5,0,1,1,1,1
407,5687,4,rail,1,1,0,1,300,300,0,155,45,15,0,65,10,0,20,0,1,1,1,1
407,5688,4,rail,1,1,0,1,390,390,0,155,35,35,0,65,10,0,15,0,3,1,1,1
407,5689,4,rail,1,1,0,1,275,360,0,155,40,30,0,55,20,0,5,0,3,1,1,1
407,5690,4,rail,1,1,0,1,250,360,0,120,50,25,0,65,15,0,20,0,2,1,1,1
407,5691,4,rail,1,1,0,1,250,390,0,170,45,20,0,35,25,0,15,0,3,1,1,1
407,5692,4,rail,1,1,0,1,275,360,0,170,40,30,0,35,10,0,15,0,3,1,1,1
407,5693,1,car,1,1,0,1,275,390,0,155,30,25,0,65,15,0,25,0,2,1,1,1
407,5694,4,rail,1,1,0,1,390,390,0,120,30,25,0,65,25,0,15,0,1,1,1,1
407,5695,1,car,1,1,0,1,275,330,0,120,50,25,0,55,25,0,5,0,3,1,1,1
407,5696,4,rail,1,1,0,1,390,420,0,130,35,15,0,55,25,0,15,0,1,1,1,1
407,5697,4,rail,1,1,0,1,345,345,0,140,30,35,0,65,5,0,15,0,1,1,1,1
407,5698,1,car,1,1,0,1,250,300,0,140,40,30,0,75,15,0,20,0,2,1,1,1
408,5699,3,air,1,0,1,1,250,0,80,130,50,0,50,55,0,55,10,2,1,0,1,2
408,5700,4,rail,1,0,1,1,275,0,70,120,50,0,65,65,0,50,10,1,2,0,1,2
408,5701,1,car,1,0,1,1,300,0,70,140,30,0,95,75,0,50,25,1,2,0,1,2
408,5702,3,air,1,0,1,1,390,0,80,130,30,0,80,65,0,35,25,1,3,0,1,2
408,5703,4,rail,1,0,1,1,300,0,70,120,45,0,95,35,0,50,10,3,2,0,1,2
408,5704,4,rail,1,0,1,1,275,0,80,170,30,0,95,35,0,35,25,3,2,0,1,2
408,5705,3,air,1,0,1,1,300,0,50,155,40,0,110,65,0,50,20,2,1,0,1,2
408,5706,3,air,1,0,1,1,345,0,60,170,35,0,110,35,0,45,15,2,1,0,1,2
408,5707,4,rail,1,0,1,1,250,0,60,170,40,0,95,45,0,45,10,1,2,0,1,2
408,5708,1,car,1,0,1,1,250,0,50,155,40,0,95,75,0,40,25,1,2,0,1,2
408,5709,4,rail,1,0,1,1,345,0,90,155,35,0,65,35,0,50,10,3,1,0,1,2
408,5710,3,air,1,0,1,1,390,0,50,170,35,0,95,35,0,40,25,2,3,0,1,2
408,5711,1,car,1,0,1,1,250,0,90,140,45,0,50,65,0,35,25,3,2,0,1,2
408,5712,3,air,1,0,1,1,250,0,90,170,40,0,65,35,0,35,25,3,2,0,1,2
409,5713,4,rail,1,1,1,1,345,345,60,120,45,35,95,45,25,50,5,3,1,1,1,3
409,5714,3,air,1,1,1,1,250,390,90,120,45,20,50,75,20,50,5,1,2,1,1,3
409,5715,3,air,1,1,1,1,300,420,50,130,45,15,110,75,10,45,15,2,3,1,1,3
409,5716,1,car,1,1,1,1,390,420,90,130,30,15,65,65,20,35,20,3,1,1,1,3
409,5717,3,air,1,1,1,1,250,390,80,155,45,15,65,45,10,50,20,3,1,1,1,3
409,5718,4,rail,1,1,1,1,390,390,60,155,40,15,110,65,10,35,25,2,1,1,1,3
409,5719,3,air,1,1,1,1,250,330,80,155,45,30,50,65,10,45,15,1,3,1,1,3
409,5720,1,car,1,1,1,1,275,390,90,130,40,15,80,65,5,40,20,3,1,1,1,3
409,5721,3,air,1,1,1,1,275,420,50,155,50,20,80,35,15,50,10,1,3,1,1,3
409,5722,4,rail,1,1,1,1,345,360,50,155,50,30,80,45,20,55,5,2,3,1,1,3
409,5723,4,rail,1,1,1,1,390,390,50,120,35,35,95,75,25,35,15,1,2,1,1,3
409,5724,3,air,1,1,1,1,300,390,80,155,30,15,95,45,5,45,25,3,1,1,1,3
409,5725,4,rail,1,1,1,1,250,360,90,120,50,30,65,55,25,35,25,3,2,1,1,3
409,5726,3,air,1,1,1,1,390,390,70,120,35,35,95,55,20,45,10,1,1,1,1,3
410,5727,3,air,1,1,1,1,390,390,90,130,35,35,50,75,20,35,25,1,2,0,0,2
410,5728,1,car,1,1,1,1,300,300,80,170,30,35,110,55,10,40,25,3,2,0,0,2
410,5729,4,rail,1,1,1,1,345,345,90,130,45,25,50,35,10,55,5,2,3,0,0,2
410,5730,3,air,1,1,1,1,390,390,50,155,35,35,80,55,5,55,15,2,1,0,0,2
410,5731,1,car,1,1,1,1,300,330,80,120,45,35,95,55,20,45,5,1,3,0,0,2
410,5732,1,car,1,1,1,1,345,420,60,170,30,15,65,45,15,55,10,1,2,0,0,2
410,5733,1,car,1,1,1,1,345,420,80,120,30,20,80,75,15,50,10,1,2,0,0,2
410,5734,4,rail,1,1,1,1,275,360,90,170,35,30,80,35,15,35,20,2,3,0,0,2
410,5735,4,rail,1,1,1,1,275,420,70,120,50,25,95,45,20,50,15,1,3,0,0,2
410,5736,4,rail,1,1,1,1,275,360,80,120,50,30,95,45,15,35,20,1,2,0,0,2
410,5737,4,rail,1,1,1,1,300,300,80,170,45,30,50,35,10,55,5,2,3,0,0,2
410,5738,4,rail,1,1,1,1,275,360,50,130,50,15,110,65,20,45,15,2,3,0,0,2
410,5739,1,car,1,1,1,1,345,360,60,140,30,25,110,75,25,50,5,3,2,0,0,2
410,5740,1,car,1,1,1,1,250,420,60,130,50,20,65,65,20,50,10,1,2,0,0,2
411,5741,3,air,1,0,1,1,390,0,50,170,40,0,50,35,0,55,5,3,2,1,0,3
411,5742,1,car,1,0,1,1,250,0,90,120,50,0,65,75,0,45,5,1,3,1,0,3
411,5743,1,car,1,0,1,1,300,0,70,155,30,0,110,75,0,40,25,1,2,1,0,3
411,5744,1,car,1,0,1,1,250,0,90,170,40,0,80,35,0,40,25,1,2,1,0,3
411,5745,1,car,1,0,1,1,275,0,90,130,30,0,80,75,0,35,25,2,2,1,0,3
411,5746,4,rail,1,0,1,1,275,0,50,170,45,0,95,35,0,45,10,3,2,1,0,3
411,5747,1,car,1,0,1,1,275,0,60,120,50,0,110,75,0,40,15,2,3,1,0,3
411,5748,4,rail,1,0,1,1,250,0,70,170,45,0,80,45,0,45,20,1,2,1,0,3
411,5749,4,rail,1,0,1,1,390,0,50,140,35,0,95,55,0,55,10,3,1,1,0,3
411,5750,1,car,1,0,1,1,345,0,70,140,35,0,110,45,0,40,25,1,3,1,0,3
411,5751,4,rail,1,0,1,1,345,0,80,120,45,0,65,35,0,55,5,3,1,1,0,3
411,5752,4,rail,1,0,1,1,390,0,70,170,30,0,110,35,0,35,25,2,3,1,0,3
411,5753,3,air,1,0,1,1,275,0,90,140,45,0,65,65,0,45,15,1,2,1,0,3
411,5754,3,air,1,0,1,1,300,0,80,140,45,0,50,55,0,50,10,1,3,1,0,3
412,5755,4,rail,1,0,1,1,300,0,70,170,40,0,80,35,0,35,25,3,2,1,0,3
412,5756,1,car,1,0,1,1,345,0,90,130,40,0,50,55,0,35,20,2,3,1,0,3
412,5757,4,rail,1,0,1,1,345,0,80,130,35,0,50,65,0,55,5,3,2,1,0,3
412,5758,1,car,1,0,1,1,275,0,80,140,40,0,80,55,0,40,20,2,1,1,0,3
412,5759,4,rail,1,0,1,1,275,0,80,130,45,0,80,35,0,40,15,2,3,1,0,3
412,5760,1,car,1,0,1,1,250,0,60,140,50,0,110,55,0,35,25,3,1,1,0,3
412,5761,3,air,1,0,1,1,390,0,50,130,30,0,65,75,0,55,10,1,2,1,0,3
412,5762,4,rail,1,0,1,1,250,0,80,155,35,0,80,55,0,45,20,1,2,1,0,3
412,5763,4,rail,1,0,1,1,300,0,80,140,35,0,95,45,0,35,20,3,2,1,0,3
412,5764,1,car,1,0,1,1,390,0,50,130,30,0,65,75,0,50,10,2,1,1,0,3
412,5765,1,car,1,0,1,1,390,0,50,140,35,0,110,75,0,50,20,3,1,1,0,3
412,5766,4,rail,1,0,1,1,275,0,80,155,50,0,110,35,0,35,20,2,1,1,0,3
412,5767,4,rail,1,0,1,1,345,0,70,130,45,0,110,45,0,35,10,3,1,1,0,3
412,5768,1,car,1,0,1,1,275,0,50,120,50,0,50,75,0,55,5,1,3,1,0,3
413,5769,3,air,1,1,1,1,345,360,60,140,35,30,50,55,25,55,5,2,3,0,0,1
413,5770,2,bus,1,1,1,1,275,360,90,130,45,25,65,55,20,35,20,2,3,0,0,1
413,5771,3,air,1,1,1,1,300,420,90,140,40,15,50,55,10,35,25,1,3,0,0,1
413,5772,1,car,1,1,1,1,250,300,70,120,45,35,65,75,20,50,10,1,2,0,0,1
413,5773,3,air,1,1,1,1,390,390,90,140,30,25,50,55,5,50,15,3,1,0,0,1
413,5774,4,rail,1,1,1,1,345,345,90,130,40,35,65,35,10,40,20,3,1,0,0,1
413,5775,1,car,1,1,1,1,345,345,60,130,35,35,95,75,10,40,15,3,2,0,0,1
413,5776,4,rail,1,1,1,1,345,345,80,120,45,30,110,45,25,40,5,3,1,0,0,1
413,5777,1,car,1,1,1,1,345,420,60,170,30,15,110,35,20,40,15,2,1,0,0,1
413,5778,1,car,1,1,1,1,250,390,90,155,45,25,50,55,20,40,20,2,1,0,0,1
413,5779,4,rail,1,1,1,1,250,300,80,155,40,35,95,45,10,40,25,3,1,0,0,1
413,5780,1,car,1,1,1,1,275,360,70,120,50,20,110,75,25,40,15,1,3,0,0,1
413,5781,1,car,1,1,1,1,345,345,80,155,30,30,50,55,15,50,10,1,2,0,0,1
413,5782,3,air,1,1,1,1,300,300,80,130,50,25,50,75,5,50,15,2,1,0,0,1
414,5783,3,air,1,1,1,1,390,390,50,155,35,20,50,55,15,45,15,2,3,1,0,4
414,5784,4,rail,1,1,1,1,390,420,60,130,30,20,95,55,25,55,5,2,1,1,0,4
414,5785,4,rail,1,1,1,1,345,390,50,140,40,25,80,45,20,50,10,3,2,1,0,4
414,5786,1,car,1,1,1,1,300,420,50,130,50,15,110,75,20,45,10,2,3,1,0,4
414,5787,3,air,1,1,1,1,390,420,60,140,30,15,110,65,5,40,25,2,1,1,0,4
414,5788,4,rail,1,1,1,1,345,345,80,120,40,35,80,45,25,45,10,3,1,1,0,4
414,5789,4,rail,1,1,1,1,300,390,60,170,40,25,65,45,20,55,15,3,2,1,0,4
414,5790,1,car,1,1,1,1,345,360,90,120,45,30,95,45,25,40,10,2,3,1,0,4
414,5791,3,air,1,1,1,1,275,360,50,155,50,30,50,45,15,50,10,2,1,1,0,4
414,5792,4,rail,1,1,1,1,250,360,70,170,35,20,95,45,5,40,25,3,2,1,0,4
414,5793,1,car,1,1,1,1,390,390,70,120,30,15,110,65,10,40,25,1,3,1,0,4
414,5794,1,car,1,1,1,1,250,330,70,140,50,15,95,65,10,45,20,3,1,1,0,4
414,5795,4,rail,1,1,1,1,390,390,50,140,30,35,65,75,10,55,10,1,3,1,0,4
414,5796,3,air,1,1,1,1,345,360,90,140,40,25,50,35,20,55,5,2,3,1,0,4
415,5797,4,rail,1,1,1,1,250,300,70,170,45,25,80,35,5,35,25,3,2,1,1,2
415,5798,4,rail,1,1,1,1,275,390,70,140,50,25,80,35,20,40,15,1,3,1,1,2
415,5799,3,air,1,1,1,1,390,390,60,130,40,25,110,75,5,50,15,2,1,1,1,2
415,5800,4,rail,1,1,1,1,390,390,60,120,40,20,110,75,5,45,20,1,3,1,1,2
415,5801,3,air,1,1,1,1,300,360,80,170,40,25,50,35,15,55,5,2,3,1,1,2
415,5802,4,rail,1,1,1,1,345,345,70,155,30,35,95,55,15,40,20,1,3,1,1,2
415,5803,3,air,1,1,1,1,345,345,90,130,35,35,50,65,20,35,20,2,3,1,1,2
415,5804,3,air,1,1,1,1,300,330,50,130,50,30,65,75,15,55,5,3,2,1,1,2
415,5805,1,car,1,1,1,1,250,360,60,170,30,30,95,55,25,45,20,1,3,1,1,2
415,5806,3,air,1,1,1,1,345,390,50,170,35,25,50,45,25,55,5,3,2,1,1,2
415,5807,3,air,1,1,1,1,275,330,80,155,50,30,65,55,20,35,20,2,1,1,1,2
415,5808,3,air,1,1,1,1,300,330,60,140,45,30,80,45,10,55,10,1,3,1,1,2
415,5809,3,air,1,1,1,1,345,390,70,140,30,15,95,65,5,45,20,1,3,1,1,2
415,5810,1,car,1,1,1,1,250,330,60,120,50,30,110,75,25,45,10,3,2,1,1,2
416,5811,2,bus,0,1,0,1,0,330,0,140,0,35,0,65,25,0,15,0,1,0,0,4
416,5812,4,rail,0,1,0,1,0,360,0,155,0,25,0,35,25,0,15,0,2,0,0,4
416,5813,4,rail,0,1,0,1,0,390,0,155,0,25,0,45,15,0,15,0,3,0,0,4
416,5814,4,rail,0,1,0,1,0,390,0,140,0,15,0,65,5,0,20,0,3,0,0,4
416,5815,4,rail,0,1,0,1,0,420,0,130,0,20,0,65,20,0,25,0,1,0,0,4
416,5816,4,rail,0,1,0,1,0,390,0,130,0,35,0,35,25,0,10,0,1,0,0,4
416,5817,4,rail,0,1,0,1,0,330,0,120,0,35,0,65,25,0,5,0,1,0,0,4
416,5818,4,rail,0,1,0,1,0,330,0,155,0,25,0,35,15,0,5,0,2,0,0,4
416,5819,4,rail,0,1,0,1,0,390,0,120,0,35,0,55,5,0,15,0,1,0,0,4
416,5820,4,rail,0,1,0,1,0,300,0,170,0,35,0,55,10,0,25,0,2,0,0,4
416,5821,4,rail,0,1,0,1,0,345,0,170,0,35,0,45,25,0,5,0,2,0,0,4
416,5822,4,rail,0,1,0,1,0,390,0,155,0,25,0,55,15,0,15,0,2,0,0,4
416,5823,4,rail,0,1,0,1,0,300,0,120,0,35,0,65,5,0,10,0,1,0,0,4
416,5824,4,rail,0,1,0,1,0,345,0,155,0,30,0,45,20,0,5,0,2,0,0,4
417,5825,1,car,1,1,1,1,275,330,80,120,50,35,65,45,20,55,5,3,1,0,1,2
417,5826,4,rail,1,1,1,1,275,390,70,155,45,15,80,35,25,55,5,1,1,0,1,2
417,5827,1,car,1,1,1,1,300,300,60,155,45,15,110,65,10,40,20,2,1,0,1,2
417,5828,3,air,1,1,1,1,390,390,60,155,35,35,95,65,10,45,15,2,3,0,1,2
417,5829,4,rail,1,1,1,1,275,360,50,155,40,30,80,55,20,50,5,1,3,0,1,2
417,5830,1,car,1,1,1,1,250,360,60,120,50,25,110,65,15,45,20,3,2,0,1,2
417,5831,4,rail,1,1,1,1,250,390,90,170,45,20,50,35,25,35,15,2,3,0,1,2
417,5832,3,air,1,1,1,1,275,360,70,170,40,30,65,35,10,50,15,2,3,0,1,2
417,5833,4,rail,1,1,1,1,275,390,90,155,30,25,65,65,15,40,25,1,2,0,1,2
417,5834,1,car,1,1,1,1,275,330,70,120,50,25,80,55,25,50,5,1,3,0,1,2
417,5835,4,rail,1,1,1,1,390,420,60,130,35,15,110,55,25,35,15,2,1,0,1,2
417,5836,3,air,1,1,1,1,300,390,50,170,45,25,50,45,10,55,5,2,1,0,1,2
417,5837,1,car,1,1,1,1,345,345,50,140,30,35,110,65,5,45,15,2,1,0,1,2
417,5838,3,air,1,1,1,1,250,300,80,140,40,30,80,75,15,40,20,1,2,0,1,2
418,5839,3,air,1,1,1,0,275,360,70,0,50,25,65,0,10,50,0,1,0,0,0,2
418,5840,2,bus,1,1,1,0,300,330,70,0,30,35,95,0,15,50,0,1,0,0,0,2
418,5841,3,air,1,1,1,0,390,390,80,0,30,30,80,0,10,35,0,1,0,0,0,2
418,5842,1,car,1,1,1,0,300,390,70,0,40,15,95,0,5,50,0,2,0,0,0,2
418,5843,1,car,1,1,1,0,300,390,70,0,45,25,95,0,20,50,0,3,0,0,0,2
418,5844,1,car,1,1,1,0,275,420,80,0,30,20,95,0,20,35,0,3,0,0,0,2
418,5845,1,car,1,1,1,0,300,420,50,0,40,20,110,0,5,50,0,2,0,0,0,2
418,5846,1,car,1,1,1,0,345,420,60,0,35,20,110,0,25,45,0,2,0,0,0,2
418,5847,1,car,1,1,1,0,250,420,50,0,40,15,95,0,10,40,0,1,0,0,0,2
418,5848,1,car,1,1,1,0,345,390,90,0,35,15,65,0,10,50,0,3,0,0,0,2
418,5849,3,air,1,1,1,0,390,390,50,0,35,15,95,0,5,40,0,2,0,0,0,2
418,5850,3,air,1,1,1,0,250,420,90,0,45,15,50,0,20,35,0,3,0,0,0,2
418,5851,1,car,1,1,1,0,250,390,90,0,40,20,65,0,15,35,0,3,0,0,0,2
418,5852,3,air,1,1,1,0,300,300,50,0,40,30,65,0,5,50,0,1,0,0,0,2
419,5853,4,rail,0,1,0,1,0,345,0,120,0,35,0,45,25,0,5,0,1,0,1,4
419,5854,4,rail,0,1,0,1,0,390,0,120,0,20,0,75,20,0,5,0,2,0,1,4
419,5855,4,rail,0,1,0,1,0,420,0,130,0,15,0,75,10,0,15,0,3,0,1,4
419,5856,4,rail,0,1,0,1,0,420,0,130,0,15,0,65,20,0,20,0,1,0,1,4
419,5857,4,rail,0,1,0,1,0,390,0,155,0,15,0,45,10,0,20,0,1,0,1,4
419,5858,4,rail,0,1,0,1,0,390,0,155,0,15,0,65,10,0,25,0,1,0,1,4
419,5859,4,rail,0,1,0,1,0,330,0,155,0,30,0,65,10,0,15,0,3,0,1,4
419,5860,4,rail,0,1,0,1,0,390,0,130,0,15,0,65,5,0,20,0,1,0,1,4
419,5861,4,rail,0,1,0,1,0,360,0,155,0,30,0,45,20,0,5,0,3,0,1,4
419,5862,4,rail,0,1,0,1,0,390,0,120,0,35,0,75,25,0,15,0,2,0,1,4
419,5863,4,rail,0,1,0,1,0,390,0,155,0,15,0,45,5,0,25,0,1,0,1,4
419,5864,4,rail,0,1,0,1,0,330,0,155,0,30,0,45,15,0,20,0,1,0,1,4
419,5865,4,rail,0,1,0,1,0,360,0,120,0,30,0,55,25,0,25,0,2,0,1,4
419,5866,4,rail,0,1,0,1,0,390,0,120,0,35,0,55,20,0,10,0,1,0,1,4
420,5867,4,rail,0,1,1,1,0,390,90,130,0,35,50,75,20,35,25,1,2,0,1,2
420,5868,4,rail,0,1,1,1,0,300,80,170,0,35,110,55,10,40,25,3,2,0,1,2
420,5869,3,air,0,1,1,1,0,345,90,130,0,25,50,35,10,55,5,2,3,0,1,2
420,5870,4,rail,0,1,1,1,0,390,50,155,0,35,80,55,5,55,15,2,1,0,1,2
420,5871,4,rail,0,1,1,1,0,330,80,120,0,35,95,55,20,45,5,1,3,0,1,2
420,5872,4,rail,0,1,1,1,0,420,60,170,0,15,65,45,15,55,10,1,2,0,1,2
420,5873,4,rail,0,1,1,1,0,360,80,120,0,20,80,45,5,40,20,3,2,0,1,2
420,5874,3,air,0,1,1,1,0,360,90,170,0,30,80,35,15,35,20,2,3,0,1,2
420,5875,4,rail,0,1,1,1,0,420,70,120,0,25,95,45,20,50,15,1,3,0,1,2
420,5876,3,air,0,1,1,1,0,300,80,170,0,30,50,35,10,55,5,2,3,0,1,2
420,5877,4,rail,0,1,1,1,0,360,50,130,0,15,110,65,20,45,15,2,3,0,1,2
420,5878,4,rail,0,1,1,1,0,360,60,140,0,25,110,75,25,50,5,3,2,0,1,2
420,5879,4,rail,0,1,1,1,0,420,60,130,0,20,65,65,20,50,10,1,2,0,1,2
420,5880,3,air,0,1,1,1,0,420,60,140,0,20,50,55,5,55,5,3,1,0,1,2
421,5881,3,air,1,1,1,1,390,390,50,170,40,30,50,35,10,55,5,3,2,1,0,3
421,5882,4,rail,1,1,1,1,390,420,50,140,30,20,80,55,15,55,5,2,1,1,0,3
421,5883,4,rail,1,1,1,1,250,420,90,120,50,15,65,75,25,45,5,1,3,1,0,3
421,5884,4,rail,1,1,1,1,300,390,70,155,30,20,110,75,5,40,25,1,2,1,0,3
421,5885,4,rail,1,1,1,1,250,330,90,170,40,35,80,35,10,40,25,1,2,1,0,3
421,5886,4,rail,1,1,1,1,275,420,90,130,30,20,80,75,25,35,25,2,2,1,0,3
421,5887,1,car,1,1,1,1,275,300,60,120,50,35,110,75,5,40,15,2,3,1,0,3
421,5888,4,rail,1,1,1,1,250,330,70,170,45,20,80,45,10,45,20,1,2,1,0,3
421,5889,4,rail,1,1,1,1,390,420,50,140,35,15,95,55,10,55,10,3,1,1,0,3
421,5890,4,rail,1,1,1,1,345,360,70,140,35,30,110,45,5,40,25,1,3,1,0,3
421,5891,4,rail,1,1,1,1,345,390,80,120,45,25,65,35,25,55,5,3,1,1,0,3
421,5892,4,rail,1,1,1,1,390,390,70,170,30,35,110,35,5,35,25,2,3,1,0,3
421,5893,1,car,1,1,1,1,275,330,90,140,45,30,65,65,15,45,15,1,2,1,0,3
421,5894,3,air,1,1,1,1,300,420,80,140,45,25,50,55,15,50,10,1,3,1,0,3
422,5895,4,rail,0,1,1,1,0,330,70,170,0,25,80,35,15,35,25,3,2,0,0,2
422,5896,3,air,0,1,1,1,0,345,90,130,0,30,50,55,15,35,20,2,3,0,0,2
422,5897,4,rail,0,1,1,1,0,390,70,140,0,35,95,45,5,45,20,3,1,0,0,2
422,5898,3,air,0,1,1,1,0,390,80,130,0,20,50,65,25,55,5,3,2,0,0,2
422,5899,4,rail,0,1,1,1,0,360,80,140,0,25,80,55,25,40,20,2,1,0,0,2
422,5900,4,rail,0,1,1,1,0,420,80,130,0,20,80,35,15,40,15,2,3,0,0,2
422,5901,4,rail,0,1,1,1,0,420,60,140,0,20,110,55,20,35,25,3,1,0,0,2
422,5902,4,rail,0,1,1,1,0,420,80,155,0,20,80,55,15,45,20,1,2,0,0,2
422,5903,4,rail,0,1,1,1,0,300,80,140,0,30,95,45,20,35,20,3,2,0,0,2
422,5904,3,air,0,1,1,1,0,390,50,130,0,20,65,75,10,50,10,2,1,0,0,2
422,5905,2,bus,0,1,1,1,0,390,50,140,0,15,110,75,5,50,20,3,1,0,0,2
422,5906,4,rail,0,1,1,1,0,360,80,155,0,15,110,35,5,35,20,2,1,0,0,2
422,5907,3,air,0,1,1,1,0,390,50,170,0,20,65,45,20,55,5,2,1,0,0,2
422,5908,2,bus,0,1,1,1,0,420,50,120,0,15,50,75,5,55,5,1,3,0,0,2
423,5909,3,air,0,1,1,1,0,360,60,140,0,30,50,55,25,55,5,2,3,1,0,1
423,5910,2,bus,0,1,1,1,0,360,90,130,0,25,65,55,20,35,20,2,3,1,0,1
423,5911,3,air,0,1,1,1,0,420,90,140,0,15,50,55,10,35,25,1,3,1,0,1
423,5912,3,air,0,1,1,1,0,300,70,120,0,35,65,75,20,50,10,1,2,1,0,1
423,5913,3,air,0,1,1,1,0,390,90,140,0,25,50,55,5,50,15,3,1,1,0,1
423,5914,4,rail,0,1,1,1,0,345,90,130,0,35,65,35,10,40,20,3,1,1,0,1
423,5915,4,rail,0,1,1,1,0,345,60,130,0,35,95,75,10,40,15,3,2,1,0,1
423,5916,4,rail,0,1,1,1,0,345,80,120,0,30,110,45,25,40,5,3,1,1,0,1
423,5917,4,rail,0,1,1,1,0,420,60,170,0,15,110,35,20,40,15,2,1,1,0,1
423,5918,4,rail,0,1,1,1,0,390,90,155,0,25,50,55,20,40,20,2,1,1,0,1
423,5919,4,rail,0,1,1,1,0,300,80,155,0,35,95,45,10,40,25,3,1,1,0,1
423,5920,2,bus,0,1,1,1,0,300,60,155,0,35,110,65,5,50,20,1,3,1,0,1
423,5921,4,rail,0,1,1,1,0,360,70,120,0,20,110,75,25,40,15,1,3,1,0,1
423,5922,2,bus,0,1,1,1,0,300,80,130,0,25,50,75,5,50,15,2,1,1,0,1
424,5923,3,air,1,1,1,0,390,390,50,0,35,20,50,0,15,45,0,2,0,1,0,3
424,5924,3,air,1,1,1,0,345,390,60,0,40,25,110,0,25,40,0,3,0,1,0,3
424,5925,3,air,1,1,1,0,390,420,60,0,30,20,95,0,25,55,0,2,0,1,0,3
424,5926,3,air,1,1,1,0,345,390,50,0,40,25,80,0,20,50,0,3,0,1,0,3
424,5927,1,car,1,1,1,0,300,420,50,0,50,15,110,0,20,45,0,2,0,1,0,3
424,5928,1,car,1,1,1,0,390,420,60,0,30,15,110,0,5,40,0,2,0,1,0,3
424,5929,1,car,1,1,1,0,300,390,60,0,40,25,65,0,20,55,0,3,0,1,0,3
424,5930,1,car,1,1,1,0,345,360,90,0,45,30,95,0,25,40,0,2,0,1,0,3
424,5931,3,air,1,1,1,0,275,360,50,0,50,30,50,0,15,50,0,2,0,1,0,3
424,5932,2,bus,1,1,1,0,250,360,70,0,35,20,95,0,5,40,0,3,0,1,0,3
424,5933,1,car,1,1,1,0,390,390,70,0,30,15,110,0,10,40,0,1,0,1,0,3
424,5934,3,air,1,1,1,0,250,330,70,0,50,15,95,0,10,45,0,3,0,1,0,3
424,5935,3,air,1,1,1,0,390,390,50,0,30,35,65,0,10,55,0,1,0,1,0,3
424,5936,3,air,1,1,1,0,345,360,90,0,40,25,50,0,20,55,0,2,0,1,0,3
425,5937,4,rail,1,1,1,1,250,300,70,170,45,25,80,35,5,35,25,3,2,0,1,3
425,5938,4,rail,1,1,1,1,275,390,70,140,50,25,80,35,20,40,15,1,3,0,1,3
425,5939,3,air,1,1,1,1,390,390,60,130,40,25,110,75,5,50,15,2,1,0,1,3
425,5940,4,rail,1,1,1,1,390,390,60,120,40,20,110,75,5,45,20,1,3,0,1,3
425,5941,3,air,1,1,1,1,345,345,70,155,30,35,95,55,15,40,20,1,3,0,1,3
425,5942,4,rail,1,1,1,1,275,300,70,170,40,30,65,35,5,45,25,1,3,0,1,3
425,5943,3,air,1,1,1,1,345,345,90,130,35,35,50,65,20,35,20,2,3,0,1,3
425,5944,4,rail,1,1,1,1,300,330,50,130,50,30,65,75,15,55,5,3,2,0,1,3
425,5945,1,car,1,1,1,1,250,360,60,170,30,30,95,55,25,45,20,1,3,0,1,3
425,5946,3,air,1,1,1,1,345,390,50,170,35,25,50,45,25,55,5,3,2,0,1,3
425,5947,4,rail,1,1,1,1,300,330,60,140,45,30,80,45,10,55,10,1,3,0,1,3
425,5948,4,rail,1,1,1,1,345,390,70,140,30,15,95,65,5,45,20,1,3,0,1,3
425,5949,4,rail,1,1,1,1,250,330,60,120,50,30,110,75,25,45,10,3,2,0,1,3
425,5950,4,rail,1,1,1,1,300,420,90,170,35,20,65,35,15,35,25,3,2,0,1,3
426,5951,1,car,1,0,1,1,250,0,90,140,30,0,80,65,0,35,15,2,1,0,0,3
426,5952,4,rail,1,0,1,1,300,0,70,155,35,0,80,35,0,45,15,1,2,0,0,3
426,5953,4,rail,1,0,1,1,300,0,80,155,35,0,65,45,0,45,15,1,3,0,0,3
426,5954,1,car,1,0,1,1,250,0,60,140,50,0,95,75,0,45,10,1,3,0,0,3
426,5955,1,car,1,0,1,1,390,0,50,130,30,0,80,65,0,35,25,2,1,0,0,3
426,5956,4,rail,1,0,1,1,390,0,70,130,35,0,110,35,0,45,10,3,1,0,0,3
426,5957,1,car,1,0,1,1,300,0,90,120,45,0,50,65,0,55,5,3,1,0,0,3
426,5958,4,rail,1,0,1,1,300,0,80,155,40,0,50,35,0,50,5,1,2,0,0,3
426,5959,1,car,1,0,1,1,390,0,90,120,30,0,80,55,0,45,15,3,1,0,0,3
426,5960,1,car,1,0,1,1,275,0,80,170,40,0,80,55,0,40,25,1,2,0,0,3
426,5961,4,rail,1,0,1,1,345,0,70,170,35,0,50,45,0,55,5,3,2,0,0,3
426,5962,4,rail,1,0,1,1,275,0,60,155,50,0,65,55,0,50,15,3,2,0,0,3
426,5963,1,car,1,0,1,1,345,0,50,120,35,0,80,75,0,40,10,3,2,0,0,3
426,5964,3,air,1,0,1,1,345,0,60,155,40,0,65,45,0,55,5,1,2,0,0,3
427,5965,4,rail,1,1,1,1,275,330,80,120,50,35,65,45,20,55,5,3,1,1,0,2
427,5966,1,car,1,1,1,1,275,390,70,155,45,15,80,35,25,55,5,1,1,1,0,2
427,5967,2,bus,1,1,1,1,300,300,60,155,45,15,110,65,10,40,20,2,1,1,0,2
427,5968,4,rail,1,1,1,1,390,390,60,155,35,35,95,65,10,45,15,2,3,1,0,2
427,5969,1,car,1,1,1,1,275,360,50,155,40,30,80,55,20,50,5,1,3,1,0,2
427,5970,4,rail,1,1,1,1,250,360,60,120,50,25,110,65,15,45,20,3,2,1,0,2
427,5971,3,air,1,1,1,1,250,390,90,170,45,20,50,35,25,35,15,2,3,1,0,2
427,5972,4,rail,1,1,1,1,275,360,70,170,40,30,65,35,10,50,15,2,3,1,0,2
427,5973,4,rail,1,1,1,1,275,390,90,155,30,25,65,65,15,40,25,1,2,1,0,2
427,5974,1,car,1,1,1,1,390,390,90,120,30,25,65,65,25,35,15,3,1,1,0,2
427,5975,4,rail,1,1,1,1,275,330,70,120,50,25,80,55,25,50,5,1,3,1,0,2
427,5976,4,rail,1,1,1,1,300,390,50,170,45,25,50,45,10,55,5,2,1,1,0,2
427,5977,1,car,1,1,1,1,345,345,50,140,30,35,110,65,5,45,15,2,1,1,0,2
427,5978,1,car,1,1,1,1,250,300,80,140,40,30,80,75,15,40,20,1,2,1,0,2
428,5979,4,rail,1,1,0,1,250,330,0,130,50,30,0,55,15,0,10,0,1,1,1,3
428,5980,4,rail,1,1,0,1,275,360,0,120,50,25,0,65,10,0,10,0,2,1,1,3
428,5981,4,rail,1,1,0,1,300,330,0,140,30,35,0,75,15,0,25,0,2,1,1,3
428,5982,4,rail,1,1,0,1,390,390,0,130,30,30,0,65,10,0,25,0,3,1,1,3
428,5983,1,car,1,1,0,1,300,390,0,130,40,15,0,75,5,0,10,0,3,1,1,3
428,5984,4,rail,1,1,0,1,275,420,0,170,30,20,0,35,20,0,25,0,2,1,1,3
428,5985,4,rail,1,1,0,1,300,420,0,155,40,20,0,65,5,0,20,0,1,1,1,3
428,5986,4,rail,1,1,0,1,345,420,0,170,35,20,0,35,25,0,15,0,1,1,1,3
428,5987,4,rail,1,1,0,1,250,360,0,170,40,30,0,45,25,0,10,0,2,1,1,3
428,5988,4,rail,1,1,0,1,250,420,0,155,40,15,0,75,10,0,25,0,2,1,1,3
428,5989,4,rail,1,1,0,1,345,390,0,155,35,15,0,35,10,0,10,0,1,1,1,3
428,5990,4,rail,1,1,0,1,250,420,0,140,45,15,0,65,20,0,25,0,2,1,1,3
428,5991,4,rail,1,1,0,1,250,390,0,170,40,20,0,35,15,0,25,0,2,1,1,3
428,5992,4,rail,1,1,0,1,300,300,0,170,40,30,0,65,5,0,25,0,2,1,1,3
429,5993,1,car,1,1,1,1,390,390,70,130,30,15,95,75,10,45,15,2,3,1,0,1
429,5994,4,rail,1,1,1,1,250,390,90,120,45,20,50,75,20,50,5,1,2,1,0,1
429,5995,1,car,1,1,1,1,300,420,50,130,45,15,110,75,10,45,15,2,3,1,0,1
429,5996,2,bus,1,1,1,1,390,420,90,130,30,15,65,65,20,35,20,3,1,1,0,1
429,5997,1,car,1,1,1,1,250,390,80,155,45,15,65,45,10,50,20,3,1,1,0,1
429,5998,1,car,1,1,1,1,390,390,60,155,40,15,110,65,10,35,25,2,1,1,0,1
429,5999,3,air,1,1,1,1,250,330,80,155,45,30,50,65,10,45,15,1,3,1,0,1
429,6000,1,car,1,1,1,1,275,390,90,130,40,15,80,65,5,40,20,3,1,1,0,1
429,6001,4,rail,1,1,1,1,345,360,50,155,50,30,80,45,20,55,5,2,3,1,0,1
429,6002,1,car,1,1,1,1,390,390,50,120,35,35,95,75,25,35,15,1,2,1,0,1
429,6003,4,rail,1,1,1,1,300,390,80,155,30,15,95,45,5,45,25,3,1,1,0,1
429,6004,4,rail,1,1,1,1,300,330,90,155,35,30,65,45,15,35,20,3,1,1,0,1
429,6005,4,rail,1,1,1,1,250,360,90,120,50,30,65,55,25,35,25,3,2,1,0,1
429,6006,1,car,1,1,1,1,390,390,70,120,35,35,95,55,20,45,10,1,1,1,0,1
430,6007,4,rail,1,1,0,1,390,390,0,130,35,35,0,75,20,0,25,0,2,0,0,3
430,6008,1,car,1,1,0,1,300,300,0,170,30,35,0,55,10,0,25,0,2,0,0,3
430,6009,4,rail,1,1,0,1,390,390,0,155,35,35,0,55,5,0,15,0,1,0,0,3
430,6010,4,rail,1,1,0,1,300,330,0,120,45,35,0,55,20,0,5,0,3,0,0,3
430,6011,4,rail,1,1,0,1,345,420,0,170,30,15,0,45,15,0,10,0,2,0,0,3
430,6012,4,rail,1,1,0,1,345,420,0,120,30,20,0,75,15,0,10,0,2,0,0,3
430,6013,4,rail,1,1,0,1,250,360,0,120,50,20,0,45,5,0,20,0,2,0,0,3
430,6014,4,rail,1,1,0,1,275,360,0,170,35,30,0,35,15,0,20,0,3,0,0,3
430,6015,4,rail,1,1,0,1,275,360,0,120,50,30,0,45,15,0,20,0,2,0,0,3
430,6016,4,rail,1,1,0,1,300,300,0,170,45,30,0,35,10,0,5,0,3,0,0,3
430,6017,1,car,1,1,0,1,275,360,0,130,50,15,0,65,20,0,15,0,3,0,0,3
430,6018,4,rail,1,1,0,1,345,360,0,140,30,25,0,75,25,0,5,0,2,0,0,3
430,6019,1,car,1,1,0,1,250,420,0,130,50,20,0,65,20,0,10,0,2,0,0,3
430,6020,4,rail,1,1,0,1,390,420,0,140,35,20,0,55,5,0,5,0,1,0,0,3
431,6021,3,air,1,1,1,1,390,390,50,170,40,30,50,35,10,55,5,3,2,0,0,3
431,6022,3,air,1,1,1,1,390,420,50,140,30,20,80,55,15,55,5,2,1,0,0,3
431,6023,1,car,1,1,1,1,250,420,90,120,50,15,65,75,25,45,5,1,3,0,0,3
431,6024,1,car,1,1,1,1,300,390,70,155,30,20,110,75,5,40,25,1,2,0,0,3
431,6025,1,car,1,1,1,1,250,330,90,170,40,35,80,35,10,40,25,1,2,0,0,3
431,6026,1,car,1,1,1,1,275,420,90,130,30,20,80,75,25,35,25,2,2,0,0,3
431,6027,4,rail,1,1,1,1,275,300,50,170,45,30,95,35,25,45,10,3,2,0,0,3
431,6028,1,car,1,1,1,1,250,330,70,170,45,20,80,45,10,45,20,1,2,0,0,3
431,6029,4,rail,1,1,1,1,345,360,70,140,35,30,110,45,5,40,25,1,3,0,0,3
431,6030,4,rail,1,1,1,1,345,390,80,120,45,25,65,35,25,55,5,3,1,0,0,3
431,6031,4,rail,1,1,1,1,250,390,60,130,50,20,80,75,15,55,15,1,3,0,0,3
431,6032,4,rail,1,1,1,1,390,390,70,170,30,35,110,35,5,35,25,2,3,0,0,3
431,6033,4,rail,1,1,1,1,275,330,90,140,45,30,65,65,15,45,15,1,2,0,0,3
431,6034,3,air,1,1,1,1,300,420,80,140,45,25,50,55,15,50,10,1,3,0,0,3
432,6035,4,rail,0,1,0,1,0,330,0,170,0,25,0,35,15,0,25,0,2,0,0,2
432,6036,4,rail,0,1,0,1,0,345,0,130,0,30,0,55,15,0,20,0,3,0,0,2
432,6037,4,rail,0,1,0,1,0,390,0,140,0,35,0,45,5,0,20,0,1,0,0,2
432,6038,4,rail,0,1,0,1,0,390,0,130,0,20,0,65,25,0,5,0,2,0,0,2
432,6039,4,rail,0,1,0,1,0,360,0,140,0,25,0,55,25,0,20,0,1,0,0,2
432,6040,4,rail,0,1,0,1,0,420,0,130,0,20,0,35,15,0,15,0,3,0,0,2
432,6041,4,rail,0,1,0,1,0,420,0,130,0,20,0,75,20,0,10,0,2,0,0,2
432,6042,4,rail,0,1,0,1,0,420,0,155,0,20,0,55,15,0,20,0,2,0,0,2
432,6043,2,bus,0,1,0,1,0,390,0,130,0,20,0,75,10,0,10,0,1,0,0,2
432,6044,4,rail,0,1,0,1,0,390,0,140,0,15,0,75,5,0,20,0,1,0,0,2
432,6045,4,rail,0,1,0,1,0,360,0,155,0,15,0,35,5,0,20,0,1,0,0,2
432,6046,4,rail,0,1,0,1,0,390,0,170,0,20,0,45,20,0,5,0,1,0,0,2
432,6047,4,rail,0,1,0,1,0,345,0,130,0,25,0,45,20,0,10,0,1,0,0,2
432,6048,4,rail,0,1,0,1,0,420,0,120,0,15,0,75,5,0,5,0,3,0,0,2
433,6049,4,rail,1,1,0,1,250,360,0,140,45,20,0,65,10,0,20,0,3,0,0,3
433,6050,1,car,1,1,0,1,345,360,0,140,35,30,0,55,25,0,5,0,3,0,0,3
433,6051,2,bus,1,1,0,1,300,420,0,140,40,15,0,55,10,0,25,0,3,0,0,3
433,6052,4,rail,1,1,0,1,250,300,0,120,45,35,0,75,20,0,10,0,2,0,0,3
433,6053,1,car,1,1,0,1,390,390,0,140,30,25,0,55,5,0,15,0,1,0,0,3
433,6054,1,car,1,1,0,1,345,345,0,130,40,35,0,35,10,0,20,0,1,0,0,3
433,6055,1,car,1,1,0,1,345,345,0,130,35,35,0,75,10,0,15,0,2,0,0,3
433,6056,4,rail,1,1,0,1,345,345,0,120,45,30,0,45,25,0,5,0,1,0,0,3
433,6057,4,rail,1,1,0,1,345,420,0,170,30,15,0,35,20,0,15,0,1,0,0,3
433,6058,1,car,1,1,0,1,250,390,0,155,45,25,0,55,20,0,20,0,1,0,0,3
433,6059,4,rail,1,1,0,1,250,300,0,155,40,35,0,45,10,0,25,0,1,0,0,3
433,6060,2,bus,1,1,0,1,300,300,0,155,45,35,0,65,5,0,20,0,3,0,0,3
433,6061,1,car,1,1,0,1,275,360,0,120,50,20,0,75,25,0,15,0,3,0,0,3
433,6062,1,car,1,1,0,1,300,300,0,130,50,25,0,75,5,0,15,0,1,0,0,3
434,6063,3,air,1,1,1,1,390,390,50,155,35,20,50,55,15,45,15,2,3,0,1,4
434,6064,1,car,1,1,1,1,345,390,60,130,40,25,110,45,25,40,10,3,1,0,1,4
434,6065,4,rail,1,1,1,1,390,420,60,130,30,20,95,55,25,55,5,2,1,0,1,4
434,6066,3,air,1,1,1,1,345,390,50,140,40,25,80,45,20,50,10,3,2,0,1,4
434,6067,4,rail,1,1,1,1,300,420,50,130,50,15,110,75,20,45,10,2,3,0,1,4
434,6068,3,air,1,1,1,1,390,420,60,140,30,15,110,65,5,40,25,2,1,0,1,4
434,6069,1,car,1,1,1,1,345,345,80,120,40,35,80,45,25,45,10,3,1,0,1,4
434,6070,4,rail,1,1,1,1,300,390,60,140,50,15,50,65,10,55,5,3,1,0,1,4
434,6071,4,rail,1,1,1,1,345,360,90,120,45,30,95,45,25,40,10,2,3,0,1,4
434,6072,3,air,1,1,1,1,275,360,50,155,50,30,50,45,15,50,10,2,1,0,1,4
434,6073,4,rail,1,1,1,1,250,360,70,170,35,20,95,45,5,40,25,3,2,0,1,4
434,6074,1,car,1,1,1,1,390,390,70,120,30,15,110,65,10,40,25,1,3,0,1,4
434,6075,3,air,1,1,1,1,250,330,70,140,50,15,95,65,10,45,20,3,1,0,1,4
434,6076,4,rail,1,1,1,1,390,390,50,140,30,35,65,75,10,55,10,1,3,0,1,4
435,6077,4,rail,0,1,1,1,0,300,70,170,0,25,80,35,5,35,25,3,2,0,1,2
435,6078,4,rail,0,1,1,1,0,390,70,140,0,25,80,35,20,40,15,1,3,0,1,2
435,6079,3,air,0,1,1,1,0,390,60,130,0,25,110,75,5,50,15,2,1,0,1,2
435,6080,4,rail,0,1,1,1,0,390,60,120,0,20,110,75,5,45,20,1,3,0,1,2
435,6081,3,air,0,1,1,1,0,360,80,170,0,25,50,35,15,55,5,2,3,0,1,2
435,6082,4,rail,0,1,1,1,0,300,70,170,0,30,65,35,5,45,25,1,3,0,1,2
435,6083,3,air,0,1,1,1,0,345,90,130,0,35,50,65,20,35,20,2,3,0,1,2
435,6084,4,rail,0,1,1,1,0,330,50,130,0,30,65,75,15,55,5,3,2,0,1,2
435,6085,3,air,0,1,1,1,0,360,60,170,0,30,95,55,25,45,20,1,3,0,1,2
435,6086,3,air,0,1,1,1,0,390,50,170,0,25,50,45,25,55,5,3,2,0,1,2
435,6087,3,air,0,1,1,1,0,330,80,155,0,30,65,55,20,35,20,2,1,0,1,2
435,6088,4,rail,0,1,1,1,0,330,60,140,0,30,80,45,10,55,10,1,3,0,1,2
435,6089,3,air,0,1,1,1,0,390,70,140,0,15,95,65,5,45,20,1,3,0,1,2
435,6090,4,rail,0,1,1,1,0,420,90,170,0,20,65,35,15,35,25,3,2,0,1,2
436,6091,1,car,1,1,0,0,250,330,0,0,30,35,0,0,25,0,0,0,0,1,0,4
436,6092,1,car,1,1,0,0,300,360,0,0,35,25,0,0,25,0,0,0,0,1,0,4
436,6093,1,car,1,1,0,0,300,390,0,0,35,25,0,0,15,0,0,0,0,1,0,4
436,6094,1,car,1,1,0,0,275,390,0,0,35,15,0,0,5,0,0,0,0,1,0,4
436,6095,1,car,1,1,0,0,390,420,0,0,30,20,0,0,20,0,0,0,0,1,0,4
436,6096,1,car,1,1,0,0,390,390,0,0,35,35,0,0,25,0,0,0,0,1,0,4
436,6097,1,car,1,1,0,0,300,330,0,0,45,35,0,0,25,0,0,0,0,1,0,4
436,6098,1,car,1,1,0,0,300,330,0,0,40,25,0,0,15,0,0,0,0,1,0,4
436,6099,1,car,1,1,0,0,390,390,0,0,30,35,0,0,5,0,0,0,0,1,0,4
436,6100,1,car,1,1,0,0,275,300,0,0,40,35,0,0,10,0,0,0,0,1,0,4
436,6101,1,car,1,1,0,0,345,345,0,0,35,35,0,0,25,0,0,0,0,1,0,4
436,6102,1,car,1,1,0,0,345,360,0,0,35,35,0,0,15,0,0,0,0,1,0,4
436,6103,1,car,1,1,0,0,250,300,0,0,50,35,0,0,5,0,0,0,0,1,0,4
436,6104,1,car,1,1,0,0,345,345,0,0,40,30,0,0,20,0,0,0,0,1,0,4
437,6105,3,air,0,1,1,0,0,330,80,0,0,35,65,0,20,55,0,3,0,0,0,1
437,6106,2,bus,0,1,1,0,0,330,70,0,0,15,110,0,5,40,0,2,0,0,0,1
437,6107,3,air,0,1,1,0,0,390,70,0,0,15,80,0,25,55,0,1,0,0,0,1
437,6108,2,bus,0,1,1,0,0,300,60,0,0,15,110,0,10,40,0,2,0,0,0,1
437,6109,3,air,0,1,1,0,0,390,60,0,0,35,95,0,10,45,0,2,0,0,0,1
437,6110,2,bus,0,1,1,0,0,360,50,0,0,30,80,0,20,50,0,1,0,0,0,1
437,6111,3,air,0,1,1,0,0,390,90,0,0,20,50,0,25,35,0,2,0,0,0,1
437,6112,3,air,0,1,1,0,0,390,90,0,0,25,65,0,15,40,0,1,0,0,0,1
437,6113,2,bus,0,1,1,0,0,390,90,0,0,25,65,0,25,35,0,3,0,0,0,1
437,6114,2,bus,0,1,1,0,0,330,70,0,0,25,80,0,25,50,0,1,0,0,0,1
437,6115,2,bus,0,1,1,0,0,420,60,0,0,15,110,0,25,35,0,2,0,0,0,1
437,6116,3,air,0,1,1,0,0,390,50,0,0,25,50,0,10,55,0,2,0,0,0,1
437,6117,2,bus,0,1,1,0,0,345,50,0,0,35,110,0,5,45,0,2,0,0,0,1
437,6118,2,bus,0,1,1,0,0,300,80,0,0,30,80,0,15,40,0,1,0,0,0,1
438,6119,4,rail,0,1,1,1,0,360,70,120,0,25,65,65,10,50,10,1,2,1,0,1
438,6120,2,bus,0,1,1,1,0,330,70,140,0,35,95,75,15,50,25,1,2,1,0,1
438,6121,4,rail,0,1,1,1,0,390,80,130,0,30,80,65,10,35,25,1,3,1,0,1
438,6122,2,bus,0,1,1,1,0,390,70,130,0,15,95,75,5,50,10,2,3,1,0,1
438,6123,4,rail,0,1,1,1,0,390,70,120,0,25,95,35,20,50,10,3,2,1,0,1
438,6124,4,rail,0,1,1,1,0,420,80,170,0,20,95,35,20,35,25,3,2,1,0,1
438,6125,2,bus,0,1,1,1,0,420,50,155,0,20,110,65,5,50,20,2,1,1,0,1
438,6126,4,rail,0,1,1,1,0,420,60,170,0,20,110,35,25,45,15,2,1,1,0,1
438,6127,2,bus,0,1,1,1,0,420,50,155,0,15,95,75,10,40,25,1,2,1,0,1
438,6128,4,rail,0,1,1,1,0,390,90,155,0,15,65,35,10,50,10,3,1,1,0,1
438,6129,4,rail,0,1,1,1,0,390,50,170,0,15,95,35,5,40,25,2,3,1,0,1
438,6130,3,air,0,1,1,1,0,420,90,140,0,15,50,65,20,35,25,3,2,1,0,1
438,6131,4,rail,0,1,1,1,0,390,90,170,0,20,65,35,15,35,25,3,2,1,0,1
438,6132,2,bus,0,1,1,1,0,300,50,170,0,30,65,65,5,50,25,1,2,1,0,1
439,6133,4,rail,1,1,0,1,390,390,0,130,30,15,0,75,10,0,15,0,3,1,1,3
439,6134,4,rail,1,1,0,1,345,345,0,120,45,35,0,45,25,0,5,0,1,1,1,3
439,6135,4,rail,1,1,0,1,250,390,0,120,45,20,0,75,20,0,5,0,2,1,1,3
439,6136,4,rail,1,1,0,1,300,420,0,130,45,15,0,75,10,0,15,0,3,1,1,3
439,6137,4,rail,1,1,0,1,250,390,0,155,45,15,0,45,10,0,20,0,1,1,1,3
439,6138,4,rail,1,1,0,1,390,390,0,155,40,15,0,65,10,0,25,0,1,1,1,3
439,6139,4,rail,1,1,0,1,250,330,0,155,45,30,0,65,10,0,15,0,3,1,1,3
439,6140,4,rail,1,1,0,1,275,390,0,130,40,15,0,65,5,0,20,0,1,1,1,3
439,6141,4,rail,1,1,0,1,275,420,0,155,50,20,0,35,15,0,10,0,3,1,1,3
439,6142,4,rail,1,1,0,1,390,390,0,120,35,35,0,75,25,0,15,0,2,1,1,3
439,6143,1,car,1,1,0,1,300,390,0,155,30,15,0,45,5,0,25,0,1,1,1,3
439,6144,4,rail,1,1,0,1,300,330,0,155,35,30,0,45,15,0,20,0,1,1,1,3
439,6145,4,rail,1,1,0,1,250,360,0,120,50,30,0,55,25,0,25,0,2,1,1,3
439,6146,4,rail,1,1,0,1,390,390,0,120,35,35,0,55,20,0,10,0,1,1,1,3
440,6147,3,air,0,1,1,0,0,390,90,0,0,35,50,0,20,35,0,1,0,1,1,3
440,6148,3,air,0,1,1,0,0,300,80,0,0,35,110,0,10,40,0,3,0,1,1,3
440,6149,3,air,0,1,1,0,0,345,90,0,0,25,50,0,10,55,0,2,0,1,1,3
440,6150,3,air,0,1,1,0,0,390,50,0,0,35,80,0,5,55,0,2,0,1,1,3
440,6151,3,air,0,1,1,0,0,420,60,0,0,15,65,0,15,55,0,1,0,1,1,3
440,6152,3,air,0,1,1,0,0,420,80,0,0,20,80,0,15,50,0,1,0,1,1,3
440,6153,3,air,0,1,1,0,0,360,80,0,0,20,80,0,5,40,0,3,0,1,1,3
440,6154,3,air,0,1,1,0,0,360,90,0,0,30,80,0,15,35,0,2,0,1,1,3
440,6155,3,air,0,1,1,0,0,420,70,0,0,25,95,0,20,50,0,1,0,1,1,3
440,6156,3,air,0,1,1,0,0,360,80,0,0,30,95,0,15,35,0,1,0,1,1,3
440,6157,3,air,0,1,1,0,0,300,80,0,0,30,50,0,10,55,0,2,0,1,1,3
440,6158,3,air,0,1,1,0,0,360,50,0,0,15,110,0,20,45,0,2,0,1,1,3
440,6159,3,air,0,1,1,0,0,360,60,0,0,25,110,0,25,50,0,3,0,1,1,3
440,6160,3,air,0,1,1,0,0,420,60,0,0,20,50,0,5,55,0,3,0,1,1,3
441,6161,1,car,1,1,1,1,390,390,50,170,40,30,50,35,10,55,5,3,2,1,1,4
441,6162,4,rail,1,1,1,1,250,420,90,120,50,15,65,75,25,45,5,1,3,1,1,4
441,6163,1,car,1,1,1,1,300,390,70,155,30,20,110,75,5,40,25,1,2,1,1,4
441,6164,4,rail,1,1,1,1,250,330,90,170,40,35,80,35,10,40,25,1,2,1,1,4
441,6165,3,air,1,1,1,1,275,420,90,130,30,20,80,75,25,35,25,2,2,1,1,4
441,6166,4,rail,1,1,1,1,275,300,50,170,45,30,95,35,25,45,10,3,2,1,1,4
441,6167,3,air,1,1,1,1,275,300,60,120,50,35,110,75,5,40,15,2,3,1,1,4
441,6168,4,rail,1,1,1,1,250,330,70,170,45,20,80,45,10,45,20,1,2,1,1,4
441,6169,4,rail,1,1,1,1,390,420,50,140,35,15,95,55,10,55,10,3,1,1,1,4
441,6170,1,car,1,1,1,1,345,390,80,120,45,25,65,35,25,55,5,3,1,1,1,4
441,6171,3,air,1,1,1,1,250,390,60,130,50,20,80,75,15,55,15,1,3,1,1,4
441,6172,4,rail,1,1,1,1,390,390,70,170,30,35,110,35,5,35,25,2,3,1,1,4
441,6173,3,air,1,1,1,1,275,330,90,140,45,30,65,65,15,45,15,1,2,1,1,4
441,6174,3,air,1,1,1,1,300,420,80,140,45,25,50,55,15,50,10,1,3,1,1,4
442,6175,4,rail,1,0,0,1,300,0,0,170,40,0,0,35,0,0,25,0,2,0,1,1
442,6176,4,rail,1,0,0,1,345,0,0,130,40,0,0,55,0,0,20,0,3,0,1,1
442,6177,4,rail,1,0,0,1,345,0,0,130,35,0,0,65,0,0,5,0,2,0,1,1
442,6178,1,car,1,0,0,1,275,0,0,140,40,0,0,55,0,0,20,0,1,0,1,1
442,6179,4,rail,1,0,0,1,275,0,0,130,45,0,0,35,0,0,15,0,3,0,1,1
442,6180,1,car,1,0,0,1,250,0,0,140,50,0,0,55,0,0,25,0,1,0,1,1
442,6181,1,car,1,0,0,1,390,0,0,130,30,0,0,75,0,0,10,0,2,0,1,1
442,6182,4,rail,1,0,0,1,250,0,0,155,35,0,0,55,0,0,20,0,2,0,1,1
442,6183,4,rail,1,0,0,1,300,0,0,140,35,0,0,45,0,0,20,0,2,0,1,1
442,6184,1,car,1,0,0,1,390,0,0,130,30,0,0,75,0,0,10,0,1,0,1,1
442,6185,4,rail,1,0,0,1,390,0,0,140,35,0,0,75,0,0,20,0,1,0,1,1
442,6186,4,rail,1,0,0,1,275,0,0,155,50,0,0,35,0,0,20,0,1,0,1,1
442,6187,4,rail,1,0,0,1,345,0,0,130,45,0,0,45,0,0,10,0,1,0,1,1
442,6188,4,rail,1,0,0,1,275,0,0,120,50,0,0,75,0,0,5,0,3,0,1,1
443,6189,3,air,1,1,1,1,250,360,90,140,45,20,50,65,10,40,20,2,3,0,0,2
443,6190,3,air,1,1,1,1,345,360,60,140,35,30,50,55,25,55,5,2,3,0,0,2
443,6191,1,car,1,1,1,1,275,360,90,130,45,25,65,55,20,35,20,2,3,0,0,2
443,6192,3,air,1,1,1,1,300,420,90,140,40,15,50,55,10,35,25,1,3,0,0,2
443,6193,3,air,1,1,1,1,250,300,70,120,45,35,65,75,20,50,10,1,2,0,0,2
443,6194,3,air,1,1,1,1,390,390,90,140,30,25,50,55,5,50,15,3,1,0,0,2
443,6195,4,rail,1,1,1,1,345,345,90,130,40,35,65,35,10,40,20,3,1,0,0,2
443,6196,1,car,1,1,1,1,345,345,80,120,45,30,110,45,25,40,5,3,1,0,0,2
443,6197,4,rail,1,1,1,1,345,420,60,170,30,15,110,35,20,40,15,2,1,0,0,2
443,6198,3,air,1,1,1,1,250,390,90,155,45,25,50,55,20,40,20,2,1,0,0,2
443,6199,4,rail,1,1,1,1,250,300,80,155,40,35,95,45,10,40,25,3,1,0,0,2
443,6200,4,rail,1,1,1,1,300,300,60,155,45,35,110,65,5,50,20,1,3,0,0,2
443,6201,4,rail,1,1,1,1,345,345,80,155,30,30,50,55,15,50,10,1,2,0,0,2
443,6202,1,car,1,1,1,1,300,300,80,130,50,25,50,75,5,50,15,2,1,0,0,2
444,6203,4,rail,1,1,1,1,390,390,50,155,35,20,50,55,15,45,15,2,3,1,0,3
444,6204,4,rail,1,1,1,1,345,390,60,130,40,25,110,45,25,40,10,3,1,1,0,3
444,6205,4,rail,1,1,1,1,390,420,60,130,30,20,95,55,25,55,5,2,1,1,0,3
444,6206,4,rail,1,1,1,1,345,390,50,140,40,25,80,45,20,50,10,3,2,1,0,3
444,6207,4,rail,1,1,1,1,300,420,50,130,50,15,110,75,20,45,10,2,3,1,0,3
444,6208,1,car,1,1,1,1,390,420,60,140,30,15,110,65,5,40,25,2,1,1,0,3
444,6209,1,car,1,1,1,1,345,345,80,120,40,35,80,45,25,45,10,3,1,1,0,3
444,6210,3,air,1,1,1,1,300,390,60,140,50,15,50,65,10,55,5,3,1,1,0,3
444,6211,1,car,1,1,1,1,345,360,90,120,45,30,95,45,25,40,10,2,3,1,0,3
444,6212,1,car,1,1,1,1,275,360,50,155,50,30,50,45,15,50,10,2,1,1,0,3
444,6213,1,car,1,1,1,1,250,360,70,170,35,20,95,45,5,40,25,3,2,1,0,3
444,6214,4,rail,1,1,1,1,390,390,70,120,30,15,110,65,10,40,25,1,3,1,0,3
444,6215,1,car,1,1,1,1,390,390,50,140,30,35,65,75,10,55,10,1,3,1,0,3
444,6216,4,rail,1,1,1,1,345,360,90,140,40,25,50,35,20,55,5,2,3,1,0,3
445,6217,4,rail,1,1,1,1,250,300,70,170,45,25,80,35,5,35,25,3,2,0,0,3
445,6218,2,bus,1,1,1,1,275,390,70,140,50,25,80,35,20,40,15,1,3,0,0,3
445,6219,1,car,1,1,1,1,390,390,60,130,40,25,110,75,5,50,15,2,1,0,0,3
445,6220,4,rail,1,1,1,1,390,390,60,120,40,20,110,75,5,45,20,1,3,0,0,3
445,6221,1,car,1,1,1,1,345,345,70,155,30,35,95,55,15,40,20,1,3,0,0,3
445,6222,4,rail,1,1,1,1,275,300,70,170,40,30,65,35,5,45,25,1,3,0,0,3
445,6223,3,air,1,1,1,1,345,345,90,130,35,35,50,65,20,35,20,2,3,0,0,3
445,6224,3,air,1,1,1,1,300,330,50,130,50,30,65,75,15,55,5,3,2,0,0,3
445,6225,1,car,1,1,1,1,250,360,60,170,30,30,95,55,25,45,20,1,3,0,0,3
445,6226,4,rail,1,1,1,1,345,390,50,170,35,25,50,45,25,55,5,3,2,0,0,3
445,6227,3,air,1,1,1,1,275,330,80,155,50,30,65,55,20,35,20,2,1,0,0,3
445,6228,1,car,1,1,1,1,300,330,60,140,45,30,80,45,10,55,10,1,3,0,0,3
445,6229,4,rail,1,1,1,1,345,390,70,140,30,15,95,65,5,45,20,1,3,0,0,3
445,6230,1,car,1,1,1,1,300,420,90,170,35,20,65,35,15,35,25,3,2,0,0,3
446,6231,4,rail,0,1,1,1,0,360,70,155,0,25,80,35,25,45,15,1,2,0,0,1
446,6232,4,rail,0,1,1,1,0,390,80,155,0,25,65,45,15,45,15,1,3,0,0,1
446,6233,2,bus,0,1,1,1,0,420,60,140,0,20,95,75,15,45,10,1,3,0,0,1
446,6234,2,bus,0,1,1,1,0,390,70,140,0,15,95,65,5,35,20,2,3,0,0,1
446,6235,2,bus,0,1,1,1,0,420,50,130,0,20,80,65,20,35,25,2,1,0,0,1
446,6236,4,rail,0,1,1,1,0,390,70,130,0,35,110,35,25,45,10,3,1,0,0,1
446,6237,3,air,0,1,1,1,0,330,90,120,0,35,50,65,25,55,5,3,1,0,0,1
446,6238,4,rail,0,1,1,1,0,390,90,120,0,35,80,55,5,45,15,3,1,0,0,1
446,6239,2,bus,0,1,1,1,0,300,80,170,0,35,80,55,10,40,25,1,2,0,0,1
446,6240,4,rail,0,1,1,1,0,345,70,170,0,35,50,45,25,55,5,3,2,0,0,1
446,6241,4,rail,0,1,1,1,0,390,60,155,0,25,65,55,15,50,15,3,2,0,0,1
446,6242,2,bus,0,1,1,1,0,360,50,120,0,35,80,75,15,40,10,3,2,0,0,1
446,6243,2,bus,0,1,1,1,0,300,50,120,0,35,95,65,5,50,10,2,1,0,0,1
446,6244,4,rail,0,1,1,1,0,345,60,155,0,30,65,45,20,55,5,1,2,0,0,1
447,6245,2,bus,1,1,1,1,275,330,80,120,50,35,65,45,20,55,5,3,1,0,0,1
447,6246,2,bus,1,1,1,1,275,330,70,170,45,15,110,55,5,40,25,2,3,0,0,1
447,6247,4,rail,1,1,1,1,275,390,70,155,45,15,80,35,25,55,5,1,1,0,0,1
447,6248,4,rail,1,1,1,1,390,390,60,155,35,35,95,65,10,45,15,2,3,0,0,1
447,6249,1,car,1,1,1,1,275,360,50,155,40,30,80,55,20,50,5,1,3,0,0,1
447,6250,2,bus,1,1,1,1,250,360,60,120,50,25,110,65,15,45,20,3,2,0,0,1
447,6251,4,rail,1,1,1,1,250,390,90,170,45,20,50,35,25,35,15,2,3,0,0,1
447,6252,4,rail,1,1,1,1,275,360,70,170,40,30,65,35,10,50,15,2,3,0,0,1
447,6253,1,car,1,1,1,1,275,390,90,155,30,25,65,65,15,40,25,1,2,0,0,1
447,6254,4,rail,1,1,1,1,275,330,70,120,50,25,80,55,25,50,5,1,3,0,0,1
447,6255,4,rail,1,1,1,1,390,420,60,130,35,15,110,55,25,35,15,2,1,0,0,1
447,6256,4,rail,1,1,1,1,300,390,50,170,45,25,50,45,10,55,5,2,1,0,0,1
447,6257,1,car,1,1,1,1,345,345,50,140,30,35,110,65,5,45,15,2,1,0,0,1
447,6258,4,rail,1,1,1,1,250,300,80,140,40,30,80,75,15,40,20,1,2,0,0,1
448,6259,3,air,1,1,1,0,250,330,80,0,50,30,50,0,15,55,0,2,0,1,1,3
448,6260,3,air,1,1,1,0,275,360,70,0,50,25,65,0,10,50,0,1,0,1,1,3
448,6261,3,air,1,1,1,0,300,330,70,0,30,35,95,0,15,50,0,1,0,1,1,3
448,6262,1,car,1,1,1,0,390,390,80,0,30,30,80,0,10,35,0,1,0,1,1,3
448,6263,3,air,1,1,1,0,300,390,70,0,45,25,95,0,20,50,0,3,0,1,1,3
448,6264,1,car,1,1,1,0,275,420,80,0,30,20,95,0,20,35,0,3,0,1,1,3
448,6265,3,air,1,1,1,0,300,420,50,0,40,20,110,0,5,50,0,2,0,1,1,3
448,6266,3,air,1,1,1,0,345,420,60,0,35,20,110,0,25,45,0,2,0,1,1,3
448,6267,1,car,1,1,1,0,250,360,60,0,40,30,95,0,25,45,0,1,0,1,1,3
448,6268,1,car,1,1,1,0,250,420,50,0,40,15,95,0,10,40,0,1,0,1,1,3
448,6269,3,air,1,1,1,0,390,390,50,0,35,15,95,0,5,40,0,2,0,1,1,3
448,6270,3,air,1,1,1,0,250,420,90,0,45,15,50,0,20,35,0,3,0,1,1,3
448,6271,1,car,1,1,1,0,250,390,90,0,40,20,65,0,15,35,0,3,0,1,1,3
448,6272,3,air,1,1,1,0,300,300,50,0,40,30,65,0,5,50,0,1,0,1,1,3
449,6273,3,air,1,1,1,1,390,390,70,130,30,15,95,75,10,45,15,2,3,1,0,4
449,6274,1,car,1,1,1,1,345,345,60,120,45,35,95,45,25,50,5,3,1,1,0,4
449,6275,3,air,1,1,1,1,250,390,90,120,45,20,50,75,20,50,5,1,2,1,0,4
449,6276,1,car,1,1,1,1,300,420,50,130,45,15,110,75,10,45,15,2,3,1,0,4
449,6277,4,rail,1,1,1,1,250,390,80,155,45,15,65,45,10,50,20,3,1,1,0,4
449,6278,4,rail,1,1,1,1,390,390,60,155,40,15,110,65,10,35,25,2,1,1,0,4
449,6279,1,car,1,1,1,1,250,330,80,155,45,30,50,65,10,45,15,1,3,1,0,4
449,6280,3,air,1,1,1,1,275,390,90,130,40,15,80,65,5,40,20,3,1,1,0,4
449,6281,4,rail,1,1,1,1,275,420,50,155,50,20,80,35,15,50,10,1,3,1,0,4
449,6282,4,rail,1,1,1,1,345,360,50,155,50,30,80,45,20,55,5,2,3,1,0,4
449,6283,1,car,1,1,1,1,390,390,50,120,35,35,95,75,25,35,15,1,2,1,0,4
449,6284,4,rail,1,1,1,1,300,390,80,155,30,15,95,45,5,45,25,3,1,1,0,4
449,6285,4,rail,1,1,1,1,250,360,90,120,50,30,65,55,25,35,25,3,2,1,0,4
449,6286,4,rail,1,1,1,1,390,390,70,120,35,35,95,55,20,45,10,1,1,1,0,4
450,6287,3,air,0,1,1,1,0,390,90,130,0,35,50,75,20,35,25,1,2,1,1,2
450,6288,4,rail,0,1,1,1,0,300,80,170,0,35,110,55,10,40,25,3,2,1,1,2
450,6289,3,air,0,1,1,1,0,345,90,130,0,25,50,35,10,55,5,2,3,1,1,2
450,6290,3,air,0,1,1,1,0,390,50,155,0,35,80,55,5,55,15,2,1,1,1,2
450,6291,4,rail,0,1,1,1,0,330,80,120,0,35,95,55,20,45,5,1,3,1,1,2
450,6292,4,rail,0,1,1,1,0,420,60,170,0,15,65,45,15,55,10,1,2,1,1,2
450,6293,4,rail,0,1,1,1,0,360,80,120,0,20,80,45,5,40,20,3,2,1,1,2
450,6294,4,rail,0,1,1,1,0,360,90,170,0,30,80,35,15,35,20,2,3,1,1,2
450,6295,4,rail,0,1,1,1,0,420,70,120,0,25,95,45,20,50,15,1,3,1,1,2
450,6296,3,air,0,1,1,1,0,300,80,170,0,30,50,35,10,55,5,2,3,1,1,2
450,6297,3,air,0,1,1,1,0,360,50,130,0,15,110,65,20,45,15,2,3,1,1,2
450,6298,4,rail,0,1,1,1,0,360,60,140,0,25,110,75,25,50,5,3,2,1,1,2
450,6299,4,rail,0,1,1,1,0,420,60,130,0,20,65,65,20,50,10,1,2,1,1,2
450,6300,3,air,0,1,1,1,0,420,60,140,0,20,50,55,5,55,5,3,1,1,1,2
451,6301,4,rail,0,0,1,1,0,0,50,170,0,0,50,35,0,55,5,3,2,1,0,4
451,6302,4,rail,0,0,1,1,0,0,50,140,0,0,80,55,0,55,5,2,1,1,0,4
451,6303,4,rail,0,0,1,1,0,0,90,120,0,0,65,75,0,45,5,1,3,1,0,4
451,6304,4,rail,0,0,1,1,0,0,90,170,0,0,80,35,0,40,25,1,2,1,0,4
451,6305,4,rail,0,0,1,1,0,0,90,130,0,0,80,75,0,35,25,2,2,1,0,4
451,6306,4,rail,0,0,1,1,0,0,50,170,0,0,95,35,0,45,10,3,2,1,0,4
451,6307,4,rail,0,0,1,1,0,0,60,120,0,0,110,75,0,40,15,2,3,1,0,4
451,6308,4,rail,0,0,1,1,0,0,70,170,0,0,80,45,0,45,20,1,2,1,0,4
451,6309,4,rail,0,0,1,1,0,0,50,140,0,0,95,55,0,55,10,3,1,1,0,4
451,6310,4,rail,0,0,1,1,0,0,70,140,0,0,110,45,0,40,25,1,3,1,0,4
451,6311,4,rail,0,0,1,1,0,0,80,120,0,0,65,35,0,55,5,3,1,1,0,4
451,6312,4,rail,0,0,1,1,0,0,60,130,0,0,80,75,0,55,15,1,3,1,0,4
451,6313,4,rail,0,0,1,1,0,0,70,170,0,0,110,35,0,35,25,2,3,1,0,4
451,6314,3,air,0,0,1,1,0,0,80,140,0,0,50,55,0,50,10,1,3,1,0,4
452,6315,3,air,1,1,1,1,345,345,90,130,40,30,50,55,15,35,20,2,3,0,0,2
452,6316,4,rail,1,1,1,1,390,390,70,140,35,35,95,45,5,45,20,3,1,0,0,2
452,6317,4,rail,1,1,1,1,345,390,80,130,35,20,50,65,25,55,5,3,2,0,0,2
452,6318,1,car,1,1,1,1,275,360,80,140,40,25,80,55,25,40,20,2,1,0,0,2
452,6319,4,rail,1,1,1,1,275,420,80,130,45,20,80,35,15,40,15,2,3,0,0,2
452,6320,1,car,1,1,1,1,250,420,60,140,50,20,110,55,20,35,25,3,1,0,0,2
452,6321,3,air,1,1,1,1,390,420,50,130,30,20,65,75,20,55,10,1,2,0,0,2
452,6322,1,car,1,1,1,1,250,420,80,155,35,20,80,55,15,45,20,1,2,0,0,2
452,6323,4,rail,1,1,1,1,300,300,80,140,35,30,95,45,20,35,20,3,2,0,0,2
452,6324,2,bus,1,1,1,1,390,390,50,130,30,20,65,75,10,50,10,2,1,0,0,2
452,6325,4,rail,1,1,1,1,390,390,50,140,35,15,110,75,5,50,20,3,1,0,0,2
452,6326,1,car,1,1,1,1,275,360,80,155,50,15,110,35,5,35,20,2,1,0,0,2
452,6327,3,air,1,1,1,1,300,390,50,170,40,20,65,45,20,55,5,2,1,0,0,2
452,6328,3,air,1,1,1,1,275,420,50,120,50,15,50,75,5,55,5,1,3,0,0,2
453,6329,3,air,0,1,1,1,0,360,90,140,0,20,50,65,10,40,20,2,3,0,1,3
453,6330,4,rail,0,1,1,1,0,360,60,140,0,30,50,55,25,55,5,2,3,0,1,3
453,6331,3,air,0,1,1,1,0,360,90,130,0,25,65,55,20,35,20,2,3,0,1,3
453,6332,3,air,0,1,1,1,0,420,90,140,0,15,50,55,10,35,25,1,3,0,1,3
453,6333,4,rail,0,1,1,1,0,300,70,120,0,35,65,75,20,50,10,1,2,0,1,3
453,6334,4,rail,0,1,1,1,0,345,90,130,0,35,65,35,10,40,20,3,1,0,1,3
453,6335,3,air,0,1,1,1,0,345,60,130,0,35,95,75,10,40,15,3,2,0,1,3
453,6336,4,rail,0,1,1,1,0,345,80,120,0,30,110,45,25,40,5,3,1,0,1,3
453,6337,3,air,0,1,1,1,0,420,60,170,0,15,110,35,20,40,15,2,1,0,1,3
453,6338,3,air,0,1,1,1,0,390,90,155,0,25,50,55,20,40,20,2,1,0,1,3
453,6339,4,rail,0,1,1,1,0,300,80,155,0,35,95,45,10,40,25,3,1,0,1,3
453,6340,4,rail,0,1,1,1,0,360,70,120,0,20,110,75,25,40,15,1,3,0,1,3
453,6341,3,air,0,1,1,1,0,345,80,155,0,30,50,55,15,50,10,1,2,0,1,3
453,6342,3,air,0,1,1,1,0,300,80,130,0,25,50,75,5,50,15,2,1,0,1,3
454,6343,3,air,1,1,1,1,390,390,50,155,35,20,50,55,15,45,15,2,3,0,0,2
454,6344,1,car,1,1,1,1,345,390,60,130,40,25,110,45,25,40,10,3,1,0,0,2
454,6345,4,rail,1,1,1,1,345,390,50,140,40,25,80,45,20,50,10,3,2,0,0,2
454,6346,1,car,1,1,1,1,300,420,50,130,50,15,110,75,20,45,10,2,3,0,0,2
454,6347,1,car,1,1,1,1,390,420,60,140,30,15,110,65,5,40,25,2,1,0,0,2
454,6348,4,rail,1,1,1,1,345,345,80,120,40,35,80,45,25,45,10,3,1,0,0,2
454,6349,4,rail,1,1,1,1,300,390,60,170,40,25,65,45,20,55,15,3,2,0,0,2
454,6350,1,car,1,1,1,1,300,390,60,140,50,15,50,65,10,55,5,3,1,0,0,2
454,6351,4,rail,1,1,1,1,345,360,90,120,45,30,95,45,25,40,10,2,3,0,0,2
454,6352,3,air,1,1,1,1,275,360,50,155,50,30,50,45,15,50,10,2,1,0,0,2
454,6353,4,rail,1,1,1,1,250,360,70,170,35,20,95,45,5,40,25,3,2,0,0,2
454,6354,1,car,1,1,1,1,390,390,70,120,30,15,110,65,10,40,25,1,3,0,0,2
454,6355,3,air,1,1,1,1,390,390,50,140,30,35,65,75,10,55,10,1,3,0,0,2
454,6356,4,rail,1,1,1,1,345,360,90,140,40,25,50,35,20,55,5,2,3,0,0,2
455,6357,1,car,1,1,1,0,250,300,70,0,45,25,80,0,5,35,0,3,0,1,0,4
455,6358,3,air,1,1,1,0,275,390,70,0,50,25,80,0,20,40,0,1,0,1,0,4
455,6359,1,car,1,1,1,0,390,390,60,0,40,25,110,0,5,50,0,2,0,1,0,4
455,6360,1,car,1,1,1,0,390,390,60,0,40,20,110,0,5,45,0,1,0,1,0,4
455,6361,2,bus,1,1,1,0,345,345,70,0,30,35,95,0,15,40,0,1,0,1,0,4
455,6362,2,bus,1,1,1,0,275,300,70,0,40,30,65,0,5,45,0,1,0,1,0,4
455,6363,3,air,1,1,1,0,345,345,90,0,35,35,50,0,20,35,0,2,0,1,0,4
455,6364,3,air,1,1,1,0,300,330,50,0,50,30,65,0,15,55,0,3,0,1,0,4
455,6365,1,car,1,1,1,0,250,360,60,0,30,30,95,0,25,45,0,1,0,1,0,4
455,6366,3,air,1,1,1,0,345,390,50,0,35,25,50,0,25,55,0,3,0,1,0,4
455,6367,3,air,1,1,1,0,275,330,80,0,50,30,65,0,20,35,0,2,0,1,0,4
455,6368,1,car,1,1,1,0,345,390,70,0,30,15,95,0,5,45,0,1,0,1,0,4
455,6369,1,car,1,1,1,0,250,330,60,0,50,30,110,0,25,45,0,3,0,1,0,4
455,6370,3,air,1,1,1,0,300,420,90,0,35,20,65,0,15,35,0,3,0,1,0,4
456,6371,1,car,1,1,1,1,300,360,70,155,35,25,80,35,25,45,15,1,2,1,0,2
456,6372,4,rail,1,1,1,1,300,390,80,155,35,25,65,45,15,45,15,1,3,1,0,2
456,6373,1,car,1,1,1,1,250,420,60,140,50,20,95,75,15,45,10,1,3,1,0,2
456,6374,1,car,1,1,1,1,275,390,70,140,35,15,95,65,5,35,20,2,3,1,0,2
456,6375,3,air,1,1,1,1,390,420,50,130,30,20,80,65,20,35,25,2,1,1,0,2
456,6376,4,rail,1,1,1,1,390,390,70,130,35,35,110,35,25,45,10,3,1,1,0,2
456,6377,1,car,1,1,1,1,300,330,90,120,45,35,50,65,25,55,5,3,1,1,0,2
456,6378,4,rail,1,1,1,1,300,330,80,155,40,25,50,35,15,50,5,1,2,1,0,2
456,6379,4,rail,1,1,1,1,390,390,90,120,30,35,80,55,5,45,15,3,1,1,0,2
456,6380,1,car,1,1,1,1,275,300,80,170,40,35,80,55,10,40,25,1,2,1,0,2
456,6381,1,car,1,1,1,1,345,345,70,170,35,35,50,45,25,55,5,3,2,1,0,2
456,6382,1,car,1,1,1,1,345,360,50,120,35,35,80,75,15,40,10,3,2,1,0,2
456,6383,1,car,1,1,1,1,250,300,50,120,50,35,95,65,5,50,10,2,1,1,0,2
456,6384,4,rail,1,1,1,1,345,345,60,155,40,30,65,45,20,55,5,1,2,1,0,2
457,6385,3,air,1,0,1,1,275,0,80,120,50,0,65,45,0,55,5,3,1,0,1,4
457,6386,3,air,1,0,1,1,275,0,70,170,45,0,110,55,0,40,25,2,3,0,1,4
457,6387,3,air,1,0,1,1,275,0,70,155,45,0,80,35,0,55,5,1,1,0,1,4
457,6388,3,air,1,0,1,1,300,0,60,155,45,0,110,65,0,40,20,2,1,0,1,4
457,6389,3,air,1,0,1,1,390,0,60,155,35,0,95,65,0,45,15,2,3,0,1,4
457,6390,4,rail,1,0,1,1,250,0,60,120,50,0,110,65,0,45,20,3,2,0,1,4
457,6391,4,rail,1,0,1,1,250,0,90,170,45,0,50,35,0,35,15,2,3,0,1,4
457,6392,3,air,1,0,1,1,275,0,90,155,30,0,65,65,0,40,25,1,2,0,1,4
457,6393,3,air,1,0,1,1,390,0,90,120,30,0,65,65,0,35,15,3,1,0,1,4
457,6394,4,rail,1,0,1,1,275,0,70,120,50,0,80,55,0,50,5,1,3,0,1,4
457,6395,3,air,1,0,1,1,390,0,60,130,35,0,110,55,0,35,15,2,1,0,1,4
457,6396,3,air,1,0,1,1,300,0,50,170,45,0,50,45,0,55,5,2,1,0,1,4
457,6397,3,air,1,0,1,1,345,0,50,140,30,0,110,65,0,45,15,2,1,0,1,4
457,6398,3,air,1,0,1,1,250,0,80,140,40,0,80,75,0,40,20,1,2,0,1,4
458,6399,1,car,1,1,0,0,275,360,0,0,50,25,0,0,10,0,0,0,0,0,0,1
458,6400,1,car,1,1,0,0,300,330,0,0,30,35,0,0,15,0,0,0,0,0,0,1
458,6401,1,car,1,1,0,0,390,390,0,0,30,30,0,0,10,0,0,0,0,0,0,1
458,6402,1,car,1,1,0,0,300,390,0,0,40,15,0,0,5,0,0,0,0,0,0,1
458,6403,1,car,1,1,0,0,300,390,0,0,45,25,0,0,20,0,0,0,0,0,0,1
458,6404,1,car,1,1,0,0,275,420,0,0,30,20,0,0,20,0,0,0,0,0,0,1
458,6405,2,bus,1,1,0,0,300,420,0,0,40,20,0,0,5,0,0,0,0,0,0,1
458,6406,1,car,1,1,0,0,345,420,0,0,35,20,0,0,25,0,0,0,0,0,0,1
458,6407,1,car,1,1,0,0,250,360,0,0,40,30,0,0,25,0,0,0,0,0,0,1
458,6408,1,car,1,1,0,0,345,390,0,0,35,15,0,0,10,0,0,0,0,0,0,1
458,6409,1,car,1,1,0,0,390,390,0,0,35,15,0,0,5,0,0,0,0,0,0,1
458,6410,1,car,1,1,0,0,250,420,0,0,45,15,0,0,20,0,0,0,0,0,0,1
458,6411,1,car,1,1,0,0,250,390,0,0,40,20,0,0,15,0,0,0,0,0,0,1
458,6412,2,bus,1,1,0,0,300,300,0,0,40,30,0,0,5,0,0,0,0,0,0,1
459,6413,3,air,1,1,1,1,390,390,70,130,30,15,95,75,10,45,15,2,3,0,1,1
459,6414,1,car,1,1,1,1,345,345,60,120,45,35,95,45,25,50,5,3,1,0,1,1
459,6415,4,rail,1,1,1,1,300,420,50,130,45,15,110,75,10,45,15,2,3,0,1,1
459,6416,1,car,1,1,1,1,390,420,90,130,30,15,65,65,20,35,20,3,1,0,1,1
459,6417,3,air,1,1,1,1,250,390,80,155,45,15,65,45,10,50,20,3,1,0,1,1
459,6418,3,air,1,1,1,1,390,390,60,155,40,15,110,65,10,35,25,2,1,0,1,1
459,6419,3,air,1,1,1,1,250,330,80,155,45,30,50,65,10,45,15,1,3,0,1,1
459,6420,4,rail,1,1,1,1,275,420,50,155,50,20,80,35,15,50,10,1,3,0,1,1
459,6421,3,air,1,1,1,1,345,360,50,155,50,30,80,45,20,55,5,2,3,0,1,1
459,6422,4,rail,1,1,1,1,390,390,50,120,35,35,95,75,25,35,15,1,2,0,1,1
459,6423,4,rail,1,1,1,1,300,390,80,155,30,15,95,45,5,45,25,3,1,0,1,1
459,6424,3,air,1,1,1,1,300,330,90,155,35,30,65,45,15,35,20,3,1,0,1,1
459,6425,3,air,1,1,1,1,250,360,90,120,50,30,65,55,25,35,25,3,2,0,1,1
459,6426,4,rail,1,1,1,1,390,390,70,120,35,35,95,55,20,45,10,1,1,0,1,1
460,6427,1,car,1,1,0,1,300,300,0,170,30,35,0,55,10,0,25,0,2,1,0,2
460,6428,4,rail,1,1,0,1,345,345,0,130,45,25,0,35,10,0,5,0,3,1,0,2
460,6429,4,rail,1,1,0,1,390,390,0,155,35,35,0,55,5,0,15,0,1,1,0,2
460,6430,1,car,1,1,0,1,300,330,0,120,45,35,0,55,20,0,5,0,3,1,0,2
460,6431,4,rail,1,1,0,1,345,420,0,170,30,15,0,45,15,0,10,0,2,1,0,2
460,6432,1,car,1,1,0,1,345,420,0,120,30,20,0,75,15,0,10,0,2,1,0,2
460,6433,4,rail,1,1,0,1,250,360,0,120,50,20,0,45,5,0,20,0,2,1,0,2
460,6434,4,rail,1,1,0,1,275,360,0,170,35,30,0,35,15,0,20,0,3,1,0,2
460,6435,1,car,1,1,0,1,275,420,0,120,50,25,0,45,20,0,15,0,3,1,0,2
460,6436,4,rail,1,1,0,1,275,360,0,120,50,30,0,45,15,0,20,0,2,1,0,2
460,6437,1,car,1,1,0,1,300,300,0,170,45,30,0,35,10,0,5,0,3,1,0,2
460,6438,4,rail,1,1,0,1,345,360,0,140,30,25,0,75,25,0,5,0,2,1,0,2
460,6439,1,car,1,1,0,1,250,420,0,130,50,20,0,65,20,0,10,0,2,1,0,2
460,6440,4,rail,1,1,0,1,390,420,0,140,35,20,0,55,5,0,5,0,1,1,0,2
461,6441,4,rail,0,0,1,1,0,0,50,170,0,0,50,35,0,55,5,3,2,1,0,2
461,6442,3,air,0,0,1,1,0,0,50,140,0,0,80,55,0,55,5,2,1,1,0,2
461,6443,3,air,0,0,1,1,0,0,90,120,0,0,65,75,0,45,5,1,3,1,0,2
461,6444,4,rail,0,0,1,1,0,0,70,155,0,0,110,75,0,40,25,1,2,1,0,2
461,6445,4,rail,0,0,1,1,0,0,90,170,0,0,80,35,0,40,25,1,2,1,0,2
461,6446,4,rail,0,0,1,1,0,0,50,170,0,0,95,35,0,45,10,3,2,1,0,2
461,6447,3,air,0,0,1,1,0,0,60,120,0,0,110,75,0,40,15,2,3,1,0,2
461,6448,4,rail,0,0,1,1,0,0,70,170,0,0,80,45,0,45,20,1,2,1,0,2
461,6449,4,rail,0,0,1,1,0,0,50,140,0,0,95,55,0,55,10,3,1,1,0,2
461,6450,4,rail,0,0,1,1,0,0,70,140,0,0,110,45,0,40,25,1,3,1,0,2
461,6451,4,rail,0,0,1,1,0,0,80,120,0,0,65,35,0,55,5,3,1,1,0,2
461,6452,3,air,0,0,1,1,0,0,60,130,0,0,80,75,0,55,15,1,3,1,0,2
461,6453,4,rail,0,0,1,1,0,0,70,170,0,0,110,35,0,35,25,2,3,1,0,2
461,6454,3,air,0,0,1,1,0,0,90,140,0,0,65,65,0,45,15,1,2,1,0,2
462,6455,1,car,1,1,1,1,300,330,70,170,40,25,80,35,15,35,25,3,2,0,0,1
462,6456,3,air,1,1,1,1,345,345,90,130,40,30,50,55,15,35,20,2,3,0,0,1
462,6457,4,rail,1,1,1,1,390,390,70,140,35,35,95,45,5,45,20,3,1,0,0,1
462,6458,1,car,1,1,1,1,345,390,80,130,35,20,50,65,25,55,5,3,2,0,0,1
462,6459,1,car,1,1,1,1,275,360,80,140,40,25,80,55,25,40,20,2,1,0,0,1
462,6460,4,rail,1,1,1,1,275,420,80,130,45,20,80,35,15,40,15,2,3,0,0,1
462,6461,1,car,1,1,1,1,250,420,60,140,50,20,110,55,20,35,25,3,1,0,0,1
462,6462,1,car,1,1,1,1,300,300,80,140,35,30,95,45,20,35,20,3,2,0,0,1
462,6463,3,air,1,1,1,1,390,390,50,130,30,20,65,75,10,50,10,2,1,0,0,1
462,6464,1,car,1,1,1,1,390,390,50,140,35,15,110,75,5,50,20,3,1,0,0,1
462,6465,4,rail,1,1,1,1,275,360,80,155,50,15,110,35,5,35,20,2,1,0,0,1
462,6466,4,rail,1,1,1,1,300,390,50,170,40,20,65,45,20,55,5,2,1,0,0,1
462,6467,4,rail,1,1,1,1,345,345,70,130,45,25,110,45,20,35,10,3,1,0,0,1
462,6468,1,car,1,1,1,1,275,420,50,120,50,15,50,75,5,55,5,1,3,0,0,1
463,6469,3,air,1,1,1,1,250,360,90,140,45,20,50,65,10,40,20,2,3,0,1,1
463,6470,4,rail,1,1,1,1,345,360,60,140,35,30,50,55,25,55,5,2,3,0,1,1
463,6471,3,air,1,1,1,1,275,360,90,130,45,25,65,55,20,35,20,2,3,0,1,1
463,6472,3,air,1,1,1,1,300,420,90,140,40,15,50,55,10,35,25,1,3,0,1,1
463,6473,3,air,1,1,1,1,250,300,70,120,45,35,65,75,20,50,10,1,2,0,1,1
463,6474,3,air,1,1,1,1,390,390,90,140,30,25,50,55,5,50,15,3,1,0,1,1
463,6475,4,rail,1,1,1,1,345,345,60,130,35,35,95,75,10,40,15,3,2,0,1,1
463,6476,4,rail,1,1,1,1,345,345,80,120,45,30,110,45,25,40,5,3,1,0,1,1
463,6477,3,air,1,1,1,1,250,390,90,155,45,25,50,55,20,40,20,2,1,0,1,1
463,6478,1,car,1,1,1,1,250,300,80,155,40,35,95,45,10,40,25,3,1,0,1,1
463,6479,4,rail,1,1,1,1,300,300,60,155,45,35,110,65,5,50,20,1,3,0,1,1
463,6480,1,car,1,1,1,1,275,360,70,120,50,20,110,75,25,40,15,1,3,0,1,1
463,6481,3,air,1,1,1,1,345,345,80,155,30,30,50,55,15,50,10,1,2,0,1,1
463,6482,3,air,1,1,1,1,300,300,80,130,50,25,50,75,5,50,15,2,1,0,1,1
464,6483,3,air,1,1,1,1,390,390,50,155,35,20,50,55,15,45,15,2,3,1,0,2
464,6484,1,car,1,1,1,1,345,390,60,130,40,25,110,45,25,40,10,3,1,1,0,2
464,6485,1,car,1,1,1,1,390,420,60,130,30,20,95,55,25,55,5,2,1,1,0,2
464,6486,1,car,1,1,1,1,345,390,50,140,40,25,80,45,20,50,10,3,2,1,0,2
464,6487,2,bus,1,1,1,1,300,420,50,130,50,15,110,75,20,45,10,2,3,1,0,2
464,6488,1,car,1,1,1,1,390,420,60,140,30,15,110,65,5,40,25,2,1,1,0,2
464,6489,1,car,1,1,1,1,300,390,60,170,40,25,65,45,20,55,15,3,2,1,0,2
464,6490,2,bus,1,1,1,1,300,390,60,140,50,15,50,65,10,55,5,3,1,1,0,2
464,6491,4,rail,1,1,1,1,345,360,90,120,45,30,95,45,25,40,10,2,3,1,0,2
464,6492,4,rail,1,1,1,1,275,360,50,155,50,30,50,45,15,50,10,2,1,1,0,2
464,6493,1,car,1,1,1,1,250,360,70,170,35,20,95,45,5,40,25,3,2,1,0,2
464,6494,2,bus,1,1,1,1,390,390,70,120,30,15,110,65,10,40,25,1,3,1,0,2
464,6495,2,bus,1,1,1,1,390,390,50,140,30,35,65,75,10,55,10,1,3,1,0,2
464,6496,4,rail,1,1,1,1,345,360,90,140,40,25,50,35,20,55,5,2,3,1,0,2
465,6497,4,rail,0,1,1,1,0,300,70,170,0,25,80,35,5,35,25,3,2,1,0,3
465,6498,4,rail,0,1,1,1,0,390,70,140,0,25,80,35,20,40,15,1,3,1,0,3
465,6499,4,rail,0,1,1,1,0,390,60,130,0,25,110,75,5,50,15,2,1,1,0,3
465,6500,4,rail,0,1,1,1,0,360,80,170,0,25,50,35,15,55,5,2,3,1,0,3
465,6501,4,rail,0,1,1,1,0,345,70,155,0,35,95,55,15,40,20,1,3,1,0,3
465,6502,4,rail,0,1,1,1,0,300,70,170,0,30,65,35,5,45,25,1,3,1,0,3
465,6503,4,rail,0,1,1,1,0,345,90,130,0,35,50,65,20,35,20,2,3,1,0,3
465,6504,4,rail,0,1,1,1,0,330,50,130,0,30,65,75,15,55,5,3,2,1,0,3
465,6505,4,rail,0,1,1,1,0,360,60,170,0,30,95,55,25,45,20,1,3,1,0,3
465,6506,4,rail,0,1,1,1,0,390,50,170,0,25,50,45,25,55,5,3,2,1,0,3
465,6507,3,air,0,1,1,1,0,330,80,155,0,30,65,55,20,35,20,2,1,1,0,3
465,6508,4,rail,0,1,1,1,0,330,60,140,0,30,80,45,10,55,10,1,3,1,0,3
465,6509,2,bus,0,1,1,1,0,390,70,140,0,15,95,65,5,45,20,1,3,1,0,3
465,6510,4,rail,0,1,1,1,0,330,60,120,0,30,110,75,25,45,10,3,2,1,0,3
466,6511,1,car,1,1,1,0,250,330,90,0,30,35,80,0,25,35,0,2,0,0,0,2
466,6512,1,car,1,1,1,0,300,360,70,0,35,25,80,0,25,45,0,1,0,0,0,2
466,6513,3,air,1,1,1,0,300,390,80,0,35,25,65,0,15,45,0,1,0,0,0,2
466,6514,1,car,1,1,1,0,250,420,60,0,50,20,95,0,15,45,0,1,0,0,0,2
466,6515,3,air,1,1,1,0,390,420,50,0,30,20,80,0,20,35,0,2,0,0,0,2
466,6516,1,car,1,1,1,0,390,390,70,0,35,35,110,0,25,45,0,3,0,0,0,2
466,6517,3,air,1,1,1,0,300,330,90,0,45,35,50,0,25,55,0,3,0,0,0,2
466,6518,1,car,1,1,1,0,300,330,80,0,40,25,50,0,15,50,0,1,0,0,0,2
466,6519,1,car,1,1,1,0,390,390,90,0,30,35,80,0,5,45,0,3,0,0,0,2
466,6520,3,air,1,1,1,0,345,345,70,0,35,35,50,0,25,55,0,3,0,0,0,2
466,6521,3,air,1,1,1,0,275,390,60,0,50,25,65,0,15,50,0,3,0,0,0,2
466,6522,3,air,1,1,1,0,345,360,50,0,35,35,80,0,15,40,0,3,0,0,0,2
466,6523,1,car,1,1,1,0,250,300,50,0,50,35,95,0,5,50,0,2,0,0,0,2
466,6524,3,air,1,1,1,0,345,345,60,0,40,30,65,0,20,55,0,1,0,0,0,2
467,6525,4,rail,1,1,1,1,275,330,80,120,50,35,65,45,20,55,5,3,1,0,0,4
467,6526,1,car,1,1,1,1,275,330,70,170,45,15,110,55,5,40,25,2,3,0,0,4
467,6527,4,rail,1,1,1,1,275,390,70,155,45,15,80,35,25,55,5,1,1,0,0,4
467,6528,2,bus,1,1,1,1,300,300,60,155,45,15,110,65,10,40,20,2,1,0,0,4
467,6529,4,rail,1,1,1,1,390,390,60,155,35,35,95,65,10,45,15,2,3,0,0,4
467,6530,4,rail,1,1,1,1,275,360,50,155,40,30,80,55,20,50,5,1,3,0,0,4
467,6531,1,car,1,1,1,1,250,390,90,170,45,20,50,35,25,35,15,2,3,0,0,4
467,6532,1,car,1,1,1,1,275,360,70,170,40,30,65,35,10,50,15,2,3,0,0,4
467,6533,2,bus,1,1,1,1,275,390,90,155,30,25,65,65,15,40,25,1,2,0,0,4
467,6534,4,rail,1,1,1,1,390,390,90,120,30,25,65,65,25,35,15,3,1,0,0,4
467,6535,4,rail,1,1,1,1,275,330,70,120,50,25,80,55,25,50,5,1,3,0,0,4
467,6536,4,rail,1,1,1,1,390,420,60,130,35,15,110,55,25,35,15,2,1,0,0,4
467,6537,1,car,1,1,1,1,345,345,50,140,30,35,110,65,5,45,15,2,1,0,0,4
467,6538,1,car,1,1,1,1,250,300,80,140,40,30,80,75,15,40,20,1,2,0,0,4
468,6539,4,rail,1,0,1,1,275,0,70,120,50,0,65,65,0,50,10,1,2,0,0,1
468,6540,1,car,1,0,1,1,300,0,70,140,30,0,95,75,0,50,25,1,2,0,0,1
468,6541,4,rail,1,0,1,1,390,0,80,130,30,0,80,65,0,35,25,1,3,0,0,1
468,6542,1,car,1,0,1,1,300,0,70,130,40,0,95,75,0,50,10,2,3,0,0,1
468,6543,4,rail,1,0,1,1,300,0,70,120,45,0,95,35,0,50,10,3,2,0,0,1
468,6544,1,car,1,0,1,1,275,0,80,170,30,0,95,35,0,35,25,3,2,0,0,1
468,6545,1,car,1,0,1,1,300,0,50,155,40,0,110,65,0,50,20,2,1,0,0,1
468,6546,4,rail,1,0,1,1,345,0,60,170,35,0,110,35,0,45,15,2,1,0,0,1
468,6547,1,car,1,0,1,1,250,0,60,170,40,0,95,45,0,45,10,1,2,0,0,1
468,6548,1,car,1,0,1,1,250,0,50,155,40,0,95,75,0,40,25,1,2,0,0,1
468,6549,4,rail,1,0,1,1,345,0,90,155,35,0,65,35,0,50,10,3,1,0,0,1
468,6550,4,rail,1,0,1,1,390,0,50,170,35,0,95,35,0,40,25,2,3,0,0,1
468,6551,1,car,1,0,1,1,250,0,90,170,40,0,65,35,0,35,25,3,2,0,0,1
468,6552,1,car,1,0,1,1,300,0,50,170,40,0,65,65,0,50,25,1,2,0,0,1
469,6553,4,rail,1,1,0,1,390,390,0,130,30,15,0,75,10,0,15,0,3,0,1,4
469,6554,1,car,1,1,0,1,250,390,0,120,45,20,0,75,20,0,5,0,2,0,1,4
469,6555,4,rail,1,1,0,1,300,420,0,130,45,15,0,75,10,0,15,0,3,0,1,4
469,6556,1,car,1,1,0,1,390,420,0,130,30,15,0,65,20,0,20,0,1,0,1,4
469,6557,4,rail,1,1,0,1,250,390,0,155,45,15,0,45,10,0,20,0,1,0,1,4
469,6558,4,rail,1,1,0,1,390,390,0,155,40,15,0,65,10,0,25,0,1,0,1,4
469,6559,4,rail,1,1,0,1,250,330,0,155,45,30,0,65,10,0,15,0,3,0,1,4
469,6560,4,rail,1,1,0,1,275,420,0,155,50,20,0,35,15,0,10,0,3,0,1,4
469,6561,4,rail,1,1,0,1,345,360,0,155,50,30,0,45,20,0,5,0,3,0,1,4
469,6562,4,rail,1,1,0,1,390,390,0,120,35,35,0,75,25,0,15,0,2,0,1,4
469,6563,1,car,1,1,0,1,300,390,0,155,30,15,0,45,5,0,25,0,1,0,1,4
469,6564,4,rail,1,1,0,1,300,330,0,155,35,30,0,45,15,0,20,0,1,0,1,4
469,6565,4,rail,1,1,0,1,250,360,0,120,50,30,0,55,25,0,25,0,2,0,1,4
469,6566,1,car,1,1,0,1,390,390,0,120,35,35,0,55,20,0,10,0,1,0,1,4
470,6567,3,air,0,1,1,1,0,390,90,130,0,35,50,75,20,35,25,1,2,1,1,3
470,6568,4,rail,0,1,1,1,0,300,80,170,0,35,110,55,10,40,25,3,2,1,1,3
470,6569,3,air,0,1,1,1,0,345,90,130,0,25,50,35,10,55,5,2,3,1,1,3
470,6570,3,air,0,1,1,1,0,390,50,155,0,35,80,55,5,55,15,2,1,1,1,3
470,6571,4,rail,0,1,1,1,0,330,80,120,0,35,95,55,20,45,5,1,3,1,1,3
470,6572,4,rail,0,1,1,1,0,420,60,170,0,15,65,45,15,55,10,1,2,1,1,3
470,6573,4,rail,0,1,1,1,0,420,80,120,0,20,80,75,15,50,10,1,2,1,1,3
470,6574,4,rail,0,1,1,1,0,360,90,170,0,30,80,35,15,35,20,2,3,1,1,3
470,6575,4,rail,0,1,1,1,0,360,80,120,0,30,95,45,15,35,20,1,2,1,1,3
470,6576,3,air,0,1,1,1,0,300,80,170,0,30,50,35,10,55,5,2,3,1,1,3
470,6577,3,air,0,1,1,1,0,360,50,130,0,15,110,65,20,45,15,2,3,1,1,3
470,6578,4,rail,0,1,1,1,0,360,60,140,0,25,110,75,25,50,5,3,2,1,1,3
470,6579,4,rail,0,1,1,1,0,420,60,130,0,20,65,65,20,50,10,1,2,1,1,3
470,6580,3,air,0,1,1,1,0,420,60,140,0,20,50,55,5,55,5,3,1,1,1,3
471,6581,3,air,1,1,1,1,390,390,50,170,40,30,50,35,10,55,5,3,2,0,1,2
471,6582,3,air,1,1,1,1,390,420,50,140,30,20,80,55,15,55,5,2,1,0,1,2
471,6583,1,car,1,1,1,1,250,420,90,120,50,15,65,75,25,45,5,1,3,0,1,2
471,6584,4,rail,1,1,1,1,300,390,70,155,30,20,110,75,5,40,25,1,2,0,1,2
471,6585,4,rail,1,1,1,1,250,330,90,170,40,35,80,35,10,40,25,1,2,0,1,2
471,6586,4,rail,1,1,1,1,275,300,50,170,45,30,95,35,25,45,10,3,2,0,1,2
471,6587,3,air,1,1,1,1,275,300,60,120,50,35,110,75,5,40,15,2,3,0,1,2
471,6588,4,rail,1,1,1,1,250,330,70,170,45,20,80,45,10,45,20,1,2,0,1,2
471,6589,1,car,1,1,1,1,390,420,50,140,35,15,95,55,10,55,10,3,1,0,1,2
471,6590,4,rail,1,1,1,1,345,390,80,120,45,25,65,35,25,55,5,3,1,0,1,2
471,6591,3,air,1,1,1,1,250,390,60,130,50,20,80,75,15,55,15,1,3,0,1,2
471,6592,4,rail,1,1,1,1,390,390,70,170,30,35,110,35,5,35,25,2,3,0,1,2
471,6593,1,car,1,1,1,1,275,330,90,140,45,30,65,65,15,45,15,1,2,0,1,2
471,6594,4,rail,1,1,1,1,300,420,80,140,45,25,50,55,15,50,10,1,3,0,1,2
472,6595,4,rail,0,1,0,1,0,330,0,170,0,25,0,35,15,0,25,0,2,1,0,4
472,6596,4,rail,0,1,0,1,0,345,0,130,0,30,0,55,15,0,20,0,3,1,0,4
472,6597,4,rail,0,1,0,1,0,390,0,140,0,35,0,45,5,0,20,0,1,1,0,4
472,6598,4,rail,0,1,0,1,0,390,0,130,0,20,0,65,25,0,5,0,2,1,0,4
472,6599,4,rail,0,1,0,1,0,420,0,130,0,20,0,35,15,0,15,0,3,1,0,4
472,6600,4,rail,0,1,0,1,0,420,0,140,0,20,0,55,20,0,25,0,1,1,0,4
472,6601,4,rail,0,1,0,1,0,420,0,130,0,20,0,75,20,0,10,0,2,1,0,4
472,6602,4,rail,0,1,0,1,0,300,0,140,0,30,0,45,20,0,20,0,2,1,0,4
472,6603,4,rail,0,1,0,1,0,390,0,130,0,20,0,75,10,0,10,0,1,1,0,4
472,6604,4,rail,0,1,0,1,0,390,0,140,0,15,0,75,5,0,20,0,1,1,0,4
472,6605,2,bus,0,1,0,1,0,360,0,155,0,15,0,35,5,0,20,0,1,1,0,4
472,6606,4,rail,0,1,0,1,0,390,0,170,0,20,0,45,20,0,5,0,1,1,0,4
472,6607,4,rail,0,1,0,1,0,345,0,130,0,25,0,45,20,0,10,0,1,1,0,4
472,6608,4,rail,0,1,0,1,0,420,0,120,0,15,0,75,5,0,5,0,3,1,0,4
473,6609,1,car,1,1,0,1,250,360,0,140,45,20,0,65,10,0,20,0,3,0,0,2
473,6610,1,car,1,1,0,1,345,360,0,140,35,30,0,55,25,0,5,0,3,0,0,2
473,6611,4,rail,1,1,0,1,275,360,0,130,45,25,0,55,20,0,20,0,3,0,0,2
473,6612,4,rail,1,1,0,1,300,420,0,140,40,15,0,55,10,0,25,0,3,0,0,2
473,6613,1,car,1,1,0,1,250,300,0,120,45,35,0,75,20,0,10,0,2,0,0,2
473,6614,4,rail,1,1,0,1,345,345,0,130,40,35,0,35,10,0,20,0,1,0,0,2
473,6615,4,rail,1,1,0,1,345,345,0,130,35,35,0,75,10,0,15,0,2,0,0,2
473,6616,4,rail,1,1,0,1,345,420,0,170,30,15,0,35,20,0,15,0,1,0,0,2
473,6617,1,car,1,1,0,1,250,390,0,155,45,25,0,55,20,0,20,0,1,0,0,2
473,6618,1,car,1,1,0,1,250,300,0,155,40,35,0,45,10,0,25,0,1,0,0,2
473,6619,4,rail,1,1,0,1,300,300,0,155,45,35,0,65,5,0,20,0,3,0,0,2
473,6620,2,bus,1,1,0,1,275,360,0,120,50,20,0,75,25,0,15,0,3,0,0,2
473,6621,1,car,1,1,0,1,345,345,0,155,30,30,0,55,15,0,10,0,2,0,0,2
473,6622,2,bus,1,1,0,1,300,300,0,130,50,25,0,75,5,0,15,0,1,0,0,2
474,6623,2,bus,1,1,0,0,390,390,0,0,35,20,0,0,15,0,0,0,0,1,1,4
474,6624,1,car,1,1,0,0,345,390,0,0,40,25,0,0,25,0,0,0,0,1,1,4
474,6625,1,car,1,1,0,0,390,420,0,0,30,20,0,0,25,0,0,0,0,1,1,4
474,6626,1,car,1,1,0,0,345,390,0,0,40,25,0,0,20,0,0,0,0,1,1,4
474,6627,1,car,1,1,0,0,390,420,0,0,30,15,0,0,5,0,0,0,0,1,1,4
474,6628,2,bus,1,1,0,0,345,345,0,0,40,35,0,0,25,0,0,0,0,1,1,4
474,6629,1,car,1,1,0,0,300,390,0,0,40,25,0,0,20,0,0,0,0,1,1,4
474,6630,1,car,1,1,0,0,300,390,0,0,50,15,0,0,10,0,0,0,0,1,1,4
474,6631,1,car,1,1,0,0,345,360,0,0,45,30,0,0,25,0,0,0,0,1,1,4
474,6632,1,car,1,1,0,0,275,360,0,0,50,30,0,0,15,0,0,0,0,1,1,4
474,6633,1,car,1,1,0,0,250,360,0,0,35,20,0,0,5,0,0,0,0,1,1,4
474,6634,2,bus,1,1,0,0,390,390,0,0,30,15,0,0,10,0,0,0,0,1,1,4
474,6635,1,car,1,1,0,0,390,390,0,0,30,35,0,0,10,0,0,0,0,1,1,4
474,6636,1,car,1,1,0,0,345,360,0,0,40,25,0,0,20,0,0,0,0,1,1,4
475,6637,2,bus,0,1,1,1,0,300,70,170,0,25,80,35,5,35,25,3,2,1,0,1
475,6638,4,rail,0,1,1,1,0,390,70,140,0,25,80,35,20,40,15,1,3,1,0,1
475,6639,4,rail,0,1,1,1,0,390,60,130,0,25,110,75,5,50,15,2,1,1,0,1
475,6640,4,rail,0,1,1,1,0,360,80,170,0,25,50,35,15,55,5,2,3,1,0,1
475,6641,4,rail,0,1,1,1,0,345,70,155,0,35,95,55,15,40,20,1,3,1,0,1
475,6642,4,rail,0,1,1,1,0,300,70,170,0,30,65,35,5,45,25,1,3,1,0,1
475,6643,4,rail,0,1,1,1,0,345,90,130,0,35,50,65,20,35,20,2,3,1,0,1
475,6644,2,bus,0,1,1,1,0,330,50,130,0,30,65,75,15,55,5,3,2,1,0,1
475,6645,4,rail,0,1,1,1,0,360,60,170,0,30,95,55,25,45,20,1,3,1,0,1
475,6646,3,air,0,1,1,1,0,390,50,170,0,25,50,45,25,55,5,3,2,1,0,1
475,6647,2,bus,0,1,1,1,0,330,80,155,0,30,65,55,20,35,20,2,1,1,0,1
475,6648,4,rail,0,1,1,1,0,330,60,140,0,30,80,45,10,55,10,1,3,1,0,1
475,6649,2,bus,0,1,1,1,0,390,70,140,0,15,95,65,5,45,20,1,3,1,0,1
475,6650,2,bus,0,1,1,1,0,330,60,120,0,30,110,75,25,45,10,3,2,1,0,1
476,6651,1,car,1,1,1,1,250,330,90,140,30,35,80,65,25,35,15,2,1,1,0,4
476,6652,1,car,1,1,1,1,300,390,80,155,35,25,65,45,15,45,15,1,3,1,0,4
476,6653,1,car,1,1,1,1,250,420,60,140,50,20,95,75,15,45,10,1,3,1,0,4
476,6654,1,car,1,1,1,1,275,390,70,140,35,15,95,65,5,35,20,2,3,1,0,4
476,6655,3,air,1,1,1,1,390,420,50,130,30,20,80,65,20,35,25,2,1,1,0,4
476,6656,4,rail,1,1,1,1,390,390,70,130,35,35,110,35,25,45,10,3,1,1,0,4
476,6657,1,car,1,1,1,1,300,330,90,120,45,35,50,65,25,55,5,3,1,1,0,4
476,6658,1,car,1,1,1,1,300,330,80,155,40,25,50,35,15,50,5,1,2,1,0,4
476,6659,4,rail,1,1,1,1,390,390,90,120,30,35,80,55,5,45,15,3,1,1,0,4
476,6660,4,rail,1,1,1,1,275,300,80,170,40,35,80,55,10,40,25,1,2,1,0,4
476,6661,1,car,1,1,1,1,345,345,70,170,35,35,50,45,25,55,5,3,2,1,0,4
476,6662,4,rail,1,1,1,1,275,390,60,155,50,25,65,55,15,50,15,3,2,1,0,4
476,6663,3,air,1,1,1,1,250,300,50,120,50,35,95,65,5,50,10,2,1,1,0,4
476,6664,4,rail,1,1,1,1,345,345,60,155,40,30,65,45,20,55,5,1,2,1,0,4
477,6665,4,rail,1,1,0,1,275,330,0,120,50,35,0,45,20,0,5,0,1,0,0,3
477,6666,1,car,1,1,0,1,275,330,0,170,45,15,0,55,5,0,25,0,3,0,0,3
477,6667,4,rail,1,1,0,1,275,390,0,155,45,15,0,35,25,0,5,0,1,0,0,3
477,6668,1,car,1,1,0,1,300,300,0,155,45,15,0,65,10,0,20,0,1,0,0,3
477,6669,4,rail,1,1,0,1,390,390,0,155,35,35,0,65,10,0,15,0,3,0,0,3
477,6670,1,car,1,1,0,1,275,360,0,155,40,30,0,55,20,0,5,0,3,0,0,3
477,6671,4,rail,1,1,0,1,250,390,0,170,45,20,0,35,25,0,15,0,3,0,0,3
477,6672,4,rail,1,1,0,1,275,360,0,170,40,30,0,35,10,0,15,0,3,0,0,3
477,6673,4,rail,1,1,0,1,390,390,0,120,30,25,0,65,25,0,15,0,1,0,0,3
477,6674,4,rail,1,1,0,1,275,330,0,120,50,25,0,55,25,0,5,0,3,0,0,3
477,6675,4,rail,1,1,0,1,390,420,0,130,35,15,0,55,25,0,15,0,1,0,0,3
477,6676,1,car,1,1,0,1,300,390,0,170,45,25,0,45,10,0,5,0,1,0,0,3
477,6677,1,car,1,1,0,1,345,345,0,140,30,35,0,65,5,0,15,0,1,0,0,3
477,6678,1,car,1,1,0,1,250,300,0,140,40,30,0,75,15,0,20,0,2,0,0,3
478,6679,3,air,1,0,1,1,250,0,80,130,50,0,50,55,0,55,10,2,1,1,1,4
478,6680,4,rail,1,0,1,1,275,0,70,120,50,0,65,65,0,50,10,1,2,1,1,4
478,6681,3,air,1,0,1,1,300,0,70,140,30,0,95,75,0,50,25,1,2,1,1,4
478,6682,4,rail,1,0,1,1,390,0,80,130,30,0,80,65,0,35,25,1,3,1,1,4
478,6683,4,rail,1,0,1,1,300,0,70,120,45,0,95,35,0,50,10,3,2,1,1,4
478,6684,4,rail,1,0,1,1,275,0,80,170,30,0,95,35,0,35,25,3,2,1,1,4
478,6685,3,air,1,0,1,1,300,0,50,155,40,0,110,65,0,50,20,2,1,1,1,4
478,6686,3,air,1,0,1,1,345,0,60,170,35,0,110,35,0,45,15,2,1,1,1,4
478,6687,4,rail,1,0,1,1,250,0,60,170,40,0,95,45,0,45,10,1,2,1,1,4
478,6688,4,rail,1,0,1,1,250,0,50,155,40,0,95,75,0,40,25,1,2,1,1,4
478,6689,3,air,1,0,1,1,345,0,90,155,35,0,65,35,0,50,10,3,1,1,1,4
478,6690,3,air,1,0,1,1,390,0,50,170,35,0,95,35,0,40,25,2,3,1,1,4
478,6691,4,rail,1,0,1,1,250,0,90,170,40,0,65,35,0,35,25,3,2,1,1,4
478,6692,4,rail,1,0,1,1,300,0,50,170,40,0,65,65,0,50,25,1,2,1,1,4
479,6693,1,car,1,1,0,0,390,390,0,0,30,15,0,0,10,0,0,0,0,1,0,2
479,6694,1,car,1,1,0,0,345,345,0,0,45,35,0,0,25,0,0,0,0,1,0,2
479,6695,1,car,1,1,0,0,250,390,0,0,45,20,0,0,20,0,0,0,0,1,0,2
479,6696,1,car,1,1,0,0,300,420,0,0,45,15,0,0,10,0,0,0,0,1,0,2
479,6697,1,car,1,1,0,0,390,420,0,0,30,15,0,0,20,0,0,0,0,1,0,2
479,6698,2,bus,1,1,0,0,250,390,0,0,45,15,0,0,10,0,0,0,0,1,0,2
479,6699,2,bus,1,1,0,0,250,330,0,0,45,30,0,0,10,0,0,0,0,1,0,2
479,6700,1,car,1,1,0,0,275,390,0,0,40,15,0,0,5,0,0,0,0,1,0,2
479,6701,2,bus,1,1,0,0,275,420,0,0,50,20,0,0,15,0,0,0,0,1,0,2
479,6702,2,bus,1,1,0,0,345,360,0,0,50,30,0,0,20,0,0,0,0,1,0,2
479,6703,1,car,1,1,0,0,390,390,0,0,35,35,0,0,25,0,0,0,0,1,0,2
479,6704,1,car,1,1,0,0,300,390,0,0,30,15,0,0,5,0,0,0,0,1,0,2
479,6705,2,bus,1,1,0,0,300,330,0,0,35,30,0,0,15,0,0,0,0,1,0,2
479,6706,1,car,1,1,0,0,390,390,0,0,35,35,0,0,20,0,0,0,0,1,0,2
480,6707,4,rail,0,1,1,1,0,390,90,130,0,35,50,75,20,35,25,1,2,1,0,2
480,6708,4,rail,0,1,1,1,0,300,80,170,0,35,110,55,10,40,25,3,2,1,0,2
480,6709,3,air,0,1,1,1,0,345,90,130,0,25,50,35,10,55,5,2,3,1,0,2
480,6710,4,rail,0,1,1,1,0,330,80,120,0,35,95,55,20,45,5,1,3,1,0,2
480,6711,4,rail,0,1,1,1,0,420,60,170,0,15,65,45,15,55,10,1,2,1,0,2
480,6712,4,rail,0,1,1,1,0,420,80,120,0,20,80,75,15,50,10,1,2,1,0,2
480,6713,4,rail,0,1,1,1,0,360,80,120,0,20,80,45,5,40,20,3,2,1,0,2
480,6714,4,rail,0,1,1,1,0,360,90,170,0,30,80,35,15,35,20,2,3,1,0,2
480,6715,4,rail,0,1,1,1,0,420,70,120,0,25,95,45,20,50,15,1,3,1,0,2
480,6716,4,rail,0,1,1,1,0,360,80,120,0,30,95,45,15,35,20,1,2,1,0,2
480,6717,4,rail,0,1,1,1,0,300,80,170,0,30,50,35,10,55,5,2,3,1,0,2
480,6718,4,rail,0,1,1,1,0,360,50,130,0,15,110,65,20,45,15,2,3,1,0,2
480,6719,3,air,0,1,1,1,0,420,60,130,0,20,65,65,20,50,10,1,2,1,0,2
480,6720,3,air,0,1,1,1,0,420,60,140,0,20,50,55,5,55,5,3,1,1,0,2
481,6721,4,rail,1,1,1,1,390,420,50,140,30,20,80,55,15,55,5,2,1,0,1,1
481,6722,1,car,1,1,1,1,250,420,90,120,50,15,65,75,25,45,5,1,3,0,1,1
481,6723,1,car,1,1,1,1,300,390,70,155,30,20,110,75,5,40,25,1,2,0,1,1
481,6724,4,rail,1,1,1,1,250,330,90,170,40,35,80,35,10,40,25,1,2,0,1,1
481,6725,3,air,1,1,1,1,275,420,90,130,30,20,80,75,25,35,25,2,2,0,1,1
481,6726,4,rail,1,1,1,1,275,300,50,170,45,30,95,35,25,45,10,3,2,0,1,1
481,6727,4,rail,1,1,1,1,275,300,60,120,50,35,110,75,5,40,15,2,3,0,1,1
481,6728,1,car,1,1,1,1,250,330,70,170,45,20,80,45,10,45,20,1,2,0,1,1
481,6729,4,rail,1,1,1,1,390,420,50,140,35,15,95,55,10,55,10,3,1,0,1,1
481,6730,1,car,1,1,1,1,345,360,70,140,35,30,110,45,5,40,25,1,3,0,1,1
481,6731,4,rail,1,1,1,1,345,390,80,120,45,25,65,35,25,55,5,3,1,0,1,1
481,6732,1,car,1,1,1,1,250,390,60,130,50,20,80,75,15,55,15,1,3,0,1,1
481,6733,1,car,1,1,1,1,275,330,90,140,45,30,65,65,15,45,15,1,2,0,1,1
481,6734,4,rail,1,1,1,1,300,420,80,140,45,25,50,55,15,50,10,1,3,0,1,1
482,6735,3,air,1,1,1,0,300,330,70,0,40,25,80,0,15,35,0,3,0,0,1,3
482,6736,3,air,1,1,1,0,345,345,90,0,40,30,50,0,15,35,0,2,0,0,1,3
482,6737,1,car,1,1,1,0,390,390,70,0,35,35,95,0,5,45,0,3,0,0,1,3
482,6738,3,air,1,1,1,0,345,390,80,0,35,20,50,0,25,55,0,3,0,0,1,3
482,6739,3,air,1,1,1,0,275,360,80,0,40,25,80,0,25,40,0,2,0,0,1,3
482,6740,3,air,1,1,1,0,250,420,60,0,50,20,110,0,20,35,0,3,0,0,1,3
482,6741,3,air,1,1,1,0,390,420,50,0,30,20,65,0,20,55,0,1,0,0,1,3
482,6742,1,car,1,1,1,0,250,420,80,0,35,20,80,0,15,45,0,1,0,0,1,3
482,6743,3,air,1,1,1,0,300,300,80,0,35,30,95,0,20,35,0,3,0,0,1,3
482,6744,3,air,1,1,1,0,390,390,50,0,30,20,65,0,10,50,0,2,0,0,1,3
482,6745,1,car,1,1,1,0,390,390,50,0,35,15,110,0,5,50,0,3,0,0,1,3
482,6746,3,air,1,1,1,0,275,360,80,0,50,15,110,0,5,35,0,2,0,0,1,3
482,6747,1,car,1,1,1,0,345,345,70,0,45,25,110,0,20,35,0,3,0,0,1,3
482,6748,3,air,1,1,1,0,275,420,50,0,50,15,50,0,5,55,0,1,0,0,1,3
483,6749,3,air,0,1,1,0,0,360,90,0,0,20,50,0,10,40,0,2,0,1,0,4
483,6750,3,air,0,1,1,0,0,360,90,0,0,25,65,0,20,35,0,2,0,1,0,4
483,6751,3,air,0,1,1,0,0,420,90,0,0,15,50,0,10,35,0,1,0,1,0,4
483,6752,2,bus,0,1,1,0,0,300,70,0,0,35,65,0,20,50,0,1,0,1,0,4
483,6753,3,air,0,1,1,0,0,390,90,0,0,25,50,0,5,50,0,3,0,1,0,4
483,6754,3,air,0,1,1,0,0,345,90,0,0,35,65,0,10,40,0,3,0,1,0,4
483,6755,3,air,0,1,1,0,0,345,60,0,0,35,95,0,10,40,0,3,0,1,0,4
483,6756,2,bus,0,1,1,0,0,420,60,0,0,15,110,0,20,40,0,2,0,1,0,4
483,6757,3,air,0,1,1,0,0,390,90,0,0,25,50,0,20,40,0,2,0,1,0,4
483,6758,3,air,0,1,1,0,0,300,80,0,0,35,95,0,10,40,0,3,0,1,0,4
483,6759,2,bus,0,1,1,0,0,300,60,0,0,35,110,0,5,50,0,1,0,1,0,4
483,6760,2,bus,0,1,1,0,0,360,70,0,0,20,110,0,25,40,0,1,0,1,0,4
483,6761,3,air,0,1,1,0,0,345,80,0,0,30,50,0,15,50,0,1,0,1,0,4
483,6762,3,air,0,1,1,0,0,300,80,0,0,25,50,0,5,50,0,2,0,1,0,4
484,6763,3,air,1,1,1,1,390,390,50,155,35,20,50,55,15,45,15,2,3,0,1,1
484,6764,4,rail,1,1,1,1,345,390,60,130,40,25,110,45,25,40,10,3,1,0,1,1
484,6765,4,rail,1,1,1,1,390,420,60,130,30,20,95,55,25,55,5,2,1,0,1,1
484,6766,4,rail,1,1,1,1,345,390,50,140,40,25,80,45,20,50,10,3,2,0,1,1
484,6767,4,rail,1,1,1,1,300,420,50,130,50,15,110,75,20,45,10,2,3,0,1,1
484,6768,3,air,1,1,1,1,390,420,60,140,30,15,110,65,5,40,25,2,1,0,1,1
484,6769,1,car,1,1,1,1,345,345,80,120,40,35,80,45,25,45,10,3,1,0,1,1
484,6770,3,air,1,1,1,1,300,390,60,140,50,15,50,65,10,55,5,3,1,0,1,1
484,6771,4,rail,1,1,1,1,345,360,90,120,45,30,95,45,25,40,10,2,3,0,1,1
484,6772,3,air,1,1,1,1,275,360,50,155,50,30,50,45,15,50,10,2,1,0,1,1
484,6773,4,rail,1,1,1,1,250,360,70,170,35,20,95,45,5,40,25,3,2,0,1,1
484,6774,4,rail,1,1,1,1,250,330,70,140,50,15,95,65,10,45,20,3,1,0,1,1
484,6775,3,air,1,1,1,1,390,390,50,140,30,35,65,75,10,55,10,1,3,0,1,1
484,6776,4,rail,1,1,1,1,345,360,90,140,40,25,50,35,20,55,5,2,3,0,1,1
485,6777,4,rail,1,1,1,1,250,300,70,170,45,25,80,35,5,35,25,3,2,0,0,2
485,6778,4,rail,1,1,1,1,275,390,70,140,50,25,80,35,20,40,15,1,3,0,0,2
485,6779,4,rail,1,1,1,1,390,390,60,130,40,25,110,75,5,50,15,2,1,0,0,2
485,6780,2,bus,1,1,1,1,390,390,60,120,40,20,110,75,5,45,20,1,3,0,0,2
485,6781,4,rail,1,1,1,1,300,360,80,170,40,25,50,35,15,55,5,2,3,0,0,2
485,6782,1,car,1,1,1,1,345,345,70,155,30,35,95,55,15,40,20,1,3,0,0,2
485,6783,3,air,1,1,1,1,345,345,90,130,35,35,50,65,20,35,20,2,3,0,0,2
485,6784,1,car,1,1,1,1,300,330,50,130,50,30,65,75,15,55,5,3,2,0,0,2
485,6785,1,car,1,1,1,1,345,390,50,170,35,25,50,45,25,55,5,3,2,0,0,2
485,6786,1,car,1,1,1,1,275,330,80,155,50,30,65,55,20,35,20,2,1,0,0,2
485,6787,4,rail,1,1,1,1,300,330,60,140,45,30,80,45,10,55,10,1,3,0,0,2
485,6788,2,bus,1,1,1,1,345,390,70,140,30,15,95,65,5,45,20,1,3,0,0,2
485,6789,1,car,1,1,1,1,250,330,60,120,50,30,110,75,25,45,10,3,2,0,0,2
485,6790,4,rail,1,1,1,1,300,420,90,170,35,20,65,35,15,35,25,3,2,0,0,2
486,6791,3,air,1,1,1,1,250,330,90,140,30,35,80,65,25,35,15,2,1,0,1,3
486,6792,4,rail,1,1,1,1,300,360,70,155,35,25,80,35,25,45,15,1,2,0,1,3
486,6793,3,air,1,1,1,1,300,390,80,155,35,25,65,45,15,45,15,1,3,0,1,3
486,6794,3,air,1,1,1,1,250,420,60,140,50,20,95,75,15,45,10,1,3,0,1,3
486,6795,3,air,1,1,1,1,390,420,50,130,30,20,80,65,20,35,25,2,1,0,1,3
486,6796,4,rail,1,1,1,1,390,390,70,130,35,35,110,35,25,45,10,3,1,0,1,3
486,6797,1,car,1,1,1,1,300,330,90,120,45,35,50,65,25,55,5,3,1,0,1,3
486,6798,4,rail,1,1,1,1,300,330,80,155,40,25,50,35,15,50,5,1,2,0,1,3
486,6799,4,rail,1,1,1,1,390,390,90,120,30,35,80,55,5,45,15,3,1,0,1,3
486,6800,1,car,1,1,1,1,275,300,80,170,40,35,80,55,10,40,25,1,2,0,1,3
486,6801,4,rail,1,1,1,1,345,345,70,170,35,35,50,45,25,55,5,3,2,0,1,3
486,6802,3,air,1,1,1,1,275,390,60,155,50,25,65,55,15,50,15,3,2,0,1,3
486,6803,3,air,1,1,1,1,345,360,50,120,35,35,80,75,15,40,10,3,2,0,1,3
486,6804,4,rail,1,1,1,1,250,300,50,120,50,35,95,65,5,50,10,2,1,0,1,3
487,6805,4,rail,0,1,0,1,0,330,0,120,0,35,0,45,20,0,5,0,1,0,1,2
487,6806,4,rail,0,1,0,1,0,330,0,170,0,15,0,55,5,0,25,0,3,0,1,2
487,6807,4,rail,0,1,0,1,0,390,0,155,0,15,0,35,25,0,5,0,1,0,1,2
487,6808,4,rail,0,1,0,1,0,300,0,155,0,15,0,65,10,0,20,0,1,0,1,2
487,6809,4,rail,0,1,0,1,0,390,0,155,0,35,0,65,10,0,15,0,3,0,1,2
487,6810,4,rail,0,1,0,1,0,360,0,155,0,30,0,55,20,0,5,0,3,0,1,2
487,6811,4,rail,0,1,0,1,0,360,0,120,0,25,0,65,15,0,20,0,2,0,1,2
487,6812,4,rail,0,1,0,1,0,360,0,170,0,30,0,35,10,0,15,0,3,0,1,2
487,6813,4,rail,0,1,0,1,0,390,0,155,0,25,0,65,15,0,25,0,2,0,1,2
487,6814,4,rail,0,1,0,1,0,390,0,120,0,25,0,65,25,0,15,0,1,0,1,2
487,6815,4,rail,0,1,0,1,0,420,0,130,0,15,0,55,25,0,15,0,1,0,1,2
487,6816,4,rail,0,1,0,1,0,390,0,170,0,25,0,45,10,0,5,0,1,0,1,2
487,6817,4,rail,0,1,0,1,0,345,0,140,0,35,0,65,5,0,15,0,1,0,1,2
487,6818,4,rail,0,1,0,1,0,300,0,140,0,30,0,75,15,0,20,0,2,0,1,2
488,6819,3,air,1,1,1,1,250,330,80,130,50,30,50,55,15,55,10,2,1,0,0,2
488,6820,1,car,1,1,1,1,275,360,70,120,50,25,65,65,10,50,10,1,2,0,0,2
488,6821,1,car,1,1,1,1,300,330,70,140,30,35,95,75,15,50,25,1,2,0,0,2
488,6822,1,car,1,1,1,1,390,390,80,130,30,30,80,65,10,35,25,1,3,0,0,2
488,6823,4,rail,1,1,1,1,300,390,70,130,40,15,95,75,5,50,10,2,3,0,0,2
488,6824,4,rail,1,1,1,1,275,420,80,170,30,20,95,35,20,35,25,3,2,0,0,2
488,6825,1,car,1,1,1,1,300,420,50,155,40,20,110,65,5,50,20,2,1,0,0,2
488,6826,4,rail,1,1,1,1,345,420,60,170,35,20,110,35,25,45,15,2,1,0,0,2
488,6827,4,rail,1,1,1,1,250,360,60,170,40,30,95,45,25,45,10,1,2,0,0,2
488,6828,1,car,1,1,1,1,250,420,50,155,40,15,95,75,10,40,25,1,2,0,0,2
488,6829,4,rail,1,1,1,1,345,390,90,155,35,15,65,35,10,50,10,3,1,0,0,2
488,6830,4,rail,1,1,1,1,390,390,50,170,35,15,95,35,5,40,25,2,3,0,0,2
488,6831,4,rail,1,1,1,1,250,390,90,170,40,20,65,35,15,35,25,3,2,0,0,2
488,6832,3,air,1,1,1,1,300,300,50,170,40,30,65,65,5,50,25,1,2,0,0,2
489,6833,1,car,1,1,0,1,390,390,0,130,30,15,0,75,10,0,15,0,3,0,0,3
489,6834,4,rail,1,1,0,1,345,345,0,120,45,35,0,45,25,0,5,0,1,0,0,3
489,6835,4,rail,1,1,0,1,250,390,0,120,45,20,0,75,20,0,5,0,2,0,0,3
489,6836,2,bus,1,1,0,1,300,420,0,130,45,15,0,75,10,0,15,0,3,0,0,3
489,6837,1,car,1,1,0,1,390,420,0,130,30,15,0,65,20,0,20,0,1,0,0,3
489,6838,1,car,1,1,0,1,250,390,0,155,45,15,0,45,10,0,20,0,1,0,0,3
489,6839,1,car,1,1,0,1,390,390,0,155,40,15,0,65,10,0,25,0,1,0,0,3
489,6840,4,rail,1,1,0,1,275,390,0,130,40,15,0,65,5,0,20,0,1,0,0,3
489,6841,4,rail,1,1,0,1,275,420,0,155,50,20,0,35,15,0,10,0,3,0,0,3
489,6842,4,rail,1,1,0,1,345,360,0,155,50,30,0,45,20,0,5,0,3,0,0,3
489,6843,1,car,1,1,0,1,390,390,0,120,35,35,0,75,25,0,15,0,2,0,0,3
489,6844,1,car,1,1,0,1,300,390,0,155,30,15,0,45,5,0,25,0,1,0,0,3
489,6845,1,car,1,1,0,1,300,330,0,155,35,30,0,45,15,0,20,0,1,0,0,3
489,6846,4,rail,1,1,0,1,250,360,0,120,50,30,0,55,25,0,25,0,2,0,0,3
490,6847,4,rail,0,1,1,1,0,390,90,130,0,35,50,75,20,35,25,1,2,0,0,2
490,6848,4,rail,0,1,1,1,0,300,80,170,0,35,110,55,10,40,25,3,2,0,0,2
490,6849,4,rail,0,1,1,1,0,345,90,130,0,25,50,35,10,55,5,2,3,0,0,2
490,6850,4,rail,0,1,1,1,0,390,50,155,0,35,80,55,5,55,15,2,1,0,0,2
490,6851,4,rail,0,1,1,1,0,330,80,120,0,35,95,55,20,45,5,1,3,0,0,2
490,6852,4,rail,0,1,1,1,0,420,60,170,0,15,65,45,15,55,10,1,2,0,0,2
490,6853,4,rail,0,1,1,1,0,360,80,120,0,20,80,45,5,40,20,3,2,0,0,2
490,6854,4,rail,0,1,1,1,0,360,90,170,0,30,80,35,15,35,20,2,3,0,0,2
490,6855,4,rail,0,1,1,1,0,420,70,120,0,25,95,45,20,50,15,1,3,0,0,2
490,6856,4,rail,0,1,1,1,0,360,80,120,0,30,95,45,15,35,20,1,2,0,0,2
490,6857,4,rail,0,1,1,1,0,300,80,170,0,30,50,35,10,55,5,2,3,0,0,2
490,6858,2,bus,0,1,1,1,0,360,50,130,0,15,110,65,20,45,15,2,3,0,0,2
490,6859,4,rail,0,1,1,1,0,420,60,130,0,20,65,65,20,50,10,1,2,0,0,2
490,6860,3,air,0,1,1,1,0,420,60,140,0,20,50,55,5,55,5,3,1,0,0,2
491,6861,3,air,1,1,1,1,390,390,50,170,40,30,50,35,10,55,5,3,2,0,1,3
491,6862,3,air,1,1,1,1,390,420,50,140,30,20,80,55,15,55,5,2,1,0,1,3
491,6863,4,rail,1,1,1,1,250,420,90,120,50,15,65,75,25,45,5,1,3,0,1,3
491,6864,1,car,1,1,1,1,300,390,70,155,30,20,110,75,5,40,25,1,2,0,1,3
491,6865,3,air,1,1,1,1,275,420,90,130,30,20,80,75,25,35,25,2,2,0,1,3
491,6866,4,rail,1,1,1,1,275,300,50,170,45,30,95,35,25,45,10,3,2,0,1,3
491,6867,4,rail,1,1,1,1,275,300,60,120,50,35,110,75,5,40,15,2,3,0,1,3
491,6868,4,rail,1,1,1,1,250,330,70,170,45,20,80,45,10,45,20,1,2,0,1,3
491,6869,4,rail,1,1,1,1,390,420,50,140,35,15,95,55,10,55,10,3,1,0,1,3
491,6870,4,rail,1,1,1,1,345,360,70,140,35,30,110,45,5,40,25,1,3,0,1,3
491,6871,3,air,1,1,1,1,345,390,80,120,45,25,65,35,25,55,5,3,1,0,1,3
491,6872,1,car,1,1,1,1,390,390,70,170,30,35,110,35,5,35,25,2,3,0,1,3
491,6873,1,car,1,1,1,1,275,330,90,140,45,30,65,65,15,45,15,1,2,0,1,3
491,6874,3,air,1,1,1,1,300,420,80,140,45,25,50,55,15,50,10,1,3,0,1,3
492,6875,4,rail,1,1,1,1,300,330,70,170,40,25,80,35,15,35,25,3,2,0,0,4
492,6876,4,rail,1,1,1,1,345,345,90,130,40,30,50,55,15,35,20,2,3,0,0,4
492,6877,1,car,1,1,1,1,390,390,70,140,35,35,95,45,5,45,20,3,1,0,0,4
492,6878,1,car,1,1,1,1,275,360,80,140,40,25,80,55,25,40,20,2,1,0,0,4
492,6879,4,rail,1,1,1,1,275,420,80,130,45,20,80,35,15,40,15,2,3,0,0,4
492,6880,3,air,1,1,1,1,250,420,60,140,50,20,110,55,20,35,25,3,1,0,0,4
492,6881,3,air,1,1,1,1,390,420,50,130,30,20,65,75,20,55,10,1,2,0,0,4
492,6882,4,rail,1,1,1,1,250,420,80,155,35,20,80,55,15,45,20,1,2,0,0,4
492,6883,4,rail,1,1,1,1,300,300,80,140,35,30,95,45,20,35,20,3,2,0,0,4
492,6884,3,air,1,1,1,1,390,390,50,130,30,20,65,75,10,50,10,2,1,0,0,4
492,6885,1,car,1,1,1,1,390,390,50,140,35,15,110,75,5,50,20,3,1,0,0,4
492,6886,4,rail,1,1,1,1,275,360,80,155,50,15,110,35,5,35,20,2,1,0,0,4
492,6887,4,rail,1,1,1,1,345,345,70,130,45,25,110,45,20,35,10,3,1,0,0,4
492,6888,1,car,1,1,1,1,275,420,50,120,50,15,50,75,5,55,5,1,3,0,0,4
493,6889,4,rail,1,1,1,1,345,360,60,140,35,30,50,55,25,55,5,2,3,0,0,1
493,6890,1,car,1,1,1,1,275,360,90,130,45,25,65,55,20,35,20,2,3,0,0,1
493,6891,1,car,1,1,1,1,300,420,90,140,40,15,50,55,10,35,25,1,3,0,0,1
493,6892,3,air,1,1,1,1,250,300,70,120,45,35,65,75,20,50,10,1,2,0,0,1
493,6893,3,air,1,1,1,1,390,390,90,140,30,25,50,55,5,50,15,3,1,0,0,1
493,6894,4,rail,1,1,1,1,345,345,90,130,40,35,65,35,10,40,20,3,1,0,0,1
493,6895,1,car,1,1,1,1,345,345,60,130,35,35,95,75,10,40,15,3,2,0,0,1
493,6896,1,car,1,1,1,1,345,345,80,120,45,30,110,45,25,40,5,3,1,0,0,1
493,6897,4,rail,1,1,1,1,345,420,60,170,30,15,110,35,20,40,15,2,1,0,0,1
493,6898,1,car,1,1,1,1,250,300,80,155,40,35,95,45,10,40,25,3,1,0,0,1
493,6899,1,car,1,1,1,1,300,300,60,155,45,35,110,65,5,50,20,1,3,0,0,1
493,6900,2,bus,1,1,1,1,275,360,70,120,50,20,110,75,25,40,15,1,3,0,0,1
493,6901,1,car,1,1,1,1,345,345,80,155,30,30,50,55,15,50,10,1,2,0,0,1
493,6902,2,bus,1,1,1,1,300,300,80,130,50,25,50,75,5,50,15,2,1,0,0,1
494,6903,3,air,1,1,1,0,390,390,50,0,35,20,50,0,15,45,0,2,0,0,0,3
494,6904,3,air,1,1,1,0,390,420,60,0,30,20,95,0,25,55,0,2,0,0,0,3
494,6905,1,car,1,1,1,0,345,390,50,0,40,25,80,0,20,50,0,3,0,0,0,3
494,6906,1,car,1,1,1,0,300,420,50,0,50,15,110,0,20,45,0,2,0,0,0,3
494,6907,1,car,1,1,1,0,390,420,60,0,30,15,110,0,5,40,0,2,0,0,0,3
494,6908,3,air,1,1,1,0,345,345,80,0,40,35,80,0,25,45,0,3,0,0,0,3
494,6909,3,air,1,1,1,0,300,390,60,0,40,25,65,0,20,55,0,3,0,0,0,3
494,6910,3,air,1,1,1,0,300,390,60,0,50,15,50,0,10,55,0,3,0,0,0,3
494,6911,2,bus,1,1,1,0,345,360,90,0,45,30,95,0,25,40,0,2,0,0,0,3
494,6912,3,air,1,1,1,0,275,360,50,0,50,30,50,0,15,50,0,2,0,0,0,3
494,6913,1,car,1,1,1,0,250,360,70,0,35,20,95,0,5,40,0,3,0,0,0,3
494,6914,1,car,1,1,1,0,250,330,70,0,50,15,95,0,10,45,0,3,0,0,0,3
494,6915,1,car,1,1,1,0,390,390,50,0,30,35,65,0,10,55,0,1,0,0,0,3
494,6916,1,car,1,1,1,0,345,360,90,0,40,25,50,0,20,55,0,2,0,0,0,3
495,6917,2,bus,1,1,0,1,250,300,0,170,45,25,0,35,5,0,25,0,2,1,0,3
495,6918,4,rail,1,1,0,1,275,390,0,140,50,25,0,35,20,0,15,0,3,1,0,3
495,6919,4,rail,1,1,0,1,390,390,0,130,40,25,0,75,5,0,15,0,1,1,0,3
495,6920,1,car,1,1,0,1,390,390,0,120,40,20,0,75,5,0,20,0,3,1,0,3
495,6921,4,rail,1,1,0,1,345,345,0,155,30,35,0,55,15,0,20,0,3,1,0,3
495,6922,4,rail,1,1,0,1,275,300,0,170,40,30,0,35,5,0,25,0,3,1,0,3
495,6923,1,car,1,1,0,1,345,345,0,130,35,35,0,65,20,0,20,0,3,1,0,3
495,6924,4,rail,1,1,0,1,300,330,0,130,50,30,0,75,15,0,5,0,2,1,0,3
495,6925,1,car,1,1,0,1,250,360,0,170,30,30,0,55,25,0,20,0,3,1,0,3
495,6926,4,rail,1,1,0,1,345,390,0,170,35,25,0,45,25,0,5,0,2,1,0,3
495,6927,4,rail,1,1,0,1,275,330,0,155,50,30,0,55,20,0,20,0,1,1,0,3
495,6928,4,rail,1,1,0,1,300,330,0,140,45,30,0,45,10,0,10,0,3,1,0,3
495,6929,1,car,1,1,0,1,345,390,0,140,30,15,0,65,5,0,20,0,3,1,0,3
495,6930,4,rail,1,1,0,1,300,420,0,170,35,20,0,35,15,0,25,0,2,1,0,3
496,6931,1,car,1,1,1,1,250,330,90,140,30,35,80,65,25,35,15,2,1,0,0,1
496,6932,1,car,1,1,1,1,300,360,70,155,35,25,80,35,25,45,15,1,2,0,0,1
496,6933,4,rail,1,1,1,1,300,390,80,155,35,25,65,45,15,45,15,1,3,0,0,1
496,6934,1,car,1,1,1,1,250,420,60,140,50,20,95,75,15,45,10,1,3,0,0,1
496,6935,2,bus,1,1,1,1,275,390,70,140,35,15,95,65,5,35,20,2,3,0,0,1
496,6936,3,air,1,1,1,1,390,420,50,130,30,20,80,65,20,35,25,2,1,0,0,1
496,6937,3,air,1,1,1,1,300,330,90,120,45,35,50,65,25,55,5,3,1,0,0,1
496,6938,4,rail,1,1,1,1,300,330,80,155,40,25,50,35,15,50,5,1,2,0,0,1
496,6939,1,car,1,1,1,1,275,300,80,170,40,35,80,55,10,40,25,1,2,0,0,1
496,6940,1,car,1,1,1,1,345,345,70,170,35,35,50,45,25,55,5,3,2,0,0,1
496,6941,4,rail,1,1,1,1,275,390,60,155,50,25,65,55,15,50,15,3,2,0,0,1
496,6942,1,car,1,1,1,1,345,360,50,120,35,35,80,75,15,40,10,3,2,0,0,1
496,6943,2,bus,1,1,1,1,250,300,50,120,50,35,95,65,5,50,10,2,1,0,0,1
496,6944,4,rail,1,1,1,1,345,345,60,155,40,30,65,45,20,55,5,1,2,0,0,1
497,6945,4,rail,1,1,1,1,275,330,80,120,50,35,65,45,20,55,5,3,1,0,0,4
497,6946,4,rail,1,1,1,1,275,330,70,170,45,15,110,55,5,40,25,2,3,0,0,4
497,6947,4,rail,1,1,1,1,275,390,70,155,45,15,80,35,25,55,5,1,1,0,0,4
497,6948,1,car,1,1,1,1,300,300,60,155,45,15,110,65,10,40,20,2,1,0,0,4
497,6949,4,rail,1,1,1,1,390,390,60,155,35,35,95,65,10,45,15,2,3,0,0,4
497,6950,1,car,1,1,1,1,250,360,60,120,50,25,110,65,15,45,20,3,2,0,0,4
497,6951,1,car,1,1,1,1,250,390,90,170,45,20,50,35,25,35,15,2,3,0,0,4
497,6952,3,air,1,1,1,1,275,360,70,170,40,30,65,35,10,50,15,2,3,0,0,4
497,6953,4,rail,1,1,1,1,390,390,90,120,30,25,65,65,25,35,15,3,1,0,0,4
497,6954,4,rail,1,1,1,1,275,330,70,120,50,25,80,55,25,50,5,1,3,0,0,4
497,6955,4,rail,1,1,1,1,390,420,60,130,35,15,110,55,25,35,15,2,1,0,0,4
497,6956,3,air,1,1,1,1,300,390,50,170,45,25,50,45,10,55,5,2,1,0,0,4
497,6957,1,car,1,1,1,1,345,345,50,140,30,35,110,65,5,45,15,2,1,0,0,4
497,6958,1,car,1,1,1,1,250,300,80,140,40,30,80,75,15,40,20,1,2,0,0,4
498,6959,1,car,1,1,1,1,250,330,80,130,50,30,50,55,15,55,10,2,1,1,0,2
498,6960,4,rail,1,1,1,1,300,330,70,140,30,35,95,75,15,50,25,1,2,1,0,2
498,6961,3,air,1,1,1,1,390,390,80,130,30,30,80,65,10,35,25,1,3,1,0,2
498,6962,2,bus,1,1,1,1,300,390,70,130,40,15,95,75,5,50,10,2,3,1,0,2
498,6963,4,rail,1,1,1,1,300,390,70,120,45,25,95,35,20,50,10,3,2,1,0,2
498,6964,4,rail,1,1,1,1,275,420,80,170,30,20,95,35,20,35,25,3,2,1,0,2
498,6965,1,car,1,1,1,1,300,420,50,155,40,20,110,65,5,50,20,2,1,1,0,2
498,6966,1,car,1,1,1,1,250,360,60,170,40,30,95,45,25,45,10,1,2,1,0,2
498,6967,4,rail,1,1,1,1,250,420,50,155,40,15,95,75,10,40,25,1,2,1,0,2
498,6968,4,rail,1,1,1,1,345,390,90,155,35,15,65,35,10,50,10,3,1,1,0,2
498,6969,4,rail,1,1,1,1,390,390,50,170,35,15,95,35,5,40,25,2,3,1,0,2
498,6970,1,car,1,1,1,1,250,420,90,140,45,15,50,65,20,35,25,3,2,1,0,2
498,6971,1,car,1,1,1,1,250,390,90,170,40,20,65,35,15,35,25,3,2,1,0,2
498,6972,2,bus,1,1,1,1,300,300,50,170,40,30,65,65,5,50,25,1,2,1,0,2
499,6973,4,rail,1,1,1,1,345,345,60,120,45,35,95,45,25,50,5,3,1,1,1,1
499,6974,3,air,1,1,1,1,250,390,90,120,45,20,50,75,20,50,5,1,2,1,1,1
499,6975,4,rail,1,1,1,1,300,420,50,130,45,15,110,75,10,45,15,2,3,1,1,1
499,6976,3,air,1,1,1,1,390,420,90,130,30,15,65,65,20,35,20,3,1,1,1,1
499,6977,4,rail,1,1,1,1,250,390,80,155,45,15,65,45,10,50,20,3,1,1,1,1
499,6978,3,air,1,1,1,1,390,390,60,155,40,15,110,65,10,35,25,2,1,1,1,1
499,6979,3,air,1,1,1,1,250,330,80,155,45,30,50,65,10,45,15,1,3,1,1,1
499,6980,1,car,1,1,1,1,275,390,90,130,40,15,80,65,5,40,20,3,1,1,1,1
499,6981,4,rail,1,1,1,1,275,420,50,155,50,20,80,35,15,50,10,1,3,1,1,1
499,6982,4,rail,1,1,1,1,345,360,50,155,50,30,80,45,20,55,5,2,3,1,1,1
499,6983,3,air,1,1,1,1,390,390,50,120,35,35,95,75,25,35,15,1,2,1,1,1
499,6984,1,car,1,1,1,1,300,390,80,155,30,15,95,45,5,45,25,3,1,1,1,1
499,6985,4,rail,1,1,1,1,300,330,90,155,35,30,65,45,15,35,20,3,1,1,1,1
499,6986,4,rail,1,1,1,1,390,390,70,120,35,35,95,55,20,45,10,1,1,1,1,1
500,6987,4,rail,1,1,0,1,390,390,0,130,35,35,0,75,20,0,25,0,2,0,1,1
500,6988,4,rail,1,1,0,1,300,300,0,170,30,35,0,55,10,0,25,0,2,0,1,1
500,6989,4,rail,1,1,0,1,345,345,0,130,45,25,0,35,10,0,5,0,3,0,1,1
500,6990,4,rail,1,1,0,1,300,330,0,120,45,35,0,55,20,0,5,0,3,0,1,1
500,6991,4,rail,1,1,0,1,345,420,0,170,30,15,0,45,15,0,10,0,2,0,1,1
500,6992,4,rail,1,1,0,1,345,420,0,120,30,20,0,75,15,0,10,0,2,0,1,1
500,6993,4,rail,1,1,0,1,250,360,0,120,50,20,0,45,5,0,20,0,2,0,1,1
500,6994,1,car,1,1,0,1,275,360,0,170,35,30,0,35,15,0,20,0,3,0,1,1
500,6995,4,rail,1,1,0,1,275,420,0,120,50,25,0,45,20,0,15,0,3,0,1,1
500,6996,4,rail,1,1,0,1,300,300,0,170,45,30,0,35,10,0,5,0,3,0,1,1
500,6997,4,rail,1,1,0,1,275,360,0,130,50,15,0,65,20,0,15,0,3,0,1,1
500,6998,1,car,1,1,0,1,345,360,0,140,30,25,0,75,25,0,5,0,2,0,1,1
500,6999,4,rail,1,1,0,1,250,420,0,130,50,20,0,65,20,0,10,0,2,0,1,1
500,7000,4,rail,1,1,0,1,390,420,0,140,35,20,0,55,5,0,5,0,1,0,1,1
