id,obs_id,choice,chosen_alt,av_1,av_2,av_3,xt_main1,xt_main2,xt_main3,xcosts1,xcosts2,xcosts3,xt_delay1,xt_delay2,xt_egr1,xt_egr2,xt_egr3,xt_acc2,xt_transf2,xt_transf3,xt_park1,xt_next3,xc_park1,xc_park3,mode2,mode3,ivt_pv,ivt_pt,ivt_pv_pt,ovt_pv,ovt_pt,ovt_pv_pt,tc_pv,tc_pt,tc_pv_pt,tra_pv,tra_pt,tra_pv_pt,rel_pv,rel_pt,cset_nr,purp,flex,with,weath,bag,time
27208,27215,1,pv,1,1,1,30,20,23,6,2,4.5,20,0,12,2,12,12,10,5,0,10,0,2,1,3,30,20,33,12,14,12,6,2,6.5,0,10,5,20,0,1,2,2,1,2,1,1
27208,27215,2,pt,0,1,1,30,20,23,6,2,4.5,20,0,12,2,12,12,10,5,0,10,0,2,1,3,30,20,33,12,14,12,6,2,6.5,0,10,5,20,0,1,2,2,1,2,1,1
27208,27216,1,pv,1,1,1,25,25,22,4,2,3.5,0,20,6,7,7,7,5,10,0,10,0,2,2,2,25,25,32,6,14,7,4,2,5.5,0,5,10,0,20,2,2,2,1,2,1,1
27208,27216,2,pt,0,1,1,25,25,22,4,2,3.5,0,20,6,7,7,7,5,10,0,10,0,2,2,2,25,25,32,6,14,7,4,2,5.5,0,5,10,0,20,2,2,2,1,2,1,1
27208,27217,2,pt,1,1,1,30,30,26,2,4,1.75,0,20,12,2,12,7,0,5,10,15,10,4,1,2,30,30,41,22,9,12,12,4,5.75,0,0,5,0,20,3,2,2,1,2,1,1
27208,27217,3,pv_pt,1,0,1,30,30,26,2,4,1.75,0,20,12,2,12,7,0,5,10,15,10,4,1,2,30,30,41,22,9,12,12,4,5.75,0,0,5,0,20,3,2,2,1,2,1,1
27208,27219,2,pt,1,1,1,20,30,15,6,2,4.5,0,20,0,2,12,7,0,5,0,5,10,2,3,3,20,30,20,0,9,12,16,2,6.5,0,0,5,0,20,4,2,2,2,2,1,2
27208,27219,1,pv,1,0,1,20,30,15,6,2,4.5,0,20,0,2,12,7,0,5,0,5,10,2,3,3,20,30,20,0,9,12,16,2,6.5,0,0,5,0,20,4,2,2,2,2,1,2
27208,27220,2,pt,1,1,1,30,30,26,2,0,1.75,10,0,0,2,7,2,10,15,0,15,10,0,3,1,30,30,41,0,4,7,12,0,1.75,0,10,15,10,0,5,2,2,2,2,1,2
27208,27220,1,pv,1,0,1,30,30,26,2,0,1.75,10,0,0,2,7,2,10,15,0,15,10,0,3,1,30,30,41,0,4,7,12,0,1.75,0,10,15,10,0,5,2,2,2,2,1,2
27208,27221,1,pv,1,1,1,20,20,15,2,2,1.5,20,10,6,7,2,12,10,5,5,15,5,4,3,1,20,20,30,11,19,2,7,2,5.5,0,10,5,20,10,6,2,2,2,2,1,2
27208,27221,2,pt,0,1,1,20,20,15,2,2,1.5,20,10,6,7,2,12,10,5,5,15,5,4,3,1,20,20,30,11,19,2,7,2,5.5,0,10,5,20,10,6,2,2,2,2,1,2
27208,27223,1,pv,1,1,1,20,25,18,4,4,1.75,0,10,0,7,7,7,5,10,0,10,0,2,1,1,20,25,28,0,14,7,4,4,3.75,0,5,10,0,10,7,3,1,2,4,2,1
27208,27223,2,pt,0,1,1,20,25,18,4,4,1.75,0,10,0,7,7,7,5,10,0,10,0,2,1,1,20,25,28,0,14,7,4,4,3.75,0,5,10,0,10,7,3,1,2,4,2,1
27208,27224,1,pv,1,1,1,25,30,25,4,4,4.0,10,10,6,7,7,7,5,10,5,10,0,2,1,3,25,30,35,11,14,7,4,4,6.0,0,5,10,10,10,8,3,1,2,4,2,1
27208,27224,2,pt,0,1,1,25,30,25,4,4,4.0,10,10,6,7,7,7,5,10,5,10,0,2,1,3,25,30,35,11,14,7,4,4,6.0,0,5,10,10,10,8,3,1,2,4,2,1
27208,27225,2,pt,1,1,1,20,30,18,6,0,5.25,10,0,12,12,7,2,0,10,0,15,5,4,1,1,20,30,33,12,14,7,11,0,9.25,0,0,10,10,0,9,3,1,2,4,2,1
27208,27225,1,pv,1,0,1,20,30,18,6,0,5.25,10,0,12,12,7,2,0,10,0,15,5,4,1,1,20,30,33,12,14,7,11,0,9.25,0,0,10,10,0,9,3,1,2,4,2,1
27226,27246,1,pv,1,1,1,20,30,20,4,2,4.0,0,10,12,12,2,2,10,5,10,5,5,0,3,1,20,30,25,22,14,2,9,2,4.0,0,10,5,0,10,1,2,2,2,2,1,2
27226,27246,3,pv_pt,0,1,1,20,30,20,4,2,4.0,0,10,12,12,2,2,10,5,10,5,5,0,3,1,20,30,25,22,14,2,9,2,4.0,0,10,5,0,10,1,2,2,2,2,1,2
27226,27247,1,pv,1,1,1,20,30,15,6,2,4.5,0,20,0,2,12,7,0,5,0,5,10,2,3,3,20,30,20,0,9,12,16,2,6.5,0,0,5,0,20,2,2,2,2,2,1,2
27226,27247,2,pt,0,1,1,20,30,15,6,2,4.5,0,20,0,2,12,7,0,5,0,5,10,2,3,3,20,30,20,0,9,12,16,2,6.5,0,0,5,0,20,2,2,2,2,2,1,2
27226,27248,3,pv_pt,1,1,1,30,25,23,6,4,4.5,0,10,6,7,2,12,5,5,10,15,0,0,2,1,30,25,38,16,19,2,6,4,4.5,0,5,5,0,10,3,2,2,2,2,1,2
27226,27248,1,pv,1,1,0,30,25,23,6,4,4.5,0,10,6,7,2,12,5,5,10,15,0,0,2,1,30,25,38,16,19,2,6,4,4.5,0,5,5,0,10,3,2,2,2,2,1,2
27226,27250,3,pv_pt,1,1,1,25,25,22,2,2,1.75,20,20,6,7,2,7,5,5,5,5,0,0,3,2,25,25,27,11,14,2,2,2,1.75,0,5,5,20,20,4,2,1,1,1,2,2
27226,27250,1,pv,1,1,0,25,25,22,2,2,1.75,20,20,6,7,2,7,5,5,5,5,0,0,3,2,25,25,27,11,14,2,2,2,1.75,0,5,5,20,20,4,2,1,1,1,2,2
27226,27251,1,pv,1,1,1,20,30,20,6,0,6.0,10,0,0,2,12,12,10,10,10,10,10,0,1,2,20,30,30,10,14,12,16,0,6.0,0,10,10,10,0,5,2,1,1,1,2,2
27226,27251,3,pv_pt,0,1,1,20,30,20,6,0,6.0,10,0,0,2,12,12,10,10,10,10,10,0,1,2,20,30,30,10,14,12,16,0,6.0,0,10,10,10,0,5,2,1,1,1,2,2
27226,27252,1,pv,1,1,1,25,30,25,4,4,4.0,10,10,6,7,7,7,5,10,5,10,0,2,1,3,25,30,35,11,14,7,4,4,6.0,0,5,10,10,10,6,2,1,1,1,2,2
27226,27252,3,pv_pt,0,1,1,25,30,25,4,4,4.0,10,10,6,7,7,7,5,10,5,10,0,2,1,3,25,30,35,11,14,7,4,4,6.0,0,5,10,10,10,6,2,1,1,1,2,2
27226,27254,3,pv_pt,1,1,1,20,20,15,2,2,1.5,20,10,6,7,2,12,10,5,5,15,5,4,3,1,20,20,30,11,19,2,7,2,5.5,0,10,5,20,10,7,3,1,1,3,1,2
27226,27254,2,pt,1,1,0,20,20,15,2,2,1.5,20,10,6,7,2,12,10,5,5,15,5,4,3,1,20,20,30,11,19,2,7,2,5.5,0,10,5,20,10,7,3,1,1,3,1,2
27226,27256,1,pv,1,1,1,25,30,25,4,4,4.0,20,0,12,12,12,12,0,15,10,10,5,4,3,2,25,30,35,22,24,12,9,4,8.0,0,0,15,20,0,8,3,1,1,3,1,2
27226,27256,2,pt,0,1,1,25,30,25,4,4,4.0,20,0,12,12,12,12,0,15,10,10,5,4,3,2,25,30,35,22,24,12,9,4,8.0,0,0,15,20,0,8,3,1,1,3,1,2
27226,27258,2,pt,1,1,1,25,20,22,4,0,3.5,10,0,0,7,12,2,0,10,10,10,0,2,3,2,25,20,32,10,9,12,4,0,5.5,0,0,10,10,0,9,3,1,1,3,1,2
27226,27258,1,pv,1,0,1,25,20,22,4,0,3.5,10,0,0,7,12,2,0,10,10,10,0,2,3,2,25,20,32,10,9,12,4,0,5.5,0,0,10,10,0,9,3,1,1,3,1,2
27227,27257,1,pv,1,1,1,25,20,25,6,0,6.0,20,20,0,12,2,12,0,15,10,15,5,4,1,3,25,20,40,10,24,2,11,0,10.0,0,0,15,20,20,1,1,2,1,4,1,2
27227,27257,3,pv_pt,0,1,1,25,20,25,6,0,6.0,20,20,0,12,2,12,0,15,10,15,5,4,1,3,25,20,40,10,24,2,11,0,10.0,0,0,15,20,20,1,1,2,1,4,1,2
27227,27259,1,pv,1,1,1,20,25,18,2,2,1.75,10,10,0,7,7,7,5,10,5,10,0,2,2,3,20,25,28,5,14,7,2,2,3.75,0,5,10,10,10,2,1,2,1,4,1,2
27227,27259,3,pv_pt,0,1,1,20,25,18,2,2,1.75,10,10,0,7,7,7,5,10,5,10,0,2,2,3,20,25,28,5,14,7,2,2,3.75,0,5,10,10,10,2,1,2,1,4,1,2
27227,27260,1,pv,1,1,1,30,25,23,2,4,1.5,10,10,0,12,2,7,5,5,5,5,5,4,2,3,30,25,28,5,19,2,7,4,5.5,0,5,5,10,10,3,1,2,1,4,1,2
27227,27260,3,pv_pt,0,1,1,30,25,23,2,4,1.5,10,10,0,12,2,7,5,5,5,5,5,4,2,3,30,25,28,5,19,2,7,4,5.5,0,5,5,10,10,3,1,2,1,4,1,2
27227,27262,1,pv,1,1,1,20,25,18,2,0,1.75,0,0,12,2,7,12,0,15,5,5,5,4,2,1,20,25,23,17,14,7,7,0,5.75,0,0,15,0,0,4,3,2,1,1,2,1
27227,27262,2,pt,0,1,1,20,25,18,2,0,1.75,0,0,12,2,7,12,0,15,5,5,5,4,2,1,20,25,23,17,14,7,7,0,5.75,0,0,15,0,0,4,3,2,1,1,2,1
27227,27263,1,pv,1,1,1,20,25,18,4,4,1.75,0,10,0,7,7,7,5,10,0,10,0,2,1,1,20,25,28,0,14,7,4,4,3.75,0,5,10,0,10,5,3,2,1,1,2,1
27227,27263,3,pv_pt,0,1,1,20,25,18,4,4,1.75,0,10,0,7,7,7,5,10,0,10,0,2,1,1,20,25,28,0,14,7,4,4,3.75,0,5,10,0,10,5,3,2,1,1,2,1
27227,27265,1,pv,1,1,1,25,25,22,4,2,3.5,0,20,6,7,7,7,5,10,0,10,0,2,2,2,25,25,32,6,14,7,4,2,5.5,0,5,10,0,20,6,3,2,1,1,2,1
27227,27265,3,pv_pt,0,1,1,25,25,22,4,2,3.5,0,20,6,7,7,7,5,10,0,10,0,2,2,2,25,25,32,6,14,7,4,2,5.5,0,5,10,0,20,6,3,2,1,1,2,1
27227,27267,2,pt,1,1,1,25,20,25,6,4,6.0,20,0,6,2,7,2,0,5,0,15,10,2,2,2,25,20,40,6,4,7,16,4,8.0,0,0,5,20,0,7,4,2,2,2,2,1
27227,27267,1,pv,1,0,1,25,20,25,6,4,6.0,20,0,6,2,7,2,0,5,0,15,10,2,2,2,25,20,40,6,4,7,16,4,8.0,0,0,5,20,0,7,4,2,2,2,2,1
27227,27268,1,pv,1,1,1,30,30,26,2,0,1.75,10,0,0,2,7,2,10,15,0,15,10,0,3,1,30,30,41,0,4,7,12,0,1.75,0,10,15,10,0,8,4,2,2,2,2,1
27227,27268,2,pt,0,1,1,30,30,26,2,0,1.75,10,0,0,2,7,2,10,15,0,15,10,0,3,1,30,30,41,0,4,7,12,0,1.75,0,10,15,10,0,8,4,2,2,2,2,1
27227,27269,1,pv,1,1,1,25,25,22,2,2,1.75,20,20,6,7,2,7,5,5,5,5,0,0,3,2,25,25,27,11,14,2,2,2,1.75,0,5,5,20,20,9,4,2,2,2,2,1
27227,27269,3,pv_pt,0,1,1,25,25,22,2,2,1.75,20,20,6,7,2,7,5,5,5,5,0,0,3,2,25,25,27,11,14,2,2,2,1.75,0,5,5,20,20,9,4,2,2,2,2,1
27270,27469,2,pt,1,1,1,25,20,22,4,0,3.5,10,0,0,7,12,2,0,10,10,10,0,2,3,2,25,20,32,10,9,12,4,0,5.5,0,0,10,10,0,1,2,1,1,1,2,2
27270,27469,1,pv,1,0,1,25,20,22,4,0,3.5,10,0,0,7,12,2,0,10,10,10,0,2,3,2,25,20,32,10,9,12,4,0,5.5,0,0,10,10,0,1,2,1,1,1,2,2
27270,27470,3,pv_pt,1,1,1,30,25,23,2,4,1.5,10,10,0,12,2,7,5,5,5,5,5,4,2,3,30,25,28,5,19,2,7,4,5.5,0,5,5,10,10,2,2,1,1,1,2,2
27270,27470,1,pv,1,1,0,30,25,23,2,4,1.5,10,10,0,12,2,7,5,5,5,5,5,4,2,3,30,25,28,5,19,2,7,4,5.5,0,5,5,10,10,2,2,1,1,1,2,2
27270,27471,2,pt,1,1,1,25,30,25,4,4,4.0,20,0,12,12,12,12,0,15,10,10,5,4,3,2,25,30,35,22,24,12,9,4,8.0,0,0,15,20,0,3,2,1,1,1,2,2
27270,27471,3,pv_pt,1,0,1,25,30,25,4,4,4.0,20,0,12,12,12,12,0,15,10,10,5,4,3,2,25,30,35,22,24,12,9,4,8.0,0,0,15,20,0,3,2,1,1,1,2,2
27270,27475,2,pt,1,1,1,20,30,15,6,2,4.5,0,20,0,2,12,7,0,5,0,5,10,2,3,3,20,30,20,0,9,12,16,2,6.5,0,0,5,0,20,4,4,2,1,3,2,2
27270,27475,3,pv_pt,1,0,1,20,30,15,6,2,4.5,0,20,0,2,12,7,0,5,0,5,10,2,3,3,20,30,20,0,9,12,16,2,6.5,0,0,5,0,20,4,4,2,1,3,2,2
27270,27476,3,pv_pt,1,1,1,20,25,15,4,2,3.0,20,20,6,7,2,12,5,15,0,5,5,0,2,2,20,25,20,6,19,2,9,2,3.0,0,5,15,20,20,5,4,2,1,3,2,2
27270,27476,2,pt,1,1,0,20,25,15,4,2,3.0,20,20,6,7,2,12,5,15,0,5,5,0,2,2,20,25,20,6,19,2,9,2,3.0,0,5,15,20,20,5,4,2,1,3,2,2
27270,27477,3,pv_pt,1,1,1,25,25,22,2,2,1.75,20,20,6,7,2,7,5,5,5,5,0,0,3,2,25,25,27,11,14,2,2,2,1.75,0,5,5,20,20,6,4,2,1,3,2,2
27270,27477,1,pv,1,1,0,25,25,22,2,2,1.75,20,20,6,7,2,7,5,5,5,5,0,0,3,2,25,25,27,11,14,2,2,2,1.75,0,5,5,20,20,6,4,2,1,3,2,2
27270,27481,2,pt,1,1,1,20,30,20,6,0,6.0,10,0,0,2,12,12,10,10,10,10,10,0,1,2,20,30,30,10,14,12,16,0,6.0,0,10,10,10,0,7,1,1,2,1,1,2
27270,27481,3,pv_pt,1,0,1,20,30,20,6,0,6.0,10,0,0,2,12,12,10,10,10,10,10,0,1,2,20,30,30,10,14,12,16,0,6.0,0,10,10,10,0,7,1,1,2,1,1,2
27270,27483,2,pt,1,1,1,30,20,23,6,2,4.5,20,0,12,2,12,12,10,5,0,10,0,2,1,3,30,20,33,12,14,12,6,2,6.5,0,10,5,20,0,8,1,1,2,1,1,2
27270,27483,1,pv,1,0,1,30,20,23,6,2,4.5,20,0,12,2,12,12,10,5,0,10,0,2,1,3,30,20,33,12,14,12,6,2,6.5,0,10,5,20,0,8,1,1,2,1,1,2
27270,27486,3,pv_pt,1,1,1,20,20,15,2,2,1.5,20,10,6,7,2,12,10,5,5,15,5,4,3,1,20,20,30,11,19,2,7,2,5.5,0,10,5,20,10,9,1,1,2,1,1,2
27270,27486,2,pt,1,1,0,20,20,15,2,2,1.5,20,10,6,7,2,12,10,5,5,15,5,4,3,1,20,20,30,11,19,2,7,2,5.5,0,10,5,20,10,9,1,1,2,1,1,2
27310,27433,1,pv,1,1,1,20,30,15,6,2,4.5,0,20,0,2,12,7,0,5,0,5,10,2,3,3,20,30,20,0,9,12,16,2,6.5,0,0,5,0,20,1,1,1,1,3,2,1
27310,27433,3,pv_pt,0,1,1,20,30,15,6,2,4.5,0,20,0,2,12,7,0,5,0,5,10,2,3,3,20,30,20,0,9,12,16,2,6.5,0,0,5,0,20,1,1,1,1,3,2,1
27310,27434,3,pv_pt,1,1,1,30,25,23,2,4,1.5,10,10,0,12,2,7,5,5,5,5,5,4,2,3,30,25,28,5,19,2,7,4,5.5,0,5,5,10,10,2,1,1,1,3,2,1
27310,27434,1,pv,1,1,0,30,25,23,2,4,1.5,10,10,0,12,2,7,5,5,5,5,5,4,2,3,30,25,28,5,19,2,7,4,5.5,0,5,5,10,10,2,1,1,1,3,2,1
27310,27436,1,pv,1,1,1,30,25,23,6,2,4.5,0,10,6,12,2,7,10,15,5,10,5,4,2,2,30,25,33,11,19,2,11,2,8.5,0,10,15,0,10,3,1,1,1,3,2,1
27310,27436,3,pv_pt,0,1,1,30,25,23,6,2,4.5,0,10,6,12,2,7,10,15,5,10,5,4,2,2,30,25,33,11,19,2,11,2,8.5,0,10,15,0,10,3,1,1,1,3,2,1
27310,27440,2,pt,1,1,1,30,30,26,2,4,1.75,0,20,12,2,12,7,0,5,10,15,10,4,1,2,30,30,41,22,9,12,12,4,5.75,0,0,5,0,20,4,3,2,1,1,2,1
27310,27440,1,pv,1,0,1,30,30,26,2,4,1.75,0,20,12,2,12,7,0,5,10,15,10,4,1,2,30,30,41,22,9,12,12,4,5.75,0,0,5,0,20,4,3,2,1,1,2,1
27310,27442,1,pv,1,1,1,30,20,23,6,2,4.5,20,0,12,2,12,12,10,5,0,10,0,2,1,3,30,20,33,12,14,12,6,2,6.5,0,10,5,20,0,5,3,2,1,1,2,1
27310,27442,2,pt,0,1,1,30,20,23,6,2,4.5,20,0,12,2,12,12,10,5,0,10,0,2,1,3,30,20,33,12,14,12,6,2,6.5,0,10,5,20,0,5,3,2,1,1,2,1
27310,27445,1,pv,1,1,1,20,25,18,2,2,1.75,10,10,0,7,7,7,5,10,5,10,0,2,2,3,20,25,28,5,14,7,2,2,3.75,0,5,10,10,10,6,3,2,1,1,2,1
27310,27445,2,pt,0,1,1,20,25,18,2,2,1.75,10,10,0,7,7,7,5,10,5,10,0,2,2,3,20,25,28,5,14,7,2,2,3.75,0,5,10,10,10,6,3,2,1,1,2,1
27310,27448,3,pv_pt,1,1,1,25,25,22,2,2,1.75,20,20,6,7,2,7,5,5,5,5,0,0,3,2,25,25,27,11,14,2,2,2,1.75,0,5,5,20,20,7,3,1,1,3,1,2
27310,27448,1,pv,1,1,0,25,25,22,2,2,1.75,20,20,6,7,2,7,5,5,5,5,0,0,3,2,25,25,27,11,14,2,2,2,1.75,0,5,5,20,20,7,3,1,1,3,1,2
27310,27450,3,pv_pt,1,1,1,20,20,15,2,2,1.5,20,10,6,7,2,12,10,5,5,15,5,4,3,1,20,20,30,11,19,2,7,2,5.5,0,10,5,20,10,8,3,1,1,3,1,2
27310,27450,1,pv,1,1,0,20,20,15,2,2,1.5,20,10,6,7,2,12,10,5,5,15,5,4,3,1,20,20,30,11,19,2,7,2,5.5,0,10,5,20,10,8,3,1,1,3,1,2
27310,27452,1,pv,1,1,1,20,25,18,4,4,1.75,0,10,0,7,7,7,5,10,0,10,0,2,1,1,20,25,28,0,14,7,4,4,3.75,0,5,10,0,10,9,3,1,1,3,1,2
27310,27452,3,pv_pt,0,1,1,20,25,18,4,4,1.75,0,10,0,7,7,7,5,10,0,10,0,2,1,1,20,25,28,0,14,7,4,4,3.75,0,5,10,0,10,9,3,1,1,3,1,2
27596,27677,3,pv_pt,1,1,1,20,30,20,4,2,4.0,0,10,12,12,2,2,10,5,10,5,5,0,3,1,20,30,25,22,14,2,9,2,4.0,0,10,5,0,10,1,1,2,2,2,2,2
27596,27677,2,pt,1,1,0,20,30,20,4,2,4.0,0,10,12,12,2,2,10,5,10,5,5,0,3,1,20,30,25,22,14,2,9,2,4.0,0,10,5,0,10,1,1,2,2,2,2,2
27596,27680,2,pt,1,1,1,25,20,22,4,0,3.5,10,0,0,7,12,2,0,10,10,10,0,2,3,2,25,20,32,10,9,12,4,0,5.5,0,0,10,10,0,2,1,2,2,2,2,2
27596,27680,1,pv,1,0,1,25,20,22,4,0,3.5,10,0,0,7,12,2,0,10,10,10,0,2,3,2,25,20,32,10,9,12,4,0,5.5,0,0,10,10,0,2,1,2,2,2,2,2
27596,27683,1,pv,1,1,1,20,25,18,2,2,1.75,10,10,0,7,7,7,5,10,5,10,0,2,2,3,20,25,28,5,14,7,2,2,3.75,0,5,10,10,10,3,1,2,2,2,2,2
27596,27683,3,pv_pt,0,1,1,20,25,18,2,2,1.75,10,10,0,7,7,7,5,10,5,10,0,2,2,3,20,25,28,5,14,7,2,2,3.75,0,5,10,10,10,3,1,2,2,2,2,2
27596,27686,2,pt,1,1,1,30,20,30,2,0,2.0,0,10,12,12,7,12,5,10,0,15,10,0,3,3,30,20,45,12,24,7,12,0,2.0,0,5,10,0,10,4,2,2,2,3,1,2
27596,27686,3,pv_pt,1,0,1,30,20,30,2,0,2.0,0,10,12,12,7,12,5,10,0,15,10,0,3,3,30,20,45,12,24,7,12,0,2.0,0,5,10,0,10,4,2,2,2,3,1,2
27596,27689,1,pv,1,1,1,20,25,18,4,4,1.75,0,10,0,7,7,7,5,10,0,10,0,2,1,1,20,25,28,0,14,7,4,4,3.75,0,5,10,0,10,5,2,2,2,3,1,2
27596,27689,2,pt,0,1,1,20,25,18,4,4,1.75,0,10,0,7,7,7,5,10,0,10,0,2,1,1,20,25,28,0,14,7,4,4,3.75,0,5,10,0,10,5,2,2,2,3,1,2
27596,27691,2,pt,1,1,1,20,25,18,2,0,1.75,0,0,12,2,7,12,0,15,5,5,5,4,2,1,20,25,23,17,14,7,7,0,5.75,0,0,15,0,0,6,2,2,2,3,1,2
27596,27691,1,pv,1,0,1,20,25,18,2,0,1.75,0,0,12,2,7,12,0,15,5,5,5,4,2,1,20,25,23,17,14,7,7,0,5.75,0,0,15,0,0,6,2,2,2,3,1,2
27596,27696,1,pv,1,1,1,30,30,26,2,4,1.75,0,20,12,2,12,7,0,5,10,15,10,4,1,2,30,30,41,22,9,12,12,4,5.75,0,0,5,0,20,7,1,1,1,3,2,1
27596,27696,3,pv_pt,0,1,1,30,30,26,2,4,1.75,0,20,12,2,12,7,0,5,10,15,10,4,1,2,30,30,41,22,9,12,12,4,5.75,0,0,5,0,20,7,1,1,1,3,2,1
27596,27699,2,pt,1,1,1,30,25,23,6,2,4.5,0,10,6,12,2,7,10,15,5,10,5,4,2,2,30,25,33,11,19,2,11,2,8.5,0,10,15,0,10,8,1,1,1,3,2,1
27596,27699,1,pv,1,0,1,30,25,23,6,2,4.5,0,10,6,12,2,7,10,15,5,10,5,4,2,2,30,25,33,11,19,2,11,2,8.5,0,10,15,0,10,8,1,1,1,3,2,1
27596,27700,2,pt,1,1,1,20,30,18,6,0,5.25,10,0,12,12,7,2,0,10,0,15,5,4,1,1,20,30,33,12,14,7,11,0,9.25,0,0,10,10,0,9,1,1,1,3,2,1
27596,27700,1,pv,1,0,1,20,30,18,6,0,5.25,10,0,12,12,7,2,0,10,0,15,5,4,1,1,20,30,33,12,14,7,11,0,9.25,0,0,10,10,0,9,1,1,1,3,2,1
27599,27710,1,pv,1,1,1,20,30,20,6,0,6.0,10,0,0,2,12,12,10,10,10,10,10,0,1,2,20,30,30,10,14,12,16,0,6.0,0,10,10,10,0,1,3,2,1,1,2,1
27599,27710,3,pv_pt,0,1,1,20,30,20,6,0,6.0,10,0,0,2,12,12,10,10,10,10,10,0,1,2,20,30,30,10,14,12,16,0,6.0,0,10,10,10,0,1,3,2,1,1,2,1
27599,27712,1,pv,1,1,1,20,30,20,4,2,4.0,0,10,12,12,2,2,10,5,10,5,5,0,3,1,20,30,25,22,14,2,9,2,4.0,0,10,5,0,10,2,3,2,1,1,2,1
27599,27712,3,pv_pt,0,1,1,20,30,20,4,2,4.0,0,10,12,12,2,2,10,5,10,5,5,0,3,1,20,30,25,22,14,2,9,2,4.0,0,10,5,0,10,2,3,2,1,1,2,1
27599,27715,2,pt,1,1,1,25,20,25,6,4,6.0,20,0,6,2,7,2,0,5,0,15,10,2,2,2,25,20,40,6,4,7,16,4,8.0,0,0,5,20,0,3,3,2,1,1,2,1
27599,27715,1,pv,1,0,1,25,20,25,6,4,6.0,20,0,6,2,7,2,0,5,0,15,10,2,2,2,25,20,40,6,4,7,16,4,8.0,0,0,5,20,0,3,3,2,1,1,2,1
27599,27718,1,pv,1,1,1,30,25,23,6,4,4.5,0,10,6,7,2,12,5,5,10,15,0,0,2,1,30,25,38,16,19,2,6,4,4.5,0,5,5,0,10,4,1,2,1,4,1,2
27599,27718,3,pv_pt,0,1,1,30,25,23,6,4,4.5,0,10,6,7,2,12,5,5,10,15,0,0,2,1,30,25,38,16,19,2,6,4,4.5,0,5,5,0,10,4,1,2,1,4,1,2
27599,27720,2,pt,1,1,1,25,20,22,4,0,3.5,10,0,0,7,12,2,0,10,10,10,0,2,3,2,25,20,32,10,9,12,4,0,5.5,0,0,10,10,0,5,1,2,1,4,1,2
27599,27720,1,pv,1,0,1,25,20,22,4,0,3.5,10,0,0,7,12,2,0,10,10,10,0,2,3,2,25,20,32,10,9,12,4,0,5.5,0,0,10,10,0,5,1,2,1,4,1,2
27599,27723,1,pv,1,1,1,25,25,22,2,4,1.75,10,0,6,12,12,2,10,15,10,15,10,0,1,3,25,25,37,16,14,12,12,4,1.75,0,10,15,10,0,6,1,2,1,4,1,2
27599,27723,2,pt,0,1,1,25,25,22,2,4,1.75,10,0,6,12,12,2,10,15,10,15,10,0,1,3,25,25,37,16,14,12,12,4,1.75,0,10,15,10,0,6,1,2,1,4,1,2
27599,27727,1,pv,1,1,1,20,30,18,6,0,5.25,10,0,12,12,7,2,0,10,0,15,5,4,1,1,20,30,33,12,14,7,11,0,9.25,0,0,10,10,0,7,1,2,2,2,2,2
27599,27727,2,pt,0,1,1,20,30,18,6,0,5.25,10,0,12,12,7,2,0,10,0,15,5,4,1,1,20,30,33,12,14,7,11,0,9.25,0,0,10,10,0,7,1,2,2,2,2,2
27599,27729,1,pv,1,1,1,20,30,15,6,2,4.5,0,20,0,2,12,7,0,5,0,5,10,2,3,3,20,30,20,0,9,12,16,2,6.5,0,0,5,0,20,8,1,2,2,2,2,2
27599,27729,2,pt,0,1,1,20,30,15,6,2,4.5,0,20,0,2,12,7,0,5,0,5,10,2,3,3,20,30,20,0,9,12,16,2,6.5,0,0,5,0,20,8,1,2,2,2,2,2
27599,27730,1,pv,1,1,1,25,25,22,2,2,1.75,20,20,6,7,2,7,5,5,5,5,0,0,3,2,25,25,27,11,14,2,2,2,1.75,0,5,5,20,20,9,1,2,2,2,2,2
27599,27730,3,pv_pt,0,1,1,25,25,22,2,2,1.75,20,20,6,7,2,7,5,5,5,5,0,0,3,2,25,25,27,11,14,2,2,2,1.75,0,5,5,20,20,9,1,2,2,2,2,2
27600,27636,1,pv,1,1,1,30,30,26,2,4,1.75,0,20,12,2,12,7,0,5,10,15,10,4,1,2,30,30,41,22,9,12,12,4,5.75,0,0,5,0,20,1,2,2,1,2,1,1
27600,27636,2,pt,0,1,1,30,30,26,2,4,1.75,0,20,12,2,12,7,0,5,10,15,10,4,1,2,30,30,41,22,9,12,12,4,5.75,0,0,5,0,20,1,2,2,1,2,1,1
27600,27637,1,pv,1,1,1,30,30,30,4,0,4.0,20,20,0,12,12,2,10,10,5,5,10,4,2,1,30,30,35,5,14,12,14,0,8.0,0,10,10,20,20,2,2,2,1,2,1,1
27600,27637,2,pt,0,1,1,30,30,30,4,0,4.0,20,20,0,12,12,2,10,10,5,5,10,4,2,1,30,30,35,5,14,12,14,0,8.0,0,10,10,20,20,2,2,2,1,2,1,1
27600,27640,1,pv,1,1,1,30,20,23,6,2,4.5,20,0,12,2,12,12,10,5,0,10,0,2,1,3,30,20,33,12,14,12,6,2,6.5,0,10,5,20,0,3,2,2,1,2,1,1
27600,27640,2,pt,0,1,1,30,20,23,6,2,4.5,20,0,12,2,12,12,10,5,0,10,0,2,1,3,30,20,33,12,14,12,6,2,6.5,0,10,5,20,0,3,2,2,1,2,1,1
27600,27644,2,pt,1,1,1,20,25,18,2,0,1.75,0,0,12,2,7,12,0,15,5,5,5,4,2,1,20,25,23,17,14,7,7,0,5.75,0,0,15,0,0,4,1,2,1,1,1,1
27600,27644,1,pv,1,0,1,20,25,18,2,0,1.75,0,0,12,2,7,12,0,15,5,5,5,4,2,1,20,25,23,17,14,7,7,0,5.75,0,0,15,0,0,4,1,2,1,1,1,1
27600,27645,1,pv,1,1,1,25,25,22,2,2,1.75,20,20,6,7,2,7,5,5,5,5,0,0,3,2,25,25,27,11,14,2,2,2,1.75,0,5,5,20,20,5,1,2,1,1,1,1
27600,27645,3,pv_pt,0,1,1,25,25,22,2,2,1.75,20,20,6,7,2,7,5,5,5,5,0,0,3,2,25,25,27,11,14,2,2,2,1.75,0,5,5,20,20,5,1,2,1,1,1,1
27600,27647,1,pv,1,1,1,25,20,22,4,0,3.5,10,0,0,7,12,2,0,10,10,10,0,2,3,2,25,20,32,10,9,12,4,0,5.5,0,0,10,10,0,6,1,2,1,1,1,1
27600,27647,2,pt,0,1,1,25,20,22,4,0,3.5,10,0,0,7,12,2,0,10,10,10,0,2,3,2,25,20,32,10,9,12,4,0,5.5,0,0,10,10,0,6,1,2,1,1,1,1
27600,27650,3,pv_pt,1,1,1,20,30,20,4,2,4.0,0,10,12,12,2,2,10,5,10,5,5,0,3,1,20,30,25,22,14,2,9,2,4.0,0,10,5,0,10,7,4,2,1,3,2,2
27600,27650,1,pv,1,1,0,20,30,20,4,2,4.0,0,10,12,12,2,2,10,5,10,5,5,0,3,1,20,30,25,22,14,2,9,2,4.0,0,10,5,0,10,7,4,2,1,3,2,2
27600,27651,1,pv,1,1,1,20,25,18,4,4,1.75,0,10,0,7,7,7,5,10,0,10,0,2,1,1,20,25,28,0,14,7,4,4,3.75,0,5,10,0,10,8,4,2,1,3,2,2
27600,27651,3,pv_pt,0,1,1,20,25,18,4,4,1.75,0,10,0,7,7,7,5,10,0,10,0,2,1,1,20,25,28,0,14,7,4,4,3.75,0,5,10,0,10,8,4,2,1,3,2,2
27600,27652,1,pv,1,1,1,30,25,23,6,4,4.5,0,10,6,7,2,12,5,5,10,15,0,0,2,1,30,25,38,16,19,2,6,4,4.5,0,5,5,0,10,9,4,2,1,3,2,2
27600,27652,3,pv_pt,0,1,1,30,25,23,6,4,4.5,0,10,6,7,2,12,5,5,10,15,0,0,2,1,30,25,38,16,19,2,6,4,4.5,0,5,5,0,10,9,4,2,1,3,2,2
27653,27733,2,pt,1,1,1,20,25,18,4,4,1.75,0,10,0,7,7,7,5,10,0,10,0,2,1,1,20,25,28,0,14,7,4,4,3.75,0,5,10,0,10,1,1,2,2,2,2,2
27653,27733,1,pv,1,0,1,20,25,18,4,4,1.75,0,10,0,7,7,7,5,10,0,10,0,2,1,1,20,25,28,0,14,7,4,4,3.75,0,5,10,0,10,1,1,2,2,2,2,2
27653,27735,2,pt,1,1,1,30,20,30,2,0,2.0,0,10,12,12,7,12,5,10,0,15,10,0,3,3,30,20,45,12,24,7,12,0,2.0,0,5,10,0,10,2,1,2,2,2,2,2
27653,27735,3,pv_pt,1,0,1,30,20,30,2,0,2.0,0,10,12,12,7,12,5,10,0,15,10,0,3,3,30,20,45,12,24,7,12,0,2.0,0,5,10,0,10,2,1,2,2,2,2,2
27653,27738,2,pt,1,1,1,25,30,25,4,4,4.0,20,0,12,12,12,12,0,15,10,10,5,4,3,2,25,30,35,22,24,12,9,4,8.0,0,0,15,20,0,3,1,2,2,2,2,2
27653,27738,3,pv_pt,1,0,1,25,30,25,4,4,4.0,20,0,12,12,12,12,0,15,10,10,5,4,3,2,25,30,35,22,24,12,9,4,8.0,0,0,15,20,0,3,1,2,2,2,2,2
27653,27741,2,pt,1,1,1,30,20,23,4,0,3.0,20,20,12,2,12,2,0,15,10,5,0,0,1,1,30,20,28,22,4,12,4,0,3.0,0,0,15,20,20,4,3,1,2,4,2,1
27653,27741,3,pv_pt,1,0,1,30,20,23,4,0,3.0,20,20,12,2,12,2,0,15,10,5,0,0,1,1,30,20,28,22,4,12,4,0,3.0,0,0,15,20,20,4,3,1,2,4,2,1
27653,27745,2,pt,1,1,1,20,30,15,6,2,4.5,0,20,0,2,12,7,0,5,0,5,10,2,3,3,20,30,20,0,9,12,16,2,6.5,0,0,5,0,20,5,3,1,2,4,2,1
27653,27745,3,pv_pt,1,0,1,20,30,15,6,2,4.5,0,20,0,2,12,7,0,5,0,5,10,2,3,3,20,30,20,0,9,12,16,2,6.5,0,0,5,0,20,5,3,1,2,4,2,1
27653,27746,3,pv_pt,1,1,1,20,25,15,4,2,3.0,20,20,6,7,2,12,5,15,0,5,5,0,2,2,20,25,20,6,19,2,9,2,3.0,0,5,15,20,20,6,3,1,2,4,2,1
27653,27746,2,pt,1,1,0,20,25,15,4,2,3.0,20,20,6,7,2,12,5,15,0,5,5,0,2,2,20,25,20,6,19,2,9,2,3.0,0,5,15,20,20,6,3,1,2,4,2,1
27653,27750,2,pt,1,1,1,30,30,26,2,0,1.75,10,0,0,2,7,2,10,15,0,15,10,0,3,1,30,30,41,0,4,7,12,0,1.75,0,10,15,10,0,7,3,2,1,4,2,2
27653,27750,3,pv_pt,1,0,1,30,30,26,2,0,1.75,10,0,0,2,7,2,10,15,0,15,10,0,3,1,30,30,41,0,4,7,12,0,1.75,0,10,15,10,0,7,3,2,1,4,2,2
27653,27752,1,pv,1,1,1,25,30,25,4,4,4.0,10,10,6,7,7,7,5,10,5,10,0,2,1,3,25,30,35,11,14,7,4,4,6.0,0,5,10,10,10,8,3,2,1,4,2,2
27653,27752,2,pt,0,1,1,25,30,25,4,4,4.0,10,10,6,7,7,7,5,10,5,10,0,2,1,3,25,30,35,11,14,7,4,4,6.0,0,5,10,10,10,8,3,2,1,4,2,2
27653,27756,1,pv,1,1,1,30,25,23,2,4,1.5,10,10,0,12,2,7,5,5,5,5,5,4,2,3,30,25,28,5,19,2,7,4,5.5,0,5,5,10,10,9,3,2,1,4,2,2
27653,27756,3,pv_pt,0,1,1,30,25,23,2,4,1.5,10,10,0,12,2,7,5,5,5,5,5,4,2,3,30,25,28,5,19,2,7,4,5.5,0,5,5,10,10,9,3,2,1,4,2,2
27655,27913,1,pv,1,1,1,20,25,15,4,2,3.0,20,20,6,7,2,12,5,15,0,5,5,0,2,2,20,25,20,6,19,2,9,2,3.0,0,5,15,20,20,1,4,1,1,2,2,2
27655,27913,3,pv_pt,0,1,1,20,25,15,4,2,3.0,20,20,6,7,2,12,5,15,0,5,5,0,2,2,20,25,20,6,19,2,9,2,3.0,0,5,15,20,20,1,4,1,1,2,2,2
27655,27914,1,pv,1,1,1,20,20,15,2,2,1.5,20,10,6,7,2,12,10,5,5,15,5,4,3,1,20,20,30,11,19,2,7,2,5.5,0,10,5,20,10,2,4,1,1,2,2,2
27655,27914,3,pv_pt,0,1,1,20,20,15,2,2,1.5,20,10,6,7,2,12,10,5,5,15,5,4,3,1,20,20,30,11,19,2,7,2,5.5,0,10,5,20,10,2,4,1,1,2,2,2
27655,27915,1,pv,1,1,1,30,30,30,4,0,4.0,20,20,0,12,12,2,10,10,5,5,10,4,2,1,30,30,35,5,14,12,14,0,8.0,0,10,10,20,20,3,4,1,1,2,2,2
27655,27915,2,pt,0,1,1,30,30,30,4,0,4.0,20,20,0,12,12,2,10,10,5,5,10,4,2,1,30,30,35,5,14,12,14,0,8.0,0,10,10,20,20,3,4,1,1,2,2,2
27655,27917,1,pv,1,1,1,25,20,22,4,0,3.5,10,0,0,7,12,2,0,10,10,10,0,2,3,2,25,20,32,10,9,12,4,0,5.5,0,0,10,10,0,4,3,2,2,1,2,2
27655,27917,2,pt,0,1,1,25,20,22,4,0,3.5,10,0,0,7,12,2,0,10,10,10,0,2,3,2,25,20,32,10,9,12,4,0,5.5,0,0,10,10,0,4,3,2,2,1,2,2
27655,27918,1,pv,1,1,1,25,30,25,4,4,4.0,20,0,12,12,12,12,0,15,10,10,5,4,3,2,25,30,35,22,24,12,9,4,8.0,0,0,15,20,0,5,3,2,2,1,2,2
27655,27918,2,pt,0,1,1,25,30,25,4,4,4.0,20,0,12,12,12,12,0,15,10,10,5,4,3,2,25,30,35,22,24,12,9,4,8.0,0,0,15,20,0,5,3,2,2,1,2,2
27655,27919,1,pv,1,1,1,20,30,18,6,0,5.25,10,0,12,12,7,2,0,10,0,15,5,4,1,1,20,30,33,12,14,7,11,0,9.25,0,0,10,10,0,6,3,2,2,1,2,2
27655,27919,2,pt,0,1,1,20,30,18,6,0,5.25,10,0,12,12,7,2,0,10,0,15,5,4,1,1,20,30,33,12,14,7,11,0,9.25,0,0,10,10,0,6,3,2,2,1,2,2
27655,27921,2,pt,1,1,1,20,30,20,6,0,6.0,10,0,0,2,12,12,10,10,10,10,10,0,1,2,20,30,30,10,14,12,16,0,6.0,0,10,10,10,0,7,2,1,1,3,1,1
27655,27921,3,pv_pt,1,0,1,20,30,20,6,0,6.0,10,0,0,2,12,12,10,10,10,10,10,0,1,2,20,30,30,10,14,12,16,0,6.0,0,10,10,10,0,7,2,1,1,3,1,1
27655,27922,3,pv_pt,1,1,1,25,25,22,2,4,1.75,10,0,6,12,12,2,10,15,10,15,10,0,1,3,25,25,37,16,14,12,12,4,1.75,0,10,15,10,0,8,2,1,1,3,1,1
27655,27922,2,pt,1,1,0,25,25,22,2,4,1.75,10,0,6,12,12,2,10,15,10,15,10,0,1,3,25,25,37,16,14,12,12,4,1.75,0,10,15,10,0,8,2,1,1,3,1,1
27655,27923,1,pv,1,1,1,25,25,22,4,2,3.5,0,20,6,7,7,7,5,10,0,10,0,2,2,2,25,25,32,6,14,7,4,2,5.5,0,5,10,0,20,9,2,1,1,3,1,1
27655,27923,3,pv_pt,0,1,1,25,25,22,4,2,3.5,0,20,6,7,7,7,5,10,0,10,0,2,2,2,25,25,32,6,14,7,4,2,5.5,0,5,10,0,20,9,2,1,1,3,1,1
27681,27836,1,pv,1,1,1,20,20,15,2,2,1.5,20,10,6,7,2,12,10,5,5,15,5,4,3,1,20,20,30,11,19,2,7,2,5.5,0,10,5,20,10,1,2,1,2,1,2,1
27681,27836,3,pv_pt,0,1,1,20,20,15,2,2,1.5,20,10,6,7,2,12,10,5,5,15,5,4,3,1,20,20,30,11,19,2,7,2,5.5,0,10,5,20,10,1,2,1,2,1,2,1
27681,27837,1,pv,1,1,1,30,30,26,2,4,1.75,0,20,12,2,12,7,0,5,10,15,10,4,1,2,30,30,41,22,9,12,12,4,5.75,0,0,5,0,20,2,2,1,2,1,2,1
27681,27837,3,pv_pt,0,1,1,30,30,26,2,4,1.75,0,20,12,2,12,7,0,5,10,15,10,4,1,2,30,30,41,22,9,12,12,4,5.75,0,0,5,0,20,2,2,1,2,1,2,1
27681,27838,2,pt,1,1,1,25,20,25,6,4,6.0,20,0,6,2,7,2,0,5,0,15,10,2,2,2,25,20,40,6,4,7,16,4,8.0,0,0,5,20,0,3,2,1,2,1,2,1
27681,27838,1,pv,1,0,1,25,20,25,6,4,6.0,20,0,6,2,7,2,0,5,0,15,10,2,2,2,25,20,40,6,4,7,16,4,8.0,0,0,5,20,0,3,2,1,2,1,2,1
27681,27840,1,pv,1,1,1,30,20,23,6,2,4.5,20,0,12,2,12,12,10,5,0,10,0,2,1,3,30,20,33,12,14,12,6,2,6.5,0,10,5,20,0,4,3,1,2,4,2,1
27681,27840,2,pt,0,1,1,30,20,23,6,2,4.5,20,0,12,2,12,12,10,5,0,10,0,2,1,3,30,20,33,12,14,12,6,2,6.5,0,10,5,20,0,4,3,1,2,4,2,1
27681,27842,3,pv_pt,1,1,1,20,25,15,4,2,3.0,20,20,6,7,2,12,5,15,0,5,5,0,2,2,20,25,20,6,19,2,9,2,3.0,0,5,15,20,20,5,3,1,2,4,2,1
27681,27842,1,pv,1,1,0,20,25,15,4,2,3.0,20,20,6,7,2,12,5,15,0,5,5,0,2,2,20,25,20,6,19,2,9,2,3.0,0,5,15,20,20,5,3,1,2,4,2,1
27681,27844,2,pt,1,1,1,25,20,22,4,0,3.5,10,0,0,7,12,2,0,10,10,10,0,2,3,2,25,20,32,10,9,12,4,0,5.5,0,0,10,10,0,6,3,1,2,4,2,1
27681,27844,1,pv,1,0,1,25,20,22,4,0,3.5,10,0,0,7,12,2,0,10,10,10,0,2,3,2,25,20,32,10,9,12,4,0,5.5,0,0,10,10,0,6,3,1,2,4,2,1
27681,27848,3,pv_pt,1,1,1,30,20,30,2,0,2.0,0,10,12,12,7,12,5,10,0,15,10,0,3,3,30,20,45,12,24,7,12,0,2.0,0,5,10,0,10,7,2,1,1,1,2,2
27681,27848,1,pv,1,1,0,30,20,30,2,0,2.0,0,10,12,12,7,12,5,10,0,15,10,0,3,3,30,20,45,12,24,7,12,0,2.0,0,5,10,0,10,7,2,1,1,1,2,2
27681,27850,2,pt,1,1,1,20,30,20,6,0,6.0,10,0,0,2,12,12,10,10,10,10,10,0,1,2,20,30,30,10,14,12,16,0,6.0,0,10,10,10,0,8,2,1,1,1,2,2
27681,27850,3,pv_pt,1,0,1,20,30,20,6,0,6.0,10,0,0,2,12,12,10,10,10,10,10,0,1,2,20,30,30,10,14,12,16,0,6.0,0,10,10,10,0,8,2,1,1,1,2,2
27681,27853,3,pv_pt,1,1,1,25,20,25,6,0,6.0,20,20,0,12,2,12,0,15,10,15,5,4,1,3,25,20,40,10,24,2,11,0,10.0,0,0,15,20,20,9,2,1,1,1,2,2
27681,27853,2,pt,1,1,0,25,20,25,6,0,6.0,20,20,0,12,2,12,0,15,10,15,5,4,1,3,25,20,40,10,24,2,11,0,10.0,0,0,15,20,20,9,2,1,1,1,2,2
27702,27936,2,pt,1,1,1,20,30,20,6,0,6.0,10,0,0,2,12,12,10,10,10,10,10,0,1,2,20,30,30,10,14,12,16,0,6.0,0,10,10,10,0,1,1,2,2,4,1,1
27702,27936,1,pv,1,0,1,20,30,20,6,0,6.0,10,0,0,2,12,12,10,10,10,10,10,0,1,2,20,30,30,10,14,12,16,0,6.0,0,10,10,10,0,1,1,2,2,4,1,1
27702,27940,2,pt,1,1,1,25,25,22,2,4,1.75,10,0,6,12,12,2,10,15,10,15,10,0,1,3,25,25,37,16,14,12,12,4,1.75,0,10,15,10,0,2,1,2,2,4,1,1
27702,27940,1,pv,1,0,1,25,25,22,2,4,1.75,10,0,6,12,12,2,10,15,10,15,10,0,1,3,25,25,37,16,14,12,12,4,1.75,0,10,15,10,0,2,1,2,2,4,1,1
27702,27947,1,pv,1,1,1,25,20,25,6,0,6.0,20,20,0,12,2,12,0,15,10,15,5,4,1,3,25,20,40,10,24,2,11,0,10.0,0,0,15,20,20,3,1,2,2,4,1,1
27702,27947,2,pt,0,1,1,25,20,25,6,0,6.0,20,20,0,12,2,12,0,15,10,15,5,4,1,3,25,20,40,10,24,2,11,0,10.0,0,0,15,20,20,3,1,2,2,4,1,1
27702,27953,2,pt,1,1,1,30,30,26,2,0,1.75,10,0,0,2,7,2,10,15,0,15,10,0,3,1,30,30,41,0,4,7,12,0,1.75,0,10,15,10,0,4,4,2,1,3,2,2
27702,27953,1,pv,1,0,1,30,30,26,2,0,1.75,10,0,0,2,7,2,10,15,0,15,10,0,3,1,30,30,41,0,4,7,12,0,1.75,0,10,15,10,0,4,4,2,1,3,2,2
27702,27957,2,pt,1,1,1,30,20,23,6,2,4.5,20,0,12,2,12,12,10,5,0,10,0,2,1,3,30,20,33,12,14,12,6,2,6.5,0,10,5,20,0,5,4,2,1,3,2,2
27702,27957,1,pv,1,0,1,30,20,23,6,2,4.5,20,0,12,2,12,12,10,5,0,10,0,2,1,3,30,20,33,12,14,12,6,2,6.5,0,10,5,20,0,5,4,2,1,3,2,2
27702,27960,2,pt,1,1,1,20,20,15,2,2,1.5,20,10,6,7,2,12,10,5,5,15,5,4,3,1,20,20,30,11,19,2,7,2,5.5,0,10,5,20,10,6,4,2,1,3,2,2
27702,27960,1,pv,1,0,1,20,20,15,2,2,1.5,20,10,6,7,2,12,10,5,5,15,5,4,3,1,20,20,30,11,19,2,7,2,5.5,0,10,5,20,10,6,4,2,1,3,2,2
27702,27965,1,pv,1,1,1,20,25,18,2,2,1.75,10,10,0,7,7,7,5,10,5,10,0,2,2,3,20,25,28,5,14,7,2,2,3.75,0,5,10,10,10,7,3,2,1,1,2,1
27702,27965,2,pt,0,1,1,20,25,18,2,2,1.75,10,10,0,7,7,7,5,10,5,10,0,2,2,3,20,25,28,5,14,7,2,2,3.75,0,5,10,10,10,7,3,2,1,1,2,1
27702,27968,1,pv,1,1,1,25,25,22,4,2,3.5,0,20,6,7,7,7,5,10,0,10,0,2,2,2,25,25,32,6,14,7,4,2,5.5,0,5,10,0,20,8,3,2,1,1,2,1
27702,27968,2,pt,0,1,1,25,25,22,4,2,3.5,0,20,6,7,7,7,5,10,0,10,0,2,2,2,25,25,32,6,14,7,4,2,5.5,0,5,10,0,20,8,3,2,1,1,2,1
27702,27970,2,pt,1,1,1,25,20,25,6,4,6.0,10,20,12,2,2,2,10,15,5,5,10,2,3,3,25,20,30,17,4,2,16,4,8.0,0,10,15,10,20,9,3,2,1,1,2,1
27702,27970,1,pv,1,0,1,25,20,25,6,4,6.0,10,20,12,2,2,2,10,15,5,5,10,2,3,3,25,20,30,17,4,2,16,4,8.0,0,10,15,10,20,9,3,2,1,1,2,1
27777,27986,3,pv_pt,1,1,1,30,25,23,6,4,4.5,0,10,6,7,2,12,5,5,10,15,0,0,2,1,30,25,38,16,19,2,6,4,4.5,0,5,5,0,10,1,2,1,2,4,2,2
27777,27986,1,pv,1,1,0,30,25,23,6,4,4.5,0,10,6,7,2,12,5,5,10,15,0,0,2,1,30,25,38,16,19,2,6,4,4.5,0,5,5,0,10,1,2,1,2,4,2,2
27777,27987,1,pv,1,1,1,30,30,30,4,0,4.0,20,20,0,12,12,2,10,10,5,5,10,4,2,1,30,30,35,5,14,12,14,0,8.0,0,10,10,20,20,2,2,1,2,4,2,2
27777,27987,3,pv_pt,0,1,1,30,30,30,4,0,4.0,20,20,0,12,12,2,10,10,5,5,10,4,2,1,30,30,35,5,14,12,14,0,8.0,0,10,10,20,20,2,2,1,2,4,2,2
27777,27988,3,pv_pt,1,1,1,30,20,30,2,0,2.0,0,10,12,12,7,12,5,10,0,15,10,0,3,3,30,20,45,12,24,7,12,0,2.0,0,5,10,0,10,3,2,1,2,4,2,2
27777,27988,1,pv,1,1,0,30,20,30,2,0,2.0,0,10,12,12,7,12,5,10,0,15,10,0,3,3,30,20,45,12,24,7,12,0,2.0,0,5,10,0,10,3,2,1,2,4,2,2
27777,27990,1,pv,1,1,1,20,25,18,2,0,1.75,0,0,12,2,7,12,0,15,5,5,5,4,2,1,20,25,23,17,14,7,7,0,5.75,0,0,15,0,0,4,4,2,2,2,2,1
27777,27990,3,pv_pt,0,1,1,20,25,18,2,0,1.75,0,0,12,2,7,12,0,15,5,5,5,4,2,1,20,25,23,17,14,7,7,0,5.75,0,0,15,0,0,4,4,2,2,2,2,1
27777,27991,1,pv,1,1,1,20,25,18,2,2,1.75,10,10,0,7,7,7,5,10,5,10,0,2,2,3,20,25,28,5,14,7,2,2,3.75,0,5,10,10,10,5,4,2,2,2,2,1
27777,27991,2,pt,0,1,1,20,25,18,2,2,1.75,10,10,0,7,7,7,5,10,5,10,0,2,2,3,20,25,28,5,14,7,2,2,3.75,0,5,10,10,10,5,4,2,2,2,2,1
27777,27992,2,pt,1,1,1,20,25,18,4,4,1.75,0,10,0,7,7,7,5,10,0,10,0,2,1,1,20,25,28,0,14,7,4,4,3.75,0,5,10,0,10,6,4,2,2,2,2,1
27777,27992,3,pv_pt,1,0,1,20,25,18,4,4,1.75,0,10,0,7,7,7,5,10,0,10,0,2,1,1,20,25,28,0,14,7,4,4,3.75,0,5,10,0,10,6,4,2,2,2,2,1
27777,27994,2,pt,1,1,1,25,30,25,4,4,4.0,20,0,12,12,12,12,0,15,10,10,5,4,3,2,25,30,35,22,24,12,9,4,8.0,0,0,15,20,0,7,1,1,1,2,2,1
27777,27994,3,pv_pt,1,0,1,25,30,25,4,4,4.0,20,0,12,12,12,12,0,15,10,10,5,4,3,2,25,30,35,22,24,12,9,4,8.0,0,0,15,20,0,7,1,1,1,2,2,1
27777,27997,1,pv,1,1,1,20,30,15,6,2,4.5,0,20,0,2,12,7,0,5,0,5,10,2,3,3,20,30,20,0,9,12,16,2,6.5,0,0,5,0,20,8,1,1,1,2,2,1
27777,27997,3,pv_pt,0,1,1,20,30,15,6,2,4.5,0,20,0,2,12,7,0,5,0,5,10,2,3,3,20,30,20,0,9,12,16,2,6.5,0,0,5,0,20,8,1,1,1,2,2,1
27777,27999,3,pv_pt,1,1,1,30,25,23,2,4,1.5,10,10,0,12,2,7,5,5,5,5,5,4,2,3,30,25,28,5,19,2,7,4,5.5,0,5,5,10,10,9,1,1,1,2,2,1
27777,27999,1,pv,1,1,0,30,25,23,2,4,1.5,10,10,0,12,2,7,5,5,5,5,5,4,2,3,30,25,28,5,19,2,7,4,5.5,0,5,5,10,10,9,1,1,1,2,2,1
27790,28052,1,pv,1,1,1,30,25,23,6,2,4.5,0,10,6,12,2,7,10,15,5,10,5,4,2,2,30,25,33,11,19,2,11,2,8.5,0,10,15,0,10,1,3,1,1,3,1,2
27790,28052,2,pt,0,1,1,30,25,23,6,2,4.5,0,10,6,12,2,7,10,15,5,10,5,4,2,2,30,25,33,11,19,2,11,2,8.5,0,10,15,0,10,1,3,1,1,3,1,2
27790,28055,2,pt,1,1,1,30,30,26,2,4,1.75,0,20,12,2,12,7,0,5,10,15,10,4,1,2,30,30,41,22,9,12,12,4,5.75,0,0,5,0,20,2,3,1,1,3,1,2
27790,28055,1,pv,1,0,1,30,30,26,2,4,1.75,0,20,12,2,12,7,0,5,10,15,10,4,1,2,30,30,41,22,9,12,12,4,5.75,0,0,5,0,20,2,3,1,1,3,1,2
27790,28057,1,pv,1,1,1,25,30,25,4,4,4.0,10,10,6,7,7,7,5,10,5,10,0,2,1,3,25,30,35,11,14,7,4,4,6.0,0,5,10,10,10,3,3,1,1,3,1,2
27790,28057,2,pt,0,1,1,25,30,25,4,4,4.0,10,10,6,7,7,7,5,10,5,10,0,2,1,3,25,30,35,11,14,7,4,4,6.0,0,5,10,10,10,3,3,1,1,3,1,2
27790,28062,1,pv,1,1,1,25,25,22,4,2,3.5,0,20,6,7,7,7,5,10,0,10,0,2,2,2,25,25,32,6,14,7,4,2,5.5,0,5,10,0,20,4,2,1,1,1,2,2
27790,28062,3,pv_pt,0,1,1,25,25,22,4,2,3.5,0,20,6,7,7,7,5,10,0,10,0,2,2,2,25,25,32,6,14,7,4,2,5.5,0,5,10,0,20,4,2,1,1,1,2,2
27790,28066,1,pv,1,1,1,20,25,18,4,4,1.75,0,10,0,7,7,7,5,10,0,10,0,2,1,1,20,25,28,0,14,7,4,4,3.75,0,5,10,0,10,5,2,1,1,1,2,2
27790,28066,2,pt,0,1,1,20,25,18,4,4,1.75,0,10,0,7,7,7,5,10,0,10,0,2,1,1,20,25,28,0,14,7,4,4,3.75,0,5,10,0,10,5,2,1,1,1,2,2
27790,28068,2,pt,1,1,1,20,30,20,6,0,6.0,10,0,0,2,12,12,10,10,10,10,10,0,1,2,20,30,30,10,14,12,16,0,6.0,0,10,10,10,0,6,2,1,1,1,2,2
27790,28068,1,pv,1,0,1,20,30,20,6,0,6.0,10,0,0,2,12,12,10,10,10,10,10,0,1,2,20,30,30,10,14,12,16,0,6.0,0,10,10,10,0,6,2,1,1,1,2,2
27790,28076,1,pv,1,1,1,30,20,23,6,2,4.5,20,0,12,2,12,12,10,5,0,10,0,2,1,3,30,20,33,12,14,12,6,2,6.5,0,10,5,20,0,7,2,2,2,2,1,2
27790,28076,2,pt,0,1,1,30,20,23,6,2,4.5,20,0,12,2,12,12,10,5,0,10,0,2,1,3,30,20,33,12,14,12,6,2,6.5,0,10,5,20,0,7,2,2,2,2,1,2
27790,28078,1,pv,1,1,1,20,25,15,4,2,3.0,20,20,6,7,2,12,5,15,0,5,5,0,2,2,20,25,20,6,19,2,9,2,3.0,0,5,15,20,20,8,2,2,2,2,1,2
27790,28078,3,pv_pt,0,1,1,20,25,15,4,2,3.0,20,20,6,7,2,12,5,15,0,5,5,0,2,2,20,25,20,6,19,2,9,2,3.0,0,5,15,20,20,8,2,2,2,2,1,2
27790,28080,1,pv,1,1,1,25,30,25,4,4,4.0,20,0,12,12,12,12,0,15,10,10,5,4,3,2,25,30,35,22,24,12,9,4,8.0,0,0,15,20,0,9,2,2,2,2,1,2
27790,28080,3,pv_pt,0,1,1,25,30,25,4,4,4.0,20,0,12,12,12,12,0,15,10,10,5,4,3,2,25,30,35,22,24,12,9,4,8.0,0,0,15,20,0,9,2,2,2,2,1,2
27832,27926,1,pv,1,1,1,25,20,25,6,4,6.0,20,0,6,2,7,2,0,5,0,15,10,2,2,2,25,20,40,6,4,7,16,4,8.0,0,0,5,20,0,1,3,2,2,1,2,2
27832,27926,2,pt,0,1,1,25,20,25,6,4,6.0,20,0,6,2,7,2,0,5,0,15,10,2,2,2,25,20,40,6,4,7,16,4,8.0,0,0,5,20,0,1,3,2,2,1,2,2
27832,27929,1,pv,1,1,1,20,25,18,2,2,1.75,10,10,0,7,7,7,5,10,5,10,0,2,2,3,20,25,28,5,14,7,2,2,3.75,0,5,10,10,10,2,3,2,2,1,2,2
27832,27929,2,pt,0,1,1,20,25,18,2,2,1.75,10,10,0,7,7,7,5,10,5,10,0,2,2,3,20,25,28,5,14,7,2,2,3.75,0,5,10,10,10,2,3,2,2,1,2,2
27832,27931,1,pv,1,1,1,30,25,23,6,2,4.5,0,10,6,12,2,7,10,15,5,10,5,4,2,2,30,25,33,11,19,2,11,2,8.5,0,10,15,0,10,3,3,2,2,1,2,2
27832,27931,3,pv_pt,0,1,1,30,25,23,6,2,4.5,0,10,6,12,2,7,10,15,5,10,5,4,2,2,30,25,33,11,19,2,11,2,8.5,0,10,15,0,10,3,3,2,2,1,2,2
27832,27938,1,pv,1,1,1,20,25,18,4,4,1.75,0,10,0,7,7,7,5,10,0,10,0,2,1,1,20,25,28,0,14,7,4,4,3.75,0,5,10,0,10,4,3,1,2,2,1,1
27832,27938,2,pt,0,1,1,20,25,18,4,4,1.75,0,10,0,7,7,7,5,10,0,10,0,2,1,1,20,25,28,0,14,7,4,4,3.75,0,5,10,0,10,4,3,1,2,2,1,1
27832,27941,1,pv,1,1,1,25,25,22,2,4,1.75,10,0,6,12,12,2,10,15,10,15,10,0,1,3,25,25,37,16,14,12,12,4,1.75,0,10,15,10,0,5,3,1,2,2,1,1
27832,27941,2,pt,0,1,1,25,25,22,2,4,1.75,10,0,6,12,12,2,10,15,10,15,10,0,1,3,25,25,37,16,14,12,12,4,1.75,0,10,15,10,0,5,3,1,2,2,1,1
27832,27945,1,pv,1,1,1,20,30,18,6,0,5.25,10,0,12,12,7,2,0,10,0,15,5,4,1,1,20,30,33,12,14,7,11,0,9.25,0,0,10,10,0,6,3,1,2,2,1,1
27832,27945,2,pt,0,1,1,20,30,18,6,0,5.25,10,0,12,12,7,2,0,10,0,15,5,4,1,1,20,30,33,12,14,7,11,0,9.25,0,0,10,10,0,6,3,1,2,2,1,1
27832,27954,1,pv,1,1,1,25,20,25,6,0,6.0,20,20,0,12,2,12,0,15,10,15,5,4,1,3,25,20,40,10,24,2,11,0,10.0,0,0,15,20,20,7,4,1,1,2,2,2
27832,27954,2,pt,0,1,1,25,20,25,6,0,6.0,20,20,0,12,2,12,0,15,10,15,5,4,1,3,25,20,40,10,24,2,11,0,10.0,0,0,15,20,20,7,4,1,1,2,2,2
27832,27958,1,pv,1,1,1,30,30,26,2,4,1.75,0,20,12,2,12,7,0,5,10,15,10,4,1,2,30,30,41,22,9,12,12,4,5.75,0,0,5,0,20,8,4,1,1,2,2,2
27832,27958,2,pt,0,1,1,30,30,26,2,4,1.75,0,20,12,2,12,7,0,5,10,15,10,4,1,2,30,30,41,22,9,12,12,4,5.75,0,0,5,0,20,8,4,1,1,2,2,2
27832,27962,1,pv,1,1,1,25,25,22,4,2,3.5,0,20,6,7,7,7,5,10,0,10,0,2,2,2,25,25,32,6,14,7,4,2,5.5,0,5,10,0,20,9,4,1,1,2,2,2
27832,27962,2,pt,0,1,1,25,25,22,4,2,3.5,0,20,6,7,7,7,5,10,0,10,0,2,2,2,25,25,32,6,14,7,4,2,5.5,0,5,10,0,20,9,4,1,1,2,2,2
27833,28444,1,pv,1,1,1,30,25,23,2,4,1.5,10,10,0,12,2,7,5,5,5,5,5,4,2,3,30,25,28,5,19,2,7,4,5.5,0,5,5,10,10,1,3,1,2,2,1,1
27833,28444,3,pv_pt,0,1,1,30,25,23,2,4,1.5,10,10,0,12,2,7,5,5,5,5,5,4,2,3,30,25,28,5,19,2,7,4,5.5,0,5,5,10,10,1,3,1,2,2,1,1
27833,28445,1,pv,1,1,1,30,30,26,2,4,1.75,0,20,12,2,12,7,0,5,10,15,10,4,1,2,30,30,41,22,9,12,12,4,5.75,0,0,5,0,20,2,3,1,2,2,1,1
27833,28445,2,pt,0,1,1,30,30,26,2,4,1.75,0,20,12,2,12,7,0,5,10,15,10,4,1,2,30,30,41,22,9,12,12,4,5.75,0,0,5,0,20,2,3,1,2,2,1,1
27833,28446,1,pv,1,1,1,20,25,18,2,0,1.75,0,0,12,2,7,12,0,15,5,5,5,4,2,1,20,25,23,17,14,7,7,0,5.75,0,0,15,0,0,3,3,1,2,2,1,1
27833,28446,2,pt,0,1,1,20,25,18,2,0,1.75,0,0,12,2,7,12,0,15,5,5,5,4,2,1,20,25,23,17,14,7,7,0,5.75,0,0,15,0,0,3,3,1,2,2,1,1
27833,28448,1,pv,1,1,1,30,30,30,4,0,4.0,20,20,0,12,12,2,10,10,5,5,10,4,2,1,30,30,35,5,14,12,14,0,8.0,0,10,10,20,20,4,3,1,1,3,1,2
27833,28448,2,pt,0,1,1,30,30,30,4,0,4.0,20,20,0,12,12,2,10,10,5,5,10,4,2,1,30,30,35,5,14,12,14,0,8.0,0,10,10,20,20,4,3,1,1,3,1,2
27833,28449,1,pv,1,1,1,25,25,22,2,2,1.75,20,20,6,7,2,7,5,5,5,5,0,0,3,2,25,25,27,11,14,2,2,2,1.75,0,5,5,20,20,5,3,1,1,3,1,2
27833,28449,3,pv_pt,0,1,1,25,25,22,2,2,1.75,20,20,6,7,2,7,5,5,5,5,0,0,3,2,25,25,27,11,14,2,2,2,1.75,0,5,5,20,20,5,3,1,1,3,1,2
27833,28450,3,pv_pt,1,1,1,30,20,30,2,0,2.0,0,10,12,12,7,12,5,10,0,15,10,0,3,3,30,20,45,12,24,7,12,0,2.0,0,5,10,0,10,6,3,1,1,3,1,2
27833,28450,2,pt,1,1,0,30,20,30,2,0,2.0,0,10,12,12,7,12,5,10,0,15,10,0,3,3,30,20,45,12,24,7,12,0,2.0,0,5,10,0,10,6,3,1,1,3,1,2
27833,28452,1,pv,1,1,1,20,25,18,2,2,1.75,10,10,0,7,7,7,5,10,5,10,0,2,2,3,20,25,28,5,14,7,2,2,3.75,0,5,10,10,10,7,3,2,2,1,2,2
27833,28452,3,pv_pt,0,1,1,20,25,18,2,2,1.75,10,10,0,7,7,7,5,10,5,10,0,2,2,3,20,25,28,5,14,7,2,2,3.75,0,5,10,10,10,7,3,2,2,1,2,2
27833,28453,1,pv,1,1,1,30,20,23,6,2,4.5,20,0,12,2,12,12,10,5,0,10,0,2,1,3,30,20,33,12,14,12,6,2,6.5,0,10,5,20,0,8,3,2,2,1,2,2
27833,28453,2,pt,0,1,1,30,20,23,6,2,4.5,20,0,12,2,12,12,10,5,0,10,0,2,1,3,30,20,33,12,14,12,6,2,6.5,0,10,5,20,0,8,3,2,2,1,2,2
27833,28454,2,pt,1,1,1,30,30,26,2,0,1.75,10,0,0,2,7,2,10,15,0,15,10,0,3,1,30,30,41,0,4,7,12,0,1.75,0,10,15,10,0,9,3,2,2,1,2,2
27833,28454,1,pv,1,0,1,30,30,26,2,0,1.75,10,0,0,2,7,2,10,15,0,15,10,0,3,1,30,30,41,0,4,7,12,0,1.75,0,10,15,10,0,9,3,2,2,1,2,2
27873,28035,1,pv,1,1,1,20,30,20,6,0,6.0,10,0,0,2,12,12,10,10,10,10,10,0,1,2,20,30,30,10,14,12,16,0,6.0,0,10,10,10,0,1,4,1,2,1,1,1
27873,28035,2,pt,0,1,1,20,30,20,6,0,6.0,10,0,0,2,12,12,10,10,10,10,10,0,1,2,20,30,30,10,14,12,16,0,6.0,0,10,10,10,0,1,4,1,2,1,1,1
27873,28036,1,pv,1,1,1,30,25,23,2,4,1.5,10,10,0,12,2,7,5,5,5,5,5,4,2,3,30,25,28,5,19,2,7,4,5.5,0,5,5,10,10,2,4,1,2,1,1,1
27873,28036,3,pv_pt,0,1,1,30,25,23,2,4,1.5,10,10,0,12,2,7,5,5,5,5,5,4,2,3,30,25,28,5,19,2,7,4,5.5,0,5,5,10,10,2,4,1,2,1,1,1
27873,28037,2,pt,1,1,1,20,30,18,6,0,5.25,10,0,12,12,7,2,0,10,0,15,5,4,1,1,20,30,33,12,14,7,11,0,9.25,0,0,10,10,0,3,4,1,2,1,1,1
27873,28037,1,pv,1,0,1,20,30,18,6,0,5.25,10,0,12,12,7,2,0,10,0,15,5,4,1,1,20,30,33,12,14,7,11,0,9.25,0,0,10,10,0,3,4,1,2,1,1,1
27873,28039,2,pt,1,1,1,30,30,26,2,4,1.75,0,20,12,2,12,7,0,5,10,15,10,4,1,2,30,30,41,22,9,12,12,4,5.75,0,0,5,0,20,4,1,1,1,2,2,1
27873,28039,1,pv,1,0,1,30,30,26,2,4,1.75,0,20,12,2,12,7,0,5,10,15,10,4,1,2,30,30,41,22,9,12,12,4,5.75,0,0,5,0,20,4,1,1,1,2,2,1
27873,28040,1,pv,1,1,1,30,30,30,4,0,4.0,20,20,0,12,12,2,10,10,5,5,10,4,2,1,30,30,35,5,14,12,14,0,8.0,0,10,10,20,20,5,1,1,1,2,2,1
27873,28040,2,pt,0,1,1,30,30,30,4,0,4.0,20,20,0,12,12,2,10,10,5,5,10,4,2,1,30,30,35,5,14,12,14,0,8.0,0,10,10,20,20,5,1,1,1,2,2,1
27873,28041,3,pv_pt,1,1,1,20,25,15,4,2,3.0,20,20,6,7,2,12,5,15,0,5,5,0,2,2,20,25,20,6,19,2,9,2,3.0,0,5,15,20,20,6,1,1,1,2,2,1
27873,28041,1,pv,1,1,0,20,25,15,4,2,3.0,20,20,6,7,2,12,5,15,0,5,5,0,2,2,20,25,20,6,19,2,9,2,3.0,0,5,15,20,20,6,1,1,1,2,2,1
27873,28043,1,pv,1,1,1,20,25,18,2,0,1.75,0,0,12,2,7,12,0,15,5,5,5,4,2,1,20,25,23,17,14,7,7,0,5.75,0,0,15,0,0,7,2,1,1,3,1,1
27873,28043,2,pt,0,1,1,20,25,18,2,0,1.75,0,0,12,2,7,12,0,15,5,5,5,4,2,1,20,25,23,17,14,7,7,0,5.75,0,0,15,0,0,7,2,1,1,3,1,1
27873,28044,2,pt,1,1,1,25,30,25,4,4,4.0,20,0,12,12,12,12,0,15,10,10,5,4,3,2,25,30,35,22,24,12,9,4,8.0,0,0,15,20,0,8,2,1,1,3,1,1
27873,28044,1,pv,1,0,1,25,30,25,4,4,4.0,20,0,12,12,12,12,0,15,10,10,5,4,3,2,25,30,35,22,24,12,9,4,8.0,0,0,15,20,0,8,2,1,1,3,1,1
27873,28045,3,pv_pt,1,1,1,25,20,25,6,4,6.0,10,20,12,2,2,2,10,15,5,5,10,2,3,3,25,20,30,17,4,2,16,4,8.0,0,10,15,10,20,9,2,1,1,3,1,1
27873,28045,2,pt,1,1,0,25,20,25,6,4,6.0,10,20,12,2,2,2,10,15,5,5,10,2,3,3,25,20,30,17,4,2,16,4,8.0,0,10,15,10,20,9,2,1,1,3,1,1
27874,28099,2,pt,1,1,1,30,30,26,2,4,1.75,0,20,12,2,12,7,0,5,10,15,10,4,1,2,30,30,41,22,9,12,12,4,5.75,0,0,5,0,20,1,3,2,1,4,2,2
27874,28099,3,pv_pt,1,0,1,30,30,26,2,4,1.75,0,20,12,2,12,7,0,5,10,15,10,4,1,2,30,30,41,22,9,12,12,4,5.75,0,0,5,0,20,1,3,2,1,4,2,2
27874,28100,3,pv_pt,1,1,1,20,20,15,2,2,1.5,20,10,6,7,2,12,10,5,5,15,5,4,3,1,20,20,30,11,19,2,7,2,5.5,0,10,5,20,10,2,3,2,1,4,2,2
27874,28100,1,pv,1,1,0,20,20,15,2,2,1.5,20,10,6,7,2,12,10,5,5,15,5,4,3,1,20,20,30,11,19,2,7,2,5.5,0,10,5,20,10,2,3,2,1,4,2,2
27874,28101,3,pv_pt,1,1,1,20,30,20,4,2,4.0,0,10,12,12,2,2,10,5,10,5,5,0,3,1,20,30,25,22,14,2,9,2,4.0,0,10,5,0,10,3,3,2,1,4,2,2
27874,28101,2,pt,1,1,0,20,30,20,4,2,4.0,0,10,12,12,2,2,10,5,10,5,5,0,3,1,20,30,25,22,14,2,9,2,4.0,0,10,5,0,10,3,3,2,1,4,2,2
27874,28103,3,pv_pt,1,1,1,25,25,22,2,4,1.75,10,0,6,12,12,2,10,15,10,15,10,0,1,3,25,25,37,16,14,12,12,4,1.75,0,10,15,10,0,4,3,2,2,3,1,1
27874,28103,2,pt,1,1,0,25,25,22,2,4,1.75,10,0,6,12,12,2,10,15,10,15,10,0,1,3,25,25,37,16,14,12,12,4,1.75,0,10,15,10,0,4,3,2,2,3,1,1
27874,28104,1,pv,1,1,1,20,25,18,2,2,1.75,10,10,0,7,7,7,5,10,5,10,0,2,2,3,20,25,28,5,14,7,2,2,3.75,0,5,10,10,10,5,3,2,2,3,1,1
27874,28104,2,pt,0,1,1,20,25,18,2,2,1.75,10,10,0,7,7,7,5,10,5,10,0,2,2,3,20,25,28,5,14,7,2,2,3.75,0,5,10,10,10,5,3,2,2,3,1,1
27874,28105,3,pv_pt,1,1,1,30,25,23,6,4,4.5,0,10,6,7,2,12,5,5,10,15,0,0,2,1,30,25,38,16,19,2,6,4,4.5,0,5,5,0,10,6,3,2,2,3,1,1
27874,28105,1,pv,1,1,0,30,25,23,6,4,4.5,0,10,6,7,2,12,5,5,10,15,0,0,2,1,30,25,38,16,19,2,6,4,4.5,0,5,5,0,10,6,3,2,2,3,1,1
27874,28108,2,pt,1,1,1,20,30,20,6,0,6.0,10,0,0,2,12,12,10,10,10,10,10,0,1,2,20,30,30,10,14,12,16,0,6.0,0,10,10,10,0,7,1,2,1,4,1,2
27874,28108,3,pv_pt,1,0,1,20,30,20,6,0,6.0,10,0,0,2,12,12,10,10,10,10,10,0,1,2,20,30,30,10,14,12,16,0,6.0,0,10,10,10,0,7,1,2,1,4,1,2
27874,28109,2,pt,1,1,1,30,20,23,4,0,3.0,20,20,12,2,12,2,0,15,10,5,0,0,1,1,30,20,28,22,4,12,4,0,3.0,0,0,15,20,20,8,1,2,1,4,1,2
27874,28109,1,pv,1,0,1,30,20,23,4,0,3.0,20,20,12,2,12,2,0,15,10,5,0,0,1,1,30,20,28,22,4,12,4,0,3.0,0,0,15,20,20,8,1,2,1,4,1,2
27874,28111,2,pt,1,1,1,25,20,22,4,0,3.5,10,0,0,7,12,2,0,10,10,10,0,2,3,2,25,20,32,10,9,12,4,0,5.5,0,0,10,10,0,9,1,2,1,4,1,2
27874,28111,1,pv,1,0,1,25,20,22,4,0,3.5,10,0,0,7,12,2,0,10,10,10,0,2,3,2,25,20,32,10,9,12,4,0,5.5,0,0,10,10,0,9,1,2,1,4,1,2
28009,28153,1,pv,1,1,1,30,25,23,2,4,1.5,10,10,0,12,2,7,5,5,5,5,5,4,2,3,30,25,28,5,19,2,7,4,5.5,0,5,5,10,10,1,4,2,1,1,1,2
28009,28153,3,pv_pt,0,1,1,30,25,23,2,4,1.5,10,10,0,12,2,7,5,5,5,5,5,4,2,3,30,25,28,5,19,2,7,4,5.5,0,5,5,10,10,1,4,2,1,1,1,2
28009,28154,1,pv,1,1,1,25,20,22,4,0,3.5,10,0,0,7,12,2,0,10,10,10,0,2,3,2,25,20,32,10,9,12,4,0,5.5,0,0,10,10,0,2,4,2,1,1,1,2
28009,28154,2,pt,0,1,1,25,20,22,4,0,3.5,10,0,0,7,12,2,0,10,10,10,0,2,3,2,25,20,32,10,9,12,4,0,5.5,0,0,10,10,0,2,4,2,1,1,1,2
28009,28155,1,pv,1,1,1,20,25,18,4,4,1.75,0,10,0,7,7,7,5,10,0,10,0,2,1,1,20,25,28,0,14,7,4,4,3.75,0,5,10,0,10,3,4,2,1,1,1,2
28009,28155,2,pt,0,1,1,20,25,18,4,4,1.75,0,10,0,7,7,7,5,10,0,10,0,2,1,1,20,25,28,0,14,7,4,4,3.75,0,5,10,0,10,3,4,2,1,1,1,2
28009,28157,1,pv,1,1,1,30,20,30,2,0,2.0,0,10,12,12,7,12,5,10,0,15,10,0,3,3,30,20,45,12,24,7,12,0,2.0,0,5,10,0,10,4,4,1,2,1,1,1
28009,28157,2,pt,0,1,1,30,20,30,2,0,2.0,0,10,12,12,7,12,5,10,0,15,10,0,3,3,30,20,45,12,24,7,12,0,2.0,0,5,10,0,10,4,4,1,2,1,1,1
28009,28158,1,pv,1,1,1,30,25,23,6,4,4.5,0,10,6,7,2,12,5,5,10,15,0,0,2,1,30,25,38,16,19,2,6,4,4.5,0,5,5,0,10,5,4,1,2,1,1,1
28009,28158,3,pv_pt,0,1,1,30,25,23,6,4,4.5,0,10,6,7,2,12,5,5,10,15,0,0,2,1,30,25,38,16,19,2,6,4,4.5,0,5,5,0,10,5,4,1,2,1,1,1
28009,28159,1,pv,1,1,1,20,30,15,6,2,4.5,0,20,0,2,12,7,0,5,0,5,10,2,3,3,20,30,20,0,9,12,16,2,6.5,0,0,5,0,20,6,4,1,2,1,1,1
28009,28159,3,pv_pt,0,1,1,20,30,15,6,2,4.5,0,20,0,2,12,7,0,5,0,5,10,2,3,3,20,30,20,0,9,12,16,2,6.5,0,0,5,0,20,6,4,1,2,1,1,1
28009,28161,1,pv,1,1,1,20,30,20,4,2,4.0,0,10,12,12,2,2,10,5,10,5,5,0,3,1,20,30,25,22,14,2,9,2,4.0,0,10,5,0,10,7,2,1,1,3,1,1
28009,28161,3,pv_pt,0,1,1,20,30,20,4,2,4.0,0,10,12,12,2,2,10,5,10,5,5,0,3,1,20,30,25,22,14,2,9,2,4.0,0,10,5,0,10,7,2,1,1,3,1,1
28009,28162,1,pv,1,1,1,20,25,18,2,2,1.75,10,10,0,7,7,7,5,10,5,10,0,2,2,3,20,25,28,5,14,7,2,2,3.75,0,5,10,10,10,8,2,1,1,3,1,1
28009,28162,2,pt,0,1,1,20,25,18,2,2,1.75,10,10,0,7,7,7,5,10,5,10,0,2,2,3,20,25,28,5,14,7,2,2,3.75,0,5,10,10,10,8,2,1,1,3,1,1
28009,28163,1,pv,1,1,1,25,25,22,2,4,1.75,10,0,6,12,12,2,10,15,10,15,10,0,1,3,25,25,37,16,14,12,12,4,1.75,0,10,15,10,0,9,2,1,1,3,1,1
28009,28163,2,pt,0,1,1,25,25,22,2,4,1.75,10,0,6,12,12,2,10,15,10,15,10,0,1,3,25,25,37,16,14,12,12,4,1.75,0,10,15,10,0,9,2,1,1,3,1,1
28074,28201,1,pv,1,1,1,30,25,23,6,4,4.5,0,10,6,7,2,12,5,5,10,15,0,0,2,1,30,25,38,16,19,2,6,4,4.5,0,5,5,0,10,1,1,1,2,1,1,2
28074,28201,3,pv_pt,0,1,1,30,25,23,6,4,4.5,0,10,6,7,2,12,5,5,10,15,0,0,2,1,30,25,38,16,19,2,6,4,4.5,0,5,5,0,10,1,1,1,2,1,1,2
28074,28202,1,pv,1,1,1,20,30,20,6,0,6.0,10,0,0,2,12,12,10,10,10,10,10,0,1,2,20,30,30,10,14,12,16,0,6.0,0,10,10,10,0,2,1,1,2,1,1,2
28074,28202,2,pt,0,1,1,20,30,20,6,0,6.0,10,0,0,2,12,12,10,10,10,10,10,0,1,2,20,30,30,10,14,12,16,0,6.0,0,10,10,10,0,2,1,1,2,1,1,2
28074,28203,1,pv,1,1,1,20,25,15,4,2,3.0,20,20,6,7,2,12,5,15,0,5,5,0,2,2,20,25,20,6,19,2,9,2,3.0,0,5,15,20,20,3,1,1,2,1,1,2
28074,28203,2,pt,0,1,1,20,25,15,4,2,3.0,20,20,6,7,2,12,5,15,0,5,5,0,2,2,20,25,20,6,19,2,9,2,3.0,0,5,15,20,20,3,1,1,2,1,1,2
28074,28205,1,pv,1,1,1,20,25,18,2,2,1.75,10,10,0,7,7,7,5,10,5,10,0,2,2,3,20,25,28,5,14,7,2,2,3.75,0,5,10,10,10,4,3,2,1,1,2,1
28074,28205,2,pt,0,1,1,20,25,18,2,2,1.75,10,10,0,7,7,7,5,10,5,10,0,2,2,3,20,25,28,5,14,7,2,2,3.75,0,5,10,10,10,4,3,2,1,1,2,1
28074,28206,1,pv,1,1,1,30,30,30,4,0,4.0,20,20,0,12,12,2,10,10,5,5,10,4,2,1,30,30,35,5,14,12,14,0,8.0,0,10,10,20,20,5,3,2,1,1,2,1
28074,28206,2,pt,0,1,1,30,30,30,4,0,4.0,20,20,0,12,12,2,10,10,5,5,10,4,2,1,30,30,35,5,14,12,14,0,8.0,0,10,10,20,20,5,3,2,1,1,2,1
28074,28207,2,pt,1,1,1,25,20,25,6,4,6.0,10,20,12,2,2,2,10,15,5,5,10,2,3,3,25,20,30,17,4,2,16,4,8.0,0,10,15,10,20,6,3,2,1,1,2,1
28074,28207,3,pv_pt,1,0,1,25,20,25,6,4,6.0,10,20,12,2,2,2,10,15,5,5,10,2,3,3,25,20,30,17,4,2,16,4,8.0,0,10,15,10,20,6,3,2,1,1,2,1
28074,28209,1,pv,1,1,1,25,20,22,4,0,3.5,10,0,0,7,12,2,0,10,10,10,0,2,3,2,25,20,32,10,9,12,4,0,5.5,0,0,10,10,0,7,3,1,2,2,1,1
28074,28209,2,pt,0,1,1,25,20,22,4,0,3.5,10,0,0,7,12,2,0,10,10,10,0,2,3,2,25,20,32,10,9,12,4,0,5.5,0,0,10,10,0,7,3,1,2,2,1,1
28074,28210,1,pv,1,1,1,20,30,15,6,2,4.5,0,20,0,2,12,7,0,5,0,5,10,2,3,3,20,30,20,0,9,12,16,2,6.5,0,0,5,0,20,8,3,1,2,2,1,1
28074,28210,2,pt,0,1,1,20,30,15,6,2,4.5,0,20,0,2,12,7,0,5,0,5,10,2,3,3,20,30,20,0,9,12,16,2,6.5,0,0,5,0,20,8,3,1,2,2,1,1
28074,28211,1,pv,1,1,1,25,20,25,6,4,6.0,20,0,6,2,7,2,0,5,0,15,10,2,2,2,25,20,40,6,4,7,16,4,8.0,0,0,5,20,0,9,3,1,2,2,1,1
28074,28211,2,pt,0,1,1,25,20,25,6,4,6.0,20,0,6,2,7,2,0,5,0,15,10,2,2,2,25,20,40,6,4,7,16,4,8.0,0,0,5,20,0,9,3,1,2,2,1,1
28084,28129,2,pt,1,1,1,20,30,18,6,0,5.25,10,0,12,12,7,2,0,10,0,15,5,4,1,1,20,30,33,12,14,7,11,0,9.25,0,0,10,10,0,1,4,2,1,3,2,2
28084,28129,1,pv,1,0,1,20,30,18,6,0,5.25,10,0,12,12,7,2,0,10,0,15,5,4,1,1,20,30,33,12,14,7,11,0,9.25,0,0,10,10,0,1,4,2,1,3,2,2
28084,28130,2,pt,1,1,1,20,25,18,2,0,1.75,0,0,12,2,7,12,0,15,5,5,5,4,2,1,20,25,23,17,14,7,7,0,5.75,0,0,15,0,0,2,4,2,1,3,2,2
28084,28130,3,pv_pt,1,0,1,20,25,18,2,0,1.75,0,0,12,2,7,12,0,15,5,5,5,4,2,1,20,25,23,17,14,7,7,0,5.75,0,0,15,0,0,2,4,2,1,3,2,2
28084,28131,2,pt,1,1,1,25,20,25,6,4,6.0,10,20,12,2,2,2,10,15,5,5,10,2,3,3,25,20,30,17,4,2,16,4,8.0,0,10,15,10,20,3,4,2,1,3,2,2
28084,28131,3,pv_pt,1,0,1,25,20,25,6,4,6.0,10,20,12,2,2,2,10,15,5,5,10,2,3,3,25,20,30,17,4,2,16,4,8.0,0,10,15,10,20,3,4,2,1,3,2,2
28084,28133,1,pv,1,1,1,30,30,26,2,4,1.75,0,20,12,2,12,7,0,5,10,15,10,4,1,2,30,30,41,22,9,12,12,4,5.75,0,0,5,0,20,4,3,1,1,3,1,2
28084,28133,3,pv_pt,0,1,1,30,30,26,2,4,1.75,0,20,12,2,12,7,0,5,10,15,10,4,1,2,30,30,41,22,9,12,12,4,5.75,0,0,5,0,20,4,3,1,1,3,1,2
28084,28134,2,pt,1,1,1,20,30,20,6,0,6.0,10,0,0,2,12,12,10,10,10,10,10,0,1,2,20,30,30,10,14,12,16,0,6.0,0,10,10,10,0,5,3,1,1,3,1,2
28084,28134,3,pv_pt,1,0,1,20,30,20,6,0,6.0,10,0,0,2,12,12,10,10,10,10,10,0,1,2,20,30,30,10,14,12,16,0,6.0,0,10,10,10,0,5,3,1,1,3,1,2
28084,28136,3,pv_pt,1,1,1,25,30,25,4,4,4.0,10,10,6,7,7,7,5,10,5,10,0,2,1,3,25,30,35,11,14,7,4,4,6.0,0,5,10,10,10,6,3,1,1,3,1,2
28084,28136,1,pv,1,1,0,25,30,25,4,4,4.0,10,10,6,7,7,7,5,10,5,10,0,2,1,3,25,30,35,11,14,7,4,4,6.0,0,5,10,10,10,6,3,1,1,3,1,2
28084,28139,2,pt,1,1,1,25,30,25,4,4,4.0,20,0,12,12,12,12,0,15,10,10,5,4,3,2,25,30,35,22,24,12,9,4,8.0,0,0,15,20,0,7,2,1,1,1,2,2
28084,28139,3,pv_pt,1,0,1,25,30,25,4,4,4.0,20,0,12,12,12,12,0,15,10,10,5,4,3,2,25,30,35,22,24,12,9,4,8.0,0,0,15,20,0,7,2,1,1,1,2,2
28084,28141,1,pv,1,1,1,25,20,25,6,0,6.0,20,20,0,12,2,12,0,15,10,15,5,4,1,3,25,20,40,10,24,2,11,0,10.0,0,0,15,20,20,8,2,1,1,1,2,2
28084,28141,3,pv_pt,0,1,1,25,20,25,6,0,6.0,20,20,0,12,2,12,0,15,10,15,5,4,1,3,25,20,40,10,24,2,11,0,10.0,0,0,15,20,20,8,2,1,1,1,2,2
28084,28143,3,pv_pt,1,1,1,25,25,22,2,2,1.75,20,20,6,7,2,7,5,5,5,5,0,0,3,2,25,25,27,11,14,2,2,2,1.75,0,5,5,20,20,9,2,1,1,1,2,2
28084,28143,1,pv,1,1,0,25,25,22,2,2,1.75,20,20,6,7,2,7,5,5,5,5,0,0,3,2,25,25,27,11,14,2,2,2,1.75,0,5,5,20,20,9,2,1,1,1,2,2
28085,28165,3,pv_pt,1,1,1,25,25,22,2,2,1.75,20,20,6,7,2,7,5,5,5,5,0,0,3,2,25,25,27,11,14,2,2,2,1.75,0,5,5,20,20,1,4,1,2,4,1,2
28085,28165,1,pv,1,1,0,25,25,22,2,2,1.75,20,20,6,7,2,7,5,5,5,5,0,0,3,2,25,25,27,11,14,2,2,2,1.75,0,5,5,20,20,1,4,1,2,4,1,2
28085,28166,3,pv_pt,1,1,1,30,25,23,2,4,1.5,10,10,0,12,2,7,5,5,5,5,5,4,2,3,30,25,28,5,19,2,7,4,5.5,0,5,5,10,10,2,4,1,2,4,1,2
28085,28166,2,pt,1,1,0,30,25,23,2,4,1.5,10,10,0,12,2,7,5,5,5,5,5,4,2,3,30,25,28,5,19,2,7,4,5.5,0,5,5,10,10,2,4,1,2,4,1,2
28085,28167,3,pv_pt,1,1,1,20,20,15,2,2,1.5,20,10,6,7,2,12,10,5,5,15,5,4,3,1,20,20,30,11,19,2,7,2,5.5,0,10,5,20,10,3,4,1,2,4,1,2
28085,28167,2,pt,1,1,0,20,20,15,2,2,1.5,20,10,6,7,2,12,10,5,5,15,5,4,3,1,20,20,30,11,19,2,7,2,5.5,0,10,5,20,10,3,4,1,2,4,1,2
28085,28169,2,pt,1,1,1,25,20,25,6,4,6.0,20,0,6,2,7,2,0,5,0,15,10,2,2,2,25,20,40,6,4,7,16,4,8.0,0,0,5,20,0,4,3,1,2,2,1,1
28085,28169,3,pv_pt,1,0,1,25,20,25,6,4,6.0,20,0,6,2,7,2,0,5,0,15,10,2,2,2,25,20,40,6,4,7,16,4,8.0,0,0,5,20,0,4,3,1,2,2,1,1
28085,28170,2,pt,1,1,1,30,30,26,2,0,1.75,10,0,0,2,7,2,10,15,0,15,10,0,3,1,30,30,41,0,4,7,12,0,1.75,0,10,15,10,0,5,3,1,2,2,1,1
28085,28170,3,pv_pt,1,0,1,30,30,26,2,0,1.75,10,0,0,2,7,2,10,15,0,15,10,0,3,1,30,30,41,0,4,7,12,0,1.75,0,10,15,10,0,5,3,1,2,2,1,1
28085,28171,3,pv_pt,1,1,1,30,30,30,4,0,4.0,20,20,0,12,12,2,10,10,5,5,10,4,2,1,30,30,35,5,14,12,14,0,8.0,0,10,10,20,20,6,3,1,2,2,1,1
28085,28171,2,pt,1,1,0,30,30,30,4,0,4.0,20,20,0,12,12,2,10,10,5,5,10,4,2,1,30,30,35,5,14,12,14,0,8.0,0,10,10,20,20,6,3,1,2,2,1,1
28085,28173,3,pv_pt,1,1,1,30,30,26,2,4,1.75,0,20,12,2,12,7,0,5,10,15,10,4,1,2,30,30,41,22,9,12,12,4,5.75,0,0,5,0,20,7,1,1,1,3,2,1
28085,28173,1,pv,1,1,0,30,30,26,2,4,1.75,0,20,12,2,12,7,0,5,10,15,10,4,1,2,30,30,41,22,9,12,12,4,5.75,0,0,5,0,20,7,1,1,1,3,2,1
28085,28174,1,pv,1,1,1,20,25,18,4,4,1.75,0,10,0,7,7,7,5,10,0,10,0,2,1,1,20,25,28,0,14,7,4,4,3.75,0,5,10,0,10,8,1,1,1,3,2,1
28085,28174,3,pv_pt,0,1,1,20,25,18,4,4,1.75,0,10,0,7,7,7,5,10,0,10,0,2,1,1,20,25,28,0,14,7,4,4,3.75,0,5,10,0,10,8,1,1,1,3,2,1
28085,28175,1,pv,1,1,1,20,30,15,6,2,4.5,0,20,0,2,12,7,0,5,0,5,10,2,3,3,20,30,20,0,9,12,16,2,6.5,0,0,5,0,20,9,1,1,1,3,2,1
28085,28175,3,pv_pt,0,1,1,20,30,15,6,2,4.5,0,20,0,2,12,7,0,5,0,5,10,2,3,3,20,30,20,0,9,12,16,2,6.5,0,0,5,0,20,9,1,1,1,3,2,1
28194,28374,1,pv,1,1,1,25,20,25,6,4,6.0,10,20,12,2,2,2,10,15,5,5,10,2,3,3,25,20,30,17,4,2,16,4,8.0,0,10,15,10,20,1,3,2,1,1,2,1
28194,28374,3,pv_pt,0,1,1,25,20,25,6,4,6.0,10,20,12,2,2,2,10,15,5,5,10,2,3,3,25,20,30,17,4,2,16,4,8.0,0,10,15,10,20,1,3,2,1,1,2,1
28194,28376,1,pv,1,1,1,25,25,22,4,2,3.5,0,20,6,7,7,7,5,10,0,10,0,2,2,2,25,25,32,6,14,7,4,2,5.5,0,5,10,0,20,2,3,2,1,1,2,1
28194,28376,3,pv_pt,0,1,1,25,25,22,4,2,3.5,0,20,6,7,7,7,5,10,0,10,0,2,2,2,25,25,32,6,14,7,4,2,5.5,0,5,10,0,20,2,3,2,1,1,2,1
28194,28377,1,pv,1,1,1,25,20,22,4,0,3.5,10,0,0,7,12,2,0,10,10,10,0,2,3,2,25,20,32,10,9,12,4,0,5.5,0,0,10,10,0,3,3,2,1,1,2,1
28194,28377,2,pt,0,1,1,25,20,22,4,0,3.5,10,0,0,7,12,2,0,10,10,10,0,2,3,2,25,20,32,10,9,12,4,0,5.5,0,0,10,10,0,3,3,2,1,1,2,1
28194,28379,1,pv,1,1,1,20,25,18,4,4,1.75,0,10,0,7,7,7,5,10,0,10,0,2,1,1,20,25,28,0,14,7,4,4,3.75,0,5,10,0,10,4,1,2,2,4,1,1
28194,28379,2,pt,0,1,1,20,25,18,4,4,1.75,0,10,0,7,7,7,5,10,0,10,0,2,1,1,20,25,28,0,14,7,4,4,3.75,0,5,10,0,10,4,1,2,2,4,1,1
28194,28380,1,pv,1,1,1,20,20,15,2,2,1.5,20,10,6,7,2,12,10,5,5,15,5,4,3,1,20,20,30,11,19,2,7,2,5.5,0,10,5,20,10,5,1,2,2,4,1,1
28194,28380,3,pv_pt,0,1,1,20,20,15,2,2,1.5,20,10,6,7,2,12,10,5,5,15,5,4,3,1,20,20,30,11,19,2,7,2,5.5,0,10,5,20,10,5,1,2,2,4,1,1
28194,28381,1,pv,1,1,1,25,25,22,2,4,1.75,10,0,6,12,12,2,10,15,10,15,10,0,1,3,25,25,37,16,14,12,12,4,1.75,0,10,15,10,0,6,1,2,2,4,1,1
28194,28381,2,pt,0,1,1,25,25,22,2,4,1.75,10,0,6,12,12,2,10,15,10,15,10,0,1,3,25,25,37,16,14,12,12,4,1.75,0,10,15,10,0,6,1,2,2,4,1,1
28194,28383,2,pt,1,1,1,20,30,15,6,2,4.5,0,20,0,2,12,7,0,5,0,5,10,2,3,3,20,30,20,0,9,12,16,2,6.5,0,0,5,0,20,7,2,2,2,3,1,2
28194,28383,1,pv,1,0,1,20,30,15,6,2,4.5,0,20,0,2,12,7,0,5,0,5,10,2,3,3,20,30,20,0,9,12,16,2,6.5,0,0,5,0,20,7,2,2,2,3,1,2
28194,28384,2,pt,1,1,1,20,30,20,6,0,6.0,10,0,0,2,12,12,10,10,10,10,10,0,1,2,20,30,30,10,14,12,16,0,6.0,0,10,10,10,0,8,2,2,2,3,1,2
28194,28384,1,pv,1,0,1,20,30,20,6,0,6.0,10,0,0,2,12,12,10,10,10,10,10,0,1,2,20,30,30,10,14,12,16,0,6.0,0,10,10,10,0,8,2,2,2,3,1,2
28194,28385,2,pt,1,1,1,25,30,25,4,4,4.0,20,0,12,12,12,12,0,15,10,10,5,4,3,2,25,30,35,22,24,12,9,4,8.0,0,0,15,20,0,9,2,2,2,3,1,2
28194,28385,1,pv,1,0,1,25,30,25,4,4,4.0,20,0,12,12,12,12,0,15,10,10,5,4,3,2,25,30,35,22,24,12,9,4,8.0,0,0,15,20,0,9,2,2,2,3,1,2
28199,28259,1,pv,1,1,1,30,25,23,6,4,4.5,0,10,6,7,2,12,5,5,10,15,0,0,2,1,30,25,38,16,19,2,6,4,4.5,0,5,5,0,10,1,4,1,2,4,1,2
28199,28259,3,pv_pt,0,1,1,30,25,23,6,4,4.5,0,10,6,7,2,12,5,5,10,15,0,0,2,1,30,25,38,16,19,2,6,4,4.5,0,5,5,0,10,1,4,1,2,4,1,2
28199,28260,2,pt,1,1,1,20,30,20,6,0,6.0,10,0,0,2,12,12,10,10,10,10,10,0,1,2,20,30,30,10,14,12,16,0,6.0,0,10,10,10,0,2,4,1,2,4,1,2
28199,28260,1,pv,1,0,1,20,30,20,6,0,6.0,10,0,0,2,12,12,10,10,10,10,10,0,1,2,20,30,30,10,14,12,16,0,6.0,0,10,10,10,0,2,4,1,2,4,1,2
28199,28261,3,pv_pt,1,1,1,30,25,23,2,4,1.5,10,10,0,12,2,7,5,5,5,5,5,4,2,3,30,25,28,5,19,2,7,4,5.5,0,5,5,10,10,3,4,1,2,4,1,2
28199,28261,1,pv,1,1,0,30,25,23,2,4,1.5,10,10,0,12,2,7,5,5,5,5,5,4,2,3,30,25,28,5,19,2,7,4,5.5,0,5,5,10,10,3,4,1,2,4,1,2
28199,28263,2,pt,1,1,1,25,25,22,2,4,1.75,10,0,6,12,12,2,10,15,10,15,10,0,1,3,25,25,37,16,14,12,12,4,1.75,0,10,15,10,0,4,2,2,2,2,1,2
28199,28263,1,pv,1,0,1,25,25,22,2,4,1.75,10,0,6,12,12,2,10,15,10,15,10,0,1,3,25,25,37,16,14,12,12,4,1.75,0,10,15,10,0,4,2,2,2,2,1,2
28199,28264,2,pt,1,1,1,25,20,25,6,4,6.0,10,20,12,2,2,2,10,15,5,5,10,2,3,3,25,20,30,17,4,2,16,4,8.0,0,10,15,10,20,5,2,2,2,2,1,2
28199,28264,1,pv,1,0,1,25,20,25,6,4,6.0,10,20,12,2,2,2,10,15,5,5,10,2,3,3,25,20,30,17,4,2,16,4,8.0,0,10,15,10,20,5,2,2,2,2,1,2
28199,28265,3,pv_pt,1,1,1,20,30,20,4,2,4.0,0,10,12,12,2,2,10,5,10,5,5,0,3,1,20,30,25,22,14,2,9,2,4.0,0,10,5,0,10,6,2,2,2,2,1,2
28199,28265,1,pv,1,1,0,20,30,20,4,2,4.0,0,10,12,12,2,2,10,5,10,5,5,0,3,1,20,30,25,22,14,2,9,2,4.0,0,10,5,0,10,6,2,2,2,2,1,2
28199,28267,2,pt,1,1,1,30,20,23,4,0,3.0,20,20,12,2,12,2,0,15,10,5,0,0,1,1,30,20,28,22,4,12,4,0,3.0,0,0,15,20,20,7,4,2,1,3,2,2
28199,28267,1,pv,1,0,1,30,20,23,4,0,3.0,20,20,12,2,12,2,0,15,10,5,0,0,1,1,30,20,28,22,4,12,4,0,3.0,0,0,15,20,20,7,4,2,1,3,2,2
28199,28268,2,pt,1,1,1,30,20,23,6,2,4.5,20,0,12,2,12,12,10,5,0,10,0,2,1,3,30,20,33,12,14,12,6,2,6.5,0,10,5,20,0,8,4,2,1,3,2,2
28199,28268,1,pv,1,0,1,30,20,23,6,2,4.5,20,0,12,2,12,12,10,5,0,10,0,2,1,3,30,20,33,12,14,12,6,2,6.5,0,10,5,20,0,8,4,2,1,3,2,2
28199,28269,3,pv_pt,1,1,1,20,20,15,2,2,1.5,20,10,6,7,2,12,10,5,5,15,5,4,3,1,20,20,30,11,19,2,7,2,5.5,0,10,5,20,10,9,4,2,1,3,2,2
28199,28269,1,pv,1,1,0,20,20,15,2,2,1.5,20,10,6,7,2,12,10,5,5,15,5,4,3,1,20,20,30,11,19,2,7,2,5.5,0,10,5,20,10,9,4,2,1,3,2,2
28226,28303,1,pv,1,1,1,25,20,25,6,4,6.0,10,20,12,2,2,2,10,15,5,5,10,2,3,3,25,20,30,17,4,2,16,4,8.0,0,10,15,10,20,1,1,1,2,1,1,2
28226,28303,2,pt,0,1,1,25,20,25,6,4,6.0,10,20,12,2,2,2,10,15,5,5,10,2,3,3,25,20,30,17,4,2,16,4,8.0,0,10,15,10,20,1,1,1,2,1,1,2
28226,28304,1,pv,1,1,1,25,25,22,2,4,1.75,10,0,6,12,12,2,10,15,10,15,10,0,1,3,25,25,37,16,14,12,12,4,1.75,0,10,15,10,0,2,1,1,2,1,1,2
28226,28304,2,pt,0,1,1,25,25,22,2,4,1.75,10,0,6,12,12,2,10,15,10,15,10,0,1,3,25,25,37,16,14,12,12,4,1.75,0,10,15,10,0,2,1,1,2,1,1,2
28226,28305,1,pv,1,1,1,25,30,25,4,4,4.0,10,10,6,7,7,7,5,10,5,10,0,2,1,3,25,30,35,11,14,7,4,4,6.0,0,5,10,10,10,3,1,1,2,1,1,2
28226,28305,2,pt,0,1,1,25,30,25,4,4,4.0,10,10,6,7,7,7,5,10,5,10,0,2,1,3,25,30,35,11,14,7,4,4,6.0,0,5,10,10,10,3,1,1,2,1,1,2
28226,28307,1,pv,1,1,1,20,25,18,2,0,1.75,0,0,12,2,7,12,0,15,5,5,5,4,2,1,20,25,23,17,14,7,7,0,5.75,0,0,15,0,0,4,3,1,2,4,2,1
28226,28307,2,pt,0,1,1,20,25,18,2,0,1.75,0,0,12,2,7,12,0,15,5,5,5,4,2,1,20,25,23,17,14,7,7,0,5.75,0,0,15,0,0,4,3,1,2,4,2,1
28226,28308,2,pt,1,1,1,25,20,25,6,4,6.0,20,0,6,2,7,2,0,5,0,15,10,2,2,2,25,20,40,6,4,7,16,4,8.0,0,0,5,20,0,5,3,1,2,4,2,1
28226,28308,1,pv,1,0,1,25,20,25,6,4,6.0,20,0,6,2,7,2,0,5,0,15,10,2,2,2,25,20,40,6,4,7,16,4,8.0,0,0,5,20,0,5,3,1,2,4,2,1
28226,28309,1,pv,1,1,1,20,30,20,6,0,6.0,10,0,0,2,12,12,10,10,10,10,10,0,1,2,20,30,30,10,14,12,16,0,6.0,0,10,10,10,0,6,3,1,2,4,2,1
28226,28309,3,pv_pt,0,1,1,20,30,20,6,0,6.0,10,0,0,2,12,12,10,10,10,10,10,0,1,2,20,30,30,10,14,12,16,0,6.0,0,10,10,10,0,6,3,1,2,4,2,1
28226,28312,1,pv,1,1,1,30,20,23,6,2,4.5,20,0,12,2,12,12,10,5,0,10,0,2,1,3,30,20,33,12,14,12,6,2,6.5,0,10,5,20,0,7,4,2,1,1,1,2
28226,28312,2,pt,0,1,1,30,20,23,6,2,4.5,20,0,12,2,12,12,10,5,0,10,0,2,1,3,30,20,33,12,14,12,6,2,6.5,0,10,5,20,0,7,4,2,1,1,1,2
28226,28313,1,pv,1,1,1,30,20,30,2,0,2.0,0,10,12,12,7,12,5,10,0,15,10,0,3,3,30,20,45,12,24,7,12,0,2.0,0,5,10,0,10,8,4,2,1,1,1,2
28226,28313,2,pt,0,1,1,30,20,30,2,0,2.0,0,10,12,12,7,12,5,10,0,15,10,0,3,3,30,20,45,12,24,7,12,0,2.0,0,5,10,0,10,8,4,2,1,1,1,2
28226,28315,1,pv,1,1,1,30,25,23,2,4,1.5,10,10,0,12,2,7,5,5,5,5,5,4,2,3,30,25,28,5,19,2,7,4,5.5,0,5,5,10,10,9,4,2,1,1,1,2
28226,28315,3,pv_pt,0,1,1,30,25,23,2,4,1.5,10,10,0,12,2,7,5,5,5,5,5,4,2,3,30,25,28,5,19,2,7,4,5.5,0,5,5,10,10,9,4,2,1,1,1,2
28227,28343,1,pv,1,1,1,30,30,30,4,0,4.0,20,20,0,12,12,2,10,10,5,5,10,4,2,1,30,30,35,5,14,12,14,0,8.0,0,10,10,20,20,1,3,1,1,2,1,2
28227,28343,2,pt,0,1,1,30,30,30,4,0,4.0,20,20,0,12,12,2,10,10,5,5,10,4,2,1,30,30,35,5,14,12,14,0,8.0,0,10,10,20,20,1,3,1,1,2,1,2
28227,28344,1,pv,1,1,1,20,25,18,2,2,1.75,10,10,0,7,7,7,5,10,5,10,0,2,2,3,20,25,28,5,14,7,2,2,3.75,0,5,10,10,10,2,3,1,1,2,1,2
28227,28344,2,pt,0,1,1,20,25,18,2,2,1.75,10,10,0,7,7,7,5,10,5,10,0,2,2,3,20,25,28,5,14,7,2,2,3.75,0,5,10,10,10,2,3,1,1,2,1,2
28227,28345,1,pv,1,1,1,30,20,23,6,2,4.5,20,0,12,2,12,12,10,5,0,10,0,2,1,3,30,20,33,12,14,12,6,2,6.5,0,10,5,20,0,3,3,1,1,2,1,2
28227,28345,2,pt,0,1,1,30,20,23,6,2,4.5,20,0,12,2,12,12,10,5,0,10,0,2,1,3,30,20,33,12,14,12,6,2,6.5,0,10,5,20,0,3,3,1,1,2,1,2
28227,28347,1,pv,1,1,1,30,25,23,2,4,1.5,10,10,0,12,2,7,5,5,5,5,5,4,2,3,30,25,28,5,19,2,7,4,5.5,0,5,5,10,10,4,4,1,2,4,1,2
28227,28347,3,pv_pt,0,1,1,30,25,23,2,4,1.5,10,10,0,12,2,7,5,5,5,5,5,4,2,3,30,25,28,5,19,2,7,4,5.5,0,5,5,10,10,4,4,1,2,4,1,2
28227,28348,2,pt,1,1,1,20,25,18,2,0,1.75,0,0,12,2,7,12,0,15,5,5,5,4,2,1,20,25,23,17,14,7,7,0,5.75,0,0,15,0,0,5,4,1,2,4,1,2
28227,28348,1,pv,1,0,1,20,25,18,2,0,1.75,0,0,12,2,7,12,0,15,5,5,5,4,2,1,20,25,23,17,14,7,7,0,5.75,0,0,15,0,0,5,4,1,2,4,1,2
28227,28349,1,pv,1,1,1,30,25,23,6,4,4.5,0,10,6,7,2,12,5,5,10,15,0,0,2,1,30,25,38,16,19,2,6,4,4.5,0,5,5,0,10,6,4,1,2,4,1,2
28227,28349,3,pv_pt,0,1,1,30,25,23,6,4,4.5,0,10,6,7,2,12,5,5,10,15,0,0,2,1,30,25,38,16,19,2,6,4,4.5,0,5,5,0,10,6,4,1,2,4,1,2
28227,28351,1,pv,1,1,1,25,20,25,6,0,6.0,20,20,0,12,2,12,0,15,10,15,5,4,1,3,25,20,40,10,24,2,11,0,10.0,0,0,15,20,20,7,3,2,2,1,2,2
28227,28351,3,pv_pt,0,1,1,25,20,25,6,0,6.0,20,20,0,12,2,12,0,15,10,15,5,4,1,3,25,20,40,10,24,2,11,0,10.0,0,0,15,20,20,7,3,2,2,1,2,2
28227,28352,2,pt,1,1,1,25,30,25,4,4,4.0,20,0,12,12,12,12,0,15,10,10,5,4,3,2,25,30,35,22,24,12,9,4,8.0,0,0,15,20,0,8,3,2,2,1,2,2
28227,28352,1,pv,1,0,1,25,30,25,4,4,4.0,20,0,12,12,12,12,0,15,10,10,5,4,3,2,25,30,35,22,24,12,9,4,8.0,0,0,15,20,0,8,3,2,2,1,2,2
28227,28353,2,pt,1,1,1,30,30,26,2,4,1.75,0,20,12,2,12,7,0,5,10,15,10,4,1,2,30,30,41,22,9,12,12,4,5.75,0,0,5,0,20,9,3,2,2,1,2,2
28227,28353,1,pv,1,0,1,30,30,26,2,4,1.75,0,20,12,2,12,7,0,5,10,15,10,4,1,2,30,30,41,22,9,12,12,4,5.75,0,0,5,0,20,9,3,2,2,1,2,2
28234,28316,1,pv,1,1,1,20,20,15,2,2,1.5,20,10,6,7,2,12,10,5,5,15,5,4,3,1,20,20,30,11,19,2,7,2,5.5,0,10,5,20,10,1,3,1,2,2,1,1
28234,28316,3,pv_pt,0,1,1,20,20,15,2,2,1.5,20,10,6,7,2,12,10,5,5,15,5,4,3,1,20,20,30,11,19,2,7,2,5.5,0,10,5,20,10,1,3,1,2,2,1,1
28234,28318,1,pv,1,1,1,25,30,25,4,4,4.0,20,0,12,12,12,12,0,15,10,10,5,4,3,2,25,30,35,22,24,12,9,4,8.0,0,0,15,20,0,2,3,1,2,2,1,1
28234,28318,2,pt,0,1,1,25,30,25,4,4,4.0,20,0,12,12,12,12,0,15,10,10,5,4,3,2,25,30,35,22,24,12,9,4,8.0,0,0,15,20,0,2,3,1,2,2,1,1
28234,28319,1,pv,1,1,1,30,30,26,2,0,1.75,10,0,0,2,7,2,10,15,0,15,10,0,3,1,30,30,41,0,4,7,12,0,1.75,0,10,15,10,0,3,3,1,2,2,1,1
28234,28319,2,pt,0,1,1,30,30,26,2,0,1.75,10,0,0,2,7,2,10,15,0,15,10,0,3,1,30,30,41,0,4,7,12,0,1.75,0,10,15,10,0,3,3,1,2,2,1,1
28234,28321,1,pv,1,1,1,20,30,20,6,0,6.0,10,0,0,2,12,12,10,10,10,10,10,0,1,2,20,30,30,10,14,12,16,0,6.0,0,10,10,10,0,4,2,2,1,2,1,1
28234,28321,2,pt,0,1,1,20,30,20,6,0,6.0,10,0,0,2,12,12,10,10,10,10,10,0,1,2,20,30,30,10,14,12,16,0,6.0,0,10,10,10,0,4,2,2,1,2,1,1
28234,28322,1,pv,1,1,1,25,20,25,6,4,6.0,20,0,6,2,7,2,0,5,0,15,10,2,2,2,25,20,40,6,4,7,16,4,8.0,0,0,5,20,0,5,2,2,1,2,1,1
28234,28322,2,pt,0,1,1,25,20,25,6,4,6.0,20,0,6,2,7,2,0,5,0,15,10,2,2,2,25,20,40,6,4,7,16,4,8.0,0,0,5,20,0,5,2,2,1,2,1,1
28234,28324,1,pv,1,1,1,25,25,22,2,4,1.75,10,0,6,12,12,2,10,15,10,15,10,0,1,3,25,25,37,16,14,12,12,4,1.75,0,10,15,10,0,6,2,2,1,2,1,1
28234,28324,2,pt,0,1,1,25,25,22,2,4,1.75,10,0,6,12,12,2,10,15,10,15,10,0,1,3,25,25,37,16,14,12,12,4,1.75,0,10,15,10,0,6,2,2,1,2,1,1
28234,28326,1,pv,1,1,1,20,25,18,2,2,1.75,10,10,0,7,7,7,5,10,5,10,0,2,2,3,20,25,28,5,14,7,2,2,3.75,0,5,10,10,10,7,4,2,2,3,2,1
28234,28326,2,pt,0,1,1,20,25,18,2,2,1.75,10,10,0,7,7,7,5,10,5,10,0,2,2,3,20,25,28,5,14,7,2,2,3.75,0,5,10,10,10,7,4,2,2,3,2,1
28234,28327,1,pv,1,1,1,30,30,26,2,4,1.75,0,20,12,2,12,7,0,5,10,15,10,4,1,2,30,30,41,22,9,12,12,4,5.75,0,0,5,0,20,8,4,2,2,3,2,1
28234,28327,2,pt,0,1,1,30,30,26,2,4,1.75,0,20,12,2,12,7,0,5,10,15,10,4,1,2,30,30,41,22,9,12,12,4,5.75,0,0,5,0,20,8,4,2,2,3,2,1
28234,28328,1,pv,1,1,1,20,25,18,4,4,1.75,0,10,0,7,7,7,5,10,0,10,0,2,1,1,20,25,28,0,14,7,4,4,3.75,0,5,10,0,10,9,4,2,2,3,2,1
28234,28328,2,pt,0,1,1,20,25,18,4,4,1.75,0,10,0,7,7,7,5,10,0,10,0,2,1,1,20,25,28,0,14,7,4,4,3.75,0,5,10,0,10,9,4,2,2,3,2,1
28255,28483,1,pv,1,1,1,20,30,15,6,2,4.5,0,20,0,2,12,7,0,5,0,5,10,2,3,3,20,30,20,0,9,12,16,2,6.5,0,0,5,0,20,1,2,1,1,1,2,2
28255,28483,3,pv_pt,0,1,1,20,30,15,6,2,4.5,0,20,0,2,12,7,0,5,0,5,10,2,3,3,20,30,20,0,9,12,16,2,6.5,0,0,5,0,20,1,2,1,1,1,2,2
28255,28484,1,pv,1,1,1,20,25,18,4,4,1.75,0,10,0,7,7,7,5,10,0,10,0,2,1,1,20,25,28,0,14,7,4,4,3.75,0,5,10,0,10,2,2,1,1,1,2,2
28255,28484,2,pt,0,1,1,20,25,18,4,4,1.75,0,10,0,7,7,7,5,10,0,10,0,2,1,1,20,25,28,0,14,7,4,4,3.75,0,5,10,0,10,2,2,1,1,1,2,2
28255,28485,2,pt,1,1,1,25,25,22,4,2,3.5,0,20,6,7,7,7,5,10,0,10,0,2,2,2,25,25,32,6,14,7,4,2,5.5,0,5,10,0,20,3,2,1,1,1,2,2
28255,28485,1,pv,1,0,1,25,25,22,4,2,3.5,0,20,6,7,7,7,5,10,0,10,0,2,2,2,25,25,32,6,14,7,4,2,5.5,0,5,10,0,20,3,2,1,1,1,2,2
28255,28487,1,pv,1,1,1,25,30,25,4,4,4.0,10,10,6,7,7,7,5,10,5,10,0,2,1,3,25,30,35,11,14,7,4,4,6.0,0,5,10,10,10,4,2,1,2,4,2,2
28255,28487,2,pt,0,1,1,25,30,25,4,4,4.0,10,10,6,7,7,7,5,10,5,10,0,2,1,3,25,30,35,11,14,7,4,4,6.0,0,5,10,10,10,4,2,1,2,4,2,2
28255,28488,2,pt,1,1,1,30,30,30,4,0,4.0,20,20,0,12,12,2,10,10,5,5,10,4,2,1,30,30,35,5,14,12,14,0,8.0,0,10,10,20,20,5,2,1,2,4,2,2
28255,28488,3,pv_pt,1,0,1,30,30,30,4,0,4.0,20,20,0,12,12,2,10,10,5,5,10,4,2,1,30,30,35,5,14,12,14,0,8.0,0,10,10,20,20,5,2,1,2,4,2,2
28255,28490,1,pv,1,1,1,30,25,23,2,4,1.5,10,10,0,12,2,7,5,5,5,5,5,4,2,3,30,25,28,5,19,2,7,4,5.5,0,5,5,10,10,6,2,1,2,4,2,2
28255,28490,3,pv_pt,0,1,1,30,25,23,2,4,1.5,10,10,0,12,2,7,5,5,5,5,5,4,2,3,30,25,28,5,19,2,7,4,5.5,0,5,5,10,10,6,2,1,2,4,2,2
28255,28492,2,pt,1,1,1,30,20,23,4,0,3.0,20,20,12,2,12,2,0,15,10,5,0,0,1,1,30,20,28,22,4,12,4,0,3.0,0,0,15,20,20,7,4,1,1,2,2,2
28255,28492,1,pv,1,0,1,30,20,23,4,0,3.0,20,20,12,2,12,2,0,15,10,5,0,0,1,1,30,20,28,22,4,12,4,0,3.0,0,0,15,20,20,7,4,1,1,2,2,2
28255,28493,3,pv_pt,1,1,1,25,25,22,2,2,1.75,20,20,6,7,2,7,5,5,5,5,0,0,3,2,25,25,27,11,14,2,2,2,1.75,0,5,5,20,20,8,4,1,1,2,2,2
28255,28493,1,pv,1,1,0,25,25,22,2,2,1.75,20,20,6,7,2,7,5,5,5,5,0,0,3,2,25,25,27,11,14,2,2,2,1.75,0,5,5,20,20,8,4,1,1,2,2,2
28255,28494,3,pv_pt,1,1,1,20,25,15,4,2,3.0,20,20,6,7,2,12,5,15,0,5,5,0,2,2,20,25,20,6,19,2,9,2,3.0,0,5,15,20,20,9,4,1,1,2,2,2
28255,28494,1,pv,1,1,0,20,25,15,4,2,3.0,20,20,6,7,2,12,5,15,0,5,5,0,2,2,20,25,20,6,19,2,9,2,3.0,0,5,15,20,20,9,4,1,1,2,2,2
28323,28538,2,pt,1,1,1,20,30,18,6,0,5.25,10,0,12,12,7,2,0,10,0,15,5,4,1,1,20,30,33,12,14,7,11,0,9.25,0,0,10,10,0,1,2,1,2,1,2,1
28323,28538,1,pv,1,0,1,20,30,18,6,0,5.25,10,0,12,12,7,2,0,10,0,15,5,4,1,1,20,30,33,12,14,7,11,0,9.25,0,0,10,10,0,1,2,1,2,1,2,1
28323,28539,1,pv,1,1,1,25,30,25,4,4,4.0,10,10,6,7,7,7,5,10,5,10,0,2,1,3,25,30,35,11,14,7,4,4,6.0,0,5,10,10,10,2,2,1,2,1,2,1
28323,28539,3,pv_pt,0,1,1,25,30,25,4,4,4.0,10,10,6,7,7,7,5,10,5,10,0,2,1,3,25,30,35,11,14,7,4,4,6.0,0,5,10,10,10,2,2,1,2,1,2,1
28323,28540,1,pv,1,1,1,30,20,30,2,0,2.0,0,10,12,12,7,12,5,10,0,15,10,0,3,3,30,20,45,12,24,7,12,0,2.0,0,5,10,0,10,3,2,1,2,1,2,1
28323,28540,2,pt,0,1,1,30,20,30,2,0,2.0,0,10,12,12,7,12,5,10,0,15,10,0,3,3,30,20,45,12,24,7,12,0,2.0,0,5,10,0,10,3,2,1,2,1,2,1
28323,28542,1,pv,1,1,1,30,25,23,2,4,1.5,10,10,0,12,2,7,5,5,5,5,5,4,2,3,30,25,28,5,19,2,7,4,5.5,0,5,5,10,10,4,4,1,1,4,1,1
28323,28542,3,pv_pt,0,1,1,30,25,23,2,4,1.5,10,10,0,12,2,7,5,5,5,5,5,4,2,3,30,25,28,5,19,2,7,4,5.5,0,5,5,10,10,4,4,1,1,4,1,1
28323,28543,2,pt,1,1,1,30,30,30,4,0,4.0,20,20,0,12,12,2,10,10,5,5,10,4,2,1,30,30,35,5,14,12,14,0,8.0,0,10,10,20,20,5,4,1,1,4,1,1
28323,28543,1,pv,1,0,1,30,30,30,4,0,4.0,20,20,0,12,12,2,10,10,5,5,10,4,2,1,30,30,35,5,14,12,14,0,8.0,0,10,10,20,20,5,4,1,1,4,1,1
28323,28544,1,pv,1,1,1,20,25,15,4,2,3.0,20,20,6,7,2,12,5,15,0,5,5,0,2,2,20,25,20,6,19,2,9,2,3.0,0,5,15,20,20,6,4,1,1,4,1,1
28323,28544,3,pv_pt,0,1,1,20,25,15,4,2,3.0,20,20,6,7,2,12,5,15,0,5,5,0,2,2,20,25,20,6,19,2,9,2,3.0,0,5,15,20,20,6,4,1,1,4,1,1
28323,28546,2,pt,1,1,1,30,20,23,4,0,3.0,20,20,12,2,12,2,0,15,10,5,0,0,1,1,30,20,28,22,4,12,4,0,3.0,0,0,15,20,20,7,1,1,1,3,2,1
28323,28546,1,pv,1,0,1,30,20,23,4,0,3.0,20,20,12,2,12,2,0,15,10,5,0,0,1,1,30,20,28,22,4,12,4,0,3.0,0,0,15,20,20,7,1,1,1,3,2,1
28323,28547,1,pv,1,1,1,20,25,18,2,2,1.75,10,10,0,7,7,7,5,10,5,10,0,2,2,3,20,25,28,5,14,7,2,2,3.75,0,5,10,10,10,8,1,1,1,3,2,1
28323,28547,2,pt,0,1,1,20,25,18,2,2,1.75,10,10,0,7,7,7,5,10,5,10,0,2,2,3,20,25,28,5,14,7,2,2,3.75,0,5,10,10,10,8,1,1,1,3,2,1
28323,28548,2,pt,1,1,1,25,20,25,6,0,6.0,20,20,0,12,2,12,0,15,10,15,5,4,1,3,25,20,40,10,24,2,11,0,10.0,0,0,15,20,20,9,1,1,1,3,2,1
28323,28548,1,pv,1,0,1,25,20,25,6,0,6.0,20,20,0,12,2,12,0,15,10,15,5,4,1,3,25,20,40,10,24,2,11,0,10.0,0,0,15,20,20,9,1,1,1,3,2,1
28436,28832,1,pv,1,1,1,30,20,23,6,2,4.5,20,0,12,2,12,12,10,5,0,10,0,2,1,3,30,20,33,12,14,12,6,2,6.5,0,10,5,20,0,1,2,2,2,3,1,2
28436,28832,3,pv_pt,0,1,1,30,20,23,6,2,4.5,20,0,12,2,12,12,10,5,0,10,0,2,1,3,30,20,33,12,14,12,6,2,6.5,0,10,5,20,0,1,2,2,2,3,1,2
28436,28833,1,pv,1,1,1,20,25,15,4,2,3.0,20,20,6,7,2,12,5,15,0,5,5,0,2,2,20,25,20,6,19,2,9,2,3.0,0,5,15,20,20,2,2,2,2,3,1,2
28436,28833,3,pv_pt,0,1,1,20,25,15,4,2,3.0,20,20,6,7,2,12,5,15,0,5,5,0,2,2,20,25,20,6,19,2,9,2,3.0,0,5,15,20,20,2,2,2,2,3,1,2
28436,28834,2,pt,1,1,1,25,20,25,6,4,6.0,20,0,6,2,7,2,0,5,0,15,10,2,2,2,25,20,40,6,4,7,16,4,8.0,0,0,5,20,0,3,2,2,2,3,1,2
28436,28834,1,pv,1,0,1,25,20,25,6,4,6.0,20,0,6,2,7,2,0,5,0,15,10,2,2,2,25,20,40,6,4,7,16,4,8.0,0,0,5,20,0,3,2,2,2,3,1,2
28436,28837,3,pv_pt,1,1,1,20,30,20,4,2,4.0,0,10,12,12,2,2,10,5,10,5,5,0,3,1,20,30,25,22,14,2,9,2,4.0,0,10,5,0,10,4,1,1,2,3,2,2
28436,28837,1,pv,1,1,0,20,30,20,4,2,4.0,0,10,12,12,2,2,10,5,10,5,5,0,3,1,20,30,25,22,14,2,9,2,4.0,0,10,5,0,10,4,1,1,2,3,2,2
28436,28838,1,pv,1,1,1,20,25,18,4,4,1.75,0,10,0,7,7,7,5,10,0,10,0,2,1,1,20,25,28,0,14,7,4,4,3.75,0,5,10,0,10,5,1,1,2,3,2,2
28436,28838,3,pv_pt,0,1,1,20,25,18,4,4,1.75,0,10,0,7,7,7,5,10,0,10,0,2,1,1,20,25,28,0,14,7,4,4,3.75,0,5,10,0,10,5,1,1,2,3,2,2
28436,28839,2,pt,1,1,1,30,20,30,2,0,2.0,0,10,12,12,7,12,5,10,0,15,10,0,3,3,30,20,45,12,24,7,12,0,2.0,0,5,10,0,10,6,1,1,2,3,2,2
28436,28839,3,pv_pt,1,0,1,30,20,30,2,0,2.0,0,10,12,12,7,12,5,10,0,15,10,0,3,3,30,20,45,12,24,7,12,0,2.0,0,5,10,0,10,6,1,1,2,3,2,2
28436,28841,2,pt,1,1,1,20,30,15,6,2,4.5,0,20,0,2,12,7,0,5,0,5,10,2,3,3,20,30,20,0,9,12,16,2,6.5,0,0,5,0,20,7,4,2,1,1,1,2
28436,28841,3,pv_pt,1,0,1,20,30,15,6,2,4.5,0,20,0,2,12,7,0,5,0,5,10,2,3,3,20,30,20,0,9,12,16,2,6.5,0,0,5,0,20,7,4,2,1,1,1,2
28436,28842,2,pt,1,1,1,20,25,18,2,0,1.75,0,0,12,2,7,12,0,15,5,5,5,4,2,1,20,25,23,17,14,7,7,0,5.75,0,0,15,0,0,8,4,2,1,1,1,2
28436,28842,1,pv,1,0,1,20,25,18,2,0,1.75,0,0,12,2,7,12,0,15,5,5,5,4,2,1,20,25,23,17,14,7,7,0,5.75,0,0,15,0,0,8,4,2,1,1,1,2
28436,28843,2,pt,1,1,1,25,20,25,6,0,6.0,20,20,0,12,2,12,0,15,10,15,5,4,1,3,25,20,40,10,24,2,11,0,10.0,0,0,15,20,20,9,4,2,1,1,1,2
28436,28843,1,pv,1,0,1,25,20,25,6,0,6.0,20,20,0,12,2,12,0,15,10,15,5,4,1,3,25,20,40,10,24,2,11,0,10.0,0,0,15,20,20,9,4,2,1,1,1,2
28441,28934,1,pv,1,1,1,20,30,18,6,0,5.25,10,0,12,12,7,2,0,10,0,15,5,4,1,1,20,30,33,12,14,7,11,0,9.25,0,0,10,10,0,1,4,2,1,3,2,2
28441,28934,2,pt,0,1,1,20,30,18,6,0,5.25,10,0,12,12,7,2,0,10,0,15,5,4,1,1,20,30,33,12,14,7,11,0,9.25,0,0,10,10,0,1,4,2,1,3,2,2
28441,28936,1,pv,1,1,1,25,25,22,4,2,3.5,0,20,6,7,7,7,5,10,0,10,0,2,2,2,25,25,32,6,14,7,4,2,5.5,0,5,10,0,20,2,4,2,1,3,2,2
28441,28936,2,pt,0,1,1,25,25,22,4,2,3.5,0,20,6,7,7,7,5,10,0,10,0,2,2,2,25,25,32,6,14,7,4,2,5.5,0,5,10,0,20,2,4,2,1,3,2,2
28441,28938,2,pt,1,1,1,25,20,22,4,0,3.5,10,0,0,7,12,2,0,10,10,10,0,2,3,2,25,20,32,10,9,12,4,0,5.5,0,0,10,10,0,3,4,2,1,3,2,2
28441,28938,1,pv,1,0,1,25,20,22,4,0,3.5,10,0,0,7,12,2,0,10,10,10,0,2,3,2,25,20,32,10,9,12,4,0,5.5,0,0,10,10,0,3,4,2,1,3,2,2
28441,28941,1,pv,1,1,1,20,30,15,6,2,4.5,0,20,0,2,12,7,0,5,0,5,10,2,3,3,20,30,20,0,9,12,16,2,6.5,0,0,5,0,20,4,2,1,2,4,2,2
28441,28941,3,pv_pt,0,1,1,20,30,15,6,2,4.5,0,20,0,2,12,7,0,5,0,5,10,2,3,3,20,30,20,0,9,12,16,2,6.5,0,0,5,0,20,4,2,1,2,4,2,2
28441,28942,1,pv,1,1,1,25,30,25,4,4,4.0,10,10,6,7,7,7,5,10,5,10,0,2,1,3,25,30,35,11,14,7,4,4,6.0,0,5,10,10,10,5,2,1,2,4,2,2
28441,28942,3,pv_pt,0,1,1,25,30,25,4,4,4.0,10,10,6,7,7,7,5,10,5,10,0,2,1,3,25,30,35,11,14,7,4,4,6.0,0,5,10,10,10,5,2,1,2,4,2,2
28441,28943,2,pt,1,1,1,25,25,22,2,4,1.75,10,0,6,12,12,2,10,15,10,15,10,0,1,3,25,25,37,16,14,12,12,4,1.75,0,10,15,10,0,6,2,1,2,4,2,2
28441,28943,1,pv,1,0,1,25,25,22,2,4,1.75,10,0,6,12,12,2,10,15,10,15,10,0,1,3,25,25,37,16,14,12,12,4,1.75,0,10,15,10,0,6,2,1,2,4,2,2
28441,28945,2,pt,1,1,1,20,25,18,2,0,1.75,0,0,12,2,7,12,0,15,5,5,5,4,2,1,20,25,23,17,14,7,7,0,5.75,0,0,15,0,0,7,1,1,1,2,2,1
28441,28945,1,pv,1,0,1,20,25,18,2,0,1.75,0,0,12,2,7,12,0,15,5,5,5,4,2,1,20,25,23,17,14,7,7,0,5.75,0,0,15,0,0,7,1,1,1,2,2,1
28441,28946,2,pt,1,1,1,25,30,25,4,4,4.0,20,0,12,12,12,12,0,15,10,10,5,4,3,2,25,30,35,22,24,12,9,4,8.0,0,0,15,20,0,8,1,1,1,2,2,1
28441,28946,3,pv_pt,1,0,1,25,30,25,4,4,4.0,20,0,12,12,12,12,0,15,10,10,5,4,3,2,25,30,35,22,24,12,9,4,8.0,0,0,15,20,0,8,1,1,1,2,2,1
28441,28948,1,pv,1,1,1,30,25,23,6,2,4.5,0,10,6,12,2,7,10,15,5,10,5,4,2,2,30,25,33,11,19,2,11,2,8.5,0,10,15,0,10,9,1,1,1,2,2,1
28441,28948,3,pv_pt,0,1,1,30,25,23,6,2,4.5,0,10,6,12,2,7,10,15,5,10,5,4,2,2,30,25,33,11,19,2,11,2,8.5,0,10,15,0,10,9,1,1,1,2,2,1
28457,28704,1,pv,1,1,1,30,25,23,6,2,4.5,0,10,6,12,2,7,10,15,5,10,5,4,2,2,30,25,33,11,19,2,11,2,8.5,0,10,15,0,10,1,2,1,2,1,2,1
28457,28704,3,pv_pt,0,1,1,30,25,23,6,2,4.5,0,10,6,12,2,7,10,15,5,10,5,4,2,2,30,25,33,11,19,2,11,2,8.5,0,10,15,0,10,1,2,1,2,1,2,1
28457,28707,1,pv,1,1,1,25,30,25,4,4,4.0,10,10,6,7,7,7,5,10,5,10,0,2,1,3,25,30,35,11,14,7,4,4,6.0,0,5,10,10,10,2,2,1,2,1,2,1
28457,28707,3,pv_pt,0,1,1,25,30,25,4,4,4.0,10,10,6,7,7,7,5,10,5,10,0,2,1,3,25,30,35,11,14,7,4,4,6.0,0,5,10,10,10,2,2,1,2,1,2,1
28457,28709,2,pt,1,1,1,25,20,22,4,0,3.5,10,0,0,7,12,2,0,10,10,10,0,2,3,2,25,20,32,10,9,12,4,0,5.5,0,0,10,10,0,3,2,1,2,1,2,1
28457,28709,1,pv,1,0,1,25,20,22,4,0,3.5,10,0,0,7,12,2,0,10,10,10,0,2,3,2,25,20,32,10,9,12,4,0,5.5,0,0,10,10,0,3,2,1,2,1,2,1
28457,28712,1,pv,1,1,1,25,25,22,2,4,1.75,10,0,6,12,12,2,10,15,10,15,10,0,1,3,25,25,37,16,14,12,12,4,1.75,0,10,15,10,0,4,3,1,1,2,1,2
28457,28712,3,pv_pt,0,1,1,25,25,22,2,4,1.75,10,0,6,12,12,2,10,15,10,15,10,0,1,3,25,25,37,16,14,12,12,4,1.75,0,10,15,10,0,4,3,1,1,2,1,2
28457,28713,1,pv,1,1,1,30,30,30,4,0,4.0,20,20,0,12,12,2,10,10,5,5,10,4,2,1,30,30,35,5,14,12,14,0,8.0,0,10,10,20,20,5,3,1,1,2,1,2
28457,28713,3,pv_pt,0,1,1,30,30,30,4,0,4.0,20,20,0,12,12,2,10,10,5,5,10,4,2,1,30,30,35,5,14,12,14,0,8.0,0,10,10,20,20,5,3,1,1,2,1,2
28457,28714,1,pv,1,1,1,30,25,23,2,4,1.5,10,10,0,12,2,7,5,5,5,5,5,4,2,3,30,25,28,5,19,2,7,4,5.5,0,5,5,10,10,6,3,1,1,2,1,2
28457,28714,3,pv_pt,0,1,1,30,25,23,2,4,1.5,10,10,0,12,2,7,5,5,5,5,5,4,2,3,30,25,28,5,19,2,7,4,5.5,0,5,5,10,10,6,3,1,1,2,1,2
28457,28716,1,pv,1,1,1,25,20,25,6,4,6.0,10,20,12,2,2,2,10,15,5,5,10,2,3,3,25,20,30,17,4,2,16,4,8.0,0,10,15,10,20,7,1,2,2,4,1,1
28457,28716,2,pt,0,1,1,25,20,25,6,4,6.0,10,20,12,2,2,2,10,15,5,5,10,2,3,3,25,20,30,17,4,2,16,4,8.0,0,10,15,10,20,7,1,2,2,4,1,1
28457,28717,1,pv,1,1,1,25,20,25,6,0,6.0,20,20,0,12,2,12,0,15,10,15,5,4,1,3,25,20,40,10,24,2,11,0,10.0,0,0,15,20,20,8,1,2,2,4,1,1
28457,28717,3,pv_pt,0,1,1,25,20,25,6,0,6.0,20,20,0,12,2,12,0,15,10,15,5,4,1,3,25,20,40,10,24,2,11,0,10.0,0,0,15,20,20,8,1,2,2,4,1,1
28457,28718,1,pv,1,1,1,30,20,23,4,0,3.0,20,20,12,2,12,2,0,15,10,5,0,0,1,1,30,20,28,22,4,12,4,0,3.0,0,0,15,20,20,9,1,2,2,4,1,1
28457,28718,3,pv_pt,0,1,1,30,20,23,4,0,3.0,20,20,12,2,12,2,0,15,10,5,0,0,1,1,30,20,28,22,4,12,4,0,3.0,0,0,15,20,20,9,1,2,2,4,1,1
28480,28696,2,pt,1,1,1,25,30,25,4,4,4.0,20,0,12,12,12,12,0,15,10,10,5,4,3,2,25,30,35,22,24,12,9,4,8.0,0,0,15,20,0,1,3,2,1,4,2,2
28480,28696,1,pv,1,0,1,25,30,25,4,4,4.0,20,0,12,12,12,12,0,15,10,10,5,4,3,2,25,30,35,22,24,12,9,4,8.0,0,0,15,20,0,1,3,2,1,4,2,2
28480,28697,2,pt,1,1,1,30,20,30,2,0,2.0,0,10,12,12,7,12,5,10,0,15,10,0,3,3,30,20,45,12,24,7,12,0,2.0,0,5,10,0,10,2,3,2,1,4,2,2
28480,28697,3,pv_pt,1,0,1,30,20,30,2,0,2.0,0,10,12,12,7,12,5,10,0,15,10,0,3,3,30,20,45,12,24,7,12,0,2.0,0,5,10,0,10,2,3,2,1,4,2,2
28480,28698,2,pt,1,1,1,25,20,25,6,0,6.0,20,20,0,12,2,12,0,15,10,15,5,4,1,3,25,20,40,10,24,2,11,0,10.0,0,0,15,20,20,3,3,2,1,4,2,2
28480,28698,1,pv,1,0,1,25,20,25,6,0,6.0,20,20,0,12,2,12,0,15,10,15,5,4,1,3,25,20,40,10,24,2,11,0,10.0,0,0,15,20,20,3,3,2,1,4,2,2
28480,28700,1,pv,1,1,1,25,25,22,4,2,3.5,0,20,6,7,7,7,5,10,0,10,0,2,2,2,25,25,32,6,14,7,4,2,5.5,0,5,10,0,20,4,2,2,2,3,1,2
28480,28700,2,pt,0,1,1,25,25,22,4,2,3.5,0,20,6,7,7,7,5,10,0,10,0,2,2,2,25,25,32,6,14,7,4,2,5.5,0,5,10,0,20,4,2,2,2,3,1,2
28480,28701,1,pv,1,1,1,30,25,23,2,4,1.5,10,10,0,12,2,7,5,5,5,5,5,4,2,3,30,25,28,5,19,2,7,4,5.5,0,5,5,10,10,5,2,2,2,3,1,2
28480,28701,3,pv_pt,0,1,1,30,25,23,2,4,1.5,10,10,0,12,2,7,5,5,5,5,5,4,2,3,30,25,28,5,19,2,7,4,5.5,0,5,5,10,10,5,2,2,2,3,1,2
28480,28702,1,pv,1,1,1,20,30,20,6,0,6.0,10,0,0,2,12,12,10,10,10,10,10,0,1,2,20,30,30,10,14,12,16,0,6.0,0,10,10,10,0,6,2,2,2,3,1,2
28480,28702,2,pt,0,1,1,20,30,20,6,0,6.0,10,0,0,2,12,12,10,10,10,10,10,0,1,2,20,30,30,10,14,12,16,0,6.0,0,10,10,10,0,6,2,2,2,3,1,2
28480,28706,2,pt,1,1,1,25,20,22,4,0,3.5,10,0,0,7,12,2,0,10,10,10,0,2,3,2,25,20,32,10,9,12,4,0,5.5,0,0,10,10,0,7,4,2,2,3,2,1
28480,28706,1,pv,1,0,1,25,20,22,4,0,3.5,10,0,0,7,12,2,0,10,10,10,0,2,3,2,25,20,32,10,9,12,4,0,5.5,0,0,10,10,0,7,4,2,2,3,2,1
28480,28708,1,pv,1,1,1,20,30,20,4,2,4.0,0,10,12,12,2,2,10,5,10,5,5,0,3,1,20,30,25,22,14,2,9,2,4.0,0,10,5,0,10,8,4,2,2,3,2,1
28480,28708,2,pt,0,1,1,20,30,20,4,2,4.0,0,10,12,12,2,2,10,5,10,5,5,0,3,1,20,30,25,22,14,2,9,2,4.0,0,10,5,0,10,8,4,2,2,3,2,1
28480,28711,2,pt,1,1,1,30,30,30,4,0,4.0,20,20,0,12,12,2,10,10,5,5,10,4,2,1,30,30,35,5,14,12,14,0,8.0,0,10,10,20,20,9,4,2,2,3,2,1
28480,28711,1,pv,1,0,1,30,30,30,4,0,4.0,20,20,0,12,12,2,10,10,5,5,10,4,2,1,30,30,35,5,14,12,14,0,8.0,0,10,10,20,20,9,4,2,2,3,2,1
28531,28680,3,pv_pt,1,1,1,25,20,25,6,4,6.0,10,20,12,2,2,2,10,15,5,5,10,2,3,3,25,20,30,17,4,2,16,4,8.0,0,10,15,10,20,1,3,1,1,2,1,2
28531,28680,2,pt,1,1,0,25,20,25,6,4,6.0,10,20,12,2,2,2,10,15,5,5,10,2,3,3,25,20,30,17,4,2,16,4,8.0,0,10,15,10,20,1,3,1,1,2,1,2
28531,28681,2,pt,1,1,1,30,30,30,4,0,4.0,20,20,0,12,12,2,10,10,5,5,10,4,2,1,30,30,35,5,14,12,14,0,8.0,0,10,10,20,20,2,3,1,1,2,1,2
28531,28681,3,pv_pt,1,0,1,30,30,30,4,0,4.0,20,20,0,12,12,2,10,10,5,5,10,4,2,1,30,30,35,5,14,12,14,0,8.0,0,10,10,20,20,2,3,1,1,2,1,2
28531,28683,2,pt,1,1,1,20,30,20,6,0,6.0,10,0,0,2,12,12,10,10,10,10,10,0,1,2,20,30,30,10,14,12,16,0,6.0,0,10,10,10,0,3,3,1,1,2,1,2
28531,28683,3,pv_pt,1,0,1,20,30,20,6,0,6.0,10,0,0,2,12,12,10,10,10,10,10,0,1,2,20,30,30,10,14,12,16,0,6.0,0,10,10,10,0,3,3,1,1,2,1,2
28531,28685,3,pv_pt,1,1,1,25,25,22,2,2,1.75,20,20,6,7,2,7,5,5,5,5,0,0,3,2,25,25,27,11,14,2,2,2,1.75,0,5,5,20,20,4,2,1,1,1,2,2
28531,28685,2,pt,1,1,0,25,25,22,2,2,1.75,20,20,6,7,2,7,5,5,5,5,0,0,3,2,25,25,27,11,14,2,2,2,1.75,0,5,5,20,20,4,2,1,1,1,2,2
28531,28686,1,pv,1,1,1,20,25,18,4,4,1.75,0,10,0,7,7,7,5,10,0,10,0,2,1,1,20,25,28,0,14,7,4,4,3.75,0,5,10,0,10,5,2,1,1,1,2,2
28531,28686,2,pt,0,1,1,20,25,18,4,4,1.75,0,10,0,7,7,7,5,10,0,10,0,2,1,1,20,25,28,0,14,7,4,4,3.75,0,5,10,0,10,5,2,1,1,1,2,2
28531,28687,2,pt,1,1,1,30,20,23,6,2,4.5,20,0,12,2,12,12,10,5,0,10,0,2,1,3,30,20,33,12,14,12,6,2,6.5,0,10,5,20,0,6,2,1,1,1,2,2
28531,28687,3,pv_pt,1,0,1,30,20,23,6,2,4.5,20,0,12,2,12,12,10,5,0,10,0,2,1,3,30,20,33,12,14,12,6,2,6.5,0,10,5,20,0,6,2,1,1,1,2,2
28531,28689,2,pt,1,1,1,30,30,26,2,4,1.75,0,20,12,2,12,7,0,5,10,15,10,4,1,2,30,30,41,22,9,12,12,4,5.75,0,0,5,0,20,7,2,1,2,4,2,2
28531,28689,3,pv_pt,1,0,1,30,30,26,2,4,1.75,0,20,12,2,12,7,0,5,10,15,10,4,1,2,30,30,41,22,9,12,12,4,5.75,0,0,5,0,20,7,2,1,2,4,2,2
28531,28690,2,pt,1,1,1,30,30,26,2,0,1.75,10,0,0,2,7,2,10,15,0,15,10,0,3,1,30,30,41,0,4,7,12,0,1.75,0,10,15,10,0,8,2,1,2,4,2,2
28531,28690,3,pv_pt,1,0,1,30,30,26,2,0,1.75,10,0,0,2,7,2,10,15,0,15,10,0,3,1,30,30,41,0,4,7,12,0,1.75,0,10,15,10,0,8,2,1,2,4,2,2
28531,28691,2,pt,1,1,1,30,20,30,2,0,2.0,0,10,12,12,7,12,5,10,0,15,10,0,3,3,30,20,45,12,24,7,12,0,2.0,0,5,10,0,10,9,2,1,2,4,2,2
28531,28691,3,pv_pt,1,0,1,30,20,30,2,0,2.0,0,10,12,12,7,12,5,10,0,15,10,0,3,3,30,20,45,12,24,7,12,0,2.0,0,5,10,0,10,9,2,1,2,4,2,2
28574,28723,3,pv_pt,1,1,1,20,20,15,2,2,1.5,20,10,6,7,2,12,10,5,5,15,5,4,3,1,20,20,30,11,19,2,7,2,5.5,0,10,5,20,10,1,1,1,1,2,2,1
28574,28723,1,pv,1,1,0,20,20,15,2,2,1.5,20,10,6,7,2,12,10,5,5,15,5,4,3,1,20,20,30,11,19,2,7,2,5.5,0,10,5,20,10,1,1,1,1,2,2,1
28574,28724,2,pt,1,1,1,20,25,18,2,0,1.75,0,0,12,2,7,12,0,15,5,5,5,4,2,1,20,25,23,17,14,7,7,0,5.75,0,0,15,0,0,2,1,1,1,2,2,1
28574,28724,1,pv,1,0,1,20,25,18,2,0,1.75,0,0,12,2,7,12,0,15,5,5,5,4,2,1,20,25,23,17,14,7,7,0,5.75,0,0,15,0,0,2,1,1,1,2,2,1
28574,28725,1,pv,1,1,1,20,25,18,2,2,1.75,10,10,0,7,7,7,5,10,5,10,0,2,2,3,20,25,28,5,14,7,2,2,3.75,0,5,10,10,10,3,1,1,1,2,2,1
28574,28725,3,pv_pt,0,1,1,20,25,18,2,2,1.75,10,10,0,7,7,7,5,10,5,10,0,2,2,3,20,25,28,5,14,7,2,2,3.75,0,5,10,10,10,3,1,1,1,2,2,1
28574,28727,1,pv,1,1,1,30,30,26,2,4,1.75,0,20,12,2,12,7,0,5,10,15,10,4,1,2,30,30,41,22,9,12,12,4,5.75,0,0,5,0,20,4,2,1,1,1,2,2
28574,28727,2,pt,0,1,1,30,30,26,2,4,1.75,0,20,12,2,12,7,0,5,10,15,10,4,1,2,30,30,41,22,9,12,12,4,5.75,0,0,5,0,20,4,2,1,1,1,2,2
28574,28728,2,pt,1,1,1,25,30,25,4,4,4.0,20,0,12,12,12,12,0,15,10,10,5,4,3,2,25,30,35,22,24,12,9,4,8.0,0,0,15,20,0,5,2,1,1,1,2,2
28574,28728,3,pv_pt,1,0,1,25,30,25,4,4,4.0,20,0,12,12,12,12,0,15,10,10,5,4,3,2,25,30,35,22,24,12,9,4,8.0,0,0,15,20,0,5,2,1,1,1,2,2
28574,28729,1,pv,1,1,1,30,30,26,2,0,1.75,10,0,0,2,7,2,10,15,0,15,10,0,3,1,30,30,41,0,4,7,12,0,1.75,0,10,15,10,0,6,2,1,1,1,2,2
28574,28729,2,pt,0,1,1,30,30,26,2,0,1.75,10,0,0,2,7,2,10,15,0,15,10,0,3,1,30,30,41,0,4,7,12,0,1.75,0,10,15,10,0,6,2,1,1,1,2,2
28574,28731,3,pv_pt,1,1,1,20,25,15,4,2,3.0,20,20,6,7,2,12,5,15,0,5,5,0,2,2,20,25,20,6,19,2,9,2,3.0,0,5,15,20,20,7,4,1,1,2,2,2
28574,28731,1,pv,1,1,0,20,25,15,4,2,3.0,20,20,6,7,2,12,5,15,0,5,5,0,2,2,20,25,20,6,19,2,9,2,3.0,0,5,15,20,20,7,4,1,1,2,2,2
28574,28732,1,pv,1,1,1,30,20,30,2,0,2.0,0,10,12,12,7,12,5,10,0,15,10,0,3,3,30,20,45,12,24,7,12,0,2.0,0,5,10,0,10,8,4,1,1,2,2,2
28574,28732,3,pv_pt,0,1,1,30,20,30,2,0,2.0,0,10,12,12,7,12,5,10,0,15,10,0,3,3,30,20,45,12,24,7,12,0,2.0,0,5,10,0,10,8,4,1,1,2,2,2
28574,28733,2,pt,1,1,1,20,30,18,6,0,5.25,10,0,12,12,7,2,0,10,0,15,5,4,1,1,20,30,33,12,14,7,11,0,9.25,0,0,10,10,0,9,4,1,1,2,2,2
28574,28733,1,pv,1,0,1,20,30,18,6,0,5.25,10,0,12,12,7,2,0,10,0,15,5,4,1,1,20,30,33,12,14,7,11,0,9.25,0,0,10,10,0,9,4,1,1,2,2,2
28627,28845,2,pt,1,1,1,30,20,23,4,0,3.0,20,20,12,2,12,2,0,15,10,5,0,0,1,1,30,20,28,22,4,12,4,0,3.0,0,0,15,20,20,1,2,1,2,1,2,1
28627,28845,1,pv,1,0,1,30,20,23,4,0,3.0,20,20,12,2,12,2,0,15,10,5,0,0,1,1,30,20,28,22,4,12,4,0,3.0,0,0,15,20,20,1,2,1,2,1,2,1
28627,28846,1,pv,1,1,1,25,20,22,4,0,3.5,10,0,0,7,12,2,0,10,10,10,0,2,3,2,25,20,32,10,9,12,4,0,5.5,0,0,10,10,0,2,2,1,2,1,2,1
28627,28846,2,pt,0,1,1,25,20,22,4,0,3.5,10,0,0,7,12,2,0,10,10,10,0,2,3,2,25,20,32,10,9,12,4,0,5.5,0,0,10,10,0,2,2,1,2,1,2,1
28627,28847,1,pv,1,1,1,30,30,26,2,0,1.75,10,0,0,2,7,2,10,15,0,15,10,0,3,1,30,30,41,0,4,7,12,0,1.75,0,10,15,10,0,3,2,1,2,1,2,1
28627,28847,2,pt,0,1,1,30,30,26,2,0,1.75,10,0,0,2,7,2,10,15,0,15,10,0,3,1,30,30,41,0,4,7,12,0,1.75,0,10,15,10,0,3,2,1,2,1,2,1
28627,28849,1,pv,1,1,1,25,30,25,4,4,4.0,20,0,12,12,12,12,0,15,10,10,5,4,3,2,25,30,35,22,24,12,9,4,8.0,0,0,15,20,0,4,2,1,1,3,1,1
28627,28849,2,pt,0,1,1,25,30,25,4,4,4.0,20,0,12,12,12,12,0,15,10,10,5,4,3,2,25,30,35,22,24,12,9,4,8.0,0,0,15,20,0,4,2,1,1,3,1,1
28627,28850,1,pv,1,1,1,25,25,22,4,2,3.5,0,20,6,7,7,7,5,10,0,10,0,2,2,2,25,25,32,6,14,7,4,2,5.5,0,5,10,0,20,5,2,1,1,3,1,1
28627,28850,2,pt,0,1,1,25,25,22,4,2,3.5,0,20,6,7,7,7,5,10,0,10,0,2,2,2,25,25,32,6,14,7,4,2,5.5,0,5,10,0,20,5,2,1,1,3,1,1
28627,28851,2,pt,1,1,1,25,20,25,6,4,6.0,10,20,12,2,2,2,10,15,5,5,10,2,3,3,25,20,30,17,4,2,16,4,8.0,0,10,15,10,20,6,2,1,1,3,1,1
28627,28851,3,pv_pt,1,0,1,25,20,25,6,4,6.0,10,20,12,2,2,2,10,15,5,5,10,2,3,3,25,20,30,17,4,2,16,4,8.0,0,10,15,10,20,6,2,1,1,3,1,1
28627,28854,3,pv_pt,1,1,1,25,25,22,2,2,1.75,20,20,6,7,2,7,5,5,5,5,0,0,3,2,25,25,27,11,14,2,2,2,1.75,0,5,5,20,20,7,2,1,2,4,2,2
28627,28854,1,pv,1,1,0,25,25,22,2,2,1.75,20,20,6,7,2,7,5,5,5,5,0,0,3,2,25,25,27,11,14,2,2,2,1.75,0,5,5,20,20,7,2,1,2,4,2,2
28627,28855,1,pv,1,1,1,30,25,23,6,2,4.5,0,10,6,12,2,7,10,15,5,10,5,4,2,2,30,25,33,11,19,2,11,2,8.5,0,10,15,0,10,8,2,1,2,4,2,2
28627,28855,3,pv_pt,0,1,1,30,25,23,6,2,4.5,0,10,6,12,2,7,10,15,5,10,5,4,2,2,30,25,33,11,19,2,11,2,8.5,0,10,15,0,10,8,2,1,2,4,2,2
28627,28856,2,pt,1,1,1,20,25,18,2,0,1.75,0,0,12,2,7,12,0,15,5,5,5,4,2,1,20,25,23,17,14,7,7,0,5.75,0,0,15,0,0,9,2,1,2,4,2,2
28627,28856,1,pv,1,0,1,20,25,18,2,0,1.75,0,0,12,2,7,12,0,15,5,5,5,4,2,1,20,25,23,17,14,7,7,0,5.75,0,0,15,0,0,9,2,1,2,4,2,2
28676,28871,1,pv,1,1,1,20,25,18,4,4,1.75,0,10,0,7,7,7,5,10,0,10,0,2,1,1,20,25,28,0,14,7,4,4,3.75,0,5,10,0,10,1,3,1,2,4,2,1
28676,28871,2,pt,0,1,1,20,25,18,4,4,1.75,0,10,0,7,7,7,5,10,0,10,0,2,1,1,20,25,28,0,14,7,4,4,3.75,0,5,10,0,10,1,3,1,2,4,2,1
28676,28872,1,pv,1,1,1,20,30,20,6,0,6.0,10,0,0,2,12,12,10,10,10,10,10,0,1,2,20,30,30,10,14,12,16,0,6.0,0,10,10,10,0,2,3,1,2,4,2,1
28676,28872,3,pv_pt,0,1,1,20,30,20,6,0,6.0,10,0,0,2,12,12,10,10,10,10,10,0,1,2,20,30,30,10,14,12,16,0,6.0,0,10,10,10,0,2,3,1,2,4,2,1
28676,28874,1,pv,1,1,1,20,30,20,4,2,4.0,0,10,12,12,2,2,10,5,10,5,5,0,3,1,20,30,25,22,14,2,9,2,4.0,0,10,5,0,10,3,3,1,2,4,2,1
28676,28874,3,pv_pt,0,1,1,20,30,20,4,2,4.0,0,10,12,12,2,2,10,5,10,5,5,0,3,1,20,30,25,22,14,2,9,2,4.0,0,10,5,0,10,3,3,1,2,4,2,1
28676,28876,2,pt,1,1,1,30,20,30,2,0,2.0,0,10,12,12,7,12,5,10,0,15,10,0,3,3,30,20,45,12,24,7,12,0,2.0,0,5,10,0,10,4,2,2,2,3,1,2
28676,28876,1,pv,1,0,1,30,20,30,2,0,2.0,0,10,12,12,7,12,5,10,0,15,10,0,3,3,30,20,45,12,24,7,12,0,2.0,0,5,10,0,10,4,2,2,2,3,1,2
28676,28877,1,pv,1,1,1,25,30,25,4,4,4.0,10,10,6,7,7,7,5,10,5,10,0,2,1,3,25,30,35,11,14,7,4,4,6.0,0,5,10,10,10,5,2,2,2,3,1,2
28676,28877,2,pt,0,1,1,25,30,25,4,4,4.0,10,10,6,7,7,7,5,10,5,10,0,2,1,3,25,30,35,11,14,7,4,4,6.0,0,5,10,10,10,5,2,2,2,3,1,2
28676,28878,1,pv,1,1,1,20,25,15,4,2,3.0,20,20,6,7,2,12,5,15,0,5,5,0,2,2,20,25,20,6,19,2,9,2,3.0,0,5,15,20,20,6,2,2,2,3,1,2
28676,28878,3,pv_pt,0,1,1,20,25,15,4,2,3.0,20,20,6,7,2,12,5,15,0,5,5,0,2,2,20,25,20,6,19,2,9,2,3.0,0,5,15,20,20,6,2,2,2,3,1,2
28676,28882,1,pv,1,1,1,25,20,25,6,4,6.0,10,20,12,2,2,2,10,15,5,5,10,2,3,3,25,20,30,17,4,2,16,4,8.0,0,10,15,10,20,7,2,2,2,2,1,2
28676,28882,3,pv_pt,0,1,1,25,20,25,6,4,6.0,10,20,12,2,2,2,10,15,5,5,10,2,3,3,25,20,30,17,4,2,16,4,8.0,0,10,15,10,20,7,2,2,2,2,1,2
28676,28884,1,pv,1,1,1,25,25,22,2,2,1.75,20,20,6,7,2,7,5,5,5,5,0,0,3,2,25,25,27,11,14,2,2,2,1.75,0,5,5,20,20,8,2,2,2,2,1,2
28676,28884,3,pv_pt,0,1,1,25,25,22,2,2,1.75,20,20,6,7,2,7,5,5,5,5,0,0,3,2,25,25,27,11,14,2,2,2,1.75,0,5,5,20,20,8,2,2,2,2,1,2
28676,28886,1,pv,1,1,1,20,25,18,2,2,1.75,10,10,0,7,7,7,5,10,5,10,0,2,2,3,20,25,28,5,14,7,2,2,3.75,0,5,10,10,10,9,2,2,2,2,1,2
28676,28886,3,pv_pt,0,1,1,20,25,18,2,2,1.75,10,10,0,7,7,7,5,10,5,10,0,2,2,3,20,25,28,5,14,7,2,2,3.75,0,5,10,10,10,9,2,2,2,2,1,2
28693,28985,1,pv,1,1,1,25,30,25,4,4,4.0,10,10,6,7,7,7,5,10,5,10,0,2,1,3,25,30,35,11,14,7,4,4,6.0,0,5,10,10,10,1,3,1,1,3,1,2
28693,28985,3,pv_pt,0,1,1,25,30,25,4,4,4.0,10,10,6,7,7,7,5,10,5,10,0,2,1,3,25,30,35,11,14,7,4,4,6.0,0,5,10,10,10,1,3,1,1,3,1,2
28693,28986,2,pt,1,1,1,30,20,23,4,0,3.0,20,20,12,2,12,2,0,15,10,5,0,0,1,1,30,20,28,22,4,12,4,0,3.0,0,0,15,20,20,2,3,1,1,3,1,2
28693,28986,1,pv,1,0,1,30,20,23,4,0,3.0,20,20,12,2,12,2,0,15,10,5,0,0,1,1,30,20,28,22,4,12,4,0,3.0,0,0,15,20,20,2,3,1,1,3,1,2
28693,28987,1,pv,1,1,1,30,20,23,6,2,4.5,20,0,12,2,12,12,10,5,0,10,0,2,1,3,30,20,33,12,14,12,6,2,6.5,0,10,5,20,0,3,3,1,1,3,1,2
28693,28987,2,pt,0,1,1,30,20,23,6,2,4.5,20,0,12,2,12,12,10,5,0,10,0,2,1,3,30,20,33,12,14,12,6,2,6.5,0,10,5,20,0,3,3,1,1,3,1,2
28693,28989,1,pv,1,1,1,30,25,23,6,2,4.5,0,10,6,12,2,7,10,15,5,10,5,4,2,2,30,25,33,11,19,2,11,2,8.5,0,10,15,0,10,4,1,1,2,1,1,2
28693,28989,3,pv_pt,0,1,1,30,25,23,6,2,4.5,0,10,6,12,2,7,10,15,5,10,5,4,2,2,30,25,33,11,19,2,11,2,8.5,0,10,15,0,10,4,1,1,2,1,1,2
28693,28990,1,pv,1,1,1,20,25,18,4,4,1.75,0,10,0,7,7,7,5,10,0,10,0,2,1,1,20,25,28,0,14,7,4,4,3.75,0,5,10,0,10,5,1,1,2,1,1,2
28693,28990,2,pt,0,1,1,20,25,18,4,4,1.75,0,10,0,7,7,7,5,10,0,10,0,2,1,1,20,25,28,0,14,7,4,4,3.75,0,5,10,0,10,5,1,1,2,1,1,2
28693,28991,1,pv,1,1,1,30,30,30,4,0,4.0,20,20,0,12,12,2,10,10,5,5,10,4,2,1,30,30,35,5,14,12,14,0,8.0,0,10,10,20,20,6,1,1,2,1,1,2
28693,28991,3,pv_pt,0,1,1,30,30,30,4,0,4.0,20,20,0,12,12,2,10,10,5,5,10,4,2,1,30,30,35,5,14,12,14,0,8.0,0,10,10,20,20,6,1,1,2,1,1,2
28693,28994,1,pv,1,1,1,20,30,20,6,0,6.0,10,0,0,2,12,12,10,10,10,10,10,0,1,2,20,30,30,10,14,12,16,0,6.0,0,10,10,10,0,7,1,1,1,3,2,1
28693,28994,3,pv_pt,0,1,1,20,30,20,6,0,6.0,10,0,0,2,12,12,10,10,10,10,10,0,1,2,20,30,30,10,14,12,16,0,6.0,0,10,10,10,0,7,1,1,1,3,2,1
28693,28995,3,pv_pt,1,1,1,20,30,20,4,2,4.0,0,10,12,12,2,2,10,5,10,5,5,0,3,1,20,30,25,22,14,2,9,2,4.0,0,10,5,0,10,8,1,1,1,3,2,1
28693,28995,1,pv,1,1,0,20,30,20,4,2,4.0,0,10,12,12,2,2,10,5,10,5,5,0,3,1,20,30,25,22,14,2,9,2,4.0,0,10,5,0,10,8,1,1,1,3,2,1
28693,28996,1,pv,1,1,1,30,20,30,2,0,2.0,0,10,12,12,7,12,5,10,0,15,10,0,3,3,30,20,45,12,24,7,12,0,2.0,0,5,10,0,10,9,1,1,1,3,2,1
28693,28996,2,pt,0,1,1,30,20,30,2,0,2.0,0,10,12,12,7,12,5,10,0,15,10,0,3,3,30,20,45,12,24,7,12,0,2.0,0,5,10,0,10,9,1,1,1,3,2,1
28803,29217,1,pv,1,1,1,20,25,18,2,0,1.75,0,0,12,2,7,12,0,15,5,5,5,4,2,1,20,25,23,17,14,7,7,0,5.75,0,0,15,0,0,1,2,2,2,2,1,2
28803,29217,2,pt,0,1,1,20,25,18,2,0,1.75,0,0,12,2,7,12,0,15,5,5,5,4,2,1,20,25,23,17,14,7,7,0,5.75,0,0,15,0,0,1,2,2,2,2,1,2
28803,29218,1,pv,1,1,1,30,25,23,6,4,4.5,0,10,6,7,2,12,5,5,10,15,0,0,2,1,30,25,38,16,19,2,6,4,4.5,0,5,5,0,10,2,2,2,2,2,1,2
28803,29218,2,pt,0,1,1,30,25,23,6,4,4.5,0,10,6,7,2,12,5,5,10,15,0,0,2,1,30,25,38,16,19,2,6,4,4.5,0,5,5,0,10,2,2,2,2,2,1,2
28803,29219,2,pt,1,1,1,25,20,25,6,4,6.0,20,0,6,2,7,2,0,5,0,15,10,2,2,2,25,20,40,6,4,7,16,4,8.0,0,0,5,20,0,3,2,2,2,2,1,2
28803,29219,1,pv,1,0,1,25,20,25,6,4,6.0,20,0,6,2,7,2,0,5,0,15,10,2,2,2,25,20,40,6,4,7,16,4,8.0,0,0,5,20,0,3,2,2,2,2,1,2
28803,29221,2,pt,1,1,1,30,20,30,2,0,2.0,0,10,12,12,7,12,5,10,0,15,10,0,3,3,30,20,45,12,24,7,12,0,2.0,0,5,10,0,10,4,4,1,2,1,1,1
28803,29221,1,pv,1,0,1,30,20,30,2,0,2.0,0,10,12,12,7,12,5,10,0,15,10,0,3,3,30,20,45,12,24,7,12,0,2.0,0,5,10,0,10,4,4,1,2,1,1,1
28803,29222,1,pv,1,1,1,25,30,25,4,4,4.0,20,0,12,12,12,12,0,15,10,10,5,4,3,2,25,30,35,22,24,12,9,4,8.0,0,0,15,20,0,5,4,1,2,1,1,1
28803,29222,2,pt,0,1,1,25,30,25,4,4,4.0,20,0,12,12,12,12,0,15,10,10,5,4,3,2,25,30,35,22,24,12,9,4,8.0,0,0,15,20,0,5,4,1,2,1,1,1
28803,29223,1,pv,1,1,1,30,30,26,2,0,1.75,10,0,0,2,7,2,10,15,0,15,10,0,3,1,30,30,41,0,4,7,12,0,1.75,0,10,15,10,0,6,4,1,2,1,1,1
28803,29223,2,pt,0,1,1,30,30,26,2,0,1.75,10,0,0,2,7,2,10,15,0,15,10,0,3,1,30,30,41,0,4,7,12,0,1.75,0,10,15,10,0,6,4,1,2,1,1,1
28803,29225,1,pv,1,1,1,20,25,18,2,2,1.75,10,10,0,7,7,7,5,10,5,10,0,2,2,3,20,25,28,5,14,7,2,2,3.75,0,5,10,10,10,7,2,2,2,3,1,2
28803,29225,3,pv_pt,0,1,1,20,25,18,2,2,1.75,10,10,0,7,7,7,5,10,5,10,0,2,2,3,20,25,28,5,14,7,2,2,3.75,0,5,10,10,10,7,2,2,2,3,1,2
28803,29226,3,pv_pt,1,1,1,20,30,15,6,2,4.5,0,20,0,2,12,7,0,5,0,5,10,2,3,3,20,30,20,0,9,12,16,2,6.5,0,0,5,0,20,8,2,2,2,3,1,2
28803,29226,1,pv,1,1,0,20,30,15,6,2,4.5,0,20,0,2,12,7,0,5,0,5,10,2,3,3,20,30,20,0,9,12,16,2,6.5,0,0,5,0,20,8,2,2,2,3,1,2
28803,29227,1,pv,1,1,1,30,20,23,6,2,4.5,20,0,12,2,12,12,10,5,0,10,0,2,1,3,30,20,33,12,14,12,6,2,6.5,0,10,5,20,0,9,2,2,2,3,1,2
28803,29227,2,pt,0,1,1,30,20,23,6,2,4.5,20,0,12,2,12,12,10,5,0,10,0,2,1,3,30,20,33,12,14,12,6,2,6.5,0,10,5,20,0,9,2,2,2,3,1,2
28830,29002,1,pv,1,1,1,20,30,20,6,0,6.0,10,0,0,2,12,12,10,10,10,10,10,0,1,2,20,30,30,10,14,12,16,0,6.0,0,10,10,10,0,1,2,1,2,1,2,1
28830,29002,2,pt,0,1,1,20,30,20,6,0,6.0,10,0,0,2,12,12,10,10,10,10,10,0,1,2,20,30,30,10,14,12,16,0,6.0,0,10,10,10,0,1,2,1,2,1,2,1
28830,29003,1,pv,1,1,1,25,25,22,2,2,1.75,20,20,6,7,2,7,5,5,5,5,0,0,3,2,25,25,27,11,14,2,2,2,1.75,0,5,5,20,20,2,2,1,2,1,2,1
28830,29003,3,pv_pt,0,1,1,25,25,22,2,2,1.75,20,20,6,7,2,7,5,5,5,5,0,0,3,2,25,25,27,11,14,2,2,2,1.75,0,5,5,20,20,2,2,1,2,1,2,1
28830,29004,1,pv,1,1,1,25,20,25,6,0,6.0,20,20,0,12,2,12,0,15,10,15,5,4,1,3,25,20,40,10,24,2,11,0,10.0,0,0,15,20,20,3,2,1,2,1,2,1
28830,29004,2,pt,0,1,1,25,20,25,6,0,6.0,20,20,0,12,2,12,0,15,10,15,5,4,1,3,25,20,40,10,24,2,11,0,10.0,0,0,15,20,20,3,2,1,2,1,2,1
28830,29006,2,pt,1,1,1,25,20,25,6,4,6.0,20,0,6,2,7,2,0,5,0,15,10,2,2,2,25,20,40,6,4,7,16,4,8.0,0,0,5,20,0,4,4,1,1,2,2,2
28830,29006,1,pv,1,0,1,25,20,25,6,4,6.0,20,0,6,2,7,2,0,5,0,15,10,2,2,2,25,20,40,6,4,7,16,4,8.0,0,0,5,20,0,4,4,1,1,2,2,2
28830,29007,2,pt,1,1,1,30,30,26,2,0,1.75,10,0,0,2,7,2,10,15,0,15,10,0,3,1,30,30,41,0,4,7,12,0,1.75,0,10,15,10,0,5,4,1,1,2,2,2
28830,29007,1,pv,1,0,1,30,30,26,2,0,1.75,10,0,0,2,7,2,10,15,0,15,10,0,3,1,30,30,41,0,4,7,12,0,1.75,0,10,15,10,0,5,4,1,1,2,2,2
28830,29008,3,pv_pt,1,1,1,20,20,15,2,2,1.5,20,10,6,7,2,12,10,5,5,15,5,4,3,1,20,20,30,11,19,2,7,2,5.5,0,10,5,20,10,6,4,1,1,2,2,2
28830,29008,1,pv,1,1,0,20,20,15,2,2,1.5,20,10,6,7,2,12,10,5,5,15,5,4,3,1,20,20,30,11,19,2,7,2,5.5,0,10,5,20,10,6,4,1,1,2,2,2
28830,29010,1,pv,1,1,1,25,20,22,4,0,3.5,10,0,0,7,12,2,0,10,10,10,0,2,3,2,25,20,32,10,9,12,4,0,5.5,0,0,10,10,0,7,3,2,2,1,2,2
28830,29010,2,pt,0,1,1,25,20,22,4,0,3.5,10,0,0,7,12,2,0,10,10,10,0,2,3,2,25,20,32,10,9,12,4,0,5.5,0,0,10,10,0,7,3,2,2,1,2,2
28830,29013,1,pv,1,1,1,30,25,23,2,4,1.5,10,10,0,12,2,7,5,5,5,5,5,4,2,3,30,25,28,5,19,2,7,4,5.5,0,5,5,10,10,8,3,2,2,1,2,2
28830,29013,3,pv_pt,0,1,1,30,25,23,2,4,1.5,10,10,0,12,2,7,5,5,5,5,5,4,2,3,30,25,28,5,19,2,7,4,5.5,0,5,5,10,10,8,3,2,2,1,2,2
28830,29014,1,pv,1,1,1,20,30,18,6,0,5.25,10,0,12,12,7,2,0,10,0,15,5,4,1,1,20,30,33,12,14,7,11,0,9.25,0,0,10,10,0,9,3,2,2,1,2,2
28830,29014,2,pt,0,1,1,20,30,18,6,0,5.25,10,0,12,12,7,2,0,10,0,15,5,4,1,1,20,30,33,12,14,7,11,0,9.25,0,0,10,10,0,9,3,2,2,1,2,2
28921,29016,2,pt,1,1,1,30,20,30,2,0,2.0,0,10,12,12,7,12,5,10,0,15,10,0,3,3,30,20,45,12,24,7,12,0,2.0,0,5,10,0,10,1,3,1,1,3,1,2
28921,29016,3,pv_pt,1,0,1,30,20,30,2,0,2.0,0,10,12,12,7,12,5,10,0,15,10,0,3,3,30,20,45,12,24,7,12,0,2.0,0,5,10,0,10,1,3,1,1,3,1,2
28921,29017,2,pt,1,1,1,20,30,20,6,0,6.0,10,0,0,2,12,12,10,10,10,10,10,0,1,2,20,30,30,10,14,12,16,0,6.0,0,10,10,10,0,2,3,1,1,3,1,2
28921,29017,3,pv_pt,1,0,1,20,30,20,6,0,6.0,10,0,0,2,12,12,10,10,10,10,10,0,1,2,20,30,30,10,14,12,16,0,6.0,0,10,10,10,0,2,3,1,1,3,1,2
28921,29018,2,pt,1,1,1,25,20,22,4,0,3.5,10,0,0,7,12,2,0,10,10,10,0,2,3,2,25,20,32,10,9,12,4,0,5.5,0,0,10,10,0,3,3,1,1,3,1,2
28921,29018,3,pv_pt,1,0,1,25,20,22,4,0,3.5,10,0,0,7,12,2,0,10,10,10,0,2,3,2,25,20,32,10,9,12,4,0,5.5,0,0,10,10,0,3,3,1,1,3,1,2
28921,29020,2,pt,1,1,1,20,30,20,4,2,4.0,0,10,12,12,2,2,10,5,10,5,5,0,3,1,20,30,25,22,14,2,9,2,4.0,0,10,5,0,10,4,1,2,2,4,1,1
28921,29020,3,pv_pt,1,0,1,20,30,20,4,2,4.0,0,10,12,12,2,2,10,5,10,5,5,0,3,1,20,30,25,22,14,2,9,2,4.0,0,10,5,0,10,4,1,2,2,4,1,1
28921,29021,2,pt,1,1,1,25,25,22,2,4,1.75,10,0,6,12,12,2,10,15,10,15,10,0,1,3,25,25,37,16,14,12,12,4,1.75,0,10,15,10,0,5,1,2,2,4,1,1
28921,29021,3,pv_pt,1,0,1,25,25,22,2,4,1.75,10,0,6,12,12,2,10,15,10,15,10,0,1,3,25,25,37,16,14,12,12,4,1.75,0,10,15,10,0,5,1,2,2,4,1,1
28921,29022,2,pt,1,1,1,30,25,23,2,4,1.5,10,10,0,12,2,7,5,5,5,5,5,4,2,3,30,25,28,5,19,2,7,4,5.5,0,5,5,10,10,6,1,2,2,4,1,1
28921,29022,1,pv,1,0,1,30,25,23,2,4,1.5,10,10,0,12,2,7,5,5,5,5,5,4,2,3,30,25,28,5,19,2,7,4,5.5,0,5,5,10,10,6,1,2,2,4,1,1
28921,29026,2,pt,1,1,1,25,30,25,4,4,4.0,10,10,6,7,7,7,5,10,5,10,0,2,1,3,25,30,35,11,14,7,4,4,6.0,0,5,10,10,10,7,3,2,1,4,2,2
28921,29026,3,pv_pt,1,0,1,25,30,25,4,4,4.0,10,10,6,7,7,7,5,10,5,10,0,2,1,3,25,30,35,11,14,7,4,4,6.0,0,5,10,10,10,7,3,2,1,4,2,2
28921,29028,2,pt,1,1,1,20,25,18,4,4,1.75,0,10,0,7,7,7,5,10,0,10,0,2,1,1,20,25,28,0,14,7,4,4,3.75,0,5,10,0,10,8,3,2,1,4,2,2
28921,29028,3,pv_pt,1,0,1,20,25,18,4,4,1.75,0,10,0,7,7,7,5,10,0,10,0,2,1,1,20,25,28,0,14,7,4,4,3.75,0,5,10,0,10,8,3,2,1,4,2,2
28921,29029,2,pt,1,1,1,20,20,15,2,2,1.5,20,10,6,7,2,12,10,5,5,15,5,4,3,1,20,20,30,11,19,2,7,2,5.5,0,10,5,20,10,9,3,2,1,4,2,2
28921,29029,3,pv_pt,1,0,1,20,20,15,2,2,1.5,20,10,6,7,2,12,10,5,5,15,5,4,3,1,20,20,30,11,19,2,7,2,5.5,0,10,5,20,10,9,3,2,1,4,2,2
28947,29040,2,pt,1,1,1,30,30,30,4,0,4.0,20,20,0,12,12,2,10,10,5,5,10,4,2,1,30,30,35,5,14,12,14,0,8.0,0,10,10,20,20,1,2,1,1,3,1,1
28947,29040,1,pv,1,0,1,30,30,30,4,0,4.0,20,20,0,12,12,2,10,10,5,5,10,4,2,1,30,30,35,5,14,12,14,0,8.0,0,10,10,20,20,1,2,1,1,3,1,1
28947,29041,2,pt,1,1,1,30,30,26,2,0,1.75,10,0,0,2,7,2,10,15,0,15,10,0,3,1,30,30,41,0,4,7,12,0,1.75,0,10,15,10,0,2,2,1,1,3,1,1
28947,29041,1,pv,1,0,1,30,30,26,2,0,1.75,10,0,0,2,7,2,10,15,0,15,10,0,3,1,30,30,41,0,4,7,12,0,1.75,0,10,15,10,0,2,2,1,1,3,1,1
28947,29042,1,pv,1,1,1,25,25,22,4,2,3.5,0,20,6,7,7,7,5,10,0,10,0,2,2,2,25,25,32,6,14,7,4,2,5.5,0,5,10,0,20,3,2,1,1,3,1,1
28947,29042,2,pt,0,1,1,25,25,22,4,2,3.5,0,20,6,7,7,7,5,10,0,10,0,2,2,2,25,25,32,6,14,7,4,2,5.5,0,5,10,0,20,3,2,1,1,3,1,1
28947,29044,1,pv,1,1,1,25,25,22,2,4,1.75,10,0,6,12,12,2,10,15,10,15,10,0,1,3,25,25,37,16,14,12,12,4,1.75,0,10,15,10,0,4,4,2,2,2,2,1
28947,29044,2,pt,0,1,1,25,25,22,2,4,1.75,10,0,6,12,12,2,10,15,10,15,10,0,1,3,25,25,37,16,14,12,12,4,1.75,0,10,15,10,0,4,4,2,2,2,2,1
28947,29045,1,pv,1,1,1,20,30,15,6,2,4.5,0,20,0,2,12,7,0,5,0,5,10,2,3,3,20,30,20,0,9,12,16,2,6.5,0,0,5,0,20,5,4,2,2,2,2,1
28947,29045,2,pt,0,1,1,20,30,15,6,2,4.5,0,20,0,2,12,7,0,5,0,5,10,2,3,3,20,30,20,0,9,12,16,2,6.5,0,0,5,0,20,5,4,2,2,2,2,1
28947,29046,1,pv,1,1,1,25,20,22,4,0,3.5,10,0,0,7,12,2,0,10,10,10,0,2,3,2,25,20,32,10,9,12,4,0,5.5,0,0,10,10,0,6,4,2,2,2,2,1
28947,29046,2,pt,0,1,1,25,20,22,4,0,3.5,10,0,0,7,12,2,0,10,10,10,0,2,3,2,25,20,32,10,9,12,4,0,5.5,0,0,10,10,0,6,4,2,2,2,2,1
28947,29050,2,pt,1,1,1,20,30,18,6,0,5.25,10,0,12,12,7,2,0,10,0,15,5,4,1,1,20,30,33,12,14,7,11,0,9.25,0,0,10,10,0,7,2,1,2,1,2,1
28947,29050,1,pv,1,0,1,20,30,18,6,0,5.25,10,0,12,12,7,2,0,10,0,15,5,4,1,1,20,30,33,12,14,7,11,0,9.25,0,0,10,10,0,7,2,1,2,1,2,1
28947,29052,2,pt,1,1,1,25,20,25,6,4,6.0,20,0,6,2,7,2,0,5,0,15,10,2,2,2,25,20,40,6,4,7,16,4,8.0,0,0,5,20,0,8,2,1,2,1,2,1
28947,29052,1,pv,1,0,1,25,20,25,6,4,6.0,20,0,6,2,7,2,0,5,0,15,10,2,2,2,25,20,40,6,4,7,16,4,8.0,0,0,5,20,0,8,2,1,2,1,2,1
28947,29054,1,pv,1,1,1,25,30,25,4,4,4.0,10,10,6,7,7,7,5,10,5,10,0,2,1,3,25,30,35,11,14,7,4,4,6.0,0,5,10,10,10,9,2,1,2,1,2,1
28947,29054,3,pv_pt,0,1,1,25,30,25,4,4,4.0,10,10,6,7,7,7,5,10,5,10,0,2,1,3,25,30,35,11,14,7,4,4,6.0,0,5,10,10,10,9,2,1,2,1,2,1
28982,29049,1,pv,1,1,1,20,25,15,4,2,3.0,20,20,6,7,2,12,5,15,0,5,5,0,2,2,20,25,20,6,19,2,9,2,3.0,0,5,15,20,20,1,1,2,2,2,2,2
28982,29049,2,pt,0,1,1,20,25,15,4,2,3.0,20,20,6,7,2,12,5,15,0,5,5,0,2,2,20,25,20,6,19,2,9,2,3.0,0,5,15,20,20,1,1,2,2,2,2,2
28982,29051,1,pv,1,1,1,25,20,25,6,4,6.0,10,20,12,2,2,2,10,15,5,5,10,2,3,3,25,20,30,17,4,2,16,4,8.0,0,10,15,10,20,2,1,2,2,2,2,2
28982,29051,2,pt,0,1,1,25,20,25,6,4,6.0,10,20,12,2,2,2,10,15,5,5,10,2,3,3,25,20,30,17,4,2,16,4,8.0,0,10,15,10,20,2,1,2,2,2,2,2
28982,29053,1,pv,1,1,1,30,20,23,6,2,4.5,20,0,12,2,12,12,10,5,0,10,0,2,1,3,30,20,33,12,14,12,6,2,6.5,0,10,5,20,0,3,1,2,2,2,2,2
28982,29053,2,pt,0,1,1,30,20,23,6,2,4.5,20,0,12,2,12,12,10,5,0,10,0,2,1,3,30,20,33,12,14,12,6,2,6.5,0,10,5,20,0,3,1,2,2,2,2,2
28982,29056,1,pv,1,1,1,20,30,20,6,0,6.0,10,0,0,2,12,12,10,10,10,10,10,0,1,2,20,30,30,10,14,12,16,0,6.0,0,10,10,10,0,4,2,2,1,4,2,1
28982,29056,2,pt,0,1,1,20,30,20,6,0,6.0,10,0,0,2,12,12,10,10,10,10,10,0,1,2,20,30,30,10,14,12,16,0,6.0,0,10,10,10,0,4,2,2,1,4,2,1
28982,29058,1,pv,1,1,1,25,20,25,6,0,6.0,20,20,0,12,2,12,0,15,10,15,5,4,1,3,25,20,40,10,24,2,11,0,10.0,0,0,15,20,20,5,2,2,1,4,2,1
28982,29058,2,pt,0,1,1,25,20,25,6,0,6.0,20,20,0,12,2,12,0,15,10,15,5,4,1,3,25,20,40,10,24,2,11,0,10.0,0,0,15,20,20,5,2,2,1,4,2,1
28982,29059,1,pv,1,1,1,20,20,15,2,2,1.5,20,10,6,7,2,12,10,5,5,15,5,4,3,1,20,20,30,11,19,2,7,2,5.5,0,10,5,20,10,6,2,2,1,4,2,1
28982,29059,2,pt,0,1,1,20,20,15,2,2,1.5,20,10,6,7,2,12,10,5,5,15,5,4,3,1,20,20,30,11,19,2,7,2,5.5,0,10,5,20,10,6,2,2,1,4,2,1
28982,29061,1,pv,1,1,1,25,30,25,4,4,4.0,20,0,12,12,12,12,0,15,10,10,5,4,3,2,25,30,35,22,24,12,9,4,8.0,0,0,15,20,0,7,2,2,1,2,1,1
28982,29061,2,pt,0,1,1,25,30,25,4,4,4.0,20,0,12,12,12,12,0,15,10,10,5,4,3,2,25,30,35,22,24,12,9,4,8.0,0,0,15,20,0,7,2,2,1,2,1,1
28982,29062,1,pv,1,1,1,25,20,25,6,4,6.0,20,0,6,2,7,2,0,5,0,15,10,2,2,2,25,20,40,6,4,7,16,4,8.0,0,0,5,20,0,8,2,2,1,2,1,1
28982,29062,2,pt,0,1,1,25,20,25,6,4,6.0,20,0,6,2,7,2,0,5,0,15,10,2,2,2,25,20,40,6,4,7,16,4,8.0,0,0,5,20,0,8,2,2,1,2,1,1
28982,29063,1,pv,1,1,1,25,30,25,4,4,4.0,10,10,6,7,7,7,5,10,5,10,0,2,1,3,25,30,35,11,14,7,4,4,6.0,0,5,10,10,10,9,2,2,1,2,1,1
28982,29063,2,pt,0,1,1,25,30,25,4,4,4.0,10,10,6,7,7,7,5,10,5,10,0,2,1,3,25,30,35,11,14,7,4,4,6.0,0,5,10,10,10,9,2,2,1,2,1,1
29092,29127,2,pt,1,1,1,20,30,18,6,0,5.25,10,0,12,12,7,2,0,10,0,15,5,4,1,1,20,30,33,12,14,7,11,0,9.25,0,0,10,10,0,1,2,2,1,4,2,1
29092,29127,1,pv,1,0,1,20,30,18,6,0,5.25,10,0,12,12,7,2,0,10,0,15,5,4,1,1,20,30,33,12,14,7,11,0,9.25,0,0,10,10,0,1,2,2,1,4,2,1
29092,29128,2,pt,1,1,1,30,25,23,2,4,1.5,10,10,0,12,2,7,5,5,5,5,5,4,2,3,30,25,28,5,19,2,7,4,5.5,0,5,5,10,10,2,2,2,1,4,2,1
29092,29128,1,pv,1,0,1,30,25,23,2,4,1.5,10,10,0,12,2,7,5,5,5,5,5,4,2,3,30,25,28,5,19,2,7,4,5.5,0,5,5,10,10,2,2,2,1,4,2,1
29092,29129,2,pt,1,1,1,25,25,22,4,2,3.5,0,20,6,7,7,7,5,10,0,10,0,2,2,2,25,25,32,6,14,7,4,2,5.5,0,5,10,0,20,3,2,2,1,4,2,1
29092,29129,1,pv,1,0,1,25,25,22,4,2,3.5,0,20,6,7,7,7,5,10,0,10,0,2,2,2,25,25,32,6,14,7,4,2,5.5,0,5,10,0,20,3,2,2,1,4,2,1
29092,29131,1,pv,1,1,1,30,25,23,6,4,4.5,0,10,6,7,2,12,5,5,10,15,0,0,2,1,30,25,38,16,19,2,6,4,4.5,0,5,5,0,10,4,1,2,1,1,1,1
29092,29131,3,pv_pt,0,1,1,30,25,23,6,4,4.5,0,10,6,7,2,12,5,5,10,15,0,0,2,1,30,25,38,16,19,2,6,4,4.5,0,5,5,0,10,4,1,2,1,1,1,1
29092,29132,1,pv,1,1,1,20,25,18,2,0,1.75,0,0,12,2,7,12,0,15,5,5,5,4,2,1,20,25,23,17,14,7,7,0,5.75,0,0,15,0,0,5,1,2,1,1,1,1
29092,29132,2,pt,0,1,1,20,25,18,2,0,1.75,0,0,12,2,7,12,0,15,5,5,5,4,2,1,20,25,23,17,14,7,7,0,5.75,0,0,15,0,0,5,1,2,1,1,1,1
29092,29133,1,pv,1,1,1,30,30,26,2,4,1.75,0,20,12,2,12,7,0,5,10,15,10,4,1,2,30,30,41,22,9,12,12,4,5.75,0,0,5,0,20,6,1,2,1,1,1,1
29092,29133,2,pt,0,1,1,30,30,26,2,4,1.75,0,20,12,2,12,7,0,5,10,15,10,4,1,2,30,30,41,22,9,12,12,4,5.75,0,0,5,0,20,6,1,2,1,1,1,1
29092,29135,1,pv,1,1,1,25,20,25,6,4,6.0,20,0,6,2,7,2,0,5,0,15,10,2,2,2,25,20,40,6,4,7,16,4,8.0,0,0,5,20,0,7,1,1,1,2,2,1
29092,29135,2,pt,0,1,1,25,20,25,6,4,6.0,20,0,6,2,7,2,0,5,0,15,10,2,2,2,25,20,40,6,4,7,16,4,8.0,0,0,5,20,0,7,1,1,1,2,2,1
29092,29136,1,pv,1,1,1,20,25,15,4,2,3.0,20,20,6,7,2,12,5,15,0,5,5,0,2,2,20,25,20,6,19,2,9,2,3.0,0,5,15,20,20,8,1,1,1,2,2,1
29092,29136,2,pt,0,1,1,20,25,15,4,2,3.0,20,20,6,7,2,12,5,15,0,5,5,0,2,2,20,25,20,6,19,2,9,2,3.0,0,5,15,20,20,8,1,1,1,2,2,1
29092,29137,1,pv,1,1,1,25,25,22,2,4,1.75,10,0,6,12,12,2,10,15,10,15,10,0,1,3,25,25,37,16,14,12,12,4,1.75,0,10,15,10,0,9,1,1,1,2,2,1
29092,29137,2,pt,0,1,1,25,25,22,2,4,1.75,10,0,6,12,12,2,10,15,10,15,10,0,1,3,25,25,37,16,14,12,12,4,1.75,0,10,15,10,0,9,1,1,1,2,2,1
29106,29203,2,pt,1,1,1,25,20,22,4,0,3.5,10,0,0,7,12,2,0,10,10,10,0,2,3,2,25,20,32,10,9,12,4,0,5.5,0,0,10,10,0,1,3,2,2,1,2,2
29106,29203,1,pv,1,0,1,25,20,22,4,0,3.5,10,0,0,7,12,2,0,10,10,10,0,2,3,2,25,20,32,10,9,12,4,0,5.5,0,0,10,10,0,1,3,2,2,1,2,2
29106,29204,2,pt,1,1,1,30,20,23,6,2,4.5,20,0,12,2,12,12,10,5,0,10,0,2,1,3,30,20,33,12,14,12,6,2,6.5,0,10,5,20,0,2,3,2,2,1,2,2
29106,29204,3,pv_pt,1,0,1,30,20,23,6,2,4.5,20,0,12,2,12,12,10,5,0,10,0,2,1,3,30,20,33,12,14,12,6,2,6.5,0,10,5,20,0,2,3,2,2,1,2,2
29106,29205,2,pt,1,1,1,25,25,22,2,4,1.75,10,0,6,12,12,2,10,15,10,15,10,0,1,3,25,25,37,16,14,12,12,4,1.75,0,10,15,10,0,3,3,2,2,1,2,2
29106,29205,3,pv_pt,1,0,1,25,25,22,2,4,1.75,10,0,6,12,12,2,10,15,10,15,10,0,1,3,25,25,37,16,14,12,12,4,1.75,0,10,15,10,0,3,3,2,2,1,2,2
29106,29207,2,pt,1,1,1,25,20,25,6,4,6.0,20,0,6,2,7,2,0,5,0,15,10,2,2,2,25,20,40,6,4,7,16,4,8.0,0,0,5,20,0,4,4,1,2,1,1,1
29106,29207,3,pv_pt,1,0,1,25,20,25,6,4,6.0,20,0,6,2,7,2,0,5,0,15,10,2,2,2,25,20,40,6,4,7,16,4,8.0,0,0,5,20,0,4,4,1,2,1,1,1
29106,29208,2,pt,1,1,1,30,30,26,2,4,1.75,0,20,12,2,12,7,0,5,10,15,10,4,1,2,30,30,41,22,9,12,12,4,5.75,0,0,5,0,20,5,4,1,2,1,1,1
29106,29208,3,pv_pt,1,0,1,30,30,26,2,4,1.75,0,20,12,2,12,7,0,5,10,15,10,4,1,2,30,30,41,22,9,12,12,4,5.75,0,0,5,0,20,5,4,1,2,1,1,1
29106,29209,3,pv_pt,1,1,1,25,25,22,2,2,1.75,20,20,6,7,2,7,5,5,5,5,0,0,3,2,25,25,27,11,14,2,2,2,1.75,0,5,5,20,20,6,4,1,2,1,1,1
29106,29209,2,pt,1,1,0,25,25,22,2,2,1.75,20,20,6,7,2,7,5,5,5,5,0,0,3,2,25,25,27,11,14,2,2,2,1.75,0,5,5,20,20,6,4,1,2,1,1,1
29106,29211,2,pt,1,1,1,20,30,15,6,2,4.5,0,20,0,2,12,7,0,5,0,5,10,2,3,3,20,30,20,0,9,12,16,2,6.5,0,0,5,0,20,7,3,2,2,3,1,1
29106,29211,3,pv_pt,1,0,1,20,30,15,6,2,4.5,0,20,0,2,12,7,0,5,0,5,10,2,3,3,20,30,20,0,9,12,16,2,6.5,0,0,5,0,20,7,3,2,2,3,1,1
29106,29212,3,pv_pt,1,1,1,20,25,18,2,2,1.75,10,10,0,7,7,7,5,10,5,10,0,2,2,3,20,25,28,5,14,7,2,2,3.75,0,5,10,10,10,8,3,2,2,3,1,1
29106,29212,2,pt,1,1,0,20,25,18,2,2,1.75,10,10,0,7,7,7,5,10,5,10,0,2,2,3,20,25,28,5,14,7,2,2,3.75,0,5,10,10,10,8,3,2,2,3,1,1
29106,29213,2,pt,1,1,1,30,20,30,2,0,2.0,0,10,12,12,7,12,5,10,0,15,10,0,3,3,30,20,45,12,24,7,12,0,2.0,0,5,10,0,10,9,3,2,2,3,1,1
29106,29213,3,pv_pt,1,0,1,30,20,30,2,0,2.0,0,10,12,12,7,12,5,10,0,15,10,0,3,3,30,20,45,12,24,7,12,0,2.0,0,5,10,0,10,9,3,2,2,3,1,1
29107,29178,1,pv,1,1,1,20,25,18,4,4,1.75,0,10,0,7,7,7,5,10,0,10,0,2,1,1,20,25,28,0,14,7,4,4,3.75,0,5,10,0,10,1,1,1,2,3,2,2
29107,29178,2,pt,0,1,1,20,25,18,4,4,1.75,0,10,0,7,7,7,5,10,0,10,0,2,1,1,20,25,28,0,14,7,4,4,3.75,0,5,10,0,10,1,1,1,2,3,2,2
29107,29179,3,pv_pt,1,1,1,20,30,20,4,2,4.0,0,10,12,12,2,2,10,5,10,5,5,0,3,1,20,30,25,22,14,2,9,2,4.0,0,10,5,0,10,2,1,1,2,3,2,2
29107,29179,2,pt,1,1,0,20,30,20,4,2,4.0,0,10,12,12,2,2,10,5,10,5,5,0,3,1,20,30,25,22,14,2,9,2,4.0,0,10,5,0,10,2,1,1,2,3,2,2
29107,29180,2,pt,1,1,1,30,25,23,6,2,4.5,0,10,6,12,2,7,10,15,5,10,5,4,2,2,30,25,33,11,19,2,11,2,8.5,0,10,15,0,10,3,1,1,2,3,2,2
29107,29180,3,pv_pt,1,0,1,30,25,23,6,2,4.5,0,10,6,12,2,7,10,15,5,10,5,4,2,2,30,25,33,11,19,2,11,2,8.5,0,10,15,0,10,3,1,1,2,3,2,2
29107,29182,2,pt,1,1,1,20,25,18,2,0,1.75,0,0,12,2,7,12,0,15,5,5,5,4,2,1,20,25,23,17,14,7,7,0,5.75,0,0,15,0,0,4,3,1,2,4,2,1
29107,29182,1,pv,1,0,1,20,25,18,2,0,1.75,0,0,12,2,7,12,0,15,5,5,5,4,2,1,20,25,23,17,14,7,7,0,5.75,0,0,15,0,0,4,3,1,2,4,2,1
29107,29183,2,pt,1,1,1,20,30,18,6,0,5.25,10,0,12,12,7,2,0,10,0,15,5,4,1,1,20,30,33,12,14,7,11,0,9.25,0,0,10,10,0,5,3,1,2,4,2,1
29107,29183,3,pv_pt,1,0,1,20,30,18,6,0,5.25,10,0,12,12,7,2,0,10,0,15,5,4,1,1,20,30,33,12,14,7,11,0,9.25,0,0,10,10,0,5,3,1,2,4,2,1
29107,29184,3,pv_pt,1,1,1,25,20,25,6,0,6.0,20,20,0,12,2,12,0,15,10,15,5,4,1,3,25,20,40,10,24,2,11,0,10.0,0,0,15,20,20,6,3,1,2,4,2,1
29107,29184,2,pt,1,1,0,25,20,25,6,0,6.0,20,20,0,12,2,12,0,15,10,15,5,4,1,3,25,20,40,10,24,2,11,0,10.0,0,0,15,20,20,6,3,1,2,4,2,1
29107,29186,2,pt,1,1,1,25,20,25,6,4,6.0,10,20,12,2,2,2,10,15,5,5,10,2,3,3,25,20,30,17,4,2,16,4,8.0,0,10,15,10,20,7,1,2,2,4,1,1
29107,29186,3,pv_pt,1,0,1,25,20,25,6,4,6.0,10,20,12,2,2,2,10,15,5,5,10,2,3,3,25,20,30,17,4,2,16,4,8.0,0,10,15,10,20,7,1,2,2,4,1,1
29107,29187,2,pt,1,1,1,30,20,23,4,0,3.0,20,20,12,2,12,2,0,15,10,5,0,0,1,1,30,20,28,22,4,12,4,0,3.0,0,0,15,20,20,8,1,2,2,4,1,1
29107,29187,1,pv,1,0,1,30,20,23,4,0,3.0,20,20,12,2,12,2,0,15,10,5,0,0,1,1,30,20,28,22,4,12,4,0,3.0,0,0,15,20,20,8,1,2,2,4,1,1
29107,29189,2,pt,1,1,1,20,30,20,6,0,6.0,10,0,0,2,12,12,10,10,10,10,10,0,1,2,20,30,30,10,14,12,16,0,6.0,0,10,10,10,0,9,1,2,2,4,1,1
29107,29189,3,pv_pt,1,0,1,20,30,20,6,0,6.0,10,0,0,2,12,12,10,10,10,10,10,0,1,2,20,30,30,10,14,12,16,0,6.0,0,10,10,10,0,9,1,2,2,4,1,1
29124,29229,1,pv,1,1,1,25,30,25,4,4,4.0,10,10,6,7,7,7,5,10,5,10,0,2,1,3,25,30,35,11,14,7,4,4,6.0,0,5,10,10,10,1,3,2,2,1,2,2
29124,29229,2,pt,0,1,1,25,30,25,4,4,4.0,10,10,6,7,7,7,5,10,5,10,0,2,1,3,25,30,35,11,14,7,4,4,6.0,0,5,10,10,10,1,3,2,2,1,2,2
29124,29230,1,pv,1,1,1,30,20,23,4,0,3.0,20,20,12,2,12,2,0,15,10,5,0,0,1,1,30,20,28,22,4,12,4,0,3.0,0,0,15,20,20,2,3,2,2,1,2,2
29124,29230,2,pt,0,1,1,30,20,23,4,0,3.0,20,20,12,2,12,2,0,15,10,5,0,0,1,1,30,20,28,22,4,12,4,0,3.0,0,0,15,20,20,2,3,2,2,1,2,2
29124,29231,1,pv,1,1,1,25,20,25,6,4,6.0,20,0,6,2,7,2,0,5,0,15,10,2,2,2,25,20,40,6,4,7,16,4,8.0,0,0,5,20,0,3,3,2,2,1,2,2
29124,29231,2,pt,0,1,1,25,20,25,6,4,6.0,20,0,6,2,7,2,0,5,0,15,10,2,2,2,25,20,40,6,4,7,16,4,8.0,0,0,5,20,0,3,3,2,2,1,2,2
29124,29233,1,pv,1,1,1,30,30,26,2,0,1.75,10,0,0,2,7,2,10,15,0,15,10,0,3,1,30,30,41,0,4,7,12,0,1.75,0,10,15,10,0,4,3,1,2,2,1,1
29124,29233,2,pt,0,1,1,30,30,26,2,0,1.75,10,0,0,2,7,2,10,15,0,15,10,0,3,1,30,30,41,0,4,7,12,0,1.75,0,10,15,10,0,4,3,1,2,2,1,1
29124,29234,1,pv,1,1,1,25,30,25,4,4,4.0,20,0,12,12,12,12,0,15,10,10,5,4,3,2,25,30,35,22,24,12,9,4,8.0,0,0,15,20,0,5,3,1,2,2,1,1
29124,29234,2,pt,0,1,1,25,30,25,4,4,4.0,20,0,12,12,12,12,0,15,10,10,5,4,3,2,25,30,35,22,24,12,9,4,8.0,0,0,15,20,0,5,3,1,2,2,1,1
29124,29235,1,pv,1,1,1,30,25,23,2,4,1.5,10,10,0,12,2,7,5,5,5,5,5,4,2,3,30,25,28,5,19,2,7,4,5.5,0,5,5,10,10,6,3,1,2,2,1,1
29124,29235,3,pv_pt,0,1,1,30,25,23,2,4,1.5,10,10,0,12,2,7,5,5,5,5,5,4,2,3,30,25,28,5,19,2,7,4,5.5,0,5,5,10,10,6,3,1,2,2,1,1
29124,29237,1,pv,1,1,1,30,20,23,6,2,4.5,20,0,12,2,12,12,10,5,0,10,0,2,1,3,30,20,33,12,14,12,6,2,6.5,0,10,5,20,0,7,4,1,1,2,2,2
29124,29237,2,pt,0,1,1,30,20,23,6,2,4.5,20,0,12,2,12,12,10,5,0,10,0,2,1,3,30,20,33,12,14,12,6,2,6.5,0,10,5,20,0,7,4,1,1,2,2,2
29124,29238,1,pv,1,1,1,20,25,18,4,4,1.75,0,10,0,7,7,7,5,10,0,10,0,2,1,1,20,25,28,0,14,7,4,4,3.75,0,5,10,0,10,8,4,1,1,2,2,2
29124,29238,2,pt,0,1,1,20,25,18,4,4,1.75,0,10,0,7,7,7,5,10,0,10,0,2,1,1,20,25,28,0,14,7,4,4,3.75,0,5,10,0,10,8,4,1,1,2,2,2
29124,29239,1,pv,1,1,1,20,30,20,6,0,6.0,10,0,0,2,12,12,10,10,10,10,10,0,1,2,20,30,30,10,14,12,16,0,6.0,0,10,10,10,0,9,4,1,1,2,2,2
29124,29239,3,pv_pt,0,1,1,20,30,20,6,0,6.0,10,0,0,2,12,12,10,10,10,10,10,0,1,2,20,30,30,10,14,12,16,0,6.0,0,10,10,10,0,9,4,1,1,2,2,2
29270,29328,2,pt,1,1,1,25,25,22,2,2,1.75,20,20,6,7,2,7,5,5,5,5,0,0,3,2,25,25,27,11,14,2,2,2,1.75,0,5,5,20,20,1,3,2,1,4,2,2
29270,29328,3,pv_pt,1,0,1,25,25,22,2,2,1.75,20,20,6,7,2,7,5,5,5,5,0,0,3,2,25,25,27,11,14,2,2,2,1.75,0,5,5,20,20,1,3,2,1,4,2,2
29270,29329,3,pv_pt,1,1,1,30,30,30,4,0,4.0,20,20,0,12,12,2,10,10,5,5,10,4,2,1,30,30,35,5,14,12,14,0,8.0,0,10,10,20,20,2,3,2,1,4,2,2
29270,29329,2,pt,1,1,0,30,30,30,4,0,4.0,20,20,0,12,12,2,10,10,5,5,10,4,2,1,30,30,35,5,14,12,14,0,8.0,0,10,10,20,20,2,3,2,1,4,2,2
29270,29330,1,pv,1,1,1,25,20,22,4,0,3.5,10,0,0,7,12,2,0,10,10,10,0,2,3,2,25,20,32,10,9,12,4,0,5.5,0,0,10,10,0,3,3,2,1,4,2,2
29270,29330,2,pt,0,1,1,25,20,22,4,0,3.5,10,0,0,7,12,2,0,10,10,10,0,2,3,2,25,20,32,10,9,12,4,0,5.5,0,0,10,10,0,3,3,2,1,4,2,2
29270,29332,2,pt,1,1,1,30,30,26,2,0,1.75,10,0,0,2,7,2,10,15,0,15,10,0,3,1,30,30,41,0,4,7,12,0,1.75,0,10,15,10,0,4,1,2,1,1,1,1
29270,29332,3,pv_pt,1,0,1,30,30,26,2,0,1.75,10,0,0,2,7,2,10,15,0,15,10,0,3,1,30,30,41,0,4,7,12,0,1.75,0,10,15,10,0,4,1,2,1,1,1,1
29270,29333,1,pv,1,1,1,25,20,25,6,0,6.0,20,20,0,12,2,12,0,15,10,15,5,4,1,3,25,20,40,10,24,2,11,0,10.0,0,0,15,20,20,5,1,2,1,1,1,1
29270,29333,3,pv_pt,0,1,1,25,20,25,6,0,6.0,20,20,0,12,2,12,0,15,10,15,5,4,1,3,25,20,40,10,24,2,11,0,10.0,0,0,15,20,20,5,1,2,1,1,1,1
29270,29334,2,pt,1,1,1,20,30,18,6,0,5.25,10,0,12,12,7,2,0,10,0,15,5,4,1,1,20,30,33,12,14,7,11,0,9.25,0,0,10,10,0,6,1,2,1,1,1,1
29270,29334,1,pv,1,0,1,20,30,18,6,0,5.25,10,0,12,12,7,2,0,10,0,15,5,4,1,1,20,30,33,12,14,7,11,0,9.25,0,0,10,10,0,6,1,2,1,1,1,1
29270,29336,2,pt,1,1,1,30,20,23,4,0,3.0,20,20,12,2,12,2,0,15,10,5,0,0,1,1,30,20,28,22,4,12,4,0,3.0,0,0,15,20,20,7,1,1,1,2,2,1
29270,29336,3,pv_pt,1,0,1,30,20,23,4,0,3.0,20,20,12,2,12,2,0,15,10,5,0,0,1,1,30,20,28,22,4,12,4,0,3.0,0,0,15,20,20,7,1,1,1,2,2,1
29270,29337,2,pt,1,1,1,30,30,26,2,4,1.75,0,20,12,2,12,7,0,5,10,15,10,4,1,2,30,30,41,22,9,12,12,4,5.75,0,0,5,0,20,8,1,1,1,2,2,1
29270,29337,3,pv_pt,1,0,1,30,30,26,2,4,1.75,0,20,12,2,12,7,0,5,10,15,10,4,1,2,30,30,41,22,9,12,12,4,5.75,0,0,5,0,20,8,1,1,1,2,2,1
29270,29338,1,pv,1,1,1,25,30,25,4,4,4.0,10,10,6,7,7,7,5,10,5,10,0,2,1,3,25,30,35,11,14,7,4,4,6.0,0,5,10,10,10,9,1,1,1,2,2,1
29270,29338,2,pt,0,1,1,25,30,25,4,4,4.0,10,10,6,7,7,7,5,10,5,10,0,2,1,3,25,30,35,11,14,7,4,4,6.0,0,5,10,10,10,9,1,1,1,2,2,1
29353,29423,1,pv,1,1,1,25,30,25,4,4,4.0,10,10,6,7,7,7,5,10,5,10,0,2,1,3,25,30,35,11,14,7,4,4,6.0,0,5,10,10,10,1,4,2,1,3,2,2
29353,29423,2,pt,0,1,1,25,30,25,4,4,4.0,10,10,6,7,7,7,5,10,5,10,0,2,1,3,25,30,35,11,14,7,4,4,6.0,0,5,10,10,10,1,4,2,1,3,2,2
29353,29424,1,pv,1,1,1,20,20,15,2,2,1.5,20,10,6,7,2,12,10,5,5,15,5,4,3,1,20,20,30,11,19,2,7,2,5.5,0,10,5,20,10,2,4,2,1,3,2,2
29353,29424,2,pt,0,1,1,20,20,15,2,2,1.5,20,10,6,7,2,12,10,5,5,15,5,4,3,1,20,20,30,11,19,2,7,2,5.5,0,10,5,20,10,2,4,2,1,3,2,2
29353,29425,1,pv,1,1,1,25,25,22,2,2,1.75,20,20,6,7,2,7,5,5,5,5,0,0,3,2,25,25,27,11,14,2,2,2,1.75,0,5,5,20,20,3,4,2,1,3,2,2
29353,29425,3,pv_pt,0,1,1,25,25,22,2,2,1.75,20,20,6,7,2,7,5,5,5,5,0,0,3,2,25,25,27,11,14,2,2,2,1.75,0,5,5,20,20,3,4,2,1,3,2,2
29353,29427,1,pv,1,1,1,30,30,26,2,0,1.75,10,0,0,2,7,2,10,15,0,15,10,0,3,1,30,30,41,0,4,7,12,0,1.75,0,10,15,10,0,4,1,2,1,4,1,2
29353,29427,2,pt,0,1,1,30,30,26,2,0,1.75,10,0,0,2,7,2,10,15,0,15,10,0,3,1,30,30,41,0,4,7,12,0,1.75,0,10,15,10,0,4,1,2,1,4,1,2
29353,29428,1,pv,1,1,1,20,25,18,2,2,1.75,10,10,0,7,7,7,5,10,5,10,0,2,2,3,20,25,28,5,14,7,2,2,3.75,0,5,10,10,10,5,1,2,1,4,1,2
29353,29428,2,pt,0,1,1,20,25,18,2,2,1.75,10,10,0,7,7,7,5,10,5,10,0,2,2,3,20,25,28,5,14,7,2,2,3.75,0,5,10,10,10,5,1,2,1,4,1,2
29353,29429,2,pt,1,1,1,30,20,23,4,0,3.0,20,20,12,2,12,2,0,15,10,5,0,0,1,1,30,20,28,22,4,12,4,0,3.0,0,0,15,20,20,6,1,2,1,4,1,2
29353,29429,1,pv,1,0,1,30,20,23,4,0,3.0,20,20,12,2,12,2,0,15,10,5,0,0,1,1,30,20,28,22,4,12,4,0,3.0,0,0,15,20,20,6,1,2,1,4,1,2
29353,29431,1,pv,1,1,1,30,25,23,6,4,4.5,0,10,6,7,2,12,5,5,10,15,0,0,2,1,30,25,38,16,19,2,6,4,4.5,0,5,5,0,10,7,3,1,1,3,1,2
29353,29431,2,pt,0,1,1,30,25,23,6,4,4.5,0,10,6,7,2,12,5,5,10,15,0,0,2,1,30,25,38,16,19,2,6,4,4.5,0,5,5,0,10,7,3,1,1,3,1,2
29353,29432,1,pv,1,1,1,20,30,18,6,0,5.25,10,0,12,12,7,2,0,10,0,15,5,4,1,1,20,30,33,12,14,7,11,0,9.25,0,0,10,10,0,8,3,1,1,3,1,2
29353,29432,2,pt,0,1,1,20,30,18,6,0,5.25,10,0,12,12,7,2,0,10,0,15,5,4,1,1,20,30,33,12,14,7,11,0,9.25,0,0,10,10,0,8,3,1,1,3,1,2
29353,29433,1,pv,1,1,1,30,25,23,2,4,1.5,10,10,0,12,2,7,5,5,5,5,5,4,2,3,30,25,28,5,19,2,7,4,5.5,0,5,5,10,10,9,3,1,1,3,1,2
29353,29433,3,pv_pt,0,1,1,30,25,23,2,4,1.5,10,10,0,12,2,7,5,5,5,5,5,4,2,3,30,25,28,5,19,2,7,4,5.5,0,5,5,10,10,9,3,1,1,3,1,2
29566,29688,2,pt,1,1,1,25,30,25,4,4,4.0,10,10,6,7,7,7,5,10,5,10,0,2,1,3,25,30,35,11,14,7,4,4,6.0,0,5,10,10,10,1,1,1,2,3,2,2
29566,29688,3,pv_pt,1,0,1,25,30,25,4,4,4.0,10,10,6,7,7,7,5,10,5,10,0,2,1,3,25,30,35,11,14,7,4,4,6.0,0,5,10,10,10,1,1,1,2,3,2,2
29566,29689,2,pt,1,1,1,25,20,25,6,4,6.0,20,0,6,2,7,2,0,5,0,15,10,2,2,2,25,20,40,6,4,7,16,4,8.0,0,0,5,20,0,2,1,1,2,3,2,2
29566,29689,3,pv_pt,1,0,1,25,20,25,6,4,6.0,20,0,6,2,7,2,0,5,0,15,10,2,2,2,25,20,40,6,4,7,16,4,8.0,0,0,5,20,0,2,1,1,2,3,2,2
29566,29690,2,pt,1,1,1,30,30,26,2,4,1.75,0,20,12,2,12,7,0,5,10,15,10,4,1,2,30,30,41,22,9,12,12,4,5.75,0,0,5,0,20,3,1,1,2,3,2,2
29566,29690,3,pv_pt,1,0,1,30,30,26,2,4,1.75,0,20,12,2,12,7,0,5,10,15,10,4,1,2,30,30,41,22,9,12,12,4,5.75,0,0,5,0,20,3,1,1,2,3,2,2
29566,29692,3,pv_pt,1,1,1,25,20,25,6,4,6.0,10,20,12,2,2,2,10,15,5,5,10,2,3,3,25,20,30,17,4,2,16,4,8.0,0,10,15,10,20,4,3,1,2,2,1,1
29566,29692,2,pt,1,1,0,25,20,25,6,4,6.0,10,20,12,2,2,2,10,15,5,5,10,2,3,3,25,20,30,17,4,2,16,4,8.0,0,10,15,10,20,4,3,1,2,2,1,1
29566,29693,3,pv_pt,1,1,1,30,20,30,2,0,2.0,0,10,12,12,7,12,5,10,0,15,10,0,3,3,30,20,45,12,24,7,12,0,2.0,0,5,10,0,10,5,3,1,2,2,1,1
29566,29693,2,pt,1,1,0,30,20,30,2,0,2.0,0,10,12,12,7,12,5,10,0,15,10,0,3,3,30,20,45,12,24,7,12,0,2.0,0,5,10,0,10,5,3,1,2,2,1,1
29566,29694,2,pt,1,1,1,30,20,23,6,2,4.5,20,0,12,2,12,12,10,5,0,10,0,2,1,3,30,20,33,12,14,12,6,2,6.5,0,10,5,20,0,6,3,1,2,2,1,1
29566,29694,3,pv_pt,1,0,1,30,20,23,6,2,4.5,20,0,12,2,12,12,10,5,0,10,0,2,1,3,30,20,33,12,14,12,6,2,6.5,0,10,5,20,0,6,3,1,2,2,1,1
29566,29696,3,pv_pt,1,1,1,30,25,23,2,4,1.5,10,10,0,12,2,7,5,5,5,5,5,4,2,3,30,25,28,5,19,2,7,4,5.5,0,5,5,10,10,7,2,1,1,1,2,2
29566,29696,2,pt,1,1,0,30,25,23,2,4,1.5,10,10,0,12,2,7,5,5,5,5,5,4,2,3,30,25,28,5,19,2,7,4,5.5,0,5,5,10,10,7,2,1,1,1,2,2
29566,29697,2,pt,1,1,1,30,30,30,4,0,4.0,20,20,0,12,12,2,10,10,5,5,10,4,2,1,30,30,35,5,14,12,14,0,8.0,0,10,10,20,20,8,2,1,1,1,2,2
29566,29697,3,pv_pt,1,0,1,30,30,30,4,0,4.0,20,20,0,12,12,2,10,10,5,5,10,4,2,1,30,30,35,5,14,12,14,0,8.0,0,10,10,20,20,8,2,1,1,1,2,2
29566,29698,3,pv_pt,1,1,1,25,25,22,2,2,1.75,20,20,6,7,2,7,5,5,5,5,0,0,3,2,25,25,27,11,14,2,2,2,1.75,0,5,5,20,20,9,2,1,1,1,2,2
29566,29698,2,pt,1,1,0,25,25,22,2,2,1.75,20,20,6,7,2,7,5,5,5,5,0,0,3,2,25,25,27,11,14,2,2,2,1.75,0,5,5,20,20,9,2,1,1,1,2,2
29604,29725,1,pv,1,1,1,20,25,18,2,0,1.75,0,0,12,2,7,12,0,15,5,5,5,4,2,1,20,25,23,17,14,7,7,0,5.75,0,0,15,0,0,1,4,2,1,3,2,2
29604,29725,2,pt,0,1,1,20,25,18,2,0,1.75,0,0,12,2,7,12,0,15,5,5,5,4,2,1,20,25,23,17,14,7,7,0,5.75,0,0,15,0,0,1,4,2,1,3,2,2
29604,29727,1,pv,1,1,1,25,20,25,6,4,6.0,20,0,6,2,7,2,0,5,0,15,10,2,2,2,25,20,40,6,4,7,16,4,8.0,0,0,5,20,0,2,4,2,1,3,2,2
29604,29727,2,pt,0,1,1,25,20,25,6,4,6.0,20,0,6,2,7,2,0,5,0,15,10,2,2,2,25,20,40,6,4,7,16,4,8.0,0,0,5,20,0,2,4,2,1,3,2,2
29604,29731,1,pv,1,1,1,25,20,25,6,4,6.0,10,20,12,2,2,2,10,15,5,5,10,2,3,3,25,20,30,17,4,2,16,4,8.0,0,10,15,10,20,3,4,2,1,3,2,2
29604,29731,2,pt,0,1,1,25,20,25,6,4,6.0,10,20,12,2,2,2,10,15,5,5,10,2,3,3,25,20,30,17,4,2,16,4,8.0,0,10,15,10,20,3,4,2,1,3,2,2
29604,29734,1,pv,1,1,1,30,20,30,2,0,2.0,0,10,12,12,7,12,5,10,0,15,10,0,3,3,30,20,45,12,24,7,12,0,2.0,0,5,10,0,10,4,2,1,2,1,2,1
29604,29734,2,pt,0,1,1,30,20,30,2,0,2.0,0,10,12,12,7,12,5,10,0,15,10,0,3,3,30,20,45,12,24,7,12,0,2.0,0,5,10,0,10,4,2,1,2,1,2,1
29604,29735,1,pv,1,1,1,20,25,18,2,2,1.75,10,10,0,7,7,7,5,10,5,10,0,2,2,3,20,25,28,5,14,7,2,2,3.75,0,5,10,10,10,5,2,1,2,1,2,1
29604,29735,2,pt,0,1,1,20,25,18,2,2,1.75,10,10,0,7,7,7,5,10,5,10,0,2,2,3,20,25,28,5,14,7,2,2,3.75,0,5,10,10,10,5,2,1,2,1,2,1
29604,29736,1,pv,1,1,1,30,30,26,2,4,1.75,0,20,12,2,12,7,0,5,10,15,10,4,1,2,30,30,41,22,9,12,12,4,5.75,0,0,5,0,20,6,2,1,2,1,2,1
29604,29736,2,pt,0,1,1,30,30,26,2,4,1.75,0,20,12,2,12,7,0,5,10,15,10,4,1,2,30,30,41,22,9,12,12,4,5.75,0,0,5,0,20,6,2,1,2,1,2,1
29604,29738,1,pv,1,1,1,25,25,22,2,4,1.75,10,0,6,12,12,2,10,15,10,15,10,0,1,3,25,25,37,16,14,12,12,4,1.75,0,10,15,10,0,7,1,2,2,4,1,1
29604,29738,2,pt,0,1,1,25,25,22,2,4,1.75,10,0,6,12,12,2,10,15,10,15,10,0,1,3,25,25,37,16,14,12,12,4,1.75,0,10,15,10,0,7,1,2,2,4,1,1
29604,29739,1,pv,1,1,1,20,20,15,2,2,1.5,20,10,6,7,2,12,10,5,5,15,5,4,3,1,20,20,30,11,19,2,7,2,5.5,0,10,5,20,10,8,1,2,2,4,1,1
29604,29739,2,pt,0,1,1,20,20,15,2,2,1.5,20,10,6,7,2,12,10,5,5,15,5,4,3,1,20,20,30,11,19,2,7,2,5.5,0,10,5,20,10,8,1,2,2,4,1,1
29604,29740,1,pv,1,1,1,20,30,15,6,2,4.5,0,20,0,2,12,7,0,5,0,5,10,2,3,3,20,30,20,0,9,12,16,2,6.5,0,0,5,0,20,9,1,2,2,4,1,1
29604,29740,2,pt,0,1,1,20,30,15,6,2,4.5,0,20,0,2,12,7,0,5,0,5,10,2,3,3,20,30,20,0,9,12,16,2,6.5,0,0,5,0,20,9,1,2,2,4,1,1
29615,29700,1,pv,1,1,1,20,30,20,6,0,6.0,10,0,0,2,12,12,10,10,10,10,10,0,1,2,20,30,30,10,14,12,16,0,6.0,0,10,10,10,0,1,3,1,1,3,1,2
29615,29700,2,pt,0,1,1,20,30,20,6,0,6.0,10,0,0,2,12,12,10,10,10,10,10,0,1,2,20,30,30,10,14,12,16,0,6.0,0,10,10,10,0,1,3,1,1,3,1,2
29615,29701,1,pv,1,1,1,20,30,20,4,2,4.0,0,10,12,12,2,2,10,5,10,5,5,0,3,1,20,30,25,22,14,2,9,2,4.0,0,10,5,0,10,2,3,1,1,3,1,2
29615,29701,3,pv_pt,0,1,1,20,30,20,4,2,4.0,0,10,12,12,2,2,10,5,10,5,5,0,3,1,20,30,25,22,14,2,9,2,4.0,0,10,5,0,10,2,3,1,1,3,1,2
29615,29702,1,pv,1,1,1,20,30,15,6,2,4.5,0,20,0,2,12,7,0,5,0,5,10,2,3,3,20,30,20,0,9,12,16,2,6.5,0,0,5,0,20,3,3,1,1,3,1,2
29615,29702,2,pt,0,1,1,20,30,15,6,2,4.5,0,20,0,2,12,7,0,5,0,5,10,2,3,3,20,30,20,0,9,12,16,2,6.5,0,0,5,0,20,3,3,1,1,3,1,2
29615,29704,1,pv,1,1,1,30,25,23,2,4,1.5,10,10,0,12,2,7,5,5,5,5,5,4,2,3,30,25,28,5,19,2,7,4,5.5,0,5,5,10,10,4,4,1,2,4,1,2
29615,29704,2,pt,0,1,1,30,25,23,2,4,1.5,10,10,0,12,2,7,5,5,5,5,5,4,2,3,30,25,28,5,19,2,7,4,5.5,0,5,5,10,10,4,4,1,2,4,1,2
29615,29706,1,pv,1,1,1,20,20,15,2,2,1.5,20,10,6,7,2,12,10,5,5,15,5,4,3,1,20,20,30,11,19,2,7,2,5.5,0,10,5,20,10,5,4,1,2,4,1,2
29615,29706,3,pv_pt,0,1,1,20,20,15,2,2,1.5,20,10,6,7,2,12,10,5,5,15,5,4,3,1,20,20,30,11,19,2,7,2,5.5,0,10,5,20,10,5,4,1,2,4,1,2
29615,29707,1,pv,1,1,1,25,20,22,4,0,3.5,10,0,0,7,12,2,0,10,10,10,0,2,3,2,25,20,32,10,9,12,4,0,5.5,0,0,10,10,0,6,4,1,2,4,1,2
29615,29707,2,pt,0,1,1,25,20,22,4,0,3.5,10,0,0,7,12,2,0,10,10,10,0,2,3,2,25,20,32,10,9,12,4,0,5.5,0,0,10,10,0,6,4,1,2,4,1,2
29615,29710,1,pv,1,1,1,30,20,23,6,2,4.5,20,0,12,2,12,12,10,5,0,10,0,2,1,3,30,20,33,12,14,12,6,2,6.5,0,10,5,20,0,7,1,2,1,4,1,2
29615,29710,2,pt,0,1,1,30,20,23,6,2,4.5,20,0,12,2,12,12,10,5,0,10,0,2,1,3,30,20,33,12,14,12,6,2,6.5,0,10,5,20,0,7,1,2,1,4,1,2
29615,29711,1,pv,1,1,1,25,25,22,2,2,1.75,20,20,6,7,2,7,5,5,5,5,0,0,3,2,25,25,27,11,14,2,2,2,1.75,0,5,5,20,20,8,1,2,1,4,1,2
29615,29711,3,pv_pt,0,1,1,25,25,22,2,2,1.75,20,20,6,7,2,7,5,5,5,5,0,0,3,2,25,25,27,11,14,2,2,2,1.75,0,5,5,20,20,8,1,2,1,4,1,2
29615,29712,2,pt,1,1,1,30,20,23,4,0,3.0,20,20,12,2,12,2,0,15,10,5,0,0,1,1,30,20,28,22,4,12,4,0,3.0,0,0,15,20,20,9,1,2,1,4,1,2
29615,29712,1,pv,1,0,1,30,20,23,4,0,3.0,20,20,12,2,12,2,0,15,10,5,0,0,1,1,30,20,28,22,4,12,4,0,3.0,0,0,15,20,20,9,1,2,1,4,1,2
29641,29743,1,pv,1,1,1,30,20,23,6,2,4.5,20,0,12,2,12,12,10,5,0,10,0,2,1,3,30,20,33,12,14,12,6,2,6.5,0,10,5,20,0,1,1,2,1,4,1,2
29641,29743,2,pt,0,1,1,30,20,23,6,2,4.5,20,0,12,2,12,12,10,5,0,10,0,2,1,3,30,20,33,12,14,12,6,2,6.5,0,10,5,20,0,1,1,2,1,4,1,2
29641,29744,1,pv,1,1,1,25,25,22,2,2,1.75,20,20,6,7,2,7,5,5,5,5,0,0,3,2,25,25,27,11,14,2,2,2,1.75,0,5,5,20,20,2,1,2,1,4,1,2
29641,29744,3,pv_pt,0,1,1,25,25,22,2,2,1.75,20,20,6,7,2,7,5,5,5,5,0,0,3,2,25,25,27,11,14,2,2,2,1.75,0,5,5,20,20,2,1,2,1,4,1,2
29641,29745,1,pv,1,1,1,20,30,15,6,2,4.5,0,20,0,2,12,7,0,5,0,5,10,2,3,3,20,30,20,0,9,12,16,2,6.5,0,0,5,0,20,3,1,2,1,4,1,2
29641,29745,2,pt,0,1,1,20,30,15,6,2,4.5,0,20,0,2,12,7,0,5,0,5,10,2,3,3,20,30,20,0,9,12,16,2,6.5,0,0,5,0,20,3,1,2,1,4,1,2
29641,29747,1,pv,1,1,1,25,20,25,6,0,6.0,20,20,0,12,2,12,0,15,10,15,5,4,1,3,25,20,40,10,24,2,11,0,10.0,0,0,15,20,20,4,4,1,1,2,2,2
29641,29747,2,pt,0,1,1,25,20,25,6,0,6.0,20,20,0,12,2,12,0,15,10,15,5,4,1,3,25,20,40,10,24,2,11,0,10.0,0,0,15,20,20,4,4,1,1,2,2,2
29641,29748,2,pt,1,1,1,30,20,30,2,0,2.0,0,10,12,12,7,12,5,10,0,15,10,0,3,3,30,20,45,12,24,7,12,0,2.0,0,5,10,0,10,5,4,1,1,2,2,2
29641,29748,1,pv,1,0,1,30,20,30,2,0,2.0,0,10,12,12,7,12,5,10,0,15,10,0,3,3,30,20,45,12,24,7,12,0,2.0,0,5,10,0,10,5,4,1,1,2,2,2
29641,29749,1,pv,1,1,1,25,30,25,4,4,4.0,10,10,6,7,7,7,5,10,5,10,0,2,1,3,25,30,35,11,14,7,4,4,6.0,0,5,10,10,10,6,4,1,1,2,2,2
29641,29749,2,pt,0,1,1,25,30,25,4,4,4.0,10,10,6,7,7,7,5,10,5,10,0,2,1,3,25,30,35,11,14,7,4,4,6.0,0,5,10,10,10,6,4,1,1,2,2,2
29641,29751,3,pv_pt,1,1,1,25,25,22,2,4,1.75,10,0,6,12,12,2,10,15,10,15,10,0,1,3,25,25,37,16,14,12,12,4,1.75,0,10,15,10,0,7,2,1,1,3,1,1
29641,29751,1,pv,1,1,0,25,25,22,2,4,1.75,10,0,6,12,12,2,10,15,10,15,10,0,1,3,25,25,37,16,14,12,12,4,1.75,0,10,15,10,0,7,2,1,1,3,1,1
29641,29752,1,pv,1,1,1,30,25,23,6,4,4.5,0,10,6,7,2,12,5,5,10,15,0,0,2,1,30,25,38,16,19,2,6,4,4.5,0,5,5,0,10,8,2,1,1,3,1,1
29641,29752,2,pt,0,1,1,30,25,23,6,4,4.5,0,10,6,7,2,12,5,5,10,15,0,0,2,1,30,25,38,16,19,2,6,4,4.5,0,5,5,0,10,8,2,1,1,3,1,1
29641,29753,1,pv,1,1,1,20,25,18,2,2,1.75,10,10,0,7,7,7,5,10,5,10,0,2,2,3,20,25,28,5,14,7,2,2,3.75,0,5,10,10,10,9,2,1,1,3,1,1
29641,29753,2,pt,0,1,1,20,25,18,2,2,1.75,10,10,0,7,7,7,5,10,5,10,0,2,2,3,20,25,28,5,14,7,2,2,3.75,0,5,10,10,10,9,2,1,1,3,1,1
29645,29811,3,pv_pt,1,1,1,30,20,30,2,0,2.0,0,10,12,12,7,12,5,10,0,15,10,0,3,3,30,20,45,12,24,7,12,0,2.0,0,5,10,0,10,1,4,1,2,1,1,1
29645,29811,2,pt,1,1,0,30,20,30,2,0,2.0,0,10,12,12,7,12,5,10,0,15,10,0,3,3,30,20,45,12,24,7,12,0,2.0,0,5,10,0,10,1,4,1,2,1,1,1
29645,29812,3,pv_pt,1,1,1,20,20,15,2,2,1.5,20,10,6,7,2,12,10,5,5,15,5,4,3,1,20,20,30,11,19,2,7,2,5.5,0,10,5,20,10,2,4,1,2,1,1,1
29645,29812,1,pv,1,1,0,20,20,15,2,2,1.5,20,10,6,7,2,12,10,5,5,15,5,4,3,1,20,20,30,11,19,2,7,2,5.5,0,10,5,20,10,2,4,1,2,1,1,1
29645,29814,2,pt,1,1,1,30,30,26,2,4,1.75,0,20,12,2,12,7,0,5,10,15,10,4,1,2,30,30,41,22,9,12,12,4,5.75,0,0,5,0,20,3,4,1,2,1,1,1
29645,29814,3,pv_pt,1,0,1,30,30,26,2,4,1.75,0,20,12,2,12,7,0,5,10,15,10,4,1,2,30,30,41,22,9,12,12,4,5.75,0,0,5,0,20,3,4,1,2,1,1,1
29645,29816,3,pv_pt,1,1,1,25,25,22,2,2,1.75,20,20,6,7,2,7,5,5,5,5,0,0,3,2,25,25,27,11,14,2,2,2,1.75,0,5,5,20,20,4,2,1,2,4,2,2
29645,29816,1,pv,1,1,0,25,25,22,2,2,1.75,20,20,6,7,2,7,5,5,5,5,0,0,3,2,25,25,27,11,14,2,2,2,1.75,0,5,5,20,20,4,2,1,2,4,2,2
29645,29817,2,pt,1,1,1,25,20,25,6,4,6.0,10,20,12,2,2,2,10,15,5,5,10,2,3,3,25,20,30,17,4,2,16,4,8.0,0,10,15,10,20,5,2,1,2,4,2,2
29645,29817,3,pv_pt,1,0,1,25,20,25,6,4,6.0,10,20,12,2,2,2,10,15,5,5,10,2,3,3,25,20,30,17,4,2,16,4,8.0,0,10,15,10,20,5,2,1,2,4,2,2
29645,29818,2,pt,1,1,1,20,30,20,6,0,6.0,10,0,0,2,12,12,10,10,10,10,10,0,1,2,20,30,30,10,14,12,16,0,6.0,0,10,10,10,0,6,2,1,2,4,2,2
29645,29818,3,pv_pt,1,0,1,20,30,20,6,0,6.0,10,0,0,2,12,12,10,10,10,10,10,0,1,2,20,30,30,10,14,12,16,0,6.0,0,10,10,10,0,6,2,1,2,4,2,2
29645,29821,3,pv_pt,1,1,1,20,30,15,6,2,4.5,0,20,0,2,12,7,0,5,0,5,10,2,3,3,20,30,20,0,9,12,16,2,6.5,0,0,5,0,20,7,3,1,2,2,1,1
29645,29821,1,pv,1,1,0,20,30,15,6,2,4.5,0,20,0,2,12,7,0,5,0,5,10,2,3,3,20,30,20,0,9,12,16,2,6.5,0,0,5,0,20,7,3,1,2,2,1,1
29645,29823,2,pt,1,1,1,25,20,22,4,0,3.5,10,0,0,7,12,2,0,10,10,10,0,2,3,2,25,20,32,10,9,12,4,0,5.5,0,0,10,10,0,8,3,1,2,2,1,1
29645,29823,1,pv,1,0,1,25,20,22,4,0,3.5,10,0,0,7,12,2,0,10,10,10,0,2,3,2,25,20,32,10,9,12,4,0,5.5,0,0,10,10,0,8,3,1,2,2,1,1
29645,29825,3,pv_pt,1,1,1,20,30,20,4,2,4.0,0,10,12,12,2,2,10,5,10,5,5,0,3,1,20,30,25,22,14,2,9,2,4.0,0,10,5,0,10,9,3,1,2,2,1,1
29645,29825,1,pv,1,1,0,20,30,20,4,2,4.0,0,10,12,12,2,2,10,5,10,5,5,0,3,1,20,30,25,22,14,2,9,2,4.0,0,10,5,0,10,9,3,1,2,2,1,1
29729,29917,3,pv_pt,1,1,1,20,30,20,4,2,4.0,0,10,12,12,2,2,10,5,10,5,5,0,3,1,20,30,25,22,14,2,9,2,4.0,0,10,5,0,10,1,3,1,1,2,1,2
29729,29917,1,pv,1,1,0,20,30,20,4,2,4.0,0,10,12,12,2,2,10,5,10,5,5,0,3,1,20,30,25,22,14,2,9,2,4.0,0,10,5,0,10,1,3,1,1,2,1,2
29729,29918,1,pv,1,1,1,25,30,25,4,4,4.0,10,10,6,7,7,7,5,10,5,10,0,2,1,3,25,30,35,11,14,7,4,4,6.0,0,5,10,10,10,2,3,1,1,2,1,2
29729,29918,2,pt,0,1,1,25,30,25,4,4,4.0,10,10,6,7,7,7,5,10,5,10,0,2,1,3,25,30,35,11,14,7,4,4,6.0,0,5,10,10,10,2,3,1,1,2,1,2
29729,29919,1,pv,1,1,1,25,25,22,4,2,3.5,0,20,6,7,7,7,5,10,0,10,0,2,2,2,25,25,32,6,14,7,4,2,5.5,0,5,10,0,20,3,3,1,1,2,1,2
29729,29919,3,pv_pt,0,1,1,25,25,22,4,2,3.5,0,20,6,7,7,7,5,10,0,10,0,2,2,2,25,25,32,6,14,7,4,2,5.5,0,5,10,0,20,3,3,1,1,2,1,2
29729,29921,1,pv,1,1,1,25,20,25,6,4,6.0,10,20,12,2,2,2,10,15,5,5,10,2,3,3,25,20,30,17,4,2,16,4,8.0,0,10,15,10,20,4,1,1,1,2,2,1
29729,29921,3,pv_pt,0,1,1,25,20,25,6,4,6.0,10,20,12,2,2,2,10,15,5,5,10,2,3,3,25,20,30,17,4,2,16,4,8.0,0,10,15,10,20,4,1,1,1,2,2,1
29729,29922,1,pv,1,1,1,25,25,22,2,2,1.75,20,20,6,7,2,7,5,5,5,5,0,0,3,2,25,25,27,11,14,2,2,2,1.75,0,5,5,20,20,5,1,1,1,2,2,1
29729,29922,3,pv_pt,0,1,1,25,25,22,2,2,1.75,20,20,6,7,2,7,5,5,5,5,0,0,3,2,25,25,27,11,14,2,2,2,1.75,0,5,5,20,20,5,1,1,1,2,2,1
29729,29923,2,pt,1,1,1,30,20,23,6,2,4.5,20,0,12,2,12,12,10,5,0,10,0,2,1,3,30,20,33,12,14,12,6,2,6.5,0,10,5,20,0,6,1,1,1,2,2,1
29729,29923,1,pv,1,0,1,30,20,23,6,2,4.5,20,0,12,2,12,12,10,5,0,10,0,2,1,3,30,20,33,12,14,12,6,2,6.5,0,10,5,20,0,6,1,1,1,2,2,1
29729,29925,1,pv,1,1,1,20,30,20,6,0,6.0,10,0,0,2,12,12,10,10,10,10,10,0,1,2,20,30,30,10,14,12,16,0,6.0,0,10,10,10,0,7,3,1,1,3,1,2
29729,29925,3,pv_pt,0,1,1,20,30,20,6,0,6.0,10,0,0,2,12,12,10,10,10,10,10,0,1,2,20,30,30,10,14,12,16,0,6.0,0,10,10,10,0,7,3,1,1,3,1,2
29729,29926,2,pt,1,1,1,25,30,25,4,4,4.0,20,0,12,12,12,12,0,15,10,10,5,4,3,2,25,30,35,22,24,12,9,4,8.0,0,0,15,20,0,8,3,1,1,3,1,2
29729,29926,1,pv,1,0,1,25,30,25,4,4,4.0,20,0,12,12,12,12,0,15,10,10,5,4,3,2,25,30,35,22,24,12,9,4,8.0,0,0,15,20,0,8,3,1,1,3,1,2
29729,29927,1,pv,1,1,1,30,25,23,6,4,4.5,0,10,6,7,2,12,5,5,10,15,0,0,2,1,30,25,38,16,19,2,6,4,4.5,0,5,5,0,10,9,3,1,1,3,1,2
29729,29927,3,pv_pt,0,1,1,30,25,23,6,4,4.5,0,10,6,7,2,12,5,5,10,15,0,0,2,1,30,25,38,16,19,2,6,4,4.5,0,5,5,0,10,9,3,1,1,3,1,2
29754,29984,1,pv,1,1,1,20,25,15,4,2,3.0,20,20,6,7,2,12,5,15,0,5,5,0,2,2,20,25,20,6,19,2,9,2,3.0,0,5,15,20,20,1,1,1,2,3,2,2
29754,29984,3,pv_pt,0,1,1,20,25,15,4,2,3.0,20,20,6,7,2,12,5,15,0,5,5,0,2,2,20,25,20,6,19,2,9,2,3.0,0,5,15,20,20,1,1,1,2,3,2,2
29754,29985,3,pv_pt,1,1,1,30,30,26,2,4,1.75,0,20,12,2,12,7,0,5,10,15,10,4,1,2,30,30,41,22,9,12,12,4,5.75,0,0,5,0,20,2,1,1,2,3,2,2
29754,29985,1,pv,1,1,0,30,30,26,2,4,1.75,0,20,12,2,12,7,0,5,10,15,10,4,1,2,30,30,41,22,9,12,12,4,5.75,0,0,5,0,20,2,1,1,2,3,2,2
29754,29986,1,pv,1,1,1,25,25,22,4,2,3.5,0,20,6,7,7,7,5,10,0,10,0,2,2,2,25,25,32,6,14,7,4,2,5.5,0,5,10,0,20,3,1,1,2,3,2,2
29754,29986,3,pv_pt,0,1,1,25,25,22,4,2,3.5,0,20,6,7,7,7,5,10,0,10,0,2,2,2,25,25,32,6,14,7,4,2,5.5,0,5,10,0,20,3,1,1,2,3,2,2
29754,29988,3,pv_pt,1,1,1,25,20,25,6,4,6.0,10,20,12,2,2,2,10,15,5,5,10,2,3,3,25,20,30,17,4,2,16,4,8.0,0,10,15,10,20,4,2,1,1,1,2,2
29754,29988,1,pv,1,1,0,25,20,25,6,4,6.0,10,20,12,2,2,2,10,15,5,5,10,2,3,3,25,20,30,17,4,2,16,4,8.0,0,10,15,10,20,4,2,1,1,1,2,2
29754,29989,1,pv,1,1,1,30,20,23,6,2,4.5,20,0,12,2,12,12,10,5,0,10,0,2,1,3,30,20,33,12,14,12,6,2,6.5,0,10,5,20,0,5,2,1,1,1,2,2
29754,29989,3,pv_pt,0,1,1,30,20,23,6,2,4.5,20,0,12,2,12,12,10,5,0,10,0,2,1,3,30,20,33,12,14,12,6,2,6.5,0,10,5,20,0,5,2,1,1,1,2,2
29754,29990,2,pt,1,1,1,30,20,30,2,0,2.0,0,10,12,12,7,12,5,10,0,15,10,0,3,3,30,20,45,12,24,7,12,0,2.0,0,5,10,0,10,6,2,1,1,1,2,2
29754,29990,3,pv_pt,1,0,1,30,20,30,2,0,2.0,0,10,12,12,7,12,5,10,0,15,10,0,3,3,30,20,45,12,24,7,12,0,2.0,0,5,10,0,10,6,2,1,1,1,2,2
29754,29994,2,pt,1,1,1,30,30,30,4,0,4.0,20,20,0,12,12,2,10,10,5,5,10,4,2,1,30,30,35,5,14,12,14,0,8.0,0,10,10,20,20,7,3,2,2,3,1,1
29754,29994,1,pv,1,0,1,30,30,30,4,0,4.0,20,20,0,12,12,2,10,10,5,5,10,4,2,1,30,30,35,5,14,12,14,0,8.0,0,10,10,20,20,7,3,2,2,3,1,1
29754,29996,1,pv,1,1,1,30,25,23,6,2,4.5,0,10,6,12,2,7,10,15,5,10,5,4,2,2,30,25,33,11,19,2,11,2,8.5,0,10,15,0,10,8,3,2,2,3,1,1
29754,29996,3,pv_pt,0,1,1,30,25,23,6,2,4.5,0,10,6,12,2,7,10,15,5,10,5,4,2,2,30,25,33,11,19,2,11,2,8.5,0,10,15,0,10,8,3,2,2,3,1,1
29754,29998,1,pv,1,1,1,20,20,15,2,2,1.5,20,10,6,7,2,12,10,5,5,15,5,4,3,1,20,20,30,11,19,2,7,2,5.5,0,10,5,20,10,9,3,2,2,3,1,1
29754,29998,3,pv_pt,0,1,1,20,20,15,2,2,1.5,20,10,6,7,2,12,10,5,5,15,5,4,3,1,20,20,30,11,19,2,7,2,5.5,0,10,5,20,10,9,3,2,2,3,1,1
29863,30008,2,pt,1,1,1,30,30,26,2,0,1.75,10,0,0,2,7,2,10,15,0,15,10,0,3,1,30,30,41,0,4,7,12,0,1.75,0,10,15,10,0,1,2,2,1,2,1,1
29863,30008,1,pv,1,0,1,30,30,26,2,0,1.75,10,0,0,2,7,2,10,15,0,15,10,0,3,1,30,30,41,0,4,7,12,0,1.75,0,10,15,10,0,1,2,2,1,2,1,1
29863,30009,1,pv,1,1,1,20,30,15,6,2,4.5,0,20,0,2,12,7,0,5,0,5,10,2,3,3,20,30,20,0,9,12,16,2,6.5,0,0,5,0,20,2,2,2,1,2,1,1
29863,30009,2,pt,0,1,1,20,30,15,6,2,4.5,0,20,0,2,12,7,0,5,0,5,10,2,3,3,20,30,20,0,9,12,16,2,6.5,0,0,5,0,20,2,2,2,1,2,1,1
29863,30010,1,pv,1,1,1,20,30,20,4,2,4.0,0,10,12,12,2,2,10,5,10,5,5,0,3,1,20,30,25,22,14,2,9,2,4.0,0,10,5,0,10,3,2,2,1,2,1,1
29863,30010,3,pv_pt,0,1,1,20,30,20,4,2,4.0,0,10,12,12,2,2,10,5,10,5,5,0,3,1,20,30,25,22,14,2,9,2,4.0,0,10,5,0,10,3,2,2,1,2,1,1
29863,30012,1,pv,1,1,1,30,25,23,2,4,1.5,10,10,0,12,2,7,5,5,5,5,5,4,2,3,30,25,28,5,19,2,7,4,5.5,0,5,5,10,10,4,3,2,1,1,2,1
29863,30012,3,pv_pt,0,1,1,30,25,23,2,4,1.5,10,10,0,12,2,7,5,5,5,5,5,4,2,3,30,25,28,5,19,2,7,4,5.5,0,5,5,10,10,4,3,2,1,1,2,1
29863,30013,1,pv,1,1,1,30,30,26,2,4,1.75,0,20,12,2,12,7,0,5,10,15,10,4,1,2,30,30,41,22,9,12,12,4,5.75,0,0,5,0,20,5,3,2,1,1,2,1
29863,30013,2,pt,0,1,1,30,30,26,2,4,1.75,0,20,12,2,12,7,0,5,10,15,10,4,1,2,30,30,41,22,9,12,12,4,5.75,0,0,5,0,20,5,3,2,1,1,2,1
29863,30014,1,pv,1,1,1,25,30,25,4,4,4.0,10,10,6,7,7,7,5,10,5,10,0,2,1,3,25,30,35,11,14,7,4,4,6.0,0,5,10,10,10,6,3,2,1,1,2,1
29863,30014,3,pv_pt,0,1,1,25,30,25,4,4,4.0,10,10,6,7,7,7,5,10,5,10,0,2,1,3,25,30,35,11,14,7,4,4,6.0,0,5,10,10,10,6,3,2,1,1,2,1
29863,30016,1,pv,1,1,1,30,25,23,6,2,4.5,0,10,6,12,2,7,10,15,5,10,5,4,2,2,30,25,33,11,19,2,11,2,8.5,0,10,15,0,10,7,2,1,1,1,2,2
29863,30016,3,pv_pt,0,1,1,30,25,23,6,2,4.5,0,10,6,12,2,7,10,15,5,10,5,4,2,2,30,25,33,11,19,2,11,2,8.5,0,10,15,0,10,7,2,1,1,1,2,2
29863,30017,1,pv,1,1,1,20,30,18,6,0,5.25,10,0,12,12,7,2,0,10,0,15,5,4,1,1,20,30,33,12,14,7,11,0,9.25,0,0,10,10,0,8,2,1,1,1,2,2
29863,30017,2,pt,0,1,1,20,30,18,6,0,5.25,10,0,12,12,7,2,0,10,0,15,5,4,1,1,20,30,33,12,14,7,11,0,9.25,0,0,10,10,0,8,2,1,1,1,2,2
29863,30018,2,pt,1,1,1,25,20,25,6,4,6.0,20,0,6,2,7,2,0,5,0,15,10,2,2,2,25,20,40,6,4,7,16,4,8.0,0,0,5,20,0,9,2,1,1,1,2,2
29863,30018,3,pv_pt,1,0,1,25,20,25,6,4,6.0,20,0,6,2,7,2,0,5,0,15,10,2,2,2,25,20,40,6,4,7,16,4,8.0,0,0,5,20,0,9,2,1,1,1,2,2
29887,30020,1,pv,1,1,1,30,25,23,2,4,1.5,10,10,0,12,2,7,5,5,5,5,5,4,2,3,30,25,28,5,19,2,7,4,5.5,0,5,5,10,10,1,4,1,1,4,1,1
29887,30020,2,pt,0,1,1,30,25,23,2,4,1.5,10,10,0,12,2,7,5,5,5,5,5,4,2,3,30,25,28,5,19,2,7,4,5.5,0,5,5,10,10,1,4,1,1,4,1,1
29887,30021,2,pt,1,1,1,25,20,22,4,0,3.5,10,0,0,7,12,2,0,10,10,10,0,2,3,2,25,20,32,10,9,12,4,0,5.5,0,0,10,10,0,2,4,1,1,4,1,1
29887,30021,1,pv,1,0,1,25,20,22,4,0,3.5,10,0,0,7,12,2,0,10,10,10,0,2,3,2,25,20,32,10,9,12,4,0,5.5,0,0,10,10,0,2,4,1,1,4,1,1
29887,30022,3,pv_pt,1,1,1,25,25,22,2,2,1.75,20,20,6,7,2,7,5,5,5,5,0,0,3,2,25,25,27,11,14,2,2,2,1.75,0,5,5,20,20,3,4,1,1,4,1,1
29887,30022,1,pv,1,1,0,25,25,22,2,2,1.75,20,20,6,7,2,7,5,5,5,5,0,0,3,2,25,25,27,11,14,2,2,2,1.75,0,5,5,20,20,3,4,1,1,4,1,1
29887,30024,1,pv,1,1,1,25,30,25,4,4,4.0,10,10,6,7,7,7,5,10,5,10,0,2,1,3,25,30,35,11,14,7,4,4,6.0,0,5,10,10,10,4,1,2,1,1,1,1
29887,30024,2,pt,0,1,1,25,30,25,4,4,4.0,10,10,6,7,7,7,5,10,5,10,0,2,1,3,25,30,35,11,14,7,4,4,6.0,0,5,10,10,10,4,1,2,1,1,1,1
29887,30025,3,pv_pt,1,1,1,20,25,15,4,2,3.0,20,20,6,7,2,12,5,15,0,5,5,0,2,2,20,25,20,6,19,2,9,2,3.0,0,5,15,20,20,5,1,2,1,1,1,1
29887,30025,2,pt,1,1,0,20,25,15,4,2,3.0,20,20,6,7,2,12,5,15,0,5,5,0,2,2,20,25,20,6,19,2,9,2,3.0,0,5,15,20,20,5,1,2,1,1,1,1
29887,30026,2,pt,1,1,1,25,20,25,6,0,6.0,20,20,0,12,2,12,0,15,10,15,5,4,1,3,25,20,40,10,24,2,11,0,10.0,0,0,15,20,20,6,1,2,1,1,1,1
29887,30026,3,pv_pt,1,0,1,25,20,25,6,0,6.0,20,20,0,12,2,12,0,15,10,15,5,4,1,3,25,20,40,10,24,2,11,0,10.0,0,0,15,20,20,6,1,2,1,1,1,1
29887,30028,2,pt,1,1,1,20,30,20,4,2,4.0,0,10,12,12,2,2,10,5,10,5,5,0,3,1,20,30,25,22,14,2,9,2,4.0,0,10,5,0,10,7,2,2,2,2,1,2
29887,30028,3,pv_pt,1,0,1,20,30,20,4,2,4.0,0,10,12,12,2,2,10,5,10,5,5,0,3,1,20,30,25,22,14,2,9,2,4.0,0,10,5,0,10,7,2,2,2,2,1,2
29887,30029,2,pt,1,1,1,25,20,25,6,4,6.0,20,0,6,2,7,2,0,5,0,15,10,2,2,2,25,20,40,6,4,7,16,4,8.0,0,0,5,20,0,8,2,2,2,2,1,2
29887,30029,3,pv_pt,1,0,1,25,20,25,6,4,6.0,20,0,6,2,7,2,0,5,0,15,10,2,2,2,25,20,40,6,4,7,16,4,8.0,0,0,5,20,0,8,2,2,2,2,1,2
29887,30030,2,pt,1,1,1,30,20,30,2,0,2.0,0,10,12,12,7,12,5,10,0,15,10,0,3,3,30,20,45,12,24,7,12,0,2.0,0,5,10,0,10,9,2,2,2,2,1,2
29887,30030,3,pv_pt,1,0,1,30,20,30,2,0,2.0,0,10,12,12,7,12,5,10,0,15,10,0,3,3,30,20,45,12,24,7,12,0,2.0,0,5,10,0,10,9,2,2,2,2,1,2
29914,30099,1,pv,1,1,1,30,25,23,6,4,4.5,0,10,6,7,2,12,5,5,10,15,0,0,2,1,30,25,38,16,19,2,6,4,4.5,0,5,5,0,10,1,4,1,1,4,1,1
29914,30099,3,pv_pt,0,1,1,30,25,23,6,4,4.5,0,10,6,7,2,12,5,5,10,15,0,0,2,1,30,25,38,16,19,2,6,4,4.5,0,5,5,0,10,1,4,1,1,4,1,1
29914,30100,3,pv_pt,1,1,1,20,30,20,6,0,6.0,10,0,0,2,12,12,10,10,10,10,10,0,1,2,20,30,30,10,14,12,16,0,6.0,0,10,10,10,0,2,4,1,1,4,1,1
29914,30100,1,pv,1,1,0,20,30,20,6,0,6.0,10,0,0,2,12,12,10,10,10,10,10,0,1,2,20,30,30,10,14,12,16,0,6.0,0,10,10,10,0,2,4,1,1,4,1,1
29914,30101,2,pt,1,1,1,20,25,18,2,0,1.75,0,0,12,2,7,12,0,15,5,5,5,4,2,1,20,25,23,17,14,7,7,0,5.75,0,0,15,0,0,3,4,1,1,4,1,1
29914,30101,1,pv,1,0,1,20,25,18,2,0,1.75,0,0,12,2,7,12,0,15,5,5,5,4,2,1,20,25,23,17,14,7,7,0,5.75,0,0,15,0,0,3,4,1,1,4,1,1
29914,30103,1,pv,1,1,1,25,30,25,4,4,4.0,10,10,6,7,7,7,5,10,5,10,0,2,1,3,25,30,35,11,14,7,4,4,6.0,0,5,10,10,10,4,2,1,2,1,2,1
29914,30103,3,pv_pt,0,1,1,25,30,25,4,4,4.0,10,10,6,7,7,7,5,10,5,10,0,2,1,3,25,30,35,11,14,7,4,4,6.0,0,5,10,10,10,4,2,1,2,1,2,1
29914,30104,1,pv,1,1,1,30,25,23,6,2,4.5,0,10,6,12,2,7,10,15,5,10,5,4,2,2,30,25,33,11,19,2,11,2,8.5,0,10,15,0,10,5,2,1,2,1,2,1
29914,30104,3,pv_pt,0,1,1,30,25,23,6,2,4.5,0,10,6,12,2,7,10,15,5,10,5,4,2,2,30,25,33,11,19,2,11,2,8.5,0,10,15,0,10,5,2,1,2,1,2,1
29914,30105,2,pt,1,1,1,25,20,25,6,4,6.0,20,0,6,2,7,2,0,5,0,15,10,2,2,2,25,20,40,6,4,7,16,4,8.0,0,0,5,20,0,6,2,1,2,1,2,1
29914,30105,1,pv,1,0,1,25,20,25,6,4,6.0,20,0,6,2,7,2,0,5,0,15,10,2,2,2,25,20,40,6,4,7,16,4,8.0,0,0,5,20,0,6,2,1,2,1,2,1
29914,30107,2,pt,1,1,1,20,30,20,4,2,4.0,0,10,12,12,2,2,10,5,10,5,5,0,3,1,20,30,25,22,14,2,9,2,4.0,0,10,5,0,10,7,2,1,1,3,1,1
29914,30107,1,pv,1,0,1,20,30,20,4,2,4.0,0,10,12,12,2,2,10,5,10,5,5,0,3,1,20,30,25,22,14,2,9,2,4.0,0,10,5,0,10,7,2,1,1,3,1,1
29914,30108,2,pt,1,1,1,25,20,22,4,0,3.5,10,0,0,7,12,2,0,10,10,10,0,2,3,2,25,20,32,10,9,12,4,0,5.5,0,0,10,10,0,8,2,1,1,3,1,1
29914,30108,1,pv,1,0,1,25,20,22,4,0,3.5,10,0,0,7,12,2,0,10,10,10,0,2,3,2,25,20,32,10,9,12,4,0,5.5,0,0,10,10,0,8,2,1,1,3,1,1
29914,30109,1,pv,1,1,1,20,20,15,2,2,1.5,20,10,6,7,2,12,10,5,5,15,5,4,3,1,20,20,30,11,19,2,7,2,5.5,0,10,5,20,10,9,2,1,1,3,1,1
29914,30109,2,pt,0,1,1,20,20,15,2,2,1.5,20,10,6,7,2,12,10,5,5,15,5,4,3,1,20,20,30,11,19,2,7,2,5.5,0,10,5,20,10,9,2,1,1,3,1,1
29955,30073,2,pt,1,1,1,25,20,25,6,0,6.0,20,20,0,12,2,12,0,15,10,15,5,4,1,3,25,20,40,10,24,2,11,0,10.0,0,0,15,20,20,1,4,1,1,4,1,1
29955,30073,1,pv,1,0,1,25,20,25,6,0,6.0,20,20,0,12,2,12,0,15,10,15,5,4,1,3,25,20,40,10,24,2,11,0,10.0,0,0,15,20,20,1,4,1,1,4,1,1
29955,30075,1,pv,1,1,1,20,20,15,2,2,1.5,20,10,6,7,2,12,10,5,5,15,5,4,3,1,20,20,30,11,19,2,7,2,5.5,0,10,5,20,10,2,4,1,1,4,1,1
29955,30075,3,pv_pt,0,1,1,20,20,15,2,2,1.5,20,10,6,7,2,12,10,5,5,15,5,4,3,1,20,20,30,11,19,2,7,2,5.5,0,10,5,20,10,2,4,1,1,4,1,1
29955,30076,2,pt,1,1,1,25,30,25,4,4,4.0,20,0,12,12,12,12,0,15,10,10,5,4,3,2,25,30,35,22,24,12,9,4,8.0,0,0,15,20,0,3,4,1,1,4,1,1
29955,30076,1,pv,1,0,1,25,30,25,4,4,4.0,20,0,12,12,12,12,0,15,10,10,5,4,3,2,25,30,35,22,24,12,9,4,8.0,0,0,15,20,0,3,4,1,1,4,1,1
29955,30078,3,pv_pt,1,1,1,30,20,30,2,0,2.0,0,10,12,12,7,12,5,10,0,15,10,0,3,3,30,20,45,12,24,7,12,0,2.0,0,5,10,0,10,4,4,2,1,3,2,2
29955,30078,1,pv,1,1,0,30,20,30,2,0,2.0,0,10,12,12,7,12,5,10,0,15,10,0,3,3,30,20,45,12,24,7,12,0,2.0,0,5,10,0,10,4,4,2,1,3,2,2
29955,30079,2,pt,1,1,1,30,20,23,4,0,3.0,20,20,12,2,12,2,0,15,10,5,0,0,1,1,30,20,28,22,4,12,4,0,3.0,0,0,15,20,20,5,4,2,1,3,2,2
29955,30079,3,pv_pt,1,0,1,30,20,23,4,0,3.0,20,20,12,2,12,2,0,15,10,5,0,0,1,1,30,20,28,22,4,12,4,0,3.0,0,0,15,20,20,5,4,2,1,3,2,2
29955,30080,3,pv_pt,1,1,1,25,25,22,2,2,1.75,20,20,6,7,2,7,5,5,5,5,0,0,3,2,25,25,27,11,14,2,2,2,1.75,0,5,5,20,20,6,4,2,1,3,2,2
29955,30080,1,pv,1,1,0,25,25,22,2,2,1.75,20,20,6,7,2,7,5,5,5,5,0,0,3,2,25,25,27,11,14,2,2,2,1.75,0,5,5,20,20,6,4,2,1,3,2,2
29955,30082,1,pv,1,1,1,25,20,22,4,0,3.5,10,0,0,7,12,2,0,10,10,10,0,2,3,2,25,20,32,10,9,12,4,0,5.5,0,0,10,10,0,7,1,1,1,2,2,1
29955,30082,2,pt,0,1,1,25,20,22,4,0,3.5,10,0,0,7,12,2,0,10,10,10,0,2,3,2,25,20,32,10,9,12,4,0,5.5,0,0,10,10,0,7,1,1,1,2,2,1
29955,30085,3,pv_pt,1,1,1,30,25,23,6,4,4.5,0,10,6,7,2,12,5,5,10,15,0,0,2,1,30,25,38,16,19,2,6,4,4.5,0,5,5,0,10,8,1,1,1,2,2,1
29955,30085,1,pv,1,1,0,30,25,23,6,4,4.5,0,10,6,7,2,12,5,5,10,15,0,0,2,1,30,25,38,16,19,2,6,4,4.5,0,5,5,0,10,8,1,1,1,2,2,1
29955,30087,3,pv_pt,1,1,1,20,25,15,4,2,3.0,20,20,6,7,2,12,5,15,0,5,5,0,2,2,20,25,20,6,19,2,9,2,3.0,0,5,15,20,20,9,1,1,1,2,2,1
29955,30087,1,pv,1,1,0,20,25,15,4,2,3.0,20,20,6,7,2,12,5,15,0,5,5,0,2,2,20,25,20,6,19,2,9,2,3.0,0,5,15,20,20,9,1,1,1,2,2,1
30056,30150,1,pv,1,1,1,20,25,18,2,2,1.75,10,10,0,7,7,7,5,10,5,10,0,2,2,3,20,25,28,5,14,7,2,2,3.75,0,5,10,10,10,1,1,1,1,2,2,1
30056,30150,3,pv_pt,0,1,1,20,25,18,2,2,1.75,10,10,0,7,7,7,5,10,5,10,0,2,2,3,20,25,28,5,14,7,2,2,3.75,0,5,10,10,10,1,1,1,1,2,2,1
30056,30151,3,pv_pt,1,1,1,20,25,18,2,0,1.75,0,0,12,2,7,12,0,15,5,5,5,4,2,1,20,25,23,17,14,7,7,0,5.75,0,0,15,0,0,2,1,1,1,2,2,1
30056,30151,1,pv,1,1,0,20,25,18,2,0,1.75,0,0,12,2,7,12,0,15,5,5,5,4,2,1,20,25,23,17,14,7,7,0,5.75,0,0,15,0,0,2,1,1,1,2,2,1
30056,30152,1,pv,1,1,1,25,20,25,6,0,6.0,20,20,0,12,2,12,0,15,10,15,5,4,1,3,25,20,40,10,24,2,11,0,10.0,0,0,15,20,20,3,1,1,1,2,2,1
30056,30152,2,pt,0,1,1,25,20,25,6,0,6.0,20,20,0,12,2,12,0,15,10,15,5,4,1,3,25,20,40,10,24,2,11,0,10.0,0,0,15,20,20,3,1,1,1,2,2,1
30056,30154,1,pv,1,1,1,30,25,23,2,4,1.5,10,10,0,12,2,7,5,5,5,5,5,4,2,3,30,25,28,5,19,2,7,4,5.5,0,5,5,10,10,4,3,2,2,3,1,1
30056,30154,3,pv_pt,0,1,1,30,25,23,2,4,1.5,10,10,0,12,2,7,5,5,5,5,5,4,2,3,30,25,28,5,19,2,7,4,5.5,0,5,5,10,10,4,3,2,2,3,1,1
30056,30155,1,pv,1,1,1,20,20,15,2,2,1.5,20,10,6,7,2,12,10,5,5,15,5,4,3,1,20,20,30,11,19,2,7,2,5.5,0,10,5,20,10,5,3,2,2,3,1,1
30056,30155,3,pv_pt,0,1,1,20,20,15,2,2,1.5,20,10,6,7,2,12,10,5,5,15,5,4,3,1,20,20,30,11,19,2,7,2,5.5,0,10,5,20,10,5,3,2,2,3,1,1
30056,30156,3,pv_pt,1,1,1,20,25,15,4,2,3.0,20,20,6,7,2,12,5,15,0,5,5,0,2,2,20,25,20,6,19,2,9,2,3.0,0,5,15,20,20,6,3,2,2,3,1,1
30056,30156,1,pv,1,1,0,20,25,15,4,2,3.0,20,20,6,7,2,12,5,15,0,5,5,0,2,2,20,25,20,6,19,2,9,2,3.0,0,5,15,20,20,6,3,2,2,3,1,1
30056,30158,2,pt,1,1,1,30,30,26,2,0,1.75,10,0,0,2,7,2,10,15,0,15,10,0,3,1,30,30,41,0,4,7,12,0,1.75,0,10,15,10,0,7,2,1,2,4,2,2
30056,30158,1,pv,1,0,1,30,30,26,2,0,1.75,10,0,0,2,7,2,10,15,0,15,10,0,3,1,30,30,41,0,4,7,12,0,1.75,0,10,15,10,0,7,2,1,2,4,2,2
30056,30159,1,pv,1,1,1,30,25,23,6,2,4.5,0,10,6,12,2,7,10,15,5,10,5,4,2,2,30,25,33,11,19,2,11,2,8.5,0,10,15,0,10,8,2,1,2,4,2,2
30056,30159,3,pv_pt,0,1,1,30,25,23,6,2,4.5,0,10,6,12,2,7,10,15,5,10,5,4,2,2,30,25,33,11,19,2,11,2,8.5,0,10,15,0,10,8,2,1,2,4,2,2
30056,30160,1,pv,1,1,1,30,30,30,4,0,4.0,20,20,0,12,12,2,10,10,5,5,10,4,2,1,30,30,35,5,14,12,14,0,8.0,0,10,10,20,20,9,2,1,2,4,2,2
30056,30160,2,pt,0,1,1,30,30,30,4,0,4.0,20,20,0,12,12,2,10,10,5,5,10,4,2,1,30,30,35,5,14,12,14,0,8.0,0,10,10,20,20,9,2,1,2,4,2,2
30070,30216,1,pv,1,1,1,20,25,18,4,4,1.75,0,10,0,7,7,7,5,10,0,10,0,2,1,1,20,25,28,0,14,7,4,4,3.75,0,5,10,0,10,1,4,2,2,3,2,1
30070,30216,2,pt,0,1,1,20,25,18,4,4,1.75,0,10,0,7,7,7,5,10,0,10,0,2,1,1,20,25,28,0,14,7,4,4,3.75,0,5,10,0,10,1,4,2,2,3,2,1
30070,30217,2,pt,1,1,1,20,30,18,6,0,5.25,10,0,12,12,7,2,0,10,0,15,5,4,1,1,20,30,33,12,14,7,11,0,9.25,0,0,10,10,0,2,4,2,2,3,2,1
30070,30217,1,pv,1,0,1,20,30,18,6,0,5.25,10,0,12,12,7,2,0,10,0,15,5,4,1,1,20,30,33,12,14,7,11,0,9.25,0,0,10,10,0,2,4,2,2,3,2,1
30070,30218,3,pv_pt,1,1,1,20,30,20,4,2,4.0,0,10,12,12,2,2,10,5,10,5,5,0,3,1,20,30,25,22,14,2,9,2,4.0,0,10,5,0,10,3,4,2,2,3,2,1
30070,30218,1,pv,1,1,0,20,30,20,4,2,4.0,0,10,12,12,2,2,10,5,10,5,5,0,3,1,20,30,25,22,14,2,9,2,4.0,0,10,5,0,10,3,4,2,2,3,2,1
30070,30220,3,pv_pt,1,1,1,20,30,15,6,2,4.5,0,20,0,2,12,7,0,5,0,5,10,2,3,3,20,30,20,0,9,12,16,2,6.5,0,0,5,0,20,4,3,2,2,1,2,2
30070,30220,2,pt,1,1,0,20,30,15,6,2,4.5,0,20,0,2,12,7,0,5,0,5,10,2,3,3,20,30,20,0,9,12,16,2,6.5,0,0,5,0,20,4,3,2,2,1,2,2
30070,30221,1,pv,1,1,1,30,25,23,2,4,1.5,10,10,0,12,2,7,5,5,5,5,5,4,2,3,30,25,28,5,19,2,7,4,5.5,0,5,5,10,10,5,3,2,2,1,2,2
30070,30221,3,pv_pt,0,1,1,30,25,23,2,4,1.5,10,10,0,12,2,7,5,5,5,5,5,4,2,3,30,25,28,5,19,2,7,4,5.5,0,5,5,10,10,5,3,2,2,1,2,2
30070,30222,1,pv,1,1,1,20,25,18,2,2,1.75,10,10,0,7,7,7,5,10,5,10,0,2,2,3,20,25,28,5,14,7,2,2,3.75,0,5,10,10,10,6,3,2,2,1,2,2
30070,30222,3,pv_pt,0,1,1,20,25,18,2,2,1.75,10,10,0,7,7,7,5,10,5,10,0,2,2,3,20,25,28,5,14,7,2,2,3.75,0,5,10,10,10,6,3,2,2,1,2,2
30070,30224,2,pt,1,1,1,25,20,25,6,4,6.0,10,20,12,2,2,2,10,15,5,5,10,2,3,3,25,20,30,17,4,2,16,4,8.0,0,10,15,10,20,7,1,2,2,4,1,1
30070,30224,3,pv_pt,1,0,1,25,20,25,6,4,6.0,10,20,12,2,2,2,10,15,5,5,10,2,3,3,25,20,30,17,4,2,16,4,8.0,0,10,15,10,20,7,1,2,2,4,1,1
30070,30227,1,pv,1,1,1,25,30,25,4,4,4.0,20,0,12,12,12,12,0,15,10,10,5,4,3,2,25,30,35,22,24,12,9,4,8.0,0,0,15,20,0,8,1,2,2,4,1,1
30070,30227,2,pt,0,1,1,25,30,25,4,4,4.0,20,0,12,12,12,12,0,15,10,10,5,4,3,2,25,30,35,22,24,12,9,4,8.0,0,0,15,20,0,8,1,2,2,4,1,1
30070,30228,2,pt,1,1,1,30,30,26,2,0,1.75,10,0,0,2,7,2,10,15,0,15,10,0,3,1,30,30,41,0,4,7,12,0,1.75,0,10,15,10,0,9,1,2,2,4,1,1
30070,30228,3,pv_pt,1,0,1,30,30,26,2,0,1.75,10,0,0,2,7,2,10,15,0,15,10,0,3,1,30,30,41,0,4,7,12,0,1.75,0,10,15,10,0,9,1,2,2,4,1,1
30071,30120,1,pv,1,1,1,20,25,15,4,2,3.0,20,20,6,7,2,12,5,15,0,5,5,0,2,2,20,25,20,6,19,2,9,2,3.0,0,5,15,20,20,1,2,1,2,1,2,1
30071,30120,2,pt,0,1,1,20,25,15,4,2,3.0,20,20,6,7,2,12,5,15,0,5,5,0,2,2,20,25,20,6,19,2,9,2,3.0,0,5,15,20,20,1,2,1,2,1,2,1
30071,30121,1,pv,1,1,1,30,25,23,2,4,1.5,10,10,0,12,2,7,5,5,5,5,5,4,2,3,30,25,28,5,19,2,7,4,5.5,0,5,5,10,10,2,2,1,2,1,2,1
30071,30121,2,pt,0,1,1,30,25,23,2,4,1.5,10,10,0,12,2,7,5,5,5,5,5,4,2,3,30,25,28,5,19,2,7,4,5.5,0,5,5,10,10,2,2,1,2,1,2,1
30071,30122,2,pt,1,1,1,30,20,30,2,0,2.0,0,10,12,12,7,12,5,10,0,15,10,0,3,3,30,20,45,12,24,7,12,0,2.0,0,5,10,0,10,3,2,1,2,1,2,1
30071,30122,1,pv,1,0,1,30,20,30,2,0,2.0,0,10,12,12,7,12,5,10,0,15,10,0,3,3,30,20,45,12,24,7,12,0,2.0,0,5,10,0,10,3,2,1,2,1,2,1
30071,30124,2,pt,1,1,1,20,30,15,6,2,4.5,0,20,0,2,12,7,0,5,0,5,10,2,3,3,20,30,20,0,9,12,16,2,6.5,0,0,5,0,20,4,2,2,2,2,1,2
30071,30124,1,pv,1,0,1,20,30,15,6,2,4.5,0,20,0,2,12,7,0,5,0,5,10,2,3,3,20,30,20,0,9,12,16,2,6.5,0,0,5,0,20,4,2,2,2,2,1,2
30071,30125,1,pv,1,1,1,20,30,20,6,0,6.0,10,0,0,2,12,12,10,10,10,10,10,0,1,2,20,30,30,10,14,12,16,0,6.0,0,10,10,10,0,5,2,2,2,2,1,2
30071,30125,2,pt,0,1,1,20,30,20,6,0,6.0,10,0,0,2,12,12,10,10,10,10,10,0,1,2,20,30,30,10,14,12,16,0,6.0,0,10,10,10,0,5,2,2,2,2,1,2
30071,30126,1,pv,1,1,1,25,30,25,4,4,4.0,10,10,6,7,7,7,5,10,5,10,0,2,1,3,25,30,35,11,14,7,4,4,6.0,0,5,10,10,10,6,2,2,2,2,1,2
30071,30126,2,pt,0,1,1,25,30,25,4,4,4.0,10,10,6,7,7,7,5,10,5,10,0,2,1,3,25,30,35,11,14,7,4,4,6.0,0,5,10,10,10,6,2,2,2,2,1,2
30071,30128,1,pv,1,1,1,30,25,23,6,4,4.5,0,10,6,7,2,12,5,5,10,15,0,0,2,1,30,25,38,16,19,2,6,4,4.5,0,5,5,0,10,7,3,2,2,3,1,1
30071,30128,2,pt,0,1,1,30,25,23,6,4,4.5,0,10,6,7,2,12,5,5,10,15,0,0,2,1,30,25,38,16,19,2,6,4,4.5,0,5,5,0,10,7,3,2,2,3,1,1
30071,30129,2,pt,1,1,1,30,30,26,2,0,1.75,10,0,0,2,7,2,10,15,0,15,10,0,3,1,30,30,41,0,4,7,12,0,1.75,0,10,15,10,0,8,3,2,2,3,1,1
30071,30129,1,pv,1,0,1,30,30,26,2,0,1.75,10,0,0,2,7,2,10,15,0,15,10,0,3,1,30,30,41,0,4,7,12,0,1.75,0,10,15,10,0,8,3,2,2,3,1,1
30071,30130,2,pt,1,1,1,25,30,25,4,4,4.0,20,0,12,12,12,12,0,15,10,10,5,4,3,2,25,30,35,22,24,12,9,4,8.0,0,0,15,20,0,9,3,2,2,3,1,1
30071,30130,1,pv,1,0,1,25,30,25,4,4,4.0,20,0,12,12,12,12,0,15,10,10,5,4,3,2,25,30,35,22,24,12,9,4,8.0,0,0,15,20,0,9,3,2,2,3,1,1
30097,30188,1,pv,1,1,1,25,25,22,4,2,3.5,0,20,6,7,7,7,5,10,0,10,0,2,2,2,25,25,32,6,14,7,4,2,5.5,0,5,10,0,20,1,1,2,1,1,1,1
30097,30188,2,pt,0,1,1,25,25,22,4,2,3.5,0,20,6,7,7,7,5,10,0,10,0,2,2,2,25,25,32,6,14,7,4,2,5.5,0,5,10,0,20,1,1,2,1,1,1,1
30097,30189,1,pv,1,1,1,20,25,18,2,2,1.75,10,10,0,7,7,7,5,10,5,10,0,2,2,3,20,25,28,5,14,7,2,2,3.75,0,5,10,10,10,2,1,2,1,1,1,1
30097,30189,2,pt,0,1,1,20,25,18,2,2,1.75,10,10,0,7,7,7,5,10,5,10,0,2,2,3,20,25,28,5,14,7,2,2,3.75,0,5,10,10,10,2,1,2,1,1,1,1
30097,30190,2,pt,1,1,1,30,30,26,2,0,1.75,10,0,0,2,7,2,10,15,0,15,10,0,3,1,30,30,41,0,4,7,12,0,1.75,0,10,15,10,0,3,1,2,1,1,1,1
30097,30190,3,pv_pt,1,0,1,30,30,26,2,0,1.75,10,0,0,2,7,2,10,15,0,15,10,0,3,1,30,30,41,0,4,7,12,0,1.75,0,10,15,10,0,3,1,2,1,1,1,1
30097,30192,2,pt,1,1,1,30,20,23,4,0,3.0,20,20,12,2,12,2,0,15,10,5,0,0,1,1,30,20,28,22,4,12,4,0,3.0,0,0,15,20,20,4,3,1,1,3,1,2
30097,30192,3,pv_pt,1,0,1,30,20,23,4,0,3.0,20,20,12,2,12,2,0,15,10,5,0,0,1,1,30,20,28,22,4,12,4,0,3.0,0,0,15,20,20,4,3,1,1,3,1,2
30097,30193,2,pt,1,1,1,25,20,25,6,4,6.0,20,0,6,2,7,2,0,5,0,15,10,2,2,2,25,20,40,6,4,7,16,4,8.0,0,0,5,20,0,5,3,1,1,3,1,2
30097,30193,1,pv,1,0,1,25,20,25,6,4,6.0,20,0,6,2,7,2,0,5,0,15,10,2,2,2,25,20,40,6,4,7,16,4,8.0,0,0,5,20,0,5,3,1,1,3,1,2
30097,30194,2,pt,1,1,1,25,20,22,4,0,3.5,10,0,0,7,12,2,0,10,10,10,0,2,3,2,25,20,32,10,9,12,4,0,5.5,0,0,10,10,0,6,3,1,1,3,1,2
30097,30194,1,pv,1,0,1,25,20,22,4,0,3.5,10,0,0,7,12,2,0,10,10,10,0,2,3,2,25,20,32,10,9,12,4,0,5.5,0,0,10,10,0,6,3,1,1,3,1,2
30097,30197,1,pv,1,1,1,20,25,18,2,0,1.75,0,0,12,2,7,12,0,15,5,5,5,4,2,1,20,25,23,17,14,7,7,0,5.75,0,0,15,0,0,7,4,1,1,2,2,2
30097,30197,2,pt,0,1,1,20,25,18,2,0,1.75,0,0,12,2,7,12,0,15,5,5,5,4,2,1,20,25,23,17,14,7,7,0,5.75,0,0,15,0,0,7,4,1,1,2,2,2
30097,30198,2,pt,1,1,1,30,30,26,2,4,1.75,0,20,12,2,12,7,0,5,10,15,10,4,1,2,30,30,41,22,9,12,12,4,5.75,0,0,5,0,20,8,4,1,1,2,2,2
30097,30198,1,pv,1,0,1,30,30,26,2,4,1.75,0,20,12,2,12,7,0,5,10,15,10,4,1,2,30,30,41,22,9,12,12,4,5.75,0,0,5,0,20,8,4,1,1,2,2,2
30097,30199,2,pt,1,1,1,25,25,22,2,4,1.75,10,0,6,12,12,2,10,15,10,15,10,0,1,3,25,25,37,16,14,12,12,4,1.75,0,10,15,10,0,9,4,1,1,2,2,2
30097,30199,1,pv,1,0,1,25,25,22,2,4,1.75,10,0,6,12,12,2,10,15,10,15,10,0,1,3,25,25,37,16,14,12,12,4,1.75,0,10,15,10,0,9,4,1,1,2,2,2
30111,30163,1,pv,1,1,1,20,30,20,4,2,4.0,0,10,12,12,2,2,10,5,10,5,5,0,3,1,20,30,25,22,14,2,9,2,4.0,0,10,5,0,10,1,1,2,2,4,1,1
30111,30163,2,pt,0,1,1,20,30,20,4,2,4.0,0,10,12,12,2,2,10,5,10,5,5,0,3,1,20,30,25,22,14,2,9,2,4.0,0,10,5,0,10,1,1,2,2,4,1,1
30111,30164,1,pv,1,1,1,20,30,15,6,2,4.5,0,20,0,2,12,7,0,5,0,5,10,2,3,3,20,30,20,0,9,12,16,2,6.5,0,0,5,0,20,2,1,2,2,4,1,1
30111,30164,2,pt,0,1,1,20,30,15,6,2,4.5,0,20,0,2,12,7,0,5,0,5,10,2,3,3,20,30,20,0,9,12,16,2,6.5,0,0,5,0,20,2,1,2,2,4,1,1
30111,30165,1,pv,1,1,1,25,20,25,6,4,6.0,20,0,6,2,7,2,0,5,0,15,10,2,2,2,25,20,40,6,4,7,16,4,8.0,0,0,5,20,0,3,1,2,2,4,1,1
30111,30165,2,pt,0,1,1,25,20,25,6,4,6.0,20,0,6,2,7,2,0,5,0,15,10,2,2,2,25,20,40,6,4,7,16,4,8.0,0,0,5,20,0,3,1,2,2,4,1,1
30111,30167,1,pv,1,1,1,20,25,18,2,2,1.75,10,10,0,7,7,7,5,10,5,10,0,2,2,3,20,25,28,5,14,7,2,2,3.75,0,5,10,10,10,4,1,1,2,3,2,2
30111,30167,2,pt,0,1,1,20,25,18,2,2,1.75,10,10,0,7,7,7,5,10,5,10,0,2,2,3,20,25,28,5,14,7,2,2,3.75,0,5,10,10,10,4,1,1,2,3,2,2
30111,30168,1,pv,1,1,1,20,25,15,4,2,3.0,20,20,6,7,2,12,5,15,0,5,5,0,2,2,20,25,20,6,19,2,9,2,3.0,0,5,15,20,20,5,1,1,2,3,2,2
30111,30168,2,pt,0,1,1,20,25,15,4,2,3.0,20,20,6,7,2,12,5,15,0,5,5,0,2,2,20,25,20,6,19,2,9,2,3.0,0,5,15,20,20,5,1,1,2,3,2,2
30111,30169,1,pv,1,1,1,30,20,23,4,0,3.0,20,20,12,2,12,2,0,15,10,5,0,0,1,1,30,20,28,22,4,12,4,0,3.0,0,0,15,20,20,6,1,1,2,3,2,2
30111,30169,2,pt,0,1,1,30,20,23,4,0,3.0,20,20,12,2,12,2,0,15,10,5,0,0,1,1,30,20,28,22,4,12,4,0,3.0,0,0,15,20,20,6,1,1,2,3,2,2
30111,30172,1,pv,1,1,1,20,20,15,2,2,1.5,20,10,6,7,2,12,10,5,5,15,5,4,3,1,20,20,30,11,19,2,7,2,5.5,0,10,5,20,10,7,3,1,1,2,1,2
30111,30172,2,pt,0,1,1,20,20,15,2,2,1.5,20,10,6,7,2,12,10,5,5,15,5,4,3,1,20,20,30,11,19,2,7,2,5.5,0,10,5,20,10,7,3,1,1,2,1,2
30111,30174,1,pv,1,1,1,30,20,23,6,2,4.5,20,0,12,2,12,12,10,5,0,10,0,2,1,3,30,20,33,12,14,12,6,2,6.5,0,10,5,20,0,8,3,1,1,2,1,2
30111,30174,2,pt,0,1,1,30,20,23,6,2,4.5,20,0,12,2,12,12,10,5,0,10,0,2,1,3,30,20,33,12,14,12,6,2,6.5,0,10,5,20,0,8,3,1,1,2,1,2
30111,30176,1,pv,1,1,1,25,20,22,4,0,3.5,10,0,0,7,12,2,0,10,10,10,0,2,3,2,25,20,32,10,9,12,4,0,5.5,0,0,10,10,0,9,3,1,1,2,1,2
30111,30176,2,pt,0,1,1,25,20,22,4,0,3.5,10,0,0,7,12,2,0,10,10,10,0,2,3,2,25,20,32,10,9,12,4,0,5.5,0,0,10,10,0,9,3,1,1,2,1,2
30146,30337,2,pt,1,1,1,30,20,23,6,2,4.5,20,0,12,2,12,12,10,5,0,10,0,2,1,3,30,20,33,12,14,12,6,2,6.5,0,10,5,20,0,1,4,2,1,1,1,2
30146,30337,1,pv,1,0,1,30,20,23,6,2,4.5,20,0,12,2,12,12,10,5,0,10,0,2,1,3,30,20,33,12,14,12,6,2,6.5,0,10,5,20,0,1,4,2,1,1,1,2
30146,30338,1,pv,1,1,1,20,30,20,6,0,6.0,10,0,0,2,12,12,10,10,10,10,10,0,1,2,20,30,30,10,14,12,16,0,6.0,0,10,10,10,0,2,4,2,1,1,1,2
30146,30338,2,pt,0,1,1,20,30,20,6,0,6.0,10,0,0,2,12,12,10,10,10,10,10,0,1,2,20,30,30,10,14,12,16,0,6.0,0,10,10,10,0,2,4,2,1,1,1,2
30146,30339,2,pt,1,1,1,25,25,22,2,4,1.75,10,0,6,12,12,2,10,15,10,15,10,0,1,3,25,25,37,16,14,12,12,4,1.75,0,10,15,10,0,3,4,2,1,1,1,2
30146,30339,1,pv,1,0,1,25,25,22,2,4,1.75,10,0,6,12,12,2,10,15,10,15,10,0,1,3,25,25,37,16,14,12,12,4,1.75,0,10,15,10,0,3,4,2,1,1,1,2
30146,30341,2,pt,1,1,1,25,20,25,6,4,6.0,10,20,12,2,2,2,10,15,5,5,10,2,3,3,25,20,30,17,4,2,16,4,8.0,0,10,15,10,20,4,2,1,2,4,2,2
30146,30341,1,pv,1,0,1,25,20,25,6,4,6.0,10,20,12,2,2,2,10,15,5,5,10,2,3,3,25,20,30,17,4,2,16,4,8.0,0,10,15,10,20,4,2,1,2,4,2,2
30146,30342,2,pt,1,1,1,25,30,25,4,4,4.0,20,0,12,12,12,12,0,15,10,10,5,4,3,2,25,30,35,22,24,12,9,4,8.0,0,0,15,20,0,5,2,1,2,4,2,2
30146,30342,1,pv,1,0,1,25,30,25,4,4,4.0,20,0,12,12,12,12,0,15,10,10,5,4,3,2,25,30,35,22,24,12,9,4,8.0,0,0,15,20,0,5,2,1,2,4,2,2
30146,30343,1,pv,1,1,1,20,30,18,6,0,5.25,10,0,12,12,7,2,0,10,0,15,5,4,1,1,20,30,33,12,14,7,11,0,9.25,0,0,10,10,0,6,2,1,2,4,2,2
30146,30343,2,pt,0,1,1,20,30,18,6,0,5.25,10,0,12,12,7,2,0,10,0,15,5,4,1,1,20,30,33,12,14,7,11,0,9.25,0,0,10,10,0,6,2,1,2,4,2,2
30146,30345,2,pt,1,1,1,20,25,18,2,2,1.75,10,10,0,7,7,7,5,10,5,10,0,2,2,3,20,25,28,5,14,7,2,2,3.75,0,5,10,10,10,7,4,1,2,4,1,2
30146,30345,1,pv,1,0,1,20,25,18,2,2,1.75,10,10,0,7,7,7,5,10,5,10,0,2,2,3,20,25,28,5,14,7,2,2,3.75,0,5,10,10,10,7,4,1,2,4,1,2
30146,30346,2,pt,1,1,1,25,20,22,4,0,3.5,10,0,0,7,12,2,0,10,10,10,0,2,3,2,25,20,32,10,9,12,4,0,5.5,0,0,10,10,0,8,4,1,2,4,1,2
30146,30346,1,pv,1,0,1,25,20,22,4,0,3.5,10,0,0,7,12,2,0,10,10,10,0,2,3,2,25,20,32,10,9,12,4,0,5.5,0,0,10,10,0,8,4,1,2,4,1,2
30146,30347,1,pv,1,1,1,25,20,25,6,0,6.0,20,20,0,12,2,12,0,15,10,15,5,4,1,3,25,20,40,10,24,2,11,0,10.0,0,0,15,20,20,9,4,1,2,4,1,2
30146,30347,2,pt,0,1,1,25,20,25,6,0,6.0,20,20,0,12,2,12,0,15,10,15,5,4,1,3,25,20,40,10,24,2,11,0,10.0,0,0,15,20,20,9,4,1,2,4,1,2
30147,30306,2,pt,1,1,1,20,30,18,6,0,5.25,10,0,12,12,7,2,0,10,0,15,5,4,1,1,20,30,33,12,14,7,11,0,9.25,0,0,10,10,0,1,1,1,2,1,1,2
30147,30306,1,pv,1,0,1,20,30,18,6,0,5.25,10,0,12,12,7,2,0,10,0,15,5,4,1,1,20,30,33,12,14,7,11,0,9.25,0,0,10,10,0,1,1,1,2,1,1,2
30147,30307,1,pv,1,1,1,20,25,18,2,2,1.75,10,10,0,7,7,7,5,10,5,10,0,2,2,3,20,25,28,5,14,7,2,2,3.75,0,5,10,10,10,2,1,1,2,1,1,2
30147,30307,3,pv_pt,0,1,1,20,25,18,2,2,1.75,10,10,0,7,7,7,5,10,5,10,0,2,2,3,20,25,28,5,14,7,2,2,3.75,0,5,10,10,10,2,1,1,2,1,1,2
30147,30308,3,pv_pt,1,1,1,25,25,22,2,2,1.75,20,20,6,7,2,7,5,5,5,5,0,0,3,2,25,25,27,11,14,2,2,2,1.75,0,5,5,20,20,3,1,1,2,1,1,2
30147,30308,1,pv,1,1,0,25,25,22,2,2,1.75,20,20,6,7,2,7,5,5,5,5,0,0,3,2,25,25,27,11,14,2,2,2,1.75,0,5,5,20,20,3,1,1,2,1,1,2
30147,30310,2,pt,1,1,1,30,20,23,4,0,3.0,20,20,12,2,12,2,0,15,10,5,0,0,1,1,30,20,28,22,4,12,4,0,3.0,0,0,15,20,20,4,4,1,1,4,1,1
30147,30310,1,pv,1,0,1,30,20,23,4,0,3.0,20,20,12,2,12,2,0,15,10,5,0,0,1,1,30,20,28,22,4,12,4,0,3.0,0,0,15,20,20,4,4,1,1,4,1,1
30147,30311,1,pv,1,1,1,30,30,26,2,0,1.75,10,0,0,2,7,2,10,15,0,15,10,0,3,1,30,30,41,0,4,7,12,0,1.75,0,10,15,10,0,5,4,1,1,4,1,1
30147,30311,2,pt,0,1,1,30,30,26,2,0,1.75,10,0,0,2,7,2,10,15,0,15,10,0,3,1,30,30,41,0,4,7,12,0,1.75,0,10,15,10,0,5,4,1,1,4,1,1
30147,30312,1,pv,1,1,1,30,20,30,2,0,2.0,0,10,12,12,7,12,5,10,0,15,10,0,3,3,30,20,45,12,24,7,12,0,2.0,0,5,10,0,10,6,4,1,1,4,1,1
30147,30312,2,pt,0,1,1,30,20,30,2,0,2.0,0,10,12,12,7,12,5,10,0,15,10,0,3,3,30,20,45,12,24,7,12,0,2.0,0,5,10,0,10,6,4,1,1,4,1,1
30147,30314,2,pt,1,1,1,25,20,25,6,4,6.0,10,20,12,2,2,2,10,15,5,5,10,2,3,3,25,20,30,17,4,2,16,4,8.0,0,10,15,10,20,7,2,1,2,4,2,2
30147,30314,1,pv,1,0,1,25,20,25,6,4,6.0,10,20,12,2,2,2,10,15,5,5,10,2,3,3,25,20,30,17,4,2,16,4,8.0,0,10,15,10,20,7,2,1,2,4,2,2
30147,30315,2,pt,1,1,1,30,20,23,6,2,4.5,20,0,12,2,12,12,10,5,0,10,0,2,1,3,30,20,33,12,14,12,6,2,6.5,0,10,5,20,0,8,2,1,2,4,2,2
30147,30315,1,pv,1,0,1,30,20,23,6,2,4.5,20,0,12,2,12,12,10,5,0,10,0,2,1,3,30,20,33,12,14,12,6,2,6.5,0,10,5,20,0,8,2,1,2,4,2,2
30147,30316,2,pt,1,1,1,20,30,20,6,0,6.0,10,0,0,2,12,12,10,10,10,10,10,0,1,2,20,30,30,10,14,12,16,0,6.0,0,10,10,10,0,9,2,1,2,4,2,2
30147,30316,3,pv_pt,1,0,1,20,30,20,6,0,6.0,10,0,0,2,12,12,10,10,10,10,10,0,1,2,20,30,30,10,14,12,16,0,6.0,0,10,10,10,0,9,2,1,2,4,2,2
30290,30378,1,pv,1,1,1,30,30,26,2,0,1.75,10,0,0,2,7,2,10,15,0,15,10,0,3,1,30,30,41,0,4,7,12,0,1.75,0,10,15,10,0,1,2,2,1,4,2,1
30290,30378,2,pt,0,1,1,30,30,26,2,0,1.75,10,0,0,2,7,2,10,15,0,15,10,0,3,1,30,30,41,0,4,7,12,0,1.75,0,10,15,10,0,1,2,2,1,4,2,1
30290,30379,1,pv,1,1,1,25,30,25,4,4,4.0,20,0,12,12,12,12,0,15,10,10,5,4,3,2,25,30,35,22,24,12,9,4,8.0,0,0,15,20,0,2,2,2,1,4,2,1
30290,30379,2,pt,0,1,1,25,30,25,4,4,4.0,20,0,12,12,12,12,0,15,10,10,5,4,3,2,25,30,35,22,24,12,9,4,8.0,0,0,15,20,0,2,2,2,1,4,2,1
30290,30380,1,pv,1,1,1,25,25,22,2,2,1.75,20,20,6,7,2,7,5,5,5,5,0,0,3,2,25,25,27,11,14,2,2,2,1.75,0,5,5,20,20,3,2,2,1,4,2,1
30290,30380,3,pv_pt,0,1,1,25,25,22,2,2,1.75,20,20,6,7,2,7,5,5,5,5,0,0,3,2,25,25,27,11,14,2,2,2,1.75,0,5,5,20,20,3,2,2,1,4,2,1
30290,30382,2,pt,1,1,1,30,30,26,2,4,1.75,0,20,12,2,12,7,0,5,10,15,10,4,1,2,30,30,41,22,9,12,12,4,5.75,0,0,5,0,20,4,1,1,2,1,1,2
30290,30382,1,pv,1,0,1,30,30,26,2,4,1.75,0,20,12,2,12,7,0,5,10,15,10,4,1,2,30,30,41,22,9,12,12,4,5.75,0,0,5,0,20,4,1,1,2,1,1,2
30290,30383,1,pv,1,1,1,30,25,23,6,2,4.5,0,10,6,12,2,7,10,15,5,10,5,4,2,2,30,25,33,11,19,2,11,2,8.5,0,10,15,0,10,5,1,1,2,1,1,2
30290,30383,2,pt,0,1,1,30,25,23,6,2,4.5,0,10,6,12,2,7,10,15,5,10,5,4,2,2,30,25,33,11,19,2,11,2,8.5,0,10,15,0,10,5,1,1,2,1,1,2
30290,30385,1,pv,1,1,1,30,20,23,6,2,4.5,20,0,12,2,12,12,10,5,0,10,0,2,1,3,30,20,33,12,14,12,6,2,6.5,0,10,5,20,0,6,1,1,2,1,1,2
30290,30385,2,pt,0,1,1,30,20,23,6,2,4.5,20,0,12,2,12,12,10,5,0,10,0,2,1,3,30,20,33,12,14,12,6,2,6.5,0,10,5,20,0,6,1,1,2,1,1,2
30290,30389,1,pv,1,1,1,20,30,15,6,2,4.5,0,20,0,2,12,7,0,5,0,5,10,2,3,3,20,30,20,0,9,12,16,2,6.5,0,0,5,0,20,7,4,1,2,4,1,2
30290,30389,3,pv_pt,0,1,1,20,30,15,6,2,4.5,0,20,0,2,12,7,0,5,0,5,10,2,3,3,20,30,20,0,9,12,16,2,6.5,0,0,5,0,20,7,4,1,2,4,1,2
30290,30391,1,pv,1,1,1,30,30,30,4,0,4.0,20,20,0,12,12,2,10,10,5,5,10,4,2,1,30,30,35,5,14,12,14,0,8.0,0,10,10,20,20,8,4,1,2,4,1,2
30290,30391,3,pv_pt,0,1,1,30,30,30,4,0,4.0,20,20,0,12,12,2,10,10,5,5,10,4,2,1,30,30,35,5,14,12,14,0,8.0,0,10,10,20,20,8,4,1,2,4,1,2
30290,30394,1,pv,1,1,1,20,25,15,4,2,3.0,20,20,6,7,2,12,5,15,0,5,5,0,2,2,20,25,20,6,19,2,9,2,3.0,0,5,15,20,20,9,4,1,2,4,1,2
30290,30394,3,pv_pt,0,1,1,20,25,15,4,2,3.0,20,20,6,7,2,12,5,15,0,5,5,0,2,2,20,25,20,6,19,2,9,2,3.0,0,5,15,20,20,9,4,1,2,4,1,2
30333,30594,1,pv,1,1,1,20,30,15,6,2,4.5,0,20,0,2,12,7,0,5,0,5,10,2,3,3,20,30,20,0,9,12,16,2,6.5,0,0,5,0,20,1,1,1,1,2,2,1
30333,30594,2,pt,0,1,1,20,30,15,6,2,4.5,0,20,0,2,12,7,0,5,0,5,10,2,3,3,20,30,20,0,9,12,16,2,6.5,0,0,5,0,20,1,1,1,1,2,2,1
30333,30595,1,pv,1,1,1,20,25,18,2,2,1.75,10,10,0,7,7,7,5,10,5,10,0,2,2,3,20,25,28,5,14,7,2,2,3.75,0,5,10,10,10,2,1,1,1,2,2,1
30333,30595,2,pt,0,1,1,20,25,18,2,2,1.75,10,10,0,7,7,7,5,10,5,10,0,2,2,3,20,25,28,5,14,7,2,2,3.75,0,5,10,10,10,2,1,1,1,2,2,1
30333,30598,1,pv,1,1,1,25,25,22,2,4,1.75,10,0,6,12,12,2,10,15,10,15,10,0,1,3,25,25,37,16,14,12,12,4,1.75,0,10,15,10,0,3,1,1,1,2,2,1
30333,30598,2,pt,0,1,1,25,25,22,2,4,1.75,10,0,6,12,12,2,10,15,10,15,10,0,1,3,25,25,37,16,14,12,12,4,1.75,0,10,15,10,0,3,1,1,1,2,2,1
30333,30600,2,pt,1,1,1,25,20,25,6,4,6.0,20,0,6,2,7,2,0,5,0,15,10,2,2,2,25,20,40,6,4,7,16,4,8.0,0,0,5,20,0,4,4,1,2,1,1,1
30333,30600,1,pv,1,0,1,25,20,25,6,4,6.0,20,0,6,2,7,2,0,5,0,15,10,2,2,2,25,20,40,6,4,7,16,4,8.0,0,0,5,20,0,4,4,1,2,1,1,1
30333,30601,1,pv,1,1,1,30,25,23,6,4,4.5,0,10,6,7,2,12,5,5,10,15,0,0,2,1,30,25,38,16,19,2,6,4,4.5,0,5,5,0,10,5,4,1,2,1,1,1
30333,30601,3,pv_pt,0,1,1,30,25,23,6,4,4.5,0,10,6,7,2,12,5,5,10,15,0,0,2,1,30,25,38,16,19,2,6,4,4.5,0,5,5,0,10,5,4,1,2,1,1,1
30333,30602,2,pt,1,1,1,30,30,30,4,0,4.0,20,20,0,12,12,2,10,10,5,5,10,4,2,1,30,30,35,5,14,12,14,0,8.0,0,10,10,20,20,6,4,1,2,1,1,1
30333,30602,1,pv,1,0,1,30,30,30,4,0,4.0,20,20,0,12,12,2,10,10,5,5,10,4,2,1,30,30,35,5,14,12,14,0,8.0,0,10,10,20,20,6,4,1,2,1,1,1
30333,30605,1,pv,1,1,1,30,30,26,2,4,1.75,0,20,12,2,12,7,0,5,10,15,10,4,1,2,30,30,41,22,9,12,12,4,5.75,0,0,5,0,20,7,3,1,1,3,1,2
30333,30605,3,pv_pt,0,1,1,30,30,26,2,4,1.75,0,20,12,2,12,7,0,5,10,15,10,4,1,2,30,30,41,22,9,12,12,4,5.75,0,0,5,0,20,7,3,1,1,3,1,2
30333,30606,2,pt,1,1,1,30,20,23,6,2,4.5,20,0,12,2,12,12,10,5,0,10,0,2,1,3,30,20,33,12,14,12,6,2,6.5,0,10,5,20,0,8,3,1,1,3,1,2
30333,30606,3,pv_pt,1,0,1,30,20,23,6,2,4.5,20,0,12,2,12,12,10,5,0,10,0,2,1,3,30,20,33,12,14,12,6,2,6.5,0,10,5,20,0,8,3,1,1,3,1,2
30333,30607,3,pv_pt,1,1,1,25,20,25,6,4,6.0,10,20,12,2,2,2,10,15,5,5,10,2,3,3,25,20,30,17,4,2,16,4,8.0,0,10,15,10,20,9,3,1,1,3,1,2
30333,30607,1,pv,1,1,0,25,20,25,6,4,6.0,10,20,12,2,2,2,10,15,5,5,10,2,3,3,25,20,30,17,4,2,16,4,8.0,0,10,15,10,20,9,3,1,1,3,1,2
30358,30403,1,pv,1,1,1,20,30,20,4,2,4.0,0,10,12,12,2,2,10,5,10,5,5,0,3,1,20,30,25,22,14,2,9,2,4.0,0,10,5,0,10,1,1,2,1,1,1,1
30358,30403,3,pv_pt,0,1,1,20,30,20,4,2,4.0,0,10,12,12,2,2,10,5,10,5,5,0,3,1,20,30,25,22,14,2,9,2,4.0,0,10,5,0,10,1,1,2,1,1,1,1
30358,30404,1,pv,1,1,1,30,25,23,2,4,1.5,10,10,0,12,2,7,5,5,5,5,5,4,2,3,30,25,28,5,19,2,7,4,5.5,0,5,5,10,10,2,1,2,1,1,1,1
30358,30404,3,pv_pt,0,1,1,30,25,23,2,4,1.5,10,10,0,12,2,7,5,5,5,5,5,4,2,3,30,25,28,5,19,2,7,4,5.5,0,5,5,10,10,2,1,2,1,1,1,1
30358,30405,1,pv,1,1,1,25,25,22,2,4,1.75,10,0,6,12,12,2,10,15,10,15,10,0,1,3,25,25,37,16,14,12,12,4,1.75,0,10,15,10,0,3,1,2,1,1,1,1
30358,30405,3,pv_pt,0,1,1,25,25,22,2,4,1.75,10,0,6,12,12,2,10,15,10,15,10,0,1,3,25,25,37,16,14,12,12,4,1.75,0,10,15,10,0,3,1,2,1,1,1,1
30358,30407,1,pv,1,1,1,30,25,23,6,4,4.5,0,10,6,7,2,12,5,5,10,15,0,0,2,1,30,25,38,16,19,2,6,4,4.5,0,5,5,0,10,4,1,1,1,2,2,1
30358,30407,3,pv_pt,0,1,1,30,25,23,6,4,4.5,0,10,6,7,2,12,5,5,10,15,0,0,2,1,30,25,38,16,19,2,6,4,4.5,0,5,5,0,10,4,1,1,1,2,2,1
30358,30408,1,pv,1,1,1,30,20,23,4,0,3.0,20,20,12,2,12,2,0,15,10,5,0,0,1,1,30,20,28,22,4,12,4,0,3.0,0,0,15,20,20,5,1,1,1,2,2,1
30358,30408,2,pt,0,1,1,30,20,23,4,0,3.0,20,20,12,2,12,2,0,15,10,5,0,0,1,1,30,20,28,22,4,12,4,0,3.0,0,0,15,20,20,5,1,1,1,2,2,1
30358,30409,1,pv,1,1,1,25,20,25,6,4,6.0,10,20,12,2,2,2,10,15,5,5,10,2,3,3,25,20,30,17,4,2,16,4,8.0,0,10,15,10,20,6,1,1,1,2,2,1
30358,30409,2,pt,0,1,1,25,20,25,6,4,6.0,10,20,12,2,2,2,10,15,5,5,10,2,3,3,25,20,30,17,4,2,16,4,8.0,0,10,15,10,20,6,1,1,1,2,2,1
30358,30411,1,pv,1,1,1,20,30,20,6,0,6.0,10,0,0,2,12,12,10,10,10,10,10,0,1,2,20,30,30,10,14,12,16,0,6.0,0,10,10,10,0,7,3,1,1,2,1,2
30358,30411,3,pv_pt,0,1,1,20,30,20,6,0,6.0,10,0,0,2,12,12,10,10,10,10,10,0,1,2,20,30,30,10,14,12,16,0,6.0,0,10,10,10,0,7,3,1,1,2,1,2
30358,30412,1,pv,1,1,1,25,25,22,4,2,3.5,0,20,6,7,7,7,5,10,0,10,0,2,2,2,25,25,32,6,14,7,4,2,5.5,0,5,10,0,20,8,3,1,1,2,1,2
30358,30412,3,pv_pt,0,1,1,25,25,22,4,2,3.5,0,20,6,7,7,7,5,10,0,10,0,2,2,2,25,25,32,6,14,7,4,2,5.5,0,5,10,0,20,8,3,1,1,2,1,2
30358,30413,1,pv,1,1,1,20,25,18,2,2,1.75,10,10,0,7,7,7,5,10,5,10,0,2,2,3,20,25,28,5,14,7,2,2,3.75,0,5,10,10,10,9,3,1,1,2,1,2
30358,30413,3,pv_pt,0,1,1,20,25,18,2,2,1.75,10,10,0,7,7,7,5,10,5,10,0,2,2,3,20,25,28,5,14,7,2,2,3.75,0,5,10,10,10,9,3,1,1,2,1,2
30361,30426,3,pv_pt,1,1,1,30,20,30,2,0,2.0,0,10,12,12,7,12,5,10,0,15,10,0,3,3,30,20,45,12,24,7,12,0,2.0,0,5,10,0,10,1,2,1,2,4,2,2
30361,30426,2,pt,1,1,0,30,20,30,2,0,2.0,0,10,12,12,7,12,5,10,0,15,10,0,3,3,30,20,45,12,24,7,12,0,2.0,0,5,10,0,10,1,2,1,2,4,2,2
30361,30428,2,pt,1,1,1,20,30,18,6,0,5.25,10,0,12,12,7,2,0,10,0,15,5,4,1,1,20,30,33,12,14,7,11,0,9.25,0,0,10,10,0,2,2,1,2,4,2,2
30361,30428,1,pv,1,0,1,20,30,18,6,0,5.25,10,0,12,12,7,2,0,10,0,15,5,4,1,1,20,30,33,12,14,7,11,0,9.25,0,0,10,10,0,2,2,1,2,4,2,2
30361,30430,1,pv,1,1,1,25,25,22,4,2,3.5,0,20,6,7,7,7,5,10,0,10,0,2,2,2,25,25,32,6,14,7,4,2,5.5,0,5,10,0,20,3,2,1,2,4,2,2
30361,30430,3,pv_pt,0,1,1,25,25,22,4,2,3.5,0,20,6,7,7,7,5,10,0,10,0,2,2,2,25,25,32,6,14,7,4,2,5.5,0,5,10,0,20,3,2,1,2,4,2,2
30361,30433,1,pv,1,1,1,30,30,26,2,0,1.75,10,0,0,2,7,2,10,15,0,15,10,0,3,1,30,30,41,0,4,7,12,0,1.75,0,10,15,10,0,4,2,1,2,1,2,1
30361,30433,2,pt,0,1,1,30,30,26,2,0,1.75,10,0,0,2,7,2,10,15,0,15,10,0,3,1,30,30,41,0,4,7,12,0,1.75,0,10,15,10,0,4,2,1,2,1,2,1
30361,30434,3,pv_pt,1,1,1,20,30,20,4,2,4.0,0,10,12,12,2,2,10,5,10,5,5,0,3,1,20,30,25,22,14,2,9,2,4.0,0,10,5,0,10,5,2,1,2,1,2,1
30361,30434,1,pv,1,1,0,20,30,20,4,2,4.0,0,10,12,12,2,2,10,5,10,5,5,0,3,1,20,30,25,22,14,2,9,2,4.0,0,10,5,0,10,5,2,1,2,1,2,1
30361,30435,2,pt,1,1,1,20,25,18,2,0,1.75,0,0,12,2,7,12,0,15,5,5,5,4,2,1,20,25,23,17,14,7,7,0,5.75,0,0,15,0,0,6,2,1,2,1,2,1
30361,30435,1,pv,1,0,1,20,25,18,2,0,1.75,0,0,12,2,7,12,0,15,5,5,5,4,2,1,20,25,23,17,14,7,7,0,5.75,0,0,15,0,0,6,2,1,2,1,2,1
30361,30437,1,pv,1,1,1,20,25,18,4,4,1.75,0,10,0,7,7,7,5,10,0,10,0,2,1,1,20,25,28,0,14,7,4,4,3.75,0,5,10,0,10,7,2,2,1,4,2,1
30361,30437,2,pt,0,1,1,20,25,18,4,4,1.75,0,10,0,7,7,7,5,10,0,10,0,2,1,1,20,25,28,0,14,7,4,4,3.75,0,5,10,0,10,7,2,2,1,4,2,1
30361,30438,2,pt,1,1,1,20,30,15,6,2,4.5,0,20,0,2,12,7,0,5,0,5,10,2,3,3,20,30,20,0,9,12,16,2,6.5,0,0,5,0,20,8,2,2,1,4,2,1
30361,30438,1,pv,1,0,1,20,30,15,6,2,4.5,0,20,0,2,12,7,0,5,0,5,10,2,3,3,20,30,20,0,9,12,16,2,6.5,0,0,5,0,20,8,2,2,1,4,2,1
30361,30439,1,pv,1,1,1,20,30,20,6,0,6.0,10,0,0,2,12,12,10,10,10,10,10,0,1,2,20,30,30,10,14,12,16,0,6.0,0,10,10,10,0,9,2,2,1,4,2,1
30361,30439,2,pt,0,1,1,20,30,20,6,0,6.0,10,0,0,2,12,12,10,10,10,10,10,0,1,2,20,30,30,10,14,12,16,0,6.0,0,10,10,10,0,9,2,2,1,4,2,1
30374,30469,2,pt,1,1,1,25,20,22,4,0,3.5,10,0,0,7,12,2,0,10,10,10,0,2,3,2,25,20,32,10,9,12,4,0,5.5,0,0,10,10,0,1,2,2,2,2,1,2
30374,30469,1,pv,1,0,1,25,20,22,4,0,3.5,10,0,0,7,12,2,0,10,10,10,0,2,3,2,25,20,32,10,9,12,4,0,5.5,0,0,10,10,0,1,2,2,2,2,1,2
30374,30470,3,pv_pt,1,1,1,20,25,15,4,2,3.0,20,20,6,7,2,12,5,15,0,5,5,0,2,2,20,25,20,6,19,2,9,2,3.0,0,5,15,20,20,2,2,2,2,2,1,2
30374,30470,2,pt,1,1,0,20,25,15,4,2,3.0,20,20,6,7,2,12,5,15,0,5,5,0,2,2,20,25,20,6,19,2,9,2,3.0,0,5,15,20,20,2,2,2,2,2,1,2
30374,30471,2,pt,1,1,1,25,30,25,4,4,4.0,20,0,12,12,12,12,0,15,10,10,5,4,3,2,25,30,35,22,24,12,9,4,8.0,0,0,15,20,0,3,2,2,2,2,1,2
30374,30471,3,pv_pt,1,0,1,25,30,25,4,4,4.0,20,0,12,12,12,12,0,15,10,10,5,4,3,2,25,30,35,22,24,12,9,4,8.0,0,0,15,20,0,3,2,2,2,2,1,2
30374,30473,3,pv_pt,1,1,1,30,20,23,4,0,3.0,20,20,12,2,12,2,0,15,10,5,0,0,1,1,30,20,28,22,4,12,4,0,3.0,0,0,15,20,20,4,3,1,1,2,1,2
30374,30473,2,pt,1,1,0,30,20,23,4,0,3.0,20,20,12,2,12,2,0,15,10,5,0,0,1,1,30,20,28,22,4,12,4,0,3.0,0,0,15,20,20,4,3,1,1,2,1,2
30374,30474,1,pv,1,1,1,30,30,26,2,4,1.75,0,20,12,2,12,7,0,5,10,15,10,4,1,2,30,30,41,22,9,12,12,4,5.75,0,0,5,0,20,5,3,1,1,2,1,2
30374,30474,3,pv_pt,0,1,1,30,30,26,2,4,1.75,0,20,12,2,12,7,0,5,10,15,10,4,1,2,30,30,41,22,9,12,12,4,5.75,0,0,5,0,20,5,3,1,1,2,1,2
30374,30475,1,pv,1,1,1,20,25,18,2,0,1.75,0,0,12,2,7,12,0,15,5,5,5,4,2,1,20,25,23,17,14,7,7,0,5.75,0,0,15,0,0,6,3,1,1,2,1,2
30374,30475,2,pt,0,1,1,20,25,18,2,0,1.75,0,0,12,2,7,12,0,15,5,5,5,4,2,1,20,25,23,17,14,7,7,0,5.75,0,0,15,0,0,6,3,1,1,2,1,2
30374,30477,1,pv,1,1,1,25,30,25,4,4,4.0,10,10,6,7,7,7,5,10,5,10,0,2,1,3,25,30,35,11,14,7,4,4,6.0,0,5,10,10,10,7,4,2,1,3,2,2
30374,30477,2,pt,0,1,1,25,30,25,4,4,4.0,10,10,6,7,7,7,5,10,5,10,0,2,1,3,25,30,35,11,14,7,4,4,6.0,0,5,10,10,10,7,4,2,1,3,2,2
30374,30478,3,pv_pt,1,1,1,30,30,30,4,0,4.0,20,20,0,12,12,2,10,10,5,5,10,4,2,1,30,30,35,5,14,12,14,0,8.0,0,10,10,20,20,8,4,2,1,3,2,2
30374,30478,2,pt,1,1,0,30,30,30,4,0,4.0,20,20,0,12,12,2,10,10,5,5,10,4,2,1,30,30,35,5,14,12,14,0,8.0,0,10,10,20,20,8,4,2,1,3,2,2
30374,30479,3,pv_pt,1,1,1,25,25,22,2,2,1.75,20,20,6,7,2,7,5,5,5,5,0,0,3,2,25,25,27,11,14,2,2,2,1.75,0,5,5,20,20,9,4,2,1,3,2,2
30374,30479,1,pv,1,1,0,25,25,22,2,2,1.75,20,20,6,7,2,7,5,5,5,5,0,0,3,2,25,25,27,11,14,2,2,2,1.75,0,5,5,20,20,9,4,2,1,3,2,2
30519,30677,3,pv_pt,1,1,1,20,25,15,4,2,3.0,20,20,6,7,2,12,5,15,0,5,5,0,2,2,20,25,20,6,19,2,9,2,3.0,0,5,15,20,20,1,4,1,2,4,1,2
30519,30677,1,pv,1,1,0,20,25,15,4,2,3.0,20,20,6,7,2,12,5,15,0,5,5,0,2,2,20,25,20,6,19,2,9,2,3.0,0,5,15,20,20,1,4,1,2,4,1,2
30519,30678,2,pt,1,1,1,30,30,26,2,4,1.75,0,20,12,2,12,7,0,5,10,15,10,4,1,2,30,30,41,22,9,12,12,4,5.75,0,0,5,0,20,2,4,1,2,4,1,2
30519,30678,3,pv_pt,1,0,1,30,30,26,2,4,1.75,0,20,12,2,12,7,0,5,10,15,10,4,1,2,30,30,41,22,9,12,12,4,5.75,0,0,5,0,20,2,4,1,2,4,1,2
30519,30679,1,pv,1,1,1,25,25,22,4,2,3.5,0,20,6,7,7,7,5,10,0,10,0,2,2,2,25,25,32,6,14,7,4,2,5.5,0,5,10,0,20,3,4,1,2,4,1,2
30519,30679,2,pt,0,1,1,25,25,22,4,2,3.5,0,20,6,7,7,7,5,10,0,10,0,2,2,2,25,25,32,6,14,7,4,2,5.5,0,5,10,0,20,3,4,1,2,4,1,2
30519,30681,2,pt,1,1,1,25,20,25,6,4,6.0,20,0,6,2,7,2,0,5,0,15,10,2,2,2,25,20,40,6,4,7,16,4,8.0,0,0,5,20,0,4,1,2,2,2,2,2
30519,30681,1,pv,1,0,1,25,20,25,6,4,6.0,20,0,6,2,7,2,0,5,0,15,10,2,2,2,25,20,40,6,4,7,16,4,8.0,0,0,5,20,0,4,1,2,2,2,2,2
30519,30682,1,pv,1,1,1,25,30,25,4,4,4.0,20,0,12,12,12,12,0,15,10,10,5,4,3,2,25,30,35,22,24,12,9,4,8.0,0,0,15,20,0,5,1,2,2,2,2,2
30519,30682,2,pt,0,1,1,25,30,25,4,4,4.0,20,0,12,12,12,12,0,15,10,10,5,4,3,2,25,30,35,22,24,12,9,4,8.0,0,0,15,20,0,5,1,2,2,2,2,2
30519,30683,1,pv,1,1,1,30,30,30,4,0,4.0,20,20,0,12,12,2,10,10,5,5,10,4,2,1,30,30,35,5,14,12,14,0,8.0,0,10,10,20,20,6,1,2,2,2,2,2
30519,30683,2,pt,0,1,1,30,30,30,4,0,4.0,20,20,0,12,12,2,10,10,5,5,10,4,2,1,30,30,35,5,14,12,14,0,8.0,0,10,10,20,20,6,1,2,2,2,2,2
30519,30686,3,pv_pt,1,1,1,20,20,15,2,2,1.5,20,10,6,7,2,12,10,5,5,15,5,4,3,1,20,20,30,11,19,2,7,2,5.5,0,10,5,20,10,7,1,1,1,3,2,1
30519,30686,1,pv,1,1,0,20,20,15,2,2,1.5,20,10,6,7,2,12,10,5,5,15,5,4,3,1,20,20,30,11,19,2,7,2,5.5,0,10,5,20,10,7,1,1,1,3,2,1
30519,30688,2,pt,1,1,1,25,25,22,2,4,1.75,10,0,6,12,12,2,10,15,10,15,10,0,1,3,25,25,37,16,14,12,12,4,1.75,0,10,15,10,0,8,1,1,1,3,2,1
30519,30688,3,pv_pt,1,0,1,25,25,22,2,4,1.75,10,0,6,12,12,2,10,15,10,15,10,0,1,3,25,25,37,16,14,12,12,4,1.75,0,10,15,10,0,8,1,1,1,3,2,1
30519,30691,2,pt,1,1,1,30,30,26,2,0,1.75,10,0,0,2,7,2,10,15,0,15,10,0,3,1,30,30,41,0,4,7,12,0,1.75,0,10,15,10,0,9,1,1,1,3,2,1
30519,30691,1,pv,1,0,1,30,30,26,2,0,1.75,10,0,0,2,7,2,10,15,0,15,10,0,3,1,30,30,41,0,4,7,12,0,1.75,0,10,15,10,0,9,1,1,1,3,2,1
30577,30637,2,pt,1,1,1,25,20,25,6,4,6.0,10,20,12,2,2,2,10,15,5,5,10,2,3,3,25,20,30,17,4,2,16,4,8.0,0,10,15,10,20,1,1,2,2,4,1,1
30577,30637,1,pv,1,0,1,25,20,25,6,4,6.0,10,20,12,2,2,2,10,15,5,5,10,2,3,3,25,20,30,17,4,2,16,4,8.0,0,10,15,10,20,1,1,2,2,4,1,1
30577,30638,1,pv,1,1,1,25,25,22,4,2,3.5,0,20,6,7,7,7,5,10,0,10,0,2,2,2,25,25,32,6,14,7,4,2,5.5,0,5,10,0,20,2,1,2,2,4,1,1
30577,30638,3,pv_pt,0,1,1,25,25,22,4,2,3.5,0,20,6,7,7,7,5,10,0,10,0,2,2,2,25,25,32,6,14,7,4,2,5.5,0,5,10,0,20,2,1,2,2,4,1,1
30577,30639,1,pv,1,1,1,20,30,15,6,2,4.5,0,20,0,2,12,7,0,5,0,5,10,2,3,3,20,30,20,0,9,12,16,2,6.5,0,0,5,0,20,3,1,2,2,4,1,1
30577,30639,3,pv_pt,0,1,1,20,30,15,6,2,4.5,0,20,0,2,12,7,0,5,0,5,10,2,3,3,20,30,20,0,9,12,16,2,6.5,0,0,5,0,20,3,1,2,2,4,1,1
30577,30641,1,pv,1,1,1,30,20,23,4,0,3.0,20,20,12,2,12,2,0,15,10,5,0,0,1,1,30,20,28,22,4,12,4,0,3.0,0,0,15,20,20,4,3,1,1,3,1,2
30577,30641,2,pt,0,1,1,30,20,23,4,0,3.0,20,20,12,2,12,2,0,15,10,5,0,0,1,1,30,20,28,22,4,12,4,0,3.0,0,0,15,20,20,4,3,1,1,3,1,2
30577,30642,1,pv,1,1,1,30,25,23,6,4,4.5,0,10,6,7,2,12,5,5,10,15,0,0,2,1,30,25,38,16,19,2,6,4,4.5,0,5,5,0,10,5,3,1,1,3,1,2
30577,30642,3,pv_pt,0,1,1,30,25,23,6,4,4.5,0,10,6,7,2,12,5,5,10,15,0,0,2,1,30,25,38,16,19,2,6,4,4.5,0,5,5,0,10,5,3,1,1,3,1,2
30577,30643,1,pv,1,1,1,25,20,22,4,0,3.5,10,0,0,7,12,2,0,10,10,10,0,2,3,2,25,20,32,10,9,12,4,0,5.5,0,0,10,10,0,6,3,1,1,3,1,2
30577,30643,2,pt,0,1,1,25,20,22,4,0,3.5,10,0,0,7,12,2,0,10,10,10,0,2,3,2,25,20,32,10,9,12,4,0,5.5,0,0,10,10,0,6,3,1,1,3,1,2
30577,30645,1,pv,1,1,1,30,30,30,4,0,4.0,20,20,0,12,12,2,10,10,5,5,10,4,2,1,30,30,35,5,14,12,14,0,8.0,0,10,10,20,20,7,4,2,2,3,2,1
30577,30645,2,pt,0,1,1,30,30,30,4,0,4.0,20,20,0,12,12,2,10,10,5,5,10,4,2,1,30,30,35,5,14,12,14,0,8.0,0,10,10,20,20,7,4,2,2,3,2,1
30577,30647,1,pv,1,1,1,30,20,30,2,0,2.0,0,10,12,12,7,12,5,10,0,15,10,0,3,3,30,20,45,12,24,7,12,0,2.0,0,5,10,0,10,8,4,2,2,3,2,1
30577,30647,2,pt,0,1,1,30,20,30,2,0,2.0,0,10,12,12,7,12,5,10,0,15,10,0,3,3,30,20,45,12,24,7,12,0,2.0,0,5,10,0,10,8,4,2,2,3,2,1
30577,30650,1,pv,1,1,1,20,20,15,2,2,1.5,20,10,6,7,2,12,10,5,5,15,5,4,3,1,20,20,30,11,19,2,7,2,5.5,0,10,5,20,10,9,4,2,2,3,2,1
30577,30650,3,pv_pt,0,1,1,20,20,15,2,2,1.5,20,10,6,7,2,12,10,5,5,15,5,4,3,1,20,20,30,11,19,2,7,2,5.5,0,10,5,20,10,9,4,2,2,3,2,1
30625,30687,1,pv,1,1,1,25,30,25,4,4,4.0,10,10,6,7,7,7,5,10,5,10,0,2,1,3,25,30,35,11,14,7,4,4,6.0,0,5,10,10,10,1,1,2,2,4,1,1
30625,30687,3,pv_pt,0,1,1,25,30,25,4,4,4.0,10,10,6,7,7,7,5,10,5,10,0,2,1,3,25,30,35,11,14,7,4,4,6.0,0,5,10,10,10,1,1,2,2,4,1,1
30625,30689,1,pv,1,1,1,25,20,22,4,0,3.5,10,0,0,7,12,2,0,10,10,10,0,2,3,2,25,20,32,10,9,12,4,0,5.5,0,0,10,10,0,2,1,2,2,4,1,1
30625,30689,2,pt,0,1,1,25,20,22,4,0,3.5,10,0,0,7,12,2,0,10,10,10,0,2,3,2,25,20,32,10,9,12,4,0,5.5,0,0,10,10,0,2,1,2,2,4,1,1
30625,30690,1,pv,1,1,1,20,25,18,2,0,1.75,0,0,12,2,7,12,0,15,5,5,5,4,2,1,20,25,23,17,14,7,7,0,5.75,0,0,15,0,0,3,1,2,2,4,1,1
30625,30690,3,pv_pt,0,1,1,20,25,18,2,0,1.75,0,0,12,2,7,12,0,15,5,5,5,4,2,1,20,25,23,17,14,7,7,0,5.75,0,0,15,0,0,3,1,2,2,4,1,1
30625,30696,1,pv,1,1,1,30,30,26,2,4,1.75,0,20,12,2,12,7,0,5,10,15,10,4,1,2,30,30,41,22,9,12,12,4,5.75,0,0,5,0,20,4,2,1,1,1,2,2
30625,30696,3,pv_pt,0,1,1,30,30,26,2,4,1.75,0,20,12,2,12,7,0,5,10,15,10,4,1,2,30,30,41,22,9,12,12,4,5.75,0,0,5,0,20,4,2,1,1,1,2,2
30625,30698,1,pv,1,1,1,30,30,26,2,0,1.75,10,0,0,2,7,2,10,15,0,15,10,0,3,1,30,30,41,0,4,7,12,0,1.75,0,10,15,10,0,5,2,1,1,1,2,2
30625,30698,2,pt,0,1,1,30,30,26,2,0,1.75,10,0,0,2,7,2,10,15,0,15,10,0,3,1,30,30,41,0,4,7,12,0,1.75,0,10,15,10,0,5,2,1,1,1,2,2
30625,30700,1,pv,1,1,1,20,30,20,4,2,4.0,0,10,12,12,2,2,10,5,10,5,5,0,3,1,20,30,25,22,14,2,9,2,4.0,0,10,5,0,10,6,2,1,1,1,2,2
30625,30700,3,pv_pt,0,1,1,20,30,20,4,2,4.0,0,10,12,12,2,2,10,5,10,5,5,0,3,1,20,30,25,22,14,2,9,2,4.0,0,10,5,0,10,6,2,1,1,1,2,2
30625,30704,1,pv,1,1,1,30,25,23,6,2,4.5,0,10,6,12,2,7,10,15,5,10,5,4,2,2,30,25,33,11,19,2,11,2,8.5,0,10,15,0,10,7,2,2,1,4,2,1
30625,30704,3,pv_pt,0,1,1,30,25,23,6,2,4.5,0,10,6,12,2,7,10,15,5,10,5,4,2,2,30,25,33,11,19,2,11,2,8.5,0,10,15,0,10,7,2,2,1,4,2,1
30625,30706,1,pv,1,1,1,25,20,25,6,4,6.0,20,0,6,2,7,2,0,5,0,15,10,2,2,2,25,20,40,6,4,7,16,4,8.0,0,0,5,20,0,8,2,2,1,4,2,1
30625,30706,2,pt,0,1,1,25,20,25,6,4,6.0,20,0,6,2,7,2,0,5,0,15,10,2,2,2,25,20,40,6,4,7,16,4,8.0,0,0,5,20,0,8,2,2,1,4,2,1
30625,30708,1,pv,1,1,1,20,20,15,2,2,1.5,20,10,6,7,2,12,10,5,5,15,5,4,3,1,20,20,30,11,19,2,7,2,5.5,0,10,5,20,10,9,2,2,1,4,2,1
30625,30708,3,pv_pt,0,1,1,20,20,15,2,2,1.5,20,10,6,7,2,12,10,5,5,15,5,4,3,1,20,20,30,11,19,2,7,2,5.5,0,10,5,20,10,9,2,2,1,4,2,1
30634,30729,2,pt,1,1,1,25,20,25,6,4,6.0,20,0,6,2,7,2,0,5,0,15,10,2,2,2,25,20,40,6,4,7,16,4,8.0,0,0,5,20,0,1,3,1,2,4,2,1
30634,30729,3,pv_pt,1,0,1,25,20,25,6,4,6.0,20,0,6,2,7,2,0,5,0,15,10,2,2,2,25,20,40,6,4,7,16,4,8.0,0,0,5,20,0,1,3,1,2,4,2,1
30634,30730,2,pt,1,1,1,25,25,22,2,4,1.75,10,0,6,12,12,2,10,15,10,15,10,0,1,3,25,25,37,16,14,12,12,4,1.75,0,10,15,10,0,2,3,1,2,4,2,1
30634,30730,3,pv_pt,1,0,1,25,25,22,2,4,1.75,10,0,6,12,12,2,10,15,10,15,10,0,1,3,25,25,37,16,14,12,12,4,1.75,0,10,15,10,0,2,3,1,2,4,2,1
30634,30731,3,pv_pt,1,1,1,30,25,23,2,4,1.5,10,10,0,12,2,7,5,5,5,5,5,4,2,3,30,25,28,5,19,2,7,4,5.5,0,5,5,10,10,3,3,1,2,4,2,1
30634,30731,1,pv,1,1,0,30,25,23,2,4,1.5,10,10,0,12,2,7,5,5,5,5,5,4,2,3,30,25,28,5,19,2,7,4,5.5,0,5,5,10,10,3,3,1,2,4,2,1
30634,30734,3,pv_pt,1,1,1,25,20,25,6,4,6.0,10,20,12,2,2,2,10,15,5,5,10,2,3,3,25,20,30,17,4,2,16,4,8.0,0,10,15,10,20,4,3,1,1,3,1,2
30634,30734,2,pt,1,1,0,25,20,25,6,4,6.0,10,20,12,2,2,2,10,15,5,5,10,2,3,3,25,20,30,17,4,2,16,4,8.0,0,10,15,10,20,4,3,1,1,3,1,2
30634,30735,3,pv_pt,1,1,1,30,20,30,2,0,2.0,0,10,12,12,7,12,5,10,0,15,10,0,3,3,30,20,45,12,24,7,12,0,2.0,0,5,10,0,10,5,3,1,1,3,1,2
30634,30735,1,pv,1,1,0,30,20,30,2,0,2.0,0,10,12,12,7,12,5,10,0,15,10,0,3,3,30,20,45,12,24,7,12,0,2.0,0,5,10,0,10,5,3,1,1,3,1,2
30634,30736,2,pt,1,1,1,30,20,23,4,0,3.0,20,20,12,2,12,2,0,15,10,5,0,0,1,1,30,20,28,22,4,12,4,0,3.0,0,0,15,20,20,6,3,1,1,3,1,2
30634,30736,3,pv_pt,1,0,1,30,20,23,4,0,3.0,20,20,12,2,12,2,0,15,10,5,0,0,1,1,30,20,28,22,4,12,4,0,3.0,0,0,15,20,20,6,3,1,1,3,1,2
30634,30738,1,pv,1,1,1,25,20,25,6,0,6.0,20,20,0,12,2,12,0,15,10,15,5,4,1,3,25,20,40,10,24,2,11,0,10.0,0,0,15,20,20,7,2,2,1,4,2,1
30634,30738,3,pv_pt,0,1,1,25,20,25,6,0,6.0,20,20,0,12,2,12,0,15,10,15,5,4,1,3,25,20,40,10,24,2,11,0,10.0,0,0,15,20,20,7,2,2,1,4,2,1
30634,30740,2,pt,1,1,1,30,30,30,4,0,4.0,20,20,0,12,12,2,10,10,5,5,10,4,2,1,30,30,35,5,14,12,14,0,8.0,0,10,10,20,20,8,2,2,1,4,2,1
30634,30740,1,pv,1,0,1,30,30,30,4,0,4.0,20,20,0,12,12,2,10,10,5,5,10,4,2,1,30,30,35,5,14,12,14,0,8.0,0,10,10,20,20,8,2,2,1,4,2,1
30634,30741,3,pv_pt,1,1,1,30,25,23,6,2,4.5,0,10,6,12,2,7,10,15,5,10,5,4,2,2,30,25,33,11,19,2,11,2,8.5,0,10,15,0,10,9,2,2,1,4,2,1
30634,30741,1,pv,1,1,0,30,25,23,6,2,4.5,0,10,6,12,2,7,10,15,5,10,5,4,2,2,30,25,33,11,19,2,11,2,8.5,0,10,15,0,10,9,2,2,1,4,2,1
30635,30714,1,pv,1,1,1,30,25,23,6,2,4.5,0,10,6,12,2,7,10,15,5,10,5,4,2,2,30,25,33,11,19,2,11,2,8.5,0,10,15,0,10,1,3,1,2,2,1,1
30635,30714,2,pt,0,1,1,30,25,23,6,2,4.5,0,10,6,12,2,7,10,15,5,10,5,4,2,2,30,25,33,11,19,2,11,2,8.5,0,10,15,0,10,1,3,1,2,2,1,1
30635,30715,1,pv,1,1,1,30,20,23,6,2,4.5,20,0,12,2,12,12,10,5,0,10,0,2,1,3,30,20,33,12,14,12,6,2,6.5,0,10,5,20,0,2,3,1,2,2,1,1
30635,30715,2,pt,0,1,1,30,20,23,6,2,4.5,20,0,12,2,12,12,10,5,0,10,0,2,1,3,30,20,33,12,14,12,6,2,6.5,0,10,5,20,0,2,3,1,2,2,1,1
30635,30716,1,pv,1,1,1,25,20,25,6,0,6.0,20,20,0,12,2,12,0,15,10,15,5,4,1,3,25,20,40,10,24,2,11,0,10.0,0,0,15,20,20,3,3,1,2,2,1,1
30635,30716,2,pt,0,1,1,25,20,25,6,0,6.0,20,20,0,12,2,12,0,15,10,15,5,4,1,3,25,20,40,10,24,2,11,0,10.0,0,0,15,20,20,3,3,1,2,2,1,1
30635,30718,2,pt,1,1,1,20,30,20,6,0,6.0,10,0,0,2,12,12,10,10,10,10,10,0,1,2,20,30,30,10,14,12,16,0,6.0,0,10,10,10,0,4,4,2,1,1,1,2
30635,30718,1,pv,1,0,1,20,30,20,6,0,6.0,10,0,0,2,12,12,10,10,10,10,10,0,1,2,20,30,30,10,14,12,16,0,6.0,0,10,10,10,0,4,4,2,1,1,1,2
30635,30719,2,pt,1,1,1,20,25,18,2,0,1.75,0,0,12,2,7,12,0,15,5,5,5,4,2,1,20,25,23,17,14,7,7,0,5.75,0,0,15,0,0,5,4,2,1,1,1,2
30635,30719,1,pv,1,0,1,20,25,18,2,0,1.75,0,0,12,2,7,12,0,15,5,5,5,4,2,1,20,25,23,17,14,7,7,0,5.75,0,0,15,0,0,5,4,2,1,1,1,2
30635,30720,2,pt,1,1,1,25,25,22,2,4,1.75,10,0,6,12,12,2,10,15,10,15,10,0,1,3,25,25,37,16,14,12,12,4,1.75,0,10,15,10,0,6,4,2,1,1,1,2
30635,30720,3,pv_pt,1,0,1,25,25,22,2,4,1.75,10,0,6,12,12,2,10,15,10,15,10,0,1,3,25,25,37,16,14,12,12,4,1.75,0,10,15,10,0,6,4,2,1,1,1,2
30635,30722,1,pv,1,1,1,20,30,20,4,2,4.0,0,10,12,12,2,2,10,5,10,5,5,0,3,1,20,30,25,22,14,2,9,2,4.0,0,10,5,0,10,7,4,1,1,4,1,1
30635,30722,3,pv_pt,0,1,1,20,30,20,4,2,4.0,0,10,12,12,2,2,10,5,10,5,5,0,3,1,20,30,25,22,14,2,9,2,4.0,0,10,5,0,10,7,4,1,1,4,1,1
30635,30723,3,pv_pt,1,1,1,30,30,30,4,0,4.0,20,20,0,12,12,2,10,10,5,5,10,4,2,1,30,30,35,5,14,12,14,0,8.0,0,10,10,20,20,8,4,1,1,4,1,1
30635,30723,2,pt,1,1,0,30,30,30,4,0,4.0,20,20,0,12,12,2,10,10,5,5,10,4,2,1,30,30,35,5,14,12,14,0,8.0,0,10,10,20,20,8,4,1,1,4,1,1
30635,30724,2,pt,1,1,1,25,30,25,4,4,4.0,20,0,12,12,12,12,0,15,10,10,5,4,3,2,25,30,35,22,24,12,9,4,8.0,0,0,15,20,0,9,4,1,1,4,1,1
30635,30724,3,pv_pt,1,0,1,25,30,25,4,4,4.0,20,0,12,12,12,12,0,15,10,10,5,4,3,2,25,30,35,22,24,12,9,4,8.0,0,0,15,20,0,9,4,1,1,4,1,1
30662,30828,1,pv,1,1,1,30,25,23,6,2,4.5,0,10,6,12,2,7,10,15,5,10,5,4,2,2,30,25,33,11,19,2,11,2,8.5,0,10,15,0,10,1,1,1,2,3,2,2
30662,30828,3,pv_pt,0,1,1,30,25,23,6,2,4.5,0,10,6,12,2,7,10,15,5,10,5,4,2,2,30,25,33,11,19,2,11,2,8.5,0,10,15,0,10,1,1,1,2,3,2,2
30662,30829,3,pv_pt,1,1,1,25,25,22,2,2,1.75,20,20,6,7,2,7,5,5,5,5,0,0,3,2,25,25,27,11,14,2,2,2,1.75,0,5,5,20,20,2,1,1,2,3,2,2
30662,30829,1,pv,1,1,0,25,25,22,2,2,1.75,20,20,6,7,2,7,5,5,5,5,0,0,3,2,25,25,27,11,14,2,2,2,1.75,0,5,5,20,20,2,1,1,2,3,2,2
30662,30832,2,pt,1,1,1,20,20,15,2,2,1.5,20,10,6,7,2,12,10,5,5,15,5,4,3,1,20,20,30,11,19,2,7,2,5.5,0,10,5,20,10,3,1,1,2,3,2,2
30662,30832,1,pv,1,0,1,20,20,15,2,2,1.5,20,10,6,7,2,12,10,5,5,15,5,4,3,1,20,20,30,11,19,2,7,2,5.5,0,10,5,20,10,3,1,1,2,3,2,2
30662,30835,1,pv,1,1,1,25,20,25,6,4,6.0,10,20,12,2,2,2,10,15,5,5,10,2,3,3,25,20,30,17,4,2,16,4,8.0,0,10,15,10,20,4,1,1,1,2,2,1
30662,30835,2,pt,0,1,1,25,20,25,6,4,6.0,10,20,12,2,2,2,10,15,5,5,10,2,3,3,25,20,30,17,4,2,16,4,8.0,0,10,15,10,20,4,1,1,1,2,2,1
30662,30837,3,pv_pt,1,1,1,30,20,30,2,0,2.0,0,10,12,12,7,12,5,10,0,15,10,0,3,3,30,20,45,12,24,7,12,0,2.0,0,5,10,0,10,5,1,1,1,2,2,1
30662,30837,2,pt,1,1,0,30,20,30,2,0,2.0,0,10,12,12,7,12,5,10,0,15,10,0,3,3,30,20,45,12,24,7,12,0,2.0,0,5,10,0,10,5,1,1,1,2,2,1
30662,30840,2,pt,1,1,1,30,30,26,2,4,1.75,0,20,12,2,12,7,0,5,10,15,10,4,1,2,30,30,41,22,9,12,12,4,5.75,0,0,5,0,20,6,1,1,1,2,2,1
30662,30840,3,pv_pt,1,0,1,30,30,26,2,4,1.75,0,20,12,2,12,7,0,5,10,15,10,4,1,2,30,30,41,22,9,12,12,4,5.75,0,0,5,0,20,6,1,1,1,2,2,1
30662,30843,2,pt,1,1,1,25,25,22,2,4,1.75,10,0,6,12,12,2,10,15,10,15,10,0,1,3,25,25,37,16,14,12,12,4,1.75,0,10,15,10,0,7,4,1,2,4,1,2
30662,30843,3,pv_pt,1,0,1,25,25,22,2,4,1.75,10,0,6,12,12,2,10,15,10,15,10,0,1,3,25,25,37,16,14,12,12,4,1.75,0,10,15,10,0,7,4,1,2,4,1,2
30662,30845,2,pt,1,1,1,25,20,25,6,0,6.0,20,20,0,12,2,12,0,15,10,15,5,4,1,3,25,20,40,10,24,2,11,0,10.0,0,0,15,20,20,8,4,1,2,4,1,2
30662,30845,1,pv,1,0,1,25,20,25,6,0,6.0,20,20,0,12,2,12,0,15,10,15,5,4,1,3,25,20,40,10,24,2,11,0,10.0,0,0,15,20,20,8,4,1,2,4,1,2
30662,30848,1,pv,1,1,1,30,25,23,6,4,4.5,0,10,6,7,2,12,5,5,10,15,0,0,2,1,30,25,38,16,19,2,6,4,4.5,0,5,5,0,10,9,4,1,2,4,1,2
30662,30848,2,pt,0,1,1,30,25,23,6,4,4.5,0,10,6,7,2,12,5,5,10,15,0,0,2,1,30,25,38,16,19,2,6,4,4.5,0,5,5,0,10,9,4,1,2,4,1,2
30866,30960,1,pv,1,1,1,20,30,20,4,2,4.0,0,10,12,12,2,2,10,5,10,5,5,0,3,1,20,30,25,22,14,2,9,2,4.0,0,10,5,0,10,1,1,2,1,1,1,1
30866,30960,3,pv_pt,0,1,1,20,30,20,4,2,4.0,0,10,12,12,2,2,10,5,10,5,5,0,3,1,20,30,25,22,14,2,9,2,4.0,0,10,5,0,10,1,1,2,1,1,1,1
30866,30962,1,pv,1,1,1,25,25,22,4,2,3.5,0,20,6,7,7,7,5,10,0,10,0,2,2,2,25,25,32,6,14,7,4,2,5.5,0,5,10,0,20,2,1,2,1,1,1,1
30866,30962,2,pt,0,1,1,25,25,22,4,2,3.5,0,20,6,7,7,7,5,10,0,10,0,2,2,2,25,25,32,6,14,7,4,2,5.5,0,5,10,0,20,2,1,2,1,1,1,1
30866,30964,1,pv,1,1,1,20,25,18,2,0,1.75,0,0,12,2,7,12,0,15,5,5,5,4,2,1,20,25,23,17,14,7,7,0,5.75,0,0,15,0,0,3,1,2,1,1,1,1
30866,30964,2,pt,0,1,1,20,25,18,2,0,1.75,0,0,12,2,7,12,0,15,5,5,5,4,2,1,20,25,23,17,14,7,7,0,5.75,0,0,15,0,0,3,1,2,1,1,1,1
30866,30966,1,pv,1,1,1,20,30,15,6,2,4.5,0,20,0,2,12,7,0,5,0,5,10,2,3,3,20,30,20,0,9,12,16,2,6.5,0,0,5,0,20,4,1,2,2,2,2,2
30866,30966,2,pt,0,1,1,20,30,15,6,2,4.5,0,20,0,2,12,7,0,5,0,5,10,2,3,3,20,30,20,0,9,12,16,2,6.5,0,0,5,0,20,4,1,2,2,2,2,2
30866,30967,1,pv,1,1,1,20,30,18,6,0,5.25,10,0,12,12,7,2,0,10,0,15,5,4,1,1,20,30,33,12,14,7,11,0,9.25,0,0,10,10,0,5,1,2,2,2,2,2
30866,30967,2,pt,0,1,1,20,30,18,6,0,5.25,10,0,12,12,7,2,0,10,0,15,5,4,1,1,20,30,33,12,14,7,11,0,9.25,0,0,10,10,0,5,1,2,2,2,2,2
30866,30968,1,pv,1,1,1,20,25,18,4,4,1.75,0,10,0,7,7,7,5,10,0,10,0,2,1,1,20,25,28,0,14,7,4,4,3.75,0,5,10,0,10,6,1,2,2,2,2,2
30866,30968,2,pt,0,1,1,20,25,18,4,4,1.75,0,10,0,7,7,7,5,10,0,10,0,2,1,1,20,25,28,0,14,7,4,4,3.75,0,5,10,0,10,6,1,2,2,2,2,2
30866,30970,1,pv,1,1,1,25,25,22,2,2,1.75,20,20,6,7,2,7,5,5,5,5,0,0,3,2,25,25,27,11,14,2,2,2,1.75,0,5,5,20,20,7,1,2,2,4,1,1
30866,30970,2,pt,0,1,1,25,25,22,2,2,1.75,20,20,6,7,2,7,5,5,5,5,0,0,3,2,25,25,27,11,14,2,2,2,1.75,0,5,5,20,20,7,1,2,2,4,1,1
30866,30971,1,pv,1,1,1,30,20,30,2,0,2.0,0,10,12,12,7,12,5,10,0,15,10,0,3,3,30,20,45,12,24,7,12,0,2.0,0,5,10,0,10,8,1,2,2,4,1,1
30866,30971,2,pt,0,1,1,30,20,30,2,0,2.0,0,10,12,12,7,12,5,10,0,15,10,0,3,3,30,20,45,12,24,7,12,0,2.0,0,5,10,0,10,8,1,2,2,4,1,1
30866,30972,1,pv,1,1,1,20,20,15,2,2,1.5,20,10,6,7,2,12,10,5,5,15,5,4,3,1,20,20,30,11,19,2,7,2,5.5,0,10,5,20,10,9,1,2,2,4,1,1
30866,30972,2,pt,0,1,1,20,20,15,2,2,1.5,20,10,6,7,2,12,10,5,5,15,5,4,3,1,20,20,30,11,19,2,7,2,5.5,0,10,5,20,10,9,1,2,2,4,1,1
30882,30913,1,pv,1,1,1,25,25,22,4,2,3.5,0,20,6,7,7,7,5,10,0,10,0,2,2,2,25,25,32,6,14,7,4,2,5.5,0,5,10,0,20,1,3,2,1,1,2,1
30882,30913,3,pv_pt,0,1,1,25,25,22,4,2,3.5,0,20,6,7,7,7,5,10,0,10,0,2,2,2,25,25,32,6,14,7,4,2,5.5,0,5,10,0,20,1,3,2,1,1,2,1
30882,30914,1,pv,1,1,1,30,25,23,6,2,4.5,0,10,6,12,2,7,10,15,5,10,5,4,2,2,30,25,33,11,19,2,11,2,8.5,0,10,15,0,10,2,3,2,1,1,2,1
30882,30914,3,pv_pt,0,1,1,30,25,23,6,2,4.5,0,10,6,12,2,7,10,15,5,10,5,4,2,2,30,25,33,11,19,2,11,2,8.5,0,10,15,0,10,2,3,2,1,1,2,1
30882,30915,1,pv,1,1,1,20,20,15,2,2,1.5,20,10,6,7,2,12,10,5,5,15,5,4,3,1,20,20,30,11,19,2,7,2,5.5,0,10,5,20,10,3,3,2,1,1,2,1
30882,30915,3,pv_pt,0,1,1,20,20,15,2,2,1.5,20,10,6,7,2,12,10,5,5,15,5,4,3,1,20,20,30,11,19,2,7,2,5.5,0,10,5,20,10,3,3,2,1,1,2,1
30882,30917,2,pt,1,1,1,25,30,25,4,4,4.0,20,0,12,12,12,12,0,15,10,10,5,4,3,2,25,30,35,22,24,12,9,4,8.0,0,0,15,20,0,4,2,2,1,2,1,1
30882,30917,3,pv_pt,1,0,1,25,30,25,4,4,4.0,20,0,12,12,12,12,0,15,10,10,5,4,3,2,25,30,35,22,24,12,9,4,8.0,0,0,15,20,0,4,2,2,1,2,1,1
30882,30918,3,pv_pt,1,1,1,25,25,22,2,2,1.75,20,20,6,7,2,7,5,5,5,5,0,0,3,2,25,25,27,11,14,2,2,2,1.75,0,5,5,20,20,5,2,2,1,2,1,1
30882,30918,2,pt,1,1,0,25,25,22,2,2,1.75,20,20,6,7,2,7,5,5,5,5,0,0,3,2,25,25,27,11,14,2,2,2,1.75,0,5,5,20,20,5,2,2,1,2,1,1
30882,30919,3,pv_pt,1,1,1,20,25,15,4,2,3.0,20,20,6,7,2,12,5,15,0,5,5,0,2,2,20,25,20,6,19,2,9,2,3.0,0,5,15,20,20,6,2,2,1,2,1,1
30882,30919,2,pt,1,1,0,20,25,15,4,2,3.0,20,20,6,7,2,12,5,15,0,5,5,0,2,2,20,25,20,6,19,2,9,2,3.0,0,5,15,20,20,6,2,2,1,2,1,1
30882,30921,3,pv_pt,1,1,1,30,30,26,2,4,1.75,0,20,12,2,12,7,0,5,10,15,10,4,1,2,30,30,41,22,9,12,12,4,5.75,0,0,5,0,20,7,3,1,2,4,2,1
30882,30921,1,pv,1,1,0,30,30,26,2,4,1.75,0,20,12,2,12,7,0,5,10,15,10,4,1,2,30,30,41,22,9,12,12,4,5.75,0,0,5,0,20,7,3,1,2,4,2,1
30882,30922,3,pv_pt,1,1,1,30,30,30,4,0,4.0,20,20,0,12,12,2,10,10,5,5,10,4,2,1,30,30,35,5,14,12,14,0,8.0,0,10,10,20,20,8,3,1,2,4,2,1
30882,30922,1,pv,1,1,0,30,30,30,4,0,4.0,20,20,0,12,12,2,10,10,5,5,10,4,2,1,30,30,35,5,14,12,14,0,8.0,0,10,10,20,20,8,3,1,2,4,2,1
30882,30923,3,pv_pt,1,1,1,20,30,20,4,2,4.0,0,10,12,12,2,2,10,5,10,5,5,0,3,1,20,30,25,22,14,2,9,2,4.0,0,10,5,0,10,9,3,1,2,4,2,1
30882,30923,1,pv,1,1,0,20,30,20,4,2,4.0,0,10,12,12,2,2,10,5,10,5,5,0,3,1,20,30,25,22,14,2,9,2,4.0,0,10,5,0,10,9,3,1,2,4,2,1
30898,30977,2,pt,1,1,1,25,20,25,6,0,6.0,20,20,0,12,2,12,0,15,10,15,5,4,1,3,25,20,40,10,24,2,11,0,10.0,0,0,15,20,20,1,2,2,2,2,1,2
30898,30977,1,pv,1,0,1,25,20,25,6,0,6.0,20,20,0,12,2,12,0,15,10,15,5,4,1,3,25,20,40,10,24,2,11,0,10.0,0,0,15,20,20,1,2,2,2,2,1,2
30898,30979,2,pt,1,1,1,30,20,23,6,2,4.5,20,0,12,2,12,12,10,5,0,10,0,2,1,3,30,20,33,12,14,12,6,2,6.5,0,10,5,20,0,2,2,2,2,2,1,2
30898,30979,1,pv,1,0,1,30,20,23,6,2,4.5,20,0,12,2,12,12,10,5,0,10,0,2,1,3,30,20,33,12,14,12,6,2,6.5,0,10,5,20,0,2,2,2,2,2,1,2
30898,30981,3,pv_pt,1,1,1,25,25,22,2,2,1.75,20,20,6,7,2,7,5,5,5,5,0,0,3,2,25,25,27,11,14,2,2,2,1.75,0,5,5,20,20,3,2,2,2,2,1,2
30898,30981,1,pv,1,1,0,25,25,22,2,2,1.75,20,20,6,7,2,7,5,5,5,5,0,0,3,2,25,25,27,11,14,2,2,2,1.75,0,5,5,20,20,3,2,2,2,2,1,2
30898,30985,2,pt,1,1,1,25,20,25,6,4,6.0,10,20,12,2,2,2,10,15,5,5,10,2,3,3,25,20,30,17,4,2,16,4,8.0,0,10,15,10,20,4,2,1,1,3,1,1
30898,30985,1,pv,1,0,1,25,20,25,6,4,6.0,10,20,12,2,2,2,10,15,5,5,10,2,3,3,25,20,30,17,4,2,16,4,8.0,0,10,15,10,20,4,2,1,1,3,1,1
30898,30987,1,pv,1,1,1,25,25,22,2,4,1.75,10,0,6,12,12,2,10,15,10,15,10,0,1,3,25,25,37,16,14,12,12,4,1.75,0,10,15,10,0,5,2,1,1,3,1,1
30898,30987,2,pt,0,1,1,25,25,22,2,4,1.75,10,0,6,12,12,2,10,15,10,15,10,0,1,3,25,25,37,16,14,12,12,4,1.75,0,10,15,10,0,5,2,1,1,3,1,1
30898,30989,2,pt,1,1,1,30,30,26,2,4,1.75,0,20,12,2,12,7,0,5,10,15,10,4,1,2,30,30,41,22,9,12,12,4,5.75,0,0,5,0,20,6,2,1,1,3,1,1
30898,30989,3,pv_pt,1,0,1,30,30,26,2,4,1.75,0,20,12,2,12,7,0,5,10,15,10,4,1,2,30,30,41,22,9,12,12,4,5.75,0,0,5,0,20,6,2,1,1,3,1,1
30898,30993,2,pt,1,1,1,25,20,25,6,4,6.0,20,0,6,2,7,2,0,5,0,15,10,2,2,2,25,20,40,6,4,7,16,4,8.0,0,0,5,20,0,7,4,1,2,4,1,2
30898,30993,3,pv_pt,1,0,1,25,20,25,6,4,6.0,20,0,6,2,7,2,0,5,0,15,10,2,2,2,25,20,40,6,4,7,16,4,8.0,0,0,5,20,0,7,4,1,2,4,1,2
30898,30995,2,pt,1,1,1,20,30,20,6,0,6.0,10,0,0,2,12,12,10,10,10,10,10,0,1,2,20,30,30,10,14,12,16,0,6.0,0,10,10,10,0,8,4,1,2,4,1,2
30898,30995,3,pv_pt,1,0,1,20,30,20,6,0,6.0,10,0,0,2,12,12,10,10,10,10,10,0,1,2,20,30,30,10,14,12,16,0,6.0,0,10,10,10,0,8,4,1,2,4,1,2
30898,30996,3,pv_pt,1,1,1,20,25,18,2,2,1.75,10,10,0,7,7,7,5,10,5,10,0,2,2,3,20,25,28,5,14,7,2,2,3.75,0,5,10,10,10,9,4,1,2,4,1,2
30898,30996,1,pv,1,1,0,20,25,18,2,2,1.75,10,10,0,7,7,7,5,10,5,10,0,2,2,3,20,25,28,5,14,7,2,2,3.75,0,5,10,10,10,9,4,1,2,4,1,2
31013,31108,1,pv,1,1,1,25,25,22,2,4,1.75,10,0,6,12,12,2,10,15,10,15,10,0,1,3,25,25,37,16,14,12,12,4,1.75,0,10,15,10,0,1,2,2,2,2,1,2
31013,31108,2,pt,0,1,1,25,25,22,2,4,1.75,10,0,6,12,12,2,10,15,10,15,10,0,1,3,25,25,37,16,14,12,12,4,1.75,0,10,15,10,0,1,2,2,2,2,1,2
31013,31109,1,pv,1,1,1,30,20,30,2,0,2.0,0,10,12,12,7,12,5,10,0,15,10,0,3,3,30,20,45,12,24,7,12,0,2.0,0,5,10,0,10,2,2,2,2,2,1,2
31013,31109,2,pt,0,1,1,30,20,30,2,0,2.0,0,10,12,12,7,12,5,10,0,15,10,0,3,3,30,20,45,12,24,7,12,0,2.0,0,5,10,0,10,2,2,2,2,2,1,2
31013,31110,1,pv,1,1,1,25,30,25,4,4,4.0,20,0,12,12,12,12,0,15,10,10,5,4,3,2,25,30,35,22,24,12,9,4,8.0,0,0,15,20,0,3,2,2,2,2,1,2
31013,31110,2,pt,0,1,1,25,30,25,4,4,4.0,20,0,12,12,12,12,0,15,10,10,5,4,3,2,25,30,35,22,24,12,9,4,8.0,0,0,15,20,0,3,2,2,2,2,1,2
31013,31112,1,pv,1,1,1,25,25,22,4,2,3.5,0,20,6,7,7,7,5,10,0,10,0,2,2,2,25,25,32,6,14,7,4,2,5.5,0,5,10,0,20,4,3,2,1,1,2,1
31013,31112,2,pt,0,1,1,25,25,22,4,2,3.5,0,20,6,7,7,7,5,10,0,10,0,2,2,2,25,25,32,6,14,7,4,2,5.5,0,5,10,0,20,4,3,2,1,1,2,1
31013,31113,2,pt,1,1,1,30,30,26,2,4,1.75,0,20,12,2,12,7,0,5,10,15,10,4,1,2,30,30,41,22,9,12,12,4,5.75,0,0,5,0,20,5,3,2,1,1,2,1
31013,31113,1,pv,1,0,1,30,30,26,2,4,1.75,0,20,12,2,12,7,0,5,10,15,10,4,1,2,30,30,41,22,9,12,12,4,5.75,0,0,5,0,20,5,3,2,1,1,2,1
31013,31114,2,pt,1,1,1,20,30,15,6,2,4.5,0,20,0,2,12,7,0,5,0,5,10,2,3,3,20,30,20,0,9,12,16,2,6.5,0,0,5,0,20,6,3,2,1,1,2,1
31013,31114,1,pv,1,0,1,20,30,15,6,2,4.5,0,20,0,2,12,7,0,5,0,5,10,2,3,3,20,30,20,0,9,12,16,2,6.5,0,0,5,0,20,6,3,2,1,1,2,1
31013,31116,1,pv,1,1,1,20,30,20,4,2,4.0,0,10,12,12,2,2,10,5,10,5,5,0,3,1,20,30,25,22,14,2,9,2,4.0,0,10,5,0,10,7,4,2,1,1,1,2
31013,31116,2,pt,0,1,1,20,30,20,4,2,4.0,0,10,12,12,2,2,10,5,10,5,5,0,3,1,20,30,25,22,14,2,9,2,4.0,0,10,5,0,10,7,4,2,1,1,1,2
31013,31117,2,pt,1,1,1,20,20,15,2,2,1.5,20,10,6,7,2,12,10,5,5,15,5,4,3,1,20,20,30,11,19,2,7,2,5.5,0,10,5,20,10,8,4,2,1,1,1,2
31013,31117,3,pv_pt,1,0,1,20,20,15,2,2,1.5,20,10,6,7,2,12,10,5,5,15,5,4,3,1,20,20,30,11,19,2,7,2,5.5,0,10,5,20,10,8,4,2,1,1,1,2
31013,31118,1,pv,1,1,1,30,25,23,6,2,4.5,0,10,6,12,2,7,10,15,5,10,5,4,2,2,30,25,33,11,19,2,11,2,8.5,0,10,15,0,10,9,4,2,1,1,1,2
31013,31118,2,pt,0,1,1,30,25,23,6,2,4.5,0,10,6,12,2,7,10,15,5,10,5,4,2,2,30,25,33,11,19,2,11,2,8.5,0,10,15,0,10,9,4,2,1,1,1,2
31174,31189,1,pv,1,1,1,25,20,25,6,0,6.0,20,20,0,12,2,12,0,15,10,15,5,4,1,3,25,20,40,10,24,2,11,0,10.0,0,0,15,20,20,1,4,1,2,4,1,2
31174,31189,2,pt,0,1,1,25,20,25,6,0,6.0,20,20,0,12,2,12,0,15,10,15,5,4,1,3,25,20,40,10,24,2,11,0,10.0,0,0,15,20,20,1,4,1,2,4,1,2
31174,31190,1,pv,1,1,1,25,20,22,4,0,3.5,10,0,0,7,12,2,0,10,10,10,0,2,3,2,25,20,32,10,9,12,4,0,5.5,0,0,10,10,0,2,4,1,2,4,1,2
31174,31190,2,pt,0,1,1,25,20,22,4,0,3.5,10,0,0,7,12,2,0,10,10,10,0,2,3,2,25,20,32,10,9,12,4,0,5.5,0,0,10,10,0,2,4,1,2,4,1,2
31174,31191,1,pv,1,1,1,25,25,22,4,2,3.5,0,20,6,7,7,7,5,10,0,10,0,2,2,2,25,25,32,6,14,7,4,2,5.5,0,5,10,0,20,3,4,1,2,4,1,2
31174,31191,3,pv_pt,0,1,1,25,25,22,4,2,3.5,0,20,6,7,7,7,5,10,0,10,0,2,2,2,25,25,32,6,14,7,4,2,5.5,0,5,10,0,20,3,4,1,2,4,1,2
31174,31193,2,pt,1,1,1,30,20,23,4,0,3.0,20,20,12,2,12,2,0,15,10,5,0,0,1,1,30,20,28,22,4,12,4,0,3.0,0,0,15,20,20,4,2,2,2,2,1,2
31174,31193,1,pv,1,0,1,30,20,23,4,0,3.0,20,20,12,2,12,2,0,15,10,5,0,0,1,1,30,20,28,22,4,12,4,0,3.0,0,0,15,20,20,4,2,2,2,2,1,2
31174,31194,1,pv,1,1,1,20,25,18,2,2,1.75,10,10,0,7,7,7,5,10,5,10,0,2,2,3,20,25,28,5,14,7,2,2,3.75,0,5,10,10,10,5,2,2,2,2,1,2
31174,31194,2,pt,0,1,1,20,25,18,2,2,1.75,10,10,0,7,7,7,5,10,5,10,0,2,2,3,20,25,28,5,14,7,2,2,3.75,0,5,10,10,10,5,2,2,2,2,1,2
31174,31195,1,pv,1,1,1,20,30,18,6,0,5.25,10,0,12,12,7,2,0,10,0,15,5,4,1,1,20,30,33,12,14,7,11,0,9.25,0,0,10,10,0,6,2,2,2,2,1,2
31174,31195,2,pt,0,1,1,20,30,18,6,0,5.25,10,0,12,12,7,2,0,10,0,15,5,4,1,1,20,30,33,12,14,7,11,0,9.25,0,0,10,10,0,6,2,2,2,2,1,2
31174,31197,2,pt,1,1,1,30,30,26,2,4,1.75,0,20,12,2,12,7,0,5,10,15,10,4,1,2,30,30,41,22,9,12,12,4,5.75,0,0,5,0,20,7,4,1,1,2,2,2
31174,31197,1,pv,1,0,1,30,30,26,2,4,1.75,0,20,12,2,12,7,0,5,10,15,10,4,1,2,30,30,41,22,9,12,12,4,5.75,0,0,5,0,20,7,4,1,1,2,2,2
31174,31198,1,pv,1,1,1,25,30,25,4,4,4.0,10,10,6,7,7,7,5,10,5,10,0,2,1,3,25,30,35,11,14,7,4,4,6.0,0,5,10,10,10,8,4,1,1,2,2,2
31174,31198,2,pt,0,1,1,25,30,25,4,4,4.0,10,10,6,7,7,7,5,10,5,10,0,2,1,3,25,30,35,11,14,7,4,4,6.0,0,5,10,10,10,8,4,1,1,2,2,2
31174,31199,1,pv,1,1,1,30,20,30,2,0,2.0,0,10,12,12,7,12,5,10,0,15,10,0,3,3,30,20,45,12,24,7,12,0,2.0,0,5,10,0,10,9,4,1,1,2,2,2
31174,31199,2,pt,0,1,1,30,20,30,2,0,2.0,0,10,12,12,7,12,5,10,0,15,10,0,3,3,30,20,45,12,24,7,12,0,2.0,0,5,10,0,10,9,4,1,1,2,2,2
31178,31239,1,pv,1,1,1,25,20,25,6,4,6.0,10,20,12,2,2,2,10,15,5,5,10,2,3,3,25,20,30,17,4,2,16,4,8.0,0,10,15,10,20,1,2,2,1,2,1,1
31178,31239,2,pt,0,1,1,25,20,25,6,4,6.0,10,20,12,2,2,2,10,15,5,5,10,2,3,3,25,20,30,17,4,2,16,4,8.0,0,10,15,10,20,1,2,2,1,2,1,1
31178,31240,2,pt,1,1,1,30,30,26,2,4,1.75,0,20,12,2,12,7,0,5,10,15,10,4,1,2,30,30,41,22,9,12,12,4,5.75,0,0,5,0,20,2,2,2,1,2,1,1
31178,31240,1,pv,1,0,1,30,30,26,2,4,1.75,0,20,12,2,12,7,0,5,10,15,10,4,1,2,30,30,41,22,9,12,12,4,5.75,0,0,5,0,20,2,2,2,1,2,1,1
31178,31241,1,pv,1,1,1,25,25,22,2,2,1.75,20,20,6,7,2,7,5,5,5,5,0,0,3,2,25,25,27,11,14,2,2,2,1.75,0,5,5,20,20,3,2,2,1,2,1,1
31178,31241,3,pv_pt,0,1,1,25,25,22,2,2,1.75,20,20,6,7,2,7,5,5,5,5,0,0,3,2,25,25,27,11,14,2,2,2,1.75,0,5,5,20,20,3,2,2,1,2,1,1
31178,31243,1,pv,1,1,1,25,30,25,4,4,4.0,20,0,12,12,12,12,0,15,10,10,5,4,3,2,25,30,35,22,24,12,9,4,8.0,0,0,15,20,0,4,3,2,1,4,2,2
31178,31243,3,pv_pt,0,1,1,25,30,25,4,4,4.0,20,0,12,12,12,12,0,15,10,10,5,4,3,2,25,30,35,22,24,12,9,4,8.0,0,0,15,20,0,4,3,2,1,4,2,2
31178,31244,1,pv,1,1,1,30,25,23,2,4,1.5,10,10,0,12,2,7,5,5,5,5,5,4,2,3,30,25,28,5,19,2,7,4,5.5,0,5,5,10,10,5,3,2,1,4,2,2
31178,31244,3,pv_pt,0,1,1,30,25,23,2,4,1.5,10,10,0,12,2,7,5,5,5,5,5,4,2,3,30,25,28,5,19,2,7,4,5.5,0,5,5,10,10,5,3,2,1,4,2,2
31178,31245,1,pv,1,1,1,30,30,30,4,0,4.0,20,20,0,12,12,2,10,10,5,5,10,4,2,1,30,30,35,5,14,12,14,0,8.0,0,10,10,20,20,6,3,2,1,4,2,2
31178,31245,2,pt,0,1,1,30,30,30,4,0,4.0,20,20,0,12,12,2,10,10,5,5,10,4,2,1,30,30,35,5,14,12,14,0,8.0,0,10,10,20,20,6,3,2,1,4,2,2
31178,31247,2,pt,1,1,1,20,20,15,2,2,1.5,20,10,6,7,2,12,10,5,5,15,5,4,3,1,20,20,30,11,19,2,7,2,5.5,0,10,5,20,10,7,3,1,1,3,1,2
31178,31247,3,pv_pt,1,0,1,20,20,15,2,2,1.5,20,10,6,7,2,12,10,5,5,15,5,4,3,1,20,20,30,11,19,2,7,2,5.5,0,10,5,20,10,7,3,1,1,3,1,2
31178,31248,3,pv_pt,1,1,1,20,30,20,4,2,4.0,0,10,12,12,2,2,10,5,10,5,5,0,3,1,20,30,25,22,14,2,9,2,4.0,0,10,5,0,10,8,3,1,1,3,1,2
31178,31248,1,pv,1,1,0,20,30,20,4,2,4.0,0,10,12,12,2,2,10,5,10,5,5,0,3,1,20,30,25,22,14,2,9,2,4.0,0,10,5,0,10,8,3,1,1,3,1,2
31178,31249,1,pv,1,1,1,30,25,23,6,2,4.5,0,10,6,12,2,7,10,15,5,10,5,4,2,2,30,25,33,11,19,2,11,2,8.5,0,10,15,0,10,9,3,1,1,3,1,2
31178,31249,3,pv_pt,0,1,1,30,25,23,6,2,4.5,0,10,6,12,2,7,10,15,5,10,5,4,2,2,30,25,33,11,19,2,11,2,8.5,0,10,15,0,10,9,3,1,1,3,1,2
31293,31312,2,pt,1,1,1,30,20,30,2,0,2.0,0,10,12,12,7,12,5,10,0,15,10,0,3,3,30,20,45,12,24,7,12,0,2.0,0,5,10,0,10,1,1,2,1,1,1,1
31293,31312,3,pv_pt,1,0,1,30,20,30,2,0,2.0,0,10,12,12,7,12,5,10,0,15,10,0,3,3,30,20,45,12,24,7,12,0,2.0,0,5,10,0,10,1,1,2,1,1,1,1
31293,31313,3,pv_pt,1,1,1,30,25,23,6,4,4.5,0,10,6,7,2,12,5,5,10,15,0,0,2,1,30,25,38,16,19,2,6,4,4.5,0,5,5,0,10,2,1,2,1,1,1,1
31293,31313,1,pv,1,1,0,30,25,23,6,4,4.5,0,10,6,7,2,12,5,5,10,15,0,0,2,1,30,25,38,16,19,2,6,4,4.5,0,5,5,0,10,2,1,2,1,1,1,1
31293,31314,2,pt,1,1,1,25,25,22,2,4,1.75,10,0,6,12,12,2,10,15,10,15,10,0,1,3,25,25,37,16,14,12,12,4,1.75,0,10,15,10,0,3,1,2,1,1,1,1
31293,31314,1,pv,1,0,1,25,25,22,2,4,1.75,10,0,6,12,12,2,10,15,10,15,10,0,1,3,25,25,37,16,14,12,12,4,1.75,0,10,15,10,0,3,1,2,1,1,1,1
31293,31316,1,pv,1,1,1,20,30,15,6,2,4.5,0,20,0,2,12,7,0,5,0,5,10,2,3,3,20,30,20,0,9,12,16,2,6.5,0,0,5,0,20,4,2,2,1,4,2,1
31293,31316,2,pt,0,1,1,20,30,15,6,2,4.5,0,20,0,2,12,7,0,5,0,5,10,2,3,3,20,30,20,0,9,12,16,2,6.5,0,0,5,0,20,4,2,2,1,4,2,1
31293,31317,2,pt,1,1,1,20,30,18,6,0,5.25,10,0,12,12,7,2,0,10,0,15,5,4,1,1,20,30,33,12,14,7,11,0,9.25,0,0,10,10,0,5,2,2,1,4,2,1
31293,31317,1,pv,1,0,1,20,30,18,6,0,5.25,10,0,12,12,7,2,0,10,0,15,5,4,1,1,20,30,33,12,14,7,11,0,9.25,0,0,10,10,0,5,2,2,1,4,2,1
31293,31318,2,pt,1,1,1,20,30,20,4,2,4.0,0,10,12,12,2,2,10,5,10,5,5,0,3,1,20,30,25,22,14,2,9,2,4.0,0,10,5,0,10,6,2,2,1,4,2,1
31293,31318,3,pv_pt,1,0,1,20,30,20,4,2,4.0,0,10,12,12,2,2,10,5,10,5,5,0,3,1,20,30,25,22,14,2,9,2,4.0,0,10,5,0,10,6,2,2,1,4,2,1
31293,31320,3,pv_pt,1,1,1,30,20,23,4,0,3.0,20,20,12,2,12,2,0,15,10,5,0,0,1,1,30,20,28,22,4,12,4,0,3.0,0,0,15,20,20,7,3,1,1,2,1,2
31293,31320,2,pt,1,1,0,30,20,23,4,0,3.0,20,20,12,2,12,2,0,15,10,5,0,0,1,1,30,20,28,22,4,12,4,0,3.0,0,0,15,20,20,7,3,1,1,2,1,2
31293,31321,2,pt,1,1,1,30,30,26,2,0,1.75,10,0,0,2,7,2,10,15,0,15,10,0,3,1,30,30,41,0,4,7,12,0,1.75,0,10,15,10,0,8,3,1,1,2,1,2
31293,31321,1,pv,1,0,1,30,30,26,2,0,1.75,10,0,0,2,7,2,10,15,0,15,10,0,3,1,30,30,41,0,4,7,12,0,1.75,0,10,15,10,0,8,3,1,1,2,1,2
31293,31322,1,pv,1,1,1,25,30,25,4,4,4.0,20,0,12,12,12,12,0,15,10,10,5,4,3,2,25,30,35,22,24,12,9,4,8.0,0,0,15,20,0,9,3,1,1,2,1,2
31293,31322,2,pt,0,1,1,25,30,25,4,4,4.0,20,0,12,12,12,12,0,15,10,10,5,4,3,2,25,30,35,22,24,12,9,4,8.0,0,0,15,20,0,9,3,1,1,2,1,2
31310,31430,1,pv,1,1,1,25,20,22,4,0,3.5,10,0,0,7,12,2,0,10,10,10,0,2,3,2,25,20,32,10,9,12,4,0,5.5,0,0,10,10,0,1,2,2,2,3,1,2
31310,31430,2,pt,0,1,1,25,20,22,4,0,3.5,10,0,0,7,12,2,0,10,10,10,0,2,3,2,25,20,32,10,9,12,4,0,5.5,0,0,10,10,0,1,2,2,2,3,1,2
31310,31432,3,pv_pt,1,1,1,20,20,15,2,2,1.5,20,10,6,7,2,12,10,5,5,15,5,4,3,1,20,20,30,11,19,2,7,2,5.5,0,10,5,20,10,2,2,2,2,3,1,2
31310,31432,1,pv,1,1,0,20,20,15,2,2,1.5,20,10,6,7,2,12,10,5,5,15,5,4,3,1,20,20,30,11,19,2,7,2,5.5,0,10,5,20,10,2,2,2,2,3,1,2
31310,31434,1,pv,1,1,1,20,25,18,4,4,1.75,0,10,0,7,7,7,5,10,0,10,0,2,1,1,20,25,28,0,14,7,4,4,3.75,0,5,10,0,10,3,2,2,2,3,1,2
31310,31434,2,pt,0,1,1,20,25,18,4,4,1.75,0,10,0,7,7,7,5,10,0,10,0,2,1,1,20,25,28,0,14,7,4,4,3.75,0,5,10,0,10,3,2,2,2,3,1,2
31310,31438,2,pt,1,1,1,30,30,26,2,0,1.75,10,0,0,2,7,2,10,15,0,15,10,0,3,1,30,30,41,0,4,7,12,0,1.75,0,10,15,10,0,4,1,1,1,2,2,1
31310,31438,1,pv,1,0,1,30,30,26,2,0,1.75,10,0,0,2,7,2,10,15,0,15,10,0,3,1,30,30,41,0,4,7,12,0,1.75,0,10,15,10,0,4,1,1,1,2,2,1
31310,31440,1,pv,1,1,1,25,25,22,2,4,1.75,10,0,6,12,12,2,10,15,10,15,10,0,1,3,25,25,37,16,14,12,12,4,1.75,0,10,15,10,0,5,1,1,1,2,2,1
31310,31440,3,pv_pt,0,1,1,25,25,22,2,4,1.75,10,0,6,12,12,2,10,15,10,15,10,0,1,3,25,25,37,16,14,12,12,4,1.75,0,10,15,10,0,5,1,1,1,2,2,1
31310,31441,1,pv,1,1,1,25,20,25,6,0,6.0,20,20,0,12,2,12,0,15,10,15,5,4,1,3,25,20,40,10,24,2,11,0,10.0,0,0,15,20,20,6,1,1,1,2,2,1
31310,31441,3,pv_pt,0,1,1,25,20,25,6,0,6.0,20,20,0,12,2,12,0,15,10,15,5,4,1,3,25,20,40,10,24,2,11,0,10.0,0,0,15,20,20,6,1,1,1,2,2,1
31310,31445,3,pv_pt,1,1,1,30,20,23,6,2,4.5,20,0,12,2,12,12,10,5,0,10,0,2,1,3,30,20,33,12,14,12,6,2,6.5,0,10,5,20,0,7,1,2,2,4,1,1
31310,31445,2,pt,1,1,0,30,20,23,6,2,4.5,20,0,12,2,12,12,10,5,0,10,0,2,1,3,30,20,33,12,14,12,6,2,6.5,0,10,5,20,0,7,1,2,2,4,1,1
31310,31447,2,pt,1,1,1,25,20,25,6,4,6.0,20,0,6,2,7,2,0,5,0,15,10,2,2,2,25,20,40,6,4,7,16,4,8.0,0,0,5,20,0,8,1,2,2,4,1,1
31310,31447,3,pv_pt,1,0,1,25,20,25,6,4,6.0,20,0,6,2,7,2,0,5,0,15,10,2,2,2,25,20,40,6,4,7,16,4,8.0,0,0,5,20,0,8,1,2,2,4,1,1
31310,31449,2,pt,1,1,1,30,20,23,4,0,3.0,20,20,12,2,12,2,0,15,10,5,0,0,1,1,30,20,28,22,4,12,4,0,3.0,0,0,15,20,20,9,1,2,2,4,1,1
31310,31449,3,pv_pt,1,0,1,30,20,23,4,0,3.0,20,20,12,2,12,2,0,15,10,5,0,0,1,1,30,20,28,22,4,12,4,0,3.0,0,0,15,20,20,9,1,2,2,4,1,1
31361,31453,2,pt,1,1,1,25,20,25,6,4,6.0,20,0,6,2,7,2,0,5,0,15,10,2,2,2,25,20,40,6,4,7,16,4,8.0,0,0,5,20,0,1,1,2,2,4,1,1
31361,31453,1,pv,1,0,1,25,20,25,6,4,6.0,20,0,6,2,7,2,0,5,0,15,10,2,2,2,25,20,40,6,4,7,16,4,8.0,0,0,5,20,0,1,1,2,2,4,1,1
31361,31454,2,pt,1,1,1,25,20,25,6,4,6.0,10,20,12,2,2,2,10,15,5,5,10,2,3,3,25,20,30,17,4,2,16,4,8.0,0,10,15,10,20,2,1,2,2,4,1,1
31361,31454,1,pv,1,0,1,25,20,25,6,4,6.0,10,20,12,2,2,2,10,15,5,5,10,2,3,3,25,20,30,17,4,2,16,4,8.0,0,10,15,10,20,2,1,2,2,4,1,1
31361,31455,1,pv,1,1,1,25,25,22,2,4,1.75,10,0,6,12,12,2,10,15,10,15,10,0,1,3,25,25,37,16,14,12,12,4,1.75,0,10,15,10,0,3,1,2,2,4,1,1
31361,31455,2,pt,0,1,1,25,25,22,2,4,1.75,10,0,6,12,12,2,10,15,10,15,10,0,1,3,25,25,37,16,14,12,12,4,1.75,0,10,15,10,0,3,1,2,2,4,1,1
31361,31457,1,pv,1,1,1,20,25,15,4,2,3.0,20,20,6,7,2,12,5,15,0,5,5,0,2,2,20,25,20,6,19,2,9,2,3.0,0,5,15,20,20,4,1,2,2,2,2,2
31361,31457,3,pv_pt,0,1,1,20,25,15,4,2,3.0,20,20,6,7,2,12,5,15,0,5,5,0,2,2,20,25,20,6,19,2,9,2,3.0,0,5,15,20,20,4,1,2,2,2,2,2
31361,31458,1,pv,1,1,1,20,30,15,6,2,4.5,0,20,0,2,12,7,0,5,0,5,10,2,3,3,20,30,20,0,9,12,16,2,6.5,0,0,5,0,20,5,1,2,2,2,2,2
31361,31458,2,pt,0,1,1,20,30,15,6,2,4.5,0,20,0,2,12,7,0,5,0,5,10,2,3,3,20,30,20,0,9,12,16,2,6.5,0,0,5,0,20,5,1,2,2,2,2,2
31361,31459,1,pv,1,1,1,20,20,15,2,2,1.5,20,10,6,7,2,12,10,5,5,15,5,4,3,1,20,20,30,11,19,2,7,2,5.5,0,10,5,20,10,6,1,2,2,2,2,2
31361,31459,2,pt,0,1,1,20,20,15,2,2,1.5,20,10,6,7,2,12,10,5,5,15,5,4,3,1,20,20,30,11,19,2,7,2,5.5,0,10,5,20,10,6,1,2,2,2,2,2
31361,31461,1,pv,1,1,1,25,20,25,6,0,6.0,20,20,0,12,2,12,0,15,10,15,5,4,1,3,25,20,40,10,24,2,11,0,10.0,0,0,15,20,20,7,4,2,2,2,2,1
31361,31461,2,pt,0,1,1,25,20,25,6,0,6.0,20,20,0,12,2,12,0,15,10,15,5,4,1,3,25,20,40,10,24,2,11,0,10.0,0,0,15,20,20,7,4,2,2,2,2,1
31361,31462,1,pv,1,1,1,20,25,18,2,2,1.75,10,10,0,7,7,7,5,10,5,10,0,2,2,3,20,25,28,5,14,7,2,2,3.75,0,5,10,10,10,8,4,2,2,2,2,1
31361,31462,2,pt,0,1,1,20,25,18,2,2,1.75,10,10,0,7,7,7,5,10,5,10,0,2,2,3,20,25,28,5,14,7,2,2,3.75,0,5,10,10,10,8,4,2,2,2,2,1
31361,31463,1,pv,1,1,1,25,30,25,4,4,4.0,20,0,12,12,12,12,0,15,10,10,5,4,3,2,25,30,35,22,24,12,9,4,8.0,0,0,15,20,0,9,4,2,2,2,2,1
31361,31463,2,pt,0,1,1,25,30,25,4,4,4.0,20,0,12,12,12,12,0,15,10,10,5,4,3,2,25,30,35,22,24,12,9,4,8.0,0,0,15,20,0,9,4,2,2,2,2,1
31387,31397,1,pv,1,1,1,25,20,25,6,4,6.0,10,20,12,2,2,2,10,15,5,5,10,2,3,3,25,20,30,17,4,2,16,4,8.0,0,10,15,10,20,1,2,2,2,3,1,2
31387,31397,2,pt,0,1,1,25,20,25,6,4,6.0,10,20,12,2,2,2,10,15,5,5,10,2,3,3,25,20,30,17,4,2,16,4,8.0,0,10,15,10,20,1,2,2,2,3,1,2
31387,31400,1,pv,1,1,1,20,25,18,2,0,1.75,0,0,12,2,7,12,0,15,5,5,5,4,2,1,20,25,23,17,14,7,7,0,5.75,0,0,15,0,0,2,2,2,2,3,1,2
31387,31400,3,pv_pt,0,1,1,20,25,18,2,0,1.75,0,0,12,2,7,12,0,15,5,5,5,4,2,1,20,25,23,17,14,7,7,0,5.75,0,0,15,0,0,2,2,2,2,3,1,2
31387,31402,3,pv_pt,1,1,1,30,25,23,6,4,4.5,0,10,6,7,2,12,5,5,10,15,0,0,2,1,30,25,38,16,19,2,6,4,4.5,0,5,5,0,10,3,2,2,2,3,1,2
31387,31402,1,pv,1,1,0,30,25,23,6,4,4.5,0,10,6,7,2,12,5,5,10,15,0,0,2,1,30,25,38,16,19,2,6,4,4.5,0,5,5,0,10,3,2,2,2,3,1,2
31387,31405,2,pt,1,1,1,25,20,25,6,4,6.0,20,0,6,2,7,2,0,5,0,15,10,2,2,2,25,20,40,6,4,7,16,4,8.0,0,0,5,20,0,4,1,2,2,2,2,2
31387,31405,1,pv,1,0,1,25,20,25,6,4,6.0,20,0,6,2,7,2,0,5,0,15,10,2,2,2,25,20,40,6,4,7,16,4,8.0,0,0,5,20,0,4,1,2,2,2,2,2
31387,31406,1,pv,1,1,1,30,30,26,2,0,1.75,10,0,0,2,7,2,10,15,0,15,10,0,3,1,30,30,41,0,4,7,12,0,1.75,0,10,15,10,0,5,1,2,2,2,2,2
31387,31406,2,pt,0,1,1,30,30,26,2,0,1.75,10,0,0,2,7,2,10,15,0,15,10,0,3,1,30,30,41,0,4,7,12,0,1.75,0,10,15,10,0,5,1,2,2,2,2,2
31387,31407,1,pv,1,1,1,30,20,23,6,2,4.5,20,0,12,2,12,12,10,5,0,10,0,2,1,3,30,20,33,12,14,12,6,2,6.5,0,10,5,20,0,6,1,2,2,2,2,2
31387,31407,3,pv_pt,0,1,1,30,20,23,6,2,4.5,20,0,12,2,12,12,10,5,0,10,0,2,1,3,30,20,33,12,14,12,6,2,6.5,0,10,5,20,0,6,1,2,2,2,2,2
31387,31409,2,pt,1,1,1,30,30,26,2,4,1.75,0,20,12,2,12,7,0,5,10,15,10,4,1,2,30,30,41,22,9,12,12,4,5.75,0,0,5,0,20,7,4,2,1,3,2,2
31387,31409,3,pv_pt,1,0,1,30,30,26,2,4,1.75,0,20,12,2,12,7,0,5,10,15,10,4,1,2,30,30,41,22,9,12,12,4,5.75,0,0,5,0,20,7,4,2,1,3,2,2
31387,31410,1,pv,1,1,1,20,20,15,2,2,1.5,20,10,6,7,2,12,10,5,5,15,5,4,3,1,20,20,30,11,19,2,7,2,5.5,0,10,5,20,10,8,4,2,1,3,2,2
31387,31410,3,pv_pt,0,1,1,20,20,15,2,2,1.5,20,10,6,7,2,12,10,5,5,15,5,4,3,1,20,20,30,11,19,2,7,2,5.5,0,10,5,20,10,8,4,2,1,3,2,2
31387,31411,1,pv,1,1,1,25,25,22,4,2,3.5,0,20,6,7,7,7,5,10,0,10,0,2,2,2,25,25,32,6,14,7,4,2,5.5,0,5,10,0,20,9,4,2,1,3,2,2
31387,31411,2,pt,0,1,1,25,25,22,4,2,3.5,0,20,6,7,7,7,5,10,0,10,0,2,2,2,25,25,32,6,14,7,4,2,5.5,0,5,10,0,20,9,4,2,1,3,2,2
31425,31479,1,pv,1,1,1,25,25,22,4,2,3.5,0,20,6,7,7,7,5,10,0,10,0,2,2,2,25,25,32,6,14,7,4,2,5.5,0,5,10,0,20,1,1,2,2,2,2,2
31425,31479,2,pt,0,1,1,25,25,22,4,2,3.5,0,20,6,7,7,7,5,10,0,10,0,2,2,2,25,25,32,6,14,7,4,2,5.5,0,5,10,0,20,1,1,2,2,2,2,2
31425,31480,1,pv,1,1,1,30,25,23,6,4,4.5,0,10,6,7,2,12,5,5,10,15,0,0,2,1,30,25,38,16,19,2,6,4,4.5,0,5,5,0,10,2,1,2,2,2,2,2
31425,31480,3,pv_pt,0,1,1,30,25,23,6,4,4.5,0,10,6,7,2,12,5,5,10,15,0,0,2,1,30,25,38,16,19,2,6,4,4.5,0,5,5,0,10,2,1,2,2,2,2,2
31425,31481,1,pv,1,1,1,25,20,22,4,0,3.5,10,0,0,7,12,2,0,10,10,10,0,2,3,2,25,20,32,10,9,12,4,0,5.5,0,0,10,10,0,3,1,2,2,2,2,2
31425,31481,2,pt,0,1,1,25,20,22,4,0,3.5,10,0,0,7,12,2,0,10,10,10,0,2,3,2,25,20,32,10,9,12,4,0,5.5,0,0,10,10,0,3,1,2,2,2,2,2
31425,31483,1,pv,1,1,1,20,30,15,6,2,4.5,0,20,0,2,12,7,0,5,0,5,10,2,3,3,20,30,20,0,9,12,16,2,6.5,0,0,5,0,20,4,2,1,1,1,2,2
31425,31483,2,pt,0,1,1,20,30,15,6,2,4.5,0,20,0,2,12,7,0,5,0,5,10,2,3,3,20,30,20,0,9,12,16,2,6.5,0,0,5,0,20,4,2,1,1,1,2,2
31425,31484,1,pv,1,1,1,20,25,18,4,4,1.75,0,10,0,7,7,7,5,10,0,10,0,2,1,1,20,25,28,0,14,7,4,4,3.75,0,5,10,0,10,5,2,1,1,1,2,2
31425,31484,2,pt,0,1,1,20,25,18,4,4,1.75,0,10,0,7,7,7,5,10,0,10,0,2,1,1,20,25,28,0,14,7,4,4,3.75,0,5,10,0,10,5,2,1,1,1,2,2
31425,31485,1,pv,1,1,1,25,30,25,4,4,4.0,10,10,6,7,7,7,5,10,5,10,0,2,1,3,25,30,35,11,14,7,4,4,6.0,0,5,10,10,10,6,2,1,1,1,2,2
31425,31485,2,pt,0,1,1,25,30,25,4,4,4.0,10,10,6,7,7,7,5,10,5,10,0,2,1,3,25,30,35,11,14,7,4,4,6.0,0,5,10,10,10,6,2,1,1,1,2,2
31425,31487,2,pt,1,1,1,30,20,30,2,0,2.0,0,10,12,12,7,12,5,10,0,15,10,0,3,3,30,20,45,12,24,7,12,0,2.0,0,5,10,0,10,7,4,1,1,4,1,1
31425,31487,1,pv,1,0,1,30,20,30,2,0,2.0,0,10,12,12,7,12,5,10,0,15,10,0,3,3,30,20,45,12,24,7,12,0,2.0,0,5,10,0,10,7,4,1,1,4,1,1
31425,31488,3,pv_pt,1,1,1,20,30,20,4,2,4.0,0,10,12,12,2,2,10,5,10,5,5,0,3,1,20,30,25,22,14,2,9,2,4.0,0,10,5,0,10,8,4,1,1,4,1,1
31425,31488,1,pv,1,1,0,20,30,20,4,2,4.0,0,10,12,12,2,2,10,5,10,5,5,0,3,1,20,30,25,22,14,2,9,2,4.0,0,10,5,0,10,8,4,1,1,4,1,1
31425,31489,1,pv,1,1,1,20,25,15,4,2,3.0,20,20,6,7,2,12,5,15,0,5,5,0,2,2,20,25,20,6,19,2,9,2,3.0,0,5,15,20,20,9,4,1,1,4,1,1
31425,31489,3,pv_pt,0,1,1,20,25,15,4,2,3.0,20,20,6,7,2,12,5,15,0,5,5,0,2,2,20,25,20,6,19,2,9,2,3.0,0,5,15,20,20,9,4,1,1,4,1,1
31426,31466,1,pv,1,1,1,25,30,25,4,4,4.0,20,0,12,12,12,12,0,15,10,10,5,4,3,2,25,30,35,22,24,12,9,4,8.0,0,0,15,20,0,1,1,1,1,3,2,1
31426,31466,2,pt,0,1,1,25,30,25,4,4,4.0,20,0,12,12,12,12,0,15,10,10,5,4,3,2,25,30,35,22,24,12,9,4,8.0,0,0,15,20,0,1,1,1,1,3,2,1
31426,31467,1,pv,1,1,1,30,25,23,6,4,4.5,0,10,6,7,2,12,5,5,10,15,0,0,2,1,30,25,38,16,19,2,6,4,4.5,0,5,5,0,10,2,1,1,1,3,2,1
31426,31467,3,pv_pt,0,1,1,30,25,23,6,4,4.5,0,10,6,7,2,12,5,5,10,15,0,0,2,1,30,25,38,16,19,2,6,4,4.5,0,5,5,0,10,2,1,1,1,3,2,1
31426,31469,1,pv,1,1,1,25,25,22,4,2,3.5,0,20,6,7,7,7,5,10,0,10,0,2,2,2,25,25,32,6,14,7,4,2,5.5,0,5,10,0,20,3,1,1,1,3,2,1
31426,31469,2,pt,0,1,1,25,25,22,4,2,3.5,0,20,6,7,7,7,5,10,0,10,0,2,2,2,25,25,32,6,14,7,4,2,5.5,0,5,10,0,20,3,1,1,1,3,2,1
31426,31471,1,pv,1,1,1,30,20,23,4,0,3.0,20,20,12,2,12,2,0,15,10,5,0,0,1,1,30,20,28,22,4,12,4,0,3.0,0,0,15,20,20,4,2,1,2,4,2,2
31426,31471,2,pt,0,1,1,30,20,23,4,0,3.0,20,20,12,2,12,2,0,15,10,5,0,0,1,1,30,20,28,22,4,12,4,0,3.0,0,0,15,20,20,4,2,1,2,4,2,2
31426,31472,1,pv,1,1,1,20,20,15,2,2,1.5,20,10,6,7,2,12,10,5,5,15,5,4,3,1,20,20,30,11,19,2,7,2,5.5,0,10,5,20,10,5,2,1,2,4,2,2
31426,31472,2,pt,0,1,1,20,20,15,2,2,1.5,20,10,6,7,2,12,10,5,5,15,5,4,3,1,20,20,30,11,19,2,7,2,5.5,0,10,5,20,10,5,2,1,2,4,2,2
31426,31473,1,pv,1,1,1,20,25,18,4,4,1.75,0,10,0,7,7,7,5,10,0,10,0,2,1,1,20,25,28,0,14,7,4,4,3.75,0,5,10,0,10,6,2,1,2,4,2,2
31426,31473,2,pt,0,1,1,20,25,18,4,4,1.75,0,10,0,7,7,7,5,10,0,10,0,2,1,1,20,25,28,0,14,7,4,4,3.75,0,5,10,0,10,6,2,1,2,4,2,2
31426,31475,1,pv,1,1,1,25,30,25,4,4,4.0,10,10,6,7,7,7,5,10,5,10,0,2,1,3,25,30,35,11,14,7,4,4,6.0,0,5,10,10,10,7,1,1,2,3,2,2
31426,31475,2,pt,0,1,1,25,30,25,4,4,4.0,10,10,6,7,7,7,5,10,5,10,0,2,1,3,25,30,35,11,14,7,4,4,6.0,0,5,10,10,10,7,1,1,2,3,2,2
31426,31476,1,pv,1,1,1,20,30,20,6,0,6.0,10,0,0,2,12,12,10,10,10,10,10,0,1,2,20,30,30,10,14,12,16,0,6.0,0,10,10,10,0,8,1,1,2,3,2,2
31426,31476,3,pv_pt,0,1,1,20,30,20,6,0,6.0,10,0,0,2,12,12,10,10,10,10,10,0,1,2,20,30,30,10,14,12,16,0,6.0,0,10,10,10,0,8,1,1,2,3,2,2
31426,31477,1,pv,1,1,1,20,25,18,2,0,1.75,0,0,12,2,7,12,0,15,5,5,5,4,2,1,20,25,23,17,14,7,7,0,5.75,0,0,15,0,0,9,1,1,2,3,2,2
31426,31477,2,pt,0,1,1,20,25,18,2,0,1.75,0,0,12,2,7,12,0,15,5,5,5,4,2,1,20,25,23,17,14,7,7,0,5.75,0,0,15,0,0,9,1,1,2,3,2,2
31540,31640,1,pv,1,1,1,20,25,18,4,4,1.75,0,10,0,7,7,7,5,10,0,10,0,2,1,1,20,25,28,0,14,7,4,4,3.75,0,5,10,0,10,1,3,1,1,2,1,2
31540,31640,2,pt,0,1,1,20,25,18,4,4,1.75,0,10,0,7,7,7,5,10,0,10,0,2,1,1,20,25,28,0,14,7,4,4,3.75,0,5,10,0,10,1,3,1,1,2,1,2
31540,31641,2,pt,1,1,1,20,30,15,6,2,4.5,0,20,0,2,12,7,0,5,0,5,10,2,3,3,20,30,20,0,9,12,16,2,6.5,0,0,5,0,20,2,3,1,1,2,1,2
31540,31641,1,pv,1,0,1,20,30,15,6,2,4.5,0,20,0,2,12,7,0,5,0,5,10,2,3,3,20,30,20,0,9,12,16,2,6.5,0,0,5,0,20,2,3,1,1,2,1,2
31540,31642,2,pt,1,1,1,30,30,26,2,0,1.75,10,0,0,2,7,2,10,15,0,15,10,0,3,1,30,30,41,0,4,7,12,0,1.75,0,10,15,10,0,3,3,1,1,2,1,2
31540,31642,1,pv,1,0,1,30,30,26,2,0,1.75,10,0,0,2,7,2,10,15,0,15,10,0,3,1,30,30,41,0,4,7,12,0,1.75,0,10,15,10,0,3,3,1,1,2,1,2
31540,31644,2,pt,1,1,1,25,20,25,6,0,6.0,20,20,0,12,2,12,0,15,10,15,5,4,1,3,25,20,40,10,24,2,11,0,10.0,0,0,15,20,20,4,2,2,2,3,1,2
31540,31644,1,pv,1,0,1,25,20,25,6,0,6.0,20,20,0,12,2,12,0,15,10,15,5,4,1,3,25,20,40,10,24,2,11,0,10.0,0,0,15,20,20,4,2,2,2,3,1,2
31540,31645,1,pv,1,1,1,25,30,25,4,4,4.0,10,10,6,7,7,7,5,10,5,10,0,2,1,3,25,30,35,11,14,7,4,4,6.0,0,5,10,10,10,5,2,2,2,3,1,2
31540,31645,2,pt,0,1,1,25,30,25,4,4,4.0,10,10,6,7,7,7,5,10,5,10,0,2,1,3,25,30,35,11,14,7,4,4,6.0,0,5,10,10,10,5,2,2,2,3,1,2
31540,31646,1,pv,1,1,1,30,25,23,6,4,4.5,0,10,6,7,2,12,5,5,10,15,0,0,2,1,30,25,38,16,19,2,6,4,4.5,0,5,5,0,10,6,2,2,2,3,1,2
31540,31646,2,pt,0,1,1,30,25,23,6,4,4.5,0,10,6,7,2,12,5,5,10,15,0,0,2,1,30,25,38,16,19,2,6,4,4.5,0,5,5,0,10,6,2,2,2,3,1,2
31540,31648,2,pt,1,1,1,30,25,23,6,2,4.5,0,10,6,12,2,7,10,15,5,10,5,4,2,2,30,25,33,11,19,2,11,2,8.5,0,10,15,0,10,7,2,1,2,4,2,2
31540,31648,1,pv,1,0,1,30,25,23,6,2,4.5,0,10,6,12,2,7,10,15,5,10,5,4,2,2,30,25,33,11,19,2,11,2,8.5,0,10,15,0,10,7,2,1,2,4,2,2
31540,31649,2,pt,1,1,1,20,30,20,6,0,6.0,10,0,0,2,12,12,10,10,10,10,10,0,1,2,20,30,30,10,14,12,16,0,6.0,0,10,10,10,0,8,2,1,2,4,2,2
31540,31649,3,pv_pt,1,0,1,20,30,20,6,0,6.0,10,0,0,2,12,12,10,10,10,10,10,0,1,2,20,30,30,10,14,12,16,0,6.0,0,10,10,10,0,8,2,1,2,4,2,2
31540,31650,1,pv,1,1,1,20,25,18,2,2,1.75,10,10,0,7,7,7,5,10,5,10,0,2,2,3,20,25,28,5,14,7,2,2,3.75,0,5,10,10,10,9,2,1,2,4,2,2
31540,31650,2,pt,0,1,1,20,25,18,2,2,1.75,10,10,0,7,7,7,5,10,5,10,0,2,2,3,20,25,28,5,14,7,2,2,3.75,0,5,10,10,10,9,2,1,2,4,2,2
31577,31604,1,pv,1,1,1,25,30,25,4,4,4.0,10,10,6,7,7,7,5,10,5,10,0,2,1,3,25,30,35,11,14,7,4,4,6.0,0,5,10,10,10,1,4,2,2,2,2,1
31577,31604,2,pt,0,1,1,25,30,25,4,4,4.0,10,10,6,7,7,7,5,10,5,10,0,2,1,3,25,30,35,11,14,7,4,4,6.0,0,5,10,10,10,1,4,2,2,2,2,1
31577,31605,1,pv,1,1,1,25,25,22,2,4,1.75,10,0,6,12,12,2,10,15,10,15,10,0,1,3,25,25,37,16,14,12,12,4,1.75,0,10,15,10,0,2,4,2,2,2,2,1
31577,31605,2,pt,0,1,1,25,25,22,2,4,1.75,10,0,6,12,12,2,10,15,10,15,10,0,1,3,25,25,37,16,14,12,12,4,1.75,0,10,15,10,0,2,4,2,2,2,2,1
31577,31606,1,pv,1,1,1,20,30,15,6,2,4.5,0,20,0,2,12,7,0,5,0,5,10,2,3,3,20,30,20,0,9,12,16,2,6.5,0,0,5,0,20,3,4,2,2,2,2,1
31577,31606,2,pt,0,1,1,20,30,15,6,2,4.5,0,20,0,2,12,7,0,5,0,5,10,2,3,3,20,30,20,0,9,12,16,2,6.5,0,0,5,0,20,3,4,2,2,2,2,1
31577,31608,1,pv,1,1,1,25,25,22,4,2,3.5,0,20,6,7,7,7,5,10,0,10,0,2,2,2,25,25,32,6,14,7,4,2,5.5,0,5,10,0,20,4,2,1,2,4,2,2
31577,31608,3,pv_pt,0,1,1,25,25,22,4,2,3.5,0,20,6,7,7,7,5,10,0,10,0,2,2,2,25,25,32,6,14,7,4,2,5.5,0,5,10,0,20,4,2,1,2,4,2,2
31577,31609,1,pv,1,1,1,30,25,23,6,4,4.5,0,10,6,7,2,12,5,5,10,15,0,0,2,1,30,25,38,16,19,2,6,4,4.5,0,5,5,0,10,5,2,1,2,4,2,2
31577,31609,3,pv_pt,0,1,1,30,25,23,6,4,4.5,0,10,6,7,2,12,5,5,10,15,0,0,2,1,30,25,38,16,19,2,6,4,4.5,0,5,5,0,10,5,2,1,2,4,2,2
31577,31610,1,pv,1,1,1,20,25,15,4,2,3.0,20,20,6,7,2,12,5,15,0,5,5,0,2,2,20,25,20,6,19,2,9,2,3.0,0,5,15,20,20,6,2,1,2,4,2,2
31577,31610,3,pv_pt,0,1,1,20,25,15,4,2,3.0,20,20,6,7,2,12,5,15,0,5,5,0,2,2,20,25,20,6,19,2,9,2,3.0,0,5,15,20,20,6,2,1,2,4,2,2
31577,31612,1,pv,1,1,1,20,20,15,2,2,1.5,20,10,6,7,2,12,10,5,5,15,5,4,3,1,20,20,30,11,19,2,7,2,5.5,0,10,5,20,10,7,4,2,1,1,1,2
31577,31612,2,pt,0,1,1,20,20,15,2,2,1.5,20,10,6,7,2,12,10,5,5,15,5,4,3,1,20,20,30,11,19,2,7,2,5.5,0,10,5,20,10,7,4,2,1,1,1,2
31577,31613,1,pv,1,1,1,30,20,30,2,0,2.0,0,10,12,12,7,12,5,10,0,15,10,0,3,3,30,20,45,12,24,7,12,0,2.0,0,5,10,0,10,8,4,2,1,1,1,2
31577,31613,2,pt,0,1,1,30,20,30,2,0,2.0,0,10,12,12,7,12,5,10,0,15,10,0,3,3,30,20,45,12,24,7,12,0,2.0,0,5,10,0,10,8,4,2,1,1,1,2
31577,31614,2,pt,1,1,1,30,30,26,2,4,1.75,0,20,12,2,12,7,0,5,10,15,10,4,1,2,30,30,41,22,9,12,12,4,5.75,0,0,5,0,20,9,4,2,1,1,1,2
31577,31614,1,pv,1,0,1,30,30,26,2,4,1.75,0,20,12,2,12,7,0,5,10,15,10,4,1,2,30,30,41,22,9,12,12,4,5.75,0,0,5,0,20,9,4,2,1,1,1,2
31590,31705,2,pt,1,1,1,20,30,20,6,0,6.0,10,0,0,2,12,12,10,10,10,10,10,0,1,2,20,30,30,10,14,12,16,0,6.0,0,10,10,10,0,1,4,2,1,1,1,2
31590,31705,1,pv,1,0,1,20,30,20,6,0,6.0,10,0,0,2,12,12,10,10,10,10,10,0,1,2,20,30,30,10,14,12,16,0,6.0,0,10,10,10,0,1,4,2,1,1,1,2
31590,31706,2,pt,1,1,1,20,30,20,4,2,4.0,0,10,12,12,2,2,10,5,10,5,5,0,3,1,20,30,25,22,14,2,9,2,4.0,0,10,5,0,10,2,4,2,1,1,1,2
31590,31706,1,pv,1,0,1,20,30,20,4,2,4.0,0,10,12,12,2,2,10,5,10,5,5,0,3,1,20,30,25,22,14,2,9,2,4.0,0,10,5,0,10,2,4,2,1,1,1,2
31590,31707,1,pv,1,1,1,30,20,30,2,0,2.0,0,10,12,12,7,12,5,10,0,15,10,0,3,3,30,20,45,12,24,7,12,0,2.0,0,5,10,0,10,3,4,2,1,1,1,2
31590,31707,2,pt,0,1,1,30,20,30,2,0,2.0,0,10,12,12,7,12,5,10,0,15,10,0,3,3,30,20,45,12,24,7,12,0,2.0,0,5,10,0,10,3,4,2,1,1,1,2
31590,31709,2,pt,1,1,1,25,25,22,2,4,1.75,10,0,6,12,12,2,10,15,10,15,10,0,1,3,25,25,37,16,14,12,12,4,1.75,0,10,15,10,0,4,4,1,2,1,1,1
31590,31709,1,pv,1,0,1,25,25,22,2,4,1.75,10,0,6,12,12,2,10,15,10,15,10,0,1,3,25,25,37,16,14,12,12,4,1.75,0,10,15,10,0,4,4,1,2,1,1,1
31590,31710,1,pv,1,1,1,25,25,22,4,2,3.5,0,20,6,7,7,7,5,10,0,10,0,2,2,2,25,25,32,6,14,7,4,2,5.5,0,5,10,0,20,5,4,1,2,1,1,1
31590,31710,3,pv_pt,0,1,1,25,25,22,4,2,3.5,0,20,6,7,7,7,5,10,0,10,0,2,2,2,25,25,32,6,14,7,4,2,5.5,0,5,10,0,20,5,4,1,2,1,1,1
31590,31711,2,pt,1,1,1,25,30,25,4,4,4.0,20,0,12,12,12,12,0,15,10,10,5,4,3,2,25,30,35,22,24,12,9,4,8.0,0,0,15,20,0,6,4,1,2,1,1,1
31590,31711,3,pv_pt,1,0,1,25,30,25,4,4,4.0,20,0,12,12,12,12,0,15,10,10,5,4,3,2,25,30,35,22,24,12,9,4,8.0,0,0,15,20,0,6,4,1,2,1,1,1
31590,31713,2,pt,1,1,1,30,25,23,6,2,4.5,0,10,6,12,2,7,10,15,5,10,5,4,2,2,30,25,33,11,19,2,11,2,8.5,0,10,15,0,10,7,3,2,2,3,1,1
31590,31713,1,pv,1,0,1,30,25,23,6,2,4.5,0,10,6,12,2,7,10,15,5,10,5,4,2,2,30,25,33,11,19,2,11,2,8.5,0,10,15,0,10,7,3,2,2,3,1,1
31590,31714,2,pt,1,1,1,25,20,25,6,4,6.0,10,20,12,2,2,2,10,15,5,5,10,2,3,3,25,20,30,17,4,2,16,4,8.0,0,10,15,10,20,8,3,2,2,3,1,1
31590,31714,1,pv,1,0,1,25,20,25,6,4,6.0,10,20,12,2,2,2,10,15,5,5,10,2,3,3,25,20,30,17,4,2,16,4,8.0,0,10,15,10,20,8,3,2,2,3,1,1
31590,31715,2,pt,1,1,1,30,30,26,2,0,1.75,10,0,0,2,7,2,10,15,0,15,10,0,3,1,30,30,41,0,4,7,12,0,1.75,0,10,15,10,0,9,3,2,2,3,1,1
31590,31715,1,pv,1,0,1,30,30,26,2,0,1.75,10,0,0,2,7,2,10,15,0,15,10,0,3,1,30,30,41,0,4,7,12,0,1.75,0,10,15,10,0,9,3,2,2,3,1,1
31651,31666,1,pv,1,1,1,20,25,18,4,4,1.75,0,10,0,7,7,7,5,10,0,10,0,2,1,1,20,25,28,0,14,7,4,4,3.75,0,5,10,0,10,1,2,1,1,3,1,1
31651,31666,3,pv_pt,0,1,1,20,25,18,4,4,1.75,0,10,0,7,7,7,5,10,0,10,0,2,1,1,20,25,28,0,14,7,4,4,3.75,0,5,10,0,10,1,2,1,1,3,1,1
31651,31667,1,pv,1,1,1,20,30,20,6,0,6.0,10,0,0,2,12,12,10,10,10,10,10,0,1,2,20,30,30,10,14,12,16,0,6.0,0,10,10,10,0,2,2,1,1,3,1,1
31651,31667,3,pv_pt,0,1,1,20,30,20,6,0,6.0,10,0,0,2,12,12,10,10,10,10,10,0,1,2,20,30,30,10,14,12,16,0,6.0,0,10,10,10,0,2,2,1,1,3,1,1
31651,31668,1,pv,1,1,1,25,20,25,6,4,6.0,10,20,12,2,2,2,10,15,5,5,10,2,3,3,25,20,30,17,4,2,16,4,8.0,0,10,15,10,20,3,2,1,1,3,1,1
31651,31668,3,pv_pt,0,1,1,25,20,25,6,4,6.0,10,20,12,2,2,2,10,15,5,5,10,2,3,3,25,20,30,17,4,2,16,4,8.0,0,10,15,10,20,3,2,1,1,3,1,1
31651,31670,1,pv,1,1,1,30,20,23,6,2,4.5,20,0,12,2,12,12,10,5,0,10,0,2,1,3,30,20,33,12,14,12,6,2,6.5,0,10,5,20,0,4,4,2,1,1,1,2
31651,31670,3,pv_pt,0,1,1,30,20,23,6,2,4.5,20,0,12,2,12,12,10,5,0,10,0,2,1,3,30,20,33,12,14,12,6,2,6.5,0,10,5,20,0,4,4,2,1,1,1,2
31651,31671,2,pt,1,1,1,25,25,22,2,2,1.75,20,20,6,7,2,7,5,5,5,5,0,0,3,2,25,25,27,11,14,2,2,2,1.75,0,5,5,20,20,5,4,2,1,1,1,2
31651,31671,3,pv_pt,1,0,1,25,25,22,2,2,1.75,20,20,6,7,2,7,5,5,5,5,0,0,3,2,25,25,27,11,14,2,2,2,1.75,0,5,5,20,20,5,4,2,1,1,1,2
31651,31672,2,pt,1,1,1,30,30,30,4,0,4.0,20,20,0,12,12,2,10,10,5,5,10,4,2,1,30,30,35,5,14,12,14,0,8.0,0,10,10,20,20,6,4,2,1,1,1,2
31651,31672,1,pv,1,0,1,30,30,30,4,0,4.0,20,20,0,12,12,2,10,10,5,5,10,4,2,1,30,30,35,5,14,12,14,0,8.0,0,10,10,20,20,6,4,2,1,1,1,2
31651,31674,1,pv,1,1,1,20,30,20,4,2,4.0,0,10,12,12,2,2,10,5,10,5,5,0,3,1,20,30,25,22,14,2,9,2,4.0,0,10,5,0,10,7,4,1,2,1,1,1
31651,31674,2,pt,0,1,1,20,30,20,4,2,4.0,0,10,12,12,2,2,10,5,10,5,5,0,3,1,20,30,25,22,14,2,9,2,4.0,0,10,5,0,10,7,4,1,2,1,1,1
31651,31675,2,pt,1,1,1,25,20,22,4,0,3.5,10,0,0,7,12,2,0,10,10,10,0,2,3,2,25,20,32,10,9,12,4,0,5.5,0,0,10,10,0,8,4,1,2,1,1,1
31651,31675,3,pv_pt,1,0,1,25,20,22,4,0,3.5,10,0,0,7,12,2,0,10,10,10,0,2,3,2,25,20,32,10,9,12,4,0,5.5,0,0,10,10,0,8,4,1,2,1,1,1
31651,31676,2,pt,1,1,1,20,20,15,2,2,1.5,20,10,6,7,2,12,10,5,5,15,5,4,3,1,20,20,30,11,19,2,7,2,5.5,0,10,5,20,10,9,4,1,2,1,1,1
31651,31676,1,pv,1,0,1,20,20,15,2,2,1.5,20,10,6,7,2,12,10,5,5,15,5,4,3,1,20,20,30,11,19,2,7,2,5.5,0,10,5,20,10,9,4,1,2,1,1,1
31767,31806,1,pv,1,1,1,25,20,25,6,4,6.0,20,0,6,2,7,2,0,5,0,15,10,2,2,2,25,20,40,6,4,7,16,4,8.0,0,0,5,20,0,1,3,2,2,3,1,1
31767,31806,2,pt,0,1,1,25,20,25,6,4,6.0,20,0,6,2,7,2,0,5,0,15,10,2,2,2,25,20,40,6,4,7,16,4,8.0,0,0,5,20,0,1,3,2,2,3,1,1
31767,31807,1,pv,1,1,1,25,25,22,4,2,3.5,0,20,6,7,7,7,5,10,0,10,0,2,2,2,25,25,32,6,14,7,4,2,5.5,0,5,10,0,20,2,3,2,2,3,1,1
31767,31807,2,pt,0,1,1,25,25,22,4,2,3.5,0,20,6,7,7,7,5,10,0,10,0,2,2,2,25,25,32,6,14,7,4,2,5.5,0,5,10,0,20,2,3,2,2,3,1,1
31767,31808,1,pv,1,1,1,20,25,18,2,0,1.75,0,0,12,2,7,12,0,15,5,5,5,4,2,1,20,25,23,17,14,7,7,0,5.75,0,0,15,0,0,3,3,2,2,3,1,1
31767,31808,2,pt,0,1,1,20,25,18,2,0,1.75,0,0,12,2,7,12,0,15,5,5,5,4,2,1,20,25,23,17,14,7,7,0,5.75,0,0,15,0,0,3,3,2,2,3,1,1
31767,31810,1,pv,1,1,1,30,30,26,2,0,1.75,10,0,0,2,7,2,10,15,0,15,10,0,3,1,30,30,41,0,4,7,12,0,1.75,0,10,15,10,0,4,4,1,2,4,1,2
31767,31810,2,pt,0,1,1,30,30,26,2,0,1.75,10,0,0,2,7,2,10,15,0,15,10,0,3,1,30,30,41,0,4,7,12,0,1.75,0,10,15,10,0,4,4,1,2,4,1,2
31767,31811,1,pv,1,1,1,25,20,22,4,0,3.5,10,0,0,7,12,2,0,10,10,10,0,2,3,2,25,20,32,10,9,12,4,0,5.5,0,0,10,10,0,5,4,1,2,4,1,2
31767,31811,2,pt,0,1,1,25,20,22,4,0,3.5,10,0,0,7,12,2,0,10,10,10,0,2,3,2,25,20,32,10,9,12,4,0,5.5,0,0,10,10,0,5,4,1,2,4,1,2
31767,31812,1,pv,1,1,1,25,30,25,4,4,4.0,20,0,12,12,12,12,0,15,10,10,5,4,3,2,25,30,35,22,24,12,9,4,8.0,0,0,15,20,0,6,4,1,2,4,1,2
31767,31812,2,pt,0,1,1,25,30,25,4,4,4.0,20,0,12,12,12,12,0,15,10,10,5,4,3,2,25,30,35,22,24,12,9,4,8.0,0,0,15,20,0,6,4,1,2,4,1,2
31767,31814,1,pv,1,1,1,20,30,20,6,0,6.0,10,0,0,2,12,12,10,10,10,10,10,0,1,2,20,30,30,10,14,12,16,0,6.0,0,10,10,10,0,7,1,2,2,4,1,1
31767,31814,2,pt,0,1,1,20,30,20,6,0,6.0,10,0,0,2,12,12,10,10,10,10,10,0,1,2,20,30,30,10,14,12,16,0,6.0,0,10,10,10,0,7,1,2,2,4,1,1
31767,31815,1,pv,1,1,1,30,20,23,6,2,4.5,20,0,12,2,12,12,10,5,0,10,0,2,1,3,30,20,33,12,14,12,6,2,6.5,0,10,5,20,0,8,1,2,2,4,1,1
31767,31815,2,pt,0,1,1,30,20,23,6,2,4.5,20,0,12,2,12,12,10,5,0,10,0,2,1,3,30,20,33,12,14,12,6,2,6.5,0,10,5,20,0,8,1,2,2,4,1,1
31767,31816,2,pt,1,1,1,30,20,23,4,0,3.0,20,20,12,2,12,2,0,15,10,5,0,0,1,1,30,20,28,22,4,12,4,0,3.0,0,0,15,20,20,9,1,2,2,4,1,1
31767,31816,1,pv,1,0,1,30,20,23,4,0,3.0,20,20,12,2,12,2,0,15,10,5,0,0,1,1,30,20,28,22,4,12,4,0,3.0,0,0,15,20,20,9,1,2,2,4,1,1
31817,31820,1,pv,1,1,1,20,25,15,4,2,3.0,20,20,6,7,2,12,5,15,0,5,5,0,2,2,20,25,20,6,19,2,9,2,3.0,0,5,15,20,20,1,1,1,2,1,1,2
31817,31820,3,pv_pt,0,1,1,20,25,15,4,2,3.0,20,20,6,7,2,12,5,15,0,5,5,0,2,2,20,25,20,6,19,2,9,2,3.0,0,5,15,20,20,1,1,1,2,1,1,2
31817,31821,1,pv,1,1,1,25,20,25,6,4,6.0,20,0,6,2,7,2,0,5,0,15,10,2,2,2,25,20,40,6,4,7,16,4,8.0,0,0,5,20,0,2,1,1,2,1,1,2
31817,31821,3,pv_pt,0,1,1,25,20,25,6,4,6.0,20,0,6,2,7,2,0,5,0,15,10,2,2,2,25,20,40,6,4,7,16,4,8.0,0,0,5,20,0,2,1,1,2,1,1,2
31817,31822,1,pv,1,1,1,20,30,20,6,0,6.0,10,0,0,2,12,12,10,10,10,10,10,0,1,2,20,30,30,10,14,12,16,0,6.0,0,10,10,10,0,3,1,1,2,1,1,2
31817,31822,3,pv_pt,0,1,1,20,30,20,6,0,6.0,10,0,0,2,12,12,10,10,10,10,10,0,1,2,20,30,30,10,14,12,16,0,6.0,0,10,10,10,0,3,1,1,2,1,1,2
31817,31824,1,pv,1,1,1,25,20,25,6,4,6.0,10,20,12,2,2,2,10,15,5,5,10,2,3,3,25,20,30,17,4,2,16,4,8.0,0,10,15,10,20,4,2,1,2,4,2,2
31817,31824,3,pv_pt,0,1,1,25,20,25,6,4,6.0,10,20,12,2,2,2,10,15,5,5,10,2,3,3,25,20,30,17,4,2,16,4,8.0,0,10,15,10,20,4,2,1,2,4,2,2
31817,31825,1,pv,1,1,1,30,25,23,6,4,4.5,0,10,6,7,2,12,5,5,10,15,0,0,2,1,30,25,38,16,19,2,6,4,4.5,0,5,5,0,10,5,2,1,2,4,2,2
31817,31825,3,pv_pt,0,1,1,30,25,23,6,4,4.5,0,10,6,7,2,12,5,5,10,15,0,0,2,1,30,25,38,16,19,2,6,4,4.5,0,5,5,0,10,5,2,1,2,4,2,2
31817,31826,1,pv,1,1,1,25,25,22,4,2,3.5,0,20,6,7,7,7,5,10,0,10,0,2,2,2,25,25,32,6,14,7,4,2,5.5,0,5,10,0,20,6,2,1,2,4,2,2
31817,31826,3,pv_pt,0,1,1,25,25,22,4,2,3.5,0,20,6,7,7,7,5,10,0,10,0,2,2,2,25,25,32,6,14,7,4,2,5.5,0,5,10,0,20,6,2,1,2,4,2,2
31817,31828,1,pv,1,1,1,20,20,15,2,2,1.5,20,10,6,7,2,12,10,5,5,15,5,4,3,1,20,20,30,11,19,2,7,2,5.5,0,10,5,20,10,7,2,1,1,3,1,1
31817,31828,3,pv_pt,0,1,1,20,20,15,2,2,1.5,20,10,6,7,2,12,10,5,5,15,5,4,3,1,20,20,30,11,19,2,7,2,5.5,0,10,5,20,10,7,2,1,1,3,1,1
31817,31829,1,pv,1,1,1,30,25,23,6,2,4.5,0,10,6,12,2,7,10,15,5,10,5,4,2,2,30,25,33,11,19,2,11,2,8.5,0,10,15,0,10,8,2,1,1,3,1,1
31817,31829,3,pv_pt,0,1,1,30,25,23,6,2,4.5,0,10,6,12,2,7,10,15,5,10,5,4,2,2,30,25,33,11,19,2,11,2,8.5,0,10,15,0,10,8,2,1,1,3,1,1
31817,31830,1,pv,1,1,1,20,25,18,4,4,1.75,0,10,0,7,7,7,5,10,0,10,0,2,1,1,20,25,28,0,14,7,4,4,3.75,0,5,10,0,10,9,2,1,1,3,1,1
31817,31830,2,pt,0,1,1,20,25,18,4,4,1.75,0,10,0,7,7,7,5,10,0,10,0,2,1,1,20,25,28,0,14,7,4,4,3.75,0,5,10,0,10,9,2,1,1,3,1,1
31818,31988,3,pv_pt,1,1,1,25,30,25,4,4,4.0,20,0,12,12,12,12,0,15,10,10,5,4,3,2,25,30,35,22,24,12,9,4,8.0,0,0,15,20,0,1,1,1,1,3,2,1
31818,31988,2,pt,1,1,0,25,30,25,4,4,4.0,20,0,12,12,12,12,0,15,10,10,5,4,3,2,25,30,35,22,24,12,9,4,8.0,0,0,15,20,0,1,1,1,1,3,2,1
31818,31989,1,pv,1,1,1,30,25,23,6,2,4.5,0,10,6,12,2,7,10,15,5,10,5,4,2,2,30,25,33,11,19,2,11,2,8.5,0,10,15,0,10,2,1,1,1,3,2,1
31818,31989,3,pv_pt,0,1,1,30,25,23,6,2,4.5,0,10,6,12,2,7,10,15,5,10,5,4,2,2,30,25,33,11,19,2,11,2,8.5,0,10,15,0,10,2,1,1,1,3,2,1
31818,31990,3,pv_pt,1,1,1,30,25,23,2,4,1.5,10,10,0,12,2,7,5,5,5,5,5,4,2,3,30,25,28,5,19,2,7,4,5.5,0,5,5,10,10,3,1,1,1,3,2,1
31818,31990,1,pv,1,1,0,30,25,23,2,4,1.5,10,10,0,12,2,7,5,5,5,5,5,4,2,3,30,25,28,5,19,2,7,4,5.5,0,5,5,10,10,3,1,1,1,3,2,1
31818,31992,3,pv_pt,1,1,1,20,25,18,2,2,1.75,10,10,0,7,7,7,5,10,5,10,0,2,2,3,20,25,28,5,14,7,2,2,3.75,0,5,10,10,10,4,3,1,2,4,2,1
31818,31992,1,pv,1,1,0,20,25,18,2,2,1.75,10,10,0,7,7,7,5,10,5,10,0,2,2,3,20,25,28,5,14,7,2,2,3.75,0,5,10,10,10,4,3,1,2,4,2,1
31818,31993,2,pt,1,1,1,25,20,22,4,0,3.5,10,0,0,7,12,2,0,10,10,10,0,2,3,2,25,20,32,10,9,12,4,0,5.5,0,0,10,10,0,5,3,1,2,4,2,1
31818,31993,3,pv_pt,1,0,1,25,20,22,4,0,3.5,10,0,0,7,12,2,0,10,10,10,0,2,3,2,25,20,32,10,9,12,4,0,5.5,0,0,10,10,0,5,3,1,2,4,2,1
31818,31994,3,pv_pt,1,1,1,25,30,25,4,4,4.0,10,10,6,7,7,7,5,10,5,10,0,2,1,3,25,30,35,11,14,7,4,4,6.0,0,5,10,10,10,6,3,1,2,4,2,1
31818,31994,1,pv,1,1,0,25,30,25,4,4,4.0,10,10,6,7,7,7,5,10,5,10,0,2,1,3,25,30,35,11,14,7,4,4,6.0,0,5,10,10,10,6,3,1,2,4,2,1
31818,31996,1,pv,1,1,1,25,25,22,4,2,3.5,0,20,6,7,7,7,5,10,0,10,0,2,2,2,25,25,32,6,14,7,4,2,5.5,0,5,10,0,20,7,2,1,1,1,2,2
31818,31996,3,pv_pt,0,1,1,25,25,22,4,2,3.5,0,20,6,7,7,7,5,10,0,10,0,2,2,2,25,25,32,6,14,7,4,2,5.5,0,5,10,0,20,7,2,1,1,1,2,2
31818,31997,3,pv_pt,1,1,1,25,25,22,2,2,1.75,20,20,6,7,2,7,5,5,5,5,0,0,3,2,25,25,27,11,14,2,2,2,1.75,0,5,5,20,20,8,2,1,1,1,2,2
31818,31997,1,pv,1,1,0,25,25,22,2,2,1.75,20,20,6,7,2,7,5,5,5,5,0,0,3,2,25,25,27,11,14,2,2,2,1.75,0,5,5,20,20,8,2,1,1,1,2,2
31818,31998,2,pt,1,1,1,20,30,18,6,0,5.25,10,0,12,12,7,2,0,10,0,15,5,4,1,1,20,30,33,12,14,7,11,0,9.25,0,0,10,10,0,9,2,1,1,1,2,2
31818,31998,3,pv_pt,1,0,1,20,30,18,6,0,5.25,10,0,12,12,7,2,0,10,0,15,5,4,1,1,20,30,33,12,14,7,11,0,9.25,0,0,10,10,0,9,2,1,1,1,2,2
31832,31860,1,pv,1,1,1,30,25,23,6,2,4.5,0,10,6,12,2,7,10,15,5,10,5,4,2,2,30,25,33,11,19,2,11,2,8.5,0,10,15,0,10,1,2,1,1,1,2,2
31832,31860,3,pv_pt,0,1,1,30,25,23,6,2,4.5,0,10,6,12,2,7,10,15,5,10,5,4,2,2,30,25,33,11,19,2,11,2,8.5,0,10,15,0,10,1,2,1,1,1,2,2
31832,31861,1,pv,1,1,1,20,30,18,6,0,5.25,10,0,12,12,7,2,0,10,0,15,5,4,1,1,20,30,33,12,14,7,11,0,9.25,0,0,10,10,0,2,2,1,1,1,2,2
31832,31861,2,pt,0,1,1,20,30,18,6,0,5.25,10,0,12,12,7,2,0,10,0,15,5,4,1,1,20,30,33,12,14,7,11,0,9.25,0,0,10,10,0,2,2,1,1,1,2,2
31832,31862,2,pt,1,1,1,25,20,25,6,4,6.0,10,20,12,2,2,2,10,15,5,5,10,2,3,3,25,20,30,17,4,2,16,4,8.0,0,10,15,10,20,3,2,1,1,1,2,2
31832,31862,1,pv,1,0,1,25,20,25,6,4,6.0,10,20,12,2,2,2,10,15,5,5,10,2,3,3,25,20,30,17,4,2,16,4,8.0,0,10,15,10,20,3,2,1,1,1,2,2
31832,31864,1,pv,1,1,1,25,30,25,4,4,4.0,10,10,6,7,7,7,5,10,5,10,0,2,1,3,25,30,35,11,14,7,4,4,6.0,0,5,10,10,10,4,4,1,1,4,1,1
31832,31864,3,pv_pt,0,1,1,25,30,25,4,4,4.0,10,10,6,7,7,7,5,10,5,10,0,2,1,3,25,30,35,11,14,7,4,4,6.0,0,5,10,10,10,4,4,1,1,4,1,1
31832,31865,1,pv,1,1,1,30,30,30,4,0,4.0,20,20,0,12,12,2,10,10,5,5,10,4,2,1,30,30,35,5,14,12,14,0,8.0,0,10,10,20,20,5,4,1,1,4,1,1
31832,31865,2,pt,0,1,1,30,30,30,4,0,4.0,20,20,0,12,12,2,10,10,5,5,10,4,2,1,30,30,35,5,14,12,14,0,8.0,0,10,10,20,20,5,4,1,1,4,1,1
31832,31866,1,pv,1,1,1,25,20,22,4,0,3.5,10,0,0,7,12,2,0,10,10,10,0,2,3,2,25,20,32,10,9,12,4,0,5.5,0,0,10,10,0,6,4,1,1,4,1,1
31832,31866,2,pt,0,1,1,25,20,22,4,0,3.5,10,0,0,7,12,2,0,10,10,10,0,2,3,2,25,20,32,10,9,12,4,0,5.5,0,0,10,10,0,6,4,1,1,4,1,1
31832,31868,1,pv,1,1,1,20,25,18,4,4,1.75,0,10,0,7,7,7,5,10,0,10,0,2,1,1,20,25,28,0,14,7,4,4,3.75,0,5,10,0,10,7,4,2,1,3,2,2
31832,31868,2,pt,0,1,1,20,25,18,4,4,1.75,0,10,0,7,7,7,5,10,0,10,0,2,1,1,20,25,28,0,14,7,4,4,3.75,0,5,10,0,10,7,4,2,1,3,2,2
31832,31869,2,pt,1,1,1,25,20,25,6,4,6.0,20,0,6,2,7,2,0,5,0,15,10,2,2,2,25,20,40,6,4,7,16,4,8.0,0,0,5,20,0,8,4,2,1,3,2,2
31832,31869,1,pv,1,0,1,25,20,25,6,4,6.0,20,0,6,2,7,2,0,5,0,15,10,2,2,2,25,20,40,6,4,7,16,4,8.0,0,0,5,20,0,8,4,2,1,3,2,2
31832,31870,3,pv_pt,1,1,1,20,30,15,6,2,4.5,0,20,0,2,12,7,0,5,0,5,10,2,3,3,20,30,20,0,9,12,16,2,6.5,0,0,5,0,20,9,4,2,1,3,2,2
31832,31870,2,pt,1,1,0,20,30,15,6,2,4.5,0,20,0,2,12,7,0,5,0,5,10,2,3,3,20,30,20,0,9,12,16,2,6.5,0,0,5,0,20,9,4,2,1,3,2,2
31833,31838,1,pv,1,1,1,20,25,18,2,0,1.75,0,0,12,2,7,12,0,15,5,5,5,4,2,1,20,25,23,17,14,7,7,0,5.75,0,0,15,0,0,1,3,2,2,1,2,2
31833,31838,3,pv_pt,0,1,1,20,25,18,2,0,1.75,0,0,12,2,7,12,0,15,5,5,5,4,2,1,20,25,23,17,14,7,7,0,5.75,0,0,15,0,0,1,3,2,2,1,2,2
31833,31839,1,pv,1,1,1,25,20,25,6,0,6.0,20,20,0,12,2,12,0,15,10,15,5,4,1,3,25,20,40,10,24,2,11,0,10.0,0,0,15,20,20,2,3,2,2,1,2,2
31833,31839,2,pt,0,1,1,25,20,25,6,0,6.0,20,20,0,12,2,12,0,15,10,15,5,4,1,3,25,20,40,10,24,2,11,0,10.0,0,0,15,20,20,2,3,2,2,1,2,2
31833,31841,1,pv,1,1,1,30,30,26,2,0,1.75,10,0,0,2,7,2,10,15,0,15,10,0,3,1,30,30,41,0,4,7,12,0,1.75,0,10,15,10,0,3,3,2,2,1,2,2
31833,31841,3,pv_pt,0,1,1,30,30,26,2,0,1.75,10,0,0,2,7,2,10,15,0,15,10,0,3,1,30,30,41,0,4,7,12,0,1.75,0,10,15,10,0,3,3,2,2,1,2,2
31833,31844,1,pv,1,1,1,30,30,26,2,4,1.75,0,20,12,2,12,7,0,5,10,15,10,4,1,2,30,30,41,22,9,12,12,4,5.75,0,0,5,0,20,4,1,1,1,2,2,1
31833,31844,2,pt,0,1,1,30,30,26,2,4,1.75,0,20,12,2,12,7,0,5,10,15,10,4,1,2,30,30,41,22,9,12,12,4,5.75,0,0,5,0,20,4,1,1,1,2,2,1
31833,31846,1,pv,1,1,1,20,20,15,2,2,1.5,20,10,6,7,2,12,10,5,5,15,5,4,3,1,20,20,30,11,19,2,7,2,5.5,0,10,5,20,10,5,1,1,1,2,2,1
31833,31846,3,pv_pt,0,1,1,20,20,15,2,2,1.5,20,10,6,7,2,12,10,5,5,15,5,4,3,1,20,20,30,11,19,2,7,2,5.5,0,10,5,20,10,5,1,1,1,2,2,1
31833,31848,1,pv,1,1,1,30,20,23,6,2,4.5,20,0,12,2,12,12,10,5,0,10,0,2,1,3,30,20,33,12,14,12,6,2,6.5,0,10,5,20,0,6,1,1,1,2,2,1
31833,31848,2,pt,0,1,1,30,20,23,6,2,4.5,20,0,12,2,12,12,10,5,0,10,0,2,1,3,30,20,33,12,14,12,6,2,6.5,0,10,5,20,0,6,1,1,1,2,2,1
31833,31851,1,pv,1,1,1,30,25,23,6,4,4.5,0,10,6,7,2,12,5,5,10,15,0,0,2,1,30,25,38,16,19,2,6,4,4.5,0,5,5,0,10,7,2,1,2,1,2,1
31833,31851,3,pv_pt,0,1,1,30,25,23,6,4,4.5,0,10,6,7,2,12,5,5,10,15,0,0,2,1,30,25,38,16,19,2,6,4,4.5,0,5,5,0,10,7,2,1,2,1,2,1
31833,31853,1,pv,1,1,1,30,25,23,6,2,4.5,0,10,6,12,2,7,10,15,5,10,5,4,2,2,30,25,33,11,19,2,11,2,8.5,0,10,15,0,10,8,2,1,2,1,2,1
31833,31853,3,pv_pt,0,1,1,30,25,23,6,2,4.5,0,10,6,12,2,7,10,15,5,10,5,4,2,2,30,25,33,11,19,2,11,2,8.5,0,10,15,0,10,8,2,1,2,1,2,1
31833,31856,1,pv,1,1,1,25,30,25,4,4,4.0,20,0,12,12,12,12,0,15,10,10,5,4,3,2,25,30,35,22,24,12,9,4,8.0,0,0,15,20,0,9,2,1,2,1,2,1
31833,31856,2,pt,0,1,1,25,30,25,4,4,4.0,20,0,12,12,12,12,0,15,10,10,5,4,3,2,25,30,35,22,24,12,9,4,8.0,0,0,15,20,0,9,2,1,2,1,2,1
31872,31899,1,pv,1,1,1,30,20,23,6,2,4.5,20,0,12,2,12,12,10,5,0,10,0,2,1,3,30,20,33,12,14,12,6,2,6.5,0,10,5,20,0,1,1,2,1,4,1,2
31872,31899,2,pt,0,1,1,30,20,23,6,2,4.5,20,0,12,2,12,12,10,5,0,10,0,2,1,3,30,20,33,12,14,12,6,2,6.5,0,10,5,20,0,1,1,2,1,4,1,2
31872,31900,2,pt,1,1,1,25,20,25,6,0,6.0,20,20,0,12,2,12,0,15,10,15,5,4,1,3,25,20,40,10,24,2,11,0,10.0,0,0,15,20,20,2,1,2,1,4,1,2
31872,31900,1,pv,1,0,1,25,20,25,6,0,6.0,20,20,0,12,2,12,0,15,10,15,5,4,1,3,25,20,40,10,24,2,11,0,10.0,0,0,15,20,20,2,1,2,1,4,1,2
31872,31901,2,pt,1,1,1,30,30,26,2,4,1.75,0,20,12,2,12,7,0,5,10,15,10,4,1,2,30,30,41,22,9,12,12,4,5.75,0,0,5,0,20,3,1,2,1,4,1,2
31872,31901,3,pv_pt,1,0,1,30,30,26,2,4,1.75,0,20,12,2,12,7,0,5,10,15,10,4,1,2,30,30,41,22,9,12,12,4,5.75,0,0,5,0,20,3,1,2,1,4,1,2
31872,31903,3,pv_pt,1,1,1,20,20,15,2,2,1.5,20,10,6,7,2,12,10,5,5,15,5,4,3,1,20,20,30,11,19,2,7,2,5.5,0,10,5,20,10,4,3,1,1,2,1,2
31872,31903,2,pt,1,1,0,20,20,15,2,2,1.5,20,10,6,7,2,12,10,5,5,15,5,4,3,1,20,20,30,11,19,2,7,2,5.5,0,10,5,20,10,4,3,1,1,2,1,2
31872,31904,3,pv_pt,1,1,1,20,25,15,4,2,3.0,20,20,6,7,2,12,5,15,0,5,5,0,2,2,20,25,20,6,19,2,9,2,3.0,0,5,15,20,20,5,3,1,1,2,1,2
31872,31904,1,pv,1,1,0,20,25,15,4,2,3.0,20,20,6,7,2,12,5,15,0,5,5,0,2,2,20,25,20,6,19,2,9,2,3.0,0,5,15,20,20,5,3,1,1,2,1,2
31872,31905,1,pv,1,1,1,20,30,15,6,2,4.5,0,20,0,2,12,7,0,5,0,5,10,2,3,3,20,30,20,0,9,12,16,2,6.5,0,0,5,0,20,6,3,1,1,2,1,2
31872,31905,3,pv_pt,0,1,1,20,30,15,6,2,4.5,0,20,0,2,12,7,0,5,0,5,10,2,3,3,20,30,20,0,9,12,16,2,6.5,0,0,5,0,20,6,3,1,1,2,1,2
31872,31907,2,pt,1,1,1,20,25,18,2,0,1.75,0,0,12,2,7,12,0,15,5,5,5,4,2,1,20,25,23,17,14,7,7,0,5.75,0,0,15,0,0,7,2,1,1,1,2,2
31872,31907,3,pv_pt,1,0,1,20,25,18,2,0,1.75,0,0,12,2,7,12,0,15,5,5,5,4,2,1,20,25,23,17,14,7,7,0,5.75,0,0,15,0,0,7,2,1,1,1,2,2
31872,31908,1,pv,1,1,1,25,25,22,2,4,1.75,10,0,6,12,12,2,10,15,10,15,10,0,1,3,25,25,37,16,14,12,12,4,1.75,0,10,15,10,0,8,2,1,1,1,2,2
31872,31908,3,pv_pt,0,1,1,25,25,22,2,4,1.75,10,0,6,12,12,2,10,15,10,15,10,0,1,3,25,25,37,16,14,12,12,4,1.75,0,10,15,10,0,8,2,1,1,1,2,2
31872,31909,1,pv,1,1,1,25,25,22,4,2,3.5,0,20,6,7,7,7,5,10,0,10,0,2,2,2,25,25,32,6,14,7,4,2,5.5,0,5,10,0,20,9,2,1,1,1,2,2
31872,31909,3,pv_pt,0,1,1,25,25,22,4,2,3.5,0,20,6,7,7,7,5,10,0,10,0,2,2,2,25,25,32,6,14,7,4,2,5.5,0,5,10,0,20,9,2,1,1,1,2,2
31961,31975,2,pt,1,1,1,20,25,15,4,2,3.0,20,20,6,7,2,12,5,15,0,5,5,0,2,2,20,25,20,6,19,2,9,2,3.0,0,5,15,20,20,1,1,2,1,4,1,2
31961,31975,1,pv,1,0,1,20,25,15,4,2,3.0,20,20,6,7,2,12,5,15,0,5,5,0,2,2,20,25,20,6,19,2,9,2,3.0,0,5,15,20,20,1,1,2,1,4,1,2
31961,31976,2,pt,1,1,1,25,20,25,6,0,6.0,20,20,0,12,2,12,0,15,10,15,5,4,1,3,25,20,40,10,24,2,11,0,10.0,0,0,15,20,20,2,1,2,1,4,1,2
31961,31976,1,pv,1,0,1,25,20,25,6,0,6.0,20,20,0,12,2,12,0,15,10,15,5,4,1,3,25,20,40,10,24,2,11,0,10.0,0,0,15,20,20,2,1,2,1,4,1,2
31961,31977,2,pt,1,1,1,20,25,18,2,2,1.75,10,10,0,7,7,7,5,10,5,10,0,2,2,3,20,25,28,5,14,7,2,2,3.75,0,5,10,10,10,3,1,2,1,4,1,2
31961,31977,1,pv,1,0,1,20,25,18,2,2,1.75,10,10,0,7,7,7,5,10,5,10,0,2,2,3,20,25,28,5,14,7,2,2,3.75,0,5,10,10,10,3,1,2,1,4,1,2
31961,31979,1,pv,1,1,1,25,25,22,2,4,1.75,10,0,6,12,12,2,10,15,10,15,10,0,1,3,25,25,37,16,14,12,12,4,1.75,0,10,15,10,0,4,4,2,1,3,2,2
31961,31979,2,pt,0,1,1,25,25,22,2,4,1.75,10,0,6,12,12,2,10,15,10,15,10,0,1,3,25,25,37,16,14,12,12,4,1.75,0,10,15,10,0,4,4,2,1,3,2,2
31961,31980,1,pv,1,1,1,30,30,30,4,0,4.0,20,20,0,12,12,2,10,10,5,5,10,4,2,1,30,30,35,5,14,12,14,0,8.0,0,10,10,20,20,5,4,2,1,3,2,2
31961,31980,2,pt,0,1,1,30,30,30,4,0,4.0,20,20,0,12,12,2,10,10,5,5,10,4,2,1,30,30,35,5,14,12,14,0,8.0,0,10,10,20,20,5,4,2,1,3,2,2
31961,31981,2,pt,1,1,1,20,30,15,6,2,4.5,0,20,0,2,12,7,0,5,0,5,10,2,3,3,20,30,20,0,9,12,16,2,6.5,0,0,5,0,20,6,4,2,1,3,2,2
31961,31981,1,pv,1,0,1,20,30,15,6,2,4.5,0,20,0,2,12,7,0,5,0,5,10,2,3,3,20,30,20,0,9,12,16,2,6.5,0,0,5,0,20,6,4,2,1,3,2,2
31961,31983,2,pt,1,1,1,25,20,25,6,4,6.0,10,20,12,2,2,2,10,15,5,5,10,2,3,3,25,20,30,17,4,2,16,4,8.0,0,10,15,10,20,7,3,1,1,2,1,2
31961,31983,1,pv,1,0,1,25,20,25,6,4,6.0,10,20,12,2,2,2,10,15,5,5,10,2,3,3,25,20,30,17,4,2,16,4,8.0,0,10,15,10,20,7,3,1,1,2,1,2
31961,31984,2,pt,1,1,1,30,20,30,2,0,2.0,0,10,12,12,7,12,5,10,0,15,10,0,3,3,30,20,45,12,24,7,12,0,2.0,0,5,10,0,10,8,3,1,1,2,1,2
31961,31984,1,pv,1,0,1,30,20,30,2,0,2.0,0,10,12,12,7,12,5,10,0,15,10,0,3,3,30,20,45,12,24,7,12,0,2.0,0,5,10,0,10,8,3,1,1,2,1,2
31961,31985,2,pt,1,1,1,25,30,25,4,4,4.0,20,0,12,12,12,12,0,15,10,10,5,4,3,2,25,30,35,22,24,12,9,4,8.0,0,0,15,20,0,9,3,1,1,2,1,2
31961,31985,1,pv,1,0,1,25,30,25,4,4,4.0,20,0,12,12,12,12,0,15,10,10,5,4,3,2,25,30,35,22,24,12,9,4,8.0,0,0,15,20,0,9,3,1,1,2,1,2
32000,32018,1,pv,1,1,1,20,25,18,2,2,1.75,10,10,0,7,7,7,5,10,5,10,0,2,2,3,20,25,28,5,14,7,2,2,3.75,0,5,10,10,10,1,3,2,1,4,2,2
32000,32018,3,pv_pt,0,1,1,20,25,18,2,2,1.75,10,10,0,7,7,7,5,10,5,10,0,2,2,3,20,25,28,5,14,7,2,2,3.75,0,5,10,10,10,1,3,2,1,4,2,2
32000,32019,1,pv,1,1,1,30,20,23,6,2,4.5,20,0,12,2,12,12,10,5,0,10,0,2,1,3,30,20,33,12,14,12,6,2,6.5,0,10,5,20,0,2,3,2,1,4,2,2
32000,32019,3,pv_pt,0,1,1,30,20,23,6,2,4.5,20,0,12,2,12,12,10,5,0,10,0,2,1,3,30,20,33,12,14,12,6,2,6.5,0,10,5,20,0,2,3,2,1,4,2,2
32000,32020,3,pv_pt,1,1,1,30,20,30,2,0,2.0,0,10,12,12,7,12,5,10,0,15,10,0,3,3,30,20,45,12,24,7,12,0,2.0,0,5,10,0,10,3,3,2,1,4,2,2
32000,32020,2,pt,1,1,0,30,20,30,2,0,2.0,0,10,12,12,7,12,5,10,0,15,10,0,3,3,30,20,45,12,24,7,12,0,2.0,0,5,10,0,10,3,3,2,1,4,2,2
32000,32022,1,pv,1,1,1,25,30,25,4,4,4.0,10,10,6,7,7,7,5,10,5,10,0,2,1,3,25,30,35,11,14,7,4,4,6.0,0,5,10,10,10,4,1,2,1,1,1,1
32000,32022,3,pv_pt,0,1,1,25,30,25,4,4,4.0,10,10,6,7,7,7,5,10,5,10,0,2,1,3,25,30,35,11,14,7,4,4,6.0,0,5,10,10,10,4,1,2,1,1,1,1
32000,32023,1,pv,1,1,1,25,25,22,4,2,3.5,0,20,6,7,7,7,5,10,0,10,0,2,2,2,25,25,32,6,14,7,4,2,5.5,0,5,10,0,20,5,1,2,1,1,1,1
32000,32023,3,pv_pt,0,1,1,25,25,22,4,2,3.5,0,20,6,7,7,7,5,10,0,10,0,2,2,2,25,25,32,6,14,7,4,2,5.5,0,5,10,0,20,5,1,2,1,1,1,1
32000,32024,3,pv_pt,1,1,1,20,30,20,4,2,4.0,0,10,12,12,2,2,10,5,10,5,5,0,3,1,20,30,25,22,14,2,9,2,4.0,0,10,5,0,10,6,1,2,1,1,1,1
32000,32024,1,pv,1,1,0,20,30,20,4,2,4.0,0,10,12,12,2,2,10,5,10,5,5,0,3,1,20,30,25,22,14,2,9,2,4.0,0,10,5,0,10,6,1,2,1,1,1,1
32000,32026,2,pt,1,1,1,30,20,23,4,0,3.0,20,20,12,2,12,2,0,15,10,5,0,0,1,1,30,20,28,22,4,12,4,0,3.0,0,0,15,20,20,7,4,2,1,3,2,2
32000,32026,1,pv,1,0,1,30,20,23,4,0,3.0,20,20,12,2,12,2,0,15,10,5,0,0,1,1,30,20,28,22,4,12,4,0,3.0,0,0,15,20,20,7,4,2,1,3,2,2
32000,32027,3,pv_pt,1,1,1,20,20,15,2,2,1.5,20,10,6,7,2,12,10,5,5,15,5,4,3,1,20,20,30,11,19,2,7,2,5.5,0,10,5,20,10,8,4,2,1,3,2,2
32000,32027,1,pv,1,1,0,20,20,15,2,2,1.5,20,10,6,7,2,12,10,5,5,15,5,4,3,1,20,20,30,11,19,2,7,2,5.5,0,10,5,20,10,8,4,2,1,3,2,2
32000,32028,2,pt,1,1,1,30,30,26,2,4,1.75,0,20,12,2,12,7,0,5,10,15,10,4,1,2,30,30,41,22,9,12,12,4,5.75,0,0,5,0,20,9,4,2,1,3,2,2
32000,32028,3,pv_pt,1,0,1,30,30,26,2,4,1.75,0,20,12,2,12,7,0,5,10,15,10,4,1,2,30,30,41,22,9,12,12,4,5.75,0,0,5,0,20,9,4,2,1,3,2,2
32029,32046,1,pv,1,1,1,30,30,26,2,0,1.75,10,0,0,2,7,2,10,15,0,15,10,0,3,1,30,30,41,0,4,7,12,0,1.75,0,10,15,10,0,1,2,2,1,4,2,1
32029,32046,2,pt,0,1,1,30,30,26,2,0,1.75,10,0,0,2,7,2,10,15,0,15,10,0,3,1,30,30,41,0,4,7,12,0,1.75,0,10,15,10,0,1,2,2,1,4,2,1
32029,32047,1,pv,1,1,1,30,25,23,2,4,1.5,10,10,0,12,2,7,5,5,5,5,5,4,2,3,30,25,28,5,19,2,7,4,5.5,0,5,5,10,10,2,2,2,1,4,2,1
32029,32047,3,pv_pt,0,1,1,30,25,23,2,4,1.5,10,10,0,12,2,7,5,5,5,5,5,4,2,3,30,25,28,5,19,2,7,4,5.5,0,5,5,10,10,2,2,2,1,4,2,1
32029,32048,1,pv,1,1,1,20,25,18,4,4,1.75,0,10,0,7,7,7,5,10,0,10,0,2,1,1,20,25,28,0,14,7,4,4,3.75,0,5,10,0,10,3,2,2,1,4,2,1
32029,32048,3,pv_pt,0,1,1,20,25,18,4,4,1.75,0,10,0,7,7,7,5,10,0,10,0,2,1,1,20,25,28,0,14,7,4,4,3.75,0,5,10,0,10,3,2,2,1,4,2,1
32029,32050,1,pv,1,1,1,20,20,15,2,2,1.5,20,10,6,7,2,12,10,5,5,15,5,4,3,1,20,20,30,11,19,2,7,2,5.5,0,10,5,20,10,4,1,2,1,1,1,1
32029,32050,3,pv_pt,0,1,1,20,20,15,2,2,1.5,20,10,6,7,2,12,10,5,5,15,5,4,3,1,20,20,30,11,19,2,7,2,5.5,0,10,5,20,10,4,1,2,1,1,1,1
32029,32051,1,pv,1,1,1,20,25,15,4,2,3.0,20,20,6,7,2,12,5,15,0,5,5,0,2,2,20,25,20,6,19,2,9,2,3.0,0,5,15,20,20,5,1,2,1,1,1,1
32029,32051,3,pv_pt,0,1,1,20,25,15,4,2,3.0,20,20,6,7,2,12,5,15,0,5,5,0,2,2,20,25,20,6,19,2,9,2,3.0,0,5,15,20,20,5,1,2,1,1,1,1
32029,32052,1,pv,1,1,1,20,25,18,2,2,1.75,10,10,0,7,7,7,5,10,5,10,0,2,2,3,20,25,28,5,14,7,2,2,3.75,0,5,10,10,10,6,1,2,1,1,1,1
32029,32052,3,pv_pt,0,1,1,20,25,18,2,2,1.75,10,10,0,7,7,7,5,10,5,10,0,2,2,3,20,25,28,5,14,7,2,2,3.75,0,5,10,10,10,6,1,2,1,1,1,1
32029,32054,2,pt,1,1,1,25,20,25,6,4,6.0,10,20,12,2,2,2,10,15,5,5,10,2,3,3,25,20,30,17,4,2,16,4,8.0,0,10,15,10,20,7,4,1,1,4,1,1
32029,32054,1,pv,1,0,1,25,20,25,6,4,6.0,10,20,12,2,2,2,10,15,5,5,10,2,3,3,25,20,30,17,4,2,16,4,8.0,0,10,15,10,20,7,4,1,1,4,1,1
32029,32055,1,pv,1,1,1,30,25,23,6,2,4.5,0,10,6,12,2,7,10,15,5,10,5,4,2,2,30,25,33,11,19,2,11,2,8.5,0,10,15,0,10,8,4,1,1,4,1,1
32029,32055,3,pv_pt,0,1,1,30,25,23,6,2,4.5,0,10,6,12,2,7,10,15,5,10,5,4,2,2,30,25,33,11,19,2,11,2,8.5,0,10,15,0,10,8,4,1,1,4,1,1
32029,32056,1,pv,1,1,1,30,25,23,6,4,4.5,0,10,6,7,2,12,5,5,10,15,0,0,2,1,30,25,38,16,19,2,6,4,4.5,0,5,5,0,10,9,4,1,1,4,1,1
32029,32056,3,pv_pt,0,1,1,30,25,23,6,4,4.5,0,10,6,7,2,12,5,5,10,15,0,0,2,1,30,25,38,16,19,2,6,4,4.5,0,5,5,0,10,9,4,1,1,4,1,1
32069,32086,1,pv,1,1,1,20,30,18,6,0,5.25,10,0,12,12,7,2,0,10,0,15,5,4,1,1,20,30,33,12,14,7,11,0,9.25,0,0,10,10,0,1,4,2,1,3,2,2
32069,32086,2,pt,0,1,1,20,30,18,6,0,5.25,10,0,12,12,7,2,0,10,0,15,5,4,1,1,20,30,33,12,14,7,11,0,9.25,0,0,10,10,0,1,4,2,1,3,2,2
32069,32088,1,pv,1,1,1,30,25,23,2,4,1.5,10,10,0,12,2,7,5,5,5,5,5,4,2,3,30,25,28,5,19,2,7,4,5.5,0,5,5,10,10,2,4,2,1,3,2,2
32069,32088,3,pv_pt,0,1,1,30,25,23,2,4,1.5,10,10,0,12,2,7,5,5,5,5,5,4,2,3,30,25,28,5,19,2,7,4,5.5,0,5,5,10,10,2,4,2,1,3,2,2
32069,32090,1,pv,1,1,1,30,30,30,4,0,4.0,20,20,0,12,12,2,10,10,5,5,10,4,2,1,30,30,35,5,14,12,14,0,8.0,0,10,10,20,20,3,4,2,1,3,2,2
32069,32090,2,pt,0,1,1,30,30,30,4,0,4.0,20,20,0,12,12,2,10,10,5,5,10,4,2,1,30,30,35,5,14,12,14,0,8.0,0,10,10,20,20,3,4,2,1,3,2,2
32069,32093,1,pv,1,1,1,25,30,25,4,4,4.0,20,0,12,12,12,12,0,15,10,10,5,4,3,2,25,30,35,22,24,12,9,4,8.0,0,0,15,20,0,4,3,1,1,2,1,2
32069,32093,2,pt,0,1,1,25,30,25,4,4,4.0,20,0,12,12,12,12,0,15,10,10,5,4,3,2,25,30,35,22,24,12,9,4,8.0,0,0,15,20,0,4,3,1,1,2,1,2
32069,32095,3,pv_pt,1,1,1,20,30,20,4,2,4.0,0,10,12,12,2,2,10,5,10,5,5,0,3,1,20,30,25,22,14,2,9,2,4.0,0,10,5,0,10,5,3,1,1,2,1,2
32069,32095,1,pv,1,1,0,20,30,20,4,2,4.0,0,10,12,12,2,2,10,5,10,5,5,0,3,1,20,30,25,22,14,2,9,2,4.0,0,10,5,0,10,5,3,1,1,2,1,2
32069,32097,2,pt,1,1,1,30,20,23,4,0,3.0,20,20,12,2,12,2,0,15,10,5,0,0,1,1,30,20,28,22,4,12,4,0,3.0,0,0,15,20,20,6,3,1,1,2,1,2
32069,32097,1,pv,1,0,1,30,20,23,4,0,3.0,20,20,12,2,12,2,0,15,10,5,0,0,1,1,30,20,28,22,4,12,4,0,3.0,0,0,15,20,20,6,3,1,1,2,1,2
32069,32101,1,pv,1,1,1,20,25,18,2,2,1.75,10,10,0,7,7,7,5,10,5,10,0,2,2,3,20,25,28,5,14,7,2,2,3.75,0,5,10,10,10,7,4,1,1,4,1,1
32069,32101,2,pt,0,1,1,20,25,18,2,2,1.75,10,10,0,7,7,7,5,10,5,10,0,2,2,3,20,25,28,5,14,7,2,2,3.75,0,5,10,10,10,7,4,1,1,4,1,1
32069,32103,1,pv,1,1,1,20,20,15,2,2,1.5,20,10,6,7,2,12,10,5,5,15,5,4,3,1,20,20,30,11,19,2,7,2,5.5,0,10,5,20,10,8,4,1,1,4,1,1
32069,32103,3,pv_pt,0,1,1,20,20,15,2,2,1.5,20,10,6,7,2,12,10,5,5,15,5,4,3,1,20,20,30,11,19,2,7,2,5.5,0,10,5,20,10,8,4,1,1,4,1,1
32069,32105,1,pv,1,1,1,20,25,18,4,4,1.75,0,10,0,7,7,7,5,10,0,10,0,2,1,1,20,25,28,0,14,7,4,4,3.75,0,5,10,0,10,9,4,1,1,4,1,1
32069,32105,2,pt,0,1,1,20,25,18,4,4,1.75,0,10,0,7,7,7,5,10,0,10,0,2,1,1,20,25,28,0,14,7,4,4,3.75,0,5,10,0,10,9,4,1,1,4,1,1
32107,32125,1,pv,1,1,1,30,25,23,6,2,4.5,0,10,6,12,2,7,10,15,5,10,5,4,2,2,30,25,33,11,19,2,11,2,8.5,0,10,15,0,10,1,1,1,2,3,2,2
32107,32125,3,pv_pt,0,1,1,30,25,23,6,2,4.5,0,10,6,12,2,7,10,15,5,10,5,4,2,2,30,25,33,11,19,2,11,2,8.5,0,10,15,0,10,1,1,1,2,3,2,2
32107,32126,1,pv,1,1,1,20,30,15,6,2,4.5,0,20,0,2,12,7,0,5,0,5,10,2,3,3,20,30,20,0,9,12,16,2,6.5,0,0,5,0,20,2,1,1,2,3,2,2
32107,32126,2,pt,0,1,1,20,30,15,6,2,4.5,0,20,0,2,12,7,0,5,0,5,10,2,3,3,20,30,20,0,9,12,16,2,6.5,0,0,5,0,20,2,1,1,2,3,2,2
32107,32127,2,pt,1,1,1,20,25,18,2,0,1.75,0,0,12,2,7,12,0,15,5,5,5,4,2,1,20,25,23,17,14,7,7,0,5.75,0,0,15,0,0,3,1,1,2,3,2,2
32107,32127,1,pv,1,0,1,20,25,18,2,0,1.75,0,0,12,2,7,12,0,15,5,5,5,4,2,1,20,25,23,17,14,7,7,0,5.75,0,0,15,0,0,3,1,1,2,3,2,2
32107,32129,1,pv,1,1,1,20,30,18,6,0,5.25,10,0,12,12,7,2,0,10,0,15,5,4,1,1,20,30,33,12,14,7,11,0,9.25,0,0,10,10,0,4,3,2,2,1,2,2
32107,32129,2,pt,0,1,1,20,30,18,6,0,5.25,10,0,12,12,7,2,0,10,0,15,5,4,1,1,20,30,33,12,14,7,11,0,9.25,0,0,10,10,0,4,3,2,2,1,2,2
32107,32130,1,pv,1,1,1,20,25,18,4,4,1.75,0,10,0,7,7,7,5,10,0,10,0,2,1,1,20,25,28,0,14,7,4,4,3.75,0,5,10,0,10,5,3,2,2,1,2,2
32107,32130,2,pt,0,1,1,20,25,18,4,4,1.75,0,10,0,7,7,7,5,10,0,10,0,2,1,1,20,25,28,0,14,7,4,4,3.75,0,5,10,0,10,5,3,2,2,1,2,2
32107,32131,1,pv,1,1,1,25,25,22,2,2,1.75,20,20,6,7,2,7,5,5,5,5,0,0,3,2,25,25,27,11,14,2,2,2,1.75,0,5,5,20,20,6,3,2,2,1,2,2
32107,32131,2,pt,0,1,1,25,25,22,2,2,1.75,20,20,6,7,2,7,5,5,5,5,0,0,3,2,25,25,27,11,14,2,2,2,1.75,0,5,5,20,20,6,3,2,2,1,2,2
32107,32133,2,pt,1,1,1,25,20,25,6,4,6.0,20,0,6,2,7,2,0,5,0,15,10,2,2,2,25,20,40,6,4,7,16,4,8.0,0,0,5,20,0,7,3,1,1,3,1,2
32107,32133,3,pv_pt,1,0,1,25,20,25,6,4,6.0,20,0,6,2,7,2,0,5,0,15,10,2,2,2,25,20,40,6,4,7,16,4,8.0,0,0,5,20,0,7,3,1,1,3,1,2
32107,32134,1,pv,1,1,1,25,20,25,6,0,6.0,20,20,0,12,2,12,0,15,10,15,5,4,1,3,25,20,40,10,24,2,11,0,10.0,0,0,15,20,20,8,3,1,1,3,1,2
32107,32134,2,pt,0,1,1,25,20,25,6,0,6.0,20,20,0,12,2,12,0,15,10,15,5,4,1,3,25,20,40,10,24,2,11,0,10.0,0,0,15,20,20,8,3,1,1,3,1,2
32107,32135,3,pv_pt,1,1,1,20,25,18,2,2,1.75,10,10,0,7,7,7,5,10,5,10,0,2,2,3,20,25,28,5,14,7,2,2,3.75,0,5,10,10,10,9,3,1,1,3,1,2
32107,32135,1,pv,1,1,0,20,25,18,2,2,1.75,10,10,0,7,7,7,5,10,5,10,0,2,2,3,20,25,28,5,14,7,2,2,3.75,0,5,10,10,10,9,3,1,1,3,1,2
32108,32110,3,pv_pt,1,1,1,20,30,20,4,2,4.0,0,10,12,12,2,2,10,5,10,5,5,0,3,1,20,30,25,22,14,2,9,2,4.0,0,10,5,0,10,1,4,1,1,2,2,2
32108,32110,1,pv,1,1,0,20,30,20,4,2,4.0,0,10,12,12,2,2,10,5,10,5,5,0,3,1,20,30,25,22,14,2,9,2,4.0,0,10,5,0,10,1,4,1,1,2,2,2
32108,32111,3,pv_pt,1,1,1,25,25,22,2,2,1.75,20,20,6,7,2,7,5,5,5,5,0,0,3,2,25,25,27,11,14,2,2,2,1.75,0,5,5,20,20,2,4,1,1,2,2,2
32108,32111,1,pv,1,1,0,25,25,22,2,2,1.75,20,20,6,7,2,7,5,5,5,5,0,0,3,2,25,25,27,11,14,2,2,2,1.75,0,5,5,20,20,2,4,1,1,2,2,2
32108,32112,1,pv,1,1,1,30,25,23,2,4,1.5,10,10,0,12,2,7,5,5,5,5,5,4,2,3,30,25,28,5,19,2,7,4,5.5,0,5,5,10,10,3,4,1,1,2,2,2
32108,32112,3,pv_pt,0,1,1,30,25,23,2,4,1.5,10,10,0,12,2,7,5,5,5,5,5,4,2,3,30,25,28,5,19,2,7,4,5.5,0,5,5,10,10,3,4,1,1,2,2,2
32108,32114,3,pv_pt,1,1,1,20,25,15,4,2,3.0,20,20,6,7,2,12,5,15,0,5,5,0,2,2,20,25,20,6,19,2,9,2,3.0,0,5,15,20,20,4,1,2,1,4,1,2
32108,32114,1,pv,1,1,0,20,25,15,4,2,3.0,20,20,6,7,2,12,5,15,0,5,5,0,2,2,20,25,20,6,19,2,9,2,3.0,0,5,15,20,20,4,1,2,1,4,1,2
32108,32115,2,pt,1,1,1,20,25,18,2,0,1.75,0,0,12,2,7,12,0,15,5,5,5,4,2,1,20,25,23,17,14,7,7,0,5.75,0,0,15,0,0,5,1,2,1,4,1,2
32108,32115,1,pv,1,0,1,20,25,18,2,0,1.75,0,0,12,2,7,12,0,15,5,5,5,4,2,1,20,25,23,17,14,7,7,0,5.75,0,0,15,0,0,5,1,2,1,4,1,2
32108,32116,2,pt,1,1,1,30,20,23,4,0,3.0,20,20,12,2,12,2,0,15,10,5,0,0,1,1,30,20,28,22,4,12,4,0,3.0,0,0,15,20,20,6,1,2,1,4,1,2
32108,32116,1,pv,1,0,1,30,20,23,4,0,3.0,20,20,12,2,12,2,0,15,10,5,0,0,1,1,30,20,28,22,4,12,4,0,3.0,0,0,15,20,20,6,1,2,1,4,1,2
32108,32118,1,pv,1,1,1,20,30,15,6,2,4.5,0,20,0,2,12,7,0,5,0,5,10,2,3,3,20,30,20,0,9,12,16,2,6.5,0,0,5,0,20,7,2,1,1,1,2,2
32108,32118,3,pv_pt,0,1,1,20,30,15,6,2,4.5,0,20,0,2,12,7,0,5,0,5,10,2,3,3,20,30,20,0,9,12,16,2,6.5,0,0,5,0,20,7,2,1,1,1,2,2
32108,32119,1,pv,1,1,1,30,25,23,6,4,4.5,0,10,6,7,2,12,5,5,10,15,0,0,2,1,30,25,38,16,19,2,6,4,4.5,0,5,5,0,10,8,2,1,1,1,2,2
32108,32119,2,pt,0,1,1,30,25,23,6,4,4.5,0,10,6,7,2,12,5,5,10,15,0,0,2,1,30,25,38,16,19,2,6,4,4.5,0,5,5,0,10,8,2,1,1,1,2,2
32108,32120,1,pv,1,1,1,20,25,18,2,2,1.75,10,10,0,7,7,7,5,10,5,10,0,2,2,3,20,25,28,5,14,7,2,2,3.75,0,5,10,10,10,9,2,1,1,1,2,2
32108,32120,3,pv_pt,0,1,1,20,25,18,2,2,1.75,10,10,0,7,7,7,5,10,5,10,0,2,2,3,20,25,28,5,14,7,2,2,3.75,0,5,10,10,10,9,2,1,1,1,2,2
32123,32137,1,pv,1,1,1,20,25,18,2,2,1.75,10,10,0,7,7,7,5,10,5,10,0,2,2,3,20,25,28,5,14,7,2,2,3.75,0,5,10,10,10,1,3,2,2,1,2,2
32123,32137,2,pt,0,1,1,20,25,18,2,2,1.75,10,10,0,7,7,7,5,10,5,10,0,2,2,3,20,25,28,5,14,7,2,2,3.75,0,5,10,10,10,1,3,2,2,1,2,2
32123,32138,1,pv,1,1,1,30,30,26,2,4,1.75,0,20,12,2,12,7,0,5,10,15,10,4,1,2,30,30,41,22,9,12,12,4,5.75,0,0,5,0,20,2,3,2,2,1,2,2
32123,32138,2,pt,0,1,1,30,30,26,2,4,1.75,0,20,12,2,12,7,0,5,10,15,10,4,1,2,30,30,41,22,9,12,12,4,5.75,0,0,5,0,20,2,3,2,2,1,2,2
32123,32139,1,pv,1,1,1,30,20,23,4,0,3.0,20,20,12,2,12,2,0,15,10,5,0,0,1,1,30,20,28,22,4,12,4,0,3.0,0,0,15,20,20,3,3,2,2,1,2,2
32123,32139,2,pt,0,1,1,30,20,23,4,0,3.0,20,20,12,2,12,2,0,15,10,5,0,0,1,1,30,20,28,22,4,12,4,0,3.0,0,0,15,20,20,3,3,2,2,1,2,2
32123,32141,1,pv,1,1,1,30,20,23,6,2,4.5,20,0,12,2,12,12,10,5,0,10,0,2,1,3,30,20,33,12,14,12,6,2,6.5,0,10,5,20,0,4,4,2,1,3,2,2
32123,32141,2,pt,0,1,1,30,20,23,6,2,4.5,20,0,12,2,12,12,10,5,0,10,0,2,1,3,30,20,33,12,14,12,6,2,6.5,0,10,5,20,0,4,4,2,1,3,2,2
32123,32142,1,pv,1,1,1,20,30,18,6,0,5.25,10,0,12,12,7,2,0,10,0,15,5,4,1,1,20,30,33,12,14,7,11,0,9.25,0,0,10,10,0,5,4,2,1,3,2,2
32123,32142,2,pt,0,1,1,20,30,18,6,0,5.25,10,0,12,12,7,2,0,10,0,15,5,4,1,1,20,30,33,12,14,7,11,0,9.25,0,0,10,10,0,5,4,2,1,3,2,2
32123,32143,1,pv,1,1,1,25,20,25,6,0,6.0,20,20,0,12,2,12,0,15,10,15,5,4,1,3,25,20,40,10,24,2,11,0,10.0,0,0,15,20,20,6,4,2,1,3,2,2
32123,32143,2,pt,0,1,1,25,20,25,6,0,6.0,20,20,0,12,2,12,0,15,10,15,5,4,1,3,25,20,40,10,24,2,11,0,10.0,0,0,15,20,20,6,4,2,1,3,2,2
32123,32145,1,pv,1,1,1,30,20,30,2,0,2.0,0,10,12,12,7,12,5,10,0,15,10,0,3,3,30,20,45,12,24,7,12,0,2.0,0,5,10,0,10,7,2,2,2,3,1,2
32123,32145,2,pt,0,1,1,30,20,30,2,0,2.0,0,10,12,12,7,12,5,10,0,15,10,0,3,3,30,20,45,12,24,7,12,0,2.0,0,5,10,0,10,7,2,2,2,3,1,2
32123,32146,1,pv,1,1,1,25,30,25,4,4,4.0,10,10,6,7,7,7,5,10,5,10,0,2,1,3,25,30,35,11,14,7,4,4,6.0,0,5,10,10,10,8,2,2,2,3,1,2
32123,32146,2,pt,0,1,1,25,30,25,4,4,4.0,10,10,6,7,7,7,5,10,5,10,0,2,1,3,25,30,35,11,14,7,4,4,6.0,0,5,10,10,10,8,2,2,2,3,1,2
32123,32147,1,pv,1,1,1,20,25,18,2,0,1.75,0,0,12,2,7,12,0,15,5,5,5,4,2,1,20,25,23,17,14,7,7,0,5.75,0,0,15,0,0,9,2,2,2,3,1,2
32123,32147,2,pt,0,1,1,20,25,18,2,0,1.75,0,0,12,2,7,12,0,15,5,5,5,4,2,1,20,25,23,17,14,7,7,0,5.75,0,0,15,0,0,9,2,2,2,3,1,2
32292,32294,1,pv,1,1,1,20,25,18,4,4,1.75,0,10,0,7,7,7,5,10,0,10,0,2,1,1,20,25,28,0,14,7,4,4,3.75,0,5,10,0,10,1,4,1,2,4,1,2
32292,32294,2,pt,0,1,1,20,25,18,4,4,1.75,0,10,0,7,7,7,5,10,0,10,0,2,1,1,20,25,28,0,14,7,4,4,3.75,0,5,10,0,10,1,4,1,2,4,1,2
32292,32295,1,pv,1,1,1,30,30,26,2,4,1.75,0,20,12,2,12,7,0,5,10,15,10,4,1,2,30,30,41,22,9,12,12,4,5.75,0,0,5,0,20,2,4,1,2,4,1,2
32292,32295,2,pt,0,1,1,30,30,26,2,4,1.75,0,20,12,2,12,7,0,5,10,15,10,4,1,2,30,30,41,22,9,12,12,4,5.75,0,0,5,0,20,2,4,1,2,4,1,2
32292,32296,1,pv,1,1,1,20,25,15,4,2,3.0,20,20,6,7,2,12,5,15,0,5,5,0,2,2,20,25,20,6,19,2,9,2,3.0,0,5,15,20,20,3,4,1,2,4,1,2
32292,32296,2,pt,0,1,1,20,25,15,4,2,3.0,20,20,6,7,2,12,5,15,0,5,5,0,2,2,20,25,20,6,19,2,9,2,3.0,0,5,15,20,20,3,4,1,2,4,1,2
32292,32298,1,pv,1,1,1,20,30,20,4,2,4.0,0,10,12,12,2,2,10,5,10,5,5,0,3,1,20,30,25,22,14,2,9,2,4.0,0,10,5,0,10,4,1,1,2,1,1,2
32292,32298,2,pt,0,1,1,20,30,20,4,2,4.0,0,10,12,12,2,2,10,5,10,5,5,0,3,1,20,30,25,22,14,2,9,2,4.0,0,10,5,0,10,4,1,1,2,1,1,2
32292,32299,1,pv,1,1,1,25,25,22,4,2,3.5,0,20,6,7,7,7,5,10,0,10,0,2,2,2,25,25,32,6,14,7,4,2,5.5,0,5,10,0,20,5,1,1,2,1,1,2
32292,32299,2,pt,0,1,1,25,25,22,4,2,3.5,0,20,6,7,7,7,5,10,0,10,0,2,2,2,25,25,32,6,14,7,4,2,5.5,0,5,10,0,20,5,1,1,2,1,1,2
32292,32301,1,pv,1,1,1,25,30,25,4,4,4.0,20,0,12,12,12,12,0,15,10,10,5,4,3,2,25,30,35,22,24,12,9,4,8.0,0,0,15,20,0,6,1,1,2,1,1,2
32292,32301,2,pt,0,1,1,25,30,25,4,4,4.0,20,0,12,12,12,12,0,15,10,10,5,4,3,2,25,30,35,22,24,12,9,4,8.0,0,0,15,20,0,6,1,1,2,1,1,2
32292,32303,1,pv,1,1,1,30,25,23,6,2,4.5,0,10,6,12,2,7,10,15,5,10,5,4,2,2,30,25,33,11,19,2,11,2,8.5,0,10,15,0,10,7,1,2,1,4,1,2
32292,32303,2,pt,0,1,1,30,25,23,6,2,4.5,0,10,6,12,2,7,10,15,5,10,5,4,2,2,30,25,33,11,19,2,11,2,8.5,0,10,15,0,10,7,1,2,1,4,1,2
32292,32304,1,pv,1,1,1,25,25,22,2,4,1.75,10,0,6,12,12,2,10,15,10,15,10,0,1,3,25,25,37,16,14,12,12,4,1.75,0,10,15,10,0,8,1,2,1,4,1,2
32292,32304,2,pt,0,1,1,25,25,22,2,4,1.75,10,0,6,12,12,2,10,15,10,15,10,0,1,3,25,25,37,16,14,12,12,4,1.75,0,10,15,10,0,8,1,2,1,4,1,2
32292,32305,1,pv,1,1,1,30,20,23,6,2,4.5,20,0,12,2,12,12,10,5,0,10,0,2,1,3,30,20,33,12,14,12,6,2,6.5,0,10,5,20,0,9,1,2,1,4,1,2
32292,32305,2,pt,0,1,1,30,20,23,6,2,4.5,20,0,12,2,12,12,10,5,0,10,0,2,1,3,30,20,33,12,14,12,6,2,6.5,0,10,5,20,0,9,1,2,1,4,1,2
32307,32360,2,pt,1,1,1,25,20,25,6,4,6.0,20,0,6,2,7,2,0,5,0,15,10,2,2,2,25,20,40,6,4,7,16,4,8.0,0,0,5,20,0,1,3,1,2,2,1,1
32307,32360,1,pv,1,0,1,25,20,25,6,4,6.0,20,0,6,2,7,2,0,5,0,15,10,2,2,2,25,20,40,6,4,7,16,4,8.0,0,0,5,20,0,1,3,1,2,2,1,1
32307,32361,2,pt,1,1,1,20,30,15,6,2,4.5,0,20,0,2,12,7,0,5,0,5,10,2,3,3,20,30,20,0,9,12,16,2,6.5,0,0,5,0,20,2,3,1,2,2,1,1
32307,32361,1,pv,1,0,1,20,30,15,6,2,4.5,0,20,0,2,12,7,0,5,0,5,10,2,3,3,20,30,20,0,9,12,16,2,6.5,0,0,5,0,20,2,3,1,2,2,1,1
32307,32362,1,pv,1,1,1,30,30,26,2,0,1.75,10,0,0,2,7,2,10,15,0,15,10,0,3,1,30,30,41,0,4,7,12,0,1.75,0,10,15,10,0,3,3,1,2,2,1,1
32307,32362,2,pt,0,1,1,30,30,26,2,0,1.75,10,0,0,2,7,2,10,15,0,15,10,0,3,1,30,30,41,0,4,7,12,0,1.75,0,10,15,10,0,3,3,1,2,2,1,1
32307,32364,1,pv,1,1,1,30,20,23,6,2,4.5,20,0,12,2,12,12,10,5,0,10,0,2,1,3,30,20,33,12,14,12,6,2,6.5,0,10,5,20,0,4,2,1,1,1,2,2
32307,32364,2,pt,0,1,1,30,20,23,6,2,4.5,20,0,12,2,12,12,10,5,0,10,0,2,1,3,30,20,33,12,14,12,6,2,6.5,0,10,5,20,0,4,2,1,1,1,2,2
32307,32365,2,pt,1,1,1,25,20,25,6,4,6.0,10,20,12,2,2,2,10,15,5,5,10,2,3,3,25,20,30,17,4,2,16,4,8.0,0,10,15,10,20,5,2,1,1,1,2,2
32307,32365,1,pv,1,0,1,25,20,25,6,4,6.0,10,20,12,2,2,2,10,15,5,5,10,2,3,3,25,20,30,17,4,2,16,4,8.0,0,10,15,10,20,5,2,1,1,1,2,2
32307,32366,1,pv,1,1,1,20,25,18,2,2,1.75,10,10,0,7,7,7,5,10,5,10,0,2,2,3,20,25,28,5,14,7,2,2,3.75,0,5,10,10,10,6,2,1,1,1,2,2
32307,32366,2,pt,0,1,1,20,25,18,2,2,1.75,10,10,0,7,7,7,5,10,5,10,0,2,2,3,20,25,28,5,14,7,2,2,3.75,0,5,10,10,10,6,2,1,1,1,2,2
32307,32368,1,pv,1,1,1,25,30,25,4,4,4.0,10,10,6,7,7,7,5,10,5,10,0,2,1,3,25,30,35,11,14,7,4,4,6.0,0,5,10,10,10,7,1,1,2,3,2,2
32307,32368,3,pv_pt,0,1,1,25,30,25,4,4,4.0,10,10,6,7,7,7,5,10,5,10,0,2,1,3,25,30,35,11,14,7,4,4,6.0,0,5,10,10,10,7,1,1,2,3,2,2
32307,32369,1,pv,1,1,1,20,20,15,2,2,1.5,20,10,6,7,2,12,10,5,5,15,5,4,3,1,20,20,30,11,19,2,7,2,5.5,0,10,5,20,10,8,1,1,2,3,2,2
32307,32369,2,pt,0,1,1,20,20,15,2,2,1.5,20,10,6,7,2,12,10,5,5,15,5,4,3,1,20,20,30,11,19,2,7,2,5.5,0,10,5,20,10,8,1,1,2,3,2,2
32307,32370,1,pv,1,1,1,25,20,25,6,0,6.0,20,20,0,12,2,12,0,15,10,15,5,4,1,3,25,20,40,10,24,2,11,0,10.0,0,0,15,20,20,9,1,1,2,3,2,2
32307,32370,2,pt,0,1,1,25,20,25,6,0,6.0,20,20,0,12,2,12,0,15,10,15,5,4,1,3,25,20,40,10,24,2,11,0,10.0,0,0,15,20,20,9,1,1,2,3,2,2
32345,32384,1,pv,1,1,1,20,25,18,4,4,1.75,0,10,0,7,7,7,5,10,0,10,0,2,1,1,20,25,28,0,14,7,4,4,3.75,0,5,10,0,10,1,3,2,1,1,2,1
32345,32384,3,pv_pt,0,1,1,20,25,18,4,4,1.75,0,10,0,7,7,7,5,10,0,10,0,2,1,1,20,25,28,0,14,7,4,4,3.75,0,5,10,0,10,1,3,2,1,1,2,1
32345,32385,1,pv,1,1,1,20,30,20,6,0,6.0,10,0,0,2,12,12,10,10,10,10,10,0,1,2,20,30,30,10,14,12,16,0,6.0,0,10,10,10,0,2,3,2,1,1,2,1
32345,32385,3,pv_pt,0,1,1,20,30,20,6,0,6.0,10,0,0,2,12,12,10,10,10,10,10,0,1,2,20,30,30,10,14,12,16,0,6.0,0,10,10,10,0,2,3,2,1,1,2,1
32345,32386,1,pv,1,1,1,25,25,22,2,4,1.75,10,0,6,12,12,2,10,15,10,15,10,0,1,3,25,25,37,16,14,12,12,4,1.75,0,10,15,10,0,3,3,2,1,1,2,1
32345,32386,2,pt,0,1,1,25,25,22,2,4,1.75,10,0,6,12,12,2,10,15,10,15,10,0,1,3,25,25,37,16,14,12,12,4,1.75,0,10,15,10,0,3,3,2,1,1,2,1
32345,32388,1,pv,1,1,1,25,20,25,6,0,6.0,20,20,0,12,2,12,0,15,10,15,5,4,1,3,25,20,40,10,24,2,11,0,10.0,0,0,15,20,20,4,4,1,1,2,2,2
32345,32388,2,pt,0,1,1,25,20,25,6,0,6.0,20,20,0,12,2,12,0,15,10,15,5,4,1,3,25,20,40,10,24,2,11,0,10.0,0,0,15,20,20,4,4,1,1,2,2,2
32345,32389,1,pv,1,1,1,25,20,25,6,4,6.0,20,0,6,2,7,2,0,5,0,15,10,2,2,2,25,20,40,6,4,7,16,4,8.0,0,0,5,20,0,5,4,1,1,2,2,2
32345,32389,2,pt,0,1,1,25,20,25,6,4,6.0,20,0,6,2,7,2,0,5,0,15,10,2,2,2,25,20,40,6,4,7,16,4,8.0,0,0,5,20,0,5,4,1,1,2,2,2
32345,32390,1,pv,1,1,1,30,20,30,2,0,2.0,0,10,12,12,7,12,5,10,0,15,10,0,3,3,30,20,45,12,24,7,12,0,2.0,0,5,10,0,10,6,4,1,1,2,2,2
32345,32390,2,pt,0,1,1,30,20,30,2,0,2.0,0,10,12,12,7,12,5,10,0,15,10,0,3,3,30,20,45,12,24,7,12,0,2.0,0,5,10,0,10,6,4,1,1,2,2,2
32345,32392,1,pv,1,1,1,30,25,23,6,2,4.5,0,10,6,12,2,7,10,15,5,10,5,4,2,2,30,25,33,11,19,2,11,2,8.5,0,10,15,0,10,7,3,1,2,2,1,1
32345,32392,2,pt,0,1,1,30,25,23,6,2,4.5,0,10,6,12,2,7,10,15,5,10,5,4,2,2,30,25,33,11,19,2,11,2,8.5,0,10,15,0,10,7,3,1,2,2,1,1
32345,32393,1,pv,1,1,1,20,30,18,6,0,5.25,10,0,12,12,7,2,0,10,0,15,5,4,1,1,20,30,33,12,14,7,11,0,9.25,0,0,10,10,0,8,3,1,2,2,1,1
32345,32393,2,pt,0,1,1,20,30,18,6,0,5.25,10,0,12,12,7,2,0,10,0,15,5,4,1,1,20,30,33,12,14,7,11,0,9.25,0,0,10,10,0,8,3,1,2,2,1,1
32345,32394,1,pv,1,1,1,30,30,26,2,4,1.75,0,20,12,2,12,7,0,5,10,15,10,4,1,2,30,30,41,22,9,12,12,4,5.75,0,0,5,0,20,9,3,1,2,2,1,1
32345,32394,2,pt,0,1,1,30,30,26,2,4,1.75,0,20,12,2,12,7,0,5,10,15,10,4,1,2,30,30,41,22,9,12,12,4,5.75,0,0,5,0,20,9,3,1,2,2,1,1
32353,32409,1,pv,1,1,1,30,25,23,6,2,4.5,0,10,6,12,2,7,10,15,5,10,5,4,2,2,30,25,33,11,19,2,11,2,8.5,0,10,15,0,10,1,3,1,1,3,1,2
32353,32409,2,pt,0,1,1,30,25,23,6,2,4.5,0,10,6,12,2,7,10,15,5,10,5,4,2,2,30,25,33,11,19,2,11,2,8.5,0,10,15,0,10,1,3,1,1,3,1,2
32353,32410,1,pv,1,1,1,25,25,22,4,2,3.5,0,20,6,7,7,7,5,10,0,10,0,2,2,2,25,25,32,6,14,7,4,2,5.5,0,5,10,0,20,2,3,1,1,3,1,2
32353,32410,2,pt,0,1,1,25,25,22,4,2,3.5,0,20,6,7,7,7,5,10,0,10,0,2,2,2,25,25,32,6,14,7,4,2,5.5,0,5,10,0,20,2,3,1,1,3,1,2
32353,32411,1,pv,1,1,1,30,25,23,2,4,1.5,10,10,0,12,2,7,5,5,5,5,5,4,2,3,30,25,28,5,19,2,7,4,5.5,0,5,5,10,10,3,3,1,1,3,1,2
32353,32411,3,pv_pt,0,1,1,30,25,23,2,4,1.5,10,10,0,12,2,7,5,5,5,5,5,4,2,3,30,25,28,5,19,2,7,4,5.5,0,5,5,10,10,3,3,1,1,3,1,2
32353,32413,2,pt,1,1,1,30,30,26,2,0,1.75,10,0,0,2,7,2,10,15,0,15,10,0,3,1,30,30,41,0,4,7,12,0,1.75,0,10,15,10,0,4,4,1,1,2,2,2
32353,32413,1,pv,1,0,1,30,30,26,2,0,1.75,10,0,0,2,7,2,10,15,0,15,10,0,3,1,30,30,41,0,4,7,12,0,1.75,0,10,15,10,0,4,4,1,1,2,2,2
32353,32414,1,pv,1,1,1,30,20,23,6,2,4.5,20,0,12,2,12,12,10,5,0,10,0,2,1,3,30,20,33,12,14,12,6,2,6.5,0,10,5,20,0,5,4,1,1,2,2,2
32353,32414,2,pt,0,1,1,30,20,23,6,2,4.5,20,0,12,2,12,12,10,5,0,10,0,2,1,3,30,20,33,12,14,12,6,2,6.5,0,10,5,20,0,5,4,1,1,2,2,2
32353,32415,2,pt,1,1,1,25,20,25,6,4,6.0,20,0,6,2,7,2,0,5,0,15,10,2,2,2,25,20,40,6,4,7,16,4,8.0,0,0,5,20,0,6,4,1,1,2,2,2
32353,32415,3,pv_pt,1,0,1,25,20,25,6,4,6.0,20,0,6,2,7,2,0,5,0,15,10,2,2,2,25,20,40,6,4,7,16,4,8.0,0,0,5,20,0,6,4,1,1,2,2,2
32353,32417,2,pt,1,1,1,30,30,26,2,4,1.75,0,20,12,2,12,7,0,5,10,15,10,4,1,2,30,30,41,22,9,12,12,4,5.75,0,0,5,0,20,7,1,2,1,4,1,2
32353,32417,3,pv_pt,1,0,1,30,30,26,2,4,1.75,0,20,12,2,12,7,0,5,10,15,10,4,1,2,30,30,41,22,9,12,12,4,5.75,0,0,5,0,20,7,1,2,1,4,1,2
32353,32418,2,pt,1,1,1,25,20,25,6,0,6.0,20,20,0,12,2,12,0,15,10,15,5,4,1,3,25,20,40,10,24,2,11,0,10.0,0,0,15,20,20,8,1,2,1,4,1,2
32353,32418,1,pv,1,0,1,25,20,25,6,0,6.0,20,20,0,12,2,12,0,15,10,15,5,4,1,3,25,20,40,10,24,2,11,0,10.0,0,0,15,20,20,8,1,2,1,4,1,2
32353,32419,2,pt,1,1,1,20,30,18,6,0,5.25,10,0,12,12,7,2,0,10,0,15,5,4,1,1,20,30,33,12,14,7,11,0,9.25,0,0,10,10,0,9,1,2,1,4,1,2
32353,32419,1,pv,1,0,1,20,30,18,6,0,5.25,10,0,12,12,7,2,0,10,0,15,5,4,1,1,20,30,33,12,14,7,11,0,9.25,0,0,10,10,0,9,1,2,1,4,1,2
32421,32424,2,pt,1,1,1,30,30,26,2,4,1.75,0,20,12,2,12,7,0,5,10,15,10,4,1,2,30,30,41,22,9,12,12,4,5.75,0,0,5,0,20,1,4,2,1,3,2,2
32421,32424,1,pv,1,0,1,30,30,26,2,4,1.75,0,20,12,2,12,7,0,5,10,15,10,4,1,2,30,30,41,22,9,12,12,4,5.75,0,0,5,0,20,1,4,2,1,3,2,2
32421,32425,1,pv,1,1,1,30,25,23,6,2,4.5,0,10,6,12,2,7,10,15,5,10,5,4,2,2,30,25,33,11,19,2,11,2,8.5,0,10,15,0,10,2,4,2,1,3,2,2
32421,32425,3,pv_pt,0,1,1,30,25,23,6,2,4.5,0,10,6,12,2,7,10,15,5,10,5,4,2,2,30,25,33,11,19,2,11,2,8.5,0,10,15,0,10,2,4,2,1,3,2,2
32421,32426,1,pv,1,1,1,20,25,18,2,0,1.75,0,0,12,2,7,12,0,15,5,5,5,4,2,1,20,25,23,17,14,7,7,0,5.75,0,0,15,0,0,3,4,2,1,3,2,2
32421,32426,2,pt,0,1,1,20,25,18,2,0,1.75,0,0,12,2,7,12,0,15,5,5,5,4,2,1,20,25,23,17,14,7,7,0,5.75,0,0,15,0,0,3,4,2,1,3,2,2
32421,32428,1,pv,1,1,1,30,25,23,6,4,4.5,0,10,6,7,2,12,5,5,10,15,0,0,2,1,30,25,38,16,19,2,6,4,4.5,0,5,5,0,10,4,2,1,2,1,2,1
32421,32428,2,pt,0,1,1,30,25,23,6,4,4.5,0,10,6,7,2,12,5,5,10,15,0,0,2,1,30,25,38,16,19,2,6,4,4.5,0,5,5,0,10,4,2,1,2,1,2,1
32421,32429,2,pt,1,1,1,30,20,23,4,0,3.0,20,20,12,2,12,2,0,15,10,5,0,0,1,1,30,20,28,22,4,12,4,0,3.0,0,0,15,20,20,5,2,1,2,1,2,1
32421,32429,1,pv,1,0,1,30,20,23,4,0,3.0,20,20,12,2,12,2,0,15,10,5,0,0,1,1,30,20,28,22,4,12,4,0,3.0,0,0,15,20,20,5,2,1,2,1,2,1
32421,32430,1,pv,1,1,1,20,25,18,4,4,1.75,0,10,0,7,7,7,5,10,0,10,0,2,1,1,20,25,28,0,14,7,4,4,3.75,0,5,10,0,10,6,2,1,2,1,2,1
32421,32430,3,pv_pt,0,1,1,20,25,18,4,4,1.75,0,10,0,7,7,7,5,10,0,10,0,2,1,1,20,25,28,0,14,7,4,4,3.75,0,5,10,0,10,6,2,1,2,1,2,1
32421,32432,2,pt,1,1,1,25,20,25,6,4,6.0,10,20,12,2,2,2,10,15,5,5,10,2,3,3,25,20,30,17,4,2,16,4,8.0,0,10,15,10,20,7,4,2,1,1,1,2
32421,32432,1,pv,1,0,1,25,20,25,6,4,6.0,10,20,12,2,2,2,10,15,5,5,10,2,3,3,25,20,30,17,4,2,16,4,8.0,0,10,15,10,20,7,4,2,1,1,1,2
32421,32433,1,pv,1,1,1,20,30,20,4,2,4.0,0,10,12,12,2,2,10,5,10,5,5,0,3,1,20,30,25,22,14,2,9,2,4.0,0,10,5,0,10,8,4,2,1,1,1,2
32421,32433,3,pv_pt,0,1,1,20,30,20,4,2,4.0,0,10,12,12,2,2,10,5,10,5,5,0,3,1,20,30,25,22,14,2,9,2,4.0,0,10,5,0,10,8,4,2,1,1,1,2
32421,32434,1,pv,1,1,1,30,30,26,2,0,1.75,10,0,0,2,7,2,10,15,0,15,10,0,3,1,30,30,41,0,4,7,12,0,1.75,0,10,15,10,0,9,4,2,1,1,1,2
32421,32434,2,pt,0,1,1,30,30,26,2,0,1.75,10,0,0,2,7,2,10,15,0,15,10,0,3,1,30,30,41,0,4,7,12,0,1.75,0,10,15,10,0,9,4,2,1,1,1,2
32474,32500,2,pt,1,1,1,25,20,22,4,0,3.5,10,0,0,7,12,2,0,10,10,10,0,2,3,2,25,20,32,10,9,12,4,0,5.5,0,0,10,10,0,1,2,1,2,4,2,2
32474,32500,1,pv,1,0,1,25,20,22,4,0,3.5,10,0,0,7,12,2,0,10,10,10,0,2,3,2,25,20,32,10,9,12,4,0,5.5,0,0,10,10,0,1,2,1,2,4,2,2
32474,32501,1,pv,1,1,1,25,25,22,4,2,3.5,0,20,6,7,7,7,5,10,0,10,0,2,2,2,25,25,32,6,14,7,4,2,5.5,0,5,10,0,20,2,2,1,2,4,2,2
32474,32501,2,pt,0,1,1,25,25,22,4,2,3.5,0,20,6,7,7,7,5,10,0,10,0,2,2,2,25,25,32,6,14,7,4,2,5.5,0,5,10,0,20,2,2,1,2,4,2,2
32474,32502,1,pv,1,1,1,25,30,25,4,4,4.0,20,0,12,12,12,12,0,15,10,10,5,4,3,2,25,30,35,22,24,12,9,4,8.0,0,0,15,20,0,3,2,1,2,4,2,2
32474,32502,2,pt,0,1,1,25,30,25,4,4,4.0,20,0,12,12,12,12,0,15,10,10,5,4,3,2,25,30,35,22,24,12,9,4,8.0,0,0,15,20,0,3,2,1,2,4,2,2
32474,32504,2,pt,1,1,1,25,20,25,6,4,6.0,10,20,12,2,2,2,10,15,5,5,10,2,3,3,25,20,30,17,4,2,16,4,8.0,0,10,15,10,20,4,2,2,1,4,2,1
32474,32504,3,pv_pt,1,0,1,25,20,25,6,4,6.0,10,20,12,2,2,2,10,15,5,5,10,2,3,3,25,20,30,17,4,2,16,4,8.0,0,10,15,10,20,4,2,2,1,4,2,1
32474,32505,2,pt,1,1,1,30,30,30,4,0,4.0,20,20,0,12,12,2,10,10,5,5,10,4,2,1,30,30,35,5,14,12,14,0,8.0,0,10,10,20,20,5,2,2,1,4,2,1
32474,32505,1,pv,1,0,1,30,30,30,4,0,4.0,20,20,0,12,12,2,10,10,5,5,10,4,2,1,30,30,35,5,14,12,14,0,8.0,0,10,10,20,20,5,2,2,1,4,2,1
32474,32506,2,pt,1,1,1,25,20,25,6,4,6.0,20,0,6,2,7,2,0,5,0,15,10,2,2,2,25,20,40,6,4,7,16,4,8.0,0,0,5,20,0,6,2,2,1,4,2,1
32474,32506,1,pv,1,0,1,25,20,25,6,4,6.0,20,0,6,2,7,2,0,5,0,15,10,2,2,2,25,20,40,6,4,7,16,4,8.0,0,0,5,20,0,6,2,2,1,4,2,1
32474,32508,1,pv,1,1,1,20,25,15,4,2,3.0,20,20,6,7,2,12,5,15,0,5,5,0,2,2,20,25,20,6,19,2,9,2,3.0,0,5,15,20,20,7,3,2,2,1,2,2
32474,32508,3,pv_pt,0,1,1,20,25,15,4,2,3.0,20,20,6,7,2,12,5,15,0,5,5,0,2,2,20,25,20,6,19,2,9,2,3.0,0,5,15,20,20,7,3,2,2,1,2,2
32474,32509,1,pv,1,1,1,20,30,15,6,2,4.5,0,20,0,2,12,7,0,5,0,5,10,2,3,3,20,30,20,0,9,12,16,2,6.5,0,0,5,0,20,8,3,2,2,1,2,2
32474,32509,2,pt,0,1,1,20,30,15,6,2,4.5,0,20,0,2,12,7,0,5,0,5,10,2,3,3,20,30,20,0,9,12,16,2,6.5,0,0,5,0,20,8,3,2,2,1,2,2
32474,32510,1,pv,1,1,1,30,25,23,6,4,4.5,0,10,6,7,2,12,5,5,10,15,0,0,2,1,30,25,38,16,19,2,6,4,4.5,0,5,5,0,10,9,3,2,2,1,2,2
32474,32510,3,pv_pt,0,1,1,30,25,23,6,4,4.5,0,10,6,7,2,12,5,5,10,15,0,0,2,1,30,25,38,16,19,2,6,4,4.5,0,5,5,0,10,9,3,2,2,1,2,2
32511,32516,1,pv,1,1,1,30,25,23,6,4,4.5,0,10,6,7,2,12,5,5,10,15,0,0,2,1,30,25,38,16,19,2,6,4,4.5,0,5,5,0,10,1,4,1,2,1,1,1
32511,32516,3,pv_pt,0,1,1,30,25,23,6,4,4.5,0,10,6,7,2,12,5,5,10,15,0,0,2,1,30,25,38,16,19,2,6,4,4.5,0,5,5,0,10,1,4,1,2,1,1,1
32511,32517,3,pv_pt,1,1,1,20,25,15,4,2,3.0,20,20,6,7,2,12,5,15,0,5,5,0,2,2,20,25,20,6,19,2,9,2,3.0,0,5,15,20,20,2,4,1,2,1,1,1
32511,32517,1,pv,1,1,0,20,25,15,4,2,3.0,20,20,6,7,2,12,5,15,0,5,5,0,2,2,20,25,20,6,19,2,9,2,3.0,0,5,15,20,20,2,4,1,2,1,1,1
32511,32518,2,pt,1,1,1,20,30,18,6,0,5.25,10,0,12,12,7,2,0,10,0,15,5,4,1,1,20,30,33,12,14,7,11,0,9.25,0,0,10,10,0,3,4,1,2,1,1,1
32511,32518,1,pv,1,0,1,20,30,18,6,0,5.25,10,0,12,12,7,2,0,10,0,15,5,4,1,1,20,30,33,12,14,7,11,0,9.25,0,0,10,10,0,3,4,1,2,1,1,1
32511,32520,1,pv,1,1,1,25,20,25,6,0,6.0,20,20,0,12,2,12,0,15,10,15,5,4,1,3,25,20,40,10,24,2,11,0,10.0,0,0,15,20,20,4,2,2,1,4,2,1
32511,32520,3,pv_pt,0,1,1,25,20,25,6,0,6.0,20,20,0,12,2,12,0,15,10,15,5,4,1,3,25,20,40,10,24,2,11,0,10.0,0,0,15,20,20,4,2,2,1,4,2,1
32511,32521,1,pv,1,1,1,20,30,15,6,2,4.5,0,20,0,2,12,7,0,5,0,5,10,2,3,3,20,30,20,0,9,12,16,2,6.5,0,0,5,0,20,5,2,2,1,4,2,1
32511,32521,2,pt,0,1,1,20,30,15,6,2,4.5,0,20,0,2,12,7,0,5,0,5,10,2,3,3,20,30,20,0,9,12,16,2,6.5,0,0,5,0,20,5,2,2,1,4,2,1
32511,32522,3,pv_pt,1,1,1,25,30,25,4,4,4.0,20,0,12,12,12,12,0,15,10,10,5,4,3,2,25,30,35,22,24,12,9,4,8.0,0,0,15,20,0,6,2,2,1,4,2,1
32511,32522,1,pv,1,1,0,25,30,25,4,4,4.0,20,0,12,12,12,12,0,15,10,10,5,4,3,2,25,30,35,22,24,12,9,4,8.0,0,0,15,20,0,6,2,2,1,4,2,1
32511,32524,1,pv,1,1,1,20,25,18,2,2,1.75,10,10,0,7,7,7,5,10,5,10,0,2,2,3,20,25,28,5,14,7,2,2,3.75,0,5,10,10,10,7,2,2,2,3,1,2
32511,32524,3,pv_pt,0,1,1,20,25,18,2,2,1.75,10,10,0,7,7,7,5,10,5,10,0,2,2,3,20,25,28,5,14,7,2,2,3.75,0,5,10,10,10,7,2,2,2,3,1,2
32511,32525,1,pv,1,1,1,25,30,25,4,4,4.0,10,10,6,7,7,7,5,10,5,10,0,2,1,3,25,30,35,11,14,7,4,4,6.0,0,5,10,10,10,8,2,2,2,3,1,2
32511,32525,2,pt,0,1,1,25,30,25,4,4,4.0,10,10,6,7,7,7,5,10,5,10,0,2,1,3,25,30,35,11,14,7,4,4,6.0,0,5,10,10,10,8,2,2,2,3,1,2
32511,32526,1,pv,1,1,1,30,25,23,6,2,4.5,0,10,6,12,2,7,10,15,5,10,5,4,2,2,30,25,33,11,19,2,11,2,8.5,0,10,15,0,10,9,2,2,2,3,1,2
32511,32526,3,pv_pt,0,1,1,30,25,23,6,2,4.5,0,10,6,12,2,7,10,15,5,10,5,4,2,2,30,25,33,11,19,2,11,2,8.5,0,10,15,0,10,9,2,2,2,3,1,2
32512,32528,1,pv,1,1,1,25,20,22,4,0,3.5,10,0,0,7,12,2,0,10,10,10,0,2,3,2,25,20,32,10,9,12,4,0,5.5,0,0,10,10,0,1,3,1,2,4,2,1
32512,32528,2,pt,0,1,1,25,20,22,4,0,3.5,10,0,0,7,12,2,0,10,10,10,0,2,3,2,25,20,32,10,9,12,4,0,5.5,0,0,10,10,0,1,3,1,2,4,2,1
32512,32529,3,pv_pt,1,1,1,20,30,20,4,2,4.0,0,10,12,12,2,2,10,5,10,5,5,0,3,1,20,30,25,22,14,2,9,2,4.0,0,10,5,0,10,2,3,1,2,4,2,1
32512,32529,1,pv,1,1,0,20,30,20,4,2,4.0,0,10,12,12,2,2,10,5,10,5,5,0,3,1,20,30,25,22,14,2,9,2,4.0,0,10,5,0,10,2,3,1,2,4,2,1
32512,32530,1,pv,1,1,1,30,30,30,4,0,4.0,20,20,0,12,12,2,10,10,5,5,10,4,2,1,30,30,35,5,14,12,14,0,8.0,0,10,10,20,20,3,3,1,2,4,2,1
32512,32530,3,pv_pt,0,1,1,30,30,30,4,0,4.0,20,20,0,12,12,2,10,10,5,5,10,4,2,1,30,30,35,5,14,12,14,0,8.0,0,10,10,20,20,3,3,1,2,4,2,1
32512,32532,3,pv_pt,1,1,1,20,25,15,4,2,3.0,20,20,6,7,2,12,5,15,0,5,5,0,2,2,20,25,20,6,19,2,9,2,3.0,0,5,15,20,20,4,2,2,2,2,1,2
32512,32532,1,pv,1,1,0,20,25,15,4,2,3.0,20,20,6,7,2,12,5,15,0,5,5,0,2,2,20,25,20,6,19,2,9,2,3.0,0,5,15,20,20,4,2,2,2,2,1,2
32512,32533,2,pt,1,1,1,30,20,23,4,0,3.0,20,20,12,2,12,2,0,15,10,5,0,0,1,1,30,20,28,22,4,12,4,0,3.0,0,0,15,20,20,5,2,2,2,2,1,2
32512,32533,1,pv,1,0,1,30,20,23,4,0,3.0,20,20,12,2,12,2,0,15,10,5,0,0,1,1,30,20,28,22,4,12,4,0,3.0,0,0,15,20,20,5,2,2,2,2,1,2
32512,32534,1,pv,1,1,1,25,25,22,4,2,3.5,0,20,6,7,7,7,5,10,0,10,0,2,2,2,25,25,32,6,14,7,4,2,5.5,0,5,10,0,20,6,2,2,2,2,1,2
32512,32534,3,pv_pt,0,1,1,25,25,22,4,2,3.5,0,20,6,7,7,7,5,10,0,10,0,2,2,2,25,25,32,6,14,7,4,2,5.5,0,5,10,0,20,6,2,2,2,2,1,2
32512,32536,2,pt,1,1,1,25,20,25,6,4,6.0,10,20,12,2,2,2,10,15,5,5,10,2,3,3,25,20,30,17,4,2,16,4,8.0,0,10,15,10,20,7,1,1,1,3,2,1
32512,32536,1,pv,1,0,1,25,20,25,6,4,6.0,10,20,12,2,2,2,10,15,5,5,10,2,3,3,25,20,30,17,4,2,16,4,8.0,0,10,15,10,20,7,1,1,1,3,2,1
32512,32537,1,pv,1,1,1,30,20,23,6,2,4.5,20,0,12,2,12,12,10,5,0,10,0,2,1,3,30,20,33,12,14,12,6,2,6.5,0,10,5,20,0,8,1,1,1,3,2,1
32512,32537,3,pv_pt,0,1,1,30,20,23,6,2,4.5,20,0,12,2,12,12,10,5,0,10,0,2,1,3,30,20,33,12,14,12,6,2,6.5,0,10,5,20,0,8,1,1,1,3,2,1
32512,32538,1,pv,1,1,1,20,30,18,6,0,5.25,10,0,12,12,7,2,0,10,0,15,5,4,1,1,20,30,33,12,14,7,11,0,9.25,0,0,10,10,0,9,1,1,1,3,2,1
32512,32538,3,pv_pt,0,1,1,20,30,18,6,0,5.25,10,0,12,12,7,2,0,10,0,15,5,4,1,1,20,30,33,12,14,7,11,0,9.25,0,0,10,10,0,9,1,1,1,3,2,1
32514,32552,1,pv,1,1,1,20,25,18,2,0,1.75,0,0,12,2,7,12,0,15,5,5,5,4,2,1,20,25,23,17,14,7,7,0,5.75,0,0,15,0,0,1,2,1,1,1,2,2
32514,32552,2,pt,0,1,1,20,25,18,2,0,1.75,0,0,12,2,7,12,0,15,5,5,5,4,2,1,20,25,23,17,14,7,7,0,5.75,0,0,15,0,0,1,2,1,1,1,2,2
32514,32553,1,pv,1,1,1,25,20,22,4,0,3.5,10,0,0,7,12,2,0,10,10,10,0,2,3,2,25,20,32,10,9,12,4,0,5.5,0,0,10,10,0,2,2,1,1,1,2,2
32514,32553,2,pt,0,1,1,25,20,22,4,0,3.5,10,0,0,7,12,2,0,10,10,10,0,2,3,2,25,20,32,10,9,12,4,0,5.5,0,0,10,10,0,2,2,1,1,1,2,2
32514,32554,1,pv,1,1,1,20,30,18,6,0,5.25,10,0,12,12,7,2,0,10,0,15,5,4,1,1,20,30,33,12,14,7,11,0,9.25,0,0,10,10,0,3,2,1,1,1,2,2
32514,32554,2,pt,0,1,1,20,30,18,6,0,5.25,10,0,12,12,7,2,0,10,0,15,5,4,1,1,20,30,33,12,14,7,11,0,9.25,0,0,10,10,0,3,2,1,1,1,2,2
32514,32556,1,pv,1,1,1,20,25,18,4,4,1.75,0,10,0,7,7,7,5,10,0,10,0,2,1,1,20,25,28,0,14,7,4,4,3.75,0,5,10,0,10,4,4,2,1,3,2,2
32514,32556,2,pt,0,1,1,20,25,18,4,4,1.75,0,10,0,7,7,7,5,10,0,10,0,2,1,1,20,25,28,0,14,7,4,4,3.75,0,5,10,0,10,4,4,2,1,3,2,2
32514,32557,2,pt,1,1,1,30,30,26,2,4,1.75,0,20,12,2,12,7,0,5,10,15,10,4,1,2,30,30,41,22,9,12,12,4,5.75,0,0,5,0,20,5,4,2,1,3,2,2
32514,32557,1,pv,1,0,1,30,30,26,2,4,1.75,0,20,12,2,12,7,0,5,10,15,10,4,1,2,30,30,41,22,9,12,12,4,5.75,0,0,5,0,20,5,4,2,1,3,2,2
32514,32558,1,pv,1,1,1,30,25,23,6,2,4.5,0,10,6,12,2,7,10,15,5,10,5,4,2,2,30,25,33,11,19,2,11,2,8.5,0,10,15,0,10,6,4,2,1,3,2,2
32514,32558,2,pt,0,1,1,30,25,23,6,2,4.5,0,10,6,12,2,7,10,15,5,10,5,4,2,2,30,25,33,11,19,2,11,2,8.5,0,10,15,0,10,6,4,2,1,3,2,2
32514,32560,2,pt,1,1,1,30,30,26,2,0,1.75,10,0,0,2,7,2,10,15,0,15,10,0,3,1,30,30,41,0,4,7,12,0,1.75,0,10,15,10,0,7,1,2,2,4,1,1
32514,32560,3,pv_pt,1,0,1,30,30,26,2,0,1.75,10,0,0,2,7,2,10,15,0,15,10,0,3,1,30,30,41,0,4,7,12,0,1.75,0,10,15,10,0,7,1,2,2,4,1,1
32514,32561,1,pv,1,1,1,25,20,25,6,0,6.0,20,20,0,12,2,12,0,15,10,15,5,4,1,3,25,20,40,10,24,2,11,0,10.0,0,0,15,20,20,8,1,2,2,4,1,1
32514,32561,2,pt,0,1,1,25,20,25,6,0,6.0,20,20,0,12,2,12,0,15,10,15,5,4,1,3,25,20,40,10,24,2,11,0,10.0,0,0,15,20,20,8,1,2,2,4,1,1
32514,32562,1,pv,1,1,1,20,20,15,2,2,1.5,20,10,6,7,2,12,10,5,5,15,5,4,3,1,20,20,30,11,19,2,7,2,5.5,0,10,5,20,10,9,1,2,2,4,1,1
32514,32562,3,pv_pt,0,1,1,20,20,15,2,2,1.5,20,10,6,7,2,12,10,5,5,15,5,4,3,1,20,20,30,11,19,2,7,2,5.5,0,10,5,20,10,9,1,2,2,4,1,1
32563,32566,2,pt,1,1,1,25,25,22,4,2,3.5,0,20,6,7,7,7,5,10,0,10,0,2,2,2,25,25,32,6,14,7,4,2,5.5,0,5,10,0,20,1,1,1,2,3,2,2
32563,32566,3,pv_pt,1,0,1,25,25,22,4,2,3.5,0,20,6,7,7,7,5,10,0,10,0,2,2,2,25,25,32,6,14,7,4,2,5.5,0,5,10,0,20,1,1,1,2,3,2,2
32563,32567,1,pv,1,1,1,20,25,18,4,4,1.75,0,10,0,7,7,7,5,10,0,10,0,2,1,1,20,25,28,0,14,7,4,4,3.75,0,5,10,0,10,2,1,1,2,3,2,2
32563,32567,2,pt,0,1,1,20,25,18,4,4,1.75,0,10,0,7,7,7,5,10,0,10,0,2,1,1,20,25,28,0,14,7,4,4,3.75,0,5,10,0,10,2,1,1,2,3,2,2
32563,32568,1,pv,1,1,1,30,25,23,6,2,4.5,0,10,6,12,2,7,10,15,5,10,5,4,2,2,30,25,33,11,19,2,11,2,8.5,0,10,15,0,10,3,1,1,2,3,2,2
32563,32568,3,pv_pt,0,1,1,30,25,23,6,2,4.5,0,10,6,12,2,7,10,15,5,10,5,4,2,2,30,25,33,11,19,2,11,2,8.5,0,10,15,0,10,3,1,1,2,3,2,2
32563,32570,2,pt,1,1,1,30,25,23,6,4,4.5,0,10,6,7,2,12,5,5,10,15,0,0,2,1,30,25,38,16,19,2,6,4,4.5,0,5,5,0,10,4,3,2,2,1,2,2
32563,32570,1,pv,1,0,1,30,25,23,6,4,4.5,0,10,6,7,2,12,5,5,10,15,0,0,2,1,30,25,38,16,19,2,6,4,4.5,0,5,5,0,10,4,3,2,2,1,2,2
32563,32571,2,pt,1,1,1,25,20,22,4,0,3.5,10,0,0,7,12,2,0,10,10,10,0,2,3,2,25,20,32,10,9,12,4,0,5.5,0,0,10,10,0,5,3,2,2,1,2,2
32563,32571,1,pv,1,0,1,25,20,22,4,0,3.5,10,0,0,7,12,2,0,10,10,10,0,2,3,2,25,20,32,10,9,12,4,0,5.5,0,0,10,10,0,5,3,2,2,1,2,2
32563,32572,2,pt,1,1,1,25,30,25,4,4,4.0,20,0,12,12,12,12,0,15,10,10,5,4,3,2,25,30,35,22,24,12,9,4,8.0,0,0,15,20,0,6,3,2,2,1,2,2
32563,32572,1,pv,1,0,1,25,30,25,4,4,4.0,20,0,12,12,12,12,0,15,10,10,5,4,3,2,25,30,35,22,24,12,9,4,8.0,0,0,15,20,0,6,3,2,2,1,2,2
32563,32574,2,pt,1,1,1,20,30,20,4,2,4.0,0,10,12,12,2,2,10,5,10,5,5,0,3,1,20,30,25,22,14,2,9,2,4.0,0,10,5,0,10,7,3,2,1,4,2,2
32563,32574,1,pv,1,0,1,20,30,20,4,2,4.0,0,10,12,12,2,2,10,5,10,5,5,0,3,1,20,30,25,22,14,2,9,2,4.0,0,10,5,0,10,7,3,2,1,4,2,2
32563,32575,2,pt,1,1,1,20,30,15,6,2,4.5,0,20,0,2,12,7,0,5,0,5,10,2,3,3,20,30,20,0,9,12,16,2,6.5,0,0,5,0,20,8,3,2,1,4,2,2
32563,32575,1,pv,1,0,1,20,30,15,6,2,4.5,0,20,0,2,12,7,0,5,0,5,10,2,3,3,20,30,20,0,9,12,16,2,6.5,0,0,5,0,20,8,3,2,1,4,2,2
32563,32576,2,pt,1,1,1,30,20,23,4,0,3.0,20,20,12,2,12,2,0,15,10,5,0,0,1,1,30,20,28,22,4,12,4,0,3.0,0,0,15,20,20,9,3,2,1,4,2,2
32563,32576,1,pv,1,0,1,30,20,23,4,0,3.0,20,20,12,2,12,2,0,15,10,5,0,0,1,1,30,20,28,22,4,12,4,0,3.0,0,0,15,20,20,9,3,2,1,4,2,2
32603,32606,1,pv,1,1,1,25,30,25,4,4,4.0,10,10,6,7,7,7,5,10,5,10,0,2,1,3,25,30,35,11,14,7,4,4,6.0,0,5,10,10,10,1,2,2,1,4,2,1
32603,32606,2,pt,0,1,1,25,30,25,4,4,4.0,10,10,6,7,7,7,5,10,5,10,0,2,1,3,25,30,35,11,14,7,4,4,6.0,0,5,10,10,10,1,2,2,1,4,2,1
32603,32607,1,pv,1,1,1,20,25,15,4,2,3.0,20,20,6,7,2,12,5,15,0,5,5,0,2,2,20,25,20,6,19,2,9,2,3.0,0,5,15,20,20,2,2,2,1,4,2,1
32603,32607,2,pt,0,1,1,20,25,15,4,2,3.0,20,20,6,7,2,12,5,15,0,5,5,0,2,2,20,25,20,6,19,2,9,2,3.0,0,5,15,20,20,2,2,2,1,4,2,1
32603,32608,1,pv,1,1,1,30,30,26,2,0,1.75,10,0,0,2,7,2,10,15,0,15,10,0,3,1,30,30,41,0,4,7,12,0,1.75,0,10,15,10,0,3,2,2,1,4,2,1
32603,32608,3,pv_pt,0,1,1,30,30,26,2,0,1.75,10,0,0,2,7,2,10,15,0,15,10,0,3,1,30,30,41,0,4,7,12,0,1.75,0,10,15,10,0,3,2,2,1,4,2,1
32603,32610,1,pv,1,1,1,25,20,25,6,0,6.0,20,20,0,12,2,12,0,15,10,15,5,4,1,3,25,20,40,10,24,2,11,0,10.0,0,0,15,20,20,4,1,1,1,2,2,1
32603,32610,3,pv_pt,0,1,1,25,20,25,6,0,6.0,20,20,0,12,2,12,0,15,10,15,5,4,1,3,25,20,40,10,24,2,11,0,10.0,0,0,15,20,20,4,1,1,1,2,2,1
32603,32611,1,pv,1,1,1,20,30,20,6,0,6.0,10,0,0,2,12,12,10,10,10,10,10,0,1,2,20,30,30,10,14,12,16,0,6.0,0,10,10,10,0,5,1,1,1,2,2,1
32603,32611,2,pt,0,1,1,20,30,20,6,0,6.0,10,0,0,2,12,12,10,10,10,10,10,0,1,2,20,30,30,10,14,12,16,0,6.0,0,10,10,10,0,5,1,1,1,2,2,1
32603,32612,1,pv,1,1,1,30,25,23,6,2,4.5,0,10,6,12,2,7,10,15,5,10,5,4,2,2,30,25,33,11,19,2,11,2,8.5,0,10,15,0,10,6,1,1,1,2,2,1
32603,32612,3,pv_pt,0,1,1,30,25,23,6,2,4.5,0,10,6,12,2,7,10,15,5,10,5,4,2,2,30,25,33,11,19,2,11,2,8.5,0,10,15,0,10,6,1,1,1,2,2,1
32603,32614,1,pv,1,1,1,20,25,18,2,2,1.75,10,10,0,7,7,7,5,10,5,10,0,2,2,3,20,25,28,5,14,7,2,2,3.75,0,5,10,10,10,7,1,2,2,4,1,1
32603,32614,3,pv_pt,0,1,1,20,25,18,2,2,1.75,10,10,0,7,7,7,5,10,5,10,0,2,2,3,20,25,28,5,14,7,2,2,3.75,0,5,10,10,10,7,1,2,2,4,1,1
32603,32615,1,pv,1,1,1,20,30,18,6,0,5.25,10,0,12,12,7,2,0,10,0,15,5,4,1,1,20,30,33,12,14,7,11,0,9.25,0,0,10,10,0,8,1,2,2,4,1,1
32603,32615,2,pt,0,1,1,20,30,18,6,0,5.25,10,0,12,12,7,2,0,10,0,15,5,4,1,1,20,30,33,12,14,7,11,0,9.25,0,0,10,10,0,8,1,2,2,4,1,1
32603,32616,1,pv,1,1,1,30,20,23,4,0,3.0,20,20,12,2,12,2,0,15,10,5,0,0,1,1,30,20,28,22,4,12,4,0,3.0,0,0,15,20,20,9,1,2,2,4,1,1
32603,32616,2,pt,0,1,1,30,20,23,4,0,3.0,20,20,12,2,12,2,0,15,10,5,0,0,1,1,30,20,28,22,4,12,4,0,3.0,0,0,15,20,20,9,1,2,2,4,1,1
32604,32630,1,pv,1,1,1,20,25,18,4,4,1.75,0,10,0,7,7,7,5,10,0,10,0,2,1,1,20,25,28,0,14,7,4,4,3.75,0,5,10,0,10,1,3,2,1,1,2,1
32604,32630,2,pt,0,1,1,20,25,18,4,4,1.75,0,10,0,7,7,7,5,10,0,10,0,2,1,1,20,25,28,0,14,7,4,4,3.75,0,5,10,0,10,1,3,2,1,1,2,1
32604,32632,3,pv_pt,1,1,1,25,25,22,2,2,1.75,20,20,6,7,2,7,5,5,5,5,0,0,3,2,25,25,27,11,14,2,2,2,1.75,0,5,5,20,20,2,3,2,1,1,2,1
32604,32632,1,pv,1,1,0,25,25,22,2,2,1.75,20,20,6,7,2,7,5,5,5,5,0,0,3,2,25,25,27,11,14,2,2,2,1.75,0,5,5,20,20,2,3,2,1,1,2,1
32604,32634,3,pv_pt,1,1,1,20,30,20,6,0,6.0,10,0,0,2,12,12,10,10,10,10,10,0,1,2,20,30,30,10,14,12,16,0,6.0,0,10,10,10,0,3,3,2,1,1,2,1
32604,32634,2,pt,1,1,0,20,30,20,6,0,6.0,10,0,0,2,12,12,10,10,10,10,10,0,1,2,20,30,30,10,14,12,16,0,6.0,0,10,10,10,0,3,3,2,1,1,2,1
32604,32638,1,pv,1,1,1,30,30,26,2,0,1.75,10,0,0,2,7,2,10,15,0,15,10,0,3,1,30,30,41,0,4,7,12,0,1.75,0,10,15,10,0,4,3,2,2,1,2,2
32604,32638,2,pt,0,1,1,30,30,26,2,0,1.75,10,0,0,2,7,2,10,15,0,15,10,0,3,1,30,30,41,0,4,7,12,0,1.75,0,10,15,10,0,4,3,2,2,1,2,2
32604,32639,1,pv,1,1,1,20,30,20,4,2,4.0,0,10,12,12,2,2,10,5,10,5,5,0,3,1,20,30,25,22,14,2,9,2,4.0,0,10,5,0,10,5,3,2,2,1,2,2
32604,32639,3,pv_pt,0,1,1,20,30,20,4,2,4.0,0,10,12,12,2,2,10,5,10,5,5,0,3,1,20,30,25,22,14,2,9,2,4.0,0,10,5,0,10,5,3,2,2,1,2,2
32604,32640,1,pv,1,1,1,25,20,25,6,0,6.0,20,20,0,12,2,12,0,15,10,15,5,4,1,3,25,20,40,10,24,2,11,0,10.0,0,0,15,20,20,6,3,2,2,1,2,2
32604,32640,2,pt,0,1,1,25,20,25,6,0,6.0,20,20,0,12,2,12,0,15,10,15,5,4,1,3,25,20,40,10,24,2,11,0,10.0,0,0,15,20,20,6,3,2,2,1,2,2
32604,32642,1,pv,1,1,1,20,30,15,6,2,4.5,0,20,0,2,12,7,0,5,0,5,10,2,3,3,20,30,20,0,9,12,16,2,6.5,0,0,5,0,20,7,2,1,1,3,1,1
32604,32642,3,pv_pt,0,1,1,20,30,15,6,2,4.5,0,20,0,2,12,7,0,5,0,5,10,2,3,3,20,30,20,0,9,12,16,2,6.5,0,0,5,0,20,7,2,1,1,3,1,1
32604,32643,1,pv,1,1,1,20,25,18,2,2,1.75,10,10,0,7,7,7,5,10,5,10,0,2,2,3,20,25,28,5,14,7,2,2,3.75,0,5,10,10,10,8,2,1,1,3,1,1
32604,32643,3,pv_pt,0,1,1,20,25,18,2,2,1.75,10,10,0,7,7,7,5,10,5,10,0,2,2,3,20,25,28,5,14,7,2,2,3.75,0,5,10,10,10,8,2,1,1,3,1,1
32604,32645,2,pt,1,1,1,25,20,22,4,0,3.5,10,0,0,7,12,2,0,10,10,10,0,2,3,2,25,20,32,10,9,12,4,0,5.5,0,0,10,10,0,9,2,1,1,3,1,1
32604,32645,1,pv,1,0,1,25,20,22,4,0,3.5,10,0,0,7,12,2,0,10,10,10,0,2,3,2,25,20,32,10,9,12,4,0,5.5,0,0,10,10,0,9,2,1,1,3,1,1
32617,32622,1,pv,1,1,1,25,25,22,2,2,1.75,20,20,6,7,2,7,5,5,5,5,0,0,3,2,25,25,27,11,14,2,2,2,1.75,0,5,5,20,20,1,2,2,2,3,1,2
32617,32622,3,pv_pt,0,1,1,25,25,22,2,2,1.75,20,20,6,7,2,7,5,5,5,5,0,0,3,2,25,25,27,11,14,2,2,2,1.75,0,5,5,20,20,1,2,2,2,3,1,2
32617,32623,1,pv,1,1,1,20,20,15,2,2,1.5,20,10,6,7,2,12,10,5,5,15,5,4,3,1,20,20,30,11,19,2,7,2,5.5,0,10,5,20,10,2,2,2,2,3,1,2
32617,32623,3,pv_pt,0,1,1,20,20,15,2,2,1.5,20,10,6,7,2,12,10,5,5,15,5,4,3,1,20,20,30,11,19,2,7,2,5.5,0,10,5,20,10,2,2,2,2,3,1,2
32617,32624,3,pv_pt,1,1,1,20,25,18,2,0,1.75,0,0,12,2,7,12,0,15,5,5,5,4,2,1,20,25,23,17,14,7,7,0,5.75,0,0,15,0,0,3,2,2,2,3,1,2
32617,32624,1,pv,1,1,0,20,25,18,2,0,1.75,0,0,12,2,7,12,0,15,5,5,5,4,2,1,20,25,23,17,14,7,7,0,5.75,0,0,15,0,0,3,2,2,2,3,1,2
32617,32626,1,pv,1,1,1,30,20,23,6,2,4.5,20,0,12,2,12,12,10,5,0,10,0,2,1,3,30,20,33,12,14,12,6,2,6.5,0,10,5,20,0,4,4,2,1,3,2,2
32617,32626,3,pv_pt,0,1,1,30,20,23,6,2,4.5,20,0,12,2,12,12,10,5,0,10,0,2,1,3,30,20,33,12,14,12,6,2,6.5,0,10,5,20,0,4,4,2,1,3,2,2
32617,32627,1,pv,1,1,1,25,20,25,6,0,6.0,20,20,0,12,2,12,0,15,10,15,5,4,1,3,25,20,40,10,24,2,11,0,10.0,0,0,15,20,20,5,4,2,1,3,2,2
32617,32627,3,pv_pt,0,1,1,25,20,25,6,0,6.0,20,20,0,12,2,12,0,15,10,15,5,4,1,3,25,20,40,10,24,2,11,0,10.0,0,0,15,20,20,5,4,2,1,3,2,2
32617,32629,1,pv,1,1,1,25,30,25,4,4,4.0,10,10,6,7,7,7,5,10,5,10,0,2,1,3,25,30,35,11,14,7,4,4,6.0,0,5,10,10,10,6,4,2,1,3,2,2
32617,32629,2,pt,0,1,1,25,30,25,4,4,4.0,10,10,6,7,7,7,5,10,5,10,0,2,1,3,25,30,35,11,14,7,4,4,6.0,0,5,10,10,10,6,4,2,1,3,2,2
32617,32633,2,pt,1,1,1,30,20,30,2,0,2.0,0,10,12,12,7,12,5,10,0,15,10,0,3,3,30,20,45,12,24,7,12,0,2.0,0,5,10,0,10,7,1,2,2,4,1,1
32617,32633,3,pv_pt,1,0,1,30,20,30,2,0,2.0,0,10,12,12,7,12,5,10,0,15,10,0,3,3,30,20,45,12,24,7,12,0,2.0,0,5,10,0,10,7,1,2,2,4,1,1
32617,32635,1,pv,1,1,1,20,25,18,4,4,1.75,0,10,0,7,7,7,5,10,0,10,0,2,1,1,20,25,28,0,14,7,4,4,3.75,0,5,10,0,10,8,1,2,2,4,1,1
32617,32635,3,pv_pt,0,1,1,20,25,18,4,4,1.75,0,10,0,7,7,7,5,10,0,10,0,2,1,1,20,25,28,0,14,7,4,4,3.75,0,5,10,0,10,8,1,2,2,4,1,1
32617,32637,2,pt,1,1,1,20,30,20,6,0,6.0,10,0,0,2,12,12,10,10,10,10,10,0,1,2,20,30,30,10,14,12,16,0,6.0,0,10,10,10,0,9,1,2,2,4,1,1
32617,32637,3,pv_pt,1,0,1,20,30,20,6,0,6.0,10,0,0,2,12,12,10,10,10,10,10,0,1,2,20,30,30,10,14,12,16,0,6.0,0,10,10,10,0,9,1,2,2,4,1,1
32644,32673,2,pt,1,1,1,30,25,23,6,4,4.5,0,10,6,7,2,12,5,5,10,15,0,0,2,1,30,25,38,16,19,2,6,4,4.5,0,5,5,0,10,1,4,1,1,4,1,1
32644,32673,1,pv,1,0,1,30,25,23,6,4,4.5,0,10,6,7,2,12,5,5,10,15,0,0,2,1,30,25,38,16,19,2,6,4,4.5,0,5,5,0,10,1,4,1,1,4,1,1
32644,32674,2,pt,1,1,1,20,25,18,2,0,1.75,0,0,12,2,7,12,0,15,5,5,5,4,2,1,20,25,23,17,14,7,7,0,5.75,0,0,15,0,0,2,4,1,1,4,1,1
32644,32674,1,pv,1,0,1,20,25,18,2,0,1.75,0,0,12,2,7,12,0,15,5,5,5,4,2,1,20,25,23,17,14,7,7,0,5.75,0,0,15,0,0,2,4,1,1,4,1,1
32644,32675,2,pt,1,1,1,25,20,22,4,0,3.5,10,0,0,7,12,2,0,10,10,10,0,2,3,2,25,20,32,10,9,12,4,0,5.5,0,0,10,10,0,3,4,1,1,4,1,1
32644,32675,1,pv,1,0,1,25,20,22,4,0,3.5,10,0,0,7,12,2,0,10,10,10,0,2,3,2,25,20,32,10,9,12,4,0,5.5,0,0,10,10,0,3,4,1,1,4,1,1
32644,32677,1,pv,1,1,1,30,20,23,6,2,4.5,20,0,12,2,12,12,10,5,0,10,0,2,1,3,30,20,33,12,14,12,6,2,6.5,0,10,5,20,0,4,1,1,2,1,1,2
32644,32677,3,pv_pt,0,1,1,30,20,23,6,2,4.5,20,0,12,2,12,12,10,5,0,10,0,2,1,3,30,20,33,12,14,12,6,2,6.5,0,10,5,20,0,4,1,1,2,1,1,2
32644,32678,2,pt,1,1,1,25,20,25,6,4,6.0,10,20,12,2,2,2,10,15,5,5,10,2,3,3,25,20,30,17,4,2,16,4,8.0,0,10,15,10,20,5,1,1,2,1,1,2
32644,32678,3,pv_pt,1,0,1,25,20,25,6,4,6.0,10,20,12,2,2,2,10,15,5,5,10,2,3,3,25,20,30,17,4,2,16,4,8.0,0,10,15,10,20,5,1,1,2,1,1,2
32644,32679,1,pv,1,1,1,25,20,25,6,0,6.0,20,20,0,12,2,12,0,15,10,15,5,4,1,3,25,20,40,10,24,2,11,0,10.0,0,0,15,20,20,6,1,1,2,1,1,2
32644,32679,2,pt,0,1,1,25,20,25,6,0,6.0,20,20,0,12,2,12,0,15,10,15,5,4,1,3,25,20,40,10,24,2,11,0,10.0,0,0,15,20,20,6,1,1,2,1,1,2
32644,32681,2,pt,1,1,1,20,25,18,2,2,1.75,10,10,0,7,7,7,5,10,5,10,0,2,2,3,20,25,28,5,14,7,2,2,3.75,0,5,10,10,10,7,3,2,2,3,1,1
32644,32681,1,pv,1,0,1,20,25,18,2,2,1.75,10,10,0,7,7,7,5,10,5,10,0,2,2,3,20,25,28,5,14,7,2,2,3.75,0,5,10,10,10,7,3,2,2,3,1,1
32644,32682,2,pt,1,1,1,25,20,25,6,4,6.0,20,0,6,2,7,2,0,5,0,15,10,2,2,2,25,20,40,6,4,7,16,4,8.0,0,0,5,20,0,8,3,2,2,3,1,1
32644,32682,3,pv_pt,1,0,1,25,20,25,6,4,6.0,20,0,6,2,7,2,0,5,0,15,10,2,2,2,25,20,40,6,4,7,16,4,8.0,0,0,5,20,0,8,3,2,2,3,1,1
32644,32683,2,pt,1,1,1,25,25,22,4,2,3.5,0,20,6,7,7,7,5,10,0,10,0,2,2,2,25,25,32,6,14,7,4,2,5.5,0,5,10,0,20,9,3,2,2,3,1,1
32644,32683,1,pv,1,0,1,25,25,22,4,2,3.5,0,20,6,7,7,7,5,10,0,10,0,2,2,2,25,25,32,6,14,7,4,2,5.5,0,5,10,0,20,9,3,2,2,3,1,1
32684,32712,2,pt,1,1,1,20,30,18,6,0,5.25,10,0,12,12,7,2,0,10,0,15,5,4,1,1,20,30,33,12,14,7,11,0,9.25,0,0,10,10,0,1,3,1,1,3,1,2
32684,32712,1,pv,1,0,1,20,30,18,6,0,5.25,10,0,12,12,7,2,0,10,0,15,5,4,1,1,20,30,33,12,14,7,11,0,9.25,0,0,10,10,0,1,3,1,1,3,1,2
32684,32713,2,pt,1,1,1,30,25,23,2,4,1.5,10,10,0,12,2,7,5,5,5,5,5,4,2,3,30,25,28,5,19,2,7,4,5.5,0,5,5,10,10,2,3,1,1,3,1,2
32684,32713,3,pv_pt,1,0,1,30,25,23,2,4,1.5,10,10,0,12,2,7,5,5,5,5,5,4,2,3,30,25,28,5,19,2,7,4,5.5,0,5,5,10,10,2,3,1,1,3,1,2
32684,32714,2,pt,1,1,1,25,25,22,4,2,3.5,0,20,6,7,7,7,5,10,0,10,0,2,2,2,25,25,32,6,14,7,4,2,5.5,0,5,10,0,20,3,3,1,1,3,1,2
32684,32714,1,pv,1,0,1,25,25,22,4,2,3.5,0,20,6,7,7,7,5,10,0,10,0,2,2,2,25,25,32,6,14,7,4,2,5.5,0,5,10,0,20,3,3,1,1,3,1,2
32684,32716,2,pt,1,1,1,30,30,26,2,0,1.75,10,0,0,2,7,2,10,15,0,15,10,0,3,1,30,30,41,0,4,7,12,0,1.75,0,10,15,10,0,4,4,2,2,3,2,1
32684,32716,3,pv_pt,1,0,1,30,30,26,2,0,1.75,10,0,0,2,7,2,10,15,0,15,10,0,3,1,30,30,41,0,4,7,12,0,1.75,0,10,15,10,0,4,4,2,2,3,2,1
32684,32717,2,pt,1,1,1,30,30,30,4,0,4.0,20,20,0,12,12,2,10,10,5,5,10,4,2,1,30,30,35,5,14,12,14,0,8.0,0,10,10,20,20,5,4,2,2,3,2,1
32684,32717,1,pv,1,0,1,30,30,30,4,0,4.0,20,20,0,12,12,2,10,10,5,5,10,4,2,1,30,30,35,5,14,12,14,0,8.0,0,10,10,20,20,5,4,2,2,3,2,1
32684,32718,1,pv,1,1,1,25,30,25,4,4,4.0,10,10,6,7,7,7,5,10,5,10,0,2,1,3,25,30,35,11,14,7,4,4,6.0,0,5,10,10,10,6,4,2,2,3,2,1
32684,32718,3,pv_pt,0,1,1,25,30,25,4,4,4.0,10,10,6,7,7,7,5,10,5,10,0,2,1,3,25,30,35,11,14,7,4,4,6.0,0,5,10,10,10,6,4,2,2,3,2,1
32684,32720,1,pv,1,1,1,20,25,18,4,4,1.75,0,10,0,7,7,7,5,10,0,10,0,2,1,1,20,25,28,0,14,7,4,4,3.75,0,5,10,0,10,7,3,2,1,1,2,1
32684,32720,2,pt,0,1,1,20,25,18,4,4,1.75,0,10,0,7,7,7,5,10,0,10,0,2,1,1,20,25,28,0,14,7,4,4,3.75,0,5,10,0,10,7,3,2,1,1,2,1
32684,32721,2,pt,1,1,1,30,25,23,6,2,4.5,0,10,6,12,2,7,10,15,5,10,5,4,2,2,30,25,33,11,19,2,11,2,8.5,0,10,15,0,10,8,3,2,1,1,2,1
32684,32721,1,pv,1,0,1,30,25,23,6,2,4.5,0,10,6,12,2,7,10,15,5,10,5,4,2,2,30,25,33,11,19,2,11,2,8.5,0,10,15,0,10,8,3,2,1,1,2,1
32684,32722,2,pt,1,1,1,25,20,25,6,4,6.0,20,0,6,2,7,2,0,5,0,15,10,2,2,2,25,20,40,6,4,7,16,4,8.0,0,0,5,20,0,9,3,2,1,1,2,1
32684,32722,3,pv_pt,1,0,1,25,20,25,6,4,6.0,20,0,6,2,7,2,0,5,0,15,10,2,2,2,25,20,40,6,4,7,16,4,8.0,0,0,5,20,0,9,3,2,1,1,2,1
32697,32727,1,pv,1,1,1,20,20,15,2,2,1.5,20,10,6,7,2,12,10,5,5,15,5,4,3,1,20,20,30,11,19,2,7,2,5.5,0,10,5,20,10,1,4,1,1,2,2,2
32697,32727,3,pv_pt,0,1,1,20,20,15,2,2,1.5,20,10,6,7,2,12,10,5,5,15,5,4,3,1,20,20,30,11,19,2,7,2,5.5,0,10,5,20,10,1,4,1,1,2,2,2
32697,32728,1,pv,1,1,1,25,20,22,4,0,3.5,10,0,0,7,12,2,0,10,10,10,0,2,3,2,25,20,32,10,9,12,4,0,5.5,0,0,10,10,0,2,4,1,1,2,2,2
32697,32728,2,pt,0,1,1,25,20,22,4,0,3.5,10,0,0,7,12,2,0,10,10,10,0,2,3,2,25,20,32,10,9,12,4,0,5.5,0,0,10,10,0,2,4,1,1,2,2,2
32697,32729,1,pv,1,1,1,25,25,22,2,4,1.75,10,0,6,12,12,2,10,15,10,15,10,0,1,3,25,25,37,16,14,12,12,4,1.75,0,10,15,10,0,3,4,1,1,2,2,2
32697,32729,3,pv_pt,0,1,1,25,25,22,2,4,1.75,10,0,6,12,12,2,10,15,10,15,10,0,1,3,25,25,37,16,14,12,12,4,1.75,0,10,15,10,0,3,4,1,1,2,2,2
32697,32731,2,pt,1,1,1,30,20,23,4,0,3.0,20,20,12,2,12,2,0,15,10,5,0,0,1,1,30,20,28,22,4,12,4,0,3.0,0,0,15,20,20,4,4,2,2,2,2,1
32697,32731,1,pv,1,0,1,30,20,23,4,0,3.0,20,20,12,2,12,2,0,15,10,5,0,0,1,1,30,20,28,22,4,12,4,0,3.0,0,0,15,20,20,4,4,2,2,2,2,1
32697,32732,1,pv,1,1,1,20,25,18,2,2,1.75,10,10,0,7,7,7,5,10,5,10,0,2,2,3,20,25,28,5,14,7,2,2,3.75,0,5,10,10,10,5,4,2,2,2,2,1
32697,32732,2,pt,0,1,1,20,25,18,2,2,1.75,10,10,0,7,7,7,5,10,5,10,0,2,2,3,20,25,28,5,14,7,2,2,3.75,0,5,10,10,10,5,4,2,2,2,2,1
32697,32733,1,pv,1,1,1,30,30,30,4,0,4.0,20,20,0,12,12,2,10,10,5,5,10,4,2,1,30,30,35,5,14,12,14,0,8.0,0,10,10,20,20,6,4,2,2,2,2,1
32697,32733,2,pt,0,1,1,30,30,30,4,0,4.0,20,20,0,12,12,2,10,10,5,5,10,4,2,1,30,30,35,5,14,12,14,0,8.0,0,10,10,20,20,6,4,2,2,2,2,1
32697,32735,2,pt,1,1,1,25,20,25,6,4,6.0,10,20,12,2,2,2,10,15,5,5,10,2,3,3,25,20,30,17,4,2,16,4,8.0,0,10,15,10,20,7,1,2,2,2,2,2
32697,32735,1,pv,1,0,1,25,20,25,6,4,6.0,10,20,12,2,2,2,10,15,5,5,10,2,3,3,25,20,30,17,4,2,16,4,8.0,0,10,15,10,20,7,1,2,2,2,2,2
32697,32736,1,pv,1,1,1,30,25,23,6,4,4.5,0,10,6,7,2,12,5,5,10,15,0,0,2,1,30,25,38,16,19,2,6,4,4.5,0,5,5,0,10,8,1,2,2,2,2,2
32697,32736,3,pv_pt,0,1,1,30,25,23,6,4,4.5,0,10,6,7,2,12,5,5,10,15,0,0,2,1,30,25,38,16,19,2,6,4,4.5,0,5,5,0,10,8,1,2,2,2,2,2
32697,32737,1,pv,1,1,1,20,30,18,6,0,5.25,10,0,12,12,7,2,0,10,0,15,5,4,1,1,20,30,33,12,14,7,11,0,9.25,0,0,10,10,0,9,1,2,2,2,2,2
32697,32737,2,pt,0,1,1,20,30,18,6,0,5.25,10,0,12,12,7,2,0,10,0,15,5,4,1,1,20,30,33,12,14,7,11,0,9.25,0,0,10,10,0,9,1,2,2,2,2,2
32725,32741,1,pv,1,1,1,20,25,18,4,4,1.75,0,10,0,7,7,7,5,10,0,10,0,2,1,1,20,25,28,0,14,7,4,4,3.75,0,5,10,0,10,1,3,2,2,1,2,2
32725,32741,2,pt,0,1,1,20,25,18,4,4,1.75,0,10,0,7,7,7,5,10,0,10,0,2,1,1,20,25,28,0,14,7,4,4,3.75,0,5,10,0,10,1,3,2,2,1,2,2
32725,32743,2,pt,1,1,1,20,30,18,6,0,5.25,10,0,12,12,7,2,0,10,0,15,5,4,1,1,20,30,33,12,14,7,11,0,9.25,0,0,10,10,0,2,3,2,2,1,2,2
32725,32743,1,pv,1,0,1,20,30,18,6,0,5.25,10,0,12,12,7,2,0,10,0,15,5,4,1,1,20,30,33,12,14,7,11,0,9.25,0,0,10,10,0,2,3,2,2,1,2,2
32725,32745,2,pt,1,1,1,30,20,23,6,2,4.5,20,0,12,2,12,12,10,5,0,10,0,2,1,3,30,20,33,12,14,12,6,2,6.5,0,10,5,20,0,3,3,2,2,1,2,2
32725,32745,1,pv,1,0,1,30,20,23,6,2,4.5,20,0,12,2,12,12,10,5,0,10,0,2,1,3,30,20,33,12,14,12,6,2,6.5,0,10,5,20,0,3,3,2,2,1,2,2
32725,32749,3,pv_pt,1,1,1,20,30,20,4,2,4.0,0,10,12,12,2,2,10,5,10,5,5,0,3,1,20,30,25,22,14,2,9,2,4.0,0,10,5,0,10,4,3,2,2,3,1,1
32725,32749,2,pt,1,1,0,20,30,20,4,2,4.0,0,10,12,12,2,2,10,5,10,5,5,0,3,1,20,30,25,22,14,2,9,2,4.0,0,10,5,0,10,4,3,2,2,3,1,1
32725,32751,3,pv_pt,1,1,1,30,25,23,6,4,4.5,0,10,6,7,2,12,5,5,10,15,0,0,2,1,30,25,38,16,19,2,6,4,4.5,0,5,5,0,10,5,3,2,2,3,1,1
32725,32751,1,pv,1,1,0,30,25,23,6,4,4.5,0,10,6,7,2,12,5,5,10,15,0,0,2,1,30,25,38,16,19,2,6,4,4.5,0,5,5,0,10,5,3,2,2,3,1,1
32725,32753,3,pv_pt,1,1,1,25,25,22,2,2,1.75,20,20,6,7,2,7,5,5,5,5,0,0,3,2,25,25,27,11,14,2,2,2,1.75,0,5,5,20,20,6,3,2,2,3,1,1
32725,32753,2,pt,1,1,0,25,25,22,2,2,1.75,20,20,6,7,2,7,5,5,5,5,0,0,3,2,25,25,27,11,14,2,2,2,1.75,0,5,5,20,20,6,3,2,2,3,1,1
32725,32756,3,pv_pt,1,1,1,20,25,15,4,2,3.0,20,20,6,7,2,12,5,15,0,5,5,0,2,2,20,25,20,6,19,2,9,2,3.0,0,5,15,20,20,7,2,1,2,1,2,1
32725,32756,1,pv,1,1,0,20,25,15,4,2,3.0,20,20,6,7,2,12,5,15,0,5,5,0,2,2,20,25,20,6,19,2,9,2,3.0,0,5,15,20,20,7,2,1,2,1,2,1
32725,32758,3,pv_pt,1,1,1,25,20,25,6,4,6.0,10,20,12,2,2,2,10,15,5,5,10,2,3,3,25,20,30,17,4,2,16,4,8.0,0,10,15,10,20,8,2,1,2,1,2,1
32725,32758,2,pt,1,1,0,25,20,25,6,4,6.0,10,20,12,2,2,2,10,15,5,5,10,2,3,3,25,20,30,17,4,2,16,4,8.0,0,10,15,10,20,8,2,1,2,1,2,1
32725,32760,2,pt,1,1,1,25,20,25,6,0,6.0,20,20,0,12,2,12,0,15,10,15,5,4,1,3,25,20,40,10,24,2,11,0,10.0,0,0,15,20,20,9,2,1,2,1,2,1
32725,32760,1,pv,1,0,1,25,20,25,6,0,6.0,20,20,0,12,2,12,0,15,10,15,5,4,1,3,25,20,40,10,24,2,11,0,10.0,0,0,15,20,20,9,2,1,2,1,2,1
32776,32791,1,pv,1,1,1,20,30,20,4,2,4.0,0,10,12,12,2,2,10,5,10,5,5,0,3,1,20,30,25,22,14,2,9,2,4.0,0,10,5,0,10,1,1,1,2,3,2,2
32776,32791,3,pv_pt,0,1,1,20,30,20,4,2,4.0,0,10,12,12,2,2,10,5,10,5,5,0,3,1,20,30,25,22,14,2,9,2,4.0,0,10,5,0,10,1,1,1,2,3,2,2
32776,32793,1,pv,1,1,1,25,25,22,2,2,1.75,20,20,6,7,2,7,5,5,5,5,0,0,3,2,25,25,27,11,14,2,2,2,1.75,0,5,5,20,20,2,1,1,2,3,2,2
32776,32793,3,pv_pt,0,1,1,25,25,22,2,2,1.75,20,20,6,7,2,7,5,5,5,5,0,0,3,2,25,25,27,11,14,2,2,2,1.75,0,5,5,20,20,2,1,1,2,3,2,2
32776,32795,1,pv,1,1,1,20,25,15,4,2,3.0,20,20,6,7,2,12,5,15,0,5,5,0,2,2,20,25,20,6,19,2,9,2,3.0,0,5,15,20,20,3,1,1,2,3,2,2
32776,32795,3,pv_pt,0,1,1,20,25,15,4,2,3.0,20,20,6,7,2,12,5,15,0,5,5,0,2,2,20,25,20,6,19,2,9,2,3.0,0,5,15,20,20,3,1,1,2,3,2,2
32776,32798,1,pv,1,1,1,20,30,18,6,0,5.25,10,0,12,12,7,2,0,10,0,15,5,4,1,1,20,30,33,12,14,7,11,0,9.25,0,0,10,10,0,4,4,1,2,1,1,1
32776,32798,2,pt,0,1,1,20,30,18,6,0,5.25,10,0,12,12,7,2,0,10,0,15,5,4,1,1,20,30,33,12,14,7,11,0,9.25,0,0,10,10,0,4,4,1,2,1,1,1
32776,32800,1,pv,1,1,1,30,25,23,6,4,4.5,0,10,6,7,2,12,5,5,10,15,0,0,2,1,30,25,38,16,19,2,6,4,4.5,0,5,5,0,10,5,4,1,2,1,1,1
32776,32800,3,pv_pt,0,1,1,30,25,23,6,4,4.5,0,10,6,7,2,12,5,5,10,15,0,0,2,1,30,25,38,16,19,2,6,4,4.5,0,5,5,0,10,5,4,1,2,1,1,1
32776,32803,2,pt,1,1,1,20,25,18,2,0,1.75,0,0,12,2,7,12,0,15,5,5,5,4,2,1,20,25,23,17,14,7,7,0,5.75,0,0,15,0,0,6,4,1,2,1,1,1
32776,32803,1,pv,1,0,1,20,25,18,2,0,1.75,0,0,12,2,7,12,0,15,5,5,5,4,2,1,20,25,23,17,14,7,7,0,5.75,0,0,15,0,0,6,4,1,2,1,1,1
32776,32806,1,pv,1,1,1,25,20,25,6,0,6.0,20,20,0,12,2,12,0,15,10,15,5,4,1,3,25,20,40,10,24,2,11,0,10.0,0,0,15,20,20,7,2,1,2,4,2,2
32776,32806,3,pv_pt,0,1,1,25,20,25,6,0,6.0,20,20,0,12,2,12,0,15,10,15,5,4,1,3,25,20,40,10,24,2,11,0,10.0,0,0,15,20,20,7,2,1,2,4,2,2
32776,32809,1,pv,1,1,1,20,30,15,6,2,4.5,0,20,0,2,12,7,0,5,0,5,10,2,3,3,20,30,20,0,9,12,16,2,6.5,0,0,5,0,20,8,2,1,2,4,2,2
32776,32809,3,pv_pt,0,1,1,20,30,15,6,2,4.5,0,20,0,2,12,7,0,5,0,5,10,2,3,3,20,30,20,0,9,12,16,2,6.5,0,0,5,0,20,8,2,1,2,4,2,2
32776,32811,1,pv,1,1,1,25,30,25,4,4,4.0,20,0,12,12,12,12,0,15,10,10,5,4,3,2,25,30,35,22,24,12,9,4,8.0,0,0,15,20,0,9,2,1,2,4,2,2
32776,32811,3,pv_pt,0,1,1,25,30,25,4,4,4.0,20,0,12,12,12,12,0,15,10,10,5,4,3,2,25,30,35,22,24,12,9,4,8.0,0,0,15,20,0,9,2,1,2,4,2,2
32825,32830,2,pt,1,1,1,25,20,25,6,4,6.0,10,20,12,2,2,2,10,15,5,5,10,2,3,3,25,20,30,17,4,2,16,4,8.0,0,10,15,10,20,1,1,1,1,3,2,1
32825,32830,3,pv_pt,1,0,1,25,20,25,6,4,6.0,10,20,12,2,2,2,10,15,5,5,10,2,3,3,25,20,30,17,4,2,16,4,8.0,0,10,15,10,20,1,1,1,1,3,2,1
32825,32831,2,pt,1,1,1,25,30,25,4,4,4.0,20,0,12,12,12,12,0,15,10,10,5,4,3,2,25,30,35,22,24,12,9,4,8.0,0,0,15,20,0,2,1,1,1,3,2,1
32825,32831,1,pv,1,0,1,25,30,25,4,4,4.0,20,0,12,12,12,12,0,15,10,10,5,4,3,2,25,30,35,22,24,12,9,4,8.0,0,0,15,20,0,2,1,1,1,3,2,1
32825,32832,1,pv,1,1,1,20,30,20,6,0,6.0,10,0,0,2,12,12,10,10,10,10,10,0,1,2,20,30,30,10,14,12,16,0,6.0,0,10,10,10,0,3,1,1,1,3,2,1
32825,32832,2,pt,0,1,1,20,30,20,6,0,6.0,10,0,0,2,12,12,10,10,10,10,10,0,1,2,20,30,30,10,14,12,16,0,6.0,0,10,10,10,0,3,1,1,1,3,2,1
32825,32834,1,pv,1,1,1,30,20,23,6,2,4.5,20,0,12,2,12,12,10,5,0,10,0,2,1,3,30,20,33,12,14,12,6,2,6.5,0,10,5,20,0,4,3,1,2,2,1,1
32825,32834,3,pv_pt,0,1,1,30,20,23,6,2,4.5,20,0,12,2,12,12,10,5,0,10,0,2,1,3,30,20,33,12,14,12,6,2,6.5,0,10,5,20,0,4,3,1,2,2,1,1
32825,32835,3,pv_pt,1,1,1,20,25,15,4,2,3.0,20,20,6,7,2,12,5,15,0,5,5,0,2,2,20,25,20,6,19,2,9,2,3.0,0,5,15,20,20,5,3,1,2,2,1,1
32825,32835,1,pv,1,1,0,20,25,15,4,2,3.0,20,20,6,7,2,12,5,15,0,5,5,0,2,2,20,25,20,6,19,2,9,2,3.0,0,5,15,20,20,5,3,1,2,2,1,1
32825,32836,3,pv_pt,1,1,1,25,25,22,2,2,1.75,20,20,6,7,2,7,5,5,5,5,0,0,3,2,25,25,27,11,14,2,2,2,1.75,0,5,5,20,20,6,3,1,2,2,1,1
32825,32836,1,pv,1,1,0,25,25,22,2,2,1.75,20,20,6,7,2,7,5,5,5,5,0,0,3,2,25,25,27,11,14,2,2,2,1.75,0,5,5,20,20,6,3,1,2,2,1,1
32825,32838,1,pv,1,1,1,20,25,18,4,4,1.75,0,10,0,7,7,7,5,10,0,10,0,2,1,1,20,25,28,0,14,7,4,4,3.75,0,5,10,0,10,7,1,1,1,2,2,1
32825,32838,2,pt,0,1,1,20,25,18,4,4,1.75,0,10,0,7,7,7,5,10,0,10,0,2,1,1,20,25,28,0,14,7,4,4,3.75,0,5,10,0,10,7,1,1,1,2,2,1
32825,32839,3,pv_pt,1,1,1,30,25,23,6,2,4.5,0,10,6,12,2,7,10,15,5,10,5,4,2,2,30,25,33,11,19,2,11,2,8.5,0,10,15,0,10,8,1,1,1,2,2,1
32825,32839,1,pv,1,1,0,30,25,23,6,2,4.5,0,10,6,12,2,7,10,15,5,10,5,4,2,2,30,25,33,11,19,2,11,2,8.5,0,10,15,0,10,8,1,1,1,2,2,1
32825,32840,1,pv,1,1,1,25,20,25,6,0,6.0,20,20,0,12,2,12,0,15,10,15,5,4,1,3,25,20,40,10,24,2,11,0,10.0,0,0,15,20,20,9,1,1,1,2,2,1
32825,32840,3,pv_pt,0,1,1,25,20,25,6,0,6.0,20,20,0,12,2,12,0,15,10,15,5,4,1,3,25,20,40,10,24,2,11,0,10.0,0,0,15,20,20,9,1,1,1,2,2,1
32828,32857,1,pv,1,1,1,25,20,25,6,4,6.0,10,20,12,2,2,2,10,15,5,5,10,2,3,3,25,20,30,17,4,2,16,4,8.0,0,10,15,10,20,1,4,1,1,4,1,1
32828,32857,3,pv_pt,0,1,1,25,20,25,6,4,6.0,10,20,12,2,2,2,10,15,5,5,10,2,3,3,25,20,30,17,4,2,16,4,8.0,0,10,15,10,20,1,4,1,1,4,1,1
32828,32858,1,pv,1,1,1,25,30,25,4,4,4.0,10,10,6,7,7,7,5,10,5,10,0,2,1,3,25,30,35,11,14,7,4,4,6.0,0,5,10,10,10,2,4,1,1,4,1,1
32828,32858,3,pv_pt,0,1,1,25,30,25,4,4,4.0,10,10,6,7,7,7,5,10,5,10,0,2,1,3,25,30,35,11,14,7,4,4,6.0,0,5,10,10,10,2,4,1,1,4,1,1
32828,32859,1,pv,1,1,1,30,25,23,6,2,4.5,0,10,6,12,2,7,10,15,5,10,5,4,2,2,30,25,33,11,19,2,11,2,8.5,0,10,15,0,10,3,4,1,1,4,1,1
32828,32859,3,pv_pt,0,1,1,30,25,23,6,2,4.5,0,10,6,12,2,7,10,15,5,10,5,4,2,2,30,25,33,11,19,2,11,2,8.5,0,10,15,0,10,3,4,1,1,4,1,1
32828,32861,1,pv,1,1,1,30,25,23,6,4,4.5,0,10,6,7,2,12,5,5,10,15,0,0,2,1,30,25,38,16,19,2,6,4,4.5,0,5,5,0,10,4,1,2,2,4,1,1
32828,32861,3,pv_pt,0,1,1,30,25,23,6,4,4.5,0,10,6,7,2,12,5,5,10,15,0,0,2,1,30,25,38,16,19,2,6,4,4.5,0,5,5,0,10,4,1,2,2,4,1,1
32828,32862,1,pv,1,1,1,25,25,22,2,4,1.75,10,0,6,12,12,2,10,15,10,15,10,0,1,3,25,25,37,16,14,12,12,4,1.75,0,10,15,10,0,5,1,2,2,4,1,1
32828,32862,3,pv_pt,0,1,1,25,25,22,2,4,1.75,10,0,6,12,12,2,10,15,10,15,10,0,1,3,25,25,37,16,14,12,12,4,1.75,0,10,15,10,0,5,1,2,2,4,1,1
32828,32863,1,pv,1,1,1,30,20,23,6,2,4.5,20,0,12,2,12,12,10,5,0,10,0,2,1,3,30,20,33,12,14,12,6,2,6.5,0,10,5,20,0,6,1,2,2,4,1,1
32828,32863,3,pv_pt,0,1,1,30,20,23,6,2,4.5,20,0,12,2,12,12,10,5,0,10,0,2,1,3,30,20,33,12,14,12,6,2,6.5,0,10,5,20,0,6,1,2,2,4,1,1
32828,32865,1,pv,1,1,1,20,30,20,6,0,6.0,10,0,0,2,12,12,10,10,10,10,10,0,1,2,20,30,30,10,14,12,16,0,6.0,0,10,10,10,0,7,2,1,2,1,2,1
32828,32865,3,pv_pt,0,1,1,20,30,20,6,0,6.0,10,0,0,2,12,12,10,10,10,10,10,0,1,2,20,30,30,10,14,12,16,0,6.0,0,10,10,10,0,7,2,1,2,1,2,1
32828,32867,1,pv,1,1,1,25,20,22,4,0,3.5,10,0,0,7,12,2,0,10,10,10,0,2,3,2,25,20,32,10,9,12,4,0,5.5,0,0,10,10,0,8,2,1,2,1,2,1
32828,32867,2,pt,0,1,1,25,20,22,4,0,3.5,10,0,0,7,12,2,0,10,10,10,0,2,3,2,25,20,32,10,9,12,4,0,5.5,0,0,10,10,0,8,2,1,2,1,2,1
32828,32868,1,pv,1,1,1,20,25,18,4,4,1.75,0,10,0,7,7,7,5,10,0,10,0,2,1,1,20,25,28,0,14,7,4,4,3.75,0,5,10,0,10,9,2,1,2,1,2,1
32828,32868,3,pv_pt,0,1,1,20,25,18,4,4,1.75,0,10,0,7,7,7,5,10,0,10,0,2,1,1,20,25,28,0,14,7,4,4,3.75,0,5,10,0,10,9,2,1,2,1,2,1
32854,32906,1,pv,1,1,1,30,30,26,2,0,1.75,10,0,0,2,7,2,10,15,0,15,10,0,3,1,30,30,41,0,4,7,12,0,1.75,0,10,15,10,0,1,2,1,1,1,2,2
32854,32906,3,pv_pt,0,1,1,30,30,26,2,0,1.75,10,0,0,2,7,2,10,15,0,15,10,0,3,1,30,30,41,0,4,7,12,0,1.75,0,10,15,10,0,1,2,1,1,1,2,2
32854,32907,1,pv,1,1,1,20,25,15,4,2,3.0,20,20,6,7,2,12,5,15,0,5,5,0,2,2,20,25,20,6,19,2,9,2,3.0,0,5,15,20,20,2,2,1,1,1,2,2
32854,32907,3,pv_pt,0,1,1,20,25,15,4,2,3.0,20,20,6,7,2,12,5,15,0,5,5,0,2,2,20,25,20,6,19,2,9,2,3.0,0,5,15,20,20,2,2,1,1,1,2,2
32854,32908,2,pt,1,1,1,25,25,22,2,4,1.75,10,0,6,12,12,2,10,15,10,15,10,0,1,3,25,25,37,16,14,12,12,4,1.75,0,10,15,10,0,3,2,1,1,1,2,2
32854,32908,3,pv_pt,1,0,1,25,25,22,2,4,1.75,10,0,6,12,12,2,10,15,10,15,10,0,1,3,25,25,37,16,14,12,12,4,1.75,0,10,15,10,0,3,2,1,1,1,2,2
32854,32911,1,pv,1,1,1,20,30,20,6,0,6.0,10,0,0,2,12,12,10,10,10,10,10,0,1,2,20,30,30,10,14,12,16,0,6.0,0,10,10,10,0,4,4,1,1,4,1,1
32854,32911,2,pt,0,1,1,20,30,20,6,0,6.0,10,0,0,2,12,12,10,10,10,10,10,0,1,2,20,30,30,10,14,12,16,0,6.0,0,10,10,10,0,4,4,1,1,4,1,1
32854,32913,2,pt,1,1,1,30,20,30,2,0,2.0,0,10,12,12,7,12,5,10,0,15,10,0,3,3,30,20,45,12,24,7,12,0,2.0,0,5,10,0,10,5,4,1,1,4,1,1
32854,32913,3,pv_pt,1,0,1,30,20,30,2,0,2.0,0,10,12,12,7,12,5,10,0,15,10,0,3,3,30,20,45,12,24,7,12,0,2.0,0,5,10,0,10,5,4,1,1,4,1,1
32854,32915,2,pt,1,1,1,30,30,30,4,0,4.0,20,20,0,12,12,2,10,10,5,5,10,4,2,1,30,30,35,5,14,12,14,0,8.0,0,10,10,20,20,6,4,1,1,4,1,1
32854,32915,1,pv,1,0,1,30,30,30,4,0,4.0,20,20,0,12,12,2,10,10,5,5,10,4,2,1,30,30,35,5,14,12,14,0,8.0,0,10,10,20,20,6,4,1,1,4,1,1
32854,32918,1,pv,1,1,1,30,25,23,6,2,4.5,0,10,6,12,2,7,10,15,5,10,5,4,2,2,30,25,33,11,19,2,11,2,8.5,0,10,15,0,10,7,1,2,2,2,2,2
32854,32918,3,pv_pt,0,1,1,30,25,23,6,2,4.5,0,10,6,12,2,7,10,15,5,10,5,4,2,2,30,25,33,11,19,2,11,2,8.5,0,10,15,0,10,7,1,2,2,2,2,2
32854,32921,3,pv_pt,1,1,1,30,25,23,6,4,4.5,0,10,6,7,2,12,5,5,10,15,0,0,2,1,30,25,38,16,19,2,6,4,4.5,0,5,5,0,10,8,1,2,2,2,2,2
32854,32921,1,pv,1,1,0,30,25,23,6,4,4.5,0,10,6,7,2,12,5,5,10,15,0,0,2,1,30,25,38,16,19,2,6,4,4.5,0,5,5,0,10,8,1,2,2,2,2,2
32854,32923,2,pt,1,1,1,25,20,22,4,0,3.5,10,0,0,7,12,2,0,10,10,10,0,2,3,2,25,20,32,10,9,12,4,0,5.5,0,0,10,10,0,9,1,2,2,2,2,2
32854,32923,1,pv,1,0,1,25,20,22,4,0,3.5,10,0,0,7,12,2,0,10,10,10,0,2,3,2,25,20,32,10,9,12,4,0,5.5,0,0,10,10,0,9,1,2,2,2,2,2
32855,32870,2,pt,1,1,1,30,30,30,4,0,4.0,20,20,0,12,12,2,10,10,5,5,10,4,2,1,30,30,35,5,14,12,14,0,8.0,0,10,10,20,20,1,2,2,1,2,1,1
32855,32870,3,pv_pt,1,0,1,30,30,30,4,0,4.0,20,20,0,12,12,2,10,10,5,5,10,4,2,1,30,30,35,5,14,12,14,0,8.0,0,10,10,20,20,1,2,2,1,2,1,1
32855,32871,2,pt,1,1,1,30,25,23,6,4,4.5,0,10,6,7,2,12,5,5,10,15,0,0,2,1,30,25,38,16,19,2,6,4,4.5,0,5,5,0,10,2,2,2,1,2,1,1
32855,32871,3,pv_pt,1,0,1,30,25,23,6,4,4.5,0,10,6,7,2,12,5,5,10,15,0,0,2,1,30,25,38,16,19,2,6,4,4.5,0,5,5,0,10,2,2,2,1,2,1,1
32855,32872,2,pt,1,1,1,30,20,23,4,0,3.0,20,20,12,2,12,2,0,15,10,5,0,0,1,1,30,20,28,22,4,12,4,0,3.0,0,0,15,20,20,3,2,2,1,2,1,1
32855,32872,1,pv,1,0,1,30,20,23,4,0,3.0,20,20,12,2,12,2,0,15,10,5,0,0,1,1,30,20,28,22,4,12,4,0,3.0,0,0,15,20,20,3,2,2,1,2,1,1
32855,32874,1,pv,1,1,1,30,20,23,6,2,4.5,20,0,12,2,12,12,10,5,0,10,0,2,1,3,30,20,33,12,14,12,6,2,6.5,0,10,5,20,0,4,4,2,1,1,1,2
32855,32874,2,pt,0,1,1,30,20,23,6,2,4.5,20,0,12,2,12,12,10,5,0,10,0,2,1,3,30,20,33,12,14,12,6,2,6.5,0,10,5,20,0,4,4,2,1,1,1,2
32855,32875,1,pv,1,1,1,25,30,25,4,4,4.0,10,10,6,7,7,7,5,10,5,10,0,2,1,3,25,30,35,11,14,7,4,4,6.0,0,5,10,10,10,5,4,2,1,1,1,2
32855,32875,2,pt,0,1,1,25,30,25,4,4,4.0,10,10,6,7,7,7,5,10,5,10,0,2,1,3,25,30,35,11,14,7,4,4,6.0,0,5,10,10,10,5,4,2,1,1,1,2
32855,32876,2,pt,1,1,1,25,20,25,6,4,6.0,10,20,12,2,2,2,10,15,5,5,10,2,3,3,25,20,30,17,4,2,16,4,8.0,0,10,15,10,20,6,4,2,1,1,1,2
32855,32876,1,pv,1,0,1,25,20,25,6,4,6.0,10,20,12,2,2,2,10,15,5,5,10,2,3,3,25,20,30,17,4,2,16,4,8.0,0,10,15,10,20,6,4,2,1,1,1,2
32855,32878,2,pt,1,1,1,20,30,18,6,0,5.25,10,0,12,12,7,2,0,10,0,15,5,4,1,1,20,30,33,12,14,7,11,0,9.25,0,0,10,10,0,7,3,1,1,2,1,2
32855,32878,1,pv,1,0,1,20,30,18,6,0,5.25,10,0,12,12,7,2,0,10,0,15,5,4,1,1,20,30,33,12,14,7,11,0,9.25,0,0,10,10,0,7,3,1,1,2,1,2
32855,32879,2,pt,1,1,1,25,25,22,4,2,3.5,0,20,6,7,7,7,5,10,0,10,0,2,2,2,25,25,32,6,14,7,4,2,5.5,0,5,10,0,20,8,3,1,1,2,1,2
32855,32879,1,pv,1,0,1,25,25,22,4,2,3.5,0,20,6,7,7,7,5,10,0,10,0,2,2,2,25,25,32,6,14,7,4,2,5.5,0,5,10,0,20,8,3,1,1,2,1,2
32855,32880,3,pv_pt,1,1,1,20,25,15,4,2,3.0,20,20,6,7,2,12,5,15,0,5,5,0,2,2,20,25,20,6,19,2,9,2,3.0,0,5,15,20,20,9,3,1,1,2,1,2
32855,32880,1,pv,1,1,0,20,25,15,4,2,3.0,20,20,6,7,2,12,5,15,0,5,5,0,2,2,20,25,20,6,19,2,9,2,3.0,0,5,15,20,20,9,3,1,1,2,1,2
32866,32894,1,pv,1,1,1,30,25,23,2,4,1.5,10,10,0,12,2,7,5,5,5,5,5,4,2,3,30,25,28,5,19,2,7,4,5.5,0,5,5,10,10,1,1,1,1,2,2,1
32866,32894,3,pv_pt,0,1,1,30,25,23,2,4,1.5,10,10,0,12,2,7,5,5,5,5,5,4,2,3,30,25,28,5,19,2,7,4,5.5,0,5,5,10,10,1,1,1,1,2,2,1
32866,32895,3,pv_pt,1,1,1,25,25,22,2,2,1.75,20,20,6,7,2,7,5,5,5,5,0,0,3,2,25,25,27,11,14,2,2,2,1.75,0,5,5,20,20,2,1,1,1,2,2,1
32866,32895,1,pv,1,1,0,25,25,22,2,2,1.75,20,20,6,7,2,7,5,5,5,5,0,0,3,2,25,25,27,11,14,2,2,2,1.75,0,5,5,20,20,2,1,1,1,2,2,1
32866,32896,1,pv,1,1,1,25,25,22,4,2,3.5,0,20,6,7,7,7,5,10,0,10,0,2,2,2,25,25,32,6,14,7,4,2,5.5,0,5,10,0,20,3,1,1,1,2,2,1
32866,32896,3,pv_pt,0,1,1,25,25,22,4,2,3.5,0,20,6,7,7,7,5,10,0,10,0,2,2,2,25,25,32,6,14,7,4,2,5.5,0,5,10,0,20,3,1,1,1,2,2,1
32866,32898,2,pt,1,1,1,25,20,25,6,0,6.0,20,20,0,12,2,12,0,15,10,15,5,4,1,3,25,20,40,10,24,2,11,0,10.0,0,0,15,20,20,4,2,2,2,2,1,2
32866,32898,1,pv,1,0,1,25,20,25,6,0,6.0,20,20,0,12,2,12,0,15,10,15,5,4,1,3,25,20,40,10,24,2,11,0,10.0,0,0,15,20,20,4,2,2,2,2,1,2
32866,32899,1,pv,1,1,1,20,30,20,6,0,6.0,10,0,0,2,12,12,10,10,10,10,10,0,1,2,20,30,30,10,14,12,16,0,6.0,0,10,10,10,0,5,2,2,2,2,1,2
32866,32899,2,pt,0,1,1,20,30,20,6,0,6.0,10,0,0,2,12,12,10,10,10,10,10,0,1,2,20,30,30,10,14,12,16,0,6.0,0,10,10,10,0,5,2,2,2,2,1,2
32866,32900,2,pt,1,1,1,25,20,22,4,0,3.5,10,0,0,7,12,2,0,10,10,10,0,2,3,2,25,20,32,10,9,12,4,0,5.5,0,0,10,10,0,6,2,2,2,2,1,2
32866,32900,1,pv,1,0,1,25,20,22,4,0,3.5,10,0,0,7,12,2,0,10,10,10,0,2,3,2,25,20,32,10,9,12,4,0,5.5,0,0,10,10,0,6,2,2,2,2,1,2
32866,32902,1,pv,1,1,1,20,25,15,4,2,3.0,20,20,6,7,2,12,5,15,0,5,5,0,2,2,20,25,20,6,19,2,9,2,3.0,0,5,15,20,20,7,3,2,2,3,1,1
32866,32902,3,pv_pt,0,1,1,20,25,15,4,2,3.0,20,20,6,7,2,12,5,15,0,5,5,0,2,2,20,25,20,6,19,2,9,2,3.0,0,5,15,20,20,7,3,2,2,3,1,1
32866,32903,3,pv_pt,1,1,1,25,20,25,6,4,6.0,10,20,12,2,2,2,10,15,5,5,10,2,3,3,25,20,30,17,4,2,16,4,8.0,0,10,15,10,20,8,3,2,2,3,1,1
32866,32903,2,pt,1,1,0,25,20,25,6,4,6.0,10,20,12,2,2,2,10,15,5,5,10,2,3,3,25,20,30,17,4,2,16,4,8.0,0,10,15,10,20,8,3,2,2,3,1,1
32866,32904,1,pv,1,1,1,30,20,30,2,0,2.0,0,10,12,12,7,12,5,10,0,15,10,0,3,3,30,20,45,12,24,7,12,0,2.0,0,5,10,0,10,9,3,2,2,3,1,1
32866,32904,3,pv_pt,0,1,1,30,20,30,2,0,2.0,0,10,12,12,7,12,5,10,0,15,10,0,3,3,30,20,45,12,24,7,12,0,2.0,0,5,10,0,10,9,3,2,2,3,1,1
32929,32963,2,pt,1,1,1,20,30,15,6,2,4.5,0,20,0,2,12,7,0,5,0,5,10,2,3,3,20,30,20,0,9,12,16,2,6.5,0,0,5,0,20,1,2,1,2,1,2,1
32929,32963,3,pv_pt,1,0,1,20,30,15,6,2,4.5,0,20,0,2,12,7,0,5,0,5,10,2,3,3,20,30,20,0,9,12,16,2,6.5,0,0,5,0,20,1,2,1,2,1,2,1
32929,32964,3,pv_pt,1,1,1,25,25,22,2,4,1.75,10,0,6,12,12,2,10,15,10,15,10,0,1,3,25,25,37,16,14,12,12,4,1.75,0,10,15,10,0,2,2,1,2,1,2,1
32929,32964,2,pt,1,1,0,25,25,22,2,4,1.75,10,0,6,12,12,2,10,15,10,15,10,0,1,3,25,25,37,16,14,12,12,4,1.75,0,10,15,10,0,2,2,1,2,1,2,1
32929,32967,3,pv_pt,1,1,1,20,25,18,2,2,1.75,10,10,0,7,7,7,5,10,5,10,0,2,2,3,20,25,28,5,14,7,2,2,3.75,0,5,10,10,10,3,2,1,2,1,2,1
32929,32967,1,pv,1,1,0,20,25,18,2,2,1.75,10,10,0,7,7,7,5,10,5,10,0,2,2,3,20,25,28,5,14,7,2,2,3.75,0,5,10,10,10,3,2,1,2,1,2,1
32929,32970,3,pv_pt,1,1,1,20,25,15,4,2,3.0,20,20,6,7,2,12,5,15,0,5,5,0,2,2,20,25,20,6,19,2,9,2,3.0,0,5,15,20,20,4,4,2,2,3,2,1
32929,32970,1,pv,1,1,0,20,25,15,4,2,3.0,20,20,6,7,2,12,5,15,0,5,5,0,2,2,20,25,20,6,19,2,9,2,3.0,0,5,15,20,20,4,4,2,2,3,2,1
32929,32972,3,pv_pt,1,1,1,20,30,20,4,2,4.0,0,10,12,12,2,2,10,5,10,5,5,0,3,1,20,30,25,22,14,2,9,2,4.0,0,10,5,0,10,5,4,2,2,3,2,1
32929,32972,1,pv,1,1,0,20,30,20,4,2,4.0,0,10,12,12,2,2,10,5,10,5,5,0,3,1,20,30,25,22,14,2,9,2,4.0,0,10,5,0,10,5,4,2,2,3,2,1
32929,32974,2,pt,1,1,1,25,20,25,6,0,6.0,20,20,0,12,2,12,0,15,10,15,5,4,1,3,25,20,40,10,24,2,11,0,10.0,0,0,15,20,20,6,4,2,2,3,2,1
32929,32974,1,pv,1,0,1,25,20,25,6,0,6.0,20,20,0,12,2,12,0,15,10,15,5,4,1,3,25,20,40,10,24,2,11,0,10.0,0,0,15,20,20,6,4,2,2,3,2,1
32929,32977,2,pt,1,1,1,30,30,26,2,0,1.75,10,0,0,2,7,2,10,15,0,15,10,0,3,1,30,30,41,0,4,7,12,0,1.75,0,10,15,10,0,7,2,1,2,4,2,2
32929,32977,3,pv_pt,1,0,1,30,30,26,2,0,1.75,10,0,0,2,7,2,10,15,0,15,10,0,3,1,30,30,41,0,4,7,12,0,1.75,0,10,15,10,0,7,2,1,2,4,2,2
32929,32979,2,pt,1,1,1,30,30,26,2,4,1.75,0,20,12,2,12,7,0,5,10,15,10,4,1,2,30,30,41,22,9,12,12,4,5.75,0,0,5,0,20,8,2,1,2,4,2,2
32929,32979,3,pv_pt,1,0,1,30,30,26,2,4,1.75,0,20,12,2,12,7,0,5,10,15,10,4,1,2,30,30,41,22,9,12,12,4,5.75,0,0,5,0,20,8,2,1,2,4,2,2
32929,32981,2,pt,1,1,1,30,30,30,4,0,4.0,20,20,0,12,12,2,10,10,5,5,10,4,2,1,30,30,35,5,14,12,14,0,8.0,0,10,10,20,20,9,2,1,2,4,2,2
32929,32981,3,pv_pt,1,0,1,30,30,30,4,0,4.0,20,20,0,12,12,2,10,10,5,5,10,4,2,1,30,30,35,5,14,12,14,0,8.0,0,10,10,20,20,9,2,1,2,4,2,2
32932,32940,2,pt,1,1,1,30,30,30,4,0,4.0,20,20,0,12,12,2,10,10,5,5,10,4,2,1,30,30,35,5,14,12,14,0,8.0,0,10,10,20,20,1,1,2,2,4,1,1
32932,32940,1,pv,1,0,1,30,30,30,4,0,4.0,20,20,0,12,12,2,10,10,5,5,10,4,2,1,30,30,35,5,14,12,14,0,8.0,0,10,10,20,20,1,1,2,2,4,1,1
32932,32942,2,pt,1,1,1,30,30,26,2,0,1.75,10,0,0,2,7,2,10,15,0,15,10,0,3,1,30,30,41,0,4,7,12,0,1.75,0,10,15,10,0,2,1,2,2,4,1,1
32932,32942,3,pv_pt,1,0,1,30,30,26,2,0,1.75,10,0,0,2,7,2,10,15,0,15,10,0,3,1,30,30,41,0,4,7,12,0,1.75,0,10,15,10,0,2,1,2,2,4,1,1
32932,32944,3,pv_pt,1,1,1,25,25,22,2,4,1.75,10,0,6,12,12,2,10,15,10,15,10,0,1,3,25,25,37,16,14,12,12,4,1.75,0,10,15,10,0,3,1,2,2,4,1,1
32932,32944,2,pt,1,1,0,25,25,22,2,4,1.75,10,0,6,12,12,2,10,15,10,15,10,0,1,3,25,25,37,16,14,12,12,4,1.75,0,10,15,10,0,3,1,2,2,4,1,1
32932,32948,2,pt,1,1,1,20,25,18,2,0,1.75,0,0,12,2,7,12,0,15,5,5,5,4,2,1,20,25,23,17,14,7,7,0,5.75,0,0,15,0,0,4,4,2,1,1,1,2
32932,32948,1,pv,1,0,1,20,25,18,2,0,1.75,0,0,12,2,7,12,0,15,5,5,5,4,2,1,20,25,23,17,14,7,7,0,5.75,0,0,15,0,0,4,4,2,1,1,1,2
32932,32950,2,pt,1,1,1,25,20,22,4,0,3.5,10,0,0,7,12,2,0,10,10,10,0,2,3,2,25,20,32,10,9,12,4,0,5.5,0,0,10,10,0,5,4,2,1,1,1,2
32932,32950,1,pv,1,0,1,25,20,22,4,0,3.5,10,0,0,7,12,2,0,10,10,10,0,2,3,2,25,20,32,10,9,12,4,0,5.5,0,0,10,10,0,5,4,2,1,1,1,2
32932,32952,2,pt,1,1,1,20,30,15,6,2,4.5,0,20,0,2,12,7,0,5,0,5,10,2,3,3,20,30,20,0,9,12,16,2,6.5,0,0,5,0,20,6,4,2,1,1,1,2
32932,32952,3,pv_pt,1,0,1,20,30,15,6,2,4.5,0,20,0,2,12,7,0,5,0,5,10,2,3,3,20,30,20,0,9,12,16,2,6.5,0,0,5,0,20,6,4,2,1,1,1,2
32932,32956,3,pv_pt,1,1,1,25,20,25,6,4,6.0,10,20,12,2,2,2,10,15,5,5,10,2,3,3,25,20,30,17,4,2,16,4,8.0,0,10,15,10,20,7,2,1,1,1,2,2
32932,32956,2,pt,1,1,0,25,20,25,6,4,6.0,10,20,12,2,2,2,10,15,5,5,10,2,3,3,25,20,30,17,4,2,16,4,8.0,0,10,15,10,20,7,2,1,1,1,2,2
32932,32958,2,pt,1,1,1,20,30,18,6,0,5.25,10,0,12,12,7,2,0,10,0,15,5,4,1,1,20,30,33,12,14,7,11,0,9.25,0,0,10,10,0,8,2,1,1,1,2,2
32932,32958,1,pv,1,0,1,20,30,18,6,0,5.25,10,0,12,12,7,2,0,10,0,15,5,4,1,1,20,30,33,12,14,7,11,0,9.25,0,0,10,10,0,8,2,1,1,1,2,2
32932,32960,2,pt,1,1,1,25,30,25,4,4,4.0,20,0,12,12,12,12,0,15,10,10,5,4,3,2,25,30,35,22,24,12,9,4,8.0,0,0,15,20,0,9,2,1,1,1,2,2
32932,32960,1,pv,1,0,1,25,30,25,4,4,4.0,20,0,12,12,12,12,0,15,10,10,5,4,3,2,25,30,35,22,24,12,9,4,8.0,0,0,15,20,0,9,2,1,1,1,2,2
32933,33023,1,pv,1,1,1,20,30,20,4,2,4.0,0,10,12,12,2,2,10,5,10,5,5,0,3,1,20,30,25,22,14,2,9,2,4.0,0,10,5,0,10,1,4,2,1,1,1,2
32933,33023,2,pt,0,1,1,20,30,20,4,2,4.0,0,10,12,12,2,2,10,5,10,5,5,0,3,1,20,30,25,22,14,2,9,2,4.0,0,10,5,0,10,1,4,2,1,1,1,2
32933,33025,2,pt,1,1,1,30,20,23,4,0,3.0,20,20,12,2,12,2,0,15,10,5,0,0,1,1,30,20,28,22,4,12,4,0,3.0,0,0,15,20,20,2,4,2,1,1,1,2
32933,33025,1,pv,1,0,1,30,20,23,4,0,3.0,20,20,12,2,12,2,0,15,10,5,0,0,1,1,30,20,28,22,4,12,4,0,3.0,0,0,15,20,20,2,4,2,1,1,1,2
32933,33027,1,pv,1,1,1,25,20,25,6,0,6.0,20,20,0,12,2,12,0,15,10,15,5,4,1,3,25,20,40,10,24,2,11,0,10.0,0,0,15,20,20,3,4,2,1,1,1,2
32933,33027,3,pv_pt,0,1,1,25,20,25,6,0,6.0,20,20,0,12,2,12,0,15,10,15,5,4,1,3,25,20,40,10,24,2,11,0,10.0,0,0,15,20,20,3,4,2,1,1,1,2
32933,33029,1,pv,1,1,1,20,25,18,4,4,1.75,0,10,0,7,7,7,5,10,0,10,0,2,1,1,20,25,28,0,14,7,4,4,3.75,0,5,10,0,10,4,4,1,1,2,2,2
32933,33029,2,pt,0,1,1,20,25,18,4,4,1.75,0,10,0,7,7,7,5,10,0,10,0,2,1,1,20,25,28,0,14,7,4,4,3.75,0,5,10,0,10,4,4,1,1,2,2,2
32933,33030,1,pv,1,1,1,20,20,15,2,2,1.5,20,10,6,7,2,12,10,5,5,15,5,4,3,1,20,20,30,11,19,2,7,2,5.5,0,10,5,20,10,5,4,1,1,2,2,2
32933,33030,2,pt,0,1,1,20,20,15,2,2,1.5,20,10,6,7,2,12,10,5,5,15,5,4,3,1,20,20,30,11,19,2,7,2,5.5,0,10,5,20,10,5,4,1,1,2,2,2
32933,33032,2,pt,1,1,1,30,30,26,2,0,1.75,10,0,0,2,7,2,10,15,0,15,10,0,3,1,30,30,41,0,4,7,12,0,1.75,0,10,15,10,0,6,4,1,1,2,2,2
32933,33032,1,pv,1,0,1,30,30,26,2,0,1.75,10,0,0,2,7,2,10,15,0,15,10,0,3,1,30,30,41,0,4,7,12,0,1.75,0,10,15,10,0,6,4,1,1,2,2,2
32933,33034,1,pv,1,1,1,25,25,22,4,2,3.5,0,20,6,7,7,7,5,10,0,10,0,2,2,2,25,25,32,6,14,7,4,2,5.5,0,5,10,0,20,7,1,2,2,2,2,2
32933,33034,3,pv_pt,0,1,1,25,25,22,4,2,3.5,0,20,6,7,7,7,5,10,0,10,0,2,2,2,25,25,32,6,14,7,4,2,5.5,0,5,10,0,20,7,1,2,2,2,2,2
32933,33035,1,pv,1,1,1,20,25,18,2,2,1.75,10,10,0,7,7,7,5,10,5,10,0,2,2,3,20,25,28,5,14,7,2,2,3.75,0,5,10,10,10,8,1,2,2,2,2,2
32933,33035,2,pt,0,1,1,20,25,18,2,2,1.75,10,10,0,7,7,7,5,10,5,10,0,2,2,3,20,25,28,5,14,7,2,2,3.75,0,5,10,10,10,8,1,2,2,2,2,2
32933,33036,1,pv,1,1,1,25,30,25,4,4,4.0,10,10,6,7,7,7,5,10,5,10,0,2,1,3,25,30,35,11,14,7,4,4,6.0,0,5,10,10,10,9,1,2,2,2,2,2
32933,33036,3,pv_pt,0,1,1,25,30,25,4,4,4.0,10,10,6,7,7,7,5,10,5,10,0,2,1,3,25,30,35,11,14,7,4,4,6.0,0,5,10,10,10,9,1,2,2,2,2,2
32934,32938,1,pv,1,1,1,30,20,23,4,0,3.0,20,20,12,2,12,2,0,15,10,5,0,0,1,1,30,20,28,22,4,12,4,0,3.0,0,0,15,20,20,1,4,2,1,1,1,2
32934,32938,2,pt,0,1,1,30,20,23,4,0,3.0,20,20,12,2,12,2,0,15,10,5,0,0,1,1,30,20,28,22,4,12,4,0,3.0,0,0,15,20,20,1,4,2,1,1,1,2
32934,32941,1,pv,1,1,1,20,30,20,6,0,6.0,10,0,0,2,12,12,10,10,10,10,10,0,1,2,20,30,30,10,14,12,16,0,6.0,0,10,10,10,0,2,4,2,1,1,1,2
32934,32941,2,pt,0,1,1,20,30,20,6,0,6.0,10,0,0,2,12,12,10,10,10,10,10,0,1,2,20,30,30,10,14,12,16,0,6.0,0,10,10,10,0,2,4,2,1,1,1,2
32934,32943,2,pt,1,1,1,25,20,22,4,0,3.5,10,0,0,7,12,2,0,10,10,10,0,2,3,2,25,20,32,10,9,12,4,0,5.5,0,0,10,10,0,3,4,2,1,1,1,2
32934,32943,1,pv,1,0,1,25,20,22,4,0,3.5,10,0,0,7,12,2,0,10,10,10,0,2,3,2,25,20,32,10,9,12,4,0,5.5,0,0,10,10,0,3,4,2,1,1,1,2
32934,32946,1,pv,1,1,1,30,25,23,6,2,4.5,0,10,6,12,2,7,10,15,5,10,5,4,2,2,30,25,33,11,19,2,11,2,8.5,0,10,15,0,10,4,1,1,2,3,2,2
32934,32946,3,pv_pt,0,1,1,30,25,23,6,2,4.5,0,10,6,12,2,7,10,15,5,10,5,4,2,2,30,25,33,11,19,2,11,2,8.5,0,10,15,0,10,4,1,1,2,3,2,2
32934,32949,1,pv,1,1,1,20,30,18,6,0,5.25,10,0,12,12,7,2,0,10,0,15,5,4,1,1,20,30,33,12,14,7,11,0,9.25,0,0,10,10,0,5,1,1,2,3,2,2
32934,32949,2,pt,0,1,1,20,30,18,6,0,5.25,10,0,12,12,7,2,0,10,0,15,5,4,1,1,20,30,33,12,14,7,11,0,9.25,0,0,10,10,0,5,1,1,2,3,2,2
32934,32951,1,pv,1,1,1,25,25,22,2,4,1.75,10,0,6,12,12,2,10,15,10,15,10,0,1,3,25,25,37,16,14,12,12,4,1.75,0,10,15,10,0,6,1,1,2,3,2,2
32934,32951,2,pt,0,1,1,25,25,22,2,4,1.75,10,0,6,12,12,2,10,15,10,15,10,0,1,3,25,25,37,16,14,12,12,4,1.75,0,10,15,10,0,6,1,1,2,3,2,2
32934,32954,1,pv,1,1,1,20,30,15,6,2,4.5,0,20,0,2,12,7,0,5,0,5,10,2,3,3,20,30,20,0,9,12,16,2,6.5,0,0,5,0,20,7,2,2,1,2,1,1
32934,32954,2,pt,0,1,1,20,30,15,6,2,4.5,0,20,0,2,12,7,0,5,0,5,10,2,3,3,20,30,20,0,9,12,16,2,6.5,0,0,5,0,20,7,2,2,1,2,1,1
32934,32957,1,pv,1,1,1,30,30,26,2,0,1.75,10,0,0,2,7,2,10,15,0,15,10,0,3,1,30,30,41,0,4,7,12,0,1.75,0,10,15,10,0,8,2,2,1,2,1,1
32934,32957,2,pt,0,1,1,30,30,26,2,0,1.75,10,0,0,2,7,2,10,15,0,15,10,0,3,1,30,30,41,0,4,7,12,0,1.75,0,10,15,10,0,8,2,2,1,2,1,1
32934,32959,2,pt,1,1,1,30,30,26,2,4,1.75,0,20,12,2,12,7,0,5,10,15,10,4,1,2,30,30,41,22,9,12,12,4,5.75,0,0,5,0,20,9,2,2,1,2,1,1
32934,32959,1,pv,1,0,1,30,30,26,2,4,1.75,0,20,12,2,12,7,0,5,10,15,10,4,1,2,30,30,41,22,9,12,12,4,5.75,0,0,5,0,20,9,2,2,1,2,1,1
32935,32988,1,pv,1,1,1,30,30,30,4,0,4.0,20,20,0,12,12,2,10,10,5,5,10,4,2,1,30,30,35,5,14,12,14,0,8.0,0,10,10,20,20,1,4,1,1,2,2,2
32935,32988,2,pt,0,1,1,30,30,30,4,0,4.0,20,20,0,12,12,2,10,10,5,5,10,4,2,1,30,30,35,5,14,12,14,0,8.0,0,10,10,20,20,1,4,1,1,2,2,2
32935,32989,1,pv,1,1,1,30,20,23,6,2,4.5,20,0,12,2,12,12,10,5,0,10,0,2,1,3,30,20,33,12,14,12,6,2,6.5,0,10,5,20,0,2,4,1,1,2,2,2
32935,32989,2,pt,0,1,1,30,20,23,6,2,4.5,20,0,12,2,12,12,10,5,0,10,0,2,1,3,30,20,33,12,14,12,6,2,6.5,0,10,5,20,0,2,4,1,1,2,2,2
32935,32990,1,pv,1,1,1,30,25,23,6,2,4.5,0,10,6,12,2,7,10,15,5,10,5,4,2,2,30,25,33,11,19,2,11,2,8.5,0,10,15,0,10,3,4,1,1,2,2,2
32935,32990,2,pt,0,1,1,30,25,23,6,2,4.5,0,10,6,12,2,7,10,15,5,10,5,4,2,2,30,25,33,11,19,2,11,2,8.5,0,10,15,0,10,3,4,1,1,2,2,2
32935,32992,1,pv,1,1,1,30,30,26,2,0,1.75,10,0,0,2,7,2,10,15,0,15,10,0,3,1,30,30,41,0,4,7,12,0,1.75,0,10,15,10,0,4,4,1,2,4,1,2
32935,32992,2,pt,0,1,1,30,30,26,2,0,1.75,10,0,0,2,7,2,10,15,0,15,10,0,3,1,30,30,41,0,4,7,12,0,1.75,0,10,15,10,0,4,4,1,2,4,1,2
32935,32993,1,pv,1,1,1,30,30,26,2,4,1.75,0,20,12,2,12,7,0,5,10,15,10,4,1,2,30,30,41,22,9,12,12,4,5.75,0,0,5,0,20,5,4,1,2,4,1,2
32935,32993,2,pt,0,1,1,30,30,26,2,4,1.75,0,20,12,2,12,7,0,5,10,15,10,4,1,2,30,30,41,22,9,12,12,4,5.75,0,0,5,0,20,5,4,1,2,4,1,2
32935,32994,1,pv,1,1,1,25,20,25,6,0,6.0,20,20,0,12,2,12,0,15,10,15,5,4,1,3,25,20,40,10,24,2,11,0,10.0,0,0,15,20,20,6,4,1,2,4,1,2
32935,32994,2,pt,0,1,1,25,20,25,6,0,6.0,20,20,0,12,2,12,0,15,10,15,5,4,1,3,25,20,40,10,24,2,11,0,10.0,0,0,15,20,20,6,4,1,2,4,1,2
32935,32996,1,pv,1,1,1,25,25,22,4,2,3.5,0,20,6,7,7,7,5,10,0,10,0,2,2,2,25,25,32,6,14,7,4,2,5.5,0,5,10,0,20,7,3,2,1,4,2,2
32935,32996,2,pt,0,1,1,25,25,22,4,2,3.5,0,20,6,7,7,7,5,10,0,10,0,2,2,2,25,25,32,6,14,7,4,2,5.5,0,5,10,0,20,7,3,2,1,4,2,2
32935,32997,1,pv,1,1,1,20,25,18,2,0,1.75,0,0,12,2,7,12,0,15,5,5,5,4,2,1,20,25,23,17,14,7,7,0,5.75,0,0,15,0,0,8,3,2,1,4,2,2
32935,32997,2,pt,0,1,1,20,25,18,2,0,1.75,0,0,12,2,7,12,0,15,5,5,5,4,2,1,20,25,23,17,14,7,7,0,5.75,0,0,15,0,0,8,3,2,1,4,2,2
32935,32998,1,pv,1,1,1,20,30,18,6,0,5.25,10,0,12,12,7,2,0,10,0,15,5,4,1,1,20,30,33,12,14,7,11,0,9.25,0,0,10,10,0,9,3,2,1,4,2,2
32935,32998,2,pt,0,1,1,20,30,18,6,0,5.25,10,0,12,12,7,2,0,10,0,15,5,4,1,1,20,30,33,12,14,7,11,0,9.25,0,0,10,10,0,9,3,2,1,4,2,2
33031,33052,2,pt,1,1,1,25,25,22,4,2,3.5,0,20,6,7,7,7,5,10,0,10,0,2,2,2,25,25,32,6,14,7,4,2,5.5,0,5,10,0,20,1,4,1,2,1,1,1
33031,33052,3,pv_pt,1,0,1,25,25,22,4,2,3.5,0,20,6,7,7,7,5,10,0,10,0,2,2,2,25,25,32,6,14,7,4,2,5.5,0,5,10,0,20,1,4,1,2,1,1,1
33031,33053,3,pv_pt,1,1,1,20,25,18,2,2,1.75,10,10,0,7,7,7,5,10,5,10,0,2,2,3,20,25,28,5,14,7,2,2,3.75,0,5,10,10,10,2,4,1,2,1,1,1
33031,33053,2,pt,1,1,0,20,25,18,2,2,1.75,10,10,0,7,7,7,5,10,5,10,0,2,2,3,20,25,28,5,14,7,2,2,3.75,0,5,10,10,10,2,4,1,2,1,1,1
33031,33055,2,pt,1,1,1,20,30,18,6,0,5.25,10,0,12,12,7,2,0,10,0,15,5,4,1,1,20,30,33,12,14,7,11,0,9.25,0,0,10,10,0,3,4,1,2,1,1,1
33031,33055,3,pv_pt,1,0,1,20,30,18,6,0,5.25,10,0,12,12,7,2,0,10,0,15,5,4,1,1,20,30,33,12,14,7,11,0,9.25,0,0,10,10,0,3,4,1,2,1,1,1
33031,33059,2,pt,1,1,1,20,30,15,6,2,4.5,0,20,0,2,12,7,0,5,0,5,10,2,3,3,20,30,20,0,9,12,16,2,6.5,0,0,5,0,20,4,4,1,1,2,2,2
33031,33059,3,pv_pt,1,0,1,20,30,15,6,2,4.5,0,20,0,2,12,7,0,5,0,5,10,2,3,3,20,30,20,0,9,12,16,2,6.5,0,0,5,0,20,4,4,1,1,2,2,2
33031,33061,2,pt,1,1,1,30,30,30,4,0,4.0,20,20,0,12,12,2,10,10,5,5,10,4,2,1,30,30,35,5,14,12,14,0,8.0,0,10,10,20,20,5,4,1,1,2,2,2
33031,33061,3,pv_pt,1,0,1,30,30,30,4,0,4.0,20,20,0,12,12,2,10,10,5,5,10,4,2,1,30,30,35,5,14,12,14,0,8.0,0,10,10,20,20,5,4,1,1,2,2,2
33031,33062,2,pt,1,1,1,30,20,23,4,0,3.0,20,20,12,2,12,2,0,15,10,5,0,0,1,1,30,20,28,22,4,12,4,0,3.0,0,0,15,20,20,6,4,1,1,2,2,2
33031,33062,3,pv_pt,1,0,1,30,20,23,4,0,3.0,20,20,12,2,12,2,0,15,10,5,0,0,1,1,30,20,28,22,4,12,4,0,3.0,0,0,15,20,20,6,4,1,1,2,2,2
33031,33066,2,pt,1,1,1,30,30,26,2,0,1.75,10,0,0,2,7,2,10,15,0,15,10,0,3,1,30,30,41,0,4,7,12,0,1.75,0,10,15,10,0,7,2,1,2,4,2,2
33031,33066,3,pv_pt,1,0,1,30,30,26,2,0,1.75,10,0,0,2,7,2,10,15,0,15,10,0,3,1,30,30,41,0,4,7,12,0,1.75,0,10,15,10,0,7,2,1,2,4,2,2
33031,33068,2,pt,1,1,1,30,25,23,6,2,4.5,0,10,6,12,2,7,10,15,5,10,5,4,2,2,30,25,33,11,19,2,11,2,8.5,0,10,15,0,10,8,2,1,2,4,2,2
33031,33068,3,pv_pt,1,0,1,30,25,23,6,2,4.5,0,10,6,12,2,7,10,15,5,10,5,4,2,2,30,25,33,11,19,2,11,2,8.5,0,10,15,0,10,8,2,1,2,4,2,2
33031,33070,2,pt,1,1,1,25,20,25,6,4,6.0,20,0,6,2,7,2,0,5,0,15,10,2,2,2,25,20,40,6,4,7,16,4,8.0,0,0,5,20,0,9,2,1,2,4,2,2
33031,33070,3,pv_pt,1,0,1,25,20,25,6,4,6.0,20,0,6,2,7,2,0,5,0,15,10,2,2,2,25,20,40,6,4,7,16,4,8.0,0,0,5,20,0,9,2,1,2,4,2,2
33037,33091,3,pv_pt,1,1,1,30,25,23,6,4,4.5,0,10,6,7,2,12,5,5,10,15,0,0,2,1,30,25,38,16,19,2,6,4,4.5,0,5,5,0,10,1,4,1,1,2,2,2
33037,33091,1,pv,1,1,0,30,25,23,6,4,4.5,0,10,6,7,2,12,5,5,10,15,0,0,2,1,30,25,38,16,19,2,6,4,4.5,0,5,5,0,10,1,4,1,1,2,2,2
33037,33092,1,pv,1,1,1,20,30,18,6,0,5.25,10,0,12,12,7,2,0,10,0,15,5,4,1,1,20,30,33,12,14,7,11,0,9.25,0,0,10,10,0,2,4,1,1,2,2,2
33037,33092,3,pv_pt,0,1,1,20,30,18,6,0,5.25,10,0,12,12,7,2,0,10,0,15,5,4,1,1,20,30,33,12,14,7,11,0,9.25,0,0,10,10,0,2,4,1,1,2,2,2
33037,33093,1,pv,1,1,1,25,25,22,4,2,3.5,0,20,6,7,7,7,5,10,0,10,0,2,2,2,25,25,32,6,14,7,4,2,5.5,0,5,10,0,20,3,4,1,1,2,2,2
33037,33093,3,pv_pt,0,1,1,25,25,22,4,2,3.5,0,20,6,7,7,7,5,10,0,10,0,2,2,2,25,25,32,6,14,7,4,2,5.5,0,5,10,0,20,3,4,1,1,2,2,2
33037,33095,3,pv_pt,1,1,1,20,20,15,2,2,1.5,20,10,6,7,2,12,10,5,5,15,5,4,3,1,20,20,30,11,19,2,7,2,5.5,0,10,5,20,10,4,1,2,2,2,2,2
33037,33095,1,pv,1,1,0,20,20,15,2,2,1.5,20,10,6,7,2,12,10,5,5,15,5,4,3,1,20,20,30,11,19,2,7,2,5.5,0,10,5,20,10,4,1,2,2,2,2,2
33037,33096,1,pv,1,1,1,30,25,23,6,2,4.5,0,10,6,12,2,7,10,15,5,10,5,4,2,2,30,25,33,11,19,2,11,2,8.5,0,10,15,0,10,5,1,2,2,2,2,2
33037,33096,3,pv_pt,0,1,1,30,25,23,6,2,4.5,0,10,6,12,2,7,10,15,5,10,5,4,2,2,30,25,33,11,19,2,11,2,8.5,0,10,15,0,10,5,1,2,2,2,2,2
33037,33097,3,pv_pt,1,1,1,20,30,20,4,2,4.0,0,10,12,12,2,2,10,5,10,5,5,0,3,1,20,30,25,22,14,2,9,2,4.0,0,10,5,0,10,6,1,2,2,2,2,2
33037,33097,1,pv,1,1,0,20,30,20,4,2,4.0,0,10,12,12,2,2,10,5,10,5,5,0,3,1,20,30,25,22,14,2,9,2,4.0,0,10,5,0,10,6,1,2,2,2,2,2
33037,33099,1,pv,1,1,1,25,30,25,4,4,4.0,10,10,6,7,7,7,5,10,5,10,0,2,1,3,25,30,35,11,14,7,4,4,6.0,0,5,10,10,10,7,1,1,1,2,2,1
33037,33099,3,pv_pt,0,1,1,25,30,25,4,4,4.0,10,10,6,7,7,7,5,10,5,10,0,2,1,3,25,30,35,11,14,7,4,4,6.0,0,5,10,10,10,7,1,1,1,2,2,1
33037,33100,1,pv,1,1,1,20,30,15,6,2,4.5,0,20,0,2,12,7,0,5,0,5,10,2,3,3,20,30,20,0,9,12,16,2,6.5,0,0,5,0,20,8,1,1,1,2,2,1
33037,33100,3,pv_pt,0,1,1,20,30,15,6,2,4.5,0,20,0,2,12,7,0,5,0,5,10,2,3,3,20,30,20,0,9,12,16,2,6.5,0,0,5,0,20,8,1,1,1,2,2,1
33037,33101,2,pt,1,1,1,30,20,23,4,0,3.0,20,20,12,2,12,2,0,15,10,5,0,0,1,1,30,20,28,22,4,12,4,0,3.0,0,0,15,20,20,9,1,1,1,2,2,1
33037,33101,3,pv_pt,1,0,1,30,20,23,4,0,3.0,20,20,12,2,12,2,0,15,10,5,0,0,1,1,30,20,28,22,4,12,4,0,3.0,0,0,15,20,20,9,1,1,1,2,2,1
33038,33103,1,pv,1,1,1,25,25,22,4,2,3.5,0,20,6,7,7,7,5,10,0,10,0,2,2,2,25,25,32,6,14,7,4,2,5.5,0,5,10,0,20,1,4,2,1,1,1,2
33038,33103,2,pt,0,1,1,25,25,22,4,2,3.5,0,20,6,7,7,7,5,10,0,10,0,2,2,2,25,25,32,6,14,7,4,2,5.5,0,5,10,0,20,1,4,2,1,1,1,2
33038,33104,2,pt,1,1,1,30,30,26,2,0,1.75,10,0,0,2,7,2,10,15,0,15,10,0,3,1,30,30,41,0,4,7,12,0,1.75,0,10,15,10,0,2,4,2,1,1,1,2
33038,33104,3,pv_pt,1,0,1,30,30,26,2,0,1.75,10,0,0,2,7,2,10,15,0,15,10,0,3,1,30,30,41,0,4,7,12,0,1.75,0,10,15,10,0,2,4,2,1,1,1,2
33038,33105,2,pt,1,1,1,30,20,23,6,2,4.5,20,0,12,2,12,12,10,5,0,10,0,2,1,3,30,20,33,12,14,12,6,2,6.5,0,10,5,20,0,3,4,2,1,1,1,2
33038,33105,1,pv,1,0,1,30,20,23,6,2,4.5,20,0,12,2,12,12,10,5,0,10,0,2,1,3,30,20,33,12,14,12,6,2,6.5,0,10,5,20,0,3,4,2,1,1,1,2
33038,33107,3,pv_pt,1,1,1,25,25,22,2,4,1.75,10,0,6,12,12,2,10,15,10,15,10,0,1,3,25,25,37,16,14,12,12,4,1.75,0,10,15,10,0,4,2,1,2,4,2,2
33038,33107,2,pt,1,1,0,25,25,22,2,4,1.75,10,0,6,12,12,2,10,15,10,15,10,0,1,3,25,25,37,16,14,12,12,4,1.75,0,10,15,10,0,4,2,1,2,4,2,2
33038,33108,2,pt,1,1,1,25,30,25,4,4,4.0,20,0,12,12,12,12,0,15,10,10,5,4,3,2,25,30,35,22,24,12,9,4,8.0,0,0,15,20,0,5,2,1,2,4,2,2
33038,33108,3,pv_pt,1,0,1,25,30,25,4,4,4.0,20,0,12,12,12,12,0,15,10,10,5,4,3,2,25,30,35,22,24,12,9,4,8.0,0,0,15,20,0,5,2,1,2,4,2,2
33038,33109,2,pt,1,1,1,20,25,18,2,0,1.75,0,0,12,2,7,12,0,15,5,5,5,4,2,1,20,25,23,17,14,7,7,0,5.75,0,0,15,0,0,6,2,1,2,4,2,2
33038,33109,3,pv_pt,1,0,1,20,25,18,2,0,1.75,0,0,12,2,7,12,0,15,5,5,5,4,2,1,20,25,23,17,14,7,7,0,5.75,0,0,15,0,0,6,2,1,2,4,2,2
33038,33111,3,pv_pt,1,1,1,30,30,26,2,4,1.75,0,20,12,2,12,7,0,5,10,15,10,4,1,2,30,30,41,22,9,12,12,4,5.75,0,0,5,0,20,7,1,1,2,3,2,2
33038,33111,1,pv,1,1,0,30,30,26,2,4,1.75,0,20,12,2,12,7,0,5,10,15,10,4,1,2,30,30,41,22,9,12,12,4,5.75,0,0,5,0,20,7,1,1,2,3,2,2
33038,33112,1,pv,1,1,1,25,30,25,4,4,4.0,10,10,6,7,7,7,5,10,5,10,0,2,1,3,25,30,35,11,14,7,4,4,6.0,0,5,10,10,10,8,1,1,2,3,2,2
33038,33112,2,pt,0,1,1,25,30,25,4,4,4.0,10,10,6,7,7,7,5,10,5,10,0,2,1,3,25,30,35,11,14,7,4,4,6.0,0,5,10,10,10,8,1,1,2,3,2,2
33038,33113,3,pv_pt,1,1,1,30,25,23,2,4,1.5,10,10,0,12,2,7,5,5,5,5,5,4,2,3,30,25,28,5,19,2,7,4,5.5,0,5,5,10,10,9,1,1,2,3,2,2
33038,33113,1,pv,1,1,0,30,25,23,2,4,1.5,10,10,0,12,2,7,5,5,5,5,5,4,2,3,30,25,28,5,19,2,7,4,5.5,0,5,5,10,10,9,1,1,2,3,2,2
33114,33195,2,pt,1,1,1,30,20,23,4,0,3.0,20,20,12,2,12,2,0,15,10,5,0,0,1,1,30,20,28,22,4,12,4,0,3.0,0,0,15,20,20,1,1,2,1,4,1,2
33114,33195,1,pv,1,0,1,30,20,23,4,0,3.0,20,20,12,2,12,2,0,15,10,5,0,0,1,1,30,20,28,22,4,12,4,0,3.0,0,0,15,20,20,1,1,2,1,4,1,2
33114,33196,1,pv,1,1,1,30,25,23,6,4,4.5,0,10,6,7,2,12,5,5,10,15,0,0,2,1,30,25,38,16,19,2,6,4,4.5,0,5,5,0,10,2,1,2,1,4,1,2
33114,33196,3,pv_pt,0,1,1,30,25,23,6,4,4.5,0,10,6,7,2,12,5,5,10,15,0,0,2,1,30,25,38,16,19,2,6,4,4.5,0,5,5,0,10,2,1,2,1,4,1,2
33114,33197,1,pv,1,1,1,25,30,25,4,4,4.0,10,10,6,7,7,7,5,10,5,10,0,2,1,3,25,30,35,11,14,7,4,4,6.0,0,5,10,10,10,3,1,2,1,4,1,2
33114,33197,3,pv_pt,0,1,1,25,30,25,4,4,4.0,10,10,6,7,7,7,5,10,5,10,0,2,1,3,25,30,35,11,14,7,4,4,6.0,0,5,10,10,10,3,1,2,1,4,1,2
33114,33200,2,pt,1,1,1,25,20,25,6,4,6.0,10,20,12,2,2,2,10,15,5,5,10,2,3,3,25,20,30,17,4,2,16,4,8.0,0,10,15,10,20,4,2,2,1,2,1,1
33114,33200,3,pv_pt,1,0,1,25,20,25,6,4,6.0,10,20,12,2,2,2,10,15,5,5,10,2,3,3,25,20,30,17,4,2,16,4,8.0,0,10,15,10,20,4,2,2,1,2,1,1
33114,33201,1,pv,1,1,1,20,25,18,2,2,1.75,10,10,0,7,7,7,5,10,5,10,0,2,2,3,20,25,28,5,14,7,2,2,3.75,0,5,10,10,10,5,2,2,1,2,1,1
33114,33201,2,pt,0,1,1,20,25,18,2,2,1.75,10,10,0,7,7,7,5,10,5,10,0,2,2,3,20,25,28,5,14,7,2,2,3.75,0,5,10,10,10,5,2,2,1,2,1,1
33114,33202,2,pt,1,1,1,20,25,18,2,0,1.75,0,0,12,2,7,12,0,15,5,5,5,4,2,1,20,25,23,17,14,7,7,0,5.75,0,0,15,0,0,6,2,2,1,2,1,1
33114,33202,1,pv,1,0,1,20,25,18,2,0,1.75,0,0,12,2,7,12,0,15,5,5,5,4,2,1,20,25,23,17,14,7,7,0,5.75,0,0,15,0,0,6,2,2,1,2,1,1
33114,33204,2,pt,1,1,1,25,20,25,6,4,6.0,20,0,6,2,7,2,0,5,0,15,10,2,2,2,25,20,40,6,4,7,16,4,8.0,0,0,5,20,0,7,4,1,2,4,1,2
33114,33204,1,pv,1,0,1,25,20,25,6,4,6.0,20,0,6,2,7,2,0,5,0,15,10,2,2,2,25,20,40,6,4,7,16,4,8.0,0,0,5,20,0,7,4,1,2,4,1,2
33114,33205,1,pv,1,1,1,30,20,30,2,0,2.0,0,10,12,12,7,12,5,10,0,15,10,0,3,3,30,20,45,12,24,7,12,0,2.0,0,5,10,0,10,8,4,1,2,4,1,2
33114,33205,3,pv_pt,0,1,1,30,20,30,2,0,2.0,0,10,12,12,7,12,5,10,0,15,10,0,3,3,30,20,45,12,24,7,12,0,2.0,0,5,10,0,10,8,4,1,2,4,1,2
33114,33206,1,pv,1,1,1,30,25,23,2,4,1.5,10,10,0,12,2,7,5,5,5,5,5,4,2,3,30,25,28,5,19,2,7,4,5.5,0,5,5,10,10,9,4,1,2,4,1,2
33114,33206,3,pv_pt,0,1,1,30,25,23,2,4,1.5,10,10,0,12,2,7,5,5,5,5,5,4,2,3,30,25,28,5,19,2,7,4,5.5,0,5,5,10,10,9,4,1,2,4,1,2
33115,33151,1,pv,1,1,1,30,25,23,2,4,1.5,10,10,0,12,2,7,5,5,5,5,5,4,2,3,30,25,28,5,19,2,7,4,5.5,0,5,5,10,10,1,4,2,1,3,2,2
33115,33151,3,pv_pt,0,1,1,30,25,23,2,4,1.5,10,10,0,12,2,7,5,5,5,5,5,4,2,3,30,25,28,5,19,2,7,4,5.5,0,5,5,10,10,1,4,2,1,3,2,2
33115,33153,2,pt,1,1,1,25,20,25,6,4,6.0,10,20,12,2,2,2,10,15,5,5,10,2,3,3,25,20,30,17,4,2,16,4,8.0,0,10,15,10,20,2,4,2,1,3,2,2
33115,33153,3,pv_pt,1,0,1,25,20,25,6,4,6.0,10,20,12,2,2,2,10,15,5,5,10,2,3,3,25,20,30,17,4,2,16,4,8.0,0,10,15,10,20,2,4,2,1,3,2,2
33115,33155,1,pv,1,1,1,20,25,18,4,4,1.75,0,10,0,7,7,7,5,10,0,10,0,2,1,1,20,25,28,0,14,7,4,4,3.75,0,5,10,0,10,3,4,2,1,3,2,2
33115,33155,2,pt,0,1,1,20,25,18,4,4,1.75,0,10,0,7,7,7,5,10,0,10,0,2,1,1,20,25,28,0,14,7,4,4,3.75,0,5,10,0,10,3,4,2,1,3,2,2
33115,33158,1,pv,1,1,1,30,25,23,6,4,4.5,0,10,6,7,2,12,5,5,10,15,0,0,2,1,30,25,38,16,19,2,6,4,4.5,0,5,5,0,10,4,1,2,2,2,2,2
33115,33158,3,pv_pt,0,1,1,30,25,23,6,4,4.5,0,10,6,7,2,12,5,5,10,15,0,0,2,1,30,25,38,16,19,2,6,4,4.5,0,5,5,0,10,4,1,2,2,2,2,2
33115,33159,1,pv,1,1,1,25,30,25,4,4,4.0,10,10,6,7,7,7,5,10,5,10,0,2,1,3,25,30,35,11,14,7,4,4,6.0,0,5,10,10,10,5,1,2,2,2,2,2
33115,33159,2,pt,0,1,1,25,30,25,4,4,4.0,10,10,6,7,7,7,5,10,5,10,0,2,1,3,25,30,35,11,14,7,4,4,6.0,0,5,10,10,10,5,1,2,2,2,2,2
33115,33160,2,pt,1,1,1,30,30,26,2,4,1.75,0,20,12,2,12,7,0,5,10,15,10,4,1,2,30,30,41,22,9,12,12,4,5.75,0,0,5,0,20,6,1,2,2,2,2,2
33115,33160,3,pv_pt,1,0,1,30,30,26,2,4,1.75,0,20,12,2,12,7,0,5,10,15,10,4,1,2,30,30,41,22,9,12,12,4,5.75,0,0,5,0,20,6,1,2,2,2,2,2
33115,33162,1,pv,1,1,1,30,25,23,6,2,4.5,0,10,6,12,2,7,10,15,5,10,5,4,2,2,30,25,33,11,19,2,11,2,8.5,0,10,15,0,10,7,3,2,1,1,2,1
33115,33162,3,pv_pt,0,1,1,30,25,23,6,2,4.5,0,10,6,12,2,7,10,15,5,10,5,4,2,2,30,25,33,11,19,2,11,2,8.5,0,10,15,0,10,7,3,2,1,1,2,1
33115,33163,2,pt,1,1,1,20,25,18,2,0,1.75,0,0,12,2,7,12,0,15,5,5,5,4,2,1,20,25,23,17,14,7,7,0,5.75,0,0,15,0,0,8,3,2,1,1,2,1
33115,33163,1,pv,1,0,1,20,25,18,2,0,1.75,0,0,12,2,7,12,0,15,5,5,5,4,2,1,20,25,23,17,14,7,7,0,5.75,0,0,15,0,0,8,3,2,1,1,2,1
33115,33164,2,pt,1,1,1,30,20,23,4,0,3.0,20,20,12,2,12,2,0,15,10,5,0,0,1,1,30,20,28,22,4,12,4,0,3.0,0,0,15,20,20,9,3,2,1,1,2,1
33115,33164,1,pv,1,0,1,30,20,23,4,0,3.0,20,20,12,2,12,2,0,15,10,5,0,0,1,1,30,20,28,22,4,12,4,0,3.0,0,0,15,20,20,9,3,2,1,1,2,1
33168,33182,1,pv,1,1,1,25,30,25,4,4,4.0,10,10,6,7,7,7,5,10,5,10,0,2,1,3,25,30,35,11,14,7,4,4,6.0,0,5,10,10,10,1,2,1,2,4,2,2
33168,33182,2,pt,0,1,1,25,30,25,4,4,4.0,10,10,6,7,7,7,5,10,5,10,0,2,1,3,25,30,35,11,14,7,4,4,6.0,0,5,10,10,10,1,2,1,2,4,2,2
33168,33183,2,pt,1,1,1,25,20,25,6,4,6.0,20,0,6,2,7,2,0,5,0,15,10,2,2,2,25,20,40,6,4,7,16,4,8.0,0,0,5,20,0,2,2,1,2,4,2,2
33168,33183,1,pv,1,0,1,25,20,25,6,4,6.0,20,0,6,2,7,2,0,5,0,15,10,2,2,2,25,20,40,6,4,7,16,4,8.0,0,0,5,20,0,2,2,1,2,4,2,2
33168,33184,2,pt,1,1,1,20,30,18,6,0,5.25,10,0,12,12,7,2,0,10,0,15,5,4,1,1,20,30,33,12,14,7,11,0,9.25,0,0,10,10,0,3,2,1,2,4,2,2
33168,33184,1,pv,1,0,1,20,30,18,6,0,5.25,10,0,12,12,7,2,0,10,0,15,5,4,1,1,20,30,33,12,14,7,11,0,9.25,0,0,10,10,0,3,2,1,2,4,2,2
33168,33186,3,pv_pt,1,1,1,20,30,20,4,2,4.0,0,10,12,12,2,2,10,5,10,5,5,0,3,1,20,30,25,22,14,2,9,2,4.0,0,10,5,0,10,4,4,2,2,3,2,1
33168,33186,1,pv,1,1,0,20,30,20,4,2,4.0,0,10,12,12,2,2,10,5,10,5,5,0,3,1,20,30,25,22,14,2,9,2,4.0,0,10,5,0,10,4,4,2,2,3,2,1
33168,33187,2,pt,1,1,1,25,30,25,4,4,4.0,20,0,12,12,12,12,0,15,10,10,5,4,3,2,25,30,35,22,24,12,9,4,8.0,0,0,15,20,0,5,4,2,2,3,2,1
33168,33187,1,pv,1,0,1,25,30,25,4,4,4.0,20,0,12,12,12,12,0,15,10,10,5,4,3,2,25,30,35,22,24,12,9,4,8.0,0,0,15,20,0,5,4,2,2,3,2,1
33168,33188,1,pv,1,1,1,30,25,23,6,4,4.5,0,10,6,7,2,12,5,5,10,15,0,0,2,1,30,25,38,16,19,2,6,4,4.5,0,5,5,0,10,6,4,2,2,3,2,1
33168,33188,3,pv_pt,0,1,1,30,25,23,6,4,4.5,0,10,6,7,2,12,5,5,10,15,0,0,2,1,30,25,38,16,19,2,6,4,4.5,0,5,5,0,10,6,4,2,2,3,2,1
33168,33190,1,pv,1,1,1,20,25,15,4,2,3.0,20,20,6,7,2,12,5,15,0,5,5,0,2,2,20,25,20,6,19,2,9,2,3.0,0,5,15,20,20,7,4,1,1,4,1,1
33168,33190,3,pv_pt,0,1,1,20,25,15,4,2,3.0,20,20,6,7,2,12,5,15,0,5,5,0,2,2,20,25,20,6,19,2,9,2,3.0,0,5,15,20,20,7,4,1,1,4,1,1
33168,33191,1,pv,1,1,1,30,30,26,2,0,1.75,10,0,0,2,7,2,10,15,0,15,10,0,3,1,30,30,41,0,4,7,12,0,1.75,0,10,15,10,0,8,4,1,1,4,1,1
33168,33191,2,pt,0,1,1,30,30,26,2,0,1.75,10,0,0,2,7,2,10,15,0,15,10,0,3,1,30,30,41,0,4,7,12,0,1.75,0,10,15,10,0,8,4,1,1,4,1,1
33168,33192,2,pt,1,1,1,30,20,23,4,0,3.0,20,20,12,2,12,2,0,15,10,5,0,0,1,1,30,20,28,22,4,12,4,0,3.0,0,0,15,20,20,9,4,1,1,4,1,1
33168,33192,3,pv_pt,1,0,1,30,20,23,4,0,3.0,20,20,12,2,12,2,0,15,10,5,0,0,1,1,30,20,28,22,4,12,4,0,3.0,0,0,15,20,20,9,4,1,1,4,1,1
33199,33252,1,pv,1,1,1,20,25,15,4,2,3.0,20,20,6,7,2,12,5,15,0,5,5,0,2,2,20,25,20,6,19,2,9,2,3.0,0,5,15,20,20,1,1,1,2,3,2,2
33199,33252,3,pv_pt,0,1,1,20,25,15,4,2,3.0,20,20,6,7,2,12,5,15,0,5,5,0,2,2,20,25,20,6,19,2,9,2,3.0,0,5,15,20,20,1,1,1,2,3,2,2
33199,33254,1,pv,1,1,1,20,20,15,2,2,1.5,20,10,6,7,2,12,10,5,5,15,5,4,3,1,20,20,30,11,19,2,7,2,5.5,0,10,5,20,10,2,1,1,2,3,2,2
33199,33254,2,pt,0,1,1,20,20,15,2,2,1.5,20,10,6,7,2,12,10,5,5,15,5,4,3,1,20,20,30,11,19,2,7,2,5.5,0,10,5,20,10,2,1,1,2,3,2,2
33199,33256,1,pv,1,1,1,30,25,23,2,4,1.5,10,10,0,12,2,7,5,5,5,5,5,4,2,3,30,25,28,5,19,2,7,4,5.5,0,5,5,10,10,3,1,1,2,3,2,2
33199,33256,3,pv_pt,0,1,1,30,25,23,2,4,1.5,10,10,0,12,2,7,5,5,5,5,5,4,2,3,30,25,28,5,19,2,7,4,5.5,0,5,5,10,10,3,1,1,2,3,2,2
33199,33260,1,pv,1,1,1,25,30,25,4,4,4.0,10,10,6,7,7,7,5,10,5,10,0,2,1,3,25,30,35,11,14,7,4,4,6.0,0,5,10,10,10,4,1,2,2,2,2,2
33199,33260,3,pv_pt,0,1,1,25,30,25,4,4,4.0,10,10,6,7,7,7,5,10,5,10,0,2,1,3,25,30,35,11,14,7,4,4,6.0,0,5,10,10,10,4,1,2,2,2,2,2
33199,33261,1,pv,1,1,1,25,25,22,2,2,1.75,20,20,6,7,2,7,5,5,5,5,0,0,3,2,25,25,27,11,14,2,2,2,1.75,0,5,5,20,20,5,1,2,2,2,2,2
33199,33261,3,pv_pt,0,1,1,25,25,22,2,2,1.75,20,20,6,7,2,7,5,5,5,5,0,0,3,2,25,25,27,11,14,2,2,2,1.75,0,5,5,20,20,5,1,2,2,2,2,2
33199,33263,1,pv,1,1,1,20,30,20,6,0,6.0,10,0,0,2,12,12,10,10,10,10,10,0,1,2,20,30,30,10,14,12,16,0,6.0,0,10,10,10,0,6,1,2,2,2,2,2
33199,33263,3,pv_pt,0,1,1,20,30,20,6,0,6.0,10,0,0,2,12,12,10,10,10,10,10,0,1,2,20,30,30,10,14,12,16,0,6.0,0,10,10,10,0,6,1,2,2,2,2,2
33199,33267,1,pv,1,1,1,20,30,18,6,0,5.25,10,0,12,12,7,2,0,10,0,15,5,4,1,1,20,30,33,12,14,7,11,0,9.25,0,0,10,10,0,7,2,1,2,4,2,2
33199,33267,2,pt,0,1,1,20,30,18,6,0,5.25,10,0,12,12,7,2,0,10,0,15,5,4,1,1,20,30,33,12,14,7,11,0,9.25,0,0,10,10,0,7,2,1,2,4,2,2
33199,33269,1,pv,1,1,1,30,25,23,6,2,4.5,0,10,6,12,2,7,10,15,5,10,5,4,2,2,30,25,33,11,19,2,11,2,8.5,0,10,15,0,10,8,2,1,2,4,2,2
33199,33269,3,pv_pt,0,1,1,30,25,23,6,2,4.5,0,10,6,12,2,7,10,15,5,10,5,4,2,2,30,25,33,11,19,2,11,2,8.5,0,10,15,0,10,8,2,1,2,4,2,2
33199,33271,1,pv,1,1,1,30,30,30,4,0,4.0,20,20,0,12,12,2,10,10,5,5,10,4,2,1,30,30,35,5,14,12,14,0,8.0,0,10,10,20,20,9,2,1,2,4,2,2
33199,33271,2,pt,0,1,1,30,30,30,4,0,4.0,20,20,0,12,12,2,10,10,5,5,10,4,2,1,30,30,35,5,14,12,14,0,8.0,0,10,10,20,20,9,2,1,2,4,2,2
33246,33298,1,pv,1,1,1,20,25,18,2,2,1.75,10,10,0,7,7,7,5,10,5,10,0,2,2,3,20,25,28,5,14,7,2,2,3.75,0,5,10,10,10,1,2,1,1,3,1,1
33246,33298,2,pt,0,1,1,20,25,18,2,2,1.75,10,10,0,7,7,7,5,10,5,10,0,2,2,3,20,25,28,5,14,7,2,2,3.75,0,5,10,10,10,1,2,1,1,3,1,1
33246,33301,1,pv,1,1,1,20,25,15,4,2,3.0,20,20,6,7,2,12,5,15,0,5,5,0,2,2,20,25,20,6,19,2,9,2,3.0,0,5,15,20,20,2,2,1,1,3,1,1
33246,33301,2,pt,0,1,1,20,25,15,4,2,3.0,20,20,6,7,2,12,5,15,0,5,5,0,2,2,20,25,20,6,19,2,9,2,3.0,0,5,15,20,20,2,2,1,1,3,1,1
33246,33303,2,pt,1,1,1,25,20,25,6,4,6.0,20,0,6,2,7,2,0,5,0,15,10,2,2,2,25,20,40,6,4,7,16,4,8.0,0,0,5,20,0,3,2,1,1,3,1,1
33246,33303,1,pv,1,0,1,25,20,25,6,4,6.0,20,0,6,2,7,2,0,5,0,15,10,2,2,2,25,20,40,6,4,7,16,4,8.0,0,0,5,20,0,3,2,1,1,3,1,1
33246,33306,1,pv,1,1,1,25,20,22,4,0,3.5,10,0,0,7,12,2,0,10,10,10,0,2,3,2,25,20,32,10,9,12,4,0,5.5,0,0,10,10,0,4,4,1,2,4,1,2
33246,33306,2,pt,0,1,1,25,20,22,4,0,3.5,10,0,0,7,12,2,0,10,10,10,0,2,3,2,25,20,32,10,9,12,4,0,5.5,0,0,10,10,0,4,4,1,2,4,1,2
33246,33309,2,pt,1,1,1,25,20,25,6,0,6.0,20,20,0,12,2,12,0,15,10,15,5,4,1,3,25,20,40,10,24,2,11,0,10.0,0,0,15,20,20,5,4,1,2,4,1,2
33246,33309,1,pv,1,0,1,25,20,25,6,0,6.0,20,20,0,12,2,12,0,15,10,15,5,4,1,3,25,20,40,10,24,2,11,0,10.0,0,0,15,20,20,5,4,1,2,4,1,2
33246,33311,2,pt,1,1,1,25,25,22,2,4,1.75,10,0,6,12,12,2,10,15,10,15,10,0,1,3,25,25,37,16,14,12,12,4,1.75,0,10,15,10,0,6,4,1,2,4,1,2
33246,33311,1,pv,1,0,1,25,25,22,2,4,1.75,10,0,6,12,12,2,10,15,10,15,10,0,1,3,25,25,37,16,14,12,12,4,1.75,0,10,15,10,0,6,4,1,2,4,1,2
33246,33314,3,pv_pt,1,1,1,20,30,20,4,2,4.0,0,10,12,12,2,2,10,5,10,5,5,0,3,1,20,30,25,22,14,2,9,2,4.0,0,10,5,0,10,7,2,1,1,1,2,2
33246,33314,1,pv,1,1,0,20,30,20,4,2,4.0,0,10,12,12,2,2,10,5,10,5,5,0,3,1,20,30,25,22,14,2,9,2,4.0,0,10,5,0,10,7,2,1,1,1,2,2
33246,33317,3,pv_pt,1,1,1,20,20,15,2,2,1.5,20,10,6,7,2,12,10,5,5,15,5,4,3,1,20,20,30,11,19,2,7,2,5.5,0,10,5,20,10,8,2,1,1,1,2,2
33246,33317,1,pv,1,1,0,20,20,15,2,2,1.5,20,10,6,7,2,12,10,5,5,15,5,4,3,1,20,20,30,11,19,2,7,2,5.5,0,10,5,20,10,8,2,1,1,1,2,2
33246,33319,1,pv,1,1,1,30,20,23,6,2,4.5,20,0,12,2,12,12,10,5,0,10,0,2,1,3,30,20,33,12,14,12,6,2,6.5,0,10,5,20,0,9,2,1,1,1,2,2
33246,33319,3,pv_pt,0,1,1,30,20,23,6,2,4.5,20,0,12,2,12,12,10,5,0,10,0,2,1,3,30,20,33,12,14,12,6,2,6.5,0,10,5,20,0,9,2,1,1,1,2,2
33247,33300,2,pt,1,1,1,20,30,20,6,0,6.0,10,0,0,2,12,12,10,10,10,10,10,0,1,2,20,30,30,10,14,12,16,0,6.0,0,10,10,10,0,1,3,2,2,3,1,1
33247,33300,3,pv_pt,1,0,1,20,30,20,6,0,6.0,10,0,0,2,12,12,10,10,10,10,10,0,1,2,20,30,30,10,14,12,16,0,6.0,0,10,10,10,0,1,3,2,2,3,1,1
33247,33302,3,pv_pt,1,1,1,20,30,18,6,0,5.25,10,0,12,12,7,2,0,10,0,15,5,4,1,1,20,30,33,12,14,7,11,0,9.25,0,0,10,10,0,2,3,2,2,3,1,1
33247,33302,2,pt,1,1,0,20,30,18,6,0,5.25,10,0,12,12,7,2,0,10,0,15,5,4,1,1,20,30,33,12,14,7,11,0,9.25,0,0,10,10,0,2,3,2,2,3,1,1
33247,33304,3,pv_pt,1,1,1,30,25,23,2,4,1.5,10,10,0,12,2,7,5,5,5,5,5,4,2,3,30,25,28,5,19,2,7,4,5.5,0,5,5,10,10,3,3,2,2,3,1,1
33247,33304,1,pv,1,1,0,30,25,23,2,4,1.5,10,10,0,12,2,7,5,5,5,5,5,4,2,3,30,25,28,5,19,2,7,4,5.5,0,5,5,10,10,3,3,2,2,3,1,1
33247,33308,3,pv_pt,1,1,1,20,30,20,4,2,4.0,0,10,12,12,2,2,10,5,10,5,5,0,3,1,20,30,25,22,14,2,9,2,4.0,0,10,5,0,10,4,1,1,1,2,2,1
33247,33308,2,pt,1,1,0,20,30,20,4,2,4.0,0,10,12,12,2,2,10,5,10,5,5,0,3,1,20,30,25,22,14,2,9,2,4.0,0,10,5,0,10,4,1,1,1,2,2,1
33247,33310,3,pv_pt,1,1,1,25,20,25,6,4,6.0,10,20,12,2,2,2,10,15,5,5,10,2,3,3,25,20,30,17,4,2,16,4,8.0,0,10,15,10,20,5,1,1,1,2,2,1
33247,33310,1,pv,1,1,0,25,20,25,6,4,6.0,10,20,12,2,2,2,10,15,5,5,10,2,3,3,25,20,30,17,4,2,16,4,8.0,0,10,15,10,20,5,1,1,1,2,2,1
33247,33312,3,pv_pt,1,1,1,20,20,15,2,2,1.5,20,10,6,7,2,12,10,5,5,15,5,4,3,1,20,20,30,11,19,2,7,2,5.5,0,10,5,20,10,6,1,1,1,2,2,1
33247,33312,2,pt,1,1,0,20,20,15,2,2,1.5,20,10,6,7,2,12,10,5,5,15,5,4,3,1,20,20,30,11,19,2,7,2,5.5,0,10,5,20,10,6,1,1,1,2,2,1
33247,33316,3,pv_pt,1,1,1,25,25,22,2,2,1.75,20,20,6,7,2,7,5,5,5,5,0,0,3,2,25,25,27,11,14,2,2,2,1.75,0,5,5,20,20,7,1,1,1,3,2,1
33247,33316,1,pv,1,1,0,25,25,22,2,2,1.75,20,20,6,7,2,7,5,5,5,5,0,0,3,2,25,25,27,11,14,2,2,2,1.75,0,5,5,20,20,7,1,1,1,3,2,1
33247,33318,1,pv,1,1,1,25,25,22,2,4,1.75,10,0,6,12,12,2,10,15,10,15,10,0,1,3,25,25,37,16,14,12,12,4,1.75,0,10,15,10,0,8,1,1,1,3,2,1
33247,33318,3,pv_pt,0,1,1,25,25,22,2,4,1.75,10,0,6,12,12,2,10,15,10,15,10,0,1,3,25,25,37,16,14,12,12,4,1.75,0,10,15,10,0,8,1,1,1,3,2,1
33247,33320,1,pv,1,1,1,20,30,15,6,2,4.5,0,20,0,2,12,7,0,5,0,5,10,2,3,3,20,30,20,0,9,12,16,2,6.5,0,0,5,0,20,9,1,1,1,3,2,1
33247,33320,2,pt,0,1,1,20,30,15,6,2,4.5,0,20,0,2,12,7,0,5,0,5,10,2,3,3,20,30,20,0,9,12,16,2,6.5,0,0,5,0,20,9,1,1,1,3,2,1
33321,33339,1,pv,1,1,1,20,25,15,4,2,3.0,20,20,6,7,2,12,5,15,0,5,5,0,2,2,20,25,20,6,19,2,9,2,3.0,0,5,15,20,20,1,3,1,2,2,1,1
33321,33339,2,pt,0,1,1,20,25,15,4,2,3.0,20,20,6,7,2,12,5,15,0,5,5,0,2,2,20,25,20,6,19,2,9,2,3.0,0,5,15,20,20,1,3,1,2,2,1,1
33321,33340,1,pv,1,1,1,25,25,22,2,2,1.75,20,20,6,7,2,7,5,5,5,5,0,0,3,2,25,25,27,11,14,2,2,2,1.75,0,5,5,20,20,2,3,1,2,2,1,1
33321,33340,2,pt,0,1,1,25,25,22,2,2,1.75,20,20,6,7,2,7,5,5,5,5,0,0,3,2,25,25,27,11,14,2,2,2,1.75,0,5,5,20,20,2,3,1,2,2,1,1
33321,33341,1,pv,1,1,1,30,20,23,6,2,4.5,20,0,12,2,12,12,10,5,0,10,0,2,1,3,30,20,33,12,14,12,6,2,6.5,0,10,5,20,0,3,3,1,2,2,1,1
33321,33341,2,pt,0,1,1,30,20,23,6,2,4.5,20,0,12,2,12,12,10,5,0,10,0,2,1,3,30,20,33,12,14,12,6,2,6.5,0,10,5,20,0,3,3,1,2,2,1,1
33321,33343,1,pv,1,1,1,25,20,25,6,4,6.0,20,0,6,2,7,2,0,5,0,15,10,2,2,2,25,20,40,6,4,7,16,4,8.0,0,0,5,20,0,4,4,2,2,2,2,1
33321,33343,2,pt,0,1,1,25,20,25,6,4,6.0,20,0,6,2,7,2,0,5,0,15,10,2,2,2,25,20,40,6,4,7,16,4,8.0,0,0,5,20,0,4,4,2,2,2,2,1
33321,33344,1,pv,1,1,1,20,30,18,6,0,5.25,10,0,12,12,7,2,0,10,0,15,5,4,1,1,20,30,33,12,14,7,11,0,9.25,0,0,10,10,0,5,4,2,2,2,2,1
33321,33344,2,pt,0,1,1,20,30,18,6,0,5.25,10,0,12,12,7,2,0,10,0,15,5,4,1,1,20,30,33,12,14,7,11,0,9.25,0,0,10,10,0,5,4,2,2,2,2,1
33321,33345,1,pv,1,1,1,25,30,25,4,4,4.0,20,0,12,12,12,12,0,15,10,10,5,4,3,2,25,30,35,22,24,12,9,4,8.0,0,0,15,20,0,6,4,2,2,2,2,1
33321,33345,2,pt,0,1,1,25,30,25,4,4,4.0,20,0,12,12,12,12,0,15,10,10,5,4,3,2,25,30,35,22,24,12,9,4,8.0,0,0,15,20,0,6,4,2,2,2,2,1
33321,33347,1,pv,1,1,1,30,25,23,2,4,1.5,10,10,0,12,2,7,5,5,5,5,5,4,2,3,30,25,28,5,19,2,7,4,5.5,0,5,5,10,10,7,1,1,2,1,1,2
33321,33347,2,pt,0,1,1,30,25,23,2,4,1.5,10,10,0,12,2,7,5,5,5,5,5,4,2,3,30,25,28,5,19,2,7,4,5.5,0,5,5,10,10,7,1,1,2,1,1,2
33321,33348,1,pv,1,1,1,25,20,22,4,0,3.5,10,0,0,7,12,2,0,10,10,10,0,2,3,2,25,20,32,10,9,12,4,0,5.5,0,0,10,10,0,8,1,1,2,1,1,2
33321,33348,2,pt,0,1,1,25,20,22,4,0,3.5,10,0,0,7,12,2,0,10,10,10,0,2,3,2,25,20,32,10,9,12,4,0,5.5,0,0,10,10,0,8,1,1,2,1,1,2
33321,33349,1,pv,1,1,1,20,25,18,4,4,1.75,0,10,0,7,7,7,5,10,0,10,0,2,1,1,20,25,28,0,14,7,4,4,3.75,0,5,10,0,10,9,1,1,2,1,1,2
33321,33349,2,pt,0,1,1,20,25,18,4,4,1.75,0,10,0,7,7,7,5,10,0,10,0,2,1,1,20,25,28,0,14,7,4,4,3.75,0,5,10,0,10,9,1,1,2,1,1,2
33322,33364,1,pv,1,1,1,20,25,15,4,2,3.0,20,20,6,7,2,12,5,15,0,5,5,0,2,2,20,25,20,6,19,2,9,2,3.0,0,5,15,20,20,1,1,1,1,3,2,1
33322,33364,3,pv_pt,0,1,1,20,25,15,4,2,3.0,20,20,6,7,2,12,5,15,0,5,5,0,2,2,20,25,20,6,19,2,9,2,3.0,0,5,15,20,20,1,1,1,1,3,2,1
33322,33365,1,pv,1,1,1,25,20,25,6,0,6.0,20,20,0,12,2,12,0,15,10,15,5,4,1,3,25,20,40,10,24,2,11,0,10.0,0,0,15,20,20,2,1,1,1,3,2,1
33322,33365,2,pt,0,1,1,25,20,25,6,0,6.0,20,20,0,12,2,12,0,15,10,15,5,4,1,3,25,20,40,10,24,2,11,0,10.0,0,0,15,20,20,2,1,1,1,3,2,1
33322,33366,1,pv,1,1,1,25,25,22,4,2,3.5,0,20,6,7,7,7,5,10,0,10,0,2,2,2,25,25,32,6,14,7,4,2,5.5,0,5,10,0,20,3,1,1,1,3,2,1
33322,33366,2,pt,0,1,1,25,25,22,4,2,3.5,0,20,6,7,7,7,5,10,0,10,0,2,2,2,25,25,32,6,14,7,4,2,5.5,0,5,10,0,20,3,1,1,1,3,2,1
33322,33368,3,pv_pt,1,1,1,20,30,20,6,0,6.0,10,0,0,2,12,12,10,10,10,10,10,0,1,2,20,30,30,10,14,12,16,0,6.0,0,10,10,10,0,4,3,2,1,1,2,1
33322,33368,1,pv,1,1,0,20,30,20,6,0,6.0,10,0,0,2,12,12,10,10,10,10,10,0,1,2,20,30,30,10,14,12,16,0,6.0,0,10,10,10,0,4,3,2,1,1,2,1
33322,33369,1,pv,1,1,1,25,30,25,4,4,4.0,10,10,6,7,7,7,5,10,5,10,0,2,1,3,25,30,35,11,14,7,4,4,6.0,0,5,10,10,10,5,3,2,1,1,2,1
33322,33369,2,pt,0,1,1,25,30,25,4,4,4.0,10,10,6,7,7,7,5,10,5,10,0,2,1,3,25,30,35,11,14,7,4,4,6.0,0,5,10,10,10,5,3,2,1,1,2,1
33322,33370,1,pv,1,1,1,20,25,18,4,4,1.75,0,10,0,7,7,7,5,10,0,10,0,2,1,1,20,25,28,0,14,7,4,4,3.75,0,5,10,0,10,6,3,2,1,1,2,1
33322,33370,3,pv_pt,0,1,1,20,25,18,4,4,1.75,0,10,0,7,7,7,5,10,0,10,0,2,1,1,20,25,28,0,14,7,4,4,3.75,0,5,10,0,10,6,3,2,1,1,2,1
33322,33372,2,pt,1,1,1,25,30,25,4,4,4.0,20,0,12,12,12,12,0,15,10,10,5,4,3,2,25,30,35,22,24,12,9,4,8.0,0,0,15,20,0,7,2,1,2,4,2,2
33322,33372,1,pv,1,0,1,25,30,25,4,4,4.0,20,0,12,12,12,12,0,15,10,10,5,4,3,2,25,30,35,22,24,12,9,4,8.0,0,0,15,20,0,7,2,1,2,4,2,2
33322,33373,2,pt,1,1,1,30,25,23,6,2,4.5,0,10,6,12,2,7,10,15,5,10,5,4,2,2,30,25,33,11,19,2,11,2,8.5,0,10,15,0,10,8,2,1,2,4,2,2
33322,33373,1,pv,1,0,1,30,25,23,6,2,4.5,0,10,6,12,2,7,10,15,5,10,5,4,2,2,30,25,33,11,19,2,11,2,8.5,0,10,15,0,10,8,2,1,2,4,2,2
33322,33374,2,pt,1,1,1,20,20,15,2,2,1.5,20,10,6,7,2,12,10,5,5,15,5,4,3,1,20,20,30,11,19,2,7,2,5.5,0,10,5,20,10,9,2,1,2,4,2,2
33322,33374,1,pv,1,0,1,20,20,15,2,2,1.5,20,10,6,7,2,12,10,5,5,15,5,4,3,1,20,20,30,11,19,2,7,2,5.5,0,10,5,20,10,9,2,1,2,4,2,2
33335,33390,2,pt,1,1,1,25,20,25,6,4,6.0,10,20,12,2,2,2,10,15,5,5,10,2,3,3,25,20,30,17,4,2,16,4,8.0,0,10,15,10,20,1,4,2,1,1,1,2
33335,33390,1,pv,1,0,1,25,20,25,6,4,6.0,10,20,12,2,2,2,10,15,5,5,10,2,3,3,25,20,30,17,4,2,16,4,8.0,0,10,15,10,20,1,4,2,1,1,1,2
33335,33391,2,pt,1,1,1,25,30,25,4,4,4.0,20,0,12,12,12,12,0,15,10,10,5,4,3,2,25,30,35,22,24,12,9,4,8.0,0,0,15,20,0,2,4,2,1,1,1,2
33335,33391,1,pv,1,0,1,25,30,25,4,4,4.0,20,0,12,12,12,12,0,15,10,10,5,4,3,2,25,30,35,22,24,12,9,4,8.0,0,0,15,20,0,2,4,2,1,1,1,2
33335,33392,1,pv,1,1,1,20,20,15,2,2,1.5,20,10,6,7,2,12,10,5,5,15,5,4,3,1,20,20,30,11,19,2,7,2,5.5,0,10,5,20,10,3,4,2,1,1,1,2
33335,33392,3,pv_pt,0,1,1,20,20,15,2,2,1.5,20,10,6,7,2,12,10,5,5,15,5,4,3,1,20,20,30,11,19,2,7,2,5.5,0,10,5,20,10,3,4,2,1,1,1,2
33335,33394,2,pt,1,1,1,25,20,25,6,4,6.0,20,0,6,2,7,2,0,5,0,15,10,2,2,2,25,20,40,6,4,7,16,4,8.0,0,0,5,20,0,4,4,2,2,2,2,1
33335,33394,1,pv,1,0,1,25,20,25,6,4,6.0,20,0,6,2,7,2,0,5,0,15,10,2,2,2,25,20,40,6,4,7,16,4,8.0,0,0,5,20,0,4,4,2,2,2,2,1
33335,33395,1,pv,1,1,1,20,30,15,6,2,4.5,0,20,0,2,12,7,0,5,0,5,10,2,3,3,20,30,20,0,9,12,16,2,6.5,0,0,5,0,20,5,4,2,2,2,2,1
33335,33395,2,pt,0,1,1,20,30,15,6,2,4.5,0,20,0,2,12,7,0,5,0,5,10,2,3,3,20,30,20,0,9,12,16,2,6.5,0,0,5,0,20,5,4,2,2,2,2,1
33335,33396,2,pt,1,1,1,30,20,23,4,0,3.0,20,20,12,2,12,2,0,15,10,5,0,0,1,1,30,20,28,22,4,12,4,0,3.0,0,0,15,20,20,6,4,2,2,2,2,1
33335,33396,1,pv,1,0,1,30,20,23,4,0,3.0,20,20,12,2,12,2,0,15,10,5,0,0,1,1,30,20,28,22,4,12,4,0,3.0,0,0,15,20,20,6,4,2,2,2,2,1
33335,33398,3,pv_pt,1,1,1,25,25,22,2,2,1.75,20,20,6,7,2,7,5,5,5,5,0,0,3,2,25,25,27,11,14,2,2,2,1.75,0,5,5,20,20,7,2,1,1,3,1,1
33335,33398,1,pv,1,1,0,25,25,22,2,2,1.75,20,20,6,7,2,7,5,5,5,5,0,0,3,2,25,25,27,11,14,2,2,2,1.75,0,5,5,20,20,7,2,1,1,3,1,1
33335,33399,2,pt,1,1,1,30,20,23,6,2,4.5,20,0,12,2,12,12,10,5,0,10,0,2,1,3,30,20,33,12,14,12,6,2,6.5,0,10,5,20,0,8,2,1,1,3,1,1
33335,33399,3,pv_pt,1,0,1,30,20,23,6,2,4.5,20,0,12,2,12,12,10,5,0,10,0,2,1,3,30,20,33,12,14,12,6,2,6.5,0,10,5,20,0,8,2,1,1,3,1,1
33335,33400,1,pv,1,1,1,30,25,23,6,4,4.5,0,10,6,7,2,12,5,5,10,15,0,0,2,1,30,25,38,16,19,2,6,4,4.5,0,5,5,0,10,9,2,1,1,3,1,1
33335,33400,3,pv_pt,0,1,1,30,25,23,6,4,4.5,0,10,6,7,2,12,5,5,10,15,0,0,2,1,30,25,38,16,19,2,6,4,4.5,0,5,5,0,10,9,2,1,1,3,1,1
33350,33352,3,pv_pt,1,1,1,25,20,25,6,4,6.0,20,0,6,2,7,2,0,5,0,15,10,2,2,2,25,20,40,6,4,7,16,4,8.0,0,0,5,20,0,1,3,1,1,2,1,2
33350,33352,1,pv,1,1,0,25,20,25,6,4,6.0,20,0,6,2,7,2,0,5,0,15,10,2,2,2,25,20,40,6,4,7,16,4,8.0,0,0,5,20,0,1,3,1,1,2,1,2
33350,33353,3,pv_pt,1,1,1,20,30,15,6,2,4.5,0,20,0,2,12,7,0,5,0,5,10,2,3,3,20,30,20,0,9,12,16,2,6.5,0,0,5,0,20,2,3,1,1,2,1,2
33350,33353,1,pv,1,1,0,20,30,15,6,2,4.5,0,20,0,2,12,7,0,5,0,5,10,2,3,3,20,30,20,0,9,12,16,2,6.5,0,0,5,0,20,2,3,1,1,2,1,2
33350,33354,3,pv_pt,1,1,1,30,20,23,6,2,4.5,20,0,12,2,12,12,10,5,0,10,0,2,1,3,30,20,33,12,14,12,6,2,6.5,0,10,5,20,0,3,3,1,1,2,1,2
33350,33354,2,pt,1,1,0,30,20,23,6,2,4.5,20,0,12,2,12,12,10,5,0,10,0,2,1,3,30,20,33,12,14,12,6,2,6.5,0,10,5,20,0,3,3,1,1,2,1,2
33350,33356,1,pv,1,1,1,25,25,22,2,2,1.75,20,20,6,7,2,7,5,5,5,5,0,0,3,2,25,25,27,11,14,2,2,2,1.75,0,5,5,20,20,4,1,1,1,3,2,1
33350,33356,3,pv_pt,0,1,1,25,25,22,2,2,1.75,20,20,6,7,2,7,5,5,5,5,0,0,3,2,25,25,27,11,14,2,2,2,1.75,0,5,5,20,20,4,1,1,1,3,2,1
33350,33357,2,pt,1,1,1,30,30,26,2,0,1.75,10,0,0,2,7,2,10,15,0,15,10,0,3,1,30,30,41,0,4,7,12,0,1.75,0,10,15,10,0,5,1,1,1,3,2,1
33350,33357,3,pv_pt,1,0,1,30,30,26,2,0,1.75,10,0,0,2,7,2,10,15,0,15,10,0,3,1,30,30,41,0,4,7,12,0,1.75,0,10,15,10,0,5,1,1,1,3,2,1
33350,33358,1,pv,1,1,1,25,20,22,4,0,3.5,10,0,0,7,12,2,0,10,10,10,0,2,3,2,25,20,32,10,9,12,4,0,5.5,0,0,10,10,0,6,1,1,1,3,2,1
33350,33358,3,pv_pt,0,1,1,25,20,22,4,0,3.5,10,0,0,7,12,2,0,10,10,10,0,2,3,2,25,20,32,10,9,12,4,0,5.5,0,0,10,10,0,6,1,1,1,3,2,1
33350,33360,1,pv,1,1,1,20,25,18,2,2,1.75,10,10,0,7,7,7,5,10,5,10,0,2,2,3,20,25,28,5,14,7,2,2,3.75,0,5,10,10,10,7,2,2,1,4,2,1
33350,33360,3,pv_pt,0,1,1,20,25,18,2,2,1.75,10,10,0,7,7,7,5,10,5,10,0,2,2,3,20,25,28,5,14,7,2,2,3.75,0,5,10,10,10,7,2,2,1,4,2,1
33350,33361,3,pv_pt,1,1,1,25,20,25,6,4,6.0,10,20,12,2,2,2,10,15,5,5,10,2,3,3,25,20,30,17,4,2,16,4,8.0,0,10,15,10,20,8,2,2,1,4,2,1
33350,33361,1,pv,1,1,0,25,20,25,6,4,6.0,10,20,12,2,2,2,10,15,5,5,10,2,3,3,25,20,30,17,4,2,16,4,8.0,0,10,15,10,20,8,2,2,1,4,2,1
33350,33362,2,pt,1,1,1,30,20,23,4,0,3.0,20,20,12,2,12,2,0,15,10,5,0,0,1,1,30,20,28,22,4,12,4,0,3.0,0,0,15,20,20,9,2,2,1,4,2,1
33350,33362,3,pv_pt,1,0,1,30,20,23,4,0,3.0,20,20,12,2,12,2,0,15,10,5,0,0,1,1,30,20,28,22,4,12,4,0,3.0,0,0,15,20,20,9,2,2,1,4,2,1
33388,33415,1,pv,1,1,1,25,30,25,4,4,4.0,10,10,6,7,7,7,5,10,5,10,0,2,1,3,25,30,35,11,14,7,4,4,6.0,0,5,10,10,10,1,4,2,2,2,2,1
33388,33415,2,pt,0,1,1,25,30,25,4,4,4.0,10,10,6,7,7,7,5,10,5,10,0,2,1,3,25,30,35,11,14,7,4,4,6.0,0,5,10,10,10,1,4,2,2,2,2,1
33388,33416,1,pv,1,1,1,25,30,25,4,4,4.0,20,0,12,12,12,12,0,15,10,10,5,4,3,2,25,30,35,22,24,12,9,4,8.0,0,0,15,20,0,2,4,2,2,2,2,1
33388,33416,2,pt,0,1,1,25,30,25,4,4,4.0,20,0,12,12,12,12,0,15,10,10,5,4,3,2,25,30,35,22,24,12,9,4,8.0,0,0,15,20,0,2,4,2,2,2,2,1
33388,33417,2,pt,1,1,1,30,20,23,4,0,3.0,20,20,12,2,12,2,0,15,10,5,0,0,1,1,30,20,28,22,4,12,4,0,3.0,0,0,15,20,20,3,4,2,2,2,2,1
33388,33417,1,pv,1,0,1,30,20,23,4,0,3.0,20,20,12,2,12,2,0,15,10,5,0,0,1,1,30,20,28,22,4,12,4,0,3.0,0,0,15,20,20,3,4,2,2,2,2,1
33388,33420,1,pv,1,1,1,20,25,18,2,0,1.75,0,0,12,2,7,12,0,15,5,5,5,4,2,1,20,25,23,17,14,7,7,0,5.75,0,0,15,0,0,4,3,1,1,2,1,2
33388,33420,2,pt,0,1,1,20,25,18,2,0,1.75,0,0,12,2,7,12,0,15,5,5,5,4,2,1,20,25,23,17,14,7,7,0,5.75,0,0,15,0,0,4,3,1,1,2,1,2
33388,33421,1,pv,1,1,1,20,30,18,6,0,5.25,10,0,12,12,7,2,0,10,0,15,5,4,1,1,20,30,33,12,14,7,11,0,9.25,0,0,10,10,0,5,3,1,1,2,1,2
33388,33421,2,pt,0,1,1,20,30,18,6,0,5.25,10,0,12,12,7,2,0,10,0,15,5,4,1,1,20,30,33,12,14,7,11,0,9.25,0,0,10,10,0,5,3,1,1,2,1,2
33388,33422,1,pv,1,1,1,25,25,22,2,4,1.75,10,0,6,12,12,2,10,15,10,15,10,0,1,3,25,25,37,16,14,12,12,4,1.75,0,10,15,10,0,6,3,1,1,2,1,2
33388,33422,2,pt,0,1,1,25,25,22,2,4,1.75,10,0,6,12,12,2,10,15,10,15,10,0,1,3,25,25,37,16,14,12,12,4,1.75,0,10,15,10,0,6,3,1,1,2,1,2
33388,33424,1,pv,1,1,1,20,25,18,4,4,1.75,0,10,0,7,7,7,5,10,0,10,0,2,1,1,20,25,28,0,14,7,4,4,3.75,0,5,10,0,10,7,2,2,2,3,1,2
33388,33424,2,pt,0,1,1,20,25,18,4,4,1.75,0,10,0,7,7,7,5,10,0,10,0,2,1,1,20,25,28,0,14,7,4,4,3.75,0,5,10,0,10,7,2,2,2,3,1,2
33388,33425,2,pt,1,1,1,25,20,25,6,4,6.0,20,0,6,2,7,2,0,5,0,15,10,2,2,2,25,20,40,6,4,7,16,4,8.0,0,0,5,20,0,8,2,2,2,3,1,2
33388,33425,1,pv,1,0,1,25,20,25,6,4,6.0,20,0,6,2,7,2,0,5,0,15,10,2,2,2,25,20,40,6,4,7,16,4,8.0,0,0,5,20,0,8,2,2,2,3,1,2
33388,33426,1,pv,1,1,1,20,30,20,4,2,4.0,0,10,12,12,2,2,10,5,10,5,5,0,3,1,20,30,25,22,14,2,9,2,4.0,0,10,5,0,10,9,2,2,2,3,1,2
33388,33426,3,pv_pt,0,1,1,20,30,20,4,2,4.0,0,10,12,12,2,2,10,5,10,5,5,0,3,1,20,30,25,22,14,2,9,2,4.0,0,10,5,0,10,9,2,2,2,3,1,2
33467,33487,1,pv,1,1,1,20,30,20,6,0,6.0,10,0,0,2,12,12,10,10,10,10,10,0,1,2,20,30,30,10,14,12,16,0,6.0,0,10,10,10,0,1,4,1,2,1,1,1
33467,33487,2,pt,0,1,1,20,30,20,6,0,6.0,10,0,0,2,12,12,10,10,10,10,10,0,1,2,20,30,30,10,14,12,16,0,6.0,0,10,10,10,0,1,4,1,2,1,1,1
33467,33489,3,pv_pt,1,1,1,20,30,20,4,2,4.0,0,10,12,12,2,2,10,5,10,5,5,0,3,1,20,30,25,22,14,2,9,2,4.0,0,10,5,0,10,2,4,1,2,1,1,1
33467,33489,1,pv,1,1,0,20,30,20,4,2,4.0,0,10,12,12,2,2,10,5,10,5,5,0,3,1,20,30,25,22,14,2,9,2,4.0,0,10,5,0,10,2,4,1,2,1,1,1
33467,33491,2,pt,1,1,1,25,20,22,4,0,3.5,10,0,0,7,12,2,0,10,10,10,0,2,3,2,25,20,32,10,9,12,4,0,5.5,0,0,10,10,0,3,4,1,2,1,1,1
33467,33491,1,pv,1,0,1,25,20,22,4,0,3.5,10,0,0,7,12,2,0,10,10,10,0,2,3,2,25,20,32,10,9,12,4,0,5.5,0,0,10,10,0,3,4,1,2,1,1,1
33467,33494,2,pt,1,1,1,30,30,30,4,0,4.0,20,20,0,12,12,2,10,10,5,5,10,4,2,1,30,30,35,5,14,12,14,0,8.0,0,10,10,20,20,4,4,2,1,1,1,2
33467,33494,3,pv_pt,1,0,1,30,30,30,4,0,4.0,20,20,0,12,12,2,10,10,5,5,10,4,2,1,30,30,35,5,14,12,14,0,8.0,0,10,10,20,20,4,4,2,1,1,1,2
33467,33497,2,pt,1,1,1,25,20,25,6,0,6.0,20,20,0,12,2,12,0,15,10,15,5,4,1,3,25,20,40,10,24,2,11,0,10.0,0,0,15,20,20,5,4,2,1,1,1,2
33467,33497,1,pv,1,0,1,25,20,25,6,0,6.0,20,20,0,12,2,12,0,15,10,15,5,4,1,3,25,20,40,10,24,2,11,0,10.0,0,0,15,20,20,5,4,2,1,1,1,2
33467,33499,2,pt,1,1,1,20,25,18,2,0,1.75,0,0,12,2,7,12,0,15,5,5,5,4,2,1,20,25,23,17,14,7,7,0,5.75,0,0,15,0,0,6,4,2,1,1,1,2
33467,33499,1,pv,1,0,1,20,25,18,2,0,1.75,0,0,12,2,7,12,0,15,5,5,5,4,2,1,20,25,23,17,14,7,7,0,5.75,0,0,15,0,0,6,4,2,1,1,1,2
33467,33502,1,pv,1,1,1,30,20,30,2,0,2.0,0,10,12,12,7,12,5,10,0,15,10,0,3,3,30,20,45,12,24,7,12,0,2.0,0,5,10,0,10,7,4,1,1,4,1,1
33467,33502,3,pv_pt,0,1,1,30,20,30,2,0,2.0,0,10,12,12,7,12,5,10,0,15,10,0,3,3,30,20,45,12,24,7,12,0,2.0,0,5,10,0,10,7,4,1,1,4,1,1
33467,33503,1,pv,1,1,1,20,25,18,2,2,1.75,10,10,0,7,7,7,5,10,5,10,0,2,2,3,20,25,28,5,14,7,2,2,3.75,0,5,10,10,10,8,4,1,1,4,1,1
33467,33503,3,pv_pt,0,1,1,20,25,18,2,2,1.75,10,10,0,7,7,7,5,10,5,10,0,2,2,3,20,25,28,5,14,7,2,2,3.75,0,5,10,10,10,8,4,1,1,4,1,1
33467,33504,2,pt,1,1,1,20,30,18,6,0,5.25,10,0,12,12,7,2,0,10,0,15,5,4,1,1,20,30,33,12,14,7,11,0,9.25,0,0,10,10,0,9,4,1,1,4,1,1
33467,33504,1,pv,1,0,1,20,30,18,6,0,5.25,10,0,12,12,7,2,0,10,0,15,5,4,1,1,20,30,33,12,14,7,11,0,9.25,0,0,10,10,0,9,4,1,1,4,1,1
33505,33526,2,pt,1,1,1,30,30,26,2,0,1.75,10,0,0,2,7,2,10,15,0,15,10,0,3,1,30,30,41,0,4,7,12,0,1.75,0,10,15,10,0,1,2,2,2,3,1,2
33505,33526,1,pv,1,0,1,30,30,26,2,0,1.75,10,0,0,2,7,2,10,15,0,15,10,0,3,1,30,30,41,0,4,7,12,0,1.75,0,10,15,10,0,1,2,2,2,3,1,2
33505,33527,2,pt,1,1,1,25,25,22,4,2,3.5,0,20,6,7,7,7,5,10,0,10,0,2,2,2,25,25,32,6,14,7,4,2,5.5,0,5,10,0,20,2,2,2,2,3,1,2
33505,33527,1,pv,1,0,1,25,25,22,4,2,3.5,0,20,6,7,7,7,5,10,0,10,0,2,2,2,25,25,32,6,14,7,4,2,5.5,0,5,10,0,20,2,2,2,2,3,1,2
33505,33529,2,pt,1,1,1,25,20,25,6,0,6.0,20,20,0,12,2,12,0,15,10,15,5,4,1,3,25,20,40,10,24,2,11,0,10.0,0,0,15,20,20,3,2,2,2,3,1,2
33505,33529,1,pv,1,0,1,25,20,25,6,0,6.0,20,20,0,12,2,12,0,15,10,15,5,4,1,3,25,20,40,10,24,2,11,0,10.0,0,0,15,20,20,3,2,2,2,3,1,2
33505,33533,3,pv_pt,1,1,1,25,25,22,2,2,1.75,20,20,6,7,2,7,5,5,5,5,0,0,3,2,25,25,27,11,14,2,2,2,1.75,0,5,5,20,20,4,3,1,1,3,1,2
33505,33533,2,pt,1,1,0,25,25,22,2,2,1.75,20,20,6,7,2,7,5,5,5,5,0,0,3,2,25,25,27,11,14,2,2,2,1.75,0,5,5,20,20,4,3,1,1,3,1,2
33505,33535,1,pv,1,1,1,30,25,23,6,4,4.5,0,10,6,7,2,12,5,5,10,15,0,0,2,1,30,25,38,16,19,2,6,4,4.5,0,5,5,0,10,5,3,1,1,3,1,2
33505,33535,3,pv_pt,0,1,1,30,25,23,6,4,4.5,0,10,6,7,2,12,5,5,10,15,0,0,2,1,30,25,38,16,19,2,6,4,4.5,0,5,5,0,10,5,3,1,1,3,1,2
33505,33537,3,pv_pt,1,1,1,25,20,25,6,4,6.0,10,20,12,2,2,2,10,15,5,5,10,2,3,3,25,20,30,17,4,2,16,4,8.0,0,10,15,10,20,6,3,1,1,3,1,2
33505,33537,1,pv,1,1,0,25,20,25,6,4,6.0,10,20,12,2,2,2,10,15,5,5,10,2,3,3,25,20,30,17,4,2,16,4,8.0,0,10,15,10,20,6,3,1,1,3,1,2
33505,33540,2,pt,1,1,1,20,30,15,6,2,4.5,0,20,0,2,12,7,0,5,0,5,10,2,3,3,20,30,20,0,9,12,16,2,6.5,0,0,5,0,20,7,4,1,2,1,1,1
33505,33540,3,pv_pt,1,0,1,20,30,15,6,2,4.5,0,20,0,2,12,7,0,5,0,5,10,2,3,3,20,30,20,0,9,12,16,2,6.5,0,0,5,0,20,7,4,1,2,1,1,1
33505,33543,2,pt,1,1,1,20,30,20,6,0,6.0,10,0,0,2,12,12,10,10,10,10,10,0,1,2,20,30,30,10,14,12,16,0,6.0,0,10,10,10,0,8,4,1,2,1,1,1
33505,33543,3,pv_pt,1,0,1,20,30,20,6,0,6.0,10,0,0,2,12,12,10,10,10,10,10,0,1,2,20,30,30,10,14,12,16,0,6.0,0,10,10,10,0,8,4,1,2,1,1,1
33505,33545,1,pv,1,1,1,25,30,25,4,4,4.0,10,10,6,7,7,7,5,10,5,10,0,2,1,3,25,30,35,11,14,7,4,4,6.0,0,5,10,10,10,9,4,1,2,1,1,1
33505,33545,2,pt,0,1,1,25,30,25,4,4,4.0,10,10,6,7,7,7,5,10,5,10,0,2,1,3,25,30,35,11,14,7,4,4,6.0,0,5,10,10,10,9,4,1,2,1,1,1
33517,33549,2,pt,1,1,1,30,30,26,2,0,1.75,10,0,0,2,7,2,10,15,0,15,10,0,3,1,30,30,41,0,4,7,12,0,1.75,0,10,15,10,0,1,1,2,1,4,1,2
33517,33549,3,pv_pt,1,0,1,30,30,26,2,0,1.75,10,0,0,2,7,2,10,15,0,15,10,0,3,1,30,30,41,0,4,7,12,0,1.75,0,10,15,10,0,1,1,2,1,4,1,2
33517,33550,2,pt,1,1,1,20,30,20,6,0,6.0,10,0,0,2,12,12,10,10,10,10,10,0,1,2,20,30,30,10,14,12,16,0,6.0,0,10,10,10,0,2,1,2,1,4,1,2
33517,33550,3,pv_pt,1,0,1,20,30,20,6,0,6.0,10,0,0,2,12,12,10,10,10,10,10,0,1,2,20,30,30,10,14,12,16,0,6.0,0,10,10,10,0,2,1,2,1,4,1,2
33517,33551,1,pv,1,1,1,20,25,18,4,4,1.75,0,10,0,7,7,7,5,10,0,10,0,2,1,1,20,25,28,0,14,7,4,4,3.75,0,5,10,0,10,3,1,2,1,4,1,2
33517,33551,2,pt,0,1,1,20,25,18,4,4,1.75,0,10,0,7,7,7,5,10,0,10,0,2,1,1,20,25,28,0,14,7,4,4,3.75,0,5,10,0,10,3,1,2,1,4,1,2
33517,33553,3,pv_pt,1,1,1,20,25,15,4,2,3.0,20,20,6,7,2,12,5,15,0,5,5,0,2,2,20,25,20,6,19,2,9,2,3.0,0,5,15,20,20,4,2,2,2,3,1,2
33517,33553,2,pt,1,1,0,20,25,15,4,2,3.0,20,20,6,7,2,12,5,15,0,5,5,0,2,2,20,25,20,6,19,2,9,2,3.0,0,5,15,20,20,4,2,2,2,3,1,2
33517,33554,2,pt,1,1,1,25,20,25,6,4,6.0,20,0,6,2,7,2,0,5,0,15,10,2,2,2,25,20,40,6,4,7,16,4,8.0,0,0,5,20,0,5,2,2,2,3,1,2
33517,33554,3,pv_pt,1,0,1,25,20,25,6,4,6.0,20,0,6,2,7,2,0,5,0,15,10,2,2,2,25,20,40,6,4,7,16,4,8.0,0,0,5,20,0,5,2,2,2,3,1,2
33517,33555,2,pt,1,1,1,30,30,30,4,0,4.0,20,20,0,12,12,2,10,10,5,5,10,4,2,1,30,30,35,5,14,12,14,0,8.0,0,10,10,20,20,6,2,2,2,3,1,2
33517,33555,3,pv_pt,1,0,1,30,30,30,4,0,4.0,20,20,0,12,12,2,10,10,5,5,10,4,2,1,30,30,35,5,14,12,14,0,8.0,0,10,10,20,20,6,2,2,2,3,1,2
33517,33557,2,pt,1,1,1,25,20,22,4,0,3.5,10,0,0,7,12,2,0,10,10,10,0,2,3,2,25,20,32,10,9,12,4,0,5.5,0,0,10,10,0,7,3,1,2,2,1,1
33517,33557,1,pv,1,0,1,25,20,22,4,0,3.5,10,0,0,7,12,2,0,10,10,10,0,2,3,2,25,20,32,10,9,12,4,0,5.5,0,0,10,10,0,7,3,1,2,2,1,1
33517,33558,1,pv,1,1,1,30,25,23,2,4,1.5,10,10,0,12,2,7,5,5,5,5,5,4,2,3,30,25,28,5,19,2,7,4,5.5,0,5,5,10,10,8,3,1,2,2,1,1
33517,33558,3,pv_pt,0,1,1,30,25,23,2,4,1.5,10,10,0,12,2,7,5,5,5,5,5,4,2,3,30,25,28,5,19,2,7,4,5.5,0,5,5,10,10,8,3,1,2,2,1,1
33517,33559,1,pv,1,1,1,25,25,22,4,2,3.5,0,20,6,7,7,7,5,10,0,10,0,2,2,2,25,25,32,6,14,7,4,2,5.5,0,5,10,0,20,9,3,1,2,2,1,1
33517,33559,2,pt,0,1,1,25,25,22,4,2,3.5,0,20,6,7,7,7,5,10,0,10,0,2,2,2,25,25,32,6,14,7,4,2,5.5,0,5,10,0,20,9,3,1,2,2,1,1
33547,33613,2,pt,1,1,1,25,20,25,6,4,6.0,10,20,12,2,2,2,10,15,5,5,10,2,3,3,25,20,30,17,4,2,16,4,8.0,0,10,15,10,20,1,4,1,2,1,1,1
33547,33613,3,pv_pt,1,0,1,25,20,25,6,4,6.0,10,20,12,2,2,2,10,15,5,5,10,2,3,3,25,20,30,17,4,2,16,4,8.0,0,10,15,10,20,1,4,1,2,1,1,1
33547,33614,2,pt,1,1,1,30,25,23,6,2,4.5,0,10,6,12,2,7,10,15,5,10,5,4,2,2,30,25,33,11,19,2,11,2,8.5,0,10,15,0,10,2,4,1,2,1,1,1
33547,33614,1,pv,1,0,1,30,25,23,6,2,4.5,0,10,6,12,2,7,10,15,5,10,5,4,2,2,30,25,33,11,19,2,11,2,8.5,0,10,15,0,10,2,4,1,2,1,1,1
33547,33616,1,pv,1,1,1,25,25,22,4,2,3.5,0,20,6,7,7,7,5,10,0,10,0,2,2,2,25,25,32,6,14,7,4,2,5.5,0,5,10,0,20,3,4,1,2,1,1,1
33547,33616,2,pt,0,1,1,25,25,22,4,2,3.5,0,20,6,7,7,7,5,10,0,10,0,2,2,2,25,25,32,6,14,7,4,2,5.5,0,5,10,0,20,3,4,1,2,1,1,1
33547,33620,2,pt,1,1,1,30,30,26,2,0,1.75,10,0,0,2,7,2,10,15,0,15,10,0,3,1,30,30,41,0,4,7,12,0,1.75,0,10,15,10,0,4,4,1,1,2,2,2
33547,33620,1,pv,1,0,1,30,30,26,2,0,1.75,10,0,0,2,7,2,10,15,0,15,10,0,3,1,30,30,41,0,4,7,12,0,1.75,0,10,15,10,0,4,4,1,1,2,2,2
33547,33622,2,pt,1,1,1,20,25,18,2,0,1.75,0,0,12,2,7,12,0,15,5,5,5,4,2,1,20,25,23,17,14,7,7,0,5.75,0,0,15,0,0,5,4,1,1,2,2,2
33547,33622,1,pv,1,0,1,20,25,18,2,0,1.75,0,0,12,2,7,12,0,15,5,5,5,4,2,1,20,25,23,17,14,7,7,0,5.75,0,0,15,0,0,5,4,1,1,2,2,2
33547,33624,1,pv,1,1,1,30,25,23,6,4,4.5,0,10,6,7,2,12,5,5,10,15,0,0,2,1,30,25,38,16,19,2,6,4,4.5,0,5,5,0,10,6,4,1,1,2,2,2
33547,33624,2,pt,0,1,1,30,25,23,6,4,4.5,0,10,6,7,2,12,5,5,10,15,0,0,2,1,30,25,38,16,19,2,6,4,4.5,0,5,5,0,10,6,4,1,1,2,2,2
33547,33627,2,pt,1,1,1,30,30,30,4,0,4.0,20,20,0,12,12,2,10,10,5,5,10,4,2,1,30,30,35,5,14,12,14,0,8.0,0,10,10,20,20,7,3,1,1,2,1,2
33547,33627,1,pv,1,0,1,30,30,30,4,0,4.0,20,20,0,12,12,2,10,10,5,5,10,4,2,1,30,30,35,5,14,12,14,0,8.0,0,10,10,20,20,7,3,1,1,2,1,2
33547,33630,2,pt,1,1,1,20,20,15,2,2,1.5,20,10,6,7,2,12,10,5,5,15,5,4,3,1,20,20,30,11,19,2,7,2,5.5,0,10,5,20,10,8,3,1,1,2,1,2
33547,33630,1,pv,1,0,1,20,20,15,2,2,1.5,20,10,6,7,2,12,10,5,5,15,5,4,3,1,20,20,30,11,19,2,7,2,5.5,0,10,5,20,10,8,3,1,1,2,1,2
33547,33632,1,pv,1,1,1,20,30,20,6,0,6.0,10,0,0,2,12,12,10,10,10,10,10,0,1,2,20,30,30,10,14,12,16,0,6.0,0,10,10,10,0,9,3,1,1,2,1,2
33547,33632,2,pt,0,1,1,20,30,20,6,0,6.0,10,0,0,2,12,12,10,10,10,10,10,0,1,2,20,30,30,10,14,12,16,0,6.0,0,10,10,10,0,9,3,1,1,2,1,2
33634,33641,1,pv,1,1,1,25,20,25,6,0,6.0,20,20,0,12,2,12,0,15,10,15,5,4,1,3,25,20,40,10,24,2,11,0,10.0,0,0,15,20,20,1,2,2,2,2,1,2
33634,33641,2,pt,0,1,1,25,20,25,6,0,6.0,20,20,0,12,2,12,0,15,10,15,5,4,1,3,25,20,40,10,24,2,11,0,10.0,0,0,15,20,20,1,2,2,2,2,1,2
33634,33642,2,pt,1,1,1,30,20,23,4,0,3.0,20,20,12,2,12,2,0,15,10,5,0,0,1,1,30,20,28,22,4,12,4,0,3.0,0,0,15,20,20,2,2,2,2,2,1,2
33634,33642,1,pv,1,0,1,30,20,23,4,0,3.0,20,20,12,2,12,2,0,15,10,5,0,0,1,1,30,20,28,22,4,12,4,0,3.0,0,0,15,20,20,2,2,2,2,2,1,2
33634,33643,1,pv,1,1,1,20,30,18,6,0,5.25,10,0,12,12,7,2,0,10,0,15,5,4,1,1,20,30,33,12,14,7,11,0,9.25,0,0,10,10,0,3,2,2,2,2,1,2
33634,33643,2,pt,0,1,1,20,30,18,6,0,5.25,10,0,12,12,7,2,0,10,0,15,5,4,1,1,20,30,33,12,14,7,11,0,9.25,0,0,10,10,0,3,2,2,2,2,1,2
33634,33647,1,pv,1,1,1,20,25,18,4,4,1.75,0,10,0,7,7,7,5,10,0,10,0,2,1,1,20,25,28,0,14,7,4,4,3.75,0,5,10,0,10,4,1,1,2,1,1,2
33634,33647,3,pv_pt,0,1,1,20,25,18,4,4,1.75,0,10,0,7,7,7,5,10,0,10,0,2,1,1,20,25,28,0,14,7,4,4,3.75,0,5,10,0,10,4,1,1,2,1,1,2
33634,33649,1,pv,1,1,1,25,25,22,4,2,3.5,0,20,6,7,7,7,5,10,0,10,0,2,2,2,25,25,32,6,14,7,4,2,5.5,0,5,10,0,20,5,1,1,2,1,1,2
33634,33649,3,pv_pt,0,1,1,25,25,22,4,2,3.5,0,20,6,7,7,7,5,10,0,10,0,2,2,2,25,25,32,6,14,7,4,2,5.5,0,5,10,0,20,5,1,1,2,1,1,2
33634,33650,2,pt,1,1,1,25,30,25,4,4,4.0,20,0,12,12,12,12,0,15,10,10,5,4,3,2,25,30,35,22,24,12,9,4,8.0,0,0,15,20,0,6,1,1,2,1,1,2
33634,33650,1,pv,1,0,1,25,30,25,4,4,4.0,20,0,12,12,12,12,0,15,10,10,5,4,3,2,25,30,35,22,24,12,9,4,8.0,0,0,15,20,0,6,1,1,2,1,1,2
33634,33654,1,pv,1,1,1,30,25,23,6,4,4.5,0,10,6,7,2,12,5,5,10,15,0,0,2,1,30,25,38,16,19,2,6,4,4.5,0,5,5,0,10,7,4,1,1,2,2,2
33634,33654,3,pv_pt,0,1,1,30,25,23,6,4,4.5,0,10,6,7,2,12,5,5,10,15,0,0,2,1,30,25,38,16,19,2,6,4,4.5,0,5,5,0,10,7,4,1,1,2,2,2
33634,33657,2,pt,1,1,1,30,20,23,6,2,4.5,20,0,12,2,12,12,10,5,0,10,0,2,1,3,30,20,33,12,14,12,6,2,6.5,0,10,5,20,0,8,4,1,1,2,2,2
33634,33657,3,pv_pt,1,0,1,30,20,23,6,2,4.5,20,0,12,2,12,12,10,5,0,10,0,2,1,3,30,20,33,12,14,12,6,2,6.5,0,10,5,20,0,8,4,1,1,2,2,2
33634,33659,2,pt,1,1,1,25,20,25,6,4,6.0,20,0,6,2,7,2,0,5,0,15,10,2,2,2,25,20,40,6,4,7,16,4,8.0,0,0,5,20,0,9,4,1,1,2,2,2
33634,33659,1,pv,1,0,1,25,20,25,6,4,6.0,20,0,6,2,7,2,0,5,0,15,10,2,2,2,25,20,40,6,4,7,16,4,8.0,0,0,5,20,0,9,4,1,1,2,2,2
33658,33681,1,pv,1,1,1,30,25,23,6,4,4.5,0,10,6,7,2,12,5,5,10,15,0,0,2,1,30,25,38,16,19,2,6,4,4.5,0,5,5,0,10,1,4,2,2,3,2,1
33658,33681,3,pv_pt,0,1,1,30,25,23,6,4,4.5,0,10,6,7,2,12,5,5,10,15,0,0,2,1,30,25,38,16,19,2,6,4,4.5,0,5,5,0,10,1,4,2,2,3,2,1
33658,33682,1,pv,1,1,1,25,20,25,6,0,6.0,20,20,0,12,2,12,0,15,10,15,5,4,1,3,25,20,40,10,24,2,11,0,10.0,0,0,15,20,20,2,4,2,2,3,2,1
33658,33682,2,pt,0,1,1,25,20,25,6,0,6.0,20,20,0,12,2,12,0,15,10,15,5,4,1,3,25,20,40,10,24,2,11,0,10.0,0,0,15,20,20,2,4,2,2,3,2,1
33658,33683,1,pv,1,1,1,25,25,22,2,4,1.75,10,0,6,12,12,2,10,15,10,15,10,0,1,3,25,25,37,16,14,12,12,4,1.75,0,10,15,10,0,3,4,2,2,3,2,1
33658,33683,2,pt,0,1,1,25,25,22,2,4,1.75,10,0,6,12,12,2,10,15,10,15,10,0,1,3,25,25,37,16,14,12,12,4,1.75,0,10,15,10,0,3,4,2,2,3,2,1
33658,33685,2,pt,1,1,1,30,20,23,6,2,4.5,20,0,12,2,12,12,10,5,0,10,0,2,1,3,30,20,33,12,14,12,6,2,6.5,0,10,5,20,0,4,1,1,2,3,2,2
33658,33685,1,pv,1,0,1,30,20,23,6,2,4.5,20,0,12,2,12,12,10,5,0,10,0,2,1,3,30,20,33,12,14,12,6,2,6.5,0,10,5,20,0,4,1,1,2,3,2,2
33658,33686,1,pv,1,1,1,20,20,15,2,2,1.5,20,10,6,7,2,12,10,5,5,15,5,4,3,1,20,20,30,11,19,2,7,2,5.5,0,10,5,20,10,5,1,1,2,3,2,2
33658,33686,3,pv_pt,0,1,1,20,20,15,2,2,1.5,20,10,6,7,2,12,10,5,5,15,5,4,3,1,20,20,30,11,19,2,7,2,5.5,0,10,5,20,10,5,1,1,2,3,2,2
33658,33687,1,pv,1,1,1,20,30,20,6,0,6.0,10,0,0,2,12,12,10,10,10,10,10,0,1,2,20,30,30,10,14,12,16,0,6.0,0,10,10,10,0,6,1,1,2,3,2,2
33658,33687,2,pt,0,1,1,20,30,20,6,0,6.0,10,0,0,2,12,12,10,10,10,10,10,0,1,2,20,30,30,10,14,12,16,0,6.0,0,10,10,10,0,6,1,1,2,3,2,2
33658,33689,2,pt,1,1,1,30,30,26,2,4,1.75,0,20,12,2,12,7,0,5,10,15,10,4,1,2,30,30,41,22,9,12,12,4,5.75,0,0,5,0,20,7,4,1,1,4,1,1
33658,33689,1,pv,1,0,1,30,30,26,2,4,1.75,0,20,12,2,12,7,0,5,10,15,10,4,1,2,30,30,41,22,9,12,12,4,5.75,0,0,5,0,20,7,4,1,1,4,1,1
33658,33690,1,pv,1,1,1,20,25,18,4,4,1.75,0,10,0,7,7,7,5,10,0,10,0,2,1,1,20,25,28,0,14,7,4,4,3.75,0,5,10,0,10,8,4,1,1,4,1,1
33658,33690,2,pt,0,1,1,20,25,18,4,4,1.75,0,10,0,7,7,7,5,10,0,10,0,2,1,1,20,25,28,0,14,7,4,4,3.75,0,5,10,0,10,8,4,1,1,4,1,1
33658,33691,1,pv,1,1,1,20,30,18,6,0,5.25,10,0,12,12,7,2,0,10,0,15,5,4,1,1,20,30,33,12,14,7,11,0,9.25,0,0,10,10,0,9,4,1,1,4,1,1
33658,33691,2,pt,0,1,1,20,30,18,6,0,5.25,10,0,12,12,7,2,0,10,0,15,5,4,1,1,20,30,33,12,14,7,11,0,9.25,0,0,10,10,0,9,4,1,1,4,1,1
33717,33768,2,pt,1,1,1,25,20,22,4,0,3.5,10,0,0,7,12,2,0,10,10,10,0,2,3,2,25,20,32,10,9,12,4,0,5.5,0,0,10,10,0,1,1,1,2,3,2,2
33717,33768,1,pv,1,0,1,25,20,22,4,0,3.5,10,0,0,7,12,2,0,10,10,10,0,2,3,2,25,20,32,10,9,12,4,0,5.5,0,0,10,10,0,1,1,1,2,3,2,2
33717,33769,1,pv,1,1,1,20,20,15,2,2,1.5,20,10,6,7,2,12,10,5,5,15,5,4,3,1,20,20,30,11,19,2,7,2,5.5,0,10,5,20,10,2,1,1,2,3,2,2
33717,33769,2,pt,0,1,1,20,20,15,2,2,1.5,20,10,6,7,2,12,10,5,5,15,5,4,3,1,20,20,30,11,19,2,7,2,5.5,0,10,5,20,10,2,1,1,2,3,2,2
33717,33770,2,pt,1,1,1,20,30,15,6,2,4.5,0,20,0,2,12,7,0,5,0,5,10,2,3,3,20,30,20,0,9,12,16,2,6.5,0,0,5,0,20,3,1,1,2,3,2,2
33717,33770,1,pv,1,0,1,20,30,15,6,2,4.5,0,20,0,2,12,7,0,5,0,5,10,2,3,3,20,30,20,0,9,12,16,2,6.5,0,0,5,0,20,3,1,1,2,3,2,2
33717,33772,1,pv,1,1,1,25,25,22,2,2,1.75,20,20,6,7,2,7,5,5,5,5,0,0,3,2,25,25,27,11,14,2,2,2,1.75,0,5,5,20,20,4,2,2,1,2,1,1
33717,33772,2,pt,0,1,1,25,25,22,2,2,1.75,20,20,6,7,2,7,5,5,5,5,0,0,3,2,25,25,27,11,14,2,2,2,1.75,0,5,5,20,20,4,2,2,1,2,1,1
33717,33773,2,pt,1,1,1,25,20,25,6,4,6.0,20,0,6,2,7,2,0,5,0,15,10,2,2,2,25,20,40,6,4,7,16,4,8.0,0,0,5,20,0,5,2,2,1,2,1,1
33717,33773,1,pv,1,0,1,25,20,25,6,4,6.0,20,0,6,2,7,2,0,5,0,15,10,2,2,2,25,20,40,6,4,7,16,4,8.0,0,0,5,20,0,5,2,2,1,2,1,1
33717,33774,1,pv,1,1,1,30,25,23,6,2,4.5,0,10,6,12,2,7,10,15,5,10,5,4,2,2,30,25,33,11,19,2,11,2,8.5,0,10,15,0,10,6,2,2,1,2,1,1
33717,33774,2,pt,0,1,1,30,25,23,6,2,4.5,0,10,6,12,2,7,10,15,5,10,5,4,2,2,30,25,33,11,19,2,11,2,8.5,0,10,15,0,10,6,2,2,1,2,1,1
33717,33776,1,pv,1,1,1,25,30,25,4,4,4.0,10,10,6,7,7,7,5,10,5,10,0,2,1,3,25,30,35,11,14,7,4,4,6.0,0,5,10,10,10,7,4,1,2,1,1,1
33717,33776,2,pt,0,1,1,25,30,25,4,4,4.0,10,10,6,7,7,7,5,10,5,10,0,2,1,3,25,30,35,11,14,7,4,4,6.0,0,5,10,10,10,7,4,1,2,1,1,1
33717,33777,1,pv,1,1,1,20,30,18,6,0,5.25,10,0,12,12,7,2,0,10,0,15,5,4,1,1,20,30,33,12,14,7,11,0,9.25,0,0,10,10,0,8,4,1,2,1,1,1
33717,33777,3,pv_pt,0,1,1,20,30,18,6,0,5.25,10,0,12,12,7,2,0,10,0,15,5,4,1,1,20,30,33,12,14,7,11,0,9.25,0,0,10,10,0,8,4,1,2,1,1,1
33717,33778,1,pv,1,1,1,20,25,18,2,2,1.75,10,10,0,7,7,7,5,10,5,10,0,2,2,3,20,25,28,5,14,7,2,2,3.75,0,5,10,10,10,9,4,1,2,1,1,1
33717,33778,2,pt,0,1,1,20,25,18,2,2,1.75,10,10,0,7,7,7,5,10,5,10,0,2,2,3,20,25,28,5,14,7,2,2,3.75,0,5,10,10,10,9,4,1,2,1,1,1
33805,33828,1,pv,1,1,1,25,20,22,4,0,3.5,10,0,0,7,12,2,0,10,10,10,0,2,3,2,25,20,32,10,9,12,4,0,5.5,0,0,10,10,0,1,4,2,2,3,2,1
33805,33828,2,pt,0,1,1,25,20,22,4,0,3.5,10,0,0,7,12,2,0,10,10,10,0,2,3,2,25,20,32,10,9,12,4,0,5.5,0,0,10,10,0,1,4,2,2,3,2,1
33805,33830,1,pv,1,1,1,20,25,18,4,4,1.75,0,10,0,7,7,7,5,10,0,10,0,2,1,1,20,25,28,0,14,7,4,4,3.75,0,5,10,0,10,2,4,2,2,3,2,1
33805,33830,2,pt,0,1,1,20,25,18,4,4,1.75,0,10,0,7,7,7,5,10,0,10,0,2,1,1,20,25,28,0,14,7,4,4,3.75,0,5,10,0,10,2,4,2,2,3,2,1
33805,33832,3,pv_pt,1,1,1,30,25,23,6,4,4.5,0,10,6,7,2,12,5,5,10,15,0,0,2,1,30,25,38,16,19,2,6,4,4.5,0,5,5,0,10,3,4,2,2,3,2,1
33805,33832,1,pv,1,1,0,30,25,23,6,4,4.5,0,10,6,7,2,12,5,5,10,15,0,0,2,1,30,25,38,16,19,2,6,4,4.5,0,5,5,0,10,3,4,2,2,3,2,1
33805,33836,1,pv,1,1,1,30,25,23,2,4,1.5,10,10,0,12,2,7,5,5,5,5,5,4,2,3,30,25,28,5,19,2,7,4,5.5,0,5,5,10,10,4,1,2,1,1,1,1
33805,33836,3,pv_pt,0,1,1,30,25,23,2,4,1.5,10,10,0,12,2,7,5,5,5,5,5,4,2,3,30,25,28,5,19,2,7,4,5.5,0,5,5,10,10,4,1,2,1,1,1,1
33805,33838,1,pv,1,1,1,30,20,30,2,0,2.0,0,10,12,12,7,12,5,10,0,15,10,0,3,3,30,20,45,12,24,7,12,0,2.0,0,5,10,0,10,5,1,2,1,1,1,1
33805,33838,2,pt,0,1,1,30,20,30,2,0,2.0,0,10,12,12,7,12,5,10,0,15,10,0,3,3,30,20,45,12,24,7,12,0,2.0,0,5,10,0,10,5,1,2,1,1,1,1
33805,33839,1,pv,1,1,1,20,25,18,2,2,1.75,10,10,0,7,7,7,5,10,5,10,0,2,2,3,20,25,28,5,14,7,2,2,3.75,0,5,10,10,10,6,1,2,1,1,1,1
33805,33839,2,pt,0,1,1,20,25,18,2,2,1.75,10,10,0,7,7,7,5,10,5,10,0,2,2,3,20,25,28,5,14,7,2,2,3.75,0,5,10,10,10,6,1,2,1,1,1,1
33805,33841,1,pv,1,1,1,30,25,23,6,2,4.5,0,10,6,12,2,7,10,15,5,10,5,4,2,2,30,25,33,11,19,2,11,2,8.5,0,10,15,0,10,7,2,2,2,2,1,2
33805,33841,3,pv_pt,0,1,1,30,25,23,6,2,4.5,0,10,6,12,2,7,10,15,5,10,5,4,2,2,30,25,33,11,19,2,11,2,8.5,0,10,15,0,10,7,2,2,2,2,1,2
33805,33842,2,pt,1,1,1,20,30,15,6,2,4.5,0,20,0,2,12,7,0,5,0,5,10,2,3,3,20,30,20,0,9,12,16,2,6.5,0,0,5,0,20,8,2,2,2,2,1,2
33805,33842,1,pv,1,0,1,20,30,15,6,2,4.5,0,20,0,2,12,7,0,5,0,5,10,2,3,3,20,30,20,0,9,12,16,2,6.5,0,0,5,0,20,8,2,2,2,2,1,2
33805,33843,2,pt,1,1,1,30,20,23,4,0,3.0,20,20,12,2,12,2,0,15,10,5,0,0,1,1,30,20,28,22,4,12,4,0,3.0,0,0,15,20,20,9,2,2,2,2,1,2
33805,33843,1,pv,1,0,1,30,20,23,4,0,3.0,20,20,12,2,12,2,0,15,10,5,0,0,1,1,30,20,28,22,4,12,4,0,3.0,0,0,15,20,20,9,2,2,2,2,1,2
33924,33952,1,pv,1,1,1,25,25,22,4,2,3.5,0,20,6,7,7,7,5,10,0,10,0,2,2,2,25,25,32,6,14,7,4,2,5.5,0,5,10,0,20,1,4,1,2,1,1,1
33924,33952,3,pv_pt,0,1,1,25,25,22,4,2,3.5,0,20,6,7,7,7,5,10,0,10,0,2,2,2,25,25,32,6,14,7,4,2,5.5,0,5,10,0,20,1,4,1,2,1,1,1
33924,33953,1,pv,1,1,1,20,25,15,4,2,3.0,20,20,6,7,2,12,5,15,0,5,5,0,2,2,20,25,20,6,19,2,9,2,3.0,0,5,15,20,20,2,4,1,2,1,1,1
33924,33953,3,pv_pt,0,1,1,20,25,15,4,2,3.0,20,20,6,7,2,12,5,15,0,5,5,0,2,2,20,25,20,6,19,2,9,2,3.0,0,5,15,20,20,2,4,1,2,1,1,1
33924,33954,2,pt,1,1,1,20,30,15,6,2,4.5,0,20,0,2,12,7,0,5,0,5,10,2,3,3,20,30,20,0,9,12,16,2,6.5,0,0,5,0,20,3,4,1,2,1,1,1
33924,33954,1,pv,1,0,1,20,30,15,6,2,4.5,0,20,0,2,12,7,0,5,0,5,10,2,3,3,20,30,20,0,9,12,16,2,6.5,0,0,5,0,20,3,4,1,2,1,1,1
33924,33956,1,pv,1,1,1,25,30,25,4,4,4.0,10,10,6,7,7,7,5,10,5,10,0,2,1,3,25,30,35,11,14,7,4,4,6.0,0,5,10,10,10,4,3,1,1,3,1,2
33924,33956,3,pv_pt,0,1,1,25,30,25,4,4,4.0,10,10,6,7,7,7,5,10,5,10,0,2,1,3,25,30,35,11,14,7,4,4,6.0,0,5,10,10,10,4,3,1,1,3,1,2
33924,33957,1,pv,1,1,1,30,20,23,6,2,4.5,20,0,12,2,12,12,10,5,0,10,0,2,1,3,30,20,33,12,14,12,6,2,6.5,0,10,5,20,0,5,3,1,1,3,1,2
33924,33957,2,pt,0,1,1,30,20,23,6,2,4.5,20,0,12,2,12,12,10,5,0,10,0,2,1,3,30,20,33,12,14,12,6,2,6.5,0,10,5,20,0,5,3,1,1,3,1,2
33924,33958,1,pv,1,1,1,20,30,20,4,2,4.0,0,10,12,12,2,2,10,5,10,5,5,0,3,1,20,30,25,22,14,2,9,2,4.0,0,10,5,0,10,6,3,1,1,3,1,2
33924,33958,3,pv_pt,0,1,1,20,30,20,4,2,4.0,0,10,12,12,2,2,10,5,10,5,5,0,3,1,20,30,25,22,14,2,9,2,4.0,0,10,5,0,10,6,3,1,1,3,1,2
33924,33960,1,pv,1,1,1,25,20,25,6,0,6.0,20,20,0,12,2,12,0,15,10,15,5,4,1,3,25,20,40,10,24,2,11,0,10.0,0,0,15,20,20,7,4,1,1,2,2,2
33924,33960,2,pt,0,1,1,25,20,25,6,0,6.0,20,20,0,12,2,12,0,15,10,15,5,4,1,3,25,20,40,10,24,2,11,0,10.0,0,0,15,20,20,7,4,1,1,2,2,2
33924,33961,1,pv,1,1,1,25,20,25,6,4,6.0,10,20,12,2,2,2,10,15,5,5,10,2,3,3,25,20,30,17,4,2,16,4,8.0,0,10,15,10,20,8,4,1,1,2,2,2
33924,33961,2,pt,0,1,1,25,20,25,6,4,6.0,10,20,12,2,2,2,10,15,5,5,10,2,3,3,25,20,30,17,4,2,16,4,8.0,0,10,15,10,20,8,4,1,1,2,2,2
33924,33962,2,pt,1,1,1,25,20,25,6,4,6.0,20,0,6,2,7,2,0,5,0,15,10,2,2,2,25,20,40,6,4,7,16,4,8.0,0,0,5,20,0,9,4,1,1,2,2,2
33924,33962,1,pv,1,0,1,25,20,25,6,4,6.0,20,0,6,2,7,2,0,5,0,15,10,2,2,2,25,20,40,6,4,7,16,4,8.0,0,0,5,20,0,9,4,1,1,2,2,2
33943,33964,1,pv,1,1,1,20,30,15,6,2,4.5,0,20,0,2,12,7,0,5,0,5,10,2,3,3,20,30,20,0,9,12,16,2,6.5,0,0,5,0,20,1,1,1,1,2,2,1
33943,33964,3,pv_pt,0,1,1,20,30,15,6,2,4.5,0,20,0,2,12,7,0,5,0,5,10,2,3,3,20,30,20,0,9,12,16,2,6.5,0,0,5,0,20,1,1,1,1,2,2,1
33943,33965,3,pv_pt,1,1,1,30,30,26,2,4,1.75,0,20,12,2,12,7,0,5,10,15,10,4,1,2,30,30,41,22,9,12,12,4,5.75,0,0,5,0,20,2,1,1,1,2,2,1
33943,33965,1,pv,1,1,0,30,30,26,2,4,1.75,0,20,12,2,12,7,0,5,10,15,10,4,1,2,30,30,41,22,9,12,12,4,5.75,0,0,5,0,20,2,1,1,1,2,2,1
33943,33966,2,pt,1,1,1,30,30,26,2,0,1.75,10,0,0,2,7,2,10,15,0,15,10,0,3,1,30,30,41,0,4,7,12,0,1.75,0,10,15,10,0,3,1,1,1,2,2,1
33943,33966,1,pv,1,0,1,30,30,26,2,0,1.75,10,0,0,2,7,2,10,15,0,15,10,0,3,1,30,30,41,0,4,7,12,0,1.75,0,10,15,10,0,3,1,1,1,2,2,1
33943,33968,2,pt,1,1,1,20,25,18,2,0,1.75,0,0,12,2,7,12,0,15,5,5,5,4,2,1,20,25,23,17,14,7,7,0,5.75,0,0,15,0,0,4,4,1,2,4,1,2
33943,33968,1,pv,1,0,1,20,25,18,2,0,1.75,0,0,12,2,7,12,0,15,5,5,5,4,2,1,20,25,23,17,14,7,7,0,5.75,0,0,15,0,0,4,4,1,2,4,1,2
33943,33969,1,pv,1,1,1,30,25,23,6,4,4.5,0,10,6,7,2,12,5,5,10,15,0,0,2,1,30,25,38,16,19,2,6,4,4.5,0,5,5,0,10,5,4,1,2,4,1,2
33943,33969,3,pv_pt,0,1,1,30,25,23,6,4,4.5,0,10,6,7,2,12,5,5,10,15,0,0,2,1,30,25,38,16,19,2,6,4,4.5,0,5,5,0,10,5,4,1,2,4,1,2
33943,33970,1,pv,1,1,1,30,25,23,2,4,1.5,10,10,0,12,2,7,5,5,5,5,5,4,2,3,30,25,28,5,19,2,7,4,5.5,0,5,5,10,10,6,4,1,2,4,1,2
33943,33970,3,pv_pt,0,1,1,30,25,23,2,4,1.5,10,10,0,12,2,7,5,5,5,5,5,4,2,3,30,25,28,5,19,2,7,4,5.5,0,5,5,10,10,6,4,1,2,4,1,2
33943,33972,2,pt,1,1,1,25,20,22,4,0,3.5,10,0,0,7,12,2,0,10,10,10,0,2,3,2,25,20,32,10,9,12,4,0,5.5,0,0,10,10,0,7,4,1,2,1,1,1
33943,33972,1,pv,1,0,1,25,20,22,4,0,3.5,10,0,0,7,12,2,0,10,10,10,0,2,3,2,25,20,32,10,9,12,4,0,5.5,0,0,10,10,0,7,4,1,2,1,1,1
33943,33973,1,pv,1,1,1,25,20,25,6,0,6.0,20,20,0,12,2,12,0,15,10,15,5,4,1,3,25,20,40,10,24,2,11,0,10.0,0,0,15,20,20,8,4,1,2,1,1,1
33943,33973,2,pt,0,1,1,25,20,25,6,0,6.0,20,20,0,12,2,12,0,15,10,15,5,4,1,3,25,20,40,10,24,2,11,0,10.0,0,0,15,20,20,8,4,1,2,1,1,1
33943,33974,3,pv_pt,1,1,1,25,25,22,2,2,1.75,20,20,6,7,2,7,5,5,5,5,0,0,3,2,25,25,27,11,14,2,2,2,1.75,0,5,5,20,20,9,4,1,2,1,1,1
33943,33974,1,pv,1,1,0,25,25,22,2,2,1.75,20,20,6,7,2,7,5,5,5,5,0,0,3,2,25,25,27,11,14,2,2,2,1.75,0,5,5,20,20,9,4,1,2,1,1,1
33975,33978,3,pv_pt,1,1,1,30,30,26,2,4,1.75,0,20,12,2,12,7,0,5,10,15,10,4,1,2,30,30,41,22,9,12,12,4,5.75,0,0,5,0,20,1,2,1,1,3,1,1
33975,33978,1,pv,1,1,0,30,30,26,2,4,1.75,0,20,12,2,12,7,0,5,10,15,10,4,1,2,30,30,41,22,9,12,12,4,5.75,0,0,5,0,20,1,2,1,1,3,1,1
33975,33979,2,pt,1,1,1,20,20,15,2,2,1.5,20,10,6,7,2,12,10,5,5,15,5,4,3,1,20,20,30,11,19,2,7,2,5.5,0,10,5,20,10,2,2,1,1,3,1,1
33975,33979,1,pv,1,0,1,20,20,15,2,2,1.5,20,10,6,7,2,12,10,5,5,15,5,4,3,1,20,20,30,11,19,2,7,2,5.5,0,10,5,20,10,2,2,1,1,3,1,1
33975,33980,2,pt,1,1,1,20,30,20,4,2,4.0,0,10,12,12,2,2,10,5,10,5,5,0,3,1,20,30,25,22,14,2,9,2,4.0,0,10,5,0,10,3,2,1,1,3,1,1
33975,33980,1,pv,1,0,1,20,30,20,4,2,4.0,0,10,12,12,2,2,10,5,10,5,5,0,3,1,20,30,25,22,14,2,9,2,4.0,0,10,5,0,10,3,2,1,1,3,1,1
33975,33982,1,pv,1,1,1,20,25,18,2,2,1.75,10,10,0,7,7,7,5,10,5,10,0,2,2,3,20,25,28,5,14,7,2,2,3.75,0,5,10,10,10,4,3,2,1,1,2,1
33975,33982,2,pt,0,1,1,20,25,18,2,2,1.75,10,10,0,7,7,7,5,10,5,10,0,2,2,3,20,25,28,5,14,7,2,2,3.75,0,5,10,10,10,4,3,2,1,1,2,1
33975,33983,2,pt,1,1,1,25,20,25,6,4,6.0,10,20,12,2,2,2,10,15,5,5,10,2,3,3,25,20,30,17,4,2,16,4,8.0,0,10,15,10,20,5,3,2,1,1,2,1
33975,33983,1,pv,1,0,1,25,20,25,6,4,6.0,10,20,12,2,2,2,10,15,5,5,10,2,3,3,25,20,30,17,4,2,16,4,8.0,0,10,15,10,20,5,3,2,1,1,2,1
33975,33984,2,pt,1,1,1,30,20,30,2,0,2.0,0,10,12,12,7,12,5,10,0,15,10,0,3,3,30,20,45,12,24,7,12,0,2.0,0,5,10,0,10,6,3,2,1,1,2,1
33975,33984,3,pv_pt,1,0,1,30,20,30,2,0,2.0,0,10,12,12,7,12,5,10,0,15,10,0,3,3,30,20,45,12,24,7,12,0,2.0,0,5,10,0,10,6,3,2,1,1,2,1
33975,33986,2,pt,1,1,1,25,30,25,4,4,4.0,20,0,12,12,12,12,0,15,10,10,5,4,3,2,25,30,35,22,24,12,9,4,8.0,0,0,15,20,0,7,4,1,1,2,2,2
33975,33986,1,pv,1,0,1,25,30,25,4,4,4.0,20,0,12,12,12,12,0,15,10,10,5,4,3,2,25,30,35,22,24,12,9,4,8.0,0,0,15,20,0,7,4,1,1,2,2,2
33975,33987,2,pt,1,1,1,20,25,18,2,0,1.75,0,0,12,2,7,12,0,15,5,5,5,4,2,1,20,25,23,17,14,7,7,0,5.75,0,0,15,0,0,8,4,1,1,2,2,2
33975,33987,1,pv,1,0,1,20,25,18,2,0,1.75,0,0,12,2,7,12,0,15,5,5,5,4,2,1,20,25,23,17,14,7,7,0,5.75,0,0,15,0,0,8,4,1,1,2,2,2
33975,33988,2,pt,1,1,1,25,20,25,6,4,6.0,20,0,6,2,7,2,0,5,0,15,10,2,2,2,25,20,40,6,4,7,16,4,8.0,0,0,5,20,0,9,4,1,1,2,2,2
33975,33988,3,pv_pt,1,0,1,25,20,25,6,4,6.0,20,0,6,2,7,2,0,5,0,15,10,2,2,2,25,20,40,6,4,7,16,4,8.0,0,0,5,20,0,9,4,1,1,2,2,2
34028,34038,1,pv,1,1,1,20,30,15,6,2,4.5,0,20,0,2,12,7,0,5,0,5,10,2,3,3,20,30,20,0,9,12,16,2,6.5,0,0,5,0,20,1,2,1,1,1,2,2
34028,34038,2,pt,0,1,1,20,30,15,6,2,4.5,0,20,0,2,12,7,0,5,0,5,10,2,3,3,20,30,20,0,9,12,16,2,6.5,0,0,5,0,20,1,2,1,1,1,2,2
34028,34041,1,pv,1,1,1,20,25,18,4,4,1.75,0,10,0,7,7,7,5,10,0,10,0,2,1,1,20,25,28,0,14,7,4,4,3.75,0,5,10,0,10,2,2,1,1,1,2,2
34028,34041,2,pt,0,1,1,20,25,18,4,4,1.75,0,10,0,7,7,7,5,10,0,10,0,2,1,1,20,25,28,0,14,7,4,4,3.75,0,5,10,0,10,2,2,1,1,1,2,2
34028,34042,1,pv,1,1,1,30,30,30,4,0,4.0,20,20,0,12,12,2,10,10,5,5,10,4,2,1,30,30,35,5,14,12,14,0,8.0,0,10,10,20,20,3,2,1,1,1,2,2
34028,34042,3,pv_pt,0,1,1,30,30,30,4,0,4.0,20,20,0,12,12,2,10,10,5,5,10,4,2,1,30,30,35,5,14,12,14,0,8.0,0,10,10,20,20,3,2,1,1,1,2,2
34028,34045,1,pv,1,1,1,20,20,15,2,2,1.5,20,10,6,7,2,12,10,5,5,15,5,4,3,1,20,20,30,11,19,2,7,2,5.5,0,10,5,20,10,4,2,1,2,4,2,2
34028,34045,3,pv_pt,0,1,1,20,20,15,2,2,1.5,20,10,6,7,2,12,10,5,5,15,5,4,3,1,20,20,30,11,19,2,7,2,5.5,0,10,5,20,10,4,2,1,2,4,2,2
34028,34048,1,pv,1,1,1,20,30,18,6,0,5.25,10,0,12,12,7,2,0,10,0,15,5,4,1,1,20,30,33,12,14,7,11,0,9.25,0,0,10,10,0,5,2,1,2,4,2,2
34028,34048,2,pt,0,1,1,20,30,18,6,0,5.25,10,0,12,12,7,2,0,10,0,15,5,4,1,1,20,30,33,12,14,7,11,0,9.25,0,0,10,10,0,5,2,1,2,4,2,2
34028,34050,3,pv_pt,1,1,1,25,20,25,6,0,6.0,20,20,0,12,2,12,0,15,10,15,5,4,1,3,25,20,40,10,24,2,11,0,10.0,0,0,15,20,20,6,2,1,2,4,2,2
34028,34050,1,pv,1,1,0,25,20,25,6,0,6.0,20,20,0,12,2,12,0,15,10,15,5,4,1,3,25,20,40,10,24,2,11,0,10.0,0,0,15,20,20,6,2,1,2,4,2,2
34028,34053,2,pt,1,1,1,30,20,23,6,2,4.5,20,0,12,2,12,12,10,5,0,10,0,2,1,3,30,20,33,12,14,12,6,2,6.5,0,10,5,20,0,7,3,1,1,3,1,2
34028,34053,1,pv,1,0,1,30,20,23,6,2,4.5,20,0,12,2,12,12,10,5,0,10,0,2,1,3,30,20,33,12,14,12,6,2,6.5,0,10,5,20,0,7,3,1,1,3,1,2
34028,34054,3,pv_pt,1,1,1,25,20,25,6,4,6.0,10,20,12,2,2,2,10,15,5,5,10,2,3,3,25,20,30,17,4,2,16,4,8.0,0,10,15,10,20,8,3,1,1,3,1,2
34028,34054,1,pv,1,1,0,25,20,25,6,4,6.0,10,20,12,2,2,2,10,15,5,5,10,2,3,3,25,20,30,17,4,2,16,4,8.0,0,10,15,10,20,8,3,1,1,3,1,2
34028,34055,1,pv,1,1,1,30,25,23,6,4,4.5,0,10,6,7,2,12,5,5,10,15,0,0,2,1,30,25,38,16,19,2,6,4,4.5,0,5,5,0,10,9,3,1,1,3,1,2
34028,34055,3,pv_pt,0,1,1,30,25,23,6,4,4.5,0,10,6,7,2,12,5,5,10,15,0,0,2,1,30,25,38,16,19,2,6,4,4.5,0,5,5,0,10,9,3,1,1,3,1,2
34030,34091,1,pv,1,1,1,30,20,23,6,2,4.5,20,0,12,2,12,12,10,5,0,10,0,2,1,3,30,20,33,12,14,12,6,2,6.5,0,10,5,20,0,1,4,1,2,1,1,1
34030,34091,2,pt,0,1,1,30,20,23,6,2,4.5,20,0,12,2,12,12,10,5,0,10,0,2,1,3,30,20,33,12,14,12,6,2,6.5,0,10,5,20,0,1,4,1,2,1,1,1
34030,34092,1,pv,1,1,1,20,30,18,6,0,5.25,10,0,12,12,7,2,0,10,0,15,5,4,1,1,20,30,33,12,14,7,11,0,9.25,0,0,10,10,0,2,4,1,2,1,1,1
34030,34092,2,pt,0,1,1,20,30,18,6,0,5.25,10,0,12,12,7,2,0,10,0,15,5,4,1,1,20,30,33,12,14,7,11,0,9.25,0,0,10,10,0,2,4,1,2,1,1,1
34030,34093,3,pv_pt,1,1,1,20,20,15,2,2,1.5,20,10,6,7,2,12,10,5,5,15,5,4,3,1,20,20,30,11,19,2,7,2,5.5,0,10,5,20,10,3,4,1,2,1,1,1
34030,34093,1,pv,1,1,0,20,20,15,2,2,1.5,20,10,6,7,2,12,10,5,5,15,5,4,3,1,20,20,30,11,19,2,7,2,5.5,0,10,5,20,10,3,4,1,2,1,1,1
34030,34095,1,pv,1,1,1,20,25,18,2,2,1.75,10,10,0,7,7,7,5,10,5,10,0,2,2,3,20,25,28,5,14,7,2,2,3.75,0,5,10,10,10,4,1,2,1,1,1,1
34030,34095,3,pv_pt,0,1,1,20,25,18,2,2,1.75,10,10,0,7,7,7,5,10,5,10,0,2,2,3,20,25,28,5,14,7,2,2,3.75,0,5,10,10,10,4,1,2,1,1,1,1
34030,34096,1,pv,1,1,1,30,25,23,6,4,4.5,0,10,6,7,2,12,5,5,10,15,0,0,2,1,30,25,38,16,19,2,6,4,4.5,0,5,5,0,10,5,1,2,1,1,1,1
34030,34096,3,pv_pt,0,1,1,30,25,23,6,4,4.5,0,10,6,7,2,12,5,5,10,15,0,0,2,1,30,25,38,16,19,2,6,4,4.5,0,5,5,0,10,5,1,2,1,1,1,1
34030,34097,1,pv,1,1,1,30,20,30,2,0,2.0,0,10,12,12,7,12,5,10,0,15,10,0,3,3,30,20,45,12,24,7,12,0,2.0,0,5,10,0,10,6,1,2,1,1,1,1
34030,34097,3,pv_pt,0,1,1,30,20,30,2,0,2.0,0,10,12,12,7,12,5,10,0,15,10,0,3,3,30,20,45,12,24,7,12,0,2.0,0,5,10,0,10,6,1,2,1,1,1,1
34030,34099,1,pv,1,1,1,20,25,18,2,0,1.75,0,0,12,2,7,12,0,15,5,5,5,4,2,1,20,25,23,17,14,7,7,0,5.75,0,0,15,0,0,7,4,2,2,3,2,1
34030,34099,2,pt,0,1,1,20,25,18,2,0,1.75,0,0,12,2,7,12,0,15,5,5,5,4,2,1,20,25,23,17,14,7,7,0,5.75,0,0,15,0,0,7,4,2,2,3,2,1
34030,34100,2,pt,1,1,1,25,20,25,6,4,6.0,10,20,12,2,2,2,10,15,5,5,10,2,3,3,25,20,30,17,4,2,16,4,8.0,0,10,15,10,20,8,4,2,2,3,2,1
34030,34100,3,pv_pt,1,0,1,25,20,25,6,4,6.0,10,20,12,2,2,2,10,15,5,5,10,2,3,3,25,20,30,17,4,2,16,4,8.0,0,10,15,10,20,8,4,2,2,3,2,1
34030,34101,1,pv,1,1,1,30,25,23,6,2,4.5,0,10,6,12,2,7,10,15,5,10,5,4,2,2,30,25,33,11,19,2,11,2,8.5,0,10,15,0,10,9,4,2,2,3,2,1
34030,34101,3,pv_pt,0,1,1,30,25,23,6,2,4.5,0,10,6,12,2,7,10,15,5,10,5,4,2,2,30,25,33,11,19,2,11,2,8.5,0,10,15,0,10,9,4,2,2,3,2,1
34061,34139,1,pv,1,1,1,30,20,23,4,0,3.0,20,20,12,2,12,2,0,15,10,5,0,0,1,1,30,20,28,22,4,12,4,0,3.0,0,0,15,20,20,1,3,2,2,1,2,2
34061,34139,2,pt,0,1,1,30,20,23,4,0,3.0,20,20,12,2,12,2,0,15,10,5,0,0,1,1,30,20,28,22,4,12,4,0,3.0,0,0,15,20,20,1,3,2,2,1,2,2
34061,34140,1,pv,1,1,1,25,20,25,6,4,6.0,10,20,12,2,2,2,10,15,5,5,10,2,3,3,25,20,30,17,4,2,16,4,8.0,0,10,15,10,20,2,3,2,2,1,2,2
34061,34140,2,pt,0,1,1,25,20,25,6,4,6.0,10,20,12,2,2,2,10,15,5,5,10,2,3,3,25,20,30,17,4,2,16,4,8.0,0,10,15,10,20,2,3,2,2,1,2,2
34061,34141,1,pv,1,1,1,20,20,15,2,2,1.5,20,10,6,7,2,12,10,5,5,15,5,4,3,1,20,20,30,11,19,2,7,2,5.5,0,10,5,20,10,3,3,2,2,1,2,2
34061,34141,2,pt,0,1,1,20,20,15,2,2,1.5,20,10,6,7,2,12,10,5,5,15,5,4,3,1,20,20,30,11,19,2,7,2,5.5,0,10,5,20,10,3,3,2,2,1,2,2
34061,34143,2,pt,1,1,1,20,30,18,6,0,5.25,10,0,12,12,7,2,0,10,0,15,5,4,1,1,20,30,33,12,14,7,11,0,9.25,0,0,10,10,0,4,1,2,2,4,1,1
34061,34143,1,pv,1,0,1,20,30,18,6,0,5.25,10,0,12,12,7,2,0,10,0,15,5,4,1,1,20,30,33,12,14,7,11,0,9.25,0,0,10,10,0,4,1,2,2,4,1,1
34061,34144,2,pt,1,1,1,20,25,18,2,0,1.75,0,0,12,2,7,12,0,15,5,5,5,4,2,1,20,25,23,17,14,7,7,0,5.75,0,0,15,0,0,5,1,2,2,4,1,1
34061,34144,1,pv,1,0,1,20,25,18,2,0,1.75,0,0,12,2,7,12,0,15,5,5,5,4,2,1,20,25,23,17,14,7,7,0,5.75,0,0,15,0,0,5,1,2,2,4,1,1
34061,34145,1,pv,1,1,1,25,30,25,4,4,4.0,10,10,6,7,7,7,5,10,5,10,0,2,1,3,25,30,35,11,14,7,4,4,6.0,0,5,10,10,10,6,1,2,2,4,1,1
34061,34145,2,pt,0,1,1,25,30,25,4,4,4.0,10,10,6,7,7,7,5,10,5,10,0,2,1,3,25,30,35,11,14,7,4,4,6.0,0,5,10,10,10,6,1,2,2,4,1,1
34061,34147,1,pv,1,1,1,30,25,23,6,2,4.5,0,10,6,12,2,7,10,15,5,10,5,4,2,2,30,25,33,11,19,2,11,2,8.5,0,10,15,0,10,7,2,1,1,3,1,1
34061,34147,3,pv_pt,0,1,1,30,25,23,6,2,4.5,0,10,6,12,2,7,10,15,5,10,5,4,2,2,30,25,33,11,19,2,11,2,8.5,0,10,15,0,10,7,2,1,1,3,1,1
34061,34148,3,pv_pt,1,1,1,30,25,23,6,4,4.5,0,10,6,7,2,12,5,5,10,15,0,0,2,1,30,25,38,16,19,2,6,4,4.5,0,5,5,0,10,8,2,1,1,3,1,1
34061,34148,1,pv,1,1,0,30,25,23,6,4,4.5,0,10,6,7,2,12,5,5,10,15,0,0,2,1,30,25,38,16,19,2,6,4,4.5,0,5,5,0,10,8,2,1,1,3,1,1
34061,34149,3,pv_pt,1,1,1,20,30,20,4,2,4.0,0,10,12,12,2,2,10,5,10,5,5,0,3,1,20,30,25,22,14,2,9,2,4.0,0,10,5,0,10,9,2,1,1,3,1,1
34061,34149,1,pv,1,1,0,20,30,20,4,2,4.0,0,10,12,12,2,2,10,5,10,5,5,0,3,1,20,30,25,22,14,2,9,2,4.0,0,10,5,0,10,9,2,1,1,3,1,1
34154,34197,1,pv,1,1,1,20,25,18,4,4,1.75,0,10,0,7,7,7,5,10,0,10,0,2,1,1,20,25,28,0,14,7,4,4,3.75,0,5,10,0,10,1,1,1,1,2,2,1
34154,34197,3,pv_pt,0,1,1,20,25,18,4,4,1.75,0,10,0,7,7,7,5,10,0,10,0,2,1,1,20,25,28,0,14,7,4,4,3.75,0,5,10,0,10,1,1,1,1,2,2,1
34154,34199,3,pv_pt,1,1,1,25,20,25,6,4,6.0,10,20,12,2,2,2,10,15,5,5,10,2,3,3,25,20,30,17,4,2,16,4,8.0,0,10,15,10,20,2,1,1,1,2,2,1
34154,34199,2,pt,1,1,0,25,20,25,6,4,6.0,10,20,12,2,2,2,10,15,5,5,10,2,3,3,25,20,30,17,4,2,16,4,8.0,0,10,15,10,20,2,1,1,1,2,2,1
34154,34201,3,pv_pt,1,1,1,25,25,22,2,4,1.75,10,0,6,12,12,2,10,15,10,15,10,0,1,3,25,25,37,16,14,12,12,4,1.75,0,10,15,10,0,3,1,1,1,2,2,1
34154,34201,2,pt,1,1,0,25,25,22,2,4,1.75,10,0,6,12,12,2,10,15,10,15,10,0,1,3,25,25,37,16,14,12,12,4,1.75,0,10,15,10,0,3,1,1,1,2,2,1
34154,34204,1,pv,1,1,1,30,25,23,6,4,4.5,0,10,6,7,2,12,5,5,10,15,0,0,2,1,30,25,38,16,19,2,6,4,4.5,0,5,5,0,10,4,3,1,1,2,1,2
34154,34204,3,pv_pt,0,1,1,30,25,23,6,4,4.5,0,10,6,7,2,12,5,5,10,15,0,0,2,1,30,25,38,16,19,2,6,4,4.5,0,5,5,0,10,4,3,1,1,2,1,2
34154,34207,3,pv_pt,1,1,1,20,25,18,2,2,1.75,10,10,0,7,7,7,5,10,5,10,0,2,2,3,20,25,28,5,14,7,2,2,3.75,0,5,10,10,10,5,3,1,1,2,1,2
34154,34207,1,pv,1,1,0,20,25,18,2,2,1.75,10,10,0,7,7,7,5,10,5,10,0,2,2,3,20,25,28,5,14,7,2,2,3.75,0,5,10,10,10,5,3,1,1,2,1,2
34154,34209,3,pv_pt,1,1,1,30,25,23,6,2,4.5,0,10,6,12,2,7,10,15,5,10,5,4,2,2,30,25,33,11,19,2,11,2,8.5,0,10,15,0,10,6,3,1,1,2,1,2
34154,34209,1,pv,1,1,0,30,25,23,6,2,4.5,0,10,6,12,2,7,10,15,5,10,5,4,2,2,30,25,33,11,19,2,11,2,8.5,0,10,15,0,10,6,3,1,1,2,1,2
34154,34212,1,pv,1,1,1,30,30,30,4,0,4.0,20,20,0,12,12,2,10,10,5,5,10,4,2,1,30,30,35,5,14,12,14,0,8.0,0,10,10,20,20,7,1,2,2,2,2,2
34154,34212,2,pt,0,1,1,30,30,30,4,0,4.0,20,20,0,12,12,2,10,10,5,5,10,4,2,1,30,30,35,5,14,12,14,0,8.0,0,10,10,20,20,7,1,2,2,2,2,2
34154,34213,1,pv,1,1,1,25,30,25,4,4,4.0,10,10,6,7,7,7,5,10,5,10,0,2,1,3,25,30,35,11,14,7,4,4,6.0,0,5,10,10,10,8,1,2,2,2,2,2
34154,34213,2,pt,0,1,1,25,30,25,4,4,4.0,10,10,6,7,7,7,5,10,5,10,0,2,1,3,25,30,35,11,14,7,4,4,6.0,0,5,10,10,10,8,1,2,2,2,2,2
34154,34214,2,pt,1,1,1,20,30,18,6,0,5.25,10,0,12,12,7,2,0,10,0,15,5,4,1,1,20,30,33,12,14,7,11,0,9.25,0,0,10,10,0,9,1,2,2,2,2,2
34154,34214,3,pv_pt,1,0,1,20,30,18,6,0,5.25,10,0,12,12,7,2,0,10,0,15,5,4,1,1,20,30,33,12,14,7,11,0,9.25,0,0,10,10,0,9,1,2,2,2,2,2
34215,34244,1,pv,1,1,1,30,20,23,6,2,4.5,20,0,12,2,12,12,10,5,0,10,0,2,1,3,30,20,33,12,14,12,6,2,6.5,0,10,5,20,0,1,2,2,1,2,1,1
34215,34244,2,pt,0,1,1,30,20,23,6,2,4.5,20,0,12,2,12,12,10,5,0,10,0,2,1,3,30,20,33,12,14,12,6,2,6.5,0,10,5,20,0,1,2,2,1,2,1,1
34215,34245,2,pt,1,1,1,30,30,26,2,0,1.75,10,0,0,2,7,2,10,15,0,15,10,0,3,1,30,30,41,0,4,7,12,0,1.75,0,10,15,10,0,2,2,2,1,2,1,1
34215,34245,1,pv,1,0,1,30,30,26,2,0,1.75,10,0,0,2,7,2,10,15,0,15,10,0,3,1,30,30,41,0,4,7,12,0,1.75,0,10,15,10,0,2,2,2,1,2,1,1
34215,34246,1,pv,1,1,1,25,25,22,4,2,3.5,0,20,6,7,7,7,5,10,0,10,0,2,2,2,25,25,32,6,14,7,4,2,5.5,0,5,10,0,20,3,2,2,1,2,1,1
34215,34246,2,pt,0,1,1,25,25,22,4,2,3.5,0,20,6,7,7,7,5,10,0,10,0,2,2,2,25,25,32,6,14,7,4,2,5.5,0,5,10,0,20,3,2,2,1,2,1,1
34215,34248,1,pv,1,1,1,25,30,25,4,4,4.0,20,0,12,12,12,12,0,15,10,10,5,4,3,2,25,30,35,22,24,12,9,4,8.0,0,0,15,20,0,4,4,2,1,3,2,2
34215,34248,2,pt,0,1,1,25,30,25,4,4,4.0,20,0,12,12,12,12,0,15,10,10,5,4,3,2,25,30,35,22,24,12,9,4,8.0,0,0,15,20,0,4,4,2,1,3,2,2
34215,34249,1,pv,1,1,1,25,20,25,6,0,6.0,20,20,0,12,2,12,0,15,10,15,5,4,1,3,25,20,40,10,24,2,11,0,10.0,0,0,15,20,20,5,4,2,1,3,2,2
34215,34249,2,pt,0,1,1,25,20,25,6,0,6.0,20,20,0,12,2,12,0,15,10,15,5,4,1,3,25,20,40,10,24,2,11,0,10.0,0,0,15,20,20,5,4,2,1,3,2,2
34215,34250,1,pv,1,1,1,20,25,18,4,4,1.75,0,10,0,7,7,7,5,10,0,10,0,2,1,1,20,25,28,0,14,7,4,4,3.75,0,5,10,0,10,6,4,2,1,3,2,2
34215,34250,2,pt,0,1,1,20,25,18,4,4,1.75,0,10,0,7,7,7,5,10,0,10,0,2,1,1,20,25,28,0,14,7,4,4,3.75,0,5,10,0,10,6,4,2,1,3,2,2
34215,34252,2,pt,1,1,1,25,20,25,6,4,6.0,10,20,12,2,2,2,10,15,5,5,10,2,3,3,25,20,30,17,4,2,16,4,8.0,0,10,15,10,20,7,2,1,1,3,1,1
34215,34252,1,pv,1,0,1,25,20,25,6,4,6.0,10,20,12,2,2,2,10,15,5,5,10,2,3,3,25,20,30,17,4,2,16,4,8.0,0,10,15,10,20,7,2,1,1,3,1,1
34215,34253,1,pv,1,1,1,20,30,20,6,0,6.0,10,0,0,2,12,12,10,10,10,10,10,0,1,2,20,30,30,10,14,12,16,0,6.0,0,10,10,10,0,8,2,1,1,3,1,1
34215,34253,2,pt,0,1,1,20,30,20,6,0,6.0,10,0,0,2,12,12,10,10,10,10,10,0,1,2,20,30,30,10,14,12,16,0,6.0,0,10,10,10,0,8,2,1,1,3,1,1
34215,34254,2,pt,1,1,1,30,20,23,4,0,3.0,20,20,12,2,12,2,0,15,10,5,0,0,1,1,30,20,28,22,4,12,4,0,3.0,0,0,15,20,20,9,2,1,1,3,1,1
34215,34254,1,pv,1,0,1,30,20,23,4,0,3.0,20,20,12,2,12,2,0,15,10,5,0,0,1,1,30,20,28,22,4,12,4,0,3.0,0,0,15,20,20,9,2,1,1,3,1,1
34216,34220,2,pt,1,1,1,25,25,22,2,2,1.75,20,20,6,7,2,7,5,5,5,5,0,0,3,2,25,25,27,11,14,2,2,2,1.75,0,5,5,20,20,1,2,2,1,4,2,1
34216,34220,3,pv_pt,1,0,1,25,25,22,2,2,1.75,20,20,6,7,2,7,5,5,5,5,0,0,3,2,25,25,27,11,14,2,2,2,1.75,0,5,5,20,20,1,2,2,1,4,2,1
34216,34221,3,pv_pt,1,1,1,20,25,15,4,2,3.0,20,20,6,7,2,12,5,15,0,5,5,0,2,2,20,25,20,6,19,2,9,2,3.0,0,5,15,20,20,2,2,2,1,4,2,1
34216,34221,2,pt,1,1,0,20,25,15,4,2,3.0,20,20,6,7,2,12,5,15,0,5,5,0,2,2,20,25,20,6,19,2,9,2,3.0,0,5,15,20,20,2,2,2,1,4,2,1
34216,34222,3,pv_pt,1,1,1,20,30,20,6,0,6.0,10,0,0,2,12,12,10,10,10,10,10,0,1,2,20,30,30,10,14,12,16,0,6.0,0,10,10,10,0,3,2,2,1,4,2,1
34216,34222,2,pt,1,1,0,20,30,20,6,0,6.0,10,0,0,2,12,12,10,10,10,10,10,0,1,2,20,30,30,10,14,12,16,0,6.0,0,10,10,10,0,3,2,2,1,4,2,1
34216,34224,2,pt,1,1,1,30,30,26,2,0,1.75,10,0,0,2,7,2,10,15,0,15,10,0,3,1,30,30,41,0,4,7,12,0,1.75,0,10,15,10,0,4,3,2,2,3,1,1
34216,34224,3,pv_pt,1,0,1,30,30,26,2,0,1.75,10,0,0,2,7,2,10,15,0,15,10,0,3,1,30,30,41,0,4,7,12,0,1.75,0,10,15,10,0,4,3,2,2,3,1,1
34216,34225,1,pv,1,1,1,25,25,22,4,2,3.5,0,20,6,7,7,7,5,10,0,10,0,2,2,2,25,25,32,6,14,7,4,2,5.5,0,5,10,0,20,5,3,2,2,3,1,1
34216,34225,2,pt,0,1,1,25,25,22,4,2,3.5,0,20,6,7,7,7,5,10,0,10,0,2,2,2,25,25,32,6,14,7,4,2,5.5,0,5,10,0,20,5,3,2,2,3,1,1
34216,34226,2,pt,1,1,1,30,20,30,2,0,2.0,0,10,12,12,7,12,5,10,0,15,10,0,3,3,30,20,45,12,24,7,12,0,2.0,0,5,10,0,10,6,3,2,2,3,1,1
34216,34226,3,pv_pt,1,0,1,30,20,30,2,0,2.0,0,10,12,12,7,12,5,10,0,15,10,0,3,3,30,20,45,12,24,7,12,0,2.0,0,5,10,0,10,6,3,2,2,3,1,1
34216,34228,3,pv_pt,1,1,1,30,25,23,6,4,4.5,0,10,6,7,2,12,5,5,10,15,0,0,2,1,30,25,38,16,19,2,6,4,4.5,0,5,5,0,10,7,1,1,2,1,1,2
34216,34228,1,pv,1,1,0,30,25,23,6,4,4.5,0,10,6,7,2,12,5,5,10,15,0,0,2,1,30,25,38,16,19,2,6,4,4.5,0,5,5,0,10,7,1,1,2,1,1,2
34216,34229,3,pv_pt,1,1,1,20,30,20,4,2,4.0,0,10,12,12,2,2,10,5,10,5,5,0,3,1,20,30,25,22,14,2,9,2,4.0,0,10,5,0,10,8,1,1,2,1,1,2
34216,34229,1,pv,1,1,0,20,30,20,4,2,4.0,0,10,12,12,2,2,10,5,10,5,5,0,3,1,20,30,25,22,14,2,9,2,4.0,0,10,5,0,10,8,1,1,2,1,1,2
34216,34230,1,pv,1,1,1,25,30,25,4,4,4.0,10,10,6,7,7,7,5,10,5,10,0,2,1,3,25,30,35,11,14,7,4,4,6.0,0,5,10,10,10,9,1,1,2,1,1,2
34216,34230,2,pt,0,1,1,25,30,25,4,4,4.0,10,10,6,7,7,7,5,10,5,10,0,2,1,3,25,30,35,11,14,7,4,4,6.0,0,5,10,10,10,9,1,1,2,1,1,2
34267,34286,1,pv,1,1,1,30,25,23,6,4,4.5,0,10,6,7,2,12,5,5,10,15,0,0,2,1,30,25,38,16,19,2,6,4,4.5,0,5,5,0,10,1,3,1,1,3,1,2
34267,34286,2,pt,0,1,1,30,25,23,6,4,4.5,0,10,6,7,2,12,5,5,10,15,0,0,2,1,30,25,38,16,19,2,6,4,4.5,0,5,5,0,10,1,3,1,1,3,1,2
34267,34287,1,pv,1,1,1,20,25,18,2,2,1.75,10,10,0,7,7,7,5,10,5,10,0,2,2,3,20,25,28,5,14,7,2,2,3.75,0,5,10,10,10,2,3,1,1,3,1,2
34267,34287,2,pt,0,1,1,20,25,18,2,2,1.75,10,10,0,7,7,7,5,10,5,10,0,2,2,3,20,25,28,5,14,7,2,2,3.75,0,5,10,10,10,2,3,1,1,3,1,2
34267,34288,1,pv,1,1,1,25,25,22,2,4,1.75,10,0,6,12,12,2,10,15,10,15,10,0,1,3,25,25,37,16,14,12,12,4,1.75,0,10,15,10,0,3,3,1,1,3,1,2
34267,34288,2,pt,0,1,1,25,25,22,2,4,1.75,10,0,6,12,12,2,10,15,10,15,10,0,1,3,25,25,37,16,14,12,12,4,1.75,0,10,15,10,0,3,3,1,1,3,1,2
34267,34290,1,pv,1,1,1,30,20,23,6,2,4.5,20,0,12,2,12,12,10,5,0,10,0,2,1,3,30,20,33,12,14,12,6,2,6.5,0,10,5,20,0,4,1,2,2,2,2,2
34267,34290,2,pt,0,1,1,30,20,23,6,2,4.5,20,0,12,2,12,12,10,5,0,10,0,2,1,3,30,20,33,12,14,12,6,2,6.5,0,10,5,20,0,4,1,2,2,2,2,2
34267,34291,1,pv,1,1,1,30,30,26,2,0,1.75,10,0,0,2,7,2,10,15,0,15,10,0,3,1,30,30,41,0,4,7,12,0,1.75,0,10,15,10,0,5,1,2,2,2,2,2
34267,34291,2,pt,0,1,1,30,30,26,2,0,1.75,10,0,0,2,7,2,10,15,0,15,10,0,3,1,30,30,41,0,4,7,12,0,1.75,0,10,15,10,0,5,1,2,2,2,2,2
34267,34292,1,pv,1,1,1,25,20,25,6,4,6.0,10,20,12,2,2,2,10,15,5,5,10,2,3,3,25,20,30,17,4,2,16,4,8.0,0,10,15,10,20,6,1,2,2,2,2,2
34267,34292,2,pt,0,1,1,25,20,25,6,4,6.0,10,20,12,2,2,2,10,15,5,5,10,2,3,3,25,20,30,17,4,2,16,4,8.0,0,10,15,10,20,6,1,2,2,2,2,2
34267,34294,1,pv,1,1,1,20,30,20,6,0,6.0,10,0,0,2,12,12,10,10,10,10,10,0,1,2,20,30,30,10,14,12,16,0,6.0,0,10,10,10,0,7,3,1,2,4,2,1
34267,34294,2,pt,0,1,1,20,30,20,6,0,6.0,10,0,0,2,12,12,10,10,10,10,10,0,1,2,20,30,30,10,14,12,16,0,6.0,0,10,10,10,0,7,3,1,2,4,2,1
34267,34295,1,pv,1,1,1,30,25,23,2,4,1.5,10,10,0,12,2,7,5,5,5,5,5,4,2,3,30,25,28,5,19,2,7,4,5.5,0,5,5,10,10,8,3,1,2,4,2,1
34267,34295,2,pt,0,1,1,30,25,23,2,4,1.5,10,10,0,12,2,7,5,5,5,5,5,4,2,3,30,25,28,5,19,2,7,4,5.5,0,5,5,10,10,8,3,1,2,4,2,1
34267,34296,2,pt,1,1,1,30,20,23,4,0,3.0,20,20,12,2,12,2,0,15,10,5,0,0,1,1,30,20,28,22,4,12,4,0,3.0,0,0,15,20,20,9,3,1,2,4,2,1
34267,34296,1,pv,1,0,1,30,20,23,4,0,3.0,20,20,12,2,12,2,0,15,10,5,0,0,1,1,30,20,28,22,4,12,4,0,3.0,0,0,15,20,20,9,3,1,2,4,2,1
34268,34272,1,pv,1,1,1,20,30,18,6,0,5.25,10,0,12,12,7,2,0,10,0,15,5,4,1,1,20,30,33,12,14,7,11,0,9.25,0,0,10,10,0,1,4,1,1,4,1,1
34268,34272,2,pt,0,1,1,20,30,18,6,0,5.25,10,0,12,12,7,2,0,10,0,15,5,4,1,1,20,30,33,12,14,7,11,0,9.25,0,0,10,10,0,1,4,1,1,4,1,1
34268,34273,1,pv,1,1,1,20,25,18,2,2,1.75,10,10,0,7,7,7,5,10,5,10,0,2,2,3,20,25,28,5,14,7,2,2,3.75,0,5,10,10,10,2,4,1,1,4,1,1
34268,34273,2,pt,0,1,1,20,25,18,2,2,1.75,10,10,0,7,7,7,5,10,5,10,0,2,2,3,20,25,28,5,14,7,2,2,3.75,0,5,10,10,10,2,4,1,1,4,1,1
34268,34274,1,pv,1,1,1,25,30,25,4,4,4.0,20,0,12,12,12,12,0,15,10,10,5,4,3,2,25,30,35,22,24,12,9,4,8.0,0,0,15,20,0,3,4,1,1,4,1,1
34268,34274,2,pt,0,1,1,25,30,25,4,4,4.0,20,0,12,12,12,12,0,15,10,10,5,4,3,2,25,30,35,22,24,12,9,4,8.0,0,0,15,20,0,3,4,1,1,4,1,1
34268,34276,2,pt,1,1,1,25,20,22,4,0,3.5,10,0,0,7,12,2,0,10,10,10,0,2,3,2,25,20,32,10,9,12,4,0,5.5,0,0,10,10,0,4,2,2,2,3,1,2
34268,34276,3,pv_pt,1,0,1,25,20,22,4,0,3.5,10,0,0,7,12,2,0,10,10,10,0,2,3,2,25,20,32,10,9,12,4,0,5.5,0,0,10,10,0,4,2,2,2,3,1,2
34268,34277,1,pv,1,1,1,30,25,23,6,4,4.5,0,10,6,7,2,12,5,5,10,15,0,0,2,1,30,25,38,16,19,2,6,4,4.5,0,5,5,0,10,5,2,2,2,3,1,2
34268,34277,2,pt,0,1,1,30,25,23,6,4,4.5,0,10,6,7,2,12,5,5,10,15,0,0,2,1,30,25,38,16,19,2,6,4,4.5,0,5,5,0,10,5,2,2,2,3,1,2
34268,34278,2,pt,1,1,1,30,25,23,6,2,4.5,0,10,6,12,2,7,10,15,5,10,5,4,2,2,30,25,33,11,19,2,11,2,8.5,0,10,15,0,10,6,2,2,2,3,1,2
34268,34278,3,pv_pt,1,0,1,30,25,23,6,2,4.5,0,10,6,12,2,7,10,15,5,10,5,4,2,2,30,25,33,11,19,2,11,2,8.5,0,10,15,0,10,6,2,2,2,3,1,2
34268,34280,2,pt,1,1,1,20,30,15,6,2,4.5,0,20,0,2,12,7,0,5,0,5,10,2,3,3,20,30,20,0,9,12,16,2,6.5,0,0,5,0,20,7,2,2,1,2,1,1
34268,34280,3,pv_pt,1,0,1,20,30,15,6,2,4.5,0,20,0,2,12,7,0,5,0,5,10,2,3,3,20,30,20,0,9,12,16,2,6.5,0,0,5,0,20,7,2,2,1,2,1,1
34268,34281,2,pt,1,1,1,30,20,30,2,0,2.0,0,10,12,12,7,12,5,10,0,15,10,0,3,3,30,20,45,12,24,7,12,0,2.0,0,5,10,0,10,8,2,2,1,2,1,1
34268,34281,3,pv_pt,1,0,1,30,20,30,2,0,2.0,0,10,12,12,7,12,5,10,0,15,10,0,3,3,30,20,45,12,24,7,12,0,2.0,0,5,10,0,10,8,2,2,1,2,1,1
34268,34283,2,pt,1,1,1,25,20,25,6,0,6.0,20,20,0,12,2,12,0,15,10,15,5,4,1,3,25,20,40,10,24,2,11,0,10.0,0,0,15,20,20,9,2,2,1,2,1,1
34268,34283,1,pv,1,0,1,25,20,25,6,0,6.0,20,20,0,12,2,12,0,15,10,15,5,4,1,3,25,20,40,10,24,2,11,0,10.0,0,0,15,20,20,9,2,2,1,2,1,1
34269,34298,1,pv,1,1,1,30,25,23,2,4,1.5,10,10,0,12,2,7,5,5,5,5,5,4,2,3,30,25,28,5,19,2,7,4,5.5,0,5,5,10,10,1,2,1,1,1,2,2
34269,34298,3,pv_pt,0,1,1,30,25,23,2,4,1.5,10,10,0,12,2,7,5,5,5,5,5,4,2,3,30,25,28,5,19,2,7,4,5.5,0,5,5,10,10,1,2,1,1,1,2,2
34269,34299,1,pv,1,1,1,30,25,23,6,2,4.5,0,10,6,12,2,7,10,15,5,10,5,4,2,2,30,25,33,11,19,2,11,2,8.5,0,10,15,0,10,2,2,1,1,1,2,2
34269,34299,3,pv_pt,0,1,1,30,25,23,6,2,4.5,0,10,6,12,2,7,10,15,5,10,5,4,2,2,30,25,33,11,19,2,11,2,8.5,0,10,15,0,10,2,2,1,1,1,2,2
34269,34300,1,pv,1,1,1,25,25,22,4,2,3.5,0,20,6,7,7,7,5,10,0,10,0,2,2,2,25,25,32,6,14,7,4,2,5.5,0,5,10,0,20,3,2,1,1,1,2,2
34269,34300,3,pv_pt,0,1,1,25,25,22,4,2,3.5,0,20,6,7,7,7,5,10,0,10,0,2,2,2,25,25,32,6,14,7,4,2,5.5,0,5,10,0,20,3,2,1,1,1,2,2
34269,34302,1,pv,1,1,1,20,25,18,2,2,1.75,10,10,0,7,7,7,5,10,5,10,0,2,2,3,20,25,28,5,14,7,2,2,3.75,0,5,10,10,10,4,1,2,2,2,2,2
34269,34302,3,pv_pt,0,1,1,20,25,18,2,2,1.75,10,10,0,7,7,7,5,10,5,10,0,2,2,3,20,25,28,5,14,7,2,2,3.75,0,5,10,10,10,4,1,2,2,2,2,2
34269,34303,1,pv,1,1,1,25,25,22,2,2,1.75,20,20,6,7,2,7,5,5,5,5,0,0,3,2,25,25,27,11,14,2,2,2,1.75,0,5,5,20,20,5,1,2,2,2,2,2
34269,34303,3,pv_pt,0,1,1,25,25,22,2,2,1.75,20,20,6,7,2,7,5,5,5,5,0,0,3,2,25,25,27,11,14,2,2,2,1.75,0,5,5,20,20,5,1,2,2,2,2,2
34269,34304,1,pv,1,1,1,30,25,23,6,4,4.5,0,10,6,7,2,12,5,5,10,15,0,0,2,1,30,25,38,16,19,2,6,4,4.5,0,5,5,0,10,6,1,2,2,2,2,2
34269,34304,3,pv_pt,0,1,1,30,25,23,6,4,4.5,0,10,6,7,2,12,5,5,10,15,0,0,2,1,30,25,38,16,19,2,6,4,4.5,0,5,5,0,10,6,1,2,2,2,2,2
34269,34308,1,pv,1,1,1,25,30,25,4,4,4.0,10,10,6,7,7,7,5,10,5,10,0,2,1,3,25,30,35,11,14,7,4,4,6.0,0,5,10,10,10,7,1,1,2,1,1,2
34269,34308,3,pv_pt,0,1,1,25,30,25,4,4,4.0,10,10,6,7,7,7,5,10,5,10,0,2,1,3,25,30,35,11,14,7,4,4,6.0,0,5,10,10,10,7,1,1,2,1,1,2
34269,34309,2,pt,1,1,1,20,30,18,6,0,5.25,10,0,12,12,7,2,0,10,0,15,5,4,1,1,20,30,33,12,14,7,11,0,9.25,0,0,10,10,0,8,1,1,2,1,1,2
34269,34309,3,pv_pt,1,0,1,20,30,18,6,0,5.25,10,0,12,12,7,2,0,10,0,15,5,4,1,1,20,30,33,12,14,7,11,0,9.25,0,0,10,10,0,8,1,1,2,1,1,2
34269,34311,3,pv_pt,1,1,1,30,30,26,2,4,1.75,0,20,12,2,12,7,0,5,10,15,10,4,1,2,30,30,41,22,9,12,12,4,5.75,0,0,5,0,20,9,1,1,2,1,1,2
34269,34311,1,pv,1,1,0,30,30,26,2,4,1.75,0,20,12,2,12,7,0,5,10,15,10,4,1,2,30,30,41,22,9,12,12,4,5.75,0,0,5,0,20,9,1,1,2,1,1,2
34282,34322,1,pv,1,1,1,25,30,25,4,4,4.0,10,10,6,7,7,7,5,10,5,10,0,2,1,3,25,30,35,11,14,7,4,4,6.0,0,5,10,10,10,1,2,1,2,4,2,2
34282,34322,2,pt,0,1,1,25,30,25,4,4,4.0,10,10,6,7,7,7,5,10,5,10,0,2,1,3,25,30,35,11,14,7,4,4,6.0,0,5,10,10,10,1,2,1,2,4,2,2
34282,34323,1,pv,1,1,1,25,25,22,4,2,3.5,0,20,6,7,7,7,5,10,0,10,0,2,2,2,25,25,32,6,14,7,4,2,5.5,0,5,10,0,20,2,2,1,2,4,2,2
34282,34323,2,pt,0,1,1,25,25,22,4,2,3.5,0,20,6,7,7,7,5,10,0,10,0,2,2,2,25,25,32,6,14,7,4,2,5.5,0,5,10,0,20,2,2,1,2,4,2,2
34282,34324,1,pv,1,1,1,25,25,22,2,2,1.75,20,20,6,7,2,7,5,5,5,5,0,0,3,2,25,25,27,11,14,2,2,2,1.75,0,5,5,20,20,3,2,1,2,4,2,2
34282,34324,3,pv_pt,0,1,1,25,25,22,2,2,1.75,20,20,6,7,2,7,5,5,5,5,0,0,3,2,25,25,27,11,14,2,2,2,1.75,0,5,5,20,20,3,2,1,2,4,2,2
34282,34326,2,pt,1,1,1,25,20,25,6,0,6.0,20,20,0,12,2,12,0,15,10,15,5,4,1,3,25,20,40,10,24,2,11,0,10.0,0,0,15,20,20,4,2,2,1,2,1,1
34282,34326,1,pv,1,0,1,25,20,25,6,0,6.0,20,20,0,12,2,12,0,15,10,15,5,4,1,3,25,20,40,10,24,2,11,0,10.0,0,0,15,20,20,4,2,2,1,2,1,1
34282,34327,2,pt,1,1,1,20,30,15,6,2,4.5,0,20,0,2,12,7,0,5,0,5,10,2,3,3,20,30,20,0,9,12,16,2,6.5,0,0,5,0,20,5,2,2,1,2,1,1
34282,34327,3,pv_pt,1,0,1,20,30,15,6,2,4.5,0,20,0,2,12,7,0,5,0,5,10,2,3,3,20,30,20,0,9,12,16,2,6.5,0,0,5,0,20,5,2,2,1,2,1,1
34282,34328,3,pv_pt,1,1,1,20,25,15,4,2,3.0,20,20,6,7,2,12,5,15,0,5,5,0,2,2,20,25,20,6,19,2,9,2,3.0,0,5,15,20,20,6,2,2,1,2,1,1
34282,34328,1,pv,1,1,0,20,25,15,4,2,3.0,20,20,6,7,2,12,5,15,0,5,5,0,2,2,20,25,20,6,19,2,9,2,3.0,0,5,15,20,20,6,2,2,1,2,1,1
34282,34330,3,pv_pt,1,1,1,20,30,20,4,2,4.0,0,10,12,12,2,2,10,5,10,5,5,0,3,1,20,30,25,22,14,2,9,2,4.0,0,10,5,0,10,7,4,2,2,2,2,1
34282,34330,2,pt,1,1,0,20,30,20,4,2,4.0,0,10,12,12,2,2,10,5,10,5,5,0,3,1,20,30,25,22,14,2,9,2,4.0,0,10,5,0,10,7,4,2,2,2,2,1
34282,34331,1,pv,1,1,1,20,25,18,2,2,1.75,10,10,0,7,7,7,5,10,5,10,0,2,2,3,20,25,28,5,14,7,2,2,3.75,0,5,10,10,10,8,4,2,2,2,2,1
34282,34331,3,pv_pt,0,1,1,20,25,18,2,2,1.75,10,10,0,7,7,7,5,10,5,10,0,2,2,3,20,25,28,5,14,7,2,2,3.75,0,5,10,10,10,8,4,2,2,2,2,1
34282,34332,1,pv,1,1,1,20,25,18,4,4,1.75,0,10,0,7,7,7,5,10,0,10,0,2,1,1,20,25,28,0,14,7,4,4,3.75,0,5,10,0,10,9,4,2,2,2,2,1
34282,34332,3,pv_pt,0,1,1,20,25,18,4,4,1.75,0,10,0,7,7,7,5,10,0,10,0,2,1,1,20,25,28,0,14,7,4,4,3.75,0,5,10,0,10,9,4,2,2,2,2,1
34333,34336,1,pv,1,1,1,30,20,30,2,0,2.0,0,10,12,12,7,12,5,10,0,15,10,0,3,3,30,20,45,12,24,7,12,0,2.0,0,5,10,0,10,1,3,1,2,2,1,1
34333,34336,3,pv_pt,0,1,1,30,20,30,2,0,2.0,0,10,12,12,7,12,5,10,0,15,10,0,3,3,30,20,45,12,24,7,12,0,2.0,0,5,10,0,10,1,3,1,2,2,1,1
34333,34337,1,pv,1,1,1,30,30,30,4,0,4.0,20,20,0,12,12,2,10,10,5,5,10,4,2,1,30,30,35,5,14,12,14,0,8.0,0,10,10,20,20,2,3,1,2,2,1,1
34333,34337,3,pv_pt,0,1,1,30,30,30,4,0,4.0,20,20,0,12,12,2,10,10,5,5,10,4,2,1,30,30,35,5,14,12,14,0,8.0,0,10,10,20,20,2,3,1,2,2,1,1
34333,34338,1,pv,1,1,1,20,20,15,2,2,1.5,20,10,6,7,2,12,10,5,5,15,5,4,3,1,20,20,30,11,19,2,7,2,5.5,0,10,5,20,10,3,3,1,2,2,1,1
34333,34338,3,pv_pt,0,1,1,20,20,15,2,2,1.5,20,10,6,7,2,12,10,5,5,15,5,4,3,1,20,20,30,11,19,2,7,2,5.5,0,10,5,20,10,3,3,1,2,2,1,1
34333,34340,1,pv,1,1,1,20,30,20,4,2,4.0,0,10,12,12,2,2,10,5,10,5,5,0,3,1,20,30,25,22,14,2,9,2,4.0,0,10,5,0,10,4,2,1,2,1,2,1
34333,34340,3,pv_pt,0,1,1,20,30,20,4,2,4.0,0,10,12,12,2,2,10,5,10,5,5,0,3,1,20,30,25,22,14,2,9,2,4.0,0,10,5,0,10,4,2,1,2,1,2,1
34333,34341,1,pv,1,1,1,25,30,25,4,4,4.0,10,10,6,7,7,7,5,10,5,10,0,2,1,3,25,30,35,11,14,7,4,4,6.0,0,5,10,10,10,5,2,1,2,1,2,1
34333,34341,3,pv_pt,0,1,1,25,30,25,4,4,4.0,10,10,6,7,7,7,5,10,5,10,0,2,1,3,25,30,35,11,14,7,4,4,6.0,0,5,10,10,10,5,2,1,2,1,2,1
34333,34342,1,pv,1,1,1,20,25,18,4,4,1.75,0,10,0,7,7,7,5,10,0,10,0,2,1,1,20,25,28,0,14,7,4,4,3.75,0,5,10,0,10,6,2,1,2,1,2,1
34333,34342,3,pv_pt,0,1,1,20,25,18,4,4,1.75,0,10,0,7,7,7,5,10,0,10,0,2,1,1,20,25,28,0,14,7,4,4,3.75,0,5,10,0,10,6,2,1,2,1,2,1
34333,34344,1,pv,1,1,1,25,30,25,4,4,4.0,20,0,12,12,12,12,0,15,10,10,5,4,3,2,25,30,35,22,24,12,9,4,8.0,0,0,15,20,0,7,3,2,2,3,1,1
34333,34344,3,pv_pt,0,1,1,25,30,25,4,4,4.0,20,0,12,12,12,12,0,15,10,10,5,4,3,2,25,30,35,22,24,12,9,4,8.0,0,0,15,20,0,7,3,2,2,3,1,1
34333,34345,1,pv,1,1,1,25,20,25,6,0,6.0,20,20,0,12,2,12,0,15,10,15,5,4,1,3,25,20,40,10,24,2,11,0,10.0,0,0,15,20,20,8,3,2,2,3,1,1
34333,34345,3,pv_pt,0,1,1,25,20,25,6,0,6.0,20,20,0,12,2,12,0,15,10,15,5,4,1,3,25,20,40,10,24,2,11,0,10.0,0,0,15,20,20,8,3,2,2,3,1,1
34333,34346,1,pv,1,1,1,25,20,25,6,4,6.0,20,0,6,2,7,2,0,5,0,15,10,2,2,2,25,20,40,6,4,7,16,4,8.0,0,0,5,20,0,9,3,2,2,3,1,1
34333,34346,3,pv_pt,0,1,1,25,20,25,6,4,6.0,20,0,6,2,7,2,0,5,0,15,10,2,2,2,25,20,40,6,4,7,16,4,8.0,0,0,5,20,0,9,3,2,2,3,1,1
34347,34366,1,pv,1,1,1,20,30,15,6,2,4.5,0,20,0,2,12,7,0,5,0,5,10,2,3,3,20,30,20,0,9,12,16,2,6.5,0,0,5,0,20,1,4,2,1,1,1,2
34347,34366,2,pt,0,1,1,20,30,15,6,2,4.5,0,20,0,2,12,7,0,5,0,5,10,2,3,3,20,30,20,0,9,12,16,2,6.5,0,0,5,0,20,1,4,2,1,1,1,2
34347,34367,1,pv,1,1,1,30,30,26,2,0,1.75,10,0,0,2,7,2,10,15,0,15,10,0,3,1,30,30,41,0,4,7,12,0,1.75,0,10,15,10,0,2,4,2,1,1,1,2
34347,34367,2,pt,0,1,1,30,30,26,2,0,1.75,10,0,0,2,7,2,10,15,0,15,10,0,3,1,30,30,41,0,4,7,12,0,1.75,0,10,15,10,0,2,4,2,1,1,1,2
34347,34368,1,pv,1,1,1,20,30,20,6,0,6.0,10,0,0,2,12,12,10,10,10,10,10,0,1,2,20,30,30,10,14,12,16,0,6.0,0,10,10,10,0,3,4,2,1,1,1,2
34347,34368,3,pv_pt,0,1,1,20,30,20,6,0,6.0,10,0,0,2,12,12,10,10,10,10,10,0,1,2,20,30,30,10,14,12,16,0,6.0,0,10,10,10,0,3,4,2,1,1,1,2
34347,34370,2,pt,1,1,1,20,25,18,2,0,1.75,0,0,12,2,7,12,0,15,5,5,5,4,2,1,20,25,23,17,14,7,7,0,5.75,0,0,15,0,0,4,2,2,2,2,1,2
34347,34370,1,pv,1,0,1,20,25,18,2,0,1.75,0,0,12,2,7,12,0,15,5,5,5,4,2,1,20,25,23,17,14,7,7,0,5.75,0,0,15,0,0,4,2,2,2,2,1,2
34347,34371,3,pv_pt,1,1,1,30,25,23,2,4,1.5,10,10,0,12,2,7,5,5,5,5,5,4,2,3,30,25,28,5,19,2,7,4,5.5,0,5,5,10,10,5,2,2,2,2,1,2
34347,34371,1,pv,1,1,0,30,25,23,2,4,1.5,10,10,0,12,2,7,5,5,5,5,5,4,2,3,30,25,28,5,19,2,7,4,5.5,0,5,5,10,10,5,2,2,2,2,1,2
34347,34372,3,pv_pt,1,1,1,30,20,30,2,0,2.0,0,10,12,12,7,12,5,10,0,15,10,0,3,3,30,20,45,12,24,7,12,0,2.0,0,5,10,0,10,6,2,2,2,2,1,2
34347,34372,2,pt,1,1,0,30,20,30,2,0,2.0,0,10,12,12,7,12,5,10,0,15,10,0,3,3,30,20,45,12,24,7,12,0,2.0,0,5,10,0,10,6,2,2,2,2,1,2
34347,34374,3,pv_pt,1,1,1,25,25,22,2,4,1.75,10,0,6,12,12,2,10,15,10,15,10,0,1,3,25,25,37,16,14,12,12,4,1.75,0,10,15,10,0,7,3,1,1,2,1,2
34347,34374,1,pv,1,1,0,25,25,22,2,4,1.75,10,0,6,12,12,2,10,15,10,15,10,0,1,3,25,25,37,16,14,12,12,4,1.75,0,10,15,10,0,7,3,1,1,2,1,2
34347,34375,1,pv,1,1,1,25,30,25,4,4,4.0,10,10,6,7,7,7,5,10,5,10,0,2,1,3,25,30,35,11,14,7,4,4,6.0,0,5,10,10,10,8,3,1,1,2,1,2
34347,34375,3,pv_pt,0,1,1,25,30,25,4,4,4.0,10,10,6,7,7,7,5,10,5,10,0,2,1,3,25,30,35,11,14,7,4,4,6.0,0,5,10,10,10,8,3,1,1,2,1,2
34347,34376,3,pv_pt,1,1,1,25,25,22,2,2,1.75,20,20,6,7,2,7,5,5,5,5,0,0,3,2,25,25,27,11,14,2,2,2,1.75,0,5,5,20,20,9,3,1,1,2,1,2
34347,34376,1,pv,1,1,0,25,25,22,2,2,1.75,20,20,6,7,2,7,5,5,5,5,0,0,3,2,25,25,27,11,14,2,2,2,1.75,0,5,5,20,20,9,3,1,1,2,1,2
34362,34442,1,pv,1,1,1,30,30,30,4,0,4.0,20,20,0,12,12,2,10,10,5,5,10,4,2,1,30,30,35,5,14,12,14,0,8.0,0,10,10,20,20,1,3,2,1,4,2,2
34362,34442,3,pv_pt,0,1,1,30,30,30,4,0,4.0,20,20,0,12,12,2,10,10,5,5,10,4,2,1,30,30,35,5,14,12,14,0,8.0,0,10,10,20,20,1,3,2,1,4,2,2
34362,34443,2,pt,1,1,1,30,20,23,4,0,3.0,20,20,12,2,12,2,0,15,10,5,0,0,1,1,30,20,28,22,4,12,4,0,3.0,0,0,15,20,20,2,3,2,1,4,2,2
34362,34443,3,pv_pt,1,0,1,30,20,23,4,0,3.0,20,20,12,2,12,2,0,15,10,5,0,0,1,1,30,20,28,22,4,12,4,0,3.0,0,0,15,20,20,2,3,2,1,4,2,2
34362,34444,1,pv,1,1,1,20,25,18,2,2,1.75,10,10,0,7,7,7,5,10,5,10,0,2,2,3,20,25,28,5,14,7,2,2,3.75,0,5,10,10,10,3,3,2,1,4,2,2
34362,34444,3,pv_pt,0,1,1,20,25,18,2,2,1.75,10,10,0,7,7,7,5,10,5,10,0,2,2,3,20,25,28,5,14,7,2,2,3.75,0,5,10,10,10,3,3,2,1,4,2,2
34362,34446,1,pv,1,1,1,30,25,23,6,2,4.5,0,10,6,12,2,7,10,15,5,10,5,4,2,2,30,25,33,11,19,2,11,2,8.5,0,10,15,0,10,4,4,2,1,1,1,2
34362,34446,3,pv_pt,0,1,1,30,25,23,6,2,4.5,0,10,6,12,2,7,10,15,5,10,5,4,2,2,30,25,33,11,19,2,11,2,8.5,0,10,15,0,10,4,4,2,1,1,1,2
34362,34447,2,pt,1,1,1,25,20,25,6,4,6.0,20,0,6,2,7,2,0,5,0,15,10,2,2,2,25,20,40,6,4,7,16,4,8.0,0,0,5,20,0,5,4,2,1,1,1,2
34362,34447,1,pv,1,0,1,25,20,25,6,4,6.0,20,0,6,2,7,2,0,5,0,15,10,2,2,2,25,20,40,6,4,7,16,4,8.0,0,0,5,20,0,5,4,2,1,1,1,2
34362,34448,3,pv_pt,1,1,1,25,25,22,2,2,1.75,20,20,6,7,2,7,5,5,5,5,0,0,3,2,25,25,27,11,14,2,2,2,1.75,0,5,5,20,20,6,4,2,1,1,1,2
34362,34448,1,pv,1,1,0,25,25,22,2,2,1.75,20,20,6,7,2,7,5,5,5,5,0,0,3,2,25,25,27,11,14,2,2,2,1.75,0,5,5,20,20,6,4,2,1,1,1,2
34362,34450,1,pv,1,1,1,20,25,18,2,0,1.75,0,0,12,2,7,12,0,15,5,5,5,4,2,1,20,25,23,17,14,7,7,0,5.75,0,0,15,0,0,7,2,1,1,1,2,2
34362,34450,3,pv_pt,0,1,1,20,25,18,2,0,1.75,0,0,12,2,7,12,0,15,5,5,5,4,2,1,20,25,23,17,14,7,7,0,5.75,0,0,15,0,0,7,2,1,1,1,2,2
34362,34452,3,pv_pt,1,1,1,25,30,25,4,4,4.0,20,0,12,12,12,12,0,15,10,10,5,4,3,2,25,30,35,22,24,12,9,4,8.0,0,0,15,20,0,8,2,1,1,1,2,2
34362,34452,2,pt,1,1,0,25,30,25,4,4,4.0,20,0,12,12,12,12,0,15,10,10,5,4,3,2,25,30,35,22,24,12,9,4,8.0,0,0,15,20,0,8,2,1,1,1,2,2
34362,34453,1,pv,1,1,1,20,30,18,6,0,5.25,10,0,12,12,7,2,0,10,0,15,5,4,1,1,20,30,33,12,14,7,11,0,9.25,0,0,10,10,0,9,2,1,1,1,2,2
34362,34453,2,pt,0,1,1,20,30,18,6,0,5.25,10,0,12,12,7,2,0,10,0,15,5,4,1,1,20,30,33,12,14,7,11,0,9.25,0,0,10,10,0,9,2,1,1,1,2,2
34364,34405,1,pv,1,1,1,20,30,15,6,2,4.5,0,20,0,2,12,7,0,5,0,5,10,2,3,3,20,30,20,0,9,12,16,2,6.5,0,0,5,0,20,1,3,1,1,2,1,2
34364,34405,3,pv_pt,0,1,1,20,30,15,6,2,4.5,0,20,0,2,12,7,0,5,0,5,10,2,3,3,20,30,20,0,9,12,16,2,6.5,0,0,5,0,20,1,3,1,1,2,1,2
34364,34406,2,pt,1,1,1,20,30,18,6,0,5.25,10,0,12,12,7,2,0,10,0,15,5,4,1,1,20,30,33,12,14,7,11,0,9.25,0,0,10,10,0,2,3,1,1,2,1,2
34364,34406,1,pv,1,0,1,20,30,18,6,0,5.25,10,0,12,12,7,2,0,10,0,15,5,4,1,1,20,30,33,12,14,7,11,0,9.25,0,0,10,10,0,2,3,1,1,2,1,2
34364,34407,1,pv,1,1,1,30,25,23,6,2,4.5,0,10,6,12,2,7,10,15,5,10,5,4,2,2,30,25,33,11,19,2,11,2,8.5,0,10,15,0,10,3,3,1,1,2,1,2
34364,34407,2,pt,0,1,1,30,25,23,6,2,4.5,0,10,6,12,2,7,10,15,5,10,5,4,2,2,30,25,33,11,19,2,11,2,8.5,0,10,15,0,10,3,3,1,1,2,1,2
34364,34409,1,pv,1,1,1,25,20,22,4,0,3.5,10,0,0,7,12,2,0,10,10,10,0,2,3,2,25,20,32,10,9,12,4,0,5.5,0,0,10,10,0,4,3,1,2,2,1,1
34364,34409,2,pt,0,1,1,25,20,22,4,0,3.5,10,0,0,7,12,2,0,10,10,10,0,2,3,2,25,20,32,10,9,12,4,0,5.5,0,0,10,10,0,4,3,1,2,2,1,1
34364,34410,1,pv,1,1,1,30,20,30,2,0,2.0,0,10,12,12,7,12,5,10,0,15,10,0,3,3,30,20,45,12,24,7,12,0,2.0,0,5,10,0,10,5,3,1,2,2,1,1
34364,34410,2,pt,0,1,1,30,20,30,2,0,2.0,0,10,12,12,7,12,5,10,0,15,10,0,3,3,30,20,45,12,24,7,12,0,2.0,0,5,10,0,10,5,3,1,2,2,1,1
34364,34411,1,pv,1,1,1,30,20,23,6,2,4.5,20,0,12,2,12,12,10,5,0,10,0,2,1,3,30,20,33,12,14,12,6,2,6.5,0,10,5,20,0,6,3,1,2,2,1,1
34364,34411,2,pt,0,1,1,30,20,23,6,2,4.5,20,0,12,2,12,12,10,5,0,10,0,2,1,3,30,20,33,12,14,12,6,2,6.5,0,10,5,20,0,6,3,1,2,2,1,1
34364,34413,1,pv,1,1,1,25,20,25,6,0,6.0,20,20,0,12,2,12,0,15,10,15,5,4,1,3,25,20,40,10,24,2,11,0,10.0,0,0,15,20,20,7,2,2,1,2,1,1
34364,34413,2,pt,0,1,1,25,20,25,6,0,6.0,20,20,0,12,2,12,0,15,10,15,5,4,1,3,25,20,40,10,24,2,11,0,10.0,0,0,15,20,20,7,2,2,1,2,1,1
34364,34414,2,pt,1,1,1,30,30,26,2,4,1.75,0,20,12,2,12,7,0,5,10,15,10,4,1,2,30,30,41,22,9,12,12,4,5.75,0,0,5,0,20,8,2,2,1,2,1,1
34364,34414,1,pv,1,0,1,30,30,26,2,4,1.75,0,20,12,2,12,7,0,5,10,15,10,4,1,2,30,30,41,22,9,12,12,4,5.75,0,0,5,0,20,8,2,2,1,2,1,1
34364,34415,1,pv,1,1,1,30,25,23,6,4,4.5,0,10,6,7,2,12,5,5,10,15,0,0,2,1,30,25,38,16,19,2,6,4,4.5,0,5,5,0,10,9,2,2,1,2,1,1
34364,34415,3,pv_pt,0,1,1,30,25,23,6,4,4.5,0,10,6,7,2,12,5,5,10,15,0,0,2,1,30,25,38,16,19,2,6,4,4.5,0,5,5,0,10,9,2,2,1,2,1,1
34383,34418,1,pv,1,1,1,25,25,22,2,4,1.75,10,0,6,12,12,2,10,15,10,15,10,0,1,3,25,25,37,16,14,12,12,4,1.75,0,10,15,10,0,1,1,1,1,2,2,1
34383,34418,2,pt,0,1,1,25,25,22,2,4,1.75,10,0,6,12,12,2,10,15,10,15,10,0,1,3,25,25,37,16,14,12,12,4,1.75,0,10,15,10,0,1,1,1,1,2,2,1
34383,34419,2,pt,1,1,1,25,20,25,6,4,6.0,10,20,12,2,2,2,10,15,5,5,10,2,3,3,25,20,30,17,4,2,16,4,8.0,0,10,15,10,20,2,1,1,1,2,2,1
34383,34419,3,pv_pt,1,0,1,25,20,25,6,4,6.0,10,20,12,2,2,2,10,15,5,5,10,2,3,3,25,20,30,17,4,2,16,4,8.0,0,10,15,10,20,2,1,1,1,2,2,1
34383,34420,1,pv,1,1,1,20,20,15,2,2,1.5,20,10,6,7,2,12,10,5,5,15,5,4,3,1,20,20,30,11,19,2,7,2,5.5,0,10,5,20,10,3,1,1,1,2,2,1
34383,34420,2,pt,0,1,1,20,20,15,2,2,1.5,20,10,6,7,2,12,10,5,5,15,5,4,3,1,20,20,30,11,19,2,7,2,5.5,0,10,5,20,10,3,1,1,1,2,2,1
34383,34422,1,pv,1,1,1,30,20,23,6,2,4.5,20,0,12,2,12,12,10,5,0,10,0,2,1,3,30,20,33,12,14,12,6,2,6.5,0,10,5,20,0,4,4,1,1,2,2,2
34383,34422,2,pt,0,1,1,30,20,23,6,2,4.5,20,0,12,2,12,12,10,5,0,10,0,2,1,3,30,20,33,12,14,12,6,2,6.5,0,10,5,20,0,4,4,1,1,2,2,2
34383,34423,2,pt,1,1,1,30,20,23,4,0,3.0,20,20,12,2,12,2,0,15,10,5,0,0,1,1,30,20,28,22,4,12,4,0,3.0,0,0,15,20,20,5,4,1,1,2,2,2
34383,34423,1,pv,1,0,1,30,20,23,4,0,3.0,20,20,12,2,12,2,0,15,10,5,0,0,1,1,30,20,28,22,4,12,4,0,3.0,0,0,15,20,20,5,4,1,1,2,2,2
34383,34426,3,pv_pt,1,1,1,25,25,22,2,2,1.75,20,20,6,7,2,7,5,5,5,5,0,0,3,2,25,25,27,11,14,2,2,2,1.75,0,5,5,20,20,6,4,1,1,2,2,2
34383,34426,2,pt,1,1,0,25,25,22,2,2,1.75,20,20,6,7,2,7,5,5,5,5,0,0,3,2,25,25,27,11,14,2,2,2,1.75,0,5,5,20,20,6,4,1,1,2,2,2
34383,34429,2,pt,1,1,1,25,20,25,6,4,6.0,20,0,6,2,7,2,0,5,0,15,10,2,2,2,25,20,40,6,4,7,16,4,8.0,0,0,5,20,0,7,3,1,2,4,2,1
34383,34429,1,pv,1,0,1,25,20,25,6,4,6.0,20,0,6,2,7,2,0,5,0,15,10,2,2,2,25,20,40,6,4,7,16,4,8.0,0,0,5,20,0,7,3,1,2,4,2,1
34383,34431,1,pv,1,1,1,30,30,30,4,0,4.0,20,20,0,12,12,2,10,10,5,5,10,4,2,1,30,30,35,5,14,12,14,0,8.0,0,10,10,20,20,8,3,1,2,4,2,1
34383,34431,2,pt,0,1,1,30,30,30,4,0,4.0,20,20,0,12,12,2,10,10,5,5,10,4,2,1,30,30,35,5,14,12,14,0,8.0,0,10,10,20,20,8,3,1,2,4,2,1
34383,34433,2,pt,1,1,1,30,20,30,2,0,2.0,0,10,12,12,7,12,5,10,0,15,10,0,3,3,30,20,45,12,24,7,12,0,2.0,0,5,10,0,10,9,3,1,2,4,2,1
34383,34433,3,pv_pt,1,0,1,30,20,30,2,0,2.0,0,10,12,12,7,12,5,10,0,15,10,0,3,3,30,20,45,12,24,7,12,0,2.0,0,5,10,0,10,9,3,1,2,4,2,1
34403,34619,3,pv_pt,1,1,1,25,25,22,2,2,1.75,20,20,6,7,2,7,5,5,5,5,0,0,3,2,25,25,27,11,14,2,2,2,1.75,0,5,5,20,20,1,2,2,1,4,2,1
34403,34619,2,pt,1,1,0,25,25,22,2,2,1.75,20,20,6,7,2,7,5,5,5,5,0,0,3,2,25,25,27,11,14,2,2,2,1.75,0,5,5,20,20,1,2,2,1,4,2,1
34403,34620,3,pv_pt,1,1,1,20,30,20,4,2,4.0,0,10,12,12,2,2,10,5,10,5,5,0,3,1,20,30,25,22,14,2,9,2,4.0,0,10,5,0,10,2,2,2,1,4,2,1
34403,34620,2,pt,1,1,0,20,30,20,4,2,4.0,0,10,12,12,2,2,10,5,10,5,5,0,3,1,20,30,25,22,14,2,9,2,4.0,0,10,5,0,10,2,2,2,1,4,2,1
34403,34621,2,pt,1,1,1,20,30,18,6,0,5.25,10,0,12,12,7,2,0,10,0,15,5,4,1,1,20,30,33,12,14,7,11,0,9.25,0,0,10,10,0,3,2,2,1,4,2,1
34403,34621,1,pv,1,0,1,20,30,18,6,0,5.25,10,0,12,12,7,2,0,10,0,15,5,4,1,1,20,30,33,12,14,7,11,0,9.25,0,0,10,10,0,3,2,2,1,4,2,1
34403,34623,1,pv,1,1,1,20,25,18,2,2,1.75,10,10,0,7,7,7,5,10,5,10,0,2,2,3,20,25,28,5,14,7,2,2,3.75,0,5,10,10,10,4,1,2,2,4,1,1
34403,34623,3,pv_pt,0,1,1,20,25,18,2,2,1.75,10,10,0,7,7,7,5,10,5,10,0,2,2,3,20,25,28,5,14,7,2,2,3.75,0,5,10,10,10,4,1,2,2,4,1,1
34403,34624,2,pt,1,1,1,20,30,15,6,2,4.5,0,20,0,2,12,7,0,5,0,5,10,2,3,3,20,30,20,0,9,12,16,2,6.5,0,0,5,0,20,5,1,2,2,4,1,1
34403,34624,3,pv_pt,1,0,1,20,30,15,6,2,4.5,0,20,0,2,12,7,0,5,0,5,10,2,3,3,20,30,20,0,9,12,16,2,6.5,0,0,5,0,20,5,1,2,2,4,1,1
34403,34625,2,pt,1,1,1,20,30,20,6,0,6.0,10,0,0,2,12,12,10,10,10,10,10,0,1,2,20,30,30,10,14,12,16,0,6.0,0,10,10,10,0,6,1,2,2,4,1,1
34403,34625,3,pv_pt,1,0,1,20,30,20,6,0,6.0,10,0,0,2,12,12,10,10,10,10,10,0,1,2,20,30,30,10,14,12,16,0,6.0,0,10,10,10,0,6,1,2,2,4,1,1
34403,34627,2,pt,1,1,1,25,20,25,6,0,6.0,20,20,0,12,2,12,0,15,10,15,5,4,1,3,25,20,40,10,24,2,11,0,10.0,0,0,15,20,20,7,4,2,1,1,1,2
34403,34627,3,pv_pt,1,0,1,25,20,25,6,0,6.0,20,20,0,12,2,12,0,15,10,15,5,4,1,3,25,20,40,10,24,2,11,0,10.0,0,0,15,20,20,7,4,2,1,1,1,2
34403,34628,2,pt,1,1,1,25,20,25,6,4,6.0,10,20,12,2,2,2,10,15,5,5,10,2,3,3,25,20,30,17,4,2,16,4,8.0,0,10,15,10,20,8,4,2,1,1,1,2
34403,34628,3,pv_pt,1,0,1,25,20,25,6,4,6.0,10,20,12,2,2,2,10,15,5,5,10,2,3,3,25,20,30,17,4,2,16,4,8.0,0,10,15,10,20,8,4,2,1,1,1,2
34403,34629,2,pt,1,1,1,20,25,18,2,0,1.75,0,0,12,2,7,12,0,15,5,5,5,4,2,1,20,25,23,17,14,7,7,0,5.75,0,0,15,0,0,9,4,2,1,1,1,2
34403,34629,1,pv,1,0,1,20,25,18,2,0,1.75,0,0,12,2,7,12,0,15,5,5,5,4,2,1,20,25,23,17,14,7,7,0,5.75,0,0,15,0,0,9,4,2,1,1,1,2
34463,34535,1,pv,1,1,1,20,20,15,2,2,1.5,20,10,6,7,2,12,10,5,5,15,5,4,3,1,20,20,30,11,19,2,7,2,5.5,0,10,5,20,10,1,2,2,2,3,1,2
34463,34535,3,pv_pt,0,1,1,20,20,15,2,2,1.5,20,10,6,7,2,12,10,5,5,15,5,4,3,1,20,20,30,11,19,2,7,2,5.5,0,10,5,20,10,1,2,2,2,3,1,2
34463,34536,1,pv,1,1,1,30,25,23,2,4,1.5,10,10,0,12,2,7,5,5,5,5,5,4,2,3,30,25,28,5,19,2,7,4,5.5,0,5,5,10,10,2,2,2,2,3,1,2
34463,34536,3,pv_pt,0,1,1,30,25,23,2,4,1.5,10,10,0,12,2,7,5,5,5,5,5,4,2,3,30,25,28,5,19,2,7,4,5.5,0,5,5,10,10,2,2,2,2,3,1,2
34463,34538,1,pv,1,1,1,20,25,18,2,0,1.75,0,0,12,2,7,12,0,15,5,5,5,4,2,1,20,25,23,17,14,7,7,0,5.75,0,0,15,0,0,3,2,2,2,3,1,2
34463,34538,3,pv_pt,0,1,1,20,25,18,2,0,1.75,0,0,12,2,7,12,0,15,5,5,5,4,2,1,20,25,23,17,14,7,7,0,5.75,0,0,15,0,0,3,2,2,2,3,1,2
34463,34541,1,pv,1,1,1,25,20,25,6,4,6.0,10,20,12,2,2,2,10,15,5,5,10,2,3,3,25,20,30,17,4,2,16,4,8.0,0,10,15,10,20,4,4,1,2,4,1,2
34463,34541,3,pv_pt,0,1,1,25,20,25,6,4,6.0,10,20,12,2,2,2,10,15,5,5,10,2,3,3,25,20,30,17,4,2,16,4,8.0,0,10,15,10,20,4,4,1,2,4,1,2
34463,34543,1,pv,1,1,1,25,25,22,2,2,1.75,20,20,6,7,2,7,5,5,5,5,0,0,3,2,25,25,27,11,14,2,2,2,1.75,0,5,5,20,20,5,4,1,2,4,1,2
34463,34543,3,pv_pt,0,1,1,25,25,22,2,2,1.75,20,20,6,7,2,7,5,5,5,5,0,0,3,2,25,25,27,11,14,2,2,2,1.75,0,5,5,20,20,5,4,1,2,4,1,2
34463,34546,1,pv,1,1,1,30,20,23,6,2,4.5,20,0,12,2,12,12,10,5,0,10,0,2,1,3,30,20,33,12,14,12,6,2,6.5,0,10,5,20,0,6,4,1,2,4,1,2
34463,34546,2,pt,0,1,1,30,20,23,6,2,4.5,20,0,12,2,12,12,10,5,0,10,0,2,1,3,30,20,33,12,14,12,6,2,6.5,0,10,5,20,0,6,4,1,2,4,1,2
34463,34550,1,pv,1,1,1,20,30,20,6,0,6.0,10,0,0,2,12,12,10,10,10,10,10,0,1,2,20,30,30,10,14,12,16,0,6.0,0,10,10,10,0,7,1,1,2,3,2,2
34463,34550,3,pv_pt,0,1,1,20,30,20,6,0,6.0,10,0,0,2,12,12,10,10,10,10,10,0,1,2,20,30,30,10,14,12,16,0,6.0,0,10,10,10,0,7,1,1,2,3,2,2
34463,34552,1,pv,1,1,1,30,30,26,2,4,1.75,0,20,12,2,12,7,0,5,10,15,10,4,1,2,30,30,41,22,9,12,12,4,5.75,0,0,5,0,20,8,1,1,2,3,2,2
34463,34552,3,pv_pt,0,1,1,30,30,26,2,4,1.75,0,20,12,2,12,7,0,5,10,15,10,4,1,2,30,30,41,22,9,12,12,4,5.75,0,0,5,0,20,8,1,1,2,3,2,2
34463,34554,1,pv,1,1,1,30,25,23,6,4,4.5,0,10,6,7,2,12,5,5,10,15,0,0,2,1,30,25,38,16,19,2,6,4,4.5,0,5,5,0,10,9,1,1,2,3,2,2
34463,34554,3,pv_pt,0,1,1,30,25,23,6,4,4.5,0,10,6,7,2,12,5,5,10,15,0,0,2,1,30,25,38,16,19,2,6,4,4.5,0,5,5,0,10,9,1,1,2,3,2,2
34497,34539,1,pv,1,1,1,20,25,18,2,2,1.75,10,10,0,7,7,7,5,10,5,10,0,2,2,3,20,25,28,5,14,7,2,2,3.75,0,5,10,10,10,1,4,2,1,1,1,2
34497,34539,2,pt,0,1,1,20,25,18,2,2,1.75,10,10,0,7,7,7,5,10,5,10,0,2,2,3,20,25,28,5,14,7,2,2,3.75,0,5,10,10,10,1,4,2,1,1,1,2
34497,34542,1,pv,1,1,1,20,30,15,6,2,4.5,0,20,0,2,12,7,0,5,0,5,10,2,3,3,20,30,20,0,9,12,16,2,6.5,0,0,5,0,20,2,4,2,1,1,1,2
34497,34542,2,pt,0,1,1,20,30,15,6,2,4.5,0,20,0,2,12,7,0,5,0,5,10,2,3,3,20,30,20,0,9,12,16,2,6.5,0,0,5,0,20,2,4,2,1,1,1,2
34497,34544,1,pv,1,1,1,25,20,22,4,0,3.5,10,0,0,7,12,2,0,10,10,10,0,2,3,2,25,20,32,10,9,12,4,0,5.5,0,0,10,10,0,3,4,2,1,1,1,2
34497,34544,2,pt,0,1,1,25,20,22,4,0,3.5,10,0,0,7,12,2,0,10,10,10,0,2,3,2,25,20,32,10,9,12,4,0,5.5,0,0,10,10,0,3,4,2,1,1,1,2
34497,34547,1,pv,1,1,1,25,30,25,4,4,4.0,20,0,12,12,12,12,0,15,10,10,5,4,3,2,25,30,35,22,24,12,9,4,8.0,0,0,15,20,0,4,2,1,2,1,2,1
34497,34547,2,pt,0,1,1,25,30,25,4,4,4.0,20,0,12,12,12,12,0,15,10,10,5,4,3,2,25,30,35,22,24,12,9,4,8.0,0,0,15,20,0,4,2,1,2,1,2,1
34497,34549,1,pv,1,1,1,25,30,25,4,4,4.0,10,10,6,7,7,7,5,10,5,10,0,2,1,3,25,30,35,11,14,7,4,4,6.0,0,5,10,10,10,5,2,1,2,1,2,1
34497,34549,2,pt,0,1,1,25,30,25,4,4,4.0,10,10,6,7,7,7,5,10,5,10,0,2,1,3,25,30,35,11,14,7,4,4,6.0,0,5,10,10,10,5,2,1,2,1,2,1
34497,34551,1,pv,1,1,1,20,25,18,4,4,1.75,0,10,0,7,7,7,5,10,0,10,0,2,1,1,20,25,28,0,14,7,4,4,3.75,0,5,10,0,10,6,2,1,2,1,2,1
34497,34551,2,pt,0,1,1,20,25,18,4,4,1.75,0,10,0,7,7,7,5,10,0,10,0,2,1,1,20,25,28,0,14,7,4,4,3.75,0,5,10,0,10,6,2,1,2,1,2,1
34497,34555,1,pv,1,1,1,20,25,15,4,2,3.0,20,20,6,7,2,12,5,15,0,5,5,0,2,2,20,25,20,6,19,2,9,2,3.0,0,5,15,20,20,7,3,1,2,2,1,1
34497,34555,2,pt,0,1,1,20,25,15,4,2,3.0,20,20,6,7,2,12,5,15,0,5,5,0,2,2,20,25,20,6,19,2,9,2,3.0,0,5,15,20,20,7,3,1,2,2,1,1
34497,34556,1,pv,1,1,1,30,30,26,2,4,1.75,0,20,12,2,12,7,0,5,10,15,10,4,1,2,30,30,41,22,9,12,12,4,5.75,0,0,5,0,20,8,3,1,2,2,1,1
34497,34556,2,pt,0,1,1,30,30,26,2,4,1.75,0,20,12,2,12,7,0,5,10,15,10,4,1,2,30,30,41,22,9,12,12,4,5.75,0,0,5,0,20,8,3,1,2,2,1,1
34497,34557,1,pv,1,1,1,25,25,22,2,2,1.75,20,20,6,7,2,7,5,5,5,5,0,0,3,2,25,25,27,11,14,2,2,2,1.75,0,5,5,20,20,9,3,1,2,2,1,1
34497,34557,2,pt,0,1,1,25,25,22,2,2,1.75,20,20,6,7,2,7,5,5,5,5,0,0,3,2,25,25,27,11,14,2,2,2,1.75,0,5,5,20,20,9,3,1,2,2,1,1
34559,34582,1,pv,1,1,1,30,25,23,6,4,4.5,0,10,6,7,2,12,5,5,10,15,0,0,2,1,30,25,38,16,19,2,6,4,4.5,0,5,5,0,10,1,1,2,2,4,1,1
34559,34582,2,pt,0,1,1,30,25,23,6,4,4.5,0,10,6,7,2,12,5,5,10,15,0,0,2,1,30,25,38,16,19,2,6,4,4.5,0,5,5,0,10,1,1,2,2,4,1,1
34559,34586,2,pt,1,1,1,20,30,20,6,0,6.0,10,0,0,2,12,12,10,10,10,10,10,0,1,2,20,30,30,10,14,12,16,0,6.0,0,10,10,10,0,2,1,2,2,4,1,1
34559,34586,3,pv_pt,1,0,1,20,30,20,6,0,6.0,10,0,0,2,12,12,10,10,10,10,10,0,1,2,20,30,30,10,14,12,16,0,6.0,0,10,10,10,0,2,1,2,2,4,1,1
34559,34589,1,pv,1,1,1,30,20,23,6,2,4.5,20,0,12,2,12,12,10,5,0,10,0,2,1,3,30,20,33,12,14,12,6,2,6.5,0,10,5,20,0,3,1,2,2,4,1,1
34559,34589,2,pt,0,1,1,30,20,23,6,2,4.5,20,0,12,2,12,12,10,5,0,10,0,2,1,3,30,20,33,12,14,12,6,2,6.5,0,10,5,20,0,3,1,2,2,4,1,1
34559,34595,2,pt,1,1,1,30,30,26,2,0,1.75,10,0,0,2,7,2,10,15,0,15,10,0,3,1,30,30,41,0,4,7,12,0,1.75,0,10,15,10,0,4,2,1,2,1,2,1
34559,34595,3,pv_pt,1,0,1,30,30,26,2,0,1.75,10,0,0,2,7,2,10,15,0,15,10,0,3,1,30,30,41,0,4,7,12,0,1.75,0,10,15,10,0,4,2,1,2,1,2,1
34559,34598,1,pv,1,1,1,30,20,30,2,0,2.0,0,10,12,12,7,12,5,10,0,15,10,0,3,3,30,20,45,12,24,7,12,0,2.0,0,5,10,0,10,5,2,1,2,1,2,1
34559,34598,3,pv_pt,0,1,1,30,20,30,2,0,2.0,0,10,12,12,7,12,5,10,0,15,10,0,3,3,30,20,45,12,24,7,12,0,2.0,0,5,10,0,10,5,2,1,2,1,2,1
34559,34600,3,pv_pt,1,1,1,20,20,15,2,2,1.5,20,10,6,7,2,12,10,5,5,15,5,4,3,1,20,20,30,11,19,2,7,2,5.5,0,10,5,20,10,6,2,1,2,1,2,1
34559,34600,1,pv,1,1,0,20,20,15,2,2,1.5,20,10,6,7,2,12,10,5,5,15,5,4,3,1,20,20,30,11,19,2,7,2,5.5,0,10,5,20,10,6,2,1,2,1,2,1
34559,34605,2,pt,1,1,1,25,20,22,4,0,3.5,10,0,0,7,12,2,0,10,10,10,0,2,3,2,25,20,32,10,9,12,4,0,5.5,0,0,10,10,0,7,2,2,2,3,1,2
34559,34605,1,pv,1,0,1,25,20,22,4,0,3.5,10,0,0,7,12,2,0,10,10,10,0,2,3,2,25,20,32,10,9,12,4,0,5.5,0,0,10,10,0,7,2,2,2,3,1,2
34559,34609,2,pt,1,1,1,30,25,23,6,2,4.5,0,10,6,12,2,7,10,15,5,10,5,4,2,2,30,25,33,11,19,2,11,2,8.5,0,10,15,0,10,8,2,2,2,3,1,2
34559,34609,1,pv,1,0,1,30,25,23,6,2,4.5,0,10,6,12,2,7,10,15,5,10,5,4,2,2,30,25,33,11,19,2,11,2,8.5,0,10,15,0,10,8,2,2,2,3,1,2
34559,34611,1,pv,1,1,1,20,25,18,4,4,1.75,0,10,0,7,7,7,5,10,0,10,0,2,1,1,20,25,28,0,14,7,4,4,3.75,0,5,10,0,10,9,2,2,2,3,1,2
34559,34611,2,pt,0,1,1,20,25,18,4,4,1.75,0,10,0,7,7,7,5,10,0,10,0,2,1,1,20,25,28,0,14,7,4,4,3.75,0,5,10,0,10,9,2,2,2,3,1,2
34573,34631,1,pv,1,1,1,25,25,22,2,4,1.75,10,0,6,12,12,2,10,15,10,15,10,0,1,3,25,25,37,16,14,12,12,4,1.75,0,10,15,10,0,1,4,2,1,1,1,2
34573,34631,2,pt,0,1,1,25,25,22,2,4,1.75,10,0,6,12,12,2,10,15,10,15,10,0,1,3,25,25,37,16,14,12,12,4,1.75,0,10,15,10,0,1,4,2,1,1,1,2
34573,34632,1,pv,1,1,1,25,30,25,4,4,4.0,20,0,12,12,12,12,0,15,10,10,5,4,3,2,25,30,35,22,24,12,9,4,8.0,0,0,15,20,0,2,4,2,1,1,1,2
34573,34632,2,pt,0,1,1,25,30,25,4,4,4.0,20,0,12,12,12,12,0,15,10,10,5,4,3,2,25,30,35,22,24,12,9,4,8.0,0,0,15,20,0,2,4,2,1,1,1,2
34573,34633,1,pv,1,1,1,30,25,23,2,4,1.5,10,10,0,12,2,7,5,5,5,5,5,4,2,3,30,25,28,5,19,2,7,4,5.5,0,5,5,10,10,3,4,2,1,1,1,2
34573,34633,3,pv_pt,0,1,1,30,25,23,2,4,1.5,10,10,0,12,2,7,5,5,5,5,5,4,2,3,30,25,28,5,19,2,7,4,5.5,0,5,5,10,10,3,4,2,1,1,1,2
34573,34635,1,pv,1,1,1,20,25,18,4,4,1.75,0,10,0,7,7,7,5,10,0,10,0,2,1,1,20,25,28,0,14,7,4,4,3.75,0,5,10,0,10,4,3,2,1,1,2,1
34573,34635,3,pv_pt,0,1,1,20,25,18,4,4,1.75,0,10,0,7,7,7,5,10,0,10,0,2,1,1,20,25,28,0,14,7,4,4,3.75,0,5,10,0,10,4,3,2,1,1,2,1
34573,34636,1,pv,1,1,1,30,30,30,4,0,4.0,20,20,0,12,12,2,10,10,5,5,10,4,2,1,30,30,35,5,14,12,14,0,8.0,0,10,10,20,20,5,3,2,1,1,2,1
34573,34636,2,pt,0,1,1,30,30,30,4,0,4.0,20,20,0,12,12,2,10,10,5,5,10,4,2,1,30,30,35,5,14,12,14,0,8.0,0,10,10,20,20,5,3,2,1,1,2,1
34573,34637,1,pv,1,1,1,30,25,23,6,2,4.5,0,10,6,12,2,7,10,15,5,10,5,4,2,2,30,25,33,11,19,2,11,2,8.5,0,10,15,0,10,6,3,2,1,1,2,1
34573,34637,3,pv_pt,0,1,1,30,25,23,6,2,4.5,0,10,6,12,2,7,10,15,5,10,5,4,2,2,30,25,33,11,19,2,11,2,8.5,0,10,15,0,10,6,3,2,1,1,2,1
34573,34639,2,pt,1,1,1,25,20,25,6,4,6.0,20,0,6,2,7,2,0,5,0,15,10,2,2,2,25,20,40,6,4,7,16,4,8.0,0,0,5,20,0,7,4,2,1,3,2,2
34573,34639,1,pv,1,0,1,25,20,25,6,4,6.0,20,0,6,2,7,2,0,5,0,15,10,2,2,2,25,20,40,6,4,7,16,4,8.0,0,0,5,20,0,7,4,2,1,3,2,2
34573,34640,2,pt,1,1,1,30,30,26,2,0,1.75,10,0,0,2,7,2,10,15,0,15,10,0,3,1,30,30,41,0,4,7,12,0,1.75,0,10,15,10,0,8,4,2,1,3,2,2
34573,34640,1,pv,1,0,1,30,30,26,2,0,1.75,10,0,0,2,7,2,10,15,0,15,10,0,3,1,30,30,41,0,4,7,12,0,1.75,0,10,15,10,0,8,4,2,1,3,2,2
34573,34641,1,pv,1,1,1,30,25,23,6,4,4.5,0,10,6,7,2,12,5,5,10,15,0,0,2,1,30,25,38,16,19,2,6,4,4.5,0,5,5,0,10,9,4,2,1,3,2,2
34573,34641,3,pv_pt,0,1,1,30,25,23,6,4,4.5,0,10,6,7,2,12,5,5,10,15,0,0,2,1,30,25,38,16,19,2,6,4,4.5,0,5,5,0,10,9,4,2,1,3,2,2
34575,34662,1,pv,1,1,1,25,20,25,6,4,6.0,10,20,12,2,2,2,10,15,5,5,10,2,3,3,25,20,30,17,4,2,16,4,8.0,0,10,15,10,20,1,1,1,2,3,2,2
34575,34662,2,pt,0,1,1,25,20,25,6,4,6.0,10,20,12,2,2,2,10,15,5,5,10,2,3,3,25,20,30,17,4,2,16,4,8.0,0,10,15,10,20,1,1,1,2,3,2,2
34575,34665,1,pv,1,1,1,25,30,25,4,4,4.0,20,0,12,12,12,12,0,15,10,10,5,4,3,2,25,30,35,22,24,12,9,4,8.0,0,0,15,20,0,2,1,1,2,3,2,2
34575,34665,2,pt,0,1,1,25,30,25,4,4,4.0,20,0,12,12,12,12,0,15,10,10,5,4,3,2,25,30,35,22,24,12,9,4,8.0,0,0,15,20,0,2,1,1,2,3,2,2
34575,34668,1,pv,1,1,1,25,25,22,4,2,3.5,0,20,6,7,7,7,5,10,0,10,0,2,2,2,25,25,32,6,14,7,4,2,5.5,0,5,10,0,20,3,1,1,2,3,2,2
34575,34668,2,pt,0,1,1,25,25,22,4,2,3.5,0,20,6,7,7,7,5,10,0,10,0,2,2,2,25,25,32,6,14,7,4,2,5.5,0,5,10,0,20,3,1,1,2,3,2,2
34575,34671,1,pv,1,1,1,20,30,18,6,0,5.25,10,0,12,12,7,2,0,10,0,15,5,4,1,1,20,30,33,12,14,7,11,0,9.25,0,0,10,10,0,4,4,2,2,3,2,1
34575,34671,2,pt,0,1,1,20,30,18,6,0,5.25,10,0,12,12,7,2,0,10,0,15,5,4,1,1,20,30,33,12,14,7,11,0,9.25,0,0,10,10,0,4,4,2,2,3,2,1
34575,34673,1,pv,1,1,1,20,30,20,6,0,6.0,10,0,0,2,12,12,10,10,10,10,10,0,1,2,20,30,30,10,14,12,16,0,6.0,0,10,10,10,0,5,4,2,2,3,2,1
34575,34673,2,pt,0,1,1,20,30,20,6,0,6.0,10,0,0,2,12,12,10,10,10,10,10,0,1,2,20,30,30,10,14,12,16,0,6.0,0,10,10,10,0,5,4,2,2,3,2,1
34575,34674,1,pv,1,1,1,20,30,15,6,2,4.5,0,20,0,2,12,7,0,5,0,5,10,2,3,3,20,30,20,0,9,12,16,2,6.5,0,0,5,0,20,6,4,2,2,3,2,1
34575,34674,2,pt,0,1,1,20,30,15,6,2,4.5,0,20,0,2,12,7,0,5,0,5,10,2,3,3,20,30,20,0,9,12,16,2,6.5,0,0,5,0,20,6,4,2,2,3,2,1
34575,34676,1,pv,1,1,1,30,25,23,6,2,4.5,0,10,6,12,2,7,10,15,5,10,5,4,2,2,30,25,33,11,19,2,11,2,8.5,0,10,15,0,10,7,2,2,1,2,1,1
34575,34676,2,pt,0,1,1,30,25,23,6,2,4.5,0,10,6,12,2,7,10,15,5,10,5,4,2,2,30,25,33,11,19,2,11,2,8.5,0,10,15,0,10,7,2,2,1,2,1,1
34575,34677,1,pv,1,1,1,25,25,22,2,2,1.75,20,20,6,7,2,7,5,5,5,5,0,0,3,2,25,25,27,11,14,2,2,2,1.75,0,5,5,20,20,8,2,2,1,2,1,1
34575,34677,2,pt,0,1,1,25,25,22,2,2,1.75,20,20,6,7,2,7,5,5,5,5,0,0,3,2,25,25,27,11,14,2,2,2,1.75,0,5,5,20,20,8,2,2,1,2,1,1
34575,34678,1,pv,1,1,1,25,20,25,6,4,6.0,20,0,6,2,7,2,0,5,0,15,10,2,2,2,25,20,40,6,4,7,16,4,8.0,0,0,5,20,0,9,2,2,1,2,1,1
34575,34678,2,pt,0,1,1,25,20,25,6,4,6.0,20,0,6,2,7,2,0,5,0,15,10,2,2,2,25,20,40,6,4,7,16,4,8.0,0,0,5,20,0,9,2,2,1,2,1,1
34613,34680,1,pv,1,1,1,20,30,18,6,0,5.25,10,0,12,12,7,2,0,10,0,15,5,4,1,1,20,30,33,12,14,7,11,0,9.25,0,0,10,10,0,1,1,2,2,2,2,2
34613,34680,2,pt,0,1,1,20,30,18,6,0,5.25,10,0,12,12,7,2,0,10,0,15,5,4,1,1,20,30,33,12,14,7,11,0,9.25,0,0,10,10,0,1,1,2,2,2,2,2
34613,34681,1,pv,1,1,1,20,20,15,2,2,1.5,20,10,6,7,2,12,10,5,5,15,5,4,3,1,20,20,30,11,19,2,7,2,5.5,0,10,5,20,10,2,1,2,2,2,2,2
34613,34681,3,pv_pt,0,1,1,20,20,15,2,2,1.5,20,10,6,7,2,12,10,5,5,15,5,4,3,1,20,20,30,11,19,2,7,2,5.5,0,10,5,20,10,2,1,2,2,2,2,2
34613,34682,2,pt,1,1,1,25,20,25,6,4,6.0,20,0,6,2,7,2,0,5,0,15,10,2,2,2,25,20,40,6,4,7,16,4,8.0,0,0,5,20,0,3,1,2,2,2,2,2
34613,34682,1,pv,1,0,1,25,20,25,6,4,6.0,20,0,6,2,7,2,0,5,0,15,10,2,2,2,25,20,40,6,4,7,16,4,8.0,0,0,5,20,0,3,1,2,2,2,2,2
34613,34684,1,pv,1,1,1,30,20,23,6,2,4.5,20,0,12,2,12,12,10,5,0,10,0,2,1,3,30,20,33,12,14,12,6,2,6.5,0,10,5,20,0,4,1,1,1,2,2,1
34613,34684,2,pt,0,1,1,30,20,23,6,2,4.5,20,0,12,2,12,12,10,5,0,10,0,2,1,3,30,20,33,12,14,12,6,2,6.5,0,10,5,20,0,4,1,1,1,2,2,1
34613,34685,2,pt,1,1,1,20,25,18,2,0,1.75,0,0,12,2,7,12,0,15,5,5,5,4,2,1,20,25,23,17,14,7,7,0,5.75,0,0,15,0,0,5,1,1,1,2,2,1
34613,34685,3,pv_pt,1,0,1,20,25,18,2,0,1.75,0,0,12,2,7,12,0,15,5,5,5,4,2,1,20,25,23,17,14,7,7,0,5.75,0,0,15,0,0,5,1,1,1,2,2,1
34613,34686,1,pv,1,1,1,30,30,26,2,0,1.75,10,0,0,2,7,2,10,15,0,15,10,0,3,1,30,30,41,0,4,7,12,0,1.75,0,10,15,10,0,6,1,1,1,2,2,1
34613,34686,2,pt,0,1,1,30,30,26,2,0,1.75,10,0,0,2,7,2,10,15,0,15,10,0,3,1,30,30,41,0,4,7,12,0,1.75,0,10,15,10,0,6,1,1,1,2,2,1
34613,34688,1,pv,1,1,1,30,25,23,2,4,1.5,10,10,0,12,2,7,5,5,5,5,5,4,2,3,30,25,28,5,19,2,7,4,5.5,0,5,5,10,10,7,3,2,2,3,1,1
34613,34688,3,pv_pt,0,1,1,30,25,23,2,4,1.5,10,10,0,12,2,7,5,5,5,5,5,4,2,3,30,25,28,5,19,2,7,4,5.5,0,5,5,10,10,7,3,2,2,3,1,1
34613,34689,2,pt,1,1,1,30,20,23,4,0,3.0,20,20,12,2,12,2,0,15,10,5,0,0,1,1,30,20,28,22,4,12,4,0,3.0,0,0,15,20,20,8,3,2,2,3,1,1
34613,34689,1,pv,1,0,1,30,20,23,4,0,3.0,20,20,12,2,12,2,0,15,10,5,0,0,1,1,30,20,28,22,4,12,4,0,3.0,0,0,15,20,20,8,3,2,2,3,1,1
34613,34690,1,pv,1,1,1,25,25,22,4,2,3.5,0,20,6,7,7,7,5,10,0,10,0,2,2,2,25,25,32,6,14,7,4,2,5.5,0,5,10,0,20,9,3,2,2,3,1,1
34613,34690,3,pv_pt,0,1,1,25,25,22,4,2,3.5,0,20,6,7,7,7,5,10,0,10,0,2,2,2,25,25,32,6,14,7,4,2,5.5,0,5,10,0,20,9,3,2,2,3,1,1
34614,34644,1,pv,1,1,1,25,25,22,2,2,1.75,20,20,6,7,2,7,5,5,5,5,0,0,3,2,25,25,27,11,14,2,2,2,1.75,0,5,5,20,20,1,3,2,2,1,2,2
34614,34644,3,pv_pt,0,1,1,25,25,22,2,2,1.75,20,20,6,7,2,7,5,5,5,5,0,0,3,2,25,25,27,11,14,2,2,2,1.75,0,5,5,20,20,1,3,2,2,1,2,2
34614,34645,1,pv,1,1,1,30,25,23,6,4,4.5,0,10,6,7,2,12,5,5,10,15,0,0,2,1,30,25,38,16,19,2,6,4,4.5,0,5,5,0,10,2,3,2,2,1,2,2
34614,34645,3,pv_pt,0,1,1,30,25,23,6,4,4.5,0,10,6,7,2,12,5,5,10,15,0,0,2,1,30,25,38,16,19,2,6,4,4.5,0,5,5,0,10,2,3,2,2,1,2,2
34614,34648,2,pt,1,1,1,30,30,26,2,0,1.75,10,0,0,2,7,2,10,15,0,15,10,0,3,1,30,30,41,0,4,7,12,0,1.75,0,10,15,10,0,3,3,2,2,1,2,2
34614,34648,1,pv,1,0,1,30,30,26,2,0,1.75,10,0,0,2,7,2,10,15,0,15,10,0,3,1,30,30,41,0,4,7,12,0,1.75,0,10,15,10,0,3,3,2,2,1,2,2
34614,34651,1,pv,1,1,1,30,25,23,2,4,1.5,10,10,0,12,2,7,5,5,5,5,5,4,2,3,30,25,28,5,19,2,7,4,5.5,0,5,5,10,10,4,1,1,1,2,2,1
34614,34651,3,pv_pt,0,1,1,30,25,23,2,4,1.5,10,10,0,12,2,7,5,5,5,5,5,4,2,3,30,25,28,5,19,2,7,4,5.5,0,5,5,10,10,4,1,1,1,2,2,1
34614,34653,1,pv,1,1,1,20,30,20,6,0,6.0,10,0,0,2,12,12,10,10,10,10,10,0,1,2,20,30,30,10,14,12,16,0,6.0,0,10,10,10,0,5,1,1,1,2,2,1
34614,34653,2,pt,0,1,1,20,30,20,6,0,6.0,10,0,0,2,12,12,10,10,10,10,10,0,1,2,20,30,30,10,14,12,16,0,6.0,0,10,10,10,0,5,1,1,1,2,2,1
34614,34656,2,pt,1,1,1,30,20,23,4,0,3.0,20,20,12,2,12,2,0,15,10,5,0,0,1,1,30,20,28,22,4,12,4,0,3.0,0,0,15,20,20,6,1,1,1,2,2,1
34614,34656,1,pv,1,0,1,30,20,23,4,0,3.0,20,20,12,2,12,2,0,15,10,5,0,0,1,1,30,20,28,22,4,12,4,0,3.0,0,0,15,20,20,6,1,1,1,2,2,1
34614,34659,1,pv,1,1,1,20,30,18,6,0,5.25,10,0,12,12,7,2,0,10,0,15,5,4,1,1,20,30,33,12,14,7,11,0,9.25,0,0,10,10,0,7,4,2,2,2,2,1
34614,34659,2,pt,0,1,1,20,30,18,6,0,5.25,10,0,12,12,7,2,0,10,0,15,5,4,1,1,20,30,33,12,14,7,11,0,9.25,0,0,10,10,0,7,4,2,2,2,2,1
34614,34663,1,pv,1,1,1,30,20,23,6,2,4.5,20,0,12,2,12,12,10,5,0,10,0,2,1,3,30,20,33,12,14,12,6,2,6.5,0,10,5,20,0,8,4,2,2,2,2,1
34614,34663,2,pt,0,1,1,30,20,23,6,2,4.5,20,0,12,2,12,12,10,5,0,10,0,2,1,3,30,20,33,12,14,12,6,2,6.5,0,10,5,20,0,8,4,2,2,2,2,1
34614,34667,3,pv_pt,1,1,1,20,30,15,6,2,4.5,0,20,0,2,12,7,0,5,0,5,10,2,3,3,20,30,20,0,9,12,16,2,6.5,0,0,5,0,20,9,4,2,2,2,2,1
34614,34667,1,pv,1,1,0,20,30,15,6,2,4.5,0,20,0,2,12,7,0,5,0,5,10,2,3,3,20,30,20,0,9,12,16,2,6.5,0,0,5,0,20,9,4,2,2,2,2,1
34616,34720,1,pv,1,1,1,20,25,18,4,4,1.75,0,10,0,7,7,7,5,10,0,10,0,2,1,1,20,25,28,0,14,7,4,4,3.75,0,5,10,0,10,1,2,2,2,3,1,2
34616,34720,2,pt,0,1,1,20,25,18,4,4,1.75,0,10,0,7,7,7,5,10,0,10,0,2,1,1,20,25,28,0,14,7,4,4,3.75,0,5,10,0,10,1,2,2,2,3,1,2
34616,34721,1,pv,1,1,1,25,20,25,6,4,6.0,10,20,12,2,2,2,10,15,5,5,10,2,3,3,25,20,30,17,4,2,16,4,8.0,0,10,15,10,20,2,2,2,2,3,1,2
34616,34721,2,pt,0,1,1,25,20,25,6,4,6.0,10,20,12,2,2,2,10,15,5,5,10,2,3,3,25,20,30,17,4,2,16,4,8.0,0,10,15,10,20,2,2,2,2,3,1,2
34616,34722,1,pv,1,1,1,25,20,25,6,0,6.0,20,20,0,12,2,12,0,15,10,15,5,4,1,3,25,20,40,10,24,2,11,0,10.0,0,0,15,20,20,3,2,2,2,3,1,2
34616,34722,2,pt,0,1,1,25,20,25,6,0,6.0,20,20,0,12,2,12,0,15,10,15,5,4,1,3,25,20,40,10,24,2,11,0,10.0,0,0,15,20,20,3,2,2,2,3,1,2
34616,34724,2,pt,1,1,1,25,20,25,6,4,6.0,20,0,6,2,7,2,0,5,0,15,10,2,2,2,25,20,40,6,4,7,16,4,8.0,0,0,5,20,0,4,4,1,2,1,1,1
34616,34724,3,pv_pt,1,0,1,25,20,25,6,4,6.0,20,0,6,2,7,2,0,5,0,15,10,2,2,2,25,20,40,6,4,7,16,4,8.0,0,0,5,20,0,4,4,1,2,1,1,1
34616,34725,2,pt,1,1,1,30,20,23,4,0,3.0,20,20,12,2,12,2,0,15,10,5,0,0,1,1,30,20,28,22,4,12,4,0,3.0,0,0,15,20,20,5,4,1,2,1,1,1
34616,34725,1,pv,1,0,1,30,20,23,4,0,3.0,20,20,12,2,12,2,0,15,10,5,0,0,1,1,30,20,28,22,4,12,4,0,3.0,0,0,15,20,20,5,4,1,2,1,1,1
34616,34726,1,pv,1,1,1,25,20,22,4,0,3.5,10,0,0,7,12,2,0,10,10,10,0,2,3,2,25,20,32,10,9,12,4,0,5.5,0,0,10,10,0,6,4,1,2,1,1,1
34616,34726,2,pt,0,1,1,25,20,22,4,0,3.5,10,0,0,7,12,2,0,10,10,10,0,2,3,2,25,20,32,10,9,12,4,0,5.5,0,0,10,10,0,6,4,1,2,1,1,1
34616,34728,1,pv,1,1,1,30,20,23,6,2,4.5,20,0,12,2,12,12,10,5,0,10,0,2,1,3,30,20,33,12,14,12,6,2,6.5,0,10,5,20,0,7,4,1,1,4,1,1
34616,34728,2,pt,0,1,1,30,20,23,6,2,4.5,20,0,12,2,12,12,10,5,0,10,0,2,1,3,30,20,33,12,14,12,6,2,6.5,0,10,5,20,0,7,4,1,1,4,1,1
34616,34729,1,pv,1,1,1,20,30,18,6,0,5.25,10,0,12,12,7,2,0,10,0,15,5,4,1,1,20,30,33,12,14,7,11,0,9.25,0,0,10,10,0,8,4,1,1,4,1,1
34616,34729,2,pt,0,1,1,20,30,18,6,0,5.25,10,0,12,12,7,2,0,10,0,15,5,4,1,1,20,30,33,12,14,7,11,0,9.25,0,0,10,10,0,8,4,1,1,4,1,1
34616,34730,1,pv,1,1,1,20,30,20,6,0,6.0,10,0,0,2,12,12,10,10,10,10,10,0,1,2,20,30,30,10,14,12,16,0,6.0,0,10,10,10,0,9,4,1,1,4,1,1
34616,34730,2,pt,0,1,1,20,30,20,6,0,6.0,10,0,0,2,12,12,10,10,10,10,10,0,1,2,20,30,30,10,14,12,16,0,6.0,0,10,10,10,0,9,4,1,1,4,1,1
34617,34692,1,pv,1,1,1,30,25,23,2,4,1.5,10,10,0,12,2,7,5,5,5,5,5,4,2,3,30,25,28,5,19,2,7,4,5.5,0,5,5,10,10,1,2,1,1,3,1,1
34617,34692,3,pv_pt,0,1,1,30,25,23,2,4,1.5,10,10,0,12,2,7,5,5,5,5,5,4,2,3,30,25,28,5,19,2,7,4,5.5,0,5,5,10,10,1,2,1,1,3,1,1
34617,34693,1,pv,1,1,1,30,25,23,6,2,4.5,0,10,6,12,2,7,10,15,5,10,5,4,2,2,30,25,33,11,19,2,11,2,8.5,0,10,15,0,10,2,2,1,1,3,1,1
34617,34693,3,pv_pt,0,1,1,30,25,23,6,2,4.5,0,10,6,12,2,7,10,15,5,10,5,4,2,2,30,25,33,11,19,2,11,2,8.5,0,10,15,0,10,2,2,1,1,3,1,1
34617,34694,3,pv_pt,1,1,1,20,30,20,4,2,4.0,0,10,12,12,2,2,10,5,10,5,5,0,3,1,20,30,25,22,14,2,9,2,4.0,0,10,5,0,10,3,2,1,1,3,1,1
34617,34694,1,pv,1,1,0,20,30,20,4,2,4.0,0,10,12,12,2,2,10,5,10,5,5,0,3,1,20,30,25,22,14,2,9,2,4.0,0,10,5,0,10,3,2,1,1,3,1,1
34617,34696,1,pv,1,1,1,30,30,26,2,4,1.75,0,20,12,2,12,7,0,5,10,15,10,4,1,2,30,30,41,22,9,12,12,4,5.75,0,0,5,0,20,4,3,1,2,2,1,1
34617,34696,2,pt,0,1,1,30,30,26,2,4,1.75,0,20,12,2,12,7,0,5,10,15,10,4,1,2,30,30,41,22,9,12,12,4,5.75,0,0,5,0,20,4,3,1,2,2,1,1
34617,34697,2,pt,1,1,1,25,20,22,4,0,3.5,10,0,0,7,12,2,0,10,10,10,0,2,3,2,25,20,32,10,9,12,4,0,5.5,0,0,10,10,0,5,3,1,2,2,1,1
34617,34697,1,pv,1,0,1,25,20,22,4,0,3.5,10,0,0,7,12,2,0,10,10,10,0,2,3,2,25,20,32,10,9,12,4,0,5.5,0,0,10,10,0,5,3,1,2,2,1,1
34617,34698,1,pv,1,1,1,25,25,22,2,4,1.75,10,0,6,12,12,2,10,15,10,15,10,0,1,3,25,25,37,16,14,12,12,4,1.75,0,10,15,10,0,6,3,1,2,2,1,1
34617,34698,2,pt,0,1,1,25,25,22,2,4,1.75,10,0,6,12,12,2,10,15,10,15,10,0,1,3,25,25,37,16,14,12,12,4,1.75,0,10,15,10,0,6,3,1,2,2,1,1
34617,34700,1,pv,1,1,1,25,20,25,6,0,6.0,20,20,0,12,2,12,0,15,10,15,5,4,1,3,25,20,40,10,24,2,11,0,10.0,0,0,15,20,20,7,2,2,1,4,2,1
34617,34700,3,pv_pt,0,1,1,25,20,25,6,0,6.0,20,20,0,12,2,12,0,15,10,15,5,4,1,3,25,20,40,10,24,2,11,0,10.0,0,0,15,20,20,7,2,2,1,4,2,1
34617,34701,3,pv_pt,1,1,1,25,20,25,6,4,6.0,10,20,12,2,2,2,10,15,5,5,10,2,3,3,25,20,30,17,4,2,16,4,8.0,0,10,15,10,20,8,2,2,1,4,2,1
34617,34701,2,pt,1,1,0,25,20,25,6,4,6.0,10,20,12,2,2,2,10,15,5,5,10,2,3,3,25,20,30,17,4,2,16,4,8.0,0,10,15,10,20,8,2,2,1,4,2,1
34617,34702,3,pv_pt,1,1,1,20,20,15,2,2,1.5,20,10,6,7,2,12,10,5,5,15,5,4,3,1,20,20,30,11,19,2,7,2,5.5,0,10,5,20,10,9,2,2,1,4,2,1
34617,34702,1,pv,1,1,0,20,20,15,2,2,1.5,20,10,6,7,2,12,10,5,5,15,5,4,3,1,20,20,30,11,19,2,7,2,5.5,0,10,5,20,10,9,2,2,1,4,2,1
34642,34704,1,pv,1,1,1,20,30,18,6,0,5.25,10,0,12,12,7,2,0,10,0,15,5,4,1,1,20,30,33,12,14,7,11,0,9.25,0,0,10,10,0,1,2,2,1,2,1,1
34642,34704,2,pt,0,1,1,20,30,18,6,0,5.25,10,0,12,12,7,2,0,10,0,15,5,4,1,1,20,30,33,12,14,7,11,0,9.25,0,0,10,10,0,1,2,2,1,2,1,1
34642,34705,2,pt,1,1,1,25,20,25,6,4,6.0,10,20,12,2,2,2,10,15,5,5,10,2,3,3,25,20,30,17,4,2,16,4,8.0,0,10,15,10,20,2,2,2,1,2,1,1
34642,34705,1,pv,1,0,1,25,20,25,6,4,6.0,10,20,12,2,2,2,10,15,5,5,10,2,3,3,25,20,30,17,4,2,16,4,8.0,0,10,15,10,20,2,2,2,1,2,1,1
34642,34706,1,pv,1,1,1,20,25,18,2,2,1.75,10,10,0,7,7,7,5,10,5,10,0,2,2,3,20,25,28,5,14,7,2,2,3.75,0,5,10,10,10,3,2,2,1,2,1,1
34642,34706,2,pt,0,1,1,20,25,18,2,2,1.75,10,10,0,7,7,7,5,10,5,10,0,2,2,3,20,25,28,5,14,7,2,2,3.75,0,5,10,10,10,3,2,2,1,2,1,1
34642,34708,1,pv,1,1,1,30,30,30,4,0,4.0,20,20,0,12,12,2,10,10,5,5,10,4,2,1,30,30,35,5,14,12,14,0,8.0,0,10,10,20,20,4,1,1,1,2,2,1
34642,34708,2,pt,0,1,1,30,30,30,4,0,4.0,20,20,0,12,12,2,10,10,5,5,10,4,2,1,30,30,35,5,14,12,14,0,8.0,0,10,10,20,20,4,1,1,1,2,2,1
34642,34709,1,pv,1,1,1,25,25,22,2,4,1.75,10,0,6,12,12,2,10,15,10,15,10,0,1,3,25,25,37,16,14,12,12,4,1.75,0,10,15,10,0,5,1,1,1,2,2,1
34642,34709,2,pt,0,1,1,25,25,22,2,4,1.75,10,0,6,12,12,2,10,15,10,15,10,0,1,3,25,25,37,16,14,12,12,4,1.75,0,10,15,10,0,5,1,1,1,2,2,1
34642,34710,1,pv,1,1,1,30,25,23,2,4,1.5,10,10,0,12,2,7,5,5,5,5,5,4,2,3,30,25,28,5,19,2,7,4,5.5,0,5,5,10,10,6,1,1,1,2,2,1
34642,34710,3,pv_pt,0,1,1,30,25,23,2,4,1.5,10,10,0,12,2,7,5,5,5,5,5,4,2,3,30,25,28,5,19,2,7,4,5.5,0,5,5,10,10,6,1,1,1,2,2,1
34642,34712,1,pv,1,1,1,25,30,25,4,4,4.0,20,0,12,12,12,12,0,15,10,10,5,4,3,2,25,30,35,22,24,12,9,4,8.0,0,0,15,20,0,7,2,2,1,4,2,1
34642,34712,2,pt,0,1,1,25,30,25,4,4,4.0,20,0,12,12,12,12,0,15,10,10,5,4,3,2,25,30,35,22,24,12,9,4,8.0,0,0,15,20,0,7,2,2,1,4,2,1
34642,34713,1,pv,1,1,1,30,30,26,2,0,1.75,10,0,0,2,7,2,10,15,0,15,10,0,3,1,30,30,41,0,4,7,12,0,1.75,0,10,15,10,0,8,2,2,1,4,2,1
34642,34713,2,pt,0,1,1,30,30,26,2,0,1.75,10,0,0,2,7,2,10,15,0,15,10,0,3,1,30,30,41,0,4,7,12,0,1.75,0,10,15,10,0,8,2,2,1,4,2,1
34642,34714,1,pv,1,1,1,30,30,26,2,4,1.75,0,20,12,2,12,7,0,5,10,15,10,4,1,2,30,30,41,22,9,12,12,4,5.75,0,0,5,0,20,9,2,2,1,4,2,1
34642,34714,2,pt,0,1,1,30,30,26,2,4,1.75,0,20,12,2,12,7,0,5,10,15,10,4,1,2,30,30,41,22,9,12,12,4,5.75,0,0,5,0,20,9,2,2,1,4,2,1
34743,34784,3,pv_pt,1,1,1,20,30,20,4,2,4.0,0,10,12,12,2,2,10,5,10,5,5,0,3,1,20,30,25,22,14,2,9,2,4.0,0,10,5,0,10,1,4,2,2,2,2,1
34743,34784,1,pv,1,1,0,20,30,20,4,2,4.0,0,10,12,12,2,2,10,5,10,5,5,0,3,1,20,30,25,22,14,2,9,2,4.0,0,10,5,0,10,1,4,2,2,2,2,1
34743,34785,1,pv,1,1,1,20,30,15,6,2,4.5,0,20,0,2,12,7,0,5,0,5,10,2,3,3,20,30,20,0,9,12,16,2,6.5,0,0,5,0,20,2,4,2,2,2,2,1
34743,34785,3,pv_pt,0,1,1,20,30,15,6,2,4.5,0,20,0,2,12,7,0,5,0,5,10,2,3,3,20,30,20,0,9,12,16,2,6.5,0,0,5,0,20,2,4,2,2,2,2,1
34743,34786,2,pt,1,1,1,30,30,26,2,0,1.75,10,0,0,2,7,2,10,15,0,15,10,0,3,1,30,30,41,0,4,7,12,0,1.75,0,10,15,10,0,3,4,2,2,2,2,1
34743,34786,3,pv_pt,1,0,1,30,30,26,2,0,1.75,10,0,0,2,7,2,10,15,0,15,10,0,3,1,30,30,41,0,4,7,12,0,1.75,0,10,15,10,0,3,4,2,2,2,2,1
34743,34788,2,pt,1,1,1,25,20,25,6,4,6.0,20,0,6,2,7,2,0,5,0,15,10,2,2,2,25,20,40,6,4,7,16,4,8.0,0,0,5,20,0,4,4,2,2,3,2,1
34743,34788,1,pv,1,0,1,25,20,25,6,4,6.0,20,0,6,2,7,2,0,5,0,15,10,2,2,2,25,20,40,6,4,7,16,4,8.0,0,0,5,20,0,4,4,2,2,3,2,1
34743,34790,1,pv,1,1,1,20,20,15,2,2,1.5,20,10,6,7,2,12,10,5,5,15,5,4,3,1,20,20,30,11,19,2,7,2,5.5,0,10,5,20,10,5,4,2,2,3,2,1
34743,34790,3,pv_pt,0,1,1,20,20,15,2,2,1.5,20,10,6,7,2,12,10,5,5,15,5,4,3,1,20,20,30,11,19,2,7,2,5.5,0,10,5,20,10,5,4,2,2,3,2,1
34743,34791,3,pv_pt,1,1,1,20,25,15,4,2,3.0,20,20,6,7,2,12,5,15,0,5,5,0,2,2,20,25,20,6,19,2,9,2,3.0,0,5,15,20,20,6,4,2,2,3,2,1
34743,34791,2,pt,1,1,0,20,25,15,4,2,3.0,20,20,6,7,2,12,5,15,0,5,5,0,2,2,20,25,20,6,19,2,9,2,3.0,0,5,15,20,20,6,4,2,2,3,2,1
34743,34793,3,pv_pt,1,1,1,30,30,26,2,4,1.75,0,20,12,2,12,7,0,5,10,15,10,4,1,2,30,30,41,22,9,12,12,4,5.75,0,0,5,0,20,7,2,1,2,4,2,2
34743,34793,2,pt,1,1,0,30,30,26,2,4,1.75,0,20,12,2,12,7,0,5,10,15,10,4,1,2,30,30,41,22,9,12,12,4,5.75,0,0,5,0,20,7,2,1,2,4,2,2
34743,34794,3,pv_pt,1,1,1,25,25,22,4,2,3.5,0,20,6,7,7,7,5,10,0,10,0,2,2,2,25,25,32,6,14,7,4,2,5.5,0,5,10,0,20,8,2,1,2,4,2,2
34743,34794,1,pv,1,1,0,25,25,22,4,2,3.5,0,20,6,7,7,7,5,10,0,10,0,2,2,2,25,25,32,6,14,7,4,2,5.5,0,5,10,0,20,8,2,1,2,4,2,2
34743,34795,3,pv_pt,1,1,1,25,20,25,6,4,6.0,10,20,12,2,2,2,10,15,5,5,10,2,3,3,25,20,30,17,4,2,16,4,8.0,0,10,15,10,20,9,2,1,2,4,2,2
34743,34795,2,pt,1,1,0,25,20,25,6,4,6.0,10,20,12,2,2,2,10,15,5,5,10,2,3,3,25,20,30,17,4,2,16,4,8.0,0,10,15,10,20,9,2,1,2,4,2,2
34782,34849,1,pv,1,1,1,20,30,18,6,0,5.25,10,0,12,12,7,2,0,10,0,15,5,4,1,1,20,30,33,12,14,7,11,0,9.25,0,0,10,10,0,1,4,2,1,1,1,2
34782,34849,3,pv_pt,0,1,1,20,30,18,6,0,5.25,10,0,12,12,7,2,0,10,0,15,5,4,1,1,20,30,33,12,14,7,11,0,9.25,0,0,10,10,0,1,4,2,1,1,1,2
34782,34850,1,pv,1,1,1,20,25,15,4,2,3.0,20,20,6,7,2,12,5,15,0,5,5,0,2,2,20,25,20,6,19,2,9,2,3.0,0,5,15,20,20,2,4,2,1,1,1,2
34782,34850,3,pv_pt,0,1,1,20,25,15,4,2,3.0,20,20,6,7,2,12,5,15,0,5,5,0,2,2,20,25,20,6,19,2,9,2,3.0,0,5,15,20,20,2,4,2,1,1,1,2
34782,34851,1,pv,1,1,1,25,30,25,4,4,4.0,20,0,12,12,12,12,0,15,10,10,5,4,3,2,25,30,35,22,24,12,9,4,8.0,0,0,15,20,0,3,4,2,1,1,1,2
34782,34851,3,pv_pt,0,1,1,25,30,25,4,4,4.0,20,0,12,12,12,12,0,15,10,10,5,4,3,2,25,30,35,22,24,12,9,4,8.0,0,0,15,20,0,3,4,2,1,1,1,2
34782,34853,3,pv_pt,1,1,1,30,20,23,6,2,4.5,20,0,12,2,12,12,10,5,0,10,0,2,1,3,30,20,33,12,14,12,6,2,6.5,0,10,5,20,0,4,3,2,2,1,2,2
34782,34853,1,pv,1,1,0,30,20,23,6,2,4.5,20,0,12,2,12,12,10,5,0,10,0,2,1,3,30,20,33,12,14,12,6,2,6.5,0,10,5,20,0,4,3,2,2,1,2,2
34782,34854,1,pv,1,1,1,25,20,22,4,0,3.5,10,0,0,7,12,2,0,10,10,10,0,2,3,2,25,20,32,10,9,12,4,0,5.5,0,0,10,10,0,5,3,2,2,1,2,2
34782,34854,2,pt,0,1,1,25,20,22,4,0,3.5,10,0,0,7,12,2,0,10,10,10,0,2,3,2,25,20,32,10,9,12,4,0,5.5,0,0,10,10,0,5,3,2,2,1,2,2
34782,34855,1,pv,1,1,1,20,25,18,2,2,1.75,10,10,0,7,7,7,5,10,5,10,0,2,2,3,20,25,28,5,14,7,2,2,3.75,0,5,10,10,10,6,3,2,2,1,2,2
34782,34855,3,pv_pt,0,1,1,20,25,18,2,2,1.75,10,10,0,7,7,7,5,10,5,10,0,2,2,3,20,25,28,5,14,7,2,2,3.75,0,5,10,10,10,6,3,2,2,1,2,2
34782,34857,1,pv,1,1,1,30,20,30,2,0,2.0,0,10,12,12,7,12,5,10,0,15,10,0,3,3,30,20,45,12,24,7,12,0,2.0,0,5,10,0,10,7,3,1,1,3,1,2
34782,34857,3,pv_pt,0,1,1,30,20,30,2,0,2.0,0,10,12,12,7,12,5,10,0,15,10,0,3,3,30,20,45,12,24,7,12,0,2.0,0,5,10,0,10,7,3,1,1,3,1,2
34782,34858,1,pv,1,1,1,25,20,25,6,0,6.0,20,20,0,12,2,12,0,15,10,15,5,4,1,3,25,20,40,10,24,2,11,0,10.0,0,0,15,20,20,8,3,1,1,3,1,2
34782,34858,3,pv_pt,0,1,1,25,20,25,6,0,6.0,20,20,0,12,2,12,0,15,10,15,5,4,1,3,25,20,40,10,24,2,11,0,10.0,0,0,15,20,20,8,3,1,1,3,1,2
34782,34859,2,pt,1,1,1,25,20,25,6,4,6.0,20,0,6,2,7,2,0,5,0,15,10,2,2,2,25,20,40,6,4,7,16,4,8.0,0,0,5,20,0,9,3,1,1,3,1,2
34782,34859,1,pv,1,0,1,25,20,25,6,4,6.0,20,0,6,2,7,2,0,5,0,15,10,2,2,2,25,20,40,6,4,7,16,4,8.0,0,0,5,20,0,9,3,1,1,3,1,2
34860,34888,1,pv,1,1,1,20,20,15,2,2,1.5,20,10,6,7,2,12,10,5,5,15,5,4,3,1,20,20,30,11,19,2,7,2,5.5,0,10,5,20,10,1,2,2,2,3,1,2
34860,34888,3,pv_pt,0,1,1,20,20,15,2,2,1.5,20,10,6,7,2,12,10,5,5,15,5,4,3,1,20,20,30,11,19,2,7,2,5.5,0,10,5,20,10,1,2,2,2,3,1,2
34860,34889,2,pt,1,1,1,25,20,25,6,4,6.0,20,0,6,2,7,2,0,5,0,15,10,2,2,2,25,20,40,6,4,7,16,4,8.0,0,0,5,20,0,2,2,2,2,3,1,2
34860,34889,1,pv,1,0,1,25,20,25,6,4,6.0,20,0,6,2,7,2,0,5,0,15,10,2,2,2,25,20,40,6,4,7,16,4,8.0,0,0,5,20,0,2,2,2,2,3,1,2
34860,34890,1,pv,1,1,1,20,25,15,4,2,3.0,20,20,6,7,2,12,5,15,0,5,5,0,2,2,20,25,20,6,19,2,9,2,3.0,0,5,15,20,20,3,2,2,2,3,1,2
34860,34890,2,pt,0,1,1,20,25,15,4,2,3.0,20,20,6,7,2,12,5,15,0,5,5,0,2,2,20,25,20,6,19,2,9,2,3.0,0,5,15,20,20,3,2,2,2,3,1,2
34860,34892,1,pv,1,1,1,30,25,23,2,4,1.5,10,10,0,12,2,7,5,5,5,5,5,4,2,3,30,25,28,5,19,2,7,4,5.5,0,5,5,10,10,4,3,2,1,4,2,2
34860,34892,3,pv_pt,0,1,1,30,25,23,2,4,1.5,10,10,0,12,2,7,5,5,5,5,5,4,2,3,30,25,28,5,19,2,7,4,5.5,0,5,5,10,10,4,3,2,1,4,2,2
34860,34893,1,pv,1,1,1,20,30,15,6,2,4.5,0,20,0,2,12,7,0,5,0,5,10,2,3,3,20,30,20,0,9,12,16,2,6.5,0,0,5,0,20,5,3,2,1,4,2,2
34860,34893,2,pt,0,1,1,20,30,15,6,2,4.5,0,20,0,2,12,7,0,5,0,5,10,2,3,3,20,30,20,0,9,12,16,2,6.5,0,0,5,0,20,5,3,2,1,4,2,2
34860,34894,1,pv,1,1,1,20,30,20,6,0,6.0,10,0,0,2,12,12,10,10,10,10,10,0,1,2,20,30,30,10,14,12,16,0,6.0,0,10,10,10,0,6,3,2,1,4,2,2
34860,34894,3,pv_pt,0,1,1,20,30,20,6,0,6.0,10,0,0,2,12,12,10,10,10,10,10,0,1,2,20,30,30,10,14,12,16,0,6.0,0,10,10,10,0,6,3,2,1,4,2,2
34860,34896,2,pt,1,1,1,25,30,25,4,4,4.0,20,0,12,12,12,12,0,15,10,10,5,4,3,2,25,30,35,22,24,12,9,4,8.0,0,0,15,20,0,7,3,2,2,1,2,2
34860,34896,1,pv,1,0,1,25,30,25,4,4,4.0,20,0,12,12,12,12,0,15,10,10,5,4,3,2,25,30,35,22,24,12,9,4,8.0,0,0,15,20,0,7,3,2,2,1,2,2
34860,34897,1,pv,1,1,1,25,20,25,6,0,6.0,20,20,0,12,2,12,0,15,10,15,5,4,1,3,25,20,40,10,24,2,11,0,10.0,0,0,15,20,20,8,3,2,2,1,2,2
34860,34897,2,pt,0,1,1,25,20,25,6,0,6.0,20,20,0,12,2,12,0,15,10,15,5,4,1,3,25,20,40,10,24,2,11,0,10.0,0,0,15,20,20,8,3,2,2,1,2,2
34860,34898,1,pv,1,1,1,30,20,23,6,2,4.5,20,0,12,2,12,12,10,5,0,10,0,2,1,3,30,20,33,12,14,12,6,2,6.5,0,10,5,20,0,9,3,2,2,1,2,2
34860,34898,2,pt,0,1,1,30,20,23,6,2,4.5,20,0,12,2,12,12,10,5,0,10,0,2,1,3,30,20,33,12,14,12,6,2,6.5,0,10,5,20,0,9,3,2,2,1,2,2
35043,35058,1,pv,1,1,1,20,25,15,4,2,3.0,20,20,6,7,2,12,5,15,0,5,5,0,2,2,20,25,20,6,19,2,9,2,3.0,0,5,15,20,20,1,1,2,2,4,1,1
35043,35058,3,pv_pt,0,1,1,20,25,15,4,2,3.0,20,20,6,7,2,12,5,15,0,5,5,0,2,2,20,25,20,6,19,2,9,2,3.0,0,5,15,20,20,1,1,2,2,4,1,1
35043,35059,1,pv,1,1,1,25,20,25,6,4,6.0,10,20,12,2,2,2,10,15,5,5,10,2,3,3,25,20,30,17,4,2,16,4,8.0,0,10,15,10,20,2,1,2,2,4,1,1
35043,35059,2,pt,0,1,1,25,20,25,6,4,6.0,10,20,12,2,2,2,10,15,5,5,10,2,3,3,25,20,30,17,4,2,16,4,8.0,0,10,15,10,20,2,1,2,2,4,1,1
35043,35060,1,pv,1,1,1,25,25,22,2,2,1.75,20,20,6,7,2,7,5,5,5,5,0,0,3,2,25,25,27,11,14,2,2,2,1.75,0,5,5,20,20,3,1,2,2,4,1,1
35043,35060,3,pv_pt,0,1,1,25,25,22,2,2,1.75,20,20,6,7,2,7,5,5,5,5,0,0,3,2,25,25,27,11,14,2,2,2,1.75,0,5,5,20,20,3,1,2,2,4,1,1
35043,35062,1,pv,1,1,1,20,25,18,2,0,1.75,0,0,12,2,7,12,0,15,5,5,5,4,2,1,20,25,23,17,14,7,7,0,5.75,0,0,15,0,0,4,2,2,1,4,2,1
35043,35062,2,pt,0,1,1,20,25,18,2,0,1.75,0,0,12,2,7,12,0,15,5,5,5,4,2,1,20,25,23,17,14,7,7,0,5.75,0,0,15,0,0,4,2,2,1,4,2,1
35043,35063,1,pv,1,1,1,20,20,15,2,2,1.5,20,10,6,7,2,12,10,5,5,15,5,4,3,1,20,20,30,11,19,2,7,2,5.5,0,10,5,20,10,5,2,2,1,4,2,1
35043,35063,2,pt,0,1,1,20,20,15,2,2,1.5,20,10,6,7,2,12,10,5,5,15,5,4,3,1,20,20,30,11,19,2,7,2,5.5,0,10,5,20,10,5,2,2,1,4,2,1
35043,35064,2,pt,1,1,1,30,30,26,2,4,1.75,0,20,12,2,12,7,0,5,10,15,10,4,1,2,30,30,41,22,9,12,12,4,5.75,0,0,5,0,20,6,2,2,1,4,2,1
35043,35064,1,pv,1,0,1,30,30,26,2,4,1.75,0,20,12,2,12,7,0,5,10,15,10,4,1,2,30,30,41,22,9,12,12,4,5.75,0,0,5,0,20,6,2,2,1,4,2,1
35043,35066,1,pv,1,1,1,30,20,30,2,0,2.0,0,10,12,12,7,12,5,10,0,15,10,0,3,3,30,20,45,12,24,7,12,0,2.0,0,5,10,0,10,7,4,1,2,1,1,1
35043,35066,3,pv_pt,0,1,1,30,20,30,2,0,2.0,0,10,12,12,7,12,5,10,0,15,10,0,3,3,30,20,45,12,24,7,12,0,2.0,0,5,10,0,10,7,4,1,2,1,1,1
35043,35067,1,pv,1,1,1,30,20,23,4,0,3.0,20,20,12,2,12,2,0,15,10,5,0,0,1,1,30,20,28,22,4,12,4,0,3.0,0,0,15,20,20,8,4,1,2,1,1,1
35043,35067,2,pt,0,1,1,30,20,23,4,0,3.0,20,20,12,2,12,2,0,15,10,5,0,0,1,1,30,20,28,22,4,12,4,0,3.0,0,0,15,20,20,8,4,1,2,1,1,1
35043,35068,1,pv,1,1,1,30,30,30,4,0,4.0,20,20,0,12,12,2,10,10,5,5,10,4,2,1,30,30,35,5,14,12,14,0,8.0,0,10,10,20,20,9,4,1,2,1,1,1
35043,35068,2,pt,0,1,1,30,30,30,4,0,4.0,20,20,0,12,12,2,10,10,5,5,10,4,2,1,30,30,35,5,14,12,14,0,8.0,0,10,10,20,20,9,4,1,2,1,1,1
35056,35071,1,pv,1,1,1,25,25,22,2,2,1.75,20,20,6,7,2,7,5,5,5,5,0,0,3,2,25,25,27,11,14,2,2,2,1.75,0,5,5,20,20,1,2,1,1,1,2,2
35056,35071,3,pv_pt,0,1,1,25,25,22,2,2,1.75,20,20,6,7,2,7,5,5,5,5,0,0,3,2,25,25,27,11,14,2,2,2,1.75,0,5,5,20,20,1,2,1,1,1,2,2
35056,35072,1,pv,1,1,1,25,20,22,4,0,3.5,10,0,0,7,12,2,0,10,10,10,0,2,3,2,25,20,32,10,9,12,4,0,5.5,0,0,10,10,0,2,2,1,1,1,2,2
35056,35072,2,pt,0,1,1,25,20,22,4,0,3.5,10,0,0,7,12,2,0,10,10,10,0,2,3,2,25,20,32,10,9,12,4,0,5.5,0,0,10,10,0,2,2,1,1,1,2,2
35056,35073,1,pv,1,1,1,30,30,30,4,0,4.0,20,20,0,12,12,2,10,10,5,5,10,4,2,1,30,30,35,5,14,12,14,0,8.0,0,10,10,20,20,3,2,1,1,1,2,2
35056,35073,2,pt,0,1,1,30,30,30,4,0,4.0,20,20,0,12,12,2,10,10,5,5,10,4,2,1,30,30,35,5,14,12,14,0,8.0,0,10,10,20,20,3,2,1,1,1,2,2
35056,35075,2,pt,1,1,1,20,25,18,2,0,1.75,0,0,12,2,7,12,0,15,5,5,5,4,2,1,20,25,23,17,14,7,7,0,5.75,0,0,15,0,0,4,4,1,1,2,2,2
35056,35075,3,pv_pt,1,0,1,20,25,18,2,0,1.75,0,0,12,2,7,12,0,15,5,5,5,4,2,1,20,25,23,17,14,7,7,0,5.75,0,0,15,0,0,4,4,1,1,2,2,2
35056,35076,1,pv,1,1,1,25,30,25,4,4,4.0,10,10,6,7,7,7,5,10,5,10,0,2,1,3,25,30,35,11,14,7,4,4,6.0,0,5,10,10,10,5,4,1,1,2,2,2
35056,35076,2,pt,0,1,1,25,30,25,4,4,4.0,10,10,6,7,7,7,5,10,5,10,0,2,1,3,25,30,35,11,14,7,4,4,6.0,0,5,10,10,10,5,4,1,1,2,2,2
35056,35077,3,pv_pt,1,1,1,30,20,30,2,0,2.0,0,10,12,12,7,12,5,10,0,15,10,0,3,3,30,20,45,12,24,7,12,0,2.0,0,5,10,0,10,6,4,1,1,2,2,2
35056,35077,2,pt,1,1,0,30,20,30,2,0,2.0,0,10,12,12,7,12,5,10,0,15,10,0,3,3,30,20,45,12,24,7,12,0,2.0,0,5,10,0,10,6,4,1,1,2,2,2
35056,35079,1,pv,1,1,1,25,25,22,2,4,1.75,10,0,6,12,12,2,10,15,10,15,10,0,1,3,25,25,37,16,14,12,12,4,1.75,0,10,15,10,0,7,3,1,2,2,1,1
35056,35079,2,pt,0,1,1,25,25,22,2,4,1.75,10,0,6,12,12,2,10,15,10,15,10,0,1,3,25,25,37,16,14,12,12,4,1.75,0,10,15,10,0,7,3,1,2,2,1,1
35056,35080,3,pv_pt,1,1,1,30,25,23,2,4,1.5,10,10,0,12,2,7,5,5,5,5,5,4,2,3,30,25,28,5,19,2,7,4,5.5,0,5,5,10,10,8,3,1,2,2,1,1
35056,35080,1,pv,1,1,0,30,25,23,2,4,1.5,10,10,0,12,2,7,5,5,5,5,5,4,2,3,30,25,28,5,19,2,7,4,5.5,0,5,5,10,10,8,3,1,2,2,1,1
35056,35081,1,pv,1,1,1,20,30,20,6,0,6.0,10,0,0,2,12,12,10,10,10,10,10,0,1,2,20,30,30,10,14,12,16,0,6.0,0,10,10,10,0,9,3,1,2,2,1,1
35056,35081,2,pt,0,1,1,20,30,20,6,0,6.0,10,0,0,2,12,12,10,10,10,10,10,0,1,2,20,30,30,10,14,12,16,0,6.0,0,10,10,10,0,9,3,1,2,2,1,1
35105,35121,2,pt,1,1,1,30,20,30,2,0,2.0,0,10,12,12,7,12,5,10,0,15,10,0,3,3,30,20,45,12,24,7,12,0,2.0,0,5,10,0,10,1,3,2,2,3,1,1
35105,35121,1,pv,1,0,1,30,20,30,2,0,2.0,0,10,12,12,7,12,5,10,0,15,10,0,3,3,30,20,45,12,24,7,12,0,2.0,0,5,10,0,10,1,3,2,2,3,1,1
35105,35122,1,pv,1,1,1,30,30,30,4,0,4.0,20,20,0,12,12,2,10,10,5,5,10,4,2,1,30,30,35,5,14,12,14,0,8.0,0,10,10,20,20,2,3,2,2,3,1,1
35105,35122,2,pt,0,1,1,30,30,30,4,0,4.0,20,20,0,12,12,2,10,10,5,5,10,4,2,1,30,30,35,5,14,12,14,0,8.0,0,10,10,20,20,2,3,2,2,3,1,1
35105,35123,1,pv,1,1,1,30,25,23,6,2,4.5,0,10,6,12,2,7,10,15,5,10,5,4,2,2,30,25,33,11,19,2,11,2,8.5,0,10,15,0,10,3,3,2,2,3,1,1
35105,35123,3,pv_pt,0,1,1,30,25,23,6,2,4.5,0,10,6,12,2,7,10,15,5,10,5,4,2,2,30,25,33,11,19,2,11,2,8.5,0,10,15,0,10,3,3,2,2,3,1,1
35105,35125,3,pv_pt,1,1,1,25,25,22,2,2,1.75,20,20,6,7,2,7,5,5,5,5,0,0,3,2,25,25,27,11,14,2,2,2,1.75,0,5,5,20,20,4,1,1,2,3,2,2
35105,35125,1,pv,1,1,0,25,25,22,2,2,1.75,20,20,6,7,2,7,5,5,5,5,0,0,3,2,25,25,27,11,14,2,2,2,1.75,0,5,5,20,20,4,1,1,2,3,2,2
35105,35126,2,pt,1,1,1,30,20,23,4,0,3.0,20,20,12,2,12,2,0,15,10,5,0,0,1,1,30,20,28,22,4,12,4,0,3.0,0,0,15,20,20,5,1,1,2,3,2,2
35105,35126,1,pv,1,0,1,30,20,23,4,0,3.0,20,20,12,2,12,2,0,15,10,5,0,0,1,1,30,20,28,22,4,12,4,0,3.0,0,0,15,20,20,5,1,1,2,3,2,2
35105,35127,3,pv_pt,1,1,1,20,20,15,2,2,1.5,20,10,6,7,2,12,10,5,5,15,5,4,3,1,20,20,30,11,19,2,7,2,5.5,0,10,5,20,10,6,1,1,2,3,2,2
35105,35127,1,pv,1,1,0,20,20,15,2,2,1.5,20,10,6,7,2,12,10,5,5,15,5,4,3,1,20,20,30,11,19,2,7,2,5.5,0,10,5,20,10,6,1,1,2,3,2,2
35105,35129,1,pv,1,1,1,20,25,18,4,4,1.75,0,10,0,7,7,7,5,10,0,10,0,2,1,1,20,25,28,0,14,7,4,4,3.75,0,5,10,0,10,7,3,1,1,3,1,2
35105,35129,3,pv_pt,0,1,1,20,25,18,4,4,1.75,0,10,0,7,7,7,5,10,0,10,0,2,1,1,20,25,28,0,14,7,4,4,3.75,0,5,10,0,10,7,3,1,1,3,1,2
35105,35130,1,pv,1,1,1,30,30,26,2,4,1.75,0,20,12,2,12,7,0,5,10,15,10,4,1,2,30,30,41,22,9,12,12,4,5.75,0,0,5,0,20,8,3,1,1,3,1,2
35105,35130,3,pv_pt,0,1,1,30,30,26,2,4,1.75,0,20,12,2,12,7,0,5,10,15,10,4,1,2,30,30,41,22,9,12,12,4,5.75,0,0,5,0,20,8,3,1,1,3,1,2
35105,35131,2,pt,1,1,1,25,20,25,6,4,6.0,10,20,12,2,2,2,10,15,5,5,10,2,3,3,25,20,30,17,4,2,16,4,8.0,0,10,15,10,20,9,3,1,1,3,1,2
35105,35131,3,pv_pt,1,0,1,25,20,25,6,4,6.0,10,20,12,2,2,2,10,15,5,5,10,2,3,3,25,20,30,17,4,2,16,4,8.0,0,10,15,10,20,9,3,1,1,3,1,2
35132,35136,1,pv,1,1,1,20,20,15,2,2,1.5,20,10,6,7,2,12,10,5,5,15,5,4,3,1,20,20,30,11,19,2,7,2,5.5,0,10,5,20,10,1,2,1,1,3,1,1
35132,35136,3,pv_pt,0,1,1,20,20,15,2,2,1.5,20,10,6,7,2,12,10,5,5,15,5,4,3,1,20,20,30,11,19,2,7,2,5.5,0,10,5,20,10,1,2,1,1,3,1,1
35132,35137,1,pv,1,1,1,20,30,20,6,0,6.0,10,0,0,2,12,12,10,10,10,10,10,0,1,2,20,30,30,10,14,12,16,0,6.0,0,10,10,10,0,2,2,1,1,3,1,1
35132,35137,3,pv_pt,0,1,1,20,30,20,6,0,6.0,10,0,0,2,12,12,10,10,10,10,10,0,1,2,20,30,30,10,14,12,16,0,6.0,0,10,10,10,0,2,2,1,1,3,1,1
35132,35138,1,pv,1,1,1,30,30,26,2,4,1.75,0,20,12,2,12,7,0,5,10,15,10,4,1,2,30,30,41,22,9,12,12,4,5.75,0,0,5,0,20,3,2,1,1,3,1,1
35132,35138,2,pt,0,1,1,30,30,26,2,4,1.75,0,20,12,2,12,7,0,5,10,15,10,4,1,2,30,30,41,22,9,12,12,4,5.75,0,0,5,0,20,3,2,1,1,3,1,1
35132,35140,1,pv,1,1,1,20,30,18,6,0,5.25,10,0,12,12,7,2,0,10,0,15,5,4,1,1,20,30,33,12,14,7,11,0,9.25,0,0,10,10,0,4,2,1,2,4,2,2
35132,35140,2,pt,0,1,1,20,30,18,6,0,5.25,10,0,12,12,7,2,0,10,0,15,5,4,1,1,20,30,33,12,14,7,11,0,9.25,0,0,10,10,0,4,2,1,2,4,2,2
35132,35141,1,pv,1,1,1,20,25,15,4,2,3.0,20,20,6,7,2,12,5,15,0,5,5,0,2,2,20,25,20,6,19,2,9,2,3.0,0,5,15,20,20,5,2,1,2,4,2,2
35132,35141,3,pv_pt,0,1,1,20,25,15,4,2,3.0,20,20,6,7,2,12,5,15,0,5,5,0,2,2,20,25,20,6,19,2,9,2,3.0,0,5,15,20,20,5,2,1,2,4,2,2
35132,35142,1,pv,1,1,1,30,25,23,6,4,4.5,0,10,6,7,2,12,5,5,10,15,0,0,2,1,30,25,38,16,19,2,6,4,4.5,0,5,5,0,10,6,2,1,2,4,2,2
35132,35142,3,pv_pt,0,1,1,30,25,23,6,4,4.5,0,10,6,7,2,12,5,5,10,15,0,0,2,1,30,25,38,16,19,2,6,4,4.5,0,5,5,0,10,6,2,1,2,4,2,2
35132,35144,1,pv,1,1,1,30,30,26,2,0,1.75,10,0,0,2,7,2,10,15,0,15,10,0,3,1,30,30,41,0,4,7,12,0,1.75,0,10,15,10,0,7,3,2,2,1,2,2
35132,35144,2,pt,0,1,1,30,30,26,2,0,1.75,10,0,0,2,7,2,10,15,0,15,10,0,3,1,30,30,41,0,4,7,12,0,1.75,0,10,15,10,0,7,3,2,2,1,2,2
35132,35145,1,pv,1,1,1,25,20,25,6,4,6.0,10,20,12,2,2,2,10,15,5,5,10,2,3,3,25,20,30,17,4,2,16,4,8.0,0,10,15,10,20,8,3,2,2,1,2,2
35132,35145,2,pt,0,1,1,25,20,25,6,4,6.0,10,20,12,2,2,2,10,15,5,5,10,2,3,3,25,20,30,17,4,2,16,4,8.0,0,10,15,10,20,8,3,2,2,1,2,2
35132,35146,1,pv,1,1,1,25,25,22,4,2,3.5,0,20,6,7,7,7,5,10,0,10,0,2,2,2,25,25,32,6,14,7,4,2,5.5,0,5,10,0,20,9,3,2,2,1,2,2
35132,35146,2,pt,0,1,1,25,25,22,4,2,3.5,0,20,6,7,7,7,5,10,0,10,0,2,2,2,25,25,32,6,14,7,4,2,5.5,0,5,10,0,20,9,3,2,2,1,2,2
35133,35188,3,pv_pt,1,1,1,25,20,25,6,4,6.0,20,0,6,2,7,2,0,5,0,15,10,2,2,2,25,20,40,6,4,7,16,4,8.0,0,0,5,20,0,1,1,1,1,2,2,1
35133,35188,1,pv,1,1,0,25,20,25,6,4,6.0,20,0,6,2,7,2,0,5,0,15,10,2,2,2,25,20,40,6,4,7,16,4,8.0,0,0,5,20,0,1,1,1,1,2,2,1
35133,35189,1,pv,1,1,1,25,25,22,2,4,1.75,10,0,6,12,12,2,10,15,10,15,10,0,1,3,25,25,37,16,14,12,12,4,1.75,0,10,15,10,0,2,1,1,1,2,2,1
35133,35189,2,pt,0,1,1,25,25,22,2,4,1.75,10,0,6,12,12,2,10,15,10,15,10,0,1,3,25,25,37,16,14,12,12,4,1.75,0,10,15,10,0,2,1,1,1,2,2,1
35133,35190,1,pv,1,1,1,20,30,20,4,2,4.0,0,10,12,12,2,2,10,5,10,5,5,0,3,1,20,30,25,22,14,2,9,2,4.0,0,10,5,0,10,3,1,1,1,2,2,1
35133,35190,2,pt,0,1,1,20,30,20,4,2,4.0,0,10,12,12,2,2,10,5,10,5,5,0,3,1,20,30,25,22,14,2,9,2,4.0,0,10,5,0,10,3,1,1,1,2,2,1
35133,35192,1,pv,1,1,1,25,25,22,4,2,3.5,0,20,6,7,7,7,5,10,0,10,0,2,2,2,25,25,32,6,14,7,4,2,5.5,0,5,10,0,20,4,2,1,1,1,2,2
35133,35192,3,pv_pt,0,1,1,25,25,22,4,2,3.5,0,20,6,7,7,7,5,10,0,10,0,2,2,2,25,25,32,6,14,7,4,2,5.5,0,5,10,0,20,4,2,1,1,1,2,2
35133,35193,2,pt,1,1,1,30,25,23,2,4,1.5,10,10,0,12,2,7,5,5,5,5,5,4,2,3,30,25,28,5,19,2,7,4,5.5,0,5,5,10,10,5,2,1,1,1,2,2
35133,35193,1,pv,1,0,1,30,25,23,2,4,1.5,10,10,0,12,2,7,5,5,5,5,5,4,2,3,30,25,28,5,19,2,7,4,5.5,0,5,5,10,10,5,2,1,1,1,2,2
35133,35194,3,pv_pt,1,1,1,20,25,15,4,2,3.0,20,20,6,7,2,12,5,15,0,5,5,0,2,2,20,25,20,6,19,2,9,2,3.0,0,5,15,20,20,6,2,1,1,1,2,2
35133,35194,1,pv,1,1,0,20,25,15,4,2,3.0,20,20,6,7,2,12,5,15,0,5,5,0,2,2,20,25,20,6,19,2,9,2,3.0,0,5,15,20,20,6,2,1,1,1,2,2
35133,35196,1,pv,1,1,1,20,25,18,2,0,1.75,0,0,12,2,7,12,0,15,5,5,5,4,2,1,20,25,23,17,14,7,7,0,5.75,0,0,15,0,0,7,1,1,2,1,1,2
35133,35196,2,pt,0,1,1,20,25,18,2,0,1.75,0,0,12,2,7,12,0,15,5,5,5,4,2,1,20,25,23,17,14,7,7,0,5.75,0,0,15,0,0,7,1,1,2,1,1,2
35133,35197,1,pv,1,1,1,20,30,18,6,0,5.25,10,0,12,12,7,2,0,10,0,15,5,4,1,1,20,30,33,12,14,7,11,0,9.25,0,0,10,10,0,8,1,1,2,1,1,2
35133,35197,2,pt,0,1,1,20,30,18,6,0,5.25,10,0,12,12,7,2,0,10,0,15,5,4,1,1,20,30,33,12,14,7,11,0,9.25,0,0,10,10,0,8,1,1,2,1,1,2
35133,35198,3,pv_pt,1,1,1,30,30,26,2,4,1.75,0,20,12,2,12,7,0,5,10,15,10,4,1,2,30,30,41,22,9,12,12,4,5.75,0,0,5,0,20,9,1,1,2,1,1,2
35133,35198,2,pt,1,1,0,30,30,26,2,4,1.75,0,20,12,2,12,7,0,5,10,15,10,4,1,2,30,30,41,22,9,12,12,4,5.75,0,0,5,0,20,9,1,1,2,1,1,2
35147,35150,1,pv,1,1,1,30,30,26,2,4,1.75,0,20,12,2,12,7,0,5,10,15,10,4,1,2,30,30,41,22,9,12,12,4,5.75,0,0,5,0,20,1,3,2,2,1,2,2
35147,35150,2,pt,0,1,1,30,30,26,2,4,1.75,0,20,12,2,12,7,0,5,10,15,10,4,1,2,30,30,41,22,9,12,12,4,5.75,0,0,5,0,20,1,3,2,2,1,2,2
35147,35152,1,pv,1,1,1,25,25,22,2,2,1.75,20,20,6,7,2,7,5,5,5,5,0,0,3,2,25,25,27,11,14,2,2,2,1.75,0,5,5,20,20,2,3,2,2,1,2,2
35147,35152,3,pv_pt,0,1,1,25,25,22,2,2,1.75,20,20,6,7,2,7,5,5,5,5,0,0,3,2,25,25,27,11,14,2,2,2,1.75,0,5,5,20,20,2,3,2,2,1,2,2
35147,35154,1,pv,1,1,1,25,20,25,6,0,6.0,20,20,0,12,2,12,0,15,10,15,5,4,1,3,25,20,40,10,24,2,11,0,10.0,0,0,15,20,20,3,3,2,2,1,2,2
35147,35154,2,pt,0,1,1,25,20,25,6,0,6.0,20,20,0,12,2,12,0,15,10,15,5,4,1,3,25,20,40,10,24,2,11,0,10.0,0,0,15,20,20,3,3,2,2,1,2,2
35147,35158,1,pv,1,1,1,20,30,20,6,0,6.0,10,0,0,2,12,12,10,10,10,10,10,0,1,2,20,30,30,10,14,12,16,0,6.0,0,10,10,10,0,4,4,2,2,3,2,1
35147,35158,2,pt,0,1,1,20,30,20,6,0,6.0,10,0,0,2,12,12,10,10,10,10,10,0,1,2,20,30,30,10,14,12,16,0,6.0,0,10,10,10,0,4,4,2,2,3,2,1
35147,35161,1,pv,1,1,1,30,25,23,2,4,1.5,10,10,0,12,2,7,5,5,5,5,5,4,2,3,30,25,28,5,19,2,7,4,5.5,0,5,5,10,10,5,4,2,2,3,2,1
35147,35161,2,pt,0,1,1,30,25,23,2,4,1.5,10,10,0,12,2,7,5,5,5,5,5,4,2,3,30,25,28,5,19,2,7,4,5.5,0,5,5,10,10,5,4,2,2,3,2,1
35147,35163,1,pv,1,1,1,25,25,22,4,2,3.5,0,20,6,7,7,7,5,10,0,10,0,2,2,2,25,25,32,6,14,7,4,2,5.5,0,5,10,0,20,6,4,2,2,3,2,1
35147,35163,2,pt,0,1,1,25,25,22,4,2,3.5,0,20,6,7,7,7,5,10,0,10,0,2,2,2,25,25,32,6,14,7,4,2,5.5,0,5,10,0,20,6,4,2,2,3,2,1
35147,35166,1,pv,1,1,1,25,20,25,6,4,6.0,20,0,6,2,7,2,0,5,0,15,10,2,2,2,25,20,40,6,4,7,16,4,8.0,0,0,5,20,0,7,3,1,2,2,1,1
35147,35166,2,pt,0,1,1,25,20,25,6,4,6.0,20,0,6,2,7,2,0,5,0,15,10,2,2,2,25,20,40,6,4,7,16,4,8.0,0,0,5,20,0,7,3,1,2,2,1,1
35147,35168,1,pv,1,1,1,20,20,15,2,2,1.5,20,10,6,7,2,12,10,5,5,15,5,4,3,1,20,20,30,11,19,2,7,2,5.5,0,10,5,20,10,8,3,1,2,2,1,1
35147,35168,3,pv_pt,0,1,1,20,20,15,2,2,1.5,20,10,6,7,2,12,10,5,5,15,5,4,3,1,20,20,30,11,19,2,7,2,5.5,0,10,5,20,10,8,3,1,2,2,1,1
35147,35170,1,pv,1,1,1,20,25,18,2,2,1.75,10,10,0,7,7,7,5,10,5,10,0,2,2,3,20,25,28,5,14,7,2,2,3.75,0,5,10,10,10,9,3,1,2,2,1,1
35147,35170,3,pv_pt,0,1,1,20,25,18,2,2,1.75,10,10,0,7,7,7,5,10,5,10,0,2,2,3,20,25,28,5,14,7,2,2,3.75,0,5,10,10,10,9,3,1,2,2,1,1
35250,35261,1,pv,1,1,1,20,25,18,4,4,1.75,0,10,0,7,7,7,5,10,0,10,0,2,1,1,20,25,28,0,14,7,4,4,3.75,0,5,10,0,10,1,4,2,1,1,1,2
35250,35261,2,pt,0,1,1,20,25,18,4,4,1.75,0,10,0,7,7,7,5,10,0,10,0,2,1,1,20,25,28,0,14,7,4,4,3.75,0,5,10,0,10,1,4,2,1,1,1,2
35250,35264,1,pv,1,1,1,30,30,26,2,4,1.75,0,20,12,2,12,7,0,5,10,15,10,4,1,2,30,30,41,22,9,12,12,4,5.75,0,0,5,0,20,2,4,2,1,1,1,2
35250,35264,2,pt,0,1,1,30,30,26,2,4,1.75,0,20,12,2,12,7,0,5,10,15,10,4,1,2,30,30,41,22,9,12,12,4,5.75,0,0,5,0,20,2,4,2,1,1,1,2
35250,35265,1,pv,1,1,1,20,30,20,6,0,6.0,10,0,0,2,12,12,10,10,10,10,10,0,1,2,20,30,30,10,14,12,16,0,6.0,0,10,10,10,0,3,4,2,1,1,1,2
35250,35265,2,pt,0,1,1,20,30,20,6,0,6.0,10,0,0,2,12,12,10,10,10,10,10,0,1,2,20,30,30,10,14,12,16,0,6.0,0,10,10,10,0,3,4,2,1,1,1,2
35250,35268,1,pv,1,1,1,20,25,15,4,2,3.0,20,20,6,7,2,12,5,15,0,5,5,0,2,2,20,25,20,6,19,2,9,2,3.0,0,5,15,20,20,4,1,1,2,1,1,2
35250,35268,3,pv_pt,0,1,1,20,25,15,4,2,3.0,20,20,6,7,2,12,5,15,0,5,5,0,2,2,20,25,20,6,19,2,9,2,3.0,0,5,15,20,20,4,1,1,2,1,1,2
35250,35270,3,pv_pt,1,1,1,30,20,23,6,2,4.5,20,0,12,2,12,12,10,5,0,10,0,2,1,3,30,20,33,12,14,12,6,2,6.5,0,10,5,20,0,5,1,1,2,1,1,2
35250,35270,1,pv,1,1,0,30,20,23,6,2,4.5,20,0,12,2,12,12,10,5,0,10,0,2,1,3,30,20,33,12,14,12,6,2,6.5,0,10,5,20,0,5,1,1,2,1,1,2
35250,35271,1,pv,1,1,1,25,25,22,2,4,1.75,10,0,6,12,12,2,10,15,10,15,10,0,1,3,25,25,37,16,14,12,12,4,1.75,0,10,15,10,0,6,1,1,2,1,1,2
35250,35271,2,pt,0,1,1,25,25,22,2,4,1.75,10,0,6,12,12,2,10,15,10,15,10,0,1,3,25,25,37,16,14,12,12,4,1.75,0,10,15,10,0,6,1,1,2,1,1,2
35250,35273,1,pv,1,1,1,30,20,30,2,0,2.0,0,10,12,12,7,12,5,10,0,15,10,0,3,3,30,20,45,12,24,7,12,0,2.0,0,5,10,0,10,7,2,1,1,3,1,1
35250,35273,2,pt,0,1,1,30,20,30,2,0,2.0,0,10,12,12,7,12,5,10,0,15,10,0,3,3,30,20,45,12,24,7,12,0,2.0,0,5,10,0,10,7,2,1,1,3,1,1
35250,35274,2,pt,1,1,1,25,20,25,6,4,6.0,20,0,6,2,7,2,0,5,0,15,10,2,2,2,25,20,40,6,4,7,16,4,8.0,0,0,5,20,0,8,2,1,1,3,1,1
35250,35274,1,pv,1,0,1,25,20,25,6,4,6.0,20,0,6,2,7,2,0,5,0,15,10,2,2,2,25,20,40,6,4,7,16,4,8.0,0,0,5,20,0,8,2,1,1,3,1,1
35250,35275,1,pv,1,1,1,30,30,26,2,0,1.75,10,0,0,2,7,2,10,15,0,15,10,0,3,1,30,30,41,0,4,7,12,0,1.75,0,10,15,10,0,9,2,1,1,3,1,1
35250,35275,2,pt,0,1,1,30,30,26,2,0,1.75,10,0,0,2,7,2,10,15,0,15,10,0,3,1,30,30,41,0,4,7,12,0,1.75,0,10,15,10,0,9,2,1,1,3,1,1
35276,35290,1,pv,1,1,1,25,25,22,4,2,3.5,0,20,6,7,7,7,5,10,0,10,0,2,2,2,25,25,32,6,14,7,4,2,5.5,0,5,10,0,20,1,1,1,1,3,2,1
35276,35290,2,pt,0,1,1,25,25,22,4,2,3.5,0,20,6,7,7,7,5,10,0,10,0,2,2,2,25,25,32,6,14,7,4,2,5.5,0,5,10,0,20,1,1,1,1,3,2,1
35276,35291,1,pv,1,1,1,20,30,18,6,0,5.25,10,0,12,12,7,2,0,10,0,15,5,4,1,1,20,30,33,12,14,7,11,0,9.25,0,0,10,10,0,2,1,1,1,3,2,1
35276,35291,2,pt,0,1,1,20,30,18,6,0,5.25,10,0,12,12,7,2,0,10,0,15,5,4,1,1,20,30,33,12,14,7,11,0,9.25,0,0,10,10,0,2,1,1,1,3,2,1
35276,35292,1,pv,1,1,1,20,30,15,6,2,4.5,0,20,0,2,12,7,0,5,0,5,10,2,3,3,20,30,20,0,9,12,16,2,6.5,0,0,5,0,20,3,1,1,1,3,2,1
35276,35292,2,pt,0,1,1,20,30,15,6,2,4.5,0,20,0,2,12,7,0,5,0,5,10,2,3,3,20,30,20,0,9,12,16,2,6.5,0,0,5,0,20,3,1,1,1,3,2,1
35276,35294,1,pv,1,1,1,30,20,23,4,0,3.0,20,20,12,2,12,2,0,15,10,5,0,0,1,1,30,20,28,22,4,12,4,0,3.0,0,0,15,20,20,4,1,2,1,1,1,1
35276,35294,2,pt,0,1,1,30,20,23,4,0,3.0,20,20,12,2,12,2,0,15,10,5,0,0,1,1,30,20,28,22,4,12,4,0,3.0,0,0,15,20,20,4,1,2,1,1,1,1
35276,35295,1,pv,1,1,1,20,25,18,2,0,1.75,0,0,12,2,7,12,0,15,5,5,5,4,2,1,20,25,23,17,14,7,7,0,5.75,0,0,15,0,0,5,1,2,1,1,1,1
35276,35295,2,pt,0,1,1,20,25,18,2,0,1.75,0,0,12,2,7,12,0,15,5,5,5,4,2,1,20,25,23,17,14,7,7,0,5.75,0,0,15,0,0,5,1,2,1,1,1,1
35276,35296,1,pv,1,1,1,30,20,30,2,0,2.0,0,10,12,12,7,12,5,10,0,15,10,0,3,3,30,20,45,12,24,7,12,0,2.0,0,5,10,0,10,6,1,2,1,1,1,1
35276,35296,2,pt,0,1,1,30,20,30,2,0,2.0,0,10,12,12,7,12,5,10,0,15,10,0,3,3,30,20,45,12,24,7,12,0,2.0,0,5,10,0,10,6,1,2,1,1,1,1
35276,35298,1,pv,1,1,1,20,25,18,4,4,1.75,0,10,0,7,7,7,5,10,0,10,0,2,1,1,20,25,28,0,14,7,4,4,3.75,0,5,10,0,10,7,2,2,2,3,1,2
35276,35298,2,pt,0,1,1,20,25,18,4,4,1.75,0,10,0,7,7,7,5,10,0,10,0,2,1,1,20,25,28,0,14,7,4,4,3.75,0,5,10,0,10,7,2,2,2,3,1,2
35276,35299,1,pv,1,1,1,20,20,15,2,2,1.5,20,10,6,7,2,12,10,5,5,15,5,4,3,1,20,20,30,11,19,2,7,2,5.5,0,10,5,20,10,8,2,2,2,3,1,2
35276,35299,2,pt,0,1,1,20,20,15,2,2,1.5,20,10,6,7,2,12,10,5,5,15,5,4,3,1,20,20,30,11,19,2,7,2,5.5,0,10,5,20,10,8,2,2,2,3,1,2
35276,35300,1,pv,1,1,1,30,25,23,2,4,1.5,10,10,0,12,2,7,5,5,5,5,5,4,2,3,30,25,28,5,19,2,7,4,5.5,0,5,5,10,10,9,2,2,2,3,1,2
35276,35300,3,pv_pt,0,1,1,30,25,23,2,4,1.5,10,10,0,12,2,7,5,5,5,5,5,4,2,3,30,25,28,5,19,2,7,4,5.5,0,5,5,10,10,9,2,2,2,3,1,2
35301,35304,1,pv,1,1,1,25,25,22,2,4,1.75,10,0,6,12,12,2,10,15,10,15,10,0,1,3,25,25,37,16,14,12,12,4,1.75,0,10,15,10,0,1,1,1,1,3,2,1
35301,35304,2,pt,0,1,1,25,25,22,2,4,1.75,10,0,6,12,12,2,10,15,10,15,10,0,1,3,25,25,37,16,14,12,12,4,1.75,0,10,15,10,0,1,1,1,1,3,2,1
35301,35305,1,pv,1,1,1,30,20,23,4,0,3.0,20,20,12,2,12,2,0,15,10,5,0,0,1,1,30,20,28,22,4,12,4,0,3.0,0,0,15,20,20,2,1,1,1,3,2,1
35301,35305,2,pt,0,1,1,30,20,23,4,0,3.0,20,20,12,2,12,2,0,15,10,5,0,0,1,1,30,20,28,22,4,12,4,0,3.0,0,0,15,20,20,2,1,1,1,3,2,1
35301,35306,1,pv,1,1,1,20,30,18,6,0,5.25,10,0,12,12,7,2,0,10,0,15,5,4,1,1,20,30,33,12,14,7,11,0,9.25,0,0,10,10,0,3,1,1,1,3,2,1
35301,35306,2,pt,0,1,1,20,30,18,6,0,5.25,10,0,12,12,7,2,0,10,0,15,5,4,1,1,20,30,33,12,14,7,11,0,9.25,0,0,10,10,0,3,1,1,1,3,2,1
35301,35308,1,pv,1,1,1,30,30,26,2,4,1.75,0,20,12,2,12,7,0,5,10,15,10,4,1,2,30,30,41,22,9,12,12,4,5.75,0,0,5,0,20,4,4,2,1,3,2,2
35301,35308,3,pv_pt,0,1,1,30,30,26,2,4,1.75,0,20,12,2,12,7,0,5,10,15,10,4,1,2,30,30,41,22,9,12,12,4,5.75,0,0,5,0,20,4,4,2,1,3,2,2
35301,35309,1,pv,1,1,1,25,25,22,4,2,3.5,0,20,6,7,7,7,5,10,0,10,0,2,2,2,25,25,32,6,14,7,4,2,5.5,0,5,10,0,20,5,4,2,1,3,2,2
35301,35309,3,pv_pt,0,1,1,25,25,22,4,2,3.5,0,20,6,7,7,7,5,10,0,10,0,2,2,2,25,25,32,6,14,7,4,2,5.5,0,5,10,0,20,5,4,2,1,3,2,2
35301,35310,1,pv,1,1,1,25,25,22,2,2,1.75,20,20,6,7,2,7,5,5,5,5,0,0,3,2,25,25,27,11,14,2,2,2,1.75,0,5,5,20,20,6,4,2,1,3,2,2
35301,35310,3,pv_pt,0,1,1,25,25,22,2,2,1.75,20,20,6,7,2,7,5,5,5,5,0,0,3,2,25,25,27,11,14,2,2,2,1.75,0,5,5,20,20,6,4,2,1,3,2,2
35301,35312,1,pv,1,1,1,30,25,23,6,4,4.5,0,10,6,7,2,12,5,5,10,15,0,0,2,1,30,25,38,16,19,2,6,4,4.5,0,5,5,0,10,7,3,2,1,1,2,1
35301,35312,3,pv_pt,0,1,1,30,25,23,6,4,4.5,0,10,6,7,2,12,5,5,10,15,0,0,2,1,30,25,38,16,19,2,6,4,4.5,0,5,5,0,10,7,3,2,1,1,2,1
35301,35313,2,pt,1,1,1,25,20,25,6,4,6.0,20,0,6,2,7,2,0,5,0,15,10,2,2,2,25,20,40,6,4,7,16,4,8.0,0,0,5,20,0,8,3,2,1,1,2,1
35301,35313,1,pv,1,0,1,25,20,25,6,4,6.0,20,0,6,2,7,2,0,5,0,15,10,2,2,2,25,20,40,6,4,7,16,4,8.0,0,0,5,20,0,8,3,2,1,1,2,1
35301,35314,2,pt,1,1,1,25,30,25,4,4,4.0,20,0,12,12,12,12,0,15,10,10,5,4,3,2,25,30,35,22,24,12,9,4,8.0,0,0,15,20,0,9,3,2,1,1,2,1
35301,35314,1,pv,1,0,1,25,30,25,4,4,4.0,20,0,12,12,12,12,0,15,10,10,5,4,3,2,25,30,35,22,24,12,9,4,8.0,0,0,15,20,0,9,3,2,1,1,2,1
35302,35317,1,pv,1,1,1,30,30,26,2,4,1.75,0,20,12,2,12,7,0,5,10,15,10,4,1,2,30,30,41,22,9,12,12,4,5.75,0,0,5,0,20,1,4,2,2,3,2,1
35302,35317,3,pv_pt,0,1,1,30,30,26,2,4,1.75,0,20,12,2,12,7,0,5,10,15,10,4,1,2,30,30,41,22,9,12,12,4,5.75,0,0,5,0,20,1,4,2,2,3,2,1
35302,35318,1,pv,1,1,1,25,25,22,4,2,3.5,0,20,6,7,7,7,5,10,0,10,0,2,2,2,25,25,32,6,14,7,4,2,5.5,0,5,10,0,20,2,4,2,2,3,2,1
35302,35318,3,pv_pt,0,1,1,25,25,22,4,2,3.5,0,20,6,7,7,7,5,10,0,10,0,2,2,2,25,25,32,6,14,7,4,2,5.5,0,5,10,0,20,2,4,2,2,3,2,1
35302,35319,2,pt,1,1,1,30,20,23,4,0,3.0,20,20,12,2,12,2,0,15,10,5,0,0,1,1,30,20,28,22,4,12,4,0,3.0,0,0,15,20,20,3,4,2,2,3,2,1
35302,35319,3,pv_pt,1,0,1,30,20,23,4,0,3.0,20,20,12,2,12,2,0,15,10,5,0,0,1,1,30,20,28,22,4,12,4,0,3.0,0,0,15,20,20,3,4,2,2,3,2,1
35302,35321,2,pt,1,1,1,25,25,22,2,4,1.75,10,0,6,12,12,2,10,15,10,15,10,0,1,3,25,25,37,16,14,12,12,4,1.75,0,10,15,10,0,4,4,1,1,4,1,1
35302,35321,3,pv_pt,1,0,1,25,25,22,2,4,1.75,10,0,6,12,12,2,10,15,10,15,10,0,1,3,25,25,37,16,14,12,12,4,1.75,0,10,15,10,0,4,4,1,1,4,1,1
35302,35322,2,pt,1,1,1,20,30,20,6,0,6.0,10,0,0,2,12,12,10,10,10,10,10,0,1,2,20,30,30,10,14,12,16,0,6.0,0,10,10,10,0,5,4,1,1,4,1,1
35302,35322,3,pv_pt,1,0,1,20,30,20,6,0,6.0,10,0,0,2,12,12,10,10,10,10,10,0,1,2,20,30,30,10,14,12,16,0,6.0,0,10,10,10,0,5,4,1,1,4,1,1
35302,35323,1,pv,1,1,1,20,25,18,4,4,1.75,0,10,0,7,7,7,5,10,0,10,0,2,1,1,20,25,28,0,14,7,4,4,3.75,0,5,10,0,10,6,4,1,1,4,1,1
35302,35323,3,pv_pt,0,1,1,20,25,18,4,4,1.75,0,10,0,7,7,7,5,10,0,10,0,2,1,1,20,25,28,0,14,7,4,4,3.75,0,5,10,0,10,6,4,1,1,4,1,1
35302,35325,3,pv_pt,1,1,1,25,30,25,4,4,4.0,10,10,6,7,7,7,5,10,5,10,0,2,1,3,25,30,35,11,14,7,4,4,6.0,0,5,10,10,10,7,2,1,2,4,2,2
35302,35325,1,pv,1,1,0,25,30,25,4,4,4.0,10,10,6,7,7,7,5,10,5,10,0,2,1,3,25,30,35,11,14,7,4,4,6.0,0,5,10,10,10,7,2,1,2,4,2,2
35302,35326,2,pt,1,1,1,30,20,30,2,0,2.0,0,10,12,12,7,12,5,10,0,15,10,0,3,3,30,20,45,12,24,7,12,0,2.0,0,5,10,0,10,8,2,1,2,4,2,2
35302,35326,1,pv,1,0,1,30,20,30,2,0,2.0,0,10,12,12,7,12,5,10,0,15,10,0,3,3,30,20,45,12,24,7,12,0,2.0,0,5,10,0,10,8,2,1,2,4,2,2
35302,35327,2,pt,1,1,1,30,30,26,2,0,1.75,10,0,0,2,7,2,10,15,0,15,10,0,3,1,30,30,41,0,4,7,12,0,1.75,0,10,15,10,0,9,2,1,2,4,2,2
35302,35327,3,pv_pt,1,0,1,30,30,26,2,0,1.75,10,0,0,2,7,2,10,15,0,15,10,0,3,1,30,30,41,0,4,7,12,0,1.75,0,10,15,10,0,9,2,1,2,4,2,2
35328,35330,2,pt,1,1,1,30,20,23,4,0,3.0,20,20,12,2,12,2,0,15,10,5,0,0,1,1,30,20,28,22,4,12,4,0,3.0,0,0,15,20,20,1,2,1,2,1,2,1
35328,35330,3,pv_pt,1,0,1,30,20,23,4,0,3.0,20,20,12,2,12,2,0,15,10,5,0,0,1,1,30,20,28,22,4,12,4,0,3.0,0,0,15,20,20,1,2,1,2,1,2,1
35328,35331,2,pt,1,1,1,25,20,25,6,0,6.0,20,20,0,12,2,12,0,15,10,15,5,4,1,3,25,20,40,10,24,2,11,0,10.0,0,0,15,20,20,2,2,1,2,1,2,1
35328,35331,1,pv,1,0,1,25,20,25,6,0,6.0,20,20,0,12,2,12,0,15,10,15,5,4,1,3,25,20,40,10,24,2,11,0,10.0,0,0,15,20,20,2,2,1,2,1,2,1
35328,35332,1,pv,1,1,1,30,30,30,4,0,4.0,20,20,0,12,12,2,10,10,5,5,10,4,2,1,30,30,35,5,14,12,14,0,8.0,0,10,10,20,20,3,2,1,2,1,2,1
35328,35332,2,pt,0,1,1,30,30,30,4,0,4.0,20,20,0,12,12,2,10,10,5,5,10,4,2,1,30,30,35,5,14,12,14,0,8.0,0,10,10,20,20,3,2,1,2,1,2,1
35328,35334,1,pv,1,1,1,25,30,25,4,4,4.0,20,0,12,12,12,12,0,15,10,10,5,4,3,2,25,30,35,22,24,12,9,4,8.0,0,0,15,20,0,4,3,1,1,3,1,2
35328,35334,2,pt,0,1,1,25,30,25,4,4,4.0,20,0,12,12,12,12,0,15,10,10,5,4,3,2,25,30,35,22,24,12,9,4,8.0,0,0,15,20,0,4,3,1,1,3,1,2
35328,35335,3,pv_pt,1,1,1,25,20,25,6,4,6.0,10,20,12,2,2,2,10,15,5,5,10,2,3,3,25,20,30,17,4,2,16,4,8.0,0,10,15,10,20,5,3,1,1,3,1,2
35328,35335,2,pt,1,1,0,25,20,25,6,4,6.0,10,20,12,2,2,2,10,15,5,5,10,2,3,3,25,20,30,17,4,2,16,4,8.0,0,10,15,10,20,5,3,1,1,3,1,2
35328,35336,3,pv_pt,1,1,1,20,20,15,2,2,1.5,20,10,6,7,2,12,10,5,5,15,5,4,3,1,20,20,30,11,19,2,7,2,5.5,0,10,5,20,10,6,3,1,1,3,1,2
35328,35336,2,pt,1,1,0,20,20,15,2,2,1.5,20,10,6,7,2,12,10,5,5,15,5,4,3,1,20,20,30,11,19,2,7,2,5.5,0,10,5,20,10,6,3,1,1,3,1,2
35328,35338,2,pt,1,1,1,20,25,18,2,0,1.75,0,0,12,2,7,12,0,15,5,5,5,4,2,1,20,25,23,17,14,7,7,0,5.75,0,0,15,0,0,7,3,1,2,2,1,1
35328,35338,1,pv,1,0,1,20,25,18,2,0,1.75,0,0,12,2,7,12,0,15,5,5,5,4,2,1,20,25,23,17,14,7,7,0,5.75,0,0,15,0,0,7,3,1,2,2,1,1
35328,35339,3,pv_pt,1,1,1,30,25,23,6,4,4.5,0,10,6,7,2,12,5,5,10,15,0,0,2,1,30,25,38,16,19,2,6,4,4.5,0,5,5,0,10,8,3,1,2,2,1,1
35328,35339,1,pv,1,1,0,30,25,23,6,4,4.5,0,10,6,7,2,12,5,5,10,15,0,0,2,1,30,25,38,16,19,2,6,4,4.5,0,5,5,0,10,8,3,1,2,2,1,1
35328,35340,3,pv_pt,1,1,1,30,30,26,2,4,1.75,0,20,12,2,12,7,0,5,10,15,10,4,1,2,30,30,41,22,9,12,12,4,5.75,0,0,5,0,20,9,3,1,2,2,1,1
35328,35340,1,pv,1,1,0,30,30,26,2,4,1.75,0,20,12,2,12,7,0,5,10,15,10,4,1,2,30,30,41,22,9,12,12,4,5.75,0,0,5,0,20,9,3,1,2,2,1,1
35341,35357,2,pt,1,1,1,25,25,22,4,2,3.5,0,20,6,7,7,7,5,10,0,10,0,2,2,2,25,25,32,6,14,7,4,2,5.5,0,5,10,0,20,1,1,1,1,2,2,1
35341,35357,1,pv,1,0,1,25,25,22,4,2,3.5,0,20,6,7,7,7,5,10,0,10,0,2,2,2,25,25,32,6,14,7,4,2,5.5,0,5,10,0,20,1,1,1,1,2,2,1
35341,35358,3,pv_pt,1,1,1,20,25,15,4,2,3.0,20,20,6,7,2,12,5,15,0,5,5,0,2,2,20,25,20,6,19,2,9,2,3.0,0,5,15,20,20,2,1,1,1,2,2,1
35341,35358,1,pv,1,1,0,20,25,15,4,2,3.0,20,20,6,7,2,12,5,15,0,5,5,0,2,2,20,25,20,6,19,2,9,2,3.0,0,5,15,20,20,2,1,1,1,2,2,1
35341,35359,2,pt,1,1,1,30,30,26,2,0,1.75,10,0,0,2,7,2,10,15,0,15,10,0,3,1,30,30,41,0,4,7,12,0,1.75,0,10,15,10,0,3,1,1,1,2,2,1
35341,35359,1,pv,1,0,1,30,30,26,2,0,1.75,10,0,0,2,7,2,10,15,0,15,10,0,3,1,30,30,41,0,4,7,12,0,1.75,0,10,15,10,0,3,1,1,1,2,2,1
35341,35361,2,pt,1,1,1,30,20,23,4,0,3.0,20,20,12,2,12,2,0,15,10,5,0,0,1,1,30,20,28,22,4,12,4,0,3.0,0,0,15,20,20,4,3,1,1,3,1,2
35341,35361,3,pv_pt,1,0,1,30,20,23,4,0,3.0,20,20,12,2,12,2,0,15,10,5,0,0,1,1,30,20,28,22,4,12,4,0,3.0,0,0,15,20,20,4,3,1,1,3,1,2
35341,35362,2,pt,1,1,1,30,25,23,6,2,4.5,0,10,6,12,2,7,10,15,5,10,5,4,2,2,30,25,33,11,19,2,11,2,8.5,0,10,15,0,10,5,3,1,1,3,1,2
35341,35362,1,pv,1,0,1,30,25,23,6,2,4.5,0,10,6,12,2,7,10,15,5,10,5,4,2,2,30,25,33,11,19,2,11,2,8.5,0,10,15,0,10,5,3,1,1,3,1,2
35341,35363,2,pt,1,1,1,25,30,25,4,4,4.0,20,0,12,12,12,12,0,15,10,10,5,4,3,2,25,30,35,22,24,12,9,4,8.0,0,0,15,20,0,6,3,1,1,3,1,2
35341,35363,3,pv_pt,1,0,1,25,30,25,4,4,4.0,20,0,12,12,12,12,0,15,10,10,5,4,3,2,25,30,35,22,24,12,9,4,8.0,0,0,15,20,0,6,3,1,1,3,1,2
35341,35365,3,pv_pt,1,1,1,25,20,25,6,0,6.0,20,20,0,12,2,12,0,15,10,15,5,4,1,3,25,20,40,10,24,2,11,0,10.0,0,0,15,20,20,7,2,1,1,1,2,2
35341,35365,2,pt,1,1,0,25,20,25,6,0,6.0,20,20,0,12,2,12,0,15,10,15,5,4,1,3,25,20,40,10,24,2,11,0,10.0,0,0,15,20,20,7,2,1,1,1,2,2
35341,35366,1,pv,1,1,1,25,30,25,4,4,4.0,10,10,6,7,7,7,5,10,5,10,0,2,1,3,25,30,35,11,14,7,4,4,6.0,0,5,10,10,10,8,2,1,1,1,2,2
35341,35366,2,pt,0,1,1,25,30,25,4,4,4.0,10,10,6,7,7,7,5,10,5,10,0,2,1,3,25,30,35,11,14,7,4,4,6.0,0,5,10,10,10,8,2,1,1,1,2,2
35341,35367,2,pt,1,1,1,30,20,30,2,0,2.0,0,10,12,12,7,12,5,10,0,15,10,0,3,3,30,20,45,12,24,7,12,0,2.0,0,5,10,0,10,9,2,1,1,1,2,2
35341,35367,3,pv_pt,1,0,1,30,20,30,2,0,2.0,0,10,12,12,7,12,5,10,0,15,10,0,3,3,30,20,45,12,24,7,12,0,2.0,0,5,10,0,10,9,2,1,1,1,2,2
35342,35369,1,pv,1,1,1,25,30,25,4,4,4.0,10,10,6,7,7,7,5,10,5,10,0,2,1,3,25,30,35,11,14,7,4,4,6.0,0,5,10,10,10,1,2,2,2,3,1,2
35342,35369,2,pt,0,1,1,25,30,25,4,4,4.0,10,10,6,7,7,7,5,10,5,10,0,2,1,3,25,30,35,11,14,7,4,4,6.0,0,5,10,10,10,1,2,2,2,3,1,2
35342,35370,1,pv,1,1,1,25,30,25,4,4,4.0,20,0,12,12,12,12,0,15,10,10,5,4,3,2,25,30,35,22,24,12,9,4,8.0,0,0,15,20,0,2,2,2,2,3,1,2
35342,35370,2,pt,0,1,1,25,30,25,4,4,4.0,20,0,12,12,12,12,0,15,10,10,5,4,3,2,25,30,35,22,24,12,9,4,8.0,0,0,15,20,0,2,2,2,2,3,1,2
35342,35371,1,pv,1,1,1,30,25,23,6,4,4.5,0,10,6,7,2,12,5,5,10,15,0,0,2,1,30,25,38,16,19,2,6,4,4.5,0,5,5,0,10,3,2,2,2,3,1,2
35342,35371,3,pv_pt,0,1,1,30,25,23,6,4,4.5,0,10,6,7,2,12,5,5,10,15,0,0,2,1,30,25,38,16,19,2,6,4,4.5,0,5,5,0,10,3,2,2,2,3,1,2
35342,35373,2,pt,1,1,1,25,20,25,6,4,6.0,20,0,6,2,7,2,0,5,0,15,10,2,2,2,25,20,40,6,4,7,16,4,8.0,0,0,5,20,0,4,4,2,2,3,2,1
35342,35373,1,pv,1,0,1,25,20,25,6,4,6.0,20,0,6,2,7,2,0,5,0,15,10,2,2,2,25,20,40,6,4,7,16,4,8.0,0,0,5,20,0,4,4,2,2,3,2,1
35342,35374,1,pv,1,1,1,30,20,23,6,2,4.5,20,0,12,2,12,12,10,5,0,10,0,2,1,3,30,20,33,12,14,12,6,2,6.5,0,10,5,20,0,5,4,2,2,3,2,1
35342,35374,2,pt,0,1,1,30,20,23,6,2,4.5,20,0,12,2,12,12,10,5,0,10,0,2,1,3,30,20,33,12,14,12,6,2,6.5,0,10,5,20,0,5,4,2,2,3,2,1
35342,35375,2,pt,1,1,1,25,20,22,4,0,3.5,10,0,0,7,12,2,0,10,10,10,0,2,3,2,25,20,32,10,9,12,4,0,5.5,0,0,10,10,0,6,4,2,2,3,2,1
35342,35375,1,pv,1,0,1,25,20,22,4,0,3.5,10,0,0,7,12,2,0,10,10,10,0,2,3,2,25,20,32,10,9,12,4,0,5.5,0,0,10,10,0,6,4,2,2,3,2,1
35342,35377,2,pt,1,1,1,30,20,23,4,0,3.0,20,20,12,2,12,2,0,15,10,5,0,0,1,1,30,20,28,22,4,12,4,0,3.0,0,0,15,20,20,7,4,1,1,4,1,1
35342,35377,1,pv,1,0,1,30,20,23,4,0,3.0,20,20,12,2,12,2,0,15,10,5,0,0,1,1,30,20,28,22,4,12,4,0,3.0,0,0,15,20,20,7,4,1,1,4,1,1
35342,35378,1,pv,1,1,1,20,25,18,4,4,1.75,0,10,0,7,7,7,5,10,0,10,0,2,1,1,20,25,28,0,14,7,4,4,3.75,0,5,10,0,10,8,4,1,1,4,1,1
35342,35378,2,pt,0,1,1,20,25,18,4,4,1.75,0,10,0,7,7,7,5,10,0,10,0,2,1,1,20,25,28,0,14,7,4,4,3.75,0,5,10,0,10,8,4,1,1,4,1,1
35342,35379,1,pv,1,1,1,20,25,15,4,2,3.0,20,20,6,7,2,12,5,15,0,5,5,0,2,2,20,25,20,6,19,2,9,2,3.0,0,5,15,20,20,9,4,1,1,4,1,1
35342,35379,3,pv_pt,0,1,1,20,25,15,4,2,3.0,20,20,6,7,2,12,5,15,0,5,5,0,2,2,20,25,20,6,19,2,9,2,3.0,0,5,15,20,20,9,4,1,1,4,1,1
35380,35395,3,pv_pt,1,1,1,30,25,23,2,4,1.5,10,10,0,12,2,7,5,5,5,5,5,4,2,3,30,25,28,5,19,2,7,4,5.5,0,5,5,10,10,1,4,2,2,2,2,1
35380,35395,2,pt,1,1,0,30,25,23,2,4,1.5,10,10,0,12,2,7,5,5,5,5,5,4,2,3,30,25,28,5,19,2,7,4,5.5,0,5,5,10,10,1,4,2,2,2,2,1
35380,35396,1,pv,1,1,1,25,25,22,4,2,3.5,0,20,6,7,7,7,5,10,0,10,0,2,2,2,25,25,32,6,14,7,4,2,5.5,0,5,10,0,20,2,4,2,2,2,2,1
35380,35396,2,pt,0,1,1,25,25,22,4,2,3.5,0,20,6,7,7,7,5,10,0,10,0,2,2,2,25,25,32,6,14,7,4,2,5.5,0,5,10,0,20,2,4,2,2,2,2,1
35380,35397,2,pt,1,1,1,30,30,26,2,0,1.75,10,0,0,2,7,2,10,15,0,15,10,0,3,1,30,30,41,0,4,7,12,0,1.75,0,10,15,10,0,3,4,2,2,2,2,1
35380,35397,1,pv,1,0,1,30,30,26,2,0,1.75,10,0,0,2,7,2,10,15,0,15,10,0,3,1,30,30,41,0,4,7,12,0,1.75,0,10,15,10,0,3,4,2,2,2,2,1
35380,35399,2,pt,1,1,1,25,20,25,6,4,6.0,20,0,6,2,7,2,0,5,0,15,10,2,2,2,25,20,40,6,4,7,16,4,8.0,0,0,5,20,0,4,1,1,2,1,1,2
35380,35399,3,pv_pt,1,0,1,25,20,25,6,4,6.0,20,0,6,2,7,2,0,5,0,15,10,2,2,2,25,20,40,6,4,7,16,4,8.0,0,0,5,20,0,4,1,1,2,1,1,2
35380,35400,1,pv,1,1,1,20,30,20,6,0,6.0,10,0,0,2,12,12,10,10,10,10,10,0,1,2,20,30,30,10,14,12,16,0,6.0,0,10,10,10,0,5,1,1,2,1,1,2
35380,35400,2,pt,0,1,1,20,30,20,6,0,6.0,10,0,0,2,12,12,10,10,10,10,10,0,1,2,20,30,30,10,14,12,16,0,6.0,0,10,10,10,0,5,1,1,2,1,1,2
35380,35401,2,pt,1,1,1,20,25,18,2,0,1.75,0,0,12,2,7,12,0,15,5,5,5,4,2,1,20,25,23,17,14,7,7,0,5.75,0,0,15,0,0,6,1,1,2,1,1,2
35380,35401,1,pv,1,0,1,20,25,18,2,0,1.75,0,0,12,2,7,12,0,15,5,5,5,4,2,1,20,25,23,17,14,7,7,0,5.75,0,0,15,0,0,6,1,1,2,1,1,2
35380,35403,1,pv,1,1,1,30,20,23,4,0,3.0,20,20,12,2,12,2,0,15,10,5,0,0,1,1,30,20,28,22,4,12,4,0,3.0,0,0,15,20,20,7,4,1,1,2,2,2
35380,35403,2,pt,0,1,1,30,20,23,4,0,3.0,20,20,12,2,12,2,0,15,10,5,0,0,1,1,30,20,28,22,4,12,4,0,3.0,0,0,15,20,20,7,4,1,1,2,2,2
35380,35404,2,pt,1,1,1,20,30,15,6,2,4.5,0,20,0,2,12,7,0,5,0,5,10,2,3,3,20,30,20,0,9,12,16,2,6.5,0,0,5,0,20,8,4,1,1,2,2,2
35380,35404,1,pv,1,0,1,20,30,15,6,2,4.5,0,20,0,2,12,7,0,5,0,5,10,2,3,3,20,30,20,0,9,12,16,2,6.5,0,0,5,0,20,8,4,1,1,2,2,2
35380,35405,1,pv,1,1,1,30,25,23,6,2,4.5,0,10,6,12,2,7,10,15,5,10,5,4,2,2,30,25,33,11,19,2,11,2,8.5,0,10,15,0,10,9,4,1,1,2,2,2
35380,35405,2,pt,0,1,1,30,25,23,6,2,4.5,0,10,6,12,2,7,10,15,5,10,5,4,2,2,30,25,33,11,19,2,11,2,8.5,0,10,15,0,10,9,4,1,1,2,2,2
35419,35516,1,pv,1,1,1,30,20,30,2,0,2.0,0,10,12,12,7,12,5,10,0,15,10,0,3,3,30,20,45,12,24,7,12,0,2.0,0,5,10,0,10,1,4,1,1,2,2,2
35419,35516,3,pv_pt,0,1,1,30,20,30,2,0,2.0,0,10,12,12,7,12,5,10,0,15,10,0,3,3,30,20,45,12,24,7,12,0,2.0,0,5,10,0,10,1,4,1,1,2,2,2
35419,35517,3,pv_pt,1,1,1,25,20,25,6,4,6.0,10,20,12,2,2,2,10,15,5,5,10,2,3,3,25,20,30,17,4,2,16,4,8.0,0,10,15,10,20,2,4,1,1,2,2,2
35419,35517,2,pt,1,1,0,25,20,25,6,4,6.0,10,20,12,2,2,2,10,15,5,5,10,2,3,3,25,20,30,17,4,2,16,4,8.0,0,10,15,10,20,2,4,1,1,2,2,2
35419,35518,1,pv,1,1,1,20,30,20,6,0,6.0,10,0,0,2,12,12,10,10,10,10,10,0,1,2,20,30,30,10,14,12,16,0,6.0,0,10,10,10,0,3,4,1,1,2,2,2
35419,35518,2,pt,0,1,1,20,30,20,6,0,6.0,10,0,0,2,12,12,10,10,10,10,10,0,1,2,20,30,30,10,14,12,16,0,6.0,0,10,10,10,0,3,4,1,1,2,2,2
35419,35520,2,pt,1,1,1,20,30,15,6,2,4.5,0,20,0,2,12,7,0,5,0,5,10,2,3,3,20,30,20,0,9,12,16,2,6.5,0,0,5,0,20,4,2,1,2,4,2,2
35419,35520,1,pv,1,0,1,20,30,15,6,2,4.5,0,20,0,2,12,7,0,5,0,5,10,2,3,3,20,30,20,0,9,12,16,2,6.5,0,0,5,0,20,4,2,1,2,4,2,2
35419,35521,1,pv,1,1,1,20,25,18,2,2,1.75,10,10,0,7,7,7,5,10,5,10,0,2,2,3,20,25,28,5,14,7,2,2,3.75,0,5,10,10,10,5,2,1,2,4,2,2
35419,35521,3,pv_pt,0,1,1,20,25,18,2,2,1.75,10,10,0,7,7,7,5,10,5,10,0,2,2,3,20,25,28,5,14,7,2,2,3.75,0,5,10,10,10,5,2,1,2,4,2,2
35419,35522,2,pt,1,1,1,25,20,22,4,0,3.5,10,0,0,7,12,2,0,10,10,10,0,2,3,2,25,20,32,10,9,12,4,0,5.5,0,0,10,10,0,6,2,1,2,4,2,2
35419,35522,3,pv_pt,1,0,1,25,20,22,4,0,3.5,10,0,0,7,12,2,0,10,10,10,0,2,3,2,25,20,32,10,9,12,4,0,5.5,0,0,10,10,0,6,2,1,2,4,2,2
35419,35524,1,pv,1,1,1,30,30,26,2,0,1.75,10,0,0,2,7,2,10,15,0,15,10,0,3,1,30,30,41,0,4,7,12,0,1.75,0,10,15,10,0,7,2,2,2,3,1,2
35419,35524,2,pt,0,1,1,30,30,26,2,0,1.75,10,0,0,2,7,2,10,15,0,15,10,0,3,1,30,30,41,0,4,7,12,0,1.75,0,10,15,10,0,7,2,2,2,3,1,2
35419,35525,3,pv_pt,1,1,1,30,20,23,6,2,4.5,20,0,12,2,12,12,10,5,0,10,0,2,1,3,30,20,33,12,14,12,6,2,6.5,0,10,5,20,0,8,2,2,2,3,1,2
35419,35525,2,pt,1,1,0,30,20,23,6,2,4.5,20,0,12,2,12,12,10,5,0,10,0,2,1,3,30,20,33,12,14,12,6,2,6.5,0,10,5,20,0,8,2,2,2,3,1,2
35419,35526,2,pt,1,1,1,25,30,25,4,4,4.0,20,0,12,12,12,12,0,15,10,10,5,4,3,2,25,30,35,22,24,12,9,4,8.0,0,0,15,20,0,9,2,2,2,3,1,2
35419,35526,1,pv,1,0,1,25,30,25,4,4,4.0,20,0,12,12,12,12,0,15,10,10,5,4,3,2,25,30,35,22,24,12,9,4,8.0,0,0,15,20,0,9,2,2,2,3,1,2
35422,35437,3,pv_pt,1,1,1,20,20,15,2,2,1.5,20,10,6,7,2,12,10,5,5,15,5,4,3,1,20,20,30,11,19,2,7,2,5.5,0,10,5,20,10,1,3,1,1,2,1,2
35422,35437,2,pt,1,1,0,20,20,15,2,2,1.5,20,10,6,7,2,12,10,5,5,15,5,4,3,1,20,20,30,11,19,2,7,2,5.5,0,10,5,20,10,1,3,1,1,2,1,2
35422,35438,3,pv_pt,1,1,1,20,30,15,6,2,4.5,0,20,0,2,12,7,0,5,0,5,10,2,3,3,20,30,20,0,9,12,16,2,6.5,0,0,5,0,20,2,3,1,1,2,1,2
35422,35438,1,pv,1,1,0,20,30,15,6,2,4.5,0,20,0,2,12,7,0,5,0,5,10,2,3,3,20,30,20,0,9,12,16,2,6.5,0,0,5,0,20,2,3,1,1,2,1,2
35422,35439,2,pt,1,1,1,25,25,22,2,4,1.75,10,0,6,12,12,2,10,15,10,15,10,0,1,3,25,25,37,16,14,12,12,4,1.75,0,10,15,10,0,3,3,1,1,2,1,2
35422,35439,3,pv_pt,1,0,1,25,25,22,2,4,1.75,10,0,6,12,12,2,10,15,10,15,10,0,1,3,25,25,37,16,14,12,12,4,1.75,0,10,15,10,0,3,3,1,1,2,1,2
35422,35441,2,pt,1,1,1,20,25,18,2,0,1.75,0,0,12,2,7,12,0,15,5,5,5,4,2,1,20,25,23,17,14,7,7,0,5.75,0,0,15,0,0,4,1,2,1,4,1,2
35422,35441,3,pv_pt,1,0,1,20,25,18,2,0,1.75,0,0,12,2,7,12,0,15,5,5,5,4,2,1,20,25,23,17,14,7,7,0,5.75,0,0,15,0,0,4,1,2,1,4,1,2
35422,35442,2,pt,1,1,1,20,25,15,4,2,3.0,20,20,6,7,2,12,5,15,0,5,5,0,2,2,20,25,20,6,19,2,9,2,3.0,0,5,15,20,20,5,1,2,1,4,1,2
35422,35442,3,pv_pt,1,0,1,20,25,15,4,2,3.0,20,20,6,7,2,12,5,15,0,5,5,0,2,2,20,25,20,6,19,2,9,2,3.0,0,5,15,20,20,5,1,2,1,4,1,2
35422,35443,2,pt,1,1,1,25,20,25,6,4,6.0,10,20,12,2,2,2,10,15,5,5,10,2,3,3,25,20,30,17,4,2,16,4,8.0,0,10,15,10,20,6,1,2,1,4,1,2
35422,35443,3,pv_pt,1,0,1,25,20,25,6,4,6.0,10,20,12,2,2,2,10,15,5,5,10,2,3,3,25,20,30,17,4,2,16,4,8.0,0,10,15,10,20,6,1,2,1,4,1,2
35422,35445,2,pt,1,1,1,20,30,20,4,2,4.0,0,10,12,12,2,2,10,5,10,5,5,0,3,1,20,30,25,22,14,2,9,2,4.0,0,10,5,0,10,7,3,2,1,4,2,2
35422,35445,3,pv_pt,1,0,1,20,30,20,4,2,4.0,0,10,12,12,2,2,10,5,10,5,5,0,3,1,20,30,25,22,14,2,9,2,4.0,0,10,5,0,10,7,3,2,1,4,2,2
35422,35446,2,pt,1,1,1,30,30,26,2,0,1.75,10,0,0,2,7,2,10,15,0,15,10,0,3,1,30,30,41,0,4,7,12,0,1.75,0,10,15,10,0,8,3,2,1,4,2,2
35422,35446,3,pv_pt,1,0,1,30,30,26,2,0,1.75,10,0,0,2,7,2,10,15,0,15,10,0,3,1,30,30,41,0,4,7,12,0,1.75,0,10,15,10,0,8,3,2,1,4,2,2
35422,35447,2,pt,1,1,1,20,25,18,2,2,1.75,10,10,0,7,7,7,5,10,5,10,0,2,2,3,20,25,28,5,14,7,2,2,3.75,0,5,10,10,10,9,3,2,1,4,2,2
35422,35447,3,pv_pt,1,0,1,20,25,18,2,2,1.75,10,10,0,7,7,7,5,10,5,10,0,2,2,3,20,25,28,5,14,7,2,2,3.75,0,5,10,10,10,9,3,2,1,4,2,2
35448,35493,1,pv,1,1,1,20,30,15,6,2,4.5,0,20,0,2,12,7,0,5,0,5,10,2,3,3,20,30,20,0,9,12,16,2,6.5,0,0,5,0,20,1,4,1,2,4,1,2
35448,35493,2,pt,0,1,1,20,30,15,6,2,4.5,0,20,0,2,12,7,0,5,0,5,10,2,3,3,20,30,20,0,9,12,16,2,6.5,0,0,5,0,20,1,4,1,2,4,1,2
35448,35495,1,pv,1,1,1,25,25,22,4,2,3.5,0,20,6,7,7,7,5,10,0,10,0,2,2,2,25,25,32,6,14,7,4,2,5.5,0,5,10,0,20,2,4,1,2,4,1,2
35448,35495,2,pt,0,1,1,25,25,22,4,2,3.5,0,20,6,7,7,7,5,10,0,10,0,2,2,2,25,25,32,6,14,7,4,2,5.5,0,5,10,0,20,2,4,1,2,4,1,2
35448,35497,3,pv_pt,1,1,1,20,25,15,4,2,3.0,20,20,6,7,2,12,5,15,0,5,5,0,2,2,20,25,20,6,19,2,9,2,3.0,0,5,15,20,20,3,4,1,2,4,1,2
35448,35497,1,pv,1,1,0,20,25,15,4,2,3.0,20,20,6,7,2,12,5,15,0,5,5,0,2,2,20,25,20,6,19,2,9,2,3.0,0,5,15,20,20,3,4,1,2,4,1,2
35448,35500,1,pv,1,1,1,20,30,18,6,0,5.25,10,0,12,12,7,2,0,10,0,15,5,4,1,1,20,30,33,12,14,7,11,0,9.25,0,0,10,10,0,4,2,1,2,4,2,2
35448,35500,2,pt,0,1,1,20,30,18,6,0,5.25,10,0,12,12,7,2,0,10,0,15,5,4,1,1,20,30,33,12,14,7,11,0,9.25,0,0,10,10,0,4,2,1,2,4,2,2
35448,35503,2,pt,1,1,1,30,20,23,6,2,4.5,20,0,12,2,12,12,10,5,0,10,0,2,1,3,30,20,33,12,14,12,6,2,6.5,0,10,5,20,0,5,2,1,2,4,2,2
35448,35503,1,pv,1,0,1,30,20,23,6,2,4.5,20,0,12,2,12,12,10,5,0,10,0,2,1,3,30,20,33,12,14,12,6,2,6.5,0,10,5,20,0,5,2,1,2,4,2,2
35448,35505,2,pt,1,1,1,25,20,25,6,4,6.0,20,0,6,2,7,2,0,5,0,15,10,2,2,2,25,20,40,6,4,7,16,4,8.0,0,0,5,20,0,6,2,1,2,4,2,2
35448,35505,1,pv,1,0,1,25,20,25,6,4,6.0,20,0,6,2,7,2,0,5,0,15,10,2,2,2,25,20,40,6,4,7,16,4,8.0,0,0,5,20,0,6,2,1,2,4,2,2
35448,35509,1,pv,1,1,1,20,30,20,6,0,6.0,10,0,0,2,12,12,10,10,10,10,10,0,1,2,20,30,30,10,14,12,16,0,6.0,0,10,10,10,0,7,2,1,2,1,2,1
35448,35509,2,pt,0,1,1,20,30,20,6,0,6.0,10,0,0,2,12,12,10,10,10,10,10,0,1,2,20,30,30,10,14,12,16,0,6.0,0,10,10,10,0,7,2,1,2,1,2,1
35448,35511,1,pv,1,1,1,30,30,26,2,4,1.75,0,20,12,2,12,7,0,5,10,15,10,4,1,2,30,30,41,22,9,12,12,4,5.75,0,0,5,0,20,8,2,1,2,1,2,1
35448,35511,2,pt,0,1,1,30,30,26,2,4,1.75,0,20,12,2,12,7,0,5,10,15,10,4,1,2,30,30,41,22,9,12,12,4,5.75,0,0,5,0,20,8,2,1,2,1,2,1
35448,35512,2,pt,1,1,1,25,20,22,4,0,3.5,10,0,0,7,12,2,0,10,10,10,0,2,3,2,25,20,32,10,9,12,4,0,5.5,0,0,10,10,0,9,2,1,2,1,2,1
35448,35512,1,pv,1,0,1,25,20,22,4,0,3.5,10,0,0,7,12,2,0,10,10,10,0,2,3,2,25,20,32,10,9,12,4,0,5.5,0,0,10,10,0,9,2,1,2,1,2,1
35513,35540,2,pt,1,1,1,25,20,25,6,4,6.0,10,20,12,2,2,2,10,15,5,5,10,2,3,3,25,20,30,17,4,2,16,4,8.0,0,10,15,10,20,1,3,2,2,3,1,1
35513,35540,3,pv_pt,1,0,1,25,20,25,6,4,6.0,10,20,12,2,2,2,10,15,5,5,10,2,3,3,25,20,30,17,4,2,16,4,8.0,0,10,15,10,20,1,3,2,2,3,1,1
35513,35541,2,pt,1,1,1,20,25,18,2,0,1.75,0,0,12,2,7,12,0,15,5,5,5,4,2,1,20,25,23,17,14,7,7,0,5.75,0,0,15,0,0,2,3,2,2,3,1,1
35513,35541,1,pv,1,0,1,20,25,18,2,0,1.75,0,0,12,2,7,12,0,15,5,5,5,4,2,1,20,25,23,17,14,7,7,0,5.75,0,0,15,0,0,2,3,2,2,3,1,1
35513,35542,1,pv,1,1,1,20,25,18,4,4,1.75,0,10,0,7,7,7,5,10,0,10,0,2,1,1,20,25,28,0,14,7,4,4,3.75,0,5,10,0,10,3,3,2,2,3,1,1
35513,35542,2,pt,0,1,1,20,25,18,4,4,1.75,0,10,0,7,7,7,5,10,0,10,0,2,1,1,20,25,28,0,14,7,4,4,3.75,0,5,10,0,10,3,3,2,2,3,1,1
35513,35544,3,pv_pt,1,1,1,20,30,20,4,2,4.0,0,10,12,12,2,2,10,5,10,5,5,0,3,1,20,30,25,22,14,2,9,2,4.0,0,10,5,0,10,4,3,2,2,1,2,2
35513,35544,1,pv,1,1,0,20,30,20,4,2,4.0,0,10,12,12,2,2,10,5,10,5,5,0,3,1,20,30,25,22,14,2,9,2,4.0,0,10,5,0,10,4,3,2,2,1,2,2
35513,35545,1,pv,1,1,1,20,30,20,6,0,6.0,10,0,0,2,12,12,10,10,10,10,10,0,1,2,20,30,30,10,14,12,16,0,6.0,0,10,10,10,0,5,3,2,2,1,2,2
35513,35545,2,pt,0,1,1,20,30,20,6,0,6.0,10,0,0,2,12,12,10,10,10,10,10,0,1,2,20,30,30,10,14,12,16,0,6.0,0,10,10,10,0,5,3,2,2,1,2,2
35513,35546,1,pv,1,1,1,30,25,23,2,4,1.5,10,10,0,12,2,7,5,5,5,5,5,4,2,3,30,25,28,5,19,2,7,4,5.5,0,5,5,10,10,6,3,2,2,1,2,2
35513,35546,3,pv_pt,0,1,1,30,25,23,2,4,1.5,10,10,0,12,2,7,5,5,5,5,5,4,2,3,30,25,28,5,19,2,7,4,5.5,0,5,5,10,10,6,3,2,2,1,2,2
35513,35548,2,pt,1,1,1,30,20,23,4,0,3.0,20,20,12,2,12,2,0,15,10,5,0,0,1,1,30,20,28,22,4,12,4,0,3.0,0,0,15,20,20,7,4,2,1,3,2,2
35513,35548,1,pv,1,0,1,30,20,23,4,0,3.0,20,20,12,2,12,2,0,15,10,5,0,0,1,1,30,20,28,22,4,12,4,0,3.0,0,0,15,20,20,7,4,2,1,3,2,2
35513,35549,3,pv_pt,1,1,1,20,20,15,2,2,1.5,20,10,6,7,2,12,10,5,5,15,5,4,3,1,20,20,30,11,19,2,7,2,5.5,0,10,5,20,10,8,4,2,1,3,2,2
35513,35549,1,pv,1,1,0,20,20,15,2,2,1.5,20,10,6,7,2,12,10,5,5,15,5,4,3,1,20,20,30,11,19,2,7,2,5.5,0,10,5,20,10,8,4,2,1,3,2,2
35513,35550,3,pv_pt,1,1,1,20,30,18,6,0,5.25,10,0,12,12,7,2,0,10,0,15,5,4,1,1,20,30,33,12,14,7,11,0,9.25,0,0,10,10,0,9,4,2,1,3,2,2
35513,35550,2,pt,1,1,0,20,30,18,6,0,5.25,10,0,12,12,7,2,0,10,0,15,5,4,1,1,20,30,33,12,14,7,11,0,9.25,0,0,10,10,0,9,4,2,1,3,2,2
35551,35554,1,pv,1,1,1,30,30,26,2,0,1.75,10,0,0,2,7,2,10,15,0,15,10,0,3,1,30,30,41,0,4,7,12,0,1.75,0,10,15,10,0,1,3,2,2,1,2,2
35551,35554,2,pt,0,1,1,30,30,26,2,0,1.75,10,0,0,2,7,2,10,15,0,15,10,0,3,1,30,30,41,0,4,7,12,0,1.75,0,10,15,10,0,1,3,2,2,1,2,2
35551,35555,1,pv,1,1,1,25,25,22,2,2,1.75,20,20,6,7,2,7,5,5,5,5,0,0,3,2,25,25,27,11,14,2,2,2,1.75,0,5,5,20,20,2,3,2,2,1,2,2
35551,35555,3,pv_pt,0,1,1,25,25,22,2,2,1.75,20,20,6,7,2,7,5,5,5,5,0,0,3,2,25,25,27,11,14,2,2,2,1.75,0,5,5,20,20,2,3,2,2,1,2,2
35551,35556,1,pv,1,1,1,25,20,25,6,4,6.0,10,20,12,2,2,2,10,15,5,5,10,2,3,3,25,20,30,17,4,2,16,4,8.0,0,10,15,10,20,3,3,2,2,1,2,2
35551,35556,2,pt,0,1,1,25,20,25,6,4,6.0,10,20,12,2,2,2,10,15,5,5,10,2,3,3,25,20,30,17,4,2,16,4,8.0,0,10,15,10,20,3,3,2,2,1,2,2
35551,35558,1,pv,1,1,1,25,30,25,4,4,4.0,10,10,6,7,7,7,5,10,5,10,0,2,1,3,25,30,35,11,14,7,4,4,6.0,0,5,10,10,10,4,3,1,2,4,2,1
35551,35558,3,pv_pt,0,1,1,25,30,25,4,4,4.0,10,10,6,7,7,7,5,10,5,10,0,2,1,3,25,30,35,11,14,7,4,4,6.0,0,5,10,10,10,4,3,1,2,4,2,1
35551,35559,1,pv,1,1,1,20,25,18,4,4,1.75,0,10,0,7,7,7,5,10,0,10,0,2,1,1,20,25,28,0,14,7,4,4,3.75,0,5,10,0,10,5,3,1,2,4,2,1
35551,35559,3,pv_pt,0,1,1,20,25,18,4,4,1.75,0,10,0,7,7,7,5,10,0,10,0,2,1,1,20,25,28,0,14,7,4,4,3.75,0,5,10,0,10,5,3,1,2,4,2,1
35551,35560,1,pv,1,1,1,30,30,26,2,4,1.75,0,20,12,2,12,7,0,5,10,15,10,4,1,2,30,30,41,22,9,12,12,4,5.75,0,0,5,0,20,6,3,1,2,4,2,1
35551,35560,2,pt,0,1,1,30,30,26,2,4,1.75,0,20,12,2,12,7,0,5,10,15,10,4,1,2,30,30,41,22,9,12,12,4,5.75,0,0,5,0,20,6,3,1,2,4,2,1
35551,35562,1,pv,1,1,1,30,30,30,4,0,4.0,20,20,0,12,12,2,10,10,5,5,10,4,2,1,30,30,35,5,14,12,14,0,8.0,0,10,10,20,20,7,3,2,2,3,1,1
35551,35562,3,pv_pt,0,1,1,30,30,30,4,0,4.0,20,20,0,12,12,2,10,10,5,5,10,4,2,1,30,30,35,5,14,12,14,0,8.0,0,10,10,20,20,7,3,2,2,3,1,1
35551,35563,1,pv,1,1,1,30,20,30,2,0,2.0,0,10,12,12,7,12,5,10,0,15,10,0,3,3,30,20,45,12,24,7,12,0,2.0,0,5,10,0,10,8,3,2,2,3,1,1
35551,35563,2,pt,0,1,1,30,20,30,2,0,2.0,0,10,12,12,7,12,5,10,0,15,10,0,3,3,30,20,45,12,24,7,12,0,2.0,0,5,10,0,10,8,3,2,2,3,1,1
35551,35564,1,pv,1,1,1,30,20,23,6,2,4.5,20,0,12,2,12,12,10,5,0,10,0,2,1,3,30,20,33,12,14,12,6,2,6.5,0,10,5,20,0,9,3,2,2,3,1,1
35551,35564,2,pt,0,1,1,30,20,23,6,2,4.5,20,0,12,2,12,12,10,5,0,10,0,2,1,3,30,20,33,12,14,12,6,2,6.5,0,10,5,20,0,9,3,2,2,3,1,1
35592,35644,1,pv,1,1,1,25,30,25,4,4,4.0,10,10,6,7,7,7,5,10,5,10,0,2,1,3,25,30,35,11,14,7,4,4,6.0,0,5,10,10,10,1,1,1,2,1,1,2
35592,35644,2,pt,0,1,1,25,30,25,4,4,4.0,10,10,6,7,7,7,5,10,5,10,0,2,1,3,25,30,35,11,14,7,4,4,6.0,0,5,10,10,10,1,1,1,2,1,1,2
35592,35645,3,pv_pt,1,1,1,20,25,18,2,0,1.75,0,0,12,2,7,12,0,15,5,5,5,4,2,1,20,25,23,17,14,7,7,0,5.75,0,0,15,0,0,2,1,1,2,1,1,2
35592,35645,2,pt,1,1,0,20,25,18,2,0,1.75,0,0,12,2,7,12,0,15,5,5,5,4,2,1,20,25,23,17,14,7,7,0,5.75,0,0,15,0,0,2,1,1,2,1,1,2
35592,35646,1,pv,1,1,1,30,25,23,2,4,1.5,10,10,0,12,2,7,5,5,5,5,5,4,2,3,30,25,28,5,19,2,7,4,5.5,0,5,5,10,10,3,1,1,2,1,1,2
35592,35646,3,pv_pt,0,1,1,30,25,23,2,4,1.5,10,10,0,12,2,7,5,5,5,5,5,4,2,3,30,25,28,5,19,2,7,4,5.5,0,5,5,10,10,3,1,1,2,1,1,2
35592,35648,2,pt,1,1,1,20,30,18,6,0,5.25,10,0,12,12,7,2,0,10,0,15,5,4,1,1,20,30,33,12,14,7,11,0,9.25,0,0,10,10,0,4,3,1,2,4,2,1
35592,35648,3,pv_pt,1,0,1,20,30,18,6,0,5.25,10,0,12,12,7,2,0,10,0,15,5,4,1,1,20,30,33,12,14,7,11,0,9.25,0,0,10,10,0,4,3,1,2,4,2,1
35592,35649,1,pv,1,1,1,25,20,25,6,0,6.0,20,20,0,12,2,12,0,15,10,15,5,4,1,3,25,20,40,10,24,2,11,0,10.0,0,0,15,20,20,5,3,1,2,4,2,1
35592,35649,3,pv_pt,0,1,1,25,20,25,6,0,6.0,20,20,0,12,2,12,0,15,10,15,5,4,1,3,25,20,40,10,24,2,11,0,10.0,0,0,15,20,20,5,3,1,2,4,2,1
35592,35650,3,pv_pt,1,1,1,25,25,22,2,2,1.75,20,20,6,7,2,7,5,5,5,5,0,0,3,2,25,25,27,11,14,2,2,2,1.75,0,5,5,20,20,6,3,1,2,4,2,1
35592,35650,1,pv,1,1,0,25,25,22,2,2,1.75,20,20,6,7,2,7,5,5,5,5,0,0,3,2,25,25,27,11,14,2,2,2,1.75,0,5,5,20,20,6,3,1,2,4,2,1
35592,35652,1,pv,1,1,1,20,30,20,6,0,6.0,10,0,0,2,12,12,10,10,10,10,10,0,1,2,20,30,30,10,14,12,16,0,6.0,0,10,10,10,0,7,2,2,1,2,1,1
35592,35652,2,pt,0,1,1,20,30,20,6,0,6.0,10,0,0,2,12,12,10,10,10,10,10,0,1,2,20,30,30,10,14,12,16,0,6.0,0,10,10,10,0,7,2,2,1,2,1,1
35592,35653,1,pv,1,1,1,20,30,15,6,2,4.5,0,20,0,2,12,7,0,5,0,5,10,2,3,3,20,30,20,0,9,12,16,2,6.5,0,0,5,0,20,8,2,2,1,2,1,1
35592,35653,2,pt,0,1,1,20,30,15,6,2,4.5,0,20,0,2,12,7,0,5,0,5,10,2,3,3,20,30,20,0,9,12,16,2,6.5,0,0,5,0,20,8,2,2,1,2,1,1
35592,35654,1,pv,1,1,1,25,20,22,4,0,3.5,10,0,0,7,12,2,0,10,10,10,0,2,3,2,25,20,32,10,9,12,4,0,5.5,0,0,10,10,0,9,2,2,1,2,1,1
35592,35654,2,pt,0,1,1,25,20,22,4,0,3.5,10,0,0,7,12,2,0,10,10,10,0,2,3,2,25,20,32,10,9,12,4,0,5.5,0,0,10,10,0,9,2,2,1,2,1,1
35710,35738,1,pv,1,1,1,20,25,15,4,2,3.0,20,20,6,7,2,12,5,15,0,5,5,0,2,2,20,25,20,6,19,2,9,2,3.0,0,5,15,20,20,1,1,1,1,3,2,1
35710,35738,3,pv_pt,0,1,1,20,25,15,4,2,3.0,20,20,6,7,2,12,5,15,0,5,5,0,2,2,20,25,20,6,19,2,9,2,3.0,0,5,15,20,20,1,1,1,1,3,2,1
35710,35739,2,pt,1,1,1,25,20,25,6,4,6.0,10,20,12,2,2,2,10,15,5,5,10,2,3,3,25,20,30,17,4,2,16,4,8.0,0,10,15,10,20,2,1,1,1,3,2,1
35710,35739,3,pv_pt,1,0,1,25,20,25,6,4,6.0,10,20,12,2,2,2,10,15,5,5,10,2,3,3,25,20,30,17,4,2,16,4,8.0,0,10,15,10,20,2,1,1,1,3,2,1
35710,35740,1,pv,1,1,1,25,30,25,4,4,4.0,10,10,6,7,7,7,5,10,5,10,0,2,1,3,25,30,35,11,14,7,4,4,6.0,0,5,10,10,10,3,1,1,1,3,2,1
35710,35740,3,pv_pt,0,1,1,25,30,25,4,4,4.0,10,10,6,7,7,7,5,10,5,10,0,2,1,3,25,30,35,11,14,7,4,4,6.0,0,5,10,10,10,3,1,1,1,3,2,1
35710,35743,3,pv_pt,1,1,1,20,30,20,4,2,4.0,0,10,12,12,2,2,10,5,10,5,5,0,3,1,20,30,25,22,14,2,9,2,4.0,0,10,5,0,10,4,1,2,1,4,1,2
35710,35743,2,pt,1,1,0,20,30,20,4,2,4.0,0,10,12,12,2,2,10,5,10,5,5,0,3,1,20,30,25,22,14,2,9,2,4.0,0,10,5,0,10,4,1,2,1,4,1,2
35710,35744,1,pv,1,1,1,30,20,23,6,2,4.5,20,0,12,2,12,12,10,5,0,10,0,2,1,3,30,20,33,12,14,12,6,2,6.5,0,10,5,20,0,5,1,2,1,4,1,2
35710,35744,2,pt,0,1,1,30,20,23,6,2,4.5,20,0,12,2,12,12,10,5,0,10,0,2,1,3,30,20,33,12,14,12,6,2,6.5,0,10,5,20,0,5,1,2,1,4,1,2
35710,35745,3,pv_pt,1,1,1,20,20,15,2,2,1.5,20,10,6,7,2,12,10,5,5,15,5,4,3,1,20,20,30,11,19,2,7,2,5.5,0,10,5,20,10,6,1,2,1,4,1,2
35710,35745,2,pt,1,1,0,20,20,15,2,2,1.5,20,10,6,7,2,12,10,5,5,15,5,4,3,1,20,20,30,11,19,2,7,2,5.5,0,10,5,20,10,6,1,2,1,4,1,2
35710,35747,2,pt,1,1,1,30,25,23,6,2,4.5,0,10,6,12,2,7,10,15,5,10,5,4,2,2,30,25,33,11,19,2,11,2,8.5,0,10,15,0,10,7,3,2,1,1,2,1
35710,35747,1,pv,1,0,1,30,25,23,6,2,4.5,0,10,6,12,2,7,10,15,5,10,5,4,2,2,30,25,33,11,19,2,11,2,8.5,0,10,15,0,10,7,3,2,1,1,2,1
35710,35748,2,pt,1,1,1,30,20,30,2,0,2.0,0,10,12,12,7,12,5,10,0,15,10,0,3,3,30,20,45,12,24,7,12,0,2.0,0,5,10,0,10,8,3,2,1,1,2,1
35710,35748,3,pv_pt,1,0,1,30,20,30,2,0,2.0,0,10,12,12,7,12,5,10,0,15,10,0,3,3,30,20,45,12,24,7,12,0,2.0,0,5,10,0,10,8,3,2,1,1,2,1
35710,35749,2,pt,1,1,1,20,30,18,6,0,5.25,10,0,12,12,7,2,0,10,0,15,5,4,1,1,20,30,33,12,14,7,11,0,9.25,0,0,10,10,0,9,3,2,1,1,2,1
35710,35749,3,pv_pt,1,0,1,20,30,18,6,0,5.25,10,0,12,12,7,2,0,10,0,15,5,4,1,1,20,30,33,12,14,7,11,0,9.25,0,0,10,10,0,9,3,2,1,1,2,1
35775,35814,3,pv_pt,1,1,1,30,25,23,6,2,4.5,0,10,6,12,2,7,10,15,5,10,5,4,2,2,30,25,33,11,19,2,11,2,8.5,0,10,15,0,10,1,3,2,1,4,2,2
35775,35814,1,pv,1,1,0,30,25,23,6,2,4.5,0,10,6,12,2,7,10,15,5,10,5,4,2,2,30,25,33,11,19,2,11,2,8.5,0,10,15,0,10,1,3,2,1,4,2,2
35775,35815,2,pt,1,1,1,30,20,23,6,2,4.5,20,0,12,2,12,12,10,5,0,10,0,2,1,3,30,20,33,12,14,12,6,2,6.5,0,10,5,20,0,2,3,2,1,4,2,2
35775,35815,3,pv_pt,1,0,1,30,20,23,6,2,4.5,20,0,12,2,12,12,10,5,0,10,0,2,1,3,30,20,33,12,14,12,6,2,6.5,0,10,5,20,0,2,3,2,1,4,2,2
35775,35816,2,pt,1,1,1,25,20,25,6,4,6.0,10,20,12,2,2,2,10,15,5,5,10,2,3,3,25,20,30,17,4,2,16,4,8.0,0,10,15,10,20,3,3,2,1,4,2,2
35775,35816,3,pv_pt,1,0,1,25,20,25,6,4,6.0,10,20,12,2,2,2,10,15,5,5,10,2,3,3,25,20,30,17,4,2,16,4,8.0,0,10,15,10,20,3,3,2,1,4,2,2
35775,35818,2,pt,1,1,1,20,25,18,2,0,1.75,0,0,12,2,7,12,0,15,5,5,5,4,2,1,20,25,23,17,14,7,7,0,5.75,0,0,15,0,0,4,3,2,1,1,2,1
35775,35818,3,pv_pt,1,0,1,20,25,18,2,0,1.75,0,0,12,2,7,12,0,15,5,5,5,4,2,1,20,25,23,17,14,7,7,0,5.75,0,0,15,0,0,4,3,2,1,1,2,1
35775,35819,2,pt,1,1,1,25,20,22,4,0,3.5,10,0,0,7,12,2,0,10,10,10,0,2,3,2,25,20,32,10,9,12,4,0,5.5,0,0,10,10,0,5,3,2,1,1,2,1
35775,35819,1,pv,1,0,1,25,20,22,4,0,3.5,10,0,0,7,12,2,0,10,10,10,0,2,3,2,25,20,32,10,9,12,4,0,5.5,0,0,10,10,0,5,3,2,1,1,2,1
35775,35820,2,pt,1,1,1,25,25,22,2,4,1.75,10,0,6,12,12,2,10,15,10,15,10,0,1,3,25,25,37,16,14,12,12,4,1.75,0,10,15,10,0,6,3,2,1,1,2,1
35775,35820,3,pv_pt,1,0,1,25,25,22,2,4,1.75,10,0,6,12,12,2,10,15,10,15,10,0,1,3,25,25,37,16,14,12,12,4,1.75,0,10,15,10,0,6,3,2,1,1,2,1
35775,35822,3,pv_pt,1,1,1,20,30,20,6,0,6.0,10,0,0,2,12,12,10,10,10,10,10,0,1,2,20,30,30,10,14,12,16,0,6.0,0,10,10,10,0,7,4,2,1,1,1,2
35775,35822,1,pv,1,1,0,20,30,20,6,0,6.0,10,0,0,2,12,12,10,10,10,10,10,0,1,2,20,30,30,10,14,12,16,0,6.0,0,10,10,10,0,7,4,2,1,1,1,2
35775,35823,2,pt,1,1,1,20,30,18,6,0,5.25,10,0,12,12,7,2,0,10,0,15,5,4,1,1,20,30,33,12,14,7,11,0,9.25,0,0,10,10,0,8,4,2,1,1,1,2
35775,35823,1,pv,1,0,1,20,30,18,6,0,5.25,10,0,12,12,7,2,0,10,0,15,5,4,1,1,20,30,33,12,14,7,11,0,9.25,0,0,10,10,0,8,4,2,1,1,1,2
35775,35824,2,pt,1,1,1,30,20,23,4,0,3.0,20,20,12,2,12,2,0,15,10,5,0,0,1,1,30,20,28,22,4,12,4,0,3.0,0,0,15,20,20,9,4,2,1,1,1,2
35775,35824,3,pv_pt,1,0,1,30,20,23,4,0,3.0,20,20,12,2,12,2,0,15,10,5,0,0,1,1,30,20,28,22,4,12,4,0,3.0,0,0,15,20,20,9,4,2,1,1,1,2
35838,35853,1,pv,1,1,1,30,25,23,6,4,4.5,0,10,6,7,2,12,5,5,10,15,0,0,2,1,30,25,38,16,19,2,6,4,4.5,0,5,5,0,10,1,4,2,1,1,1,2
35838,35853,3,pv_pt,0,1,1,30,25,23,6,4,4.5,0,10,6,7,2,12,5,5,10,15,0,0,2,1,30,25,38,16,19,2,6,4,4.5,0,5,5,0,10,1,4,2,1,1,1,2
35838,35854,1,pv,1,1,1,20,25,18,4,4,1.75,0,10,0,7,7,7,5,10,0,10,0,2,1,1,20,25,28,0,14,7,4,4,3.75,0,5,10,0,10,2,4,2,1,1,1,2
35838,35854,3,pv_pt,0,1,1,20,25,18,4,4,1.75,0,10,0,7,7,7,5,10,0,10,0,2,1,1,20,25,28,0,14,7,4,4,3.75,0,5,10,0,10,2,4,2,1,1,1,2
35838,35855,1,pv,1,1,1,25,30,25,4,4,4.0,10,10,6,7,7,7,5,10,5,10,0,2,1,3,25,30,35,11,14,7,4,4,6.0,0,5,10,10,10,3,4,2,1,1,1,2
35838,35855,3,pv_pt,0,1,1,25,30,25,4,4,4.0,10,10,6,7,7,7,5,10,5,10,0,2,1,3,25,30,35,11,14,7,4,4,6.0,0,5,10,10,10,3,4,2,1,1,1,2
35838,35857,1,pv,1,1,1,30,20,30,2,0,2.0,0,10,12,12,7,12,5,10,0,15,10,0,3,3,30,20,45,12,24,7,12,0,2.0,0,5,10,0,10,4,3,2,2,1,2,2
35838,35857,2,pt,0,1,1,30,20,30,2,0,2.0,0,10,12,12,7,12,5,10,0,15,10,0,3,3,30,20,45,12,24,7,12,0,2.0,0,5,10,0,10,4,3,2,2,1,2,2
35838,35858,1,pv,1,1,1,25,30,25,4,4,4.0,20,0,12,12,12,12,0,15,10,10,5,4,3,2,25,30,35,22,24,12,9,4,8.0,0,0,15,20,0,5,3,2,2,1,2,2
35838,35858,2,pt,0,1,1,25,30,25,4,4,4.0,20,0,12,12,12,12,0,15,10,10,5,4,3,2,25,30,35,22,24,12,9,4,8.0,0,0,15,20,0,5,3,2,2,1,2,2
35838,35859,1,pv,1,1,1,20,20,15,2,2,1.5,20,10,6,7,2,12,10,5,5,15,5,4,3,1,20,20,30,11,19,2,7,2,5.5,0,10,5,20,10,6,3,2,2,1,2,2
35838,35859,3,pv_pt,0,1,1,20,20,15,2,2,1.5,20,10,6,7,2,12,10,5,5,15,5,4,3,1,20,20,30,11,19,2,7,2,5.5,0,10,5,20,10,6,3,2,2,1,2,2
35838,35861,1,pv,1,1,1,20,25,18,2,2,1.75,10,10,0,7,7,7,5,10,5,10,0,2,2,3,20,25,28,5,14,7,2,2,3.75,0,5,10,10,10,7,4,1,1,4,1,1
35838,35861,3,pv_pt,0,1,1,20,25,18,2,2,1.75,10,10,0,7,7,7,5,10,5,10,0,2,2,3,20,25,28,5,14,7,2,2,3.75,0,5,10,10,10,7,4,1,1,4,1,1
35838,35862,1,pv,1,1,1,30,20,23,6,2,4.5,20,0,12,2,12,12,10,5,0,10,0,2,1,3,30,20,33,12,14,12,6,2,6.5,0,10,5,20,0,8,4,1,1,4,1,1
35838,35862,2,pt,0,1,1,30,20,23,6,2,4.5,20,0,12,2,12,12,10,5,0,10,0,2,1,3,30,20,33,12,14,12,6,2,6.5,0,10,5,20,0,8,4,1,1,4,1,1
35838,35863,2,pt,1,1,1,20,30,15,6,2,4.5,0,20,0,2,12,7,0,5,0,5,10,2,3,3,20,30,20,0,9,12,16,2,6.5,0,0,5,0,20,9,4,1,1,4,1,1
35838,35863,3,pv_pt,1,0,1,20,30,15,6,2,4.5,0,20,0,2,12,7,0,5,0,5,10,2,3,3,20,30,20,0,9,12,16,2,6.5,0,0,5,0,20,9,4,1,1,4,1,1
35851,35865,2,pt,1,1,1,25,20,25,6,4,6.0,10,20,12,2,2,2,10,15,5,5,10,2,3,3,25,20,30,17,4,2,16,4,8.0,0,10,15,10,20,1,3,2,2,3,1,1
35851,35865,1,pv,1,0,1,25,20,25,6,4,6.0,10,20,12,2,2,2,10,15,5,5,10,2,3,3,25,20,30,17,4,2,16,4,8.0,0,10,15,10,20,1,3,2,2,3,1,1
35851,35866,3,pv_pt,1,1,1,20,30,20,4,2,4.0,0,10,12,12,2,2,10,5,10,5,5,0,3,1,20,30,25,22,14,2,9,2,4.0,0,10,5,0,10,2,3,2,2,3,1,1
35851,35866,2,pt,1,1,0,20,30,20,4,2,4.0,0,10,12,12,2,2,10,5,10,5,5,0,3,1,20,30,25,22,14,2,9,2,4.0,0,10,5,0,10,2,3,2,2,3,1,1
35851,35867,2,pt,1,1,1,30,30,26,2,0,1.75,10,0,0,2,7,2,10,15,0,15,10,0,3,1,30,30,41,0,4,7,12,0,1.75,0,10,15,10,0,3,3,2,2,3,1,1
35851,35867,1,pv,1,0,1,30,30,26,2,0,1.75,10,0,0,2,7,2,10,15,0,15,10,0,3,1,30,30,41,0,4,7,12,0,1.75,0,10,15,10,0,3,3,2,2,3,1,1
35851,35869,2,pt,1,1,1,30,20,23,4,0,3.0,20,20,12,2,12,2,0,15,10,5,0,0,1,1,30,20,28,22,4,12,4,0,3.0,0,0,15,20,20,4,1,2,1,1,1,1
35851,35869,1,pv,1,0,1,30,20,23,4,0,3.0,20,20,12,2,12,2,0,15,10,5,0,0,1,1,30,20,28,22,4,12,4,0,3.0,0,0,15,20,20,4,1,2,1,1,1,1
35851,35870,2,pt,1,1,1,25,30,25,4,4,4.0,20,0,12,12,12,12,0,15,10,10,5,4,3,2,25,30,35,22,24,12,9,4,8.0,0,0,15,20,0,5,1,2,1,1,1,1
35851,35870,1,pv,1,0,1,25,30,25,4,4,4.0,20,0,12,12,12,12,0,15,10,10,5,4,3,2,25,30,35,22,24,12,9,4,8.0,0,0,15,20,0,5,1,2,1,1,1,1
35851,35871,2,pt,1,1,1,20,30,20,6,0,6.0,10,0,0,2,12,12,10,10,10,10,10,0,1,2,20,30,30,10,14,12,16,0,6.0,0,10,10,10,0,6,1,2,1,1,1,1
35851,35871,1,pv,1,0,1,20,30,20,6,0,6.0,10,0,0,2,12,12,10,10,10,10,10,0,1,2,20,30,30,10,14,12,16,0,6.0,0,10,10,10,0,6,1,2,1,1,1,1
35851,35873,2,pt,1,1,1,20,30,18,6,0,5.25,10,0,12,12,7,2,0,10,0,15,5,4,1,1,20,30,33,12,14,7,11,0,9.25,0,0,10,10,0,7,1,1,1,3,2,1
35851,35873,1,pv,1,0,1,20,30,18,6,0,5.25,10,0,12,12,7,2,0,10,0,15,5,4,1,1,20,30,33,12,14,7,11,0,9.25,0,0,10,10,0,7,1,1,1,3,2,1
35851,35874,1,pv,1,1,1,30,25,23,6,2,4.5,0,10,6,12,2,7,10,15,5,10,5,4,2,2,30,25,33,11,19,2,11,2,8.5,0,10,15,0,10,8,1,1,1,3,2,1
35851,35874,2,pt,0,1,1,30,25,23,6,2,4.5,0,10,6,12,2,7,10,15,5,10,5,4,2,2,30,25,33,11,19,2,11,2,8.5,0,10,15,0,10,8,1,1,1,3,2,1
35851,35875,1,pv,1,1,1,30,25,23,6,4,4.5,0,10,6,7,2,12,5,5,10,15,0,0,2,1,30,25,38,16,19,2,6,4,4.5,0,5,5,0,10,9,1,1,1,3,2,1
35851,35875,3,pv_pt,0,1,1,30,25,23,6,4,4.5,0,10,6,7,2,12,5,5,10,15,0,0,2,1,30,25,38,16,19,2,6,4,4.5,0,5,5,0,10,9,1,1,1,3,2,1
35877,35891,1,pv,1,1,1,30,25,23,2,4,1.5,10,10,0,12,2,7,5,5,5,5,5,4,2,3,30,25,28,5,19,2,7,4,5.5,0,5,5,10,10,1,1,2,2,4,1,1
35877,35891,2,pt,0,1,1,30,25,23,2,4,1.5,10,10,0,12,2,7,5,5,5,5,5,4,2,3,30,25,28,5,19,2,7,4,5.5,0,5,5,10,10,1,1,2,2,4,1,1
35877,35892,2,pt,1,1,1,25,20,25,6,4,6.0,20,0,6,2,7,2,0,5,0,15,10,2,2,2,25,20,40,6,4,7,16,4,8.0,0,0,5,20,0,2,1,2,2,4,1,1
35877,35892,3,pv_pt,1,0,1,25,20,25,6,4,6.0,20,0,6,2,7,2,0,5,0,15,10,2,2,2,25,20,40,6,4,7,16,4,8.0,0,0,5,20,0,2,1,2,2,4,1,1
35877,35893,3,pv_pt,1,1,1,25,25,22,2,2,1.75,20,20,6,7,2,7,5,5,5,5,0,0,3,2,25,25,27,11,14,2,2,2,1.75,0,5,5,20,20,3,1,2,2,4,1,1
35877,35893,2,pt,1,1,0,25,25,22,2,2,1.75,20,20,6,7,2,7,5,5,5,5,0,0,3,2,25,25,27,11,14,2,2,2,1.75,0,5,5,20,20,3,1,2,2,4,1,1
35877,35895,2,pt,1,1,1,25,20,25,6,0,6.0,20,20,0,12,2,12,0,15,10,15,5,4,1,3,25,20,40,10,24,2,11,0,10.0,0,0,15,20,20,4,3,1,1,2,1,2
35877,35895,1,pv,1,0,1,25,20,25,6,0,6.0,20,20,0,12,2,12,0,15,10,15,5,4,1,3,25,20,40,10,24,2,11,0,10.0,0,0,15,20,20,4,3,1,1,2,1,2
35877,35896,1,pv,1,1,1,30,20,23,6,2,4.5,20,0,12,2,12,12,10,5,0,10,0,2,1,3,30,20,33,12,14,12,6,2,6.5,0,10,5,20,0,5,3,1,1,2,1,2
35877,35896,2,pt,0,1,1,30,20,23,6,2,4.5,20,0,12,2,12,12,10,5,0,10,0,2,1,3,30,20,33,12,14,12,6,2,6.5,0,10,5,20,0,5,3,1,1,2,1,2
35877,35897,1,pv,1,1,1,25,25,22,4,2,3.5,0,20,6,7,7,7,5,10,0,10,0,2,2,2,25,25,32,6,14,7,4,2,5.5,0,5,10,0,20,6,3,1,1,2,1,2
35877,35897,3,pv_pt,0,1,1,25,25,22,4,2,3.5,0,20,6,7,7,7,5,10,0,10,0,2,2,2,25,25,32,6,14,7,4,2,5.5,0,5,10,0,20,6,3,1,1,2,1,2
35877,35899,3,pv_pt,1,1,1,30,25,23,6,2,4.5,0,10,6,12,2,7,10,15,5,10,5,4,2,2,30,25,33,11,19,2,11,2,8.5,0,10,15,0,10,7,3,2,1,1,2,1
35877,35899,1,pv,1,1,0,30,25,23,6,2,4.5,0,10,6,12,2,7,10,15,5,10,5,4,2,2,30,25,33,11,19,2,11,2,8.5,0,10,15,0,10,7,3,2,1,1,2,1
35877,35900,3,pv_pt,1,1,1,20,30,20,4,2,4.0,0,10,12,12,2,2,10,5,10,5,5,0,3,1,20,30,25,22,14,2,9,2,4.0,0,10,5,0,10,8,3,2,1,1,2,1
35877,35900,1,pv,1,1,0,20,30,20,4,2,4.0,0,10,12,12,2,2,10,5,10,5,5,0,3,1,20,30,25,22,14,2,9,2,4.0,0,10,5,0,10,8,3,2,1,1,2,1
35877,35901,3,pv_pt,1,1,1,20,30,20,6,0,6.0,10,0,0,2,12,12,10,10,10,10,10,0,1,2,20,30,30,10,14,12,16,0,6.0,0,10,10,10,0,9,3,2,1,1,2,1
35877,35901,1,pv,1,1,0,20,30,20,6,0,6.0,10,0,0,2,12,12,10,10,10,10,10,0,1,2,20,30,30,10,14,12,16,0,6.0,0,10,10,10,0,9,3,2,1,1,2,1
35968,35973,1,pv,1,1,1,30,30,30,4,0,4.0,20,20,0,12,12,2,10,10,5,5,10,4,2,1,30,30,35,5,14,12,14,0,8.0,0,10,10,20,20,1,3,1,1,2,1,2
35968,35973,3,pv_pt,0,1,1,30,30,30,4,0,4.0,20,20,0,12,12,2,10,10,5,5,10,4,2,1,30,30,35,5,14,12,14,0,8.0,0,10,10,20,20,1,3,1,1,2,1,2
35968,35974,1,pv,1,1,1,20,25,15,4,2,3.0,20,20,6,7,2,12,5,15,0,5,5,0,2,2,20,25,20,6,19,2,9,2,3.0,0,5,15,20,20,2,3,1,1,2,1,2
35968,35974,3,pv_pt,0,1,1,20,25,15,4,2,3.0,20,20,6,7,2,12,5,15,0,5,5,0,2,2,20,25,20,6,19,2,9,2,3.0,0,5,15,20,20,2,3,1,1,2,1,2
35968,35975,1,pv,1,1,1,20,25,18,2,0,1.75,0,0,12,2,7,12,0,15,5,5,5,4,2,1,20,25,23,17,14,7,7,0,5.75,0,0,15,0,0,3,3,1,1,2,1,2
35968,35975,3,pv_pt,0,1,1,20,25,18,2,0,1.75,0,0,12,2,7,12,0,15,5,5,5,4,2,1,20,25,23,17,14,7,7,0,5.75,0,0,15,0,0,3,3,1,1,2,1,2
35968,35977,2,pt,1,1,1,30,20,23,6,2,4.5,20,0,12,2,12,12,10,5,0,10,0,2,1,3,30,20,33,12,14,12,6,2,6.5,0,10,5,20,0,4,3,1,2,2,1,1
35968,35977,1,pv,1,0,1,30,20,23,6,2,4.5,20,0,12,2,12,12,10,5,0,10,0,2,1,3,30,20,33,12,14,12,6,2,6.5,0,10,5,20,0,4,3,1,2,2,1,1
35968,35978,2,pt,1,1,1,30,30,26,2,4,1.75,0,20,12,2,12,7,0,5,10,15,10,4,1,2,30,30,41,22,9,12,12,4,5.75,0,0,5,0,20,5,3,1,2,2,1,1
35968,35978,3,pv_pt,1,0,1,30,30,26,2,4,1.75,0,20,12,2,12,7,0,5,10,15,10,4,1,2,30,30,41,22,9,12,12,4,5.75,0,0,5,0,20,5,3,1,2,2,1,1
35968,35979,1,pv,1,1,1,20,20,15,2,2,1.5,20,10,6,7,2,12,10,5,5,15,5,4,3,1,20,20,30,11,19,2,7,2,5.5,0,10,5,20,10,6,3,1,2,2,1,1
35968,35979,3,pv_pt,0,1,1,20,20,15,2,2,1.5,20,10,6,7,2,12,10,5,5,15,5,4,3,1,20,20,30,11,19,2,7,2,5.5,0,10,5,20,10,6,3,1,2,2,1,1
35968,35981,3,pv_pt,1,1,1,30,25,23,6,4,4.5,0,10,6,7,2,12,5,5,10,15,0,0,2,1,30,25,38,16,19,2,6,4,4.5,0,5,5,0,10,7,2,2,2,2,1,2
35968,35981,1,pv,1,1,0,30,25,23,6,4,4.5,0,10,6,7,2,12,5,5,10,15,0,0,2,1,30,25,38,16,19,2,6,4,4.5,0,5,5,0,10,7,2,2,2,2,1,2
35968,35982,3,pv_pt,1,1,1,25,25,22,2,2,1.75,20,20,6,7,2,7,5,5,5,5,0,0,3,2,25,25,27,11,14,2,2,2,1.75,0,5,5,20,20,8,2,2,2,2,1,2
35968,35982,1,pv,1,1,0,25,25,22,2,2,1.75,20,20,6,7,2,7,5,5,5,5,0,0,3,2,25,25,27,11,14,2,2,2,1.75,0,5,5,20,20,8,2,2,2,2,1,2
35968,35983,1,pv,1,1,1,30,20,30,2,0,2.0,0,10,12,12,7,12,5,10,0,15,10,0,3,3,30,20,45,12,24,7,12,0,2.0,0,5,10,0,10,9,2,2,2,2,1,2
35968,35983,3,pv_pt,0,1,1,30,20,30,2,0,2.0,0,10,12,12,7,12,5,10,0,15,10,0,3,3,30,20,45,12,24,7,12,0,2.0,0,5,10,0,10,9,2,2,2,2,1,2
35971,36009,1,pv,1,1,1,20,25,15,4,2,3.0,20,20,6,7,2,12,5,15,0,5,5,0,2,2,20,25,20,6,19,2,9,2,3.0,0,5,15,20,20,1,3,2,2,3,1,1
35971,36009,2,pt,0,1,1,20,25,15,4,2,3.0,20,20,6,7,2,12,5,15,0,5,5,0,2,2,20,25,20,6,19,2,9,2,3.0,0,5,15,20,20,1,3,2,2,3,1,1
35971,36010,2,pt,1,1,1,20,30,20,4,2,4.0,0,10,12,12,2,2,10,5,10,5,5,0,3,1,20,30,25,22,14,2,9,2,4.0,0,10,5,0,10,2,3,2,2,3,1,1
35971,36010,3,pv_pt,1,0,1,20,30,20,4,2,4.0,0,10,12,12,2,2,10,5,10,5,5,0,3,1,20,30,25,22,14,2,9,2,4.0,0,10,5,0,10,2,3,2,2,3,1,1
35971,36011,1,pv,1,1,1,30,25,23,2,4,1.5,10,10,0,12,2,7,5,5,5,5,5,4,2,3,30,25,28,5,19,2,7,4,5.5,0,5,5,10,10,3,3,2,2,3,1,1
35971,36011,2,pt,0,1,1,30,25,23,2,4,1.5,10,10,0,12,2,7,5,5,5,5,5,4,2,3,30,25,28,5,19,2,7,4,5.5,0,5,5,10,10,3,3,2,2,3,1,1
35971,36013,2,pt,1,1,1,25,20,22,4,0,3.5,10,0,0,7,12,2,0,10,10,10,0,2,3,2,25,20,32,10,9,12,4,0,5.5,0,0,10,10,0,4,1,2,2,4,1,1
35971,36013,1,pv,1,0,1,25,20,22,4,0,3.5,10,0,0,7,12,2,0,10,10,10,0,2,3,2,25,20,32,10,9,12,4,0,5.5,0,0,10,10,0,4,1,2,2,4,1,1
35971,36014,2,pt,1,1,1,30,30,26,2,0,1.75,10,0,0,2,7,2,10,15,0,15,10,0,3,1,30,30,41,0,4,7,12,0,1.75,0,10,15,10,0,5,1,2,2,4,1,1
35971,36014,1,pv,1,0,1,30,30,26,2,0,1.75,10,0,0,2,7,2,10,15,0,15,10,0,3,1,30,30,41,0,4,7,12,0,1.75,0,10,15,10,0,5,1,2,2,4,1,1
35971,36015,2,pt,1,1,1,30,30,26,2,4,1.75,0,20,12,2,12,7,0,5,10,15,10,4,1,2,30,30,41,22,9,12,12,4,5.75,0,0,5,0,20,6,1,2,2,4,1,1
35971,36015,3,pv_pt,1,0,1,30,30,26,2,4,1.75,0,20,12,2,12,7,0,5,10,15,10,4,1,2,30,30,41,22,9,12,12,4,5.75,0,0,5,0,20,6,1,2,2,4,1,1
35971,36017,3,pv_pt,1,1,1,25,20,25,6,4,6.0,10,20,12,2,2,2,10,15,5,5,10,2,3,3,25,20,30,17,4,2,16,4,8.0,0,10,15,10,20,7,2,1,1,3,1,1
35971,36017,2,pt,1,1,0,25,20,25,6,4,6.0,10,20,12,2,2,2,10,15,5,5,10,2,3,3,25,20,30,17,4,2,16,4,8.0,0,10,15,10,20,7,2,1,1,3,1,1
35971,36018,2,pt,1,1,1,30,20,30,2,0,2.0,0,10,12,12,7,12,5,10,0,15,10,0,3,3,30,20,45,12,24,7,12,0,2.0,0,5,10,0,10,8,2,1,1,3,1,1
35971,36018,3,pv_pt,1,0,1,30,20,30,2,0,2.0,0,10,12,12,7,12,5,10,0,15,10,0,3,3,30,20,45,12,24,7,12,0,2.0,0,5,10,0,10,8,2,1,1,3,1,1
35971,36019,1,pv,1,1,1,30,25,23,6,4,4.5,0,10,6,7,2,12,5,5,10,15,0,0,2,1,30,25,38,16,19,2,6,4,4.5,0,5,5,0,10,9,2,1,1,3,1,1
35971,36019,3,pv_pt,0,1,1,30,25,23,6,4,4.5,0,10,6,7,2,12,5,5,10,15,0,0,2,1,30,25,38,16,19,2,6,4,4.5,0,5,5,0,10,9,2,1,1,3,1,1
36032,36035,3,pv_pt,1,1,1,30,30,26,2,4,1.75,0,20,12,2,12,7,0,5,10,15,10,4,1,2,30,30,41,22,9,12,12,4,5.75,0,0,5,0,20,1,1,1,1,2,2,1
36032,36035,1,pv,1,1,0,30,30,26,2,4,1.75,0,20,12,2,12,7,0,5,10,15,10,4,1,2,30,30,41,22,9,12,12,4,5.75,0,0,5,0,20,1,1,1,1,2,2,1
36032,36036,3,pv_pt,1,1,1,25,30,25,4,4,4.0,20,0,12,12,12,12,0,15,10,10,5,4,3,2,25,30,35,22,24,12,9,4,8.0,0,0,15,20,0,2,1,1,1,2,2,1
36032,36036,2,pt,1,1,0,25,30,25,4,4,4.0,20,0,12,12,12,12,0,15,10,10,5,4,3,2,25,30,35,22,24,12,9,4,8.0,0,0,15,20,0,2,1,1,1,2,2,1
36032,36037,2,pt,1,1,1,30,20,30,2,0,2.0,0,10,12,12,7,12,5,10,0,15,10,0,3,3,30,20,45,12,24,7,12,0,2.0,0,5,10,0,10,3,1,1,1,2,2,1
36032,36037,1,pv,1,0,1,30,20,30,2,0,2.0,0,10,12,12,7,12,5,10,0,15,10,0,3,3,30,20,45,12,24,7,12,0,2.0,0,5,10,0,10,3,1,1,1,2,2,1
36032,36039,1,pv,1,1,1,20,30,20,4,2,4.0,0,10,12,12,2,2,10,5,10,5,5,0,3,1,20,30,25,22,14,2,9,2,4.0,0,10,5,0,10,4,2,1,1,1,2,2
36032,36039,2,pt,0,1,1,20,30,20,4,2,4.0,0,10,12,12,2,2,10,5,10,5,5,0,3,1,20,30,25,22,14,2,9,2,4.0,0,10,5,0,10,4,2,1,1,1,2,2
36032,36040,3,pv_pt,1,1,1,25,20,25,6,0,6.0,20,20,0,12,2,12,0,15,10,15,5,4,1,3,25,20,40,10,24,2,11,0,10.0,0,0,15,20,20,5,2,1,1,1,2,2
36032,36040,1,pv,1,1,0,25,20,25,6,0,6.0,20,20,0,12,2,12,0,15,10,15,5,4,1,3,25,20,40,10,24,2,11,0,10.0,0,0,15,20,20,5,2,1,1,1,2,2
36032,36041,2,pt,1,1,1,25,20,25,6,4,6.0,10,20,12,2,2,2,10,15,5,5,10,2,3,3,25,20,30,17,4,2,16,4,8.0,0,10,15,10,20,6,2,1,1,1,2,2
36032,36041,3,pv_pt,1,0,1,25,20,25,6,4,6.0,10,20,12,2,2,2,10,15,5,5,10,2,3,3,25,20,30,17,4,2,16,4,8.0,0,10,15,10,20,6,2,1,1,1,2,2
36032,36043,1,pv,1,1,1,30,25,23,6,4,4.5,0,10,6,7,2,12,5,5,10,15,0,0,2,1,30,25,38,16,19,2,6,4,4.5,0,5,5,0,10,7,1,2,2,2,2,2
36032,36043,2,pt,0,1,1,30,25,23,6,4,4.5,0,10,6,7,2,12,5,5,10,15,0,0,2,1,30,25,38,16,19,2,6,4,4.5,0,5,5,0,10,7,1,2,2,2,2,2
36032,36044,1,pv,1,1,1,25,30,25,4,4,4.0,10,10,6,7,7,7,5,10,5,10,0,2,1,3,25,30,35,11,14,7,4,4,6.0,0,5,10,10,10,8,1,2,2,2,2,2
36032,36044,3,pv_pt,0,1,1,25,30,25,4,4,4.0,10,10,6,7,7,7,5,10,5,10,0,2,1,3,25,30,35,11,14,7,4,4,6.0,0,5,10,10,10,8,1,2,2,2,2,2
36032,36045,1,pv,1,1,1,20,30,18,6,0,5.25,10,0,12,12,7,2,0,10,0,15,5,4,1,1,20,30,33,12,14,7,11,0,9.25,0,0,10,10,0,9,1,2,2,2,2,2
36032,36045,2,pt,0,1,1,20,30,18,6,0,5.25,10,0,12,12,7,2,0,10,0,15,5,4,1,1,20,30,33,12,14,7,11,0,9.25,0,0,10,10,0,9,1,2,2,2,2,2
36058,36073,2,pt,1,1,1,25,20,25,6,4,6.0,20,0,6,2,7,2,0,5,0,15,10,2,2,2,25,20,40,6,4,7,16,4,8.0,0,0,5,20,0,1,2,1,1,1,2,2
36058,36073,3,pv_pt,1,0,1,25,20,25,6,4,6.0,20,0,6,2,7,2,0,5,0,15,10,2,2,2,25,20,40,6,4,7,16,4,8.0,0,0,5,20,0,1,2,1,1,1,2,2
36058,36074,2,pt,1,1,1,25,20,25,6,4,6.0,10,20,12,2,2,2,10,15,5,5,10,2,3,3,25,20,30,17,4,2,16,4,8.0,0,10,15,10,20,2,2,1,1,1,2,2
36058,36074,3,pv_pt,1,0,1,25,20,25,6,4,6.0,10,20,12,2,2,2,10,15,5,5,10,2,3,3,25,20,30,17,4,2,16,4,8.0,0,10,15,10,20,2,2,1,1,1,2,2
36058,36075,2,pt,1,1,1,25,30,25,4,4,4.0,20,0,12,12,12,12,0,15,10,10,5,4,3,2,25,30,35,22,24,12,9,4,8.0,0,0,15,20,0,3,2,1,1,1,2,2
36058,36075,3,pv_pt,1,0,1,25,30,25,4,4,4.0,20,0,12,12,12,12,0,15,10,10,5,4,3,2,25,30,35,22,24,12,9,4,8.0,0,0,15,20,0,3,2,1,1,1,2,2
36058,36077,2,pt,1,1,1,30,30,30,4,0,4.0,20,20,0,12,12,2,10,10,5,5,10,4,2,1,30,30,35,5,14,12,14,0,8.0,0,10,10,20,20,4,2,2,1,2,1,1
36058,36077,3,pv_pt,1,0,1,30,30,30,4,0,4.0,20,20,0,12,12,2,10,10,5,5,10,4,2,1,30,30,35,5,14,12,14,0,8.0,0,10,10,20,20,4,2,2,1,2,1,1
36058,36078,1,pv,1,1,1,25,25,22,2,2,1.75,20,20,6,7,2,7,5,5,5,5,0,0,3,2,25,25,27,11,14,2,2,2,1.75,0,5,5,20,20,5,2,2,1,2,1,1
36058,36078,3,pv_pt,0,1,1,25,25,22,2,2,1.75,20,20,6,7,2,7,5,5,5,5,0,0,3,2,25,25,27,11,14,2,2,2,1.75,0,5,5,20,20,5,2,2,1,2,1,1
36058,36079,2,pt,1,1,1,30,20,23,6,2,4.5,20,0,12,2,12,12,10,5,0,10,0,2,1,3,30,20,33,12,14,12,6,2,6.5,0,10,5,20,0,6,2,2,1,2,1,1
36058,36079,1,pv,1,0,1,30,20,23,6,2,4.5,20,0,12,2,12,12,10,5,0,10,0,2,1,3,30,20,33,12,14,12,6,2,6.5,0,10,5,20,0,6,2,2,1,2,1,1
36058,36081,2,pt,1,1,1,30,30,26,2,0,1.75,10,0,0,2,7,2,10,15,0,15,10,0,3,1,30,30,41,0,4,7,12,0,1.75,0,10,15,10,0,7,4,1,2,4,1,2
36058,36081,3,pv_pt,1,0,1,30,30,26,2,0,1.75,10,0,0,2,7,2,10,15,0,15,10,0,3,1,30,30,41,0,4,7,12,0,1.75,0,10,15,10,0,7,4,1,2,4,1,2
36058,36082,3,pv_pt,1,1,1,20,25,15,4,2,3.0,20,20,6,7,2,12,5,15,0,5,5,0,2,2,20,25,20,6,19,2,9,2,3.0,0,5,15,20,20,8,4,1,2,4,1,2
36058,36082,2,pt,1,1,0,20,25,15,4,2,3.0,20,20,6,7,2,12,5,15,0,5,5,0,2,2,20,25,20,6,19,2,9,2,3.0,0,5,15,20,20,8,4,1,2,4,1,2
36058,36083,1,pv,1,1,1,20,25,18,4,4,1.75,0,10,0,7,7,7,5,10,0,10,0,2,1,1,20,25,28,0,14,7,4,4,3.75,0,5,10,0,10,9,4,1,2,4,1,2
36058,36083,3,pv_pt,0,1,1,20,25,18,4,4,1.75,0,10,0,7,7,7,5,10,0,10,0,2,1,1,20,25,28,0,14,7,4,4,3.75,0,5,10,0,10,9,4,1,2,4,1,2
36059,36061,1,pv,1,1,1,20,30,20,4,2,4.0,0,10,12,12,2,2,10,5,10,5,5,0,3,1,20,30,25,22,14,2,9,2,4.0,0,10,5,0,10,1,3,1,2,2,1,1
36059,36061,2,pt,0,1,1,20,30,20,4,2,4.0,0,10,12,12,2,2,10,5,10,5,5,0,3,1,20,30,25,22,14,2,9,2,4.0,0,10,5,0,10,1,3,1,2,2,1,1
36059,36062,2,pt,1,1,1,30,30,26,2,4,1.75,0,20,12,2,12,7,0,5,10,15,10,4,1,2,30,30,41,22,9,12,12,4,5.75,0,0,5,0,20,2,3,1,2,2,1,1
36059,36062,1,pv,1,0,1,30,30,26,2,4,1.75,0,20,12,2,12,7,0,5,10,15,10,4,1,2,30,30,41,22,9,12,12,4,5.75,0,0,5,0,20,2,3,1,2,2,1,1
36059,36063,1,pv,1,1,1,30,20,23,6,2,4.5,20,0,12,2,12,12,10,5,0,10,0,2,1,3,30,20,33,12,14,12,6,2,6.5,0,10,5,20,0,3,3,1,2,2,1,1
36059,36063,2,pt,0,1,1,30,20,23,6,2,4.5,20,0,12,2,12,12,10,5,0,10,0,2,1,3,30,20,33,12,14,12,6,2,6.5,0,10,5,20,0,3,3,1,2,2,1,1
36059,36065,2,pt,1,1,1,25,25,22,2,4,1.75,10,0,6,12,12,2,10,15,10,15,10,0,1,3,25,25,37,16,14,12,12,4,1.75,0,10,15,10,0,4,3,2,1,1,2,1
36059,36065,1,pv,1,0,1,25,25,22,2,4,1.75,10,0,6,12,12,2,10,15,10,15,10,0,1,3,25,25,37,16,14,12,12,4,1.75,0,10,15,10,0,4,3,2,1,1,2,1
36059,36066,1,pv,1,1,1,25,20,25,6,0,6.0,20,20,0,12,2,12,0,15,10,15,5,4,1,3,25,20,40,10,24,2,11,0,10.0,0,0,15,20,20,5,3,2,1,1,2,1
36059,36066,2,pt,0,1,1,25,20,25,6,0,6.0,20,20,0,12,2,12,0,15,10,15,5,4,1,3,25,20,40,10,24,2,11,0,10.0,0,0,15,20,20,5,3,2,1,1,2,1
36059,36067,2,pt,1,1,1,20,30,20,6,0,6.0,10,0,0,2,12,12,10,10,10,10,10,0,1,2,20,30,30,10,14,12,16,0,6.0,0,10,10,10,0,6,3,2,1,1,2,1
36059,36067,1,pv,1,0,1,20,30,20,6,0,6.0,10,0,0,2,12,12,10,10,10,10,10,0,1,2,20,30,30,10,14,12,16,0,6.0,0,10,10,10,0,6,3,2,1,1,2,1
36059,36069,2,pt,1,1,1,25,20,25,6,4,6.0,20,0,6,2,7,2,0,5,0,15,10,2,2,2,25,20,40,6,4,7,16,4,8.0,0,0,5,20,0,7,1,1,2,1,1,2
36059,36069,1,pv,1,0,1,25,20,25,6,4,6.0,20,0,6,2,7,2,0,5,0,15,10,2,2,2,25,20,40,6,4,7,16,4,8.0,0,0,5,20,0,7,1,1,2,1,1,2
36059,36070,1,pv,1,1,1,25,25,22,2,2,1.75,20,20,6,7,2,7,5,5,5,5,0,0,3,2,25,25,27,11,14,2,2,2,1.75,0,5,5,20,20,8,1,1,2,1,1,2
36059,36070,2,pt,0,1,1,25,25,22,2,2,1.75,20,20,6,7,2,7,5,5,5,5,0,0,3,2,25,25,27,11,14,2,2,2,1.75,0,5,5,20,20,8,1,1,2,1,1,2
36059,36071,1,pv,1,1,1,25,25,22,4,2,3.5,0,20,6,7,7,7,5,10,0,10,0,2,2,2,25,25,32,6,14,7,4,2,5.5,0,5,10,0,20,9,1,1,2,1,1,2
36059,36071,2,pt,0,1,1,25,25,22,4,2,3.5,0,20,6,7,7,7,5,10,0,10,0,2,2,2,25,25,32,6,14,7,4,2,5.5,0,5,10,0,20,9,1,1,2,1,1,2
36111,36113,1,pv,1,1,1,25,20,25,6,0,6.0,20,20,0,12,2,12,0,15,10,15,5,4,1,3,25,20,40,10,24,2,11,0,10.0,0,0,15,20,20,1,2,1,2,4,2,2
36111,36113,2,pt,0,1,1,25,20,25,6,0,6.0,20,20,0,12,2,12,0,15,10,15,5,4,1,3,25,20,40,10,24,2,11,0,10.0,0,0,15,20,20,1,2,1,2,4,2,2
36111,36114,1,pv,1,1,1,25,20,25,6,4,6.0,10,20,12,2,2,2,10,15,5,5,10,2,3,3,25,20,30,17,4,2,16,4,8.0,0,10,15,10,20,2,2,1,2,4,2,2
36111,36114,2,pt,0,1,1,25,20,25,6,4,6.0,10,20,12,2,2,2,10,15,5,5,10,2,3,3,25,20,30,17,4,2,16,4,8.0,0,10,15,10,20,2,2,1,2,4,2,2
36111,36115,1,pv,1,1,1,20,30,20,6,0,6.0,10,0,0,2,12,12,10,10,10,10,10,0,1,2,20,30,30,10,14,12,16,0,6.0,0,10,10,10,0,3,2,1,2,4,2,2
36111,36115,3,pv_pt,0,1,1,20,30,20,6,0,6.0,10,0,0,2,12,12,10,10,10,10,10,0,1,2,20,30,30,10,14,12,16,0,6.0,0,10,10,10,0,3,2,1,2,4,2,2
36111,36118,1,pv,1,1,1,25,25,22,4,2,3.5,0,20,6,7,7,7,5,10,0,10,0,2,2,2,25,25,32,6,14,7,4,2,5.5,0,5,10,0,20,4,1,2,1,1,1,1
36111,36118,3,pv_pt,0,1,1,25,25,22,4,2,3.5,0,20,6,7,7,7,5,10,0,10,0,2,2,2,25,25,32,6,14,7,4,2,5.5,0,5,10,0,20,4,1,2,1,1,1,1
36111,36120,1,pv,1,1,1,20,25,18,4,4,1.75,0,10,0,7,7,7,5,10,0,10,0,2,1,1,20,25,28,0,14,7,4,4,3.75,0,5,10,0,10,5,1,2,1,1,1,1
36111,36120,3,pv_pt,0,1,1,20,25,18,4,4,1.75,0,10,0,7,7,7,5,10,0,10,0,2,1,1,20,25,28,0,14,7,4,4,3.75,0,5,10,0,10,5,1,2,1,1,1,1
36111,36122,1,pv,1,1,1,30,25,23,6,2,4.5,0,10,6,12,2,7,10,15,5,10,5,4,2,2,30,25,33,11,19,2,11,2,8.5,0,10,15,0,10,6,1,2,1,1,1,1
36111,36122,3,pv_pt,0,1,1,30,25,23,6,2,4.5,0,10,6,12,2,7,10,15,5,10,5,4,2,2,30,25,33,11,19,2,11,2,8.5,0,10,15,0,10,6,1,2,1,1,1,1
36111,36125,1,pv,1,1,1,25,30,25,4,4,4.0,10,10,6,7,7,7,5,10,5,10,0,2,1,3,25,30,35,11,14,7,4,4,6.0,0,5,10,10,10,7,4,2,2,2,2,1
36111,36125,3,pv_pt,0,1,1,25,30,25,4,4,4.0,10,10,6,7,7,7,5,10,5,10,0,2,1,3,25,30,35,11,14,7,4,4,6.0,0,5,10,10,10,7,4,2,2,2,2,1
36111,36128,1,pv,1,1,1,20,25,15,4,2,3.0,20,20,6,7,2,12,5,15,0,5,5,0,2,2,20,25,20,6,19,2,9,2,3.0,0,5,15,20,20,8,4,2,2,2,2,1
36111,36128,3,pv_pt,0,1,1,20,25,15,4,2,3.0,20,20,6,7,2,12,5,15,0,5,5,0,2,2,20,25,20,6,19,2,9,2,3.0,0,5,15,20,20,8,4,2,2,2,2,1
36111,36130,1,pv,1,1,1,30,25,23,2,4,1.5,10,10,0,12,2,7,5,5,5,5,5,4,2,3,30,25,28,5,19,2,7,4,5.5,0,5,5,10,10,9,4,2,2,2,2,1
36111,36130,3,pv_pt,0,1,1,30,25,23,2,4,1.5,10,10,0,12,2,7,5,5,5,5,5,4,2,3,30,25,28,5,19,2,7,4,5.5,0,5,5,10,10,9,4,2,2,2,2,1
36136,36138,3,pv_pt,1,1,1,20,25,15,4,2,3.0,20,20,6,7,2,12,5,15,0,5,5,0,2,2,20,25,20,6,19,2,9,2,3.0,0,5,15,20,20,1,1,1,2,3,2,2
36136,36138,1,pv,1,1,0,20,25,15,4,2,3.0,20,20,6,7,2,12,5,15,0,5,5,0,2,2,20,25,20,6,19,2,9,2,3.0,0,5,15,20,20,1,1,1,2,3,2,2
36136,36139,3,pv_pt,1,1,1,20,20,15,2,2,1.5,20,10,6,7,2,12,10,5,5,15,5,4,3,1,20,20,30,11,19,2,7,2,5.5,0,10,5,20,10,2,1,1,2,3,2,2
36136,36139,1,pv,1,1,0,20,20,15,2,2,1.5,20,10,6,7,2,12,10,5,5,15,5,4,3,1,20,20,30,11,19,2,7,2,5.5,0,10,5,20,10,2,1,1,2,3,2,2
36136,36140,1,pv,1,1,1,30,30,30,4,0,4.0,20,20,0,12,12,2,10,10,5,5,10,4,2,1,30,30,35,5,14,12,14,0,8.0,0,10,10,20,20,3,1,1,2,3,2,2
36136,36140,3,pv_pt,0,1,1,30,30,30,4,0,4.0,20,20,0,12,12,2,10,10,5,5,10,4,2,1,30,30,35,5,14,12,14,0,8.0,0,10,10,20,20,3,1,1,2,3,2,2
36136,36142,1,pv,1,1,1,20,30,15,6,2,4.5,0,20,0,2,12,7,0,5,0,5,10,2,3,3,20,30,20,0,9,12,16,2,6.5,0,0,5,0,20,4,2,1,1,1,2,2
36136,36142,2,pt,0,1,1,20,30,15,6,2,4.5,0,20,0,2,12,7,0,5,0,5,10,2,3,3,20,30,20,0,9,12,16,2,6.5,0,0,5,0,20,4,2,1,1,1,2,2
36136,36143,1,pv,1,1,1,25,30,25,4,4,4.0,10,10,6,7,7,7,5,10,5,10,0,2,1,3,25,30,35,11,14,7,4,4,6.0,0,5,10,10,10,5,2,1,1,1,2,2
36136,36143,3,pv_pt,0,1,1,25,30,25,4,4,4.0,10,10,6,7,7,7,5,10,5,10,0,2,1,3,25,30,35,11,14,7,4,4,6.0,0,5,10,10,10,5,2,1,1,1,2,2
36136,36144,1,pv,1,1,1,25,25,22,4,2,3.5,0,20,6,7,7,7,5,10,0,10,0,2,2,2,25,25,32,6,14,7,4,2,5.5,0,5,10,0,20,6,2,1,1,1,2,2
36136,36144,3,pv_pt,0,1,1,25,25,22,4,2,3.5,0,20,6,7,7,7,5,10,0,10,0,2,2,2,25,25,32,6,14,7,4,2,5.5,0,5,10,0,20,6,2,1,1,1,2,2
36136,36146,1,pv,1,1,1,20,25,18,2,0,1.75,0,0,12,2,7,12,0,15,5,5,5,4,2,1,20,25,23,17,14,7,7,0,5.75,0,0,15,0,0,7,3,2,1,1,2,1
36136,36146,3,pv_pt,0,1,1,20,25,18,2,0,1.75,0,0,12,2,7,12,0,15,5,5,5,4,2,1,20,25,23,17,14,7,7,0,5.75,0,0,15,0,0,7,3,2,1,1,2,1
36136,36147,1,pv,1,1,1,30,20,30,2,0,2.0,0,10,12,12,7,12,5,10,0,15,10,0,3,3,30,20,45,12,24,7,12,0,2.0,0,5,10,0,10,8,3,2,1,1,2,1
36136,36147,3,pv_pt,0,1,1,30,20,30,2,0,2.0,0,10,12,12,7,12,5,10,0,15,10,0,3,3,30,20,45,12,24,7,12,0,2.0,0,5,10,0,10,8,3,2,1,1,2,1
36136,36148,3,pv_pt,1,1,1,30,25,23,6,2,4.5,0,10,6,12,2,7,10,15,5,10,5,4,2,2,30,25,33,11,19,2,11,2,8.5,0,10,15,0,10,9,3,2,1,1,2,1
36136,36148,1,pv,1,1,0,30,25,23,6,2,4.5,0,10,6,12,2,7,10,15,5,10,5,4,2,2,30,25,33,11,19,2,11,2,8.5,0,10,15,0,10,9,3,2,1,1,2,1
36228,36230,1,pv,1,1,1,30,25,23,6,2,4.5,0,10,6,12,2,7,10,15,5,10,5,4,2,2,30,25,33,11,19,2,11,2,8.5,0,10,15,0,10,1,4,1,1,4,1,1
36228,36230,3,pv_pt,0,1,1,30,25,23,6,2,4.5,0,10,6,12,2,7,10,15,5,10,5,4,2,2,30,25,33,11,19,2,11,2,8.5,0,10,15,0,10,1,4,1,1,4,1,1
36228,36231,1,pv,1,1,1,30,25,23,2,4,1.5,10,10,0,12,2,7,5,5,5,5,5,4,2,3,30,25,28,5,19,2,7,4,5.5,0,5,5,10,10,2,4,1,1,4,1,1
36228,36231,3,pv_pt,0,1,1,30,25,23,2,4,1.5,10,10,0,12,2,7,5,5,5,5,5,4,2,3,30,25,28,5,19,2,7,4,5.5,0,5,5,10,10,2,4,1,1,4,1,1
36228,36232,2,pt,1,1,1,20,30,20,4,2,4.0,0,10,12,12,2,2,10,5,10,5,5,0,3,1,20,30,25,22,14,2,9,2,4.0,0,10,5,0,10,3,4,1,1,4,1,1
36228,36232,3,pv_pt,1,0,1,20,30,20,4,2,4.0,0,10,12,12,2,2,10,5,10,5,5,0,3,1,20,30,25,22,14,2,9,2,4.0,0,10,5,0,10,3,4,1,1,4,1,1
36228,36234,1,pv,1,1,1,30,30,30,4,0,4.0,20,20,0,12,12,2,10,10,5,5,10,4,2,1,30,30,35,5,14,12,14,0,8.0,0,10,10,20,20,4,1,2,2,2,2,2
36228,36234,2,pt,0,1,1,30,30,30,4,0,4.0,20,20,0,12,12,2,10,10,5,5,10,4,2,1,30,30,35,5,14,12,14,0,8.0,0,10,10,20,20,4,1,2,2,2,2,2
36228,36235,2,pt,1,1,1,20,30,15,6,2,4.5,0,20,0,2,12,7,0,5,0,5,10,2,3,3,20,30,20,0,9,12,16,2,6.5,0,0,5,0,20,5,1,2,2,2,2,2
36228,36235,1,pv,1,0,1,20,30,15,6,2,4.5,0,20,0,2,12,7,0,5,0,5,10,2,3,3,20,30,20,0,9,12,16,2,6.5,0,0,5,0,20,5,1,2,2,2,2,2
36228,36236,1,pv,1,1,1,25,25,22,2,4,1.75,10,0,6,12,12,2,10,15,10,15,10,0,1,3,25,25,37,16,14,12,12,4,1.75,0,10,15,10,0,6,1,2,2,2,2,2
36228,36236,2,pt,0,1,1,25,25,22,2,4,1.75,10,0,6,12,12,2,10,15,10,15,10,0,1,3,25,25,37,16,14,12,12,4,1.75,0,10,15,10,0,6,1,2,2,2,2,2
36228,36238,2,pt,1,1,1,25,20,25,6,4,6.0,10,20,12,2,2,2,10,15,5,5,10,2,3,3,25,20,30,17,4,2,16,4,8.0,0,10,15,10,20,7,3,2,1,4,2,2
36228,36238,3,pv_pt,1,0,1,25,20,25,6,4,6.0,10,20,12,2,2,2,10,15,5,5,10,2,3,3,25,20,30,17,4,2,16,4,8.0,0,10,15,10,20,7,3,2,1,4,2,2
36228,36239,2,pt,1,1,1,30,20,23,4,0,3.0,20,20,12,2,12,2,0,15,10,5,0,0,1,1,30,20,28,22,4,12,4,0,3.0,0,0,15,20,20,8,3,2,1,4,2,2
36228,36239,3,pv_pt,1,0,1,30,20,23,4,0,3.0,20,20,12,2,12,2,0,15,10,5,0,0,1,1,30,20,28,22,4,12,4,0,3.0,0,0,15,20,20,8,3,2,1,4,2,2
36228,36240,3,pv_pt,1,1,1,20,25,18,2,0,1.75,0,0,12,2,7,12,0,15,5,5,5,4,2,1,20,25,23,17,14,7,7,0,5.75,0,0,15,0,0,9,3,2,1,4,2,2
36228,36240,2,pt,1,1,0,20,25,18,2,0,1.75,0,0,12,2,7,12,0,15,5,5,5,4,2,1,20,25,23,17,14,7,7,0,5.75,0,0,15,0,0,9,3,2,1,4,2,2
36255,36257,1,pv,1,1,1,30,25,23,6,4,4.5,0,10,6,7,2,12,5,5,10,15,0,0,2,1,30,25,38,16,19,2,6,4,4.5,0,5,5,0,10,1,1,1,2,1,1,2
36255,36257,3,pv_pt,0,1,1,30,25,23,6,4,4.5,0,10,6,7,2,12,5,5,10,15,0,0,2,1,30,25,38,16,19,2,6,4,4.5,0,5,5,0,10,1,1,1,2,1,1,2
36255,36258,1,pv,1,1,1,25,25,22,4,2,3.5,0,20,6,7,7,7,5,10,0,10,0,2,2,2,25,25,32,6,14,7,4,2,5.5,0,5,10,0,20,2,1,1,2,1,1,2
36255,36258,2,pt,0,1,1,25,25,22,4,2,3.5,0,20,6,7,7,7,5,10,0,10,0,2,2,2,25,25,32,6,14,7,4,2,5.5,0,5,10,0,20,2,1,1,2,1,1,2
36255,36259,1,pv,1,1,1,20,25,18,4,4,1.75,0,10,0,7,7,7,5,10,0,10,0,2,1,1,20,25,28,0,14,7,4,4,3.75,0,5,10,0,10,3,1,1,2,1,1,2
36255,36259,2,pt,0,1,1,20,25,18,4,4,1.75,0,10,0,7,7,7,5,10,0,10,0,2,1,1,20,25,28,0,14,7,4,4,3.75,0,5,10,0,10,3,1,1,2,1,1,2
36255,36261,3,pv_pt,1,1,1,20,30,20,4,2,4.0,0,10,12,12,2,2,10,5,10,5,5,0,3,1,20,30,25,22,14,2,9,2,4.0,0,10,5,0,10,4,2,2,1,4,2,1
36255,36261,1,pv,1,1,0,20,30,20,4,2,4.0,0,10,12,12,2,2,10,5,10,5,5,0,3,1,20,30,25,22,14,2,9,2,4.0,0,10,5,0,10,4,2,2,1,4,2,1
36255,36262,2,pt,1,1,1,25,20,25,6,0,6.0,20,20,0,12,2,12,0,15,10,15,5,4,1,3,25,20,40,10,24,2,11,0,10.0,0,0,15,20,20,5,2,2,1,4,2,1
36255,36262,1,pv,1,0,1,25,20,25,6,0,6.0,20,20,0,12,2,12,0,15,10,15,5,4,1,3,25,20,40,10,24,2,11,0,10.0,0,0,15,20,20,5,2,2,1,4,2,1
36255,36263,1,pv,1,1,1,20,25,18,2,2,1.75,10,10,0,7,7,7,5,10,5,10,0,2,2,3,20,25,28,5,14,7,2,2,3.75,0,5,10,10,10,6,2,2,1,4,2,1
36255,36263,2,pt,0,1,1,20,25,18,2,2,1.75,10,10,0,7,7,7,5,10,5,10,0,2,2,3,20,25,28,5,14,7,2,2,3.75,0,5,10,10,10,6,2,2,1,4,2,1
36255,36265,2,pt,1,1,1,25,25,22,2,4,1.75,10,0,6,12,12,2,10,15,10,15,10,0,1,3,25,25,37,16,14,12,12,4,1.75,0,10,15,10,0,7,4,2,1,1,1,2
36255,36265,1,pv,1,0,1,25,25,22,2,4,1.75,10,0,6,12,12,2,10,15,10,15,10,0,1,3,25,25,37,16,14,12,12,4,1.75,0,10,15,10,0,7,4,2,1,1,1,2
36255,36266,1,pv,1,1,1,30,20,23,6,2,4.5,20,0,12,2,12,12,10,5,0,10,0,2,1,3,30,20,33,12,14,12,6,2,6.5,0,10,5,20,0,8,4,2,1,1,1,2
36255,36266,2,pt,0,1,1,30,20,23,6,2,4.5,20,0,12,2,12,12,10,5,0,10,0,2,1,3,30,20,33,12,14,12,6,2,6.5,0,10,5,20,0,8,4,2,1,1,1,2
36255,36267,1,pv,1,1,1,20,20,15,2,2,1.5,20,10,6,7,2,12,10,5,5,15,5,4,3,1,20,20,30,11,19,2,7,2,5.5,0,10,5,20,10,9,4,2,1,1,1,2
36255,36267,3,pv_pt,0,1,1,20,20,15,2,2,1.5,20,10,6,7,2,12,10,5,5,15,5,4,3,1,20,20,30,11,19,2,7,2,5.5,0,10,5,20,10,9,4,2,1,1,1,2
36306,36308,1,pv,1,1,1,25,25,22,2,2,1.75,20,20,6,7,2,7,5,5,5,5,0,0,3,2,25,25,27,11,14,2,2,2,1.75,0,5,5,20,20,1,1,1,2,3,2,2
36306,36308,3,pv_pt,0,1,1,25,25,22,2,2,1.75,20,20,6,7,2,7,5,5,5,5,0,0,3,2,25,25,27,11,14,2,2,2,1.75,0,5,5,20,20,1,1,1,2,3,2,2
36306,36309,1,pv,1,1,1,20,30,20,4,2,4.0,0,10,12,12,2,2,10,5,10,5,5,0,3,1,20,30,25,22,14,2,9,2,4.0,0,10,5,0,10,2,1,1,2,3,2,2
36306,36309,3,pv_pt,0,1,1,20,30,20,4,2,4.0,0,10,12,12,2,2,10,5,10,5,5,0,3,1,20,30,25,22,14,2,9,2,4.0,0,10,5,0,10,2,1,1,2,3,2,2
36306,36310,3,pv_pt,1,1,1,30,30,26,2,4,1.75,0,20,12,2,12,7,0,5,10,15,10,4,1,2,30,30,41,22,9,12,12,4,5.75,0,0,5,0,20,3,1,1,2,3,2,2
36306,36310,1,pv,1,1,0,30,30,26,2,4,1.75,0,20,12,2,12,7,0,5,10,15,10,4,1,2,30,30,41,22,9,12,12,4,5.75,0,0,5,0,20,3,1,1,2,3,2,2
36306,36312,3,pv_pt,1,1,1,20,25,15,4,2,3.0,20,20,6,7,2,12,5,15,0,5,5,0,2,2,20,25,20,6,19,2,9,2,3.0,0,5,15,20,20,4,2,2,2,3,1,2
36306,36312,1,pv,1,1,0,20,25,15,4,2,3.0,20,20,6,7,2,12,5,15,0,5,5,0,2,2,20,25,20,6,19,2,9,2,3.0,0,5,15,20,20,4,2,2,2,3,1,2
36306,36313,2,pt,1,1,1,25,30,25,4,4,4.0,20,0,12,12,12,12,0,15,10,10,5,4,3,2,25,30,35,22,24,12,9,4,8.0,0,0,15,20,0,5,2,2,2,3,1,2
36306,36313,3,pv_pt,1,0,1,25,30,25,4,4,4.0,20,0,12,12,12,12,0,15,10,10,5,4,3,2,25,30,35,22,24,12,9,4,8.0,0,0,15,20,0,5,2,2,2,3,1,2
36306,36314,3,pv_pt,1,1,1,25,20,25,6,4,6.0,10,20,12,2,2,2,10,15,5,5,10,2,3,3,25,20,30,17,4,2,16,4,8.0,0,10,15,10,20,6,2,2,2,3,1,2
36306,36314,2,pt,1,1,0,25,20,25,6,4,6.0,10,20,12,2,2,2,10,15,5,5,10,2,3,3,25,20,30,17,4,2,16,4,8.0,0,10,15,10,20,6,2,2,2,3,1,2
36306,36316,1,pv,1,1,1,25,20,25,6,0,6.0,20,20,0,12,2,12,0,15,10,15,5,4,1,3,25,20,40,10,24,2,11,0,10.0,0,0,15,20,20,7,1,2,2,2,2,2
36306,36316,2,pt,0,1,1,25,20,25,6,0,6.0,20,20,0,12,2,12,0,15,10,15,5,4,1,3,25,20,40,10,24,2,11,0,10.0,0,0,15,20,20,7,1,2,2,2,2,2
36306,36317,1,pv,1,1,1,30,25,23,6,2,4.5,0,10,6,12,2,7,10,15,5,10,5,4,2,2,30,25,33,11,19,2,11,2,8.5,0,10,15,0,10,8,1,2,2,2,2,2
36306,36317,2,pt,0,1,1,30,25,23,6,2,4.5,0,10,6,12,2,7,10,15,5,10,5,4,2,2,30,25,33,11,19,2,11,2,8.5,0,10,15,0,10,8,1,2,2,2,2,2
36306,36318,1,pv,1,1,1,25,25,22,4,2,3.5,0,20,6,7,7,7,5,10,0,10,0,2,2,2,25,25,32,6,14,7,4,2,5.5,0,5,10,0,20,9,1,2,2,2,2,2
36306,36318,3,pv_pt,0,1,1,25,25,22,4,2,3.5,0,20,6,7,7,7,5,10,0,10,0,2,2,2,25,25,32,6,14,7,4,2,5.5,0,5,10,0,20,9,1,2,2,2,2,2
36319,36321,1,pv,1,1,1,25,30,25,4,4,4.0,20,0,12,12,12,12,0,15,10,10,5,4,3,2,25,30,35,22,24,12,9,4,8.0,0,0,15,20,0,1,2,1,1,1,2,2
36319,36321,2,pt,0,1,1,25,30,25,4,4,4.0,20,0,12,12,12,12,0,15,10,10,5,4,3,2,25,30,35,22,24,12,9,4,8.0,0,0,15,20,0,1,2,1,1,1,2,2
36319,36322,1,pv,1,1,1,25,20,25,6,4,6.0,20,0,6,2,7,2,0,5,0,15,10,2,2,2,25,20,40,6,4,7,16,4,8.0,0,0,5,20,0,2,2,1,1,1,2,2
36319,36322,2,pt,0,1,1,25,20,25,6,4,6.0,20,0,6,2,7,2,0,5,0,15,10,2,2,2,25,20,40,6,4,7,16,4,8.0,0,0,5,20,0,2,2,1,1,1,2,2
36319,36323,2,pt,1,1,1,20,30,18,6,0,5.25,10,0,12,12,7,2,0,10,0,15,5,4,1,1,20,30,33,12,14,7,11,0,9.25,0,0,10,10,0,3,2,1,1,1,2,2
36319,36323,1,pv,1,0,1,20,30,18,6,0,5.25,10,0,12,12,7,2,0,10,0,15,5,4,1,1,20,30,33,12,14,7,11,0,9.25,0,0,10,10,0,3,2,1,1,1,2,2
36319,36325,1,pv,1,1,1,30,25,23,6,4,4.5,0,10,6,7,2,12,5,5,10,15,0,0,2,1,30,25,38,16,19,2,6,4,4.5,0,5,5,0,10,4,3,1,2,2,1,1
36319,36325,2,pt,0,1,1,30,25,23,6,4,4.5,0,10,6,7,2,12,5,5,10,15,0,0,2,1,30,25,38,16,19,2,6,4,4.5,0,5,5,0,10,4,3,1,2,2,1,1
36319,36326,1,pv,1,1,1,20,20,15,2,2,1.5,20,10,6,7,2,12,10,5,5,15,5,4,3,1,20,20,30,11,19,2,7,2,5.5,0,10,5,20,10,5,3,1,2,2,1,1
36319,36326,2,pt,0,1,1,20,20,15,2,2,1.5,20,10,6,7,2,12,10,5,5,15,5,4,3,1,20,20,30,11,19,2,7,2,5.5,0,10,5,20,10,5,3,1,2,2,1,1
36319,36327,1,pv,1,1,1,25,30,25,4,4,4.0,10,10,6,7,7,7,5,10,5,10,0,2,1,3,25,30,35,11,14,7,4,4,6.0,0,5,10,10,10,6,3,1,2,2,1,1
36319,36327,2,pt,0,1,1,25,30,25,4,4,4.0,10,10,6,7,7,7,5,10,5,10,0,2,1,3,25,30,35,11,14,7,4,4,6.0,0,5,10,10,10,6,3,1,2,2,1,1
36319,36329,1,pv,1,1,1,25,20,25,6,0,6.0,20,20,0,12,2,12,0,15,10,15,5,4,1,3,25,20,40,10,24,2,11,0,10.0,0,0,15,20,20,7,3,1,2,4,2,1
36319,36329,2,pt,0,1,1,25,20,25,6,0,6.0,20,20,0,12,2,12,0,15,10,15,5,4,1,3,25,20,40,10,24,2,11,0,10.0,0,0,15,20,20,7,3,1,2,4,2,1
36319,36330,2,pt,1,1,1,20,25,18,2,0,1.75,0,0,12,2,7,12,0,15,5,5,5,4,2,1,20,25,23,17,14,7,7,0,5.75,0,0,15,0,0,8,3,1,2,4,2,1
36319,36330,1,pv,1,0,1,20,25,18,2,0,1.75,0,0,12,2,7,12,0,15,5,5,5,4,2,1,20,25,23,17,14,7,7,0,5.75,0,0,15,0,0,8,3,1,2,4,2,1
36319,36331,1,pv,1,1,1,25,25,22,2,2,1.75,20,20,6,7,2,7,5,5,5,5,0,0,3,2,25,25,27,11,14,2,2,2,1.75,0,5,5,20,20,9,3,1,2,4,2,1
36319,36331,3,pv_pt,0,1,1,25,25,22,2,2,1.75,20,20,6,7,2,7,5,5,5,5,0,0,3,2,25,25,27,11,14,2,2,2,1.75,0,5,5,20,20,9,3,1,2,4,2,1
36358,36360,1,pv,1,1,1,25,25,22,4,2,3.5,0,20,6,7,7,7,5,10,0,10,0,2,2,2,25,25,32,6,14,7,4,2,5.5,0,5,10,0,20,1,4,2,1,3,2,2
36358,36360,3,pv_pt,0,1,1,25,25,22,4,2,3.5,0,20,6,7,7,7,5,10,0,10,0,2,2,2,25,25,32,6,14,7,4,2,5.5,0,5,10,0,20,1,4,2,1,3,2,2
36358,36361,1,pv,1,1,1,25,20,25,6,0,6.0,20,20,0,12,2,12,0,15,10,15,5,4,1,3,25,20,40,10,24,2,11,0,10.0,0,0,15,20,20,2,4,2,1,3,2,2
36358,36361,3,pv_pt,0,1,1,25,20,25,6,0,6.0,20,20,0,12,2,12,0,15,10,15,5,4,1,3,25,20,40,10,24,2,11,0,10.0,0,0,15,20,20,2,4,2,1,3,2,2
36358,36362,3,pv_pt,1,1,1,20,30,20,4,2,4.0,0,10,12,12,2,2,10,5,10,5,5,0,3,1,20,30,25,22,14,2,9,2,4.0,0,10,5,0,10,3,4,2,1,3,2,2
36358,36362,2,pt,1,1,0,20,30,20,4,2,4.0,0,10,12,12,2,2,10,5,10,5,5,0,3,1,20,30,25,22,14,2,9,2,4.0,0,10,5,0,10,3,4,2,1,3,2,2
36358,36364,2,pt,1,1,1,30,20,23,4,0,3.0,20,20,12,2,12,2,0,15,10,5,0,0,1,1,30,20,28,22,4,12,4,0,3.0,0,0,15,20,20,4,4,2,2,3,2,1
36358,36364,3,pv_pt,1,0,1,30,20,23,4,0,3.0,20,20,12,2,12,2,0,15,10,5,0,0,1,1,30,20,28,22,4,12,4,0,3.0,0,0,15,20,20,4,4,2,2,3,2,1
36358,36365,3,pv_pt,1,1,1,20,20,15,2,2,1.5,20,10,6,7,2,12,10,5,5,15,5,4,3,1,20,20,30,11,19,2,7,2,5.5,0,10,5,20,10,5,4,2,2,3,2,1
36358,36365,1,pv,1,1,0,20,20,15,2,2,1.5,20,10,6,7,2,12,10,5,5,15,5,4,3,1,20,20,30,11,19,2,7,2,5.5,0,10,5,20,10,5,4,2,2,3,2,1
36358,36366,1,pv,1,1,1,30,25,23,2,4,1.5,10,10,0,12,2,7,5,5,5,5,5,4,2,3,30,25,28,5,19,2,7,4,5.5,0,5,5,10,10,6,4,2,2,3,2,1
36358,36366,3,pv_pt,0,1,1,30,25,23,2,4,1.5,10,10,0,12,2,7,5,5,5,5,5,4,2,3,30,25,28,5,19,2,7,4,5.5,0,5,5,10,10,6,4,2,2,3,2,1
36358,36368,2,pt,1,1,1,20,30,20,6,0,6.0,10,0,0,2,12,12,10,10,10,10,10,0,1,2,20,30,30,10,14,12,16,0,6.0,0,10,10,10,0,7,3,2,2,3,1,1
36358,36368,1,pv,1,0,1,20,30,20,6,0,6.0,10,0,0,2,12,12,10,10,10,10,10,0,1,2,20,30,30,10,14,12,16,0,6.0,0,10,10,10,0,7,3,2,2,3,1,1
36358,36369,2,pt,1,1,1,20,30,15,6,2,4.5,0,20,0,2,12,7,0,5,0,5,10,2,3,3,20,30,20,0,9,12,16,2,6.5,0,0,5,0,20,8,3,2,2,3,1,1
36358,36369,3,pv_pt,1,0,1,20,30,15,6,2,4.5,0,20,0,2,12,7,0,5,0,5,10,2,3,3,20,30,20,0,9,12,16,2,6.5,0,0,5,0,20,8,3,2,2,3,1,1
36358,36370,2,pt,1,1,1,30,25,23,6,2,4.5,0,10,6,12,2,7,10,15,5,10,5,4,2,2,30,25,33,11,19,2,11,2,8.5,0,10,15,0,10,9,3,2,2,3,1,1
36358,36370,1,pv,1,0,1,30,25,23,6,2,4.5,0,10,6,12,2,7,10,15,5,10,5,4,2,2,30,25,33,11,19,2,11,2,8.5,0,10,15,0,10,9,3,2,2,3,1,1
36371,36373,1,pv,1,1,1,25,20,25,6,0,6.0,20,20,0,12,2,12,0,15,10,15,5,4,1,3,25,20,40,10,24,2,11,0,10.0,0,0,15,20,20,1,4,1,1,2,2,2
36371,36373,2,pt,0,1,1,25,20,25,6,0,6.0,20,20,0,12,2,12,0,15,10,15,5,4,1,3,25,20,40,10,24,2,11,0,10.0,0,0,15,20,20,1,4,1,1,2,2,2
36371,36374,1,pv,1,1,1,25,20,25,6,4,6.0,20,0,6,2,7,2,0,5,0,15,10,2,2,2,25,20,40,6,4,7,16,4,8.0,0,0,5,20,0,2,4,1,1,2,2,2
36371,36374,2,pt,0,1,1,25,20,25,6,4,6.0,20,0,6,2,7,2,0,5,0,15,10,2,2,2,25,20,40,6,4,7,16,4,8.0,0,0,5,20,0,2,4,1,1,2,2,2
36371,36375,1,pv,1,1,1,25,30,25,4,4,4.0,10,10,6,7,7,7,5,10,5,10,0,2,1,3,25,30,35,11,14,7,4,4,6.0,0,5,10,10,10,3,4,1,1,2,2,2
36371,36375,2,pt,0,1,1,25,30,25,4,4,4.0,10,10,6,7,7,7,5,10,5,10,0,2,1,3,25,30,35,11,14,7,4,4,6.0,0,5,10,10,10,3,4,1,1,2,2,2
36371,36377,1,pv,1,1,1,20,20,15,2,2,1.5,20,10,6,7,2,12,10,5,5,15,5,4,3,1,20,20,30,11,19,2,7,2,5.5,0,10,5,20,10,4,3,2,1,1,2,1
36371,36377,3,pv_pt,0,1,1,20,20,15,2,2,1.5,20,10,6,7,2,12,10,5,5,15,5,4,3,1,20,20,30,11,19,2,7,2,5.5,0,10,5,20,10,4,3,2,1,1,2,1
36371,36378,1,pv,1,1,1,25,25,22,2,4,1.75,10,0,6,12,12,2,10,15,10,15,10,0,1,3,25,25,37,16,14,12,12,4,1.75,0,10,15,10,0,5,3,2,1,1,2,1
36371,36378,3,pv_pt,0,1,1,25,25,22,2,4,1.75,10,0,6,12,12,2,10,15,10,15,10,0,1,3,25,25,37,16,14,12,12,4,1.75,0,10,15,10,0,5,3,2,1,1,2,1
36371,36379,1,pv,1,1,1,30,20,30,2,0,2.0,0,10,12,12,7,12,5,10,0,15,10,0,3,3,30,20,45,12,24,7,12,0,2.0,0,5,10,0,10,6,3,2,1,1,2,1
36371,36379,2,pt,0,1,1,30,20,30,2,0,2.0,0,10,12,12,7,12,5,10,0,15,10,0,3,3,30,20,45,12,24,7,12,0,2.0,0,5,10,0,10,6,3,2,1,1,2,1
36371,36381,1,pv,1,1,1,30,20,23,4,0,3.0,20,20,12,2,12,2,0,15,10,5,0,0,1,1,30,20,28,22,4,12,4,0,3.0,0,0,15,20,20,7,2,2,2,3,1,2
36371,36381,2,pt,0,1,1,30,20,23,4,0,3.0,20,20,12,2,12,2,0,15,10,5,0,0,1,1,30,20,28,22,4,12,4,0,3.0,0,0,15,20,20,7,2,2,2,3,1,2
36371,36382,1,pv,1,1,1,30,20,23,6,2,4.5,20,0,12,2,12,12,10,5,0,10,0,2,1,3,30,20,33,12,14,12,6,2,6.5,0,10,5,20,0,8,2,2,2,3,1,2
36371,36382,3,pv_pt,0,1,1,30,20,23,6,2,4.5,20,0,12,2,12,12,10,5,0,10,0,2,1,3,30,20,33,12,14,12,6,2,6.5,0,10,5,20,0,8,2,2,2,3,1,2
36371,36383,1,pv,1,1,1,30,25,23,6,2,4.5,0,10,6,12,2,7,10,15,5,10,5,4,2,2,30,25,33,11,19,2,11,2,8.5,0,10,15,0,10,9,2,2,2,3,1,2
36371,36383,3,pv_pt,0,1,1,30,25,23,6,2,4.5,0,10,6,12,2,7,10,15,5,10,5,4,2,2,30,25,33,11,19,2,11,2,8.5,0,10,15,0,10,9,2,2,2,3,1,2
36436,36438,1,pv,1,1,1,20,25,15,4,2,3.0,20,20,6,7,2,12,5,15,0,5,5,0,2,2,20,25,20,6,19,2,9,2,3.0,0,5,15,20,20,1,4,1,2,1,1,1
36436,36438,2,pt,0,1,1,20,25,15,4,2,3.0,20,20,6,7,2,12,5,15,0,5,5,0,2,2,20,25,20,6,19,2,9,2,3.0,0,5,15,20,20,1,4,1,2,1,1,1
36436,36439,1,pv,1,1,1,20,20,15,2,2,1.5,20,10,6,7,2,12,10,5,5,15,5,4,3,1,20,20,30,11,19,2,7,2,5.5,0,10,5,20,10,2,4,1,2,1,1,1
36436,36439,3,pv_pt,0,1,1,20,20,15,2,2,1.5,20,10,6,7,2,12,10,5,5,15,5,4,3,1,20,20,30,11,19,2,7,2,5.5,0,10,5,20,10,2,4,1,2,1,1,1
36436,36440,1,pv,1,1,1,20,25,18,4,4,1.75,0,10,0,7,7,7,5,10,0,10,0,2,1,1,20,25,28,0,14,7,4,4,3.75,0,5,10,0,10,3,4,1,2,1,1,1
36436,36440,2,pt,0,1,1,20,25,18,4,4,1.75,0,10,0,7,7,7,5,10,0,10,0,2,1,1,20,25,28,0,14,7,4,4,3.75,0,5,10,0,10,3,4,1,2,1,1,1
36436,36442,2,pt,1,1,1,25,20,25,6,0,6.0,20,20,0,12,2,12,0,15,10,15,5,4,1,3,25,20,40,10,24,2,11,0,10.0,0,0,15,20,20,4,2,2,2,2,1,2
36436,36442,1,pv,1,0,1,25,20,25,6,0,6.0,20,20,0,12,2,12,0,15,10,15,5,4,1,3,25,20,40,10,24,2,11,0,10.0,0,0,15,20,20,4,2,2,2,2,1,2
36436,36443,1,pv,1,1,1,25,30,25,4,4,4.0,10,10,6,7,7,7,5,10,5,10,0,2,1,3,25,30,35,11,14,7,4,4,6.0,0,5,10,10,10,5,2,2,2,2,1,2
36436,36443,2,pt,0,1,1,25,30,25,4,4,4.0,10,10,6,7,7,7,5,10,5,10,0,2,1,3,25,30,35,11,14,7,4,4,6.0,0,5,10,10,10,5,2,2,2,2,1,2
36436,36444,2,pt,1,1,1,30,20,23,4,0,3.0,20,20,12,2,12,2,0,15,10,5,0,0,1,1,30,20,28,22,4,12,4,0,3.0,0,0,15,20,20,6,2,2,2,2,1,2
36436,36444,3,pv_pt,1,0,1,30,20,23,4,0,3.0,20,20,12,2,12,2,0,15,10,5,0,0,1,1,30,20,28,22,4,12,4,0,3.0,0,0,15,20,20,6,2,2,2,2,1,2
36436,36446,1,pv,1,1,1,30,25,23,2,4,1.5,10,10,0,12,2,7,5,5,5,5,5,4,2,3,30,25,28,5,19,2,7,4,5.5,0,5,5,10,10,7,2,2,2,3,1,2
36436,36446,3,pv_pt,0,1,1,30,25,23,2,4,1.5,10,10,0,12,2,7,5,5,5,5,5,4,2,3,30,25,28,5,19,2,7,4,5.5,0,5,5,10,10,7,2,2,2,3,1,2
36436,36447,2,pt,1,1,1,30,20,30,2,0,2.0,0,10,12,12,7,12,5,10,0,15,10,0,3,3,30,20,45,12,24,7,12,0,2.0,0,5,10,0,10,8,2,2,2,3,1,2
36436,36447,1,pv,1,0,1,30,20,30,2,0,2.0,0,10,12,12,7,12,5,10,0,15,10,0,3,3,30,20,45,12,24,7,12,0,2.0,0,5,10,0,10,8,2,2,2,3,1,2
36436,36448,2,pt,1,1,1,25,25,22,2,4,1.75,10,0,6,12,12,2,10,15,10,15,10,0,1,3,25,25,37,16,14,12,12,4,1.75,0,10,15,10,0,9,2,2,2,3,1,2
36436,36448,1,pv,1,0,1,25,25,22,2,4,1.75,10,0,6,12,12,2,10,15,10,15,10,0,1,3,25,25,37,16,14,12,12,4,1.75,0,10,15,10,0,9,2,2,2,3,1,2
36488,36490,1,pv,1,1,1,25,30,25,4,4,4.0,10,10,6,7,7,7,5,10,5,10,0,2,1,3,25,30,35,11,14,7,4,4,6.0,0,5,10,10,10,1,2,2,1,2,1,1
36488,36490,2,pt,0,1,1,25,30,25,4,4,4.0,10,10,6,7,7,7,5,10,5,10,0,2,1,3,25,30,35,11,14,7,4,4,6.0,0,5,10,10,10,1,2,2,1,2,1,1
36488,36491,2,pt,1,1,1,30,20,23,4,0,3.0,20,20,12,2,12,2,0,15,10,5,0,0,1,1,30,20,28,22,4,12,4,0,3.0,0,0,15,20,20,2,2,2,1,2,1,1
36488,36491,1,pv,1,0,1,30,20,23,4,0,3.0,20,20,12,2,12,2,0,15,10,5,0,0,1,1,30,20,28,22,4,12,4,0,3.0,0,0,15,20,20,2,2,2,1,2,1,1
36488,36492,1,pv,1,1,1,25,20,25,6,4,6.0,10,20,12,2,2,2,10,15,5,5,10,2,3,3,25,20,30,17,4,2,16,4,8.0,0,10,15,10,20,3,2,2,1,2,1,1
36488,36492,2,pt,0,1,1,25,20,25,6,4,6.0,10,20,12,2,2,2,10,15,5,5,10,2,3,3,25,20,30,17,4,2,16,4,8.0,0,10,15,10,20,3,2,2,1,2,1,1
36488,36494,1,pv,1,1,1,25,25,22,4,2,3.5,0,20,6,7,7,7,5,10,0,10,0,2,2,2,25,25,32,6,14,7,4,2,5.5,0,5,10,0,20,4,2,2,2,3,1,2
36488,36494,2,pt,0,1,1,25,25,22,4,2,3.5,0,20,6,7,7,7,5,10,0,10,0,2,2,2,25,25,32,6,14,7,4,2,5.5,0,5,10,0,20,4,2,2,2,3,1,2
36488,36495,1,pv,1,1,1,30,20,23,6,2,4.5,20,0,12,2,12,12,10,5,0,10,0,2,1,3,30,20,33,12,14,12,6,2,6.5,0,10,5,20,0,5,2,2,2,3,1,2
36488,36495,3,pv_pt,0,1,1,30,20,23,6,2,4.5,20,0,12,2,12,12,10,5,0,10,0,2,1,3,30,20,33,12,14,12,6,2,6.5,0,10,5,20,0,5,2,2,2,3,1,2
36488,36496,1,pv,1,1,1,30,30,30,4,0,4.0,20,20,0,12,12,2,10,10,5,5,10,4,2,1,30,30,35,5,14,12,14,0,8.0,0,10,10,20,20,6,2,2,2,3,1,2
36488,36496,2,pt,0,1,1,30,30,30,4,0,4.0,20,20,0,12,12,2,10,10,5,5,10,4,2,1,30,30,35,5,14,12,14,0,8.0,0,10,10,20,20,6,2,2,2,3,1,2
36488,36498,3,pv_pt,1,1,1,20,30,20,4,2,4.0,0,10,12,12,2,2,10,5,10,5,5,0,3,1,20,30,25,22,14,2,9,2,4.0,0,10,5,0,10,7,1,1,2,1,1,2
36488,36498,1,pv,1,1,0,20,30,20,4,2,4.0,0,10,12,12,2,2,10,5,10,5,5,0,3,1,20,30,25,22,14,2,9,2,4.0,0,10,5,0,10,7,1,1,2,1,1,2
36488,36499,1,pv,1,1,1,25,25,22,2,4,1.75,10,0,6,12,12,2,10,15,10,15,10,0,1,3,25,25,37,16,14,12,12,4,1.75,0,10,15,10,0,8,1,1,2,1,1,2
36488,36499,2,pt,0,1,1,25,25,22,2,4,1.75,10,0,6,12,12,2,10,15,10,15,10,0,1,3,25,25,37,16,14,12,12,4,1.75,0,10,15,10,0,8,1,1,2,1,1,2
36488,36500,1,pv,1,1,1,20,25,15,4,2,3.0,20,20,6,7,2,12,5,15,0,5,5,0,2,2,20,25,20,6,19,2,9,2,3.0,0,5,15,20,20,9,1,1,2,1,1,2
36488,36500,3,pv_pt,0,1,1,20,25,15,4,2,3.0,20,20,6,7,2,12,5,15,0,5,5,0,2,2,20,25,20,6,19,2,9,2,3.0,0,5,15,20,20,9,1,1,2,1,1,2
36528,36542,1,pv,1,1,1,20,25,18,4,4,1.75,0,10,0,7,7,7,5,10,0,10,0,2,1,1,20,25,28,0,14,7,4,4,3.75,0,5,10,0,10,1,4,2,1,1,1,2
36528,36542,2,pt,0,1,1,20,25,18,4,4,1.75,0,10,0,7,7,7,5,10,0,10,0,2,1,1,20,25,28,0,14,7,4,4,3.75,0,5,10,0,10,1,4,2,1,1,1,2
36528,36543,1,pv,1,1,1,30,20,23,6,2,4.5,20,0,12,2,12,12,10,5,0,10,0,2,1,3,30,20,33,12,14,12,6,2,6.5,0,10,5,20,0,2,4,2,1,1,1,2
36528,36543,2,pt,0,1,1,30,20,23,6,2,4.5,20,0,12,2,12,12,10,5,0,10,0,2,1,3,30,20,33,12,14,12,6,2,6.5,0,10,5,20,0,2,4,2,1,1,1,2
36528,36544,2,pt,1,1,1,25,20,22,4,0,3.5,10,0,0,7,12,2,0,10,10,10,0,2,3,2,25,20,32,10,9,12,4,0,5.5,0,0,10,10,0,3,4,2,1,1,1,2
36528,36544,1,pv,1,0,1,25,20,22,4,0,3.5,10,0,0,7,12,2,0,10,10,10,0,2,3,2,25,20,32,10,9,12,4,0,5.5,0,0,10,10,0,3,4,2,1,1,1,2
36528,36546,1,pv,1,1,1,25,20,25,6,0,6.0,20,20,0,12,2,12,0,15,10,15,5,4,1,3,25,20,40,10,24,2,11,0,10.0,0,0,15,20,20,4,1,1,1,2,2,1
36528,36546,3,pv_pt,0,1,1,25,20,25,6,0,6.0,20,20,0,12,2,12,0,15,10,15,5,4,1,3,25,20,40,10,24,2,11,0,10.0,0,0,15,20,20,4,1,1,1,2,2,1
36528,36547,3,pv_pt,1,1,1,25,25,22,2,2,1.75,20,20,6,7,2,7,5,5,5,5,0,0,3,2,25,25,27,11,14,2,2,2,1.75,0,5,5,20,20,5,1,1,1,2,2,1
36528,36547,1,pv,1,1,0,25,25,22,2,2,1.75,20,20,6,7,2,7,5,5,5,5,0,0,3,2,25,25,27,11,14,2,2,2,1.75,0,5,5,20,20,5,1,1,1,2,2,1
36528,36548,1,pv,1,1,1,30,20,30,2,0,2.0,0,10,12,12,7,12,5,10,0,15,10,0,3,3,30,20,45,12,24,7,12,0,2.0,0,5,10,0,10,6,1,1,1,2,2,1
36528,36548,2,pt,0,1,1,30,20,30,2,0,2.0,0,10,12,12,7,12,5,10,0,15,10,0,3,3,30,20,45,12,24,7,12,0,2.0,0,5,10,0,10,6,1,1,1,2,2,1
36528,36550,1,pv,1,1,1,20,25,18,2,0,1.75,0,0,12,2,7,12,0,15,5,5,5,4,2,1,20,25,23,17,14,7,7,0,5.75,0,0,15,0,0,7,1,2,2,4,1,1
36528,36550,2,pt,0,1,1,20,25,18,2,0,1.75,0,0,12,2,7,12,0,15,5,5,5,4,2,1,20,25,23,17,14,7,7,0,5.75,0,0,15,0,0,7,1,2,2,4,1,1
36528,36551,1,pv,1,1,1,30,25,23,6,4,4.5,0,10,6,7,2,12,5,5,10,15,0,0,2,1,30,25,38,16,19,2,6,4,4.5,0,5,5,0,10,8,1,2,2,4,1,1
36528,36551,3,pv_pt,0,1,1,30,25,23,6,4,4.5,0,10,6,7,2,12,5,5,10,15,0,0,2,1,30,25,38,16,19,2,6,4,4.5,0,5,5,0,10,8,1,2,2,4,1,1
36528,36552,1,pv,1,1,1,20,30,15,6,2,4.5,0,20,0,2,12,7,0,5,0,5,10,2,3,3,20,30,20,0,9,12,16,2,6.5,0,0,5,0,20,9,1,2,2,4,1,1
36528,36552,2,pt,0,1,1,20,30,15,6,2,4.5,0,20,0,2,12,7,0,5,0,5,10,2,3,3,20,30,20,0,9,12,16,2,6.5,0,0,5,0,20,9,1,2,2,4,1,1
36553,36555,1,pv,1,1,1,25,25,22,4,2,3.5,0,20,6,7,7,7,5,10,0,10,0,2,2,2,25,25,32,6,14,7,4,2,5.5,0,5,10,0,20,1,1,2,2,4,1,1
36553,36555,3,pv_pt,0,1,1,25,25,22,4,2,3.5,0,20,6,7,7,7,5,10,0,10,0,2,2,2,25,25,32,6,14,7,4,2,5.5,0,5,10,0,20,1,1,2,2,4,1,1
36553,36556,1,pv,1,1,1,30,25,23,6,2,4.5,0,10,6,12,2,7,10,15,5,10,5,4,2,2,30,25,33,11,19,2,11,2,8.5,0,10,15,0,10,2,1,2,2,4,1,1
36553,36556,3,pv_pt,0,1,1,30,25,23,6,2,4.5,0,10,6,12,2,7,10,15,5,10,5,4,2,2,30,25,33,11,19,2,11,2,8.5,0,10,15,0,10,2,1,2,2,4,1,1
36553,36557,1,pv,1,1,1,25,25,22,2,2,1.75,20,20,6,7,2,7,5,5,5,5,0,0,3,2,25,25,27,11,14,2,2,2,1.75,0,5,5,20,20,3,1,2,2,4,1,1
36553,36557,3,pv_pt,0,1,1,25,25,22,2,2,1.75,20,20,6,7,2,7,5,5,5,5,0,0,3,2,25,25,27,11,14,2,2,2,1.75,0,5,5,20,20,3,1,2,2,4,1,1
36553,36559,1,pv,1,1,1,25,30,25,4,4,4.0,10,10,6,7,7,7,5,10,5,10,0,2,1,3,25,30,35,11,14,7,4,4,6.0,0,5,10,10,10,4,4,1,2,1,1,1
36553,36559,2,pt,0,1,1,25,30,25,4,4,4.0,10,10,6,7,7,7,5,10,5,10,0,2,1,3,25,30,35,11,14,7,4,4,6.0,0,5,10,10,10,4,4,1,2,1,1,1
36553,36560,1,pv,1,1,1,25,20,25,6,0,6.0,20,20,0,12,2,12,0,15,10,15,5,4,1,3,25,20,40,10,24,2,11,0,10.0,0,0,15,20,20,5,4,1,2,1,1,1
36553,36560,2,pt,0,1,1,25,20,25,6,0,6.0,20,20,0,12,2,12,0,15,10,15,5,4,1,3,25,20,40,10,24,2,11,0,10.0,0,0,15,20,20,5,4,1,2,1,1,1
36553,36561,1,pv,1,1,1,25,25,22,2,4,1.75,10,0,6,12,12,2,10,15,10,15,10,0,1,3,25,25,37,16,14,12,12,4,1.75,0,10,15,10,0,6,4,1,2,1,1,1
36553,36561,2,pt,0,1,1,25,25,22,2,4,1.75,10,0,6,12,12,2,10,15,10,15,10,0,1,3,25,25,37,16,14,12,12,4,1.75,0,10,15,10,0,6,4,1,2,1,1,1
36553,36563,1,pv,1,1,1,25,20,22,4,0,3.5,10,0,0,7,12,2,0,10,10,10,0,2,3,2,25,20,32,10,9,12,4,0,5.5,0,0,10,10,0,7,2,2,2,2,1,2
36553,36563,3,pv_pt,0,1,1,25,20,22,4,0,3.5,10,0,0,7,12,2,0,10,10,10,0,2,3,2,25,20,32,10,9,12,4,0,5.5,0,0,10,10,0,7,2,2,2,2,1,2
36553,36564,1,pv,1,1,1,20,25,18,2,0,1.75,0,0,12,2,7,12,0,15,5,5,5,4,2,1,20,25,23,17,14,7,7,0,5.75,0,0,15,0,0,8,2,2,2,2,1,2
36553,36564,3,pv_pt,0,1,1,20,25,18,2,0,1.75,0,0,12,2,7,12,0,15,5,5,5,4,2,1,20,25,23,17,14,7,7,0,5.75,0,0,15,0,0,8,2,2,2,2,1,2
36553,36565,1,pv,1,1,1,20,30,18,6,0,5.25,10,0,12,12,7,2,0,10,0,15,5,4,1,1,20,30,33,12,14,7,11,0,9.25,0,0,10,10,0,9,2,2,2,2,1,2
36553,36565,3,pv_pt,0,1,1,20,30,18,6,0,5.25,10,0,12,12,7,2,0,10,0,15,5,4,1,1,20,30,33,12,14,7,11,0,9.25,0,0,10,10,0,9,2,2,2,2,1,2
36579,36581,1,pv,1,1,1,20,25,18,2,0,1.75,0,0,12,2,7,12,0,15,5,5,5,4,2,1,20,25,23,17,14,7,7,0,5.75,0,0,15,0,0,1,4,1,2,1,1,1
36579,36581,2,pt,0,1,1,20,25,18,2,0,1.75,0,0,12,2,7,12,0,15,5,5,5,4,2,1,20,25,23,17,14,7,7,0,5.75,0,0,15,0,0,1,4,1,2,1,1,1
36579,36582,2,pt,1,1,1,20,30,18,6,0,5.25,10,0,12,12,7,2,0,10,0,15,5,4,1,1,20,30,33,12,14,7,11,0,9.25,0,0,10,10,0,2,4,1,2,1,1,1
36579,36582,1,pv,1,0,1,20,30,18,6,0,5.25,10,0,12,12,7,2,0,10,0,15,5,4,1,1,20,30,33,12,14,7,11,0,9.25,0,0,10,10,0,2,4,1,2,1,1,1
36579,36583,1,pv,1,1,1,20,25,15,4,2,3.0,20,20,6,7,2,12,5,15,0,5,5,0,2,2,20,25,20,6,19,2,9,2,3.0,0,5,15,20,20,3,4,1,2,1,1,1
36579,36583,3,pv_pt,0,1,1,20,25,15,4,2,3.0,20,20,6,7,2,12,5,15,0,5,5,0,2,2,20,25,20,6,19,2,9,2,3.0,0,5,15,20,20,3,4,1,2,1,1,1
36579,36585,1,pv,1,1,1,30,25,23,6,4,4.5,0,10,6,7,2,12,5,5,10,15,0,0,2,1,30,25,38,16,19,2,6,4,4.5,0,5,5,0,10,4,1,1,2,1,1,2
36579,36585,3,pv_pt,0,1,1,30,25,23,6,4,4.5,0,10,6,7,2,12,5,5,10,15,0,0,2,1,30,25,38,16,19,2,6,4,4.5,0,5,5,0,10,4,1,1,2,1,1,2
36579,36586,2,pt,1,1,1,20,30,15,6,2,4.5,0,20,0,2,12,7,0,5,0,5,10,2,3,3,20,30,20,0,9,12,16,2,6.5,0,0,5,0,20,5,1,1,2,1,1,2
36579,36586,1,pv,1,0,1,20,30,15,6,2,4.5,0,20,0,2,12,7,0,5,0,5,10,2,3,3,20,30,20,0,9,12,16,2,6.5,0,0,5,0,20,5,1,1,2,1,1,2
36579,36587,2,pt,1,1,1,30,20,30,2,0,2.0,0,10,12,12,7,12,5,10,0,15,10,0,3,3,30,20,45,12,24,7,12,0,2.0,0,5,10,0,10,6,1,1,2,1,1,2
36579,36587,3,pv_pt,1,0,1,30,20,30,2,0,2.0,0,10,12,12,7,12,5,10,0,15,10,0,3,3,30,20,45,12,24,7,12,0,2.0,0,5,10,0,10,6,1,1,2,1,1,2
36579,36589,3,pv_pt,1,1,1,20,20,15,2,2,1.5,20,10,6,7,2,12,10,5,5,15,5,4,3,1,20,20,30,11,19,2,7,2,5.5,0,10,5,20,10,7,2,2,2,2,1,2
36579,36589,1,pv,1,1,0,20,20,15,2,2,1.5,20,10,6,7,2,12,10,5,5,15,5,4,3,1,20,20,30,11,19,2,7,2,5.5,0,10,5,20,10,7,2,2,2,2,1,2
36579,36590,2,pt,1,1,1,25,20,22,4,0,3.5,10,0,0,7,12,2,0,10,10,10,0,2,3,2,25,20,32,10,9,12,4,0,5.5,0,0,10,10,0,8,2,2,2,2,1,2
36579,36590,1,pv,1,0,1,25,20,22,4,0,3.5,10,0,0,7,12,2,0,10,10,10,0,2,3,2,25,20,32,10,9,12,4,0,5.5,0,0,10,10,0,8,2,2,2,2,1,2
36579,36591,2,pt,1,1,1,30,30,26,2,4,1.75,0,20,12,2,12,7,0,5,10,15,10,4,1,2,30,30,41,22,9,12,12,4,5.75,0,0,5,0,20,9,2,2,2,2,1,2
36579,36591,3,pv_pt,1,0,1,30,30,26,2,4,1.75,0,20,12,2,12,7,0,5,10,15,10,4,1,2,30,30,41,22,9,12,12,4,5.75,0,0,5,0,20,9,2,2,2,2,1,2
36592,36596,1,pv,1,1,1,25,25,22,2,4,1.75,10,0,6,12,12,2,10,15,10,15,10,0,1,3,25,25,37,16,14,12,12,4,1.75,0,10,15,10,0,1,2,1,1,1,2,2
36592,36596,2,pt,0,1,1,25,25,22,2,4,1.75,10,0,6,12,12,2,10,15,10,15,10,0,1,3,25,25,37,16,14,12,12,4,1.75,0,10,15,10,0,1,2,1,1,1,2,2
36592,36599,1,pv,1,1,1,25,20,25,6,4,6.0,20,0,6,2,7,2,0,5,0,15,10,2,2,2,25,20,40,6,4,7,16,4,8.0,0,0,5,20,0,2,2,1,1,1,2,2
36592,36599,2,pt,0,1,1,25,20,25,6,4,6.0,20,0,6,2,7,2,0,5,0,15,10,2,2,2,25,20,40,6,4,7,16,4,8.0,0,0,5,20,0,2,2,1,1,1,2,2
36592,36600,2,pt,1,1,1,25,20,25,6,4,6.0,10,20,12,2,2,2,10,15,5,5,10,2,3,3,25,20,30,17,4,2,16,4,8.0,0,10,15,10,20,3,2,1,1,1,2,2
36592,36600,3,pv_pt,1,0,1,25,20,25,6,4,6.0,10,20,12,2,2,2,10,15,5,5,10,2,3,3,25,20,30,17,4,2,16,4,8.0,0,10,15,10,20,3,2,1,1,1,2,2
36592,36604,1,pv,1,1,1,20,30,15,6,2,4.5,0,20,0,2,12,7,0,5,0,5,10,2,3,3,20,30,20,0,9,12,16,2,6.5,0,0,5,0,20,4,1,2,1,1,1,1
36592,36604,2,pt,0,1,1,20,30,15,6,2,4.5,0,20,0,2,12,7,0,5,0,5,10,2,3,3,20,30,20,0,9,12,16,2,6.5,0,0,5,0,20,4,1,2,1,1,1,1
36592,36606,1,pv,1,1,1,20,30,20,4,2,4.0,0,10,12,12,2,2,10,5,10,5,5,0,3,1,20,30,25,22,14,2,9,2,4.0,0,10,5,0,10,5,1,2,1,1,1,1
36592,36606,3,pv_pt,0,1,1,20,30,20,4,2,4.0,0,10,12,12,2,2,10,5,10,5,5,0,3,1,20,30,25,22,14,2,9,2,4.0,0,10,5,0,10,5,1,2,1,1,1,1
36592,36608,1,pv,1,1,1,25,20,25,6,0,6.0,20,20,0,12,2,12,0,15,10,15,5,4,1,3,25,20,40,10,24,2,11,0,10.0,0,0,15,20,20,6,1,2,1,1,1,1
36592,36608,2,pt,0,1,1,25,20,25,6,0,6.0,20,20,0,12,2,12,0,15,10,15,5,4,1,3,25,20,40,10,24,2,11,0,10.0,0,0,15,20,20,6,1,2,1,1,1,1
36592,36611,1,pv,1,1,1,20,25,18,4,4,1.75,0,10,0,7,7,7,5,10,0,10,0,2,1,1,20,25,28,0,14,7,4,4,3.75,0,5,10,0,10,7,1,2,2,2,2,2
36592,36611,3,pv_pt,0,1,1,20,25,18,4,4,1.75,0,10,0,7,7,7,5,10,0,10,0,2,1,1,20,25,28,0,14,7,4,4,3.75,0,5,10,0,10,7,1,2,2,2,2,2
36592,36613,1,pv,1,1,1,30,30,30,4,0,4.0,20,20,0,12,12,2,10,10,5,5,10,4,2,1,30,30,35,5,14,12,14,0,8.0,0,10,10,20,20,8,1,2,2,2,2,2
36592,36613,2,pt,0,1,1,30,30,30,4,0,4.0,20,20,0,12,12,2,10,10,5,5,10,4,2,1,30,30,35,5,14,12,14,0,8.0,0,10,10,20,20,8,1,2,2,2,2,2
36592,36616,1,pv,1,1,1,30,20,23,6,2,4.5,20,0,12,2,12,12,10,5,0,10,0,2,1,3,30,20,33,12,14,12,6,2,6.5,0,10,5,20,0,9,1,2,2,2,2,2
36592,36616,2,pt,0,1,1,30,20,23,6,2,4.5,20,0,12,2,12,12,10,5,0,10,0,2,1,3,30,20,33,12,14,12,6,2,6.5,0,10,5,20,0,9,1,2,2,2,2,2
36593,36620,1,pv,1,1,1,25,25,22,2,4,1.75,10,0,6,12,12,2,10,15,10,15,10,0,1,3,25,25,37,16,14,12,12,4,1.75,0,10,15,10,0,1,4,1,2,1,1,1
36593,36620,3,pv_pt,0,1,1,25,25,22,2,4,1.75,10,0,6,12,12,2,10,15,10,15,10,0,1,3,25,25,37,16,14,12,12,4,1.75,0,10,15,10,0,1,4,1,2,1,1,1
36593,36621,1,pv,1,1,1,25,25,22,4,2,3.5,0,20,6,7,7,7,5,10,0,10,0,2,2,2,25,25,32,6,14,7,4,2,5.5,0,5,10,0,20,2,4,1,2,1,1,1
36593,36621,3,pv_pt,0,1,1,25,25,22,4,2,3.5,0,20,6,7,7,7,5,10,0,10,0,2,2,2,25,25,32,6,14,7,4,2,5.5,0,5,10,0,20,2,4,1,2,1,1,1
36593,36622,1,pv,1,1,1,20,25,18,2,0,1.75,0,0,12,2,7,12,0,15,5,5,5,4,2,1,20,25,23,17,14,7,7,0,5.75,0,0,15,0,0,3,4,1,2,1,1,1
36593,36622,3,pv_pt,0,1,1,20,25,18,2,0,1.75,0,0,12,2,7,12,0,15,5,5,5,4,2,1,20,25,23,17,14,7,7,0,5.75,0,0,15,0,0,3,4,1,2,1,1,1
36593,36624,2,pt,1,1,1,30,20,30,2,0,2.0,0,10,12,12,7,12,5,10,0,15,10,0,3,3,30,20,45,12,24,7,12,0,2.0,0,5,10,0,10,4,3,1,2,4,2,1
36593,36624,3,pv_pt,1,0,1,30,20,30,2,0,2.0,0,10,12,12,7,12,5,10,0,15,10,0,3,3,30,20,45,12,24,7,12,0,2.0,0,5,10,0,10,4,3,1,2,4,2,1
36593,36625,1,pv,1,1,1,20,25,15,4,2,3.0,20,20,6,7,2,12,5,15,0,5,5,0,2,2,20,25,20,6,19,2,9,2,3.0,0,5,15,20,20,5,3,1,2,4,2,1
36593,36625,3,pv_pt,0,1,1,20,25,15,4,2,3.0,20,20,6,7,2,12,5,15,0,5,5,0,2,2,20,25,20,6,19,2,9,2,3.0,0,5,15,20,20,5,3,1,2,4,2,1
36593,36626,1,pv,1,1,1,30,20,23,6,2,4.5,20,0,12,2,12,12,10,5,0,10,0,2,1,3,30,20,33,12,14,12,6,2,6.5,0,10,5,20,0,6,3,1,2,4,2,1
36593,36626,3,pv_pt,0,1,1,30,20,23,6,2,4.5,20,0,12,2,12,12,10,5,0,10,0,2,1,3,30,20,33,12,14,12,6,2,6.5,0,10,5,20,0,6,3,1,2,4,2,1
36593,36628,2,pt,1,1,1,25,30,25,4,4,4.0,20,0,12,12,12,12,0,15,10,10,5,4,3,2,25,30,35,22,24,12,9,4,8.0,0,0,15,20,0,7,1,2,1,1,1,1
36593,36628,1,pv,1,0,1,25,30,25,4,4,4.0,20,0,12,12,12,12,0,15,10,10,5,4,3,2,25,30,35,22,24,12,9,4,8.0,0,0,15,20,0,7,1,2,1,1,1,1
36593,36629,1,pv,1,1,1,20,25,18,2,2,1.75,10,10,0,7,7,7,5,10,5,10,0,2,2,3,20,25,28,5,14,7,2,2,3.75,0,5,10,10,10,8,1,2,1,1,1,1
36593,36629,3,pv_pt,0,1,1,20,25,18,2,2,1.75,10,10,0,7,7,7,5,10,5,10,0,2,2,3,20,25,28,5,14,7,2,2,3.75,0,5,10,10,10,8,1,2,1,1,1,1
36593,36630,2,pt,1,1,1,20,30,20,4,2,4.0,0,10,12,12,2,2,10,5,10,5,5,0,3,1,20,30,25,22,14,2,9,2,4.0,0,10,5,0,10,9,1,2,1,1,1,1
36593,36630,3,pv_pt,1,0,1,20,30,20,4,2,4.0,0,10,12,12,2,2,10,5,10,5,5,0,3,1,20,30,25,22,14,2,9,2,4.0,0,10,5,0,10,9,1,2,1,1,1,1
36685,36687,1,pv,1,1,1,30,30,26,2,0,1.75,10,0,0,2,7,2,10,15,0,15,10,0,3,1,30,30,41,0,4,7,12,0,1.75,0,10,15,10,0,1,1,1,2,1,1,2
36685,36687,2,pt,0,1,1,30,30,26,2,0,1.75,10,0,0,2,7,2,10,15,0,15,10,0,3,1,30,30,41,0,4,7,12,0,1.75,0,10,15,10,0,1,1,1,2,1,1,2
36685,36688,1,pv,1,1,1,20,20,15,2,2,1.5,20,10,6,7,2,12,10,5,5,15,5,4,3,1,20,20,30,11,19,2,7,2,5.5,0,10,5,20,10,2,1,1,2,1,1,2
36685,36688,3,pv_pt,0,1,1,20,20,15,2,2,1.5,20,10,6,7,2,12,10,5,5,15,5,4,3,1,20,20,30,11,19,2,7,2,5.5,0,10,5,20,10,2,1,1,2,1,1,2
36685,36689,2,pt,1,1,1,30,20,23,4,0,3.0,20,20,12,2,12,2,0,15,10,5,0,0,1,1,30,20,28,22,4,12,4,0,3.0,0,0,15,20,20,3,1,1,2,1,1,2
36685,36689,3,pv_pt,1,0,1,30,20,23,4,0,3.0,20,20,12,2,12,2,0,15,10,5,0,0,1,1,30,20,28,22,4,12,4,0,3.0,0,0,15,20,20,3,1,1,2,1,1,2
36685,36691,2,pt,1,1,1,25,30,25,4,4,4.0,20,0,12,12,12,12,0,15,10,10,5,4,3,2,25,30,35,22,24,12,9,4,8.0,0,0,15,20,0,4,2,2,1,2,1,1
36685,36691,3,pv_pt,1,0,1,25,30,25,4,4,4.0,20,0,12,12,12,12,0,15,10,10,5,4,3,2,25,30,35,22,24,12,9,4,8.0,0,0,15,20,0,4,2,2,1,2,1,1
36685,36692,1,pv,1,1,1,20,25,18,4,4,1.75,0,10,0,7,7,7,5,10,0,10,0,2,1,1,20,25,28,0,14,7,4,4,3.75,0,5,10,0,10,5,2,2,1,2,1,1
36685,36692,2,pt,0,1,1,20,25,18,4,4,1.75,0,10,0,7,7,7,5,10,0,10,0,2,1,1,20,25,28,0,14,7,4,4,3.75,0,5,10,0,10,5,2,2,1,2,1,1
36685,36693,1,pv,1,1,1,25,25,22,2,2,1.75,20,20,6,7,2,7,5,5,5,5,0,0,3,2,25,25,27,11,14,2,2,2,1.75,0,5,5,20,20,6,2,2,1,2,1,1
36685,36693,3,pv_pt,0,1,1,25,25,22,2,2,1.75,20,20,6,7,2,7,5,5,5,5,0,0,3,2,25,25,27,11,14,2,2,2,1.75,0,5,5,20,20,6,2,2,1,2,1,1
36685,36695,1,pv,1,1,1,25,30,25,4,4,4.0,10,10,6,7,7,7,5,10,5,10,0,2,1,3,25,30,35,11,14,7,4,4,6.0,0,5,10,10,10,7,4,1,1,4,1,1
36685,36695,2,pt,0,1,1,25,30,25,4,4,4.0,10,10,6,7,7,7,5,10,5,10,0,2,1,3,25,30,35,11,14,7,4,4,6.0,0,5,10,10,10,7,4,1,1,4,1,1
36685,36696,2,pt,1,1,1,25,20,22,4,0,3.5,10,0,0,7,12,2,0,10,10,10,0,2,3,2,25,20,32,10,9,12,4,0,5.5,0,0,10,10,0,8,4,1,1,4,1,1
36685,36696,1,pv,1,0,1,25,20,22,4,0,3.5,10,0,0,7,12,2,0,10,10,10,0,2,3,2,25,20,32,10,9,12,4,0,5.5,0,0,10,10,0,8,4,1,1,4,1,1
36685,36697,1,pv,1,1,1,20,25,15,4,2,3.0,20,20,6,7,2,12,5,15,0,5,5,0,2,2,20,25,20,6,19,2,9,2,3.0,0,5,15,20,20,9,4,1,1,4,1,1
36685,36697,3,pv_pt,0,1,1,20,25,15,4,2,3.0,20,20,6,7,2,12,5,15,0,5,5,0,2,2,20,25,20,6,19,2,9,2,3.0,0,5,15,20,20,9,4,1,1,4,1,1
36698,36700,1,pv,1,1,1,20,25,18,2,2,1.75,10,10,0,7,7,7,5,10,5,10,0,2,2,3,20,25,28,5,14,7,2,2,3.75,0,5,10,10,10,1,1,1,2,1,1,2
36698,36700,3,pv_pt,0,1,1,20,25,18,2,2,1.75,10,10,0,7,7,7,5,10,5,10,0,2,2,3,20,25,28,5,14,7,2,2,3.75,0,5,10,10,10,1,1,1,2,1,1,2
36698,36701,1,pv,1,1,1,30,30,30,4,0,4.0,20,20,0,12,12,2,10,10,5,5,10,4,2,1,30,30,35,5,14,12,14,0,8.0,0,10,10,20,20,2,1,1,2,1,1,2
36698,36701,2,pt,0,1,1,30,30,30,4,0,4.0,20,20,0,12,12,2,10,10,5,5,10,4,2,1,30,30,35,5,14,12,14,0,8.0,0,10,10,20,20,2,1,1,2,1,1,2
36698,36702,1,pv,1,1,1,25,25,22,2,4,1.75,10,0,6,12,12,2,10,15,10,15,10,0,1,3,25,25,37,16,14,12,12,4,1.75,0,10,15,10,0,3,1,1,2,1,1,2
36698,36702,2,pt,0,1,1,25,25,22,2,4,1.75,10,0,6,12,12,2,10,15,10,15,10,0,1,3,25,25,37,16,14,12,12,4,1.75,0,10,15,10,0,3,1,1,2,1,1,2
36698,36704,1,pv,1,1,1,30,30,26,2,0,1.75,10,0,0,2,7,2,10,15,0,15,10,0,3,1,30,30,41,0,4,7,12,0,1.75,0,10,15,10,0,4,4,1,2,1,1,1
36698,36704,2,pt,0,1,1,30,30,26,2,0,1.75,10,0,0,2,7,2,10,15,0,15,10,0,3,1,30,30,41,0,4,7,12,0,1.75,0,10,15,10,0,4,4,1,2,1,1,1
36698,36705,1,pv,1,1,1,30,25,23,6,4,4.5,0,10,6,7,2,12,5,5,10,15,0,0,2,1,30,25,38,16,19,2,6,4,4.5,0,5,5,0,10,5,4,1,2,1,1,1
36698,36705,2,pt,0,1,1,30,25,23,6,4,4.5,0,10,6,7,2,12,5,5,10,15,0,0,2,1,30,25,38,16,19,2,6,4,4.5,0,5,5,0,10,5,4,1,2,1,1,1
36698,36706,2,pt,1,1,1,30,20,30,2,0,2.0,0,10,12,12,7,12,5,10,0,15,10,0,3,3,30,20,45,12,24,7,12,0,2.0,0,5,10,0,10,6,4,1,2,1,1,1
36698,36706,1,pv,1,0,1,30,20,30,2,0,2.0,0,10,12,12,7,12,5,10,0,15,10,0,3,3,30,20,45,12,24,7,12,0,2.0,0,5,10,0,10,6,4,1,2,1,1,1
36698,36708,2,pt,1,1,1,25,20,25,6,4,6.0,20,0,6,2,7,2,0,5,0,15,10,2,2,2,25,20,40,6,4,7,16,4,8.0,0,0,5,20,0,7,4,1,2,4,1,2
36698,36708,1,pv,1,0,1,25,20,25,6,4,6.0,20,0,6,2,7,2,0,5,0,15,10,2,2,2,25,20,40,6,4,7,16,4,8.0,0,0,5,20,0,7,4,1,2,4,1,2
36698,36709,2,pt,1,1,1,25,20,22,4,0,3.5,10,0,0,7,12,2,0,10,10,10,0,2,3,2,25,20,32,10,9,12,4,0,5.5,0,0,10,10,0,8,4,1,2,4,1,2
36698,36709,1,pv,1,0,1,25,20,22,4,0,3.5,10,0,0,7,12,2,0,10,10,10,0,2,3,2,25,20,32,10,9,12,4,0,5.5,0,0,10,10,0,8,4,1,2,4,1,2
36698,36710,1,pv,1,1,1,20,25,15,4,2,3.0,20,20,6,7,2,12,5,15,0,5,5,0,2,2,20,25,20,6,19,2,9,2,3.0,0,5,15,20,20,9,4,1,2,4,1,2
36698,36710,3,pv_pt,0,1,1,20,25,15,4,2,3.0,20,20,6,7,2,12,5,15,0,5,5,0,2,2,20,25,20,6,19,2,9,2,3.0,0,5,15,20,20,9,4,1,2,4,1,2
36724,36727,1,pv,1,1,1,25,20,25,6,0,6.0,20,20,0,12,2,12,0,15,10,15,5,4,1,3,25,20,40,10,24,2,11,0,10.0,0,0,15,20,20,1,1,2,2,2,2,2
36724,36727,3,pv_pt,0,1,1,25,20,25,6,0,6.0,20,20,0,12,2,12,0,15,10,15,5,4,1,3,25,20,40,10,24,2,11,0,10.0,0,0,15,20,20,1,1,2,2,2,2,2
36724,36728,1,pv,1,1,1,20,25,18,2,2,1.75,10,10,0,7,7,7,5,10,5,10,0,2,2,3,20,25,28,5,14,7,2,2,3.75,0,5,10,10,10,2,1,2,2,2,2,2
36724,36728,3,pv_pt,0,1,1,20,25,18,2,2,1.75,10,10,0,7,7,7,5,10,5,10,0,2,2,3,20,25,28,5,14,7,2,2,3.75,0,5,10,10,10,2,1,2,2,2,2,2
36724,36729,1,pv,1,1,1,30,30,26,2,0,1.75,10,0,0,2,7,2,10,15,0,15,10,0,3,1,30,30,41,0,4,7,12,0,1.75,0,10,15,10,0,3,1,2,2,2,2,2
36724,36729,2,pt,0,1,1,30,30,26,2,0,1.75,10,0,0,2,7,2,10,15,0,15,10,0,3,1,30,30,41,0,4,7,12,0,1.75,0,10,15,10,0,3,1,2,2,2,2,2
36724,36731,3,pv_pt,1,1,1,30,30,26,2,4,1.75,0,20,12,2,12,7,0,5,10,15,10,4,1,2,30,30,41,22,9,12,12,4,5.75,0,0,5,0,20,4,1,2,1,4,1,2
36724,36731,2,pt,1,1,0,30,30,26,2,4,1.75,0,20,12,2,12,7,0,5,10,15,10,4,1,2,30,30,41,22,9,12,12,4,5.75,0,0,5,0,20,4,1,2,1,4,1,2
36724,36732,3,pv_pt,1,1,1,20,30,20,4,2,4.0,0,10,12,12,2,2,10,5,10,5,5,0,3,1,20,30,25,22,14,2,9,2,4.0,0,10,5,0,10,5,1,2,1,4,1,2
36724,36732,2,pt,1,1,0,20,30,20,4,2,4.0,0,10,12,12,2,2,10,5,10,5,5,0,3,1,20,30,25,22,14,2,9,2,4.0,0,10,5,0,10,5,1,2,1,4,1,2
36724,36733,1,pv,1,1,1,20,25,15,4,2,3.0,20,20,6,7,2,12,5,15,0,5,5,0,2,2,20,25,20,6,19,2,9,2,3.0,0,5,15,20,20,6,1,2,1,4,1,2
36724,36733,3,pv_pt,0,1,1,20,25,15,4,2,3.0,20,20,6,7,2,12,5,15,0,5,5,0,2,2,20,25,20,6,19,2,9,2,3.0,0,5,15,20,20,6,1,2,1,4,1,2
36724,36735,1,pv,1,1,1,25,25,22,2,4,1.75,10,0,6,12,12,2,10,15,10,15,10,0,1,3,25,25,37,16,14,12,12,4,1.75,0,10,15,10,0,7,2,2,1,4,2,1
36724,36735,2,pt,0,1,1,25,25,22,2,4,1.75,10,0,6,12,12,2,10,15,10,15,10,0,1,3,25,25,37,16,14,12,12,4,1.75,0,10,15,10,0,7,2,2,1,4,2,1
36724,36736,1,pv,1,1,1,20,30,20,6,0,6.0,10,0,0,2,12,12,10,10,10,10,10,0,1,2,20,30,30,10,14,12,16,0,6.0,0,10,10,10,0,8,2,2,1,4,2,1
36724,36736,2,pt,0,1,1,20,30,20,6,0,6.0,10,0,0,2,12,12,10,10,10,10,10,0,1,2,20,30,30,10,14,12,16,0,6.0,0,10,10,10,0,8,2,2,1,4,2,1
36724,36737,1,pv,1,1,1,25,30,25,4,4,4.0,10,10,6,7,7,7,5,10,5,10,0,2,1,3,25,30,35,11,14,7,4,4,6.0,0,5,10,10,10,9,2,2,1,4,2,1
36724,36737,2,pt,0,1,1,25,30,25,4,4,4.0,10,10,6,7,7,7,5,10,5,10,0,2,1,3,25,30,35,11,14,7,4,4,6.0,0,5,10,10,10,9,2,2,1,4,2,1
36725,36739,1,pv,1,1,1,25,25,22,4,2,3.5,0,20,6,7,7,7,5,10,0,10,0,2,2,2,25,25,32,6,14,7,4,2,5.5,0,5,10,0,20,1,1,2,1,4,1,2
36725,36739,3,pv_pt,0,1,1,25,25,22,4,2,3.5,0,20,6,7,7,7,5,10,0,10,0,2,2,2,25,25,32,6,14,7,4,2,5.5,0,5,10,0,20,1,1,2,1,4,1,2
36725,36740,1,pv,1,1,1,30,20,30,2,0,2.0,0,10,12,12,7,12,5,10,0,15,10,0,3,3,30,20,45,12,24,7,12,0,2.0,0,5,10,0,10,2,1,2,1,4,1,2
36725,36740,2,pt,0,1,1,30,20,30,2,0,2.0,0,10,12,12,7,12,5,10,0,15,10,0,3,3,30,20,45,12,24,7,12,0,2.0,0,5,10,0,10,2,1,2,1,4,1,2
36725,36741,1,pv,1,1,1,25,30,25,4,4,4.0,10,10,6,7,7,7,5,10,5,10,0,2,1,3,25,30,35,11,14,7,4,4,6.0,0,5,10,10,10,3,1,2,1,4,1,2
36725,36741,2,pt,0,1,1,25,30,25,4,4,4.0,10,10,6,7,7,7,5,10,5,10,0,2,1,3,25,30,35,11,14,7,4,4,6.0,0,5,10,10,10,3,1,2,1,4,1,2
36725,36743,1,pv,1,1,1,25,20,22,4,0,3.5,10,0,0,7,12,2,0,10,10,10,0,2,3,2,25,20,32,10,9,12,4,0,5.5,0,0,10,10,0,4,3,2,2,1,2,2
36725,36743,2,pt,0,1,1,25,20,22,4,0,3.5,10,0,0,7,12,2,0,10,10,10,0,2,3,2,25,20,32,10,9,12,4,0,5.5,0,0,10,10,0,4,3,2,2,1,2,2
36725,36744,1,pv,1,1,1,20,25,18,4,4,1.75,0,10,0,7,7,7,5,10,0,10,0,2,1,1,20,25,28,0,14,7,4,4,3.75,0,5,10,0,10,5,3,2,2,1,2,2
36725,36744,3,pv_pt,0,1,1,20,25,18,4,4,1.75,0,10,0,7,7,7,5,10,0,10,0,2,1,1,20,25,28,0,14,7,4,4,3.75,0,5,10,0,10,5,3,2,2,1,2,2
36725,36745,1,pv,1,1,1,20,30,15,6,2,4.5,0,20,0,2,12,7,0,5,0,5,10,2,3,3,20,30,20,0,9,12,16,2,6.5,0,0,5,0,20,6,3,2,2,1,2,2
36725,36745,2,pt,0,1,1,20,30,15,6,2,4.5,0,20,0,2,12,7,0,5,0,5,10,2,3,3,20,30,20,0,9,12,16,2,6.5,0,0,5,0,20,6,3,2,2,1,2,2
36725,36747,1,pv,1,1,1,30,30,26,2,0,1.75,10,0,0,2,7,2,10,15,0,15,10,0,3,1,30,30,41,0,4,7,12,0,1.75,0,10,15,10,0,7,2,2,1,4,2,1
36725,36747,2,pt,0,1,1,30,30,26,2,0,1.75,10,0,0,2,7,2,10,15,0,15,10,0,3,1,30,30,41,0,4,7,12,0,1.75,0,10,15,10,0,7,2,2,1,4,2,1
36725,36748,1,pv,1,1,1,20,25,15,4,2,3.0,20,20,6,7,2,12,5,15,0,5,5,0,2,2,20,25,20,6,19,2,9,2,3.0,0,5,15,20,20,8,2,2,1,4,2,1
36725,36748,3,pv_pt,0,1,1,20,25,15,4,2,3.0,20,20,6,7,2,12,5,15,0,5,5,0,2,2,20,25,20,6,19,2,9,2,3.0,0,5,15,20,20,8,2,2,1,4,2,1
36725,36749,1,pv,1,1,1,30,25,23,6,2,4.5,0,10,6,12,2,7,10,15,5,10,5,4,2,2,30,25,33,11,19,2,11,2,8.5,0,10,15,0,10,9,2,2,1,4,2,1
36725,36749,3,pv_pt,0,1,1,30,25,23,6,2,4.5,0,10,6,12,2,7,10,15,5,10,5,4,2,2,30,25,33,11,19,2,11,2,8.5,0,10,15,0,10,9,2,2,1,4,2,1
36751,36765,1,pv,1,1,1,25,30,25,4,4,4.0,10,10,6,7,7,7,5,10,5,10,0,2,1,3,25,30,35,11,14,7,4,4,6.0,0,5,10,10,10,1,3,1,1,3,1,2
36751,36765,3,pv_pt,0,1,1,25,30,25,4,4,4.0,10,10,6,7,7,7,5,10,5,10,0,2,1,3,25,30,35,11,14,7,4,4,6.0,0,5,10,10,10,1,3,1,1,3,1,2
36751,36766,1,pv,1,1,1,25,30,25,4,4,4.0,20,0,12,12,12,12,0,15,10,10,5,4,3,2,25,30,35,22,24,12,9,4,8.0,0,0,15,20,0,2,3,1,1,3,1,2
36751,36766,2,pt,0,1,1,25,30,25,4,4,4.0,20,0,12,12,12,12,0,15,10,10,5,4,3,2,25,30,35,22,24,12,9,4,8.0,0,0,15,20,0,2,3,1,1,3,1,2
36751,36767,1,pv,1,1,1,20,20,15,2,2,1.5,20,10,6,7,2,12,10,5,5,15,5,4,3,1,20,20,30,11,19,2,7,2,5.5,0,10,5,20,10,3,3,1,1,3,1,2
36751,36767,3,pv_pt,0,1,1,20,20,15,2,2,1.5,20,10,6,7,2,12,10,5,5,15,5,4,3,1,20,20,30,11,19,2,7,2,5.5,0,10,5,20,10,3,3,1,1,3,1,2
36751,36769,1,pv,1,1,1,30,25,23,6,2,4.5,0,10,6,12,2,7,10,15,5,10,5,4,2,2,30,25,33,11,19,2,11,2,8.5,0,10,15,0,10,4,3,1,2,2,1,1
36751,36769,3,pv_pt,0,1,1,30,25,23,6,2,4.5,0,10,6,12,2,7,10,15,5,10,5,4,2,2,30,25,33,11,19,2,11,2,8.5,0,10,15,0,10,4,3,1,2,2,1,1
36751,36770,1,pv,1,1,1,25,25,22,4,2,3.5,0,20,6,7,7,7,5,10,0,10,0,2,2,2,25,25,32,6,14,7,4,2,5.5,0,5,10,0,20,5,3,1,2,2,1,1
36751,36770,3,pv_pt,0,1,1,25,25,22,4,2,3.5,0,20,6,7,7,7,5,10,0,10,0,2,2,2,25,25,32,6,14,7,4,2,5.5,0,5,10,0,20,5,3,1,2,2,1,1
36751,36771,1,pv,1,1,1,20,30,15,6,2,4.5,0,20,0,2,12,7,0,5,0,5,10,2,3,3,20,30,20,0,9,12,16,2,6.5,0,0,5,0,20,6,3,1,2,2,1,1
36751,36771,2,pt,0,1,1,20,30,15,6,2,4.5,0,20,0,2,12,7,0,5,0,5,10,2,3,3,20,30,20,0,9,12,16,2,6.5,0,0,5,0,20,6,3,1,2,2,1,1
36751,36773,1,pv,1,1,1,25,25,22,2,2,1.75,20,20,6,7,2,7,5,5,5,5,0,0,3,2,25,25,27,11,14,2,2,2,1.75,0,5,5,20,20,7,4,1,2,4,1,2
36751,36773,3,pv_pt,0,1,1,25,25,22,2,2,1.75,20,20,6,7,2,7,5,5,5,5,0,0,3,2,25,25,27,11,14,2,2,2,1.75,0,5,5,20,20,7,4,1,2,4,1,2
36751,36774,2,pt,1,1,1,25,20,22,4,0,3.5,10,0,0,7,12,2,0,10,10,10,0,2,3,2,25,20,32,10,9,12,4,0,5.5,0,0,10,10,0,8,4,1,2,4,1,2
36751,36774,1,pv,1,0,1,25,20,22,4,0,3.5,10,0,0,7,12,2,0,10,10,10,0,2,3,2,25,20,32,10,9,12,4,0,5.5,0,0,10,10,0,8,4,1,2,4,1,2
36751,36775,1,pv,1,1,1,20,25,18,4,4,1.75,0,10,0,7,7,7,5,10,0,10,0,2,1,1,20,25,28,0,14,7,4,4,3.75,0,5,10,0,10,9,4,1,2,4,1,2
36751,36775,2,pt,0,1,1,20,25,18,4,4,1.75,0,10,0,7,7,7,5,10,0,10,0,2,1,1,20,25,28,0,14,7,4,4,3.75,0,5,10,0,10,9,4,1,2,4,1,2
36777,36779,1,pv,1,1,1,30,25,23,6,4,4.5,0,10,6,7,2,12,5,5,10,15,0,0,2,1,30,25,38,16,19,2,6,4,4.5,0,5,5,0,10,1,4,2,2,3,2,1
36777,36779,3,pv_pt,0,1,1,30,25,23,6,4,4.5,0,10,6,7,2,12,5,5,10,15,0,0,2,1,30,25,38,16,19,2,6,4,4.5,0,5,5,0,10,1,4,2,2,3,2,1
36777,36780,1,pv,1,1,1,25,20,22,4,0,3.5,10,0,0,7,12,2,0,10,10,10,0,2,3,2,25,20,32,10,9,12,4,0,5.5,0,0,10,10,0,2,4,2,2,3,2,1
36777,36780,2,pt,0,1,1,25,20,22,4,0,3.5,10,0,0,7,12,2,0,10,10,10,0,2,3,2,25,20,32,10,9,12,4,0,5.5,0,0,10,10,0,2,4,2,2,3,2,1
36777,36781,1,pv,1,1,1,25,20,25,6,0,6.0,20,20,0,12,2,12,0,15,10,15,5,4,1,3,25,20,40,10,24,2,11,0,10.0,0,0,15,20,20,3,4,2,2,3,2,1
36777,36781,3,pv_pt,0,1,1,25,20,25,6,0,6.0,20,20,0,12,2,12,0,15,10,15,5,4,1,3,25,20,40,10,24,2,11,0,10.0,0,0,15,20,20,3,4,2,2,3,2,1
36777,36783,1,pv,1,1,1,20,30,20,4,2,4.0,0,10,12,12,2,2,10,5,10,5,5,0,3,1,20,30,25,22,14,2,9,2,4.0,0,10,5,0,10,4,2,2,2,2,1,2
36777,36783,3,pv_pt,0,1,1,20,30,20,4,2,4.0,0,10,12,12,2,2,10,5,10,5,5,0,3,1,20,30,25,22,14,2,9,2,4.0,0,10,5,0,10,4,2,2,2,2,1,2
36777,36784,1,pv,1,1,1,25,30,25,4,4,4.0,10,10,6,7,7,7,5,10,5,10,0,2,1,3,25,30,35,11,14,7,4,4,6.0,0,5,10,10,10,5,2,2,2,2,1,2
36777,36784,3,pv_pt,0,1,1,25,30,25,4,4,4.0,10,10,6,7,7,7,5,10,5,10,0,2,1,3,25,30,35,11,14,7,4,4,6.0,0,5,10,10,10,5,2,2,2,2,1,2
36777,36785,1,pv,1,1,1,20,20,15,2,2,1.5,20,10,6,7,2,12,10,5,5,15,5,4,3,1,20,20,30,11,19,2,7,2,5.5,0,10,5,20,10,6,2,2,2,2,1,2
36777,36785,3,pv_pt,0,1,1,20,20,15,2,2,1.5,20,10,6,7,2,12,10,5,5,15,5,4,3,1,20,20,30,11,19,2,7,2,5.5,0,10,5,20,10,6,2,2,2,2,1,2
36777,36787,2,pt,1,1,1,20,25,18,2,0,1.75,0,0,12,2,7,12,0,15,5,5,5,4,2,1,20,25,23,17,14,7,7,0,5.75,0,0,15,0,0,7,4,1,2,1,1,1
36777,36787,3,pv_pt,1,0,1,20,25,18,2,0,1.75,0,0,12,2,7,12,0,15,5,5,5,4,2,1,20,25,23,17,14,7,7,0,5.75,0,0,15,0,0,7,4,1,2,1,1,1
36777,36788,3,pv_pt,1,1,1,25,20,25,6,4,6.0,10,20,12,2,2,2,10,15,5,5,10,2,3,3,25,20,30,17,4,2,16,4,8.0,0,10,15,10,20,8,4,1,2,1,1,1
36777,36788,1,pv,1,1,0,25,20,25,6,4,6.0,10,20,12,2,2,2,10,15,5,5,10,2,3,3,25,20,30,17,4,2,16,4,8.0,0,10,15,10,20,8,4,1,2,1,1,1
36777,36789,2,pt,1,1,1,20,30,15,6,2,4.5,0,20,0,2,12,7,0,5,0,5,10,2,3,3,20,30,20,0,9,12,16,2,6.5,0,0,5,0,20,9,4,1,2,1,1,1
36777,36789,1,pv,1,0,1,20,30,15,6,2,4.5,0,20,0,2,12,7,0,5,0,5,10,2,3,3,20,30,20,0,9,12,16,2,6.5,0,0,5,0,20,9,4,1,2,1,1,1
36790,36793,1,pv,1,1,1,20,30,15,6,2,4.5,0,20,0,2,12,7,0,5,0,5,10,2,3,3,20,30,20,0,9,12,16,2,6.5,0,0,5,0,20,1,1,1,1,2,2,1
36790,36793,2,pt,0,1,1,20,30,15,6,2,4.5,0,20,0,2,12,7,0,5,0,5,10,2,3,3,20,30,20,0,9,12,16,2,6.5,0,0,5,0,20,1,1,1,1,2,2,1
36790,36794,1,pv,1,1,1,20,25,18,2,0,1.75,0,0,12,2,7,12,0,15,5,5,5,4,2,1,20,25,23,17,14,7,7,0,5.75,0,0,15,0,0,2,1,1,1,2,2,1
36790,36794,2,pt,0,1,1,20,25,18,2,0,1.75,0,0,12,2,7,12,0,15,5,5,5,4,2,1,20,25,23,17,14,7,7,0,5.75,0,0,15,0,0,2,1,1,1,2,2,1
36790,36795,1,pv,1,1,1,25,25,22,2,4,1.75,10,0,6,12,12,2,10,15,10,15,10,0,1,3,25,25,37,16,14,12,12,4,1.75,0,10,15,10,0,3,1,1,1,2,2,1
36790,36795,2,pt,0,1,1,25,25,22,2,4,1.75,10,0,6,12,12,2,10,15,10,15,10,0,1,3,25,25,37,16,14,12,12,4,1.75,0,10,15,10,0,3,1,1,1,2,2,1
36790,36798,1,pv,1,1,1,25,25,22,2,2,1.75,20,20,6,7,2,7,5,5,5,5,0,0,3,2,25,25,27,11,14,2,2,2,1.75,0,5,5,20,20,4,3,1,2,4,2,1
36790,36798,3,pv_pt,0,1,1,25,25,22,2,2,1.75,20,20,6,7,2,7,5,5,5,5,0,0,3,2,25,25,27,11,14,2,2,2,1.75,0,5,5,20,20,4,3,1,2,4,2,1
36790,36799,1,pv,1,1,1,25,20,25,6,4,6.0,20,0,6,2,7,2,0,5,0,15,10,2,2,2,25,20,40,6,4,7,16,4,8.0,0,0,5,20,0,5,3,1,2,4,2,1
36790,36799,2,pt,0,1,1,25,20,25,6,4,6.0,20,0,6,2,7,2,0,5,0,15,10,2,2,2,25,20,40,6,4,7,16,4,8.0,0,0,5,20,0,5,3,1,2,4,2,1
36790,36800,1,pv,1,1,1,25,30,25,4,4,4.0,20,0,12,12,12,12,0,15,10,10,5,4,3,2,25,30,35,22,24,12,9,4,8.0,0,0,15,20,0,6,3,1,2,4,2,1
36790,36800,2,pt,0,1,1,25,30,25,4,4,4.0,20,0,12,12,12,12,0,15,10,10,5,4,3,2,25,30,35,22,24,12,9,4,8.0,0,0,15,20,0,6,3,1,2,4,2,1
36790,36802,1,pv,1,1,1,20,25,18,4,4,1.75,0,10,0,7,7,7,5,10,0,10,0,2,1,1,20,25,28,0,14,7,4,4,3.75,0,5,10,0,10,7,1,2,1,1,1,1
36790,36802,2,pt,0,1,1,20,25,18,4,4,1.75,0,10,0,7,7,7,5,10,0,10,0,2,1,1,20,25,28,0,14,7,4,4,3.75,0,5,10,0,10,7,1,2,1,1,1,1
36790,36803,1,pv,1,1,1,30,30,26,2,4,1.75,0,20,12,2,12,7,0,5,10,15,10,4,1,2,30,30,41,22,9,12,12,4,5.75,0,0,5,0,20,8,1,2,1,1,1,1
36790,36803,2,pt,0,1,1,30,30,26,2,4,1.75,0,20,12,2,12,7,0,5,10,15,10,4,1,2,30,30,41,22,9,12,12,4,5.75,0,0,5,0,20,8,1,2,1,1,1,1
36790,36804,1,pv,1,1,1,25,25,22,4,2,3.5,0,20,6,7,7,7,5,10,0,10,0,2,2,2,25,25,32,6,14,7,4,2,5.5,0,5,10,0,20,9,1,2,1,1,1,1
36790,36804,2,pt,0,1,1,25,25,22,4,2,3.5,0,20,6,7,7,7,5,10,0,10,0,2,2,2,25,25,32,6,14,7,4,2,5.5,0,5,10,0,20,9,1,2,1,1,1,1
36871,36885,3,pv_pt,1,1,1,20,30,20,4,2,4.0,0,10,12,12,2,2,10,5,10,5,5,0,3,1,20,30,25,22,14,2,9,2,4.0,0,10,5,0,10,1,4,1,1,2,2,2
36871,36885,1,pv,1,1,0,20,30,20,4,2,4.0,0,10,12,12,2,2,10,5,10,5,5,0,3,1,20,30,25,22,14,2,9,2,4.0,0,10,5,0,10,1,4,1,1,2,2,2
36871,36886,1,pv,1,1,1,25,20,25,6,0,6.0,20,20,0,12,2,12,0,15,10,15,5,4,1,3,25,20,40,10,24,2,11,0,10.0,0,0,15,20,20,2,4,1,1,2,2,2
36871,36886,2,pt,0,1,1,25,20,25,6,0,6.0,20,20,0,12,2,12,0,15,10,15,5,4,1,3,25,20,40,10,24,2,11,0,10.0,0,0,15,20,20,2,4,1,1,2,2,2
36871,36887,3,pv_pt,1,1,1,25,25,22,2,2,1.75,20,20,6,7,2,7,5,5,5,5,0,0,3,2,25,25,27,11,14,2,2,2,1.75,0,5,5,20,20,3,4,1,1,2,2,2
36871,36887,1,pv,1,1,0,25,25,22,2,2,1.75,20,20,6,7,2,7,5,5,5,5,0,0,3,2,25,25,27,11,14,2,2,2,1.75,0,5,5,20,20,3,4,1,1,2,2,2
36871,36889,2,pt,1,1,1,25,20,22,4,0,3.5,10,0,0,7,12,2,0,10,10,10,0,2,3,2,25,20,32,10,9,12,4,0,5.5,0,0,10,10,0,4,3,1,1,2,1,2
36871,36889,1,pv,1,0,1,25,20,22,4,0,3.5,10,0,0,7,12,2,0,10,10,10,0,2,3,2,25,20,32,10,9,12,4,0,5.5,0,0,10,10,0,4,3,1,1,2,1,2
36871,36890,1,pv,1,1,1,25,20,25,6,4,6.0,10,20,12,2,2,2,10,15,5,5,10,2,3,3,25,20,30,17,4,2,16,4,8.0,0,10,15,10,20,5,3,1,1,2,1,2
36871,36890,3,pv_pt,0,1,1,25,20,25,6,4,6.0,10,20,12,2,2,2,10,15,5,5,10,2,3,3,25,20,30,17,4,2,16,4,8.0,0,10,15,10,20,5,3,1,1,2,1,2
36871,36892,1,pv,1,1,1,20,30,20,6,0,6.0,10,0,0,2,12,12,10,10,10,10,10,0,1,2,20,30,30,10,14,12,16,0,6.0,0,10,10,10,0,6,3,1,1,2,1,2
36871,36892,2,pt,0,1,1,20,30,20,6,0,6.0,10,0,0,2,12,12,10,10,10,10,10,0,1,2,20,30,30,10,14,12,16,0,6.0,0,10,10,10,0,6,3,1,1,2,1,2
36871,36894,2,pt,1,1,1,25,20,25,6,4,6.0,20,0,6,2,7,2,0,5,0,15,10,2,2,2,25,20,40,6,4,7,16,4,8.0,0,0,5,20,0,7,3,2,1,4,2,2
36871,36894,3,pv_pt,1,0,1,25,20,25,6,4,6.0,20,0,6,2,7,2,0,5,0,15,10,2,2,2,25,20,40,6,4,7,16,4,8.0,0,0,5,20,0,7,3,2,1,4,2,2
36871,36895,2,pt,1,1,1,20,20,15,2,2,1.5,20,10,6,7,2,12,10,5,5,15,5,4,3,1,20,20,30,11,19,2,7,2,5.5,0,10,5,20,10,8,3,2,1,4,2,2
36871,36895,3,pv_pt,1,0,1,20,20,15,2,2,1.5,20,10,6,7,2,12,10,5,5,15,5,4,3,1,20,20,30,11,19,2,7,2,5.5,0,10,5,20,10,8,3,2,1,4,2,2
36871,36896,1,pv,1,1,1,20,25,18,4,4,1.75,0,10,0,7,7,7,5,10,0,10,0,2,1,1,20,25,28,0,14,7,4,4,3.75,0,5,10,0,10,9,3,2,1,4,2,2
36871,36896,2,pt,0,1,1,20,25,18,4,4,1.75,0,10,0,7,7,7,5,10,0,10,0,2,1,1,20,25,28,0,14,7,4,4,3.75,0,5,10,0,10,9,3,2,1,4,2,2
36950,36990,1,pv,1,1,1,30,30,30,4,0,4.0,20,20,0,12,12,2,10,10,5,5,10,4,2,1,30,30,35,5,14,12,14,0,8.0,0,10,10,20,20,1,3,1,1,3,1,2
36950,36990,3,pv_pt,0,1,1,30,30,30,4,0,4.0,20,20,0,12,12,2,10,10,5,5,10,4,2,1,30,30,35,5,14,12,14,0,8.0,0,10,10,20,20,1,3,1,1,3,1,2
36950,36991,1,pv,1,1,1,25,25,22,4,2,3.5,0,20,6,7,7,7,5,10,0,10,0,2,2,2,25,25,32,6,14,7,4,2,5.5,0,5,10,0,20,2,3,1,1,3,1,2
36950,36991,3,pv_pt,0,1,1,25,25,22,4,2,3.5,0,20,6,7,7,7,5,10,0,10,0,2,2,2,25,25,32,6,14,7,4,2,5.5,0,5,10,0,20,2,3,1,1,3,1,2
36950,36992,1,pv,1,1,1,20,30,20,6,0,6.0,10,0,0,2,12,12,10,10,10,10,10,0,1,2,20,30,30,10,14,12,16,0,6.0,0,10,10,10,0,3,3,1,1,3,1,2
36950,36992,2,pt,0,1,1,20,30,20,6,0,6.0,10,0,0,2,12,12,10,10,10,10,10,0,1,2,20,30,30,10,14,12,16,0,6.0,0,10,10,10,0,3,3,1,1,3,1,2
36950,36994,1,pv,1,1,1,30,20,30,2,0,2.0,0,10,12,12,7,12,5,10,0,15,10,0,3,3,30,20,45,12,24,7,12,0,2.0,0,5,10,0,10,4,3,2,2,3,1,1
36950,36994,3,pv_pt,0,1,1,30,20,30,2,0,2.0,0,10,12,12,7,12,5,10,0,15,10,0,3,3,30,20,45,12,24,7,12,0,2.0,0,5,10,0,10,4,3,2,2,3,1,1
36950,36995,1,pv,1,1,1,25,25,22,2,4,1.75,10,0,6,12,12,2,10,15,10,15,10,0,1,3,25,25,37,16,14,12,12,4,1.75,0,10,15,10,0,5,3,2,2,3,1,1
36950,36995,2,pt,0,1,1,25,25,22,2,4,1.75,10,0,6,12,12,2,10,15,10,15,10,0,1,3,25,25,37,16,14,12,12,4,1.75,0,10,15,10,0,5,3,2,2,3,1,1
36950,36996,1,pv,1,1,1,30,20,23,4,0,3.0,20,20,12,2,12,2,0,15,10,5,0,0,1,1,30,20,28,22,4,12,4,0,3.0,0,0,15,20,20,6,3,2,2,3,1,1
36950,36996,2,pt,0,1,1,30,20,23,4,0,3.0,20,20,12,2,12,2,0,15,10,5,0,0,1,1,30,20,28,22,4,12,4,0,3.0,0,0,15,20,20,6,3,2,2,3,1,1
36950,36998,1,pv,1,1,1,25,30,25,4,4,4.0,10,10,6,7,7,7,5,10,5,10,0,2,1,3,25,30,35,11,14,7,4,4,6.0,0,5,10,10,10,7,4,1,1,2,2,2
36950,36998,3,pv_pt,0,1,1,25,30,25,4,4,4.0,10,10,6,7,7,7,5,10,5,10,0,2,1,3,25,30,35,11,14,7,4,4,6.0,0,5,10,10,10,7,4,1,1,2,2,2
36950,36999,1,pv,1,1,1,20,25,18,4,4,1.75,0,10,0,7,7,7,5,10,0,10,0,2,1,1,20,25,28,0,14,7,4,4,3.75,0,5,10,0,10,8,4,1,1,2,2,2
36950,36999,3,pv_pt,0,1,1,20,25,18,4,4,1.75,0,10,0,7,7,7,5,10,0,10,0,2,1,1,20,25,28,0,14,7,4,4,3.75,0,5,10,0,10,8,4,1,1,2,2,2
36950,37000,1,pv,1,1,1,20,30,15,6,2,4.5,0,20,0,2,12,7,0,5,0,5,10,2,3,3,20,30,20,0,9,12,16,2,6.5,0,0,5,0,20,9,4,1,1,2,2,2
36950,37000,2,pt,0,1,1,20,30,15,6,2,4.5,0,20,0,2,12,7,0,5,0,5,10,2,3,3,20,30,20,0,9,12,16,2,6.5,0,0,5,0,20,9,4,1,1,2,2,2
37001,37029,1,pv,1,1,1,25,30,25,4,4,4.0,10,10,6,7,7,7,5,10,5,10,0,2,1,3,25,30,35,11,14,7,4,4,6.0,0,5,10,10,10,1,1,1,2,3,2,2
37001,37029,3,pv_pt,0,1,1,25,30,25,4,4,4.0,10,10,6,7,7,7,5,10,5,10,0,2,1,3,25,30,35,11,14,7,4,4,6.0,0,5,10,10,10,1,1,1,2,3,2,2
37001,37030,1,pv,1,1,1,25,20,25,6,0,6.0,20,20,0,12,2,12,0,15,10,15,5,4,1,3,25,20,40,10,24,2,11,0,10.0,0,0,15,20,20,2,1,1,2,3,2,2
37001,37030,3,pv_pt,0,1,1,25,20,25,6,0,6.0,20,20,0,12,2,12,0,15,10,15,5,4,1,3,25,20,40,10,24,2,11,0,10.0,0,0,15,20,20,2,1,1,2,3,2,2
37001,37031,3,pv_pt,1,1,1,20,20,15,2,2,1.5,20,10,6,7,2,12,10,5,5,15,5,4,3,1,20,20,30,11,19,2,7,2,5.5,0,10,5,20,10,3,1,1,2,3,2,2
37001,37031,1,pv,1,1,0,20,20,15,2,2,1.5,20,10,6,7,2,12,10,5,5,15,5,4,3,1,20,20,30,11,19,2,7,2,5.5,0,10,5,20,10,3,1,1,2,3,2,2
37001,37033,2,pt,1,1,1,30,20,23,6,2,4.5,20,0,12,2,12,12,10,5,0,10,0,2,1,3,30,20,33,12,14,12,6,2,6.5,0,10,5,20,0,4,4,1,1,4,1,1
37001,37033,3,pv_pt,1,0,1,30,20,23,6,2,4.5,20,0,12,2,12,12,10,5,0,10,0,2,1,3,30,20,33,12,14,12,6,2,6.5,0,10,5,20,0,4,4,1,1,4,1,1
37001,37034,3,pv_pt,1,1,1,20,25,15,4,2,3.0,20,20,6,7,2,12,5,15,0,5,5,0,2,2,20,25,20,6,19,2,9,2,3.0,0,5,15,20,20,5,4,1,1,4,1,1
37001,37034,1,pv,1,1,0,20,25,15,4,2,3.0,20,20,6,7,2,12,5,15,0,5,5,0,2,2,20,25,20,6,19,2,9,2,3.0,0,5,15,20,20,5,4,1,1,4,1,1
37001,37035,1,pv,1,1,1,20,25,18,4,4,1.75,0,10,0,7,7,7,5,10,0,10,0,2,1,1,20,25,28,0,14,7,4,4,3.75,0,5,10,0,10,6,4,1,1,4,1,1
37001,37035,3,pv_pt,0,1,1,20,25,18,4,4,1.75,0,10,0,7,7,7,5,10,0,10,0,2,1,1,20,25,28,0,14,7,4,4,3.75,0,5,10,0,10,6,4,1,1,4,1,1
37001,37037,1,pv,1,1,1,30,25,23,6,4,4.5,0,10,6,7,2,12,5,5,10,15,0,0,2,1,30,25,38,16,19,2,6,4,4.5,0,5,5,0,10,7,4,1,2,1,1,1
37001,37037,3,pv_pt,0,1,1,30,25,23,6,4,4.5,0,10,6,7,2,12,5,5,10,15,0,0,2,1,30,25,38,16,19,2,6,4,4.5,0,5,5,0,10,7,4,1,2,1,1,1
37001,37038,1,pv,1,1,1,25,30,25,4,4,4.0,20,0,12,12,12,12,0,15,10,10,5,4,3,2,25,30,35,22,24,12,9,4,8.0,0,0,15,20,0,8,4,1,2,1,1,1
37001,37038,3,pv_pt,0,1,1,25,30,25,4,4,4.0,20,0,12,12,12,12,0,15,10,10,5,4,3,2,25,30,35,22,24,12,9,4,8.0,0,0,15,20,0,8,4,1,2,1,1,1
37001,37039,3,pv_pt,1,1,1,20,30,18,6,0,5.25,10,0,12,12,7,2,0,10,0,15,5,4,1,1,20,30,33,12,14,7,11,0,9.25,0,0,10,10,0,9,4,1,2,1,1,1
37001,37039,1,pv,1,1,0,20,30,18,6,0,5.25,10,0,12,12,7,2,0,10,0,15,5,4,1,1,20,30,33,12,14,7,11,0,9.25,0,0,10,10,0,9,4,1,2,1,1,1
37002,37005,1,pv,1,1,1,25,25,22,2,4,1.75,10,0,6,12,12,2,10,15,10,15,10,0,1,3,25,25,37,16,14,12,12,4,1.75,0,10,15,10,0,1,3,2,2,1,2,2
37002,37005,3,pv_pt,0,1,1,25,25,22,2,4,1.75,10,0,6,12,12,2,10,15,10,15,10,0,1,3,25,25,37,16,14,12,12,4,1.75,0,10,15,10,0,1,3,2,2,1,2,2
37002,37006,2,pt,1,1,1,25,20,22,4,0,3.5,10,0,0,7,12,2,0,10,10,10,0,2,3,2,25,20,32,10,9,12,4,0,5.5,0,0,10,10,0,2,3,2,2,1,2,2
37002,37006,1,pv,1,0,1,25,20,22,4,0,3.5,10,0,0,7,12,2,0,10,10,10,0,2,3,2,25,20,32,10,9,12,4,0,5.5,0,0,10,10,0,2,3,2,2,1,2,2
37002,37007,2,pt,1,1,1,25,20,25,6,4,6.0,10,20,12,2,2,2,10,15,5,5,10,2,3,3,25,20,30,17,4,2,16,4,8.0,0,10,15,10,20,3,3,2,2,1,2,2
37002,37007,1,pv,1,0,1,25,20,25,6,4,6.0,10,20,12,2,2,2,10,15,5,5,10,2,3,3,25,20,30,17,4,2,16,4,8.0,0,10,15,10,20,3,3,2,2,1,2,2
37002,37009,2,pt,1,1,1,30,20,30,2,0,2.0,0,10,12,12,7,12,5,10,0,15,10,0,3,3,30,20,45,12,24,7,12,0,2.0,0,5,10,0,10,4,3,1,1,3,1,2
37002,37009,1,pv,1,0,1,30,20,30,2,0,2.0,0,10,12,12,7,12,5,10,0,15,10,0,3,3,30,20,45,12,24,7,12,0,2.0,0,5,10,0,10,4,3,1,1,3,1,2
37002,37010,1,pv,1,1,1,25,20,25,6,0,6.0,20,20,0,12,2,12,0,15,10,15,5,4,1,3,25,20,40,10,24,2,11,0,10.0,0,0,15,20,20,5,3,1,1,3,1,2
37002,37010,2,pt,0,1,1,25,20,25,6,0,6.0,20,20,0,12,2,12,0,15,10,15,5,4,1,3,25,20,40,10,24,2,11,0,10.0,0,0,15,20,20,5,3,1,1,3,1,2
37002,37011,1,pv,1,1,1,25,25,22,4,2,3.5,0,20,6,7,7,7,5,10,0,10,0,2,2,2,25,25,32,6,14,7,4,2,5.5,0,5,10,0,20,6,3,1,1,3,1,2
37002,37011,3,pv_pt,0,1,1,25,25,22,4,2,3.5,0,20,6,7,7,7,5,10,0,10,0,2,2,2,25,25,32,6,14,7,4,2,5.5,0,5,10,0,20,6,3,1,1,3,1,2
37002,37013,2,pt,1,1,1,25,20,25,6,4,6.0,20,0,6,2,7,2,0,5,0,15,10,2,2,2,25,20,40,6,4,7,16,4,8.0,0,0,5,20,0,7,4,1,1,4,1,1
37002,37013,3,pv_pt,1,0,1,25,20,25,6,4,6.0,20,0,6,2,7,2,0,5,0,15,10,2,2,2,25,20,40,6,4,7,16,4,8.0,0,0,5,20,0,7,4,1,1,4,1,1
37002,37014,2,pt,1,1,1,25,25,22,2,2,1.75,20,20,6,7,2,7,5,5,5,5,0,0,3,2,25,25,27,11,14,2,2,2,1.75,0,5,5,20,20,8,4,1,1,4,1,1
37002,37014,1,pv,1,0,1,25,25,22,2,2,1.75,20,20,6,7,2,7,5,5,5,5,0,0,3,2,25,25,27,11,14,2,2,2,1.75,0,5,5,20,20,8,4,1,1,4,1,1
37002,37015,1,pv,1,1,1,30,25,23,2,4,1.5,10,10,0,12,2,7,5,5,5,5,5,4,2,3,30,25,28,5,19,2,7,4,5.5,0,5,5,10,10,9,4,1,1,4,1,1
37002,37015,3,pv_pt,0,1,1,30,25,23,2,4,1.5,10,10,0,12,2,7,5,5,5,5,5,4,2,3,30,25,28,5,19,2,7,4,5.5,0,5,5,10,10,9,4,1,1,4,1,1
37003,37017,2,pt,1,1,1,20,20,15,2,2,1.5,20,10,6,7,2,12,10,5,5,15,5,4,3,1,20,20,30,11,19,2,7,2,5.5,0,10,5,20,10,1,2,2,1,4,2,1
37003,37017,3,pv_pt,1,0,1,20,20,15,2,2,1.5,20,10,6,7,2,12,10,5,5,15,5,4,3,1,20,20,30,11,19,2,7,2,5.5,0,10,5,20,10,1,2,2,1,4,2,1
37003,37018,2,pt,1,1,1,25,20,25,6,4,6.0,20,0,6,2,7,2,0,5,0,15,10,2,2,2,25,20,40,6,4,7,16,4,8.0,0,0,5,20,0,2,2,2,1,4,2,1
37003,37018,3,pv_pt,1,0,1,25,20,25,6,4,6.0,20,0,6,2,7,2,0,5,0,15,10,2,2,2,25,20,40,6,4,7,16,4,8.0,0,0,5,20,0,2,2,2,1,4,2,1
37003,37019,3,pv_pt,1,1,1,20,30,15,6,2,4.5,0,20,0,2,12,7,0,5,0,5,10,2,3,3,20,30,20,0,9,12,16,2,6.5,0,0,5,0,20,3,2,2,1,4,2,1
37003,37019,2,pt,1,1,0,20,30,15,6,2,4.5,0,20,0,2,12,7,0,5,0,5,10,2,3,3,20,30,20,0,9,12,16,2,6.5,0,0,5,0,20,3,2,2,1,4,2,1
37003,37021,2,pt,1,1,1,30,25,23,6,2,4.5,0,10,6,12,2,7,10,15,5,10,5,4,2,2,30,25,33,11,19,2,11,2,8.5,0,10,15,0,10,4,2,1,1,1,2,2
37003,37021,3,pv_pt,1,0,1,30,25,23,6,2,4.5,0,10,6,12,2,7,10,15,5,10,5,4,2,2,30,25,33,11,19,2,11,2,8.5,0,10,15,0,10,4,2,1,1,1,2,2
37003,37022,2,pt,1,1,1,25,30,25,4,4,4.0,20,0,12,12,12,12,0,15,10,10,5,4,3,2,25,30,35,22,24,12,9,4,8.0,0,0,15,20,0,5,2,1,1,1,2,2
37003,37022,1,pv,1,0,1,25,30,25,4,4,4.0,20,0,12,12,12,12,0,15,10,10,5,4,3,2,25,30,35,22,24,12,9,4,8.0,0,0,15,20,0,5,2,1,1,1,2,2
37003,37023,2,pt,1,1,1,20,30,20,6,0,6.0,10,0,0,2,12,12,10,10,10,10,10,0,1,2,20,30,30,10,14,12,16,0,6.0,0,10,10,10,0,6,2,1,1,1,2,2
37003,37023,3,pv_pt,1,0,1,20,30,20,6,0,6.0,10,0,0,2,12,12,10,10,10,10,10,0,1,2,20,30,30,10,14,12,16,0,6.0,0,10,10,10,0,6,2,1,1,1,2,2
37003,37025,2,pt,1,1,1,30,20,23,4,0,3.0,20,20,12,2,12,2,0,15,10,5,0,0,1,1,30,20,28,22,4,12,4,0,3.0,0,0,15,20,20,7,4,2,2,3,2,1
37003,37025,1,pv,1,0,1,30,20,23,4,0,3.0,20,20,12,2,12,2,0,15,10,5,0,0,1,1,30,20,28,22,4,12,4,0,3.0,0,0,15,20,20,7,4,2,2,3,2,1
37003,37026,2,pt,1,1,1,25,20,22,4,0,3.5,10,0,0,7,12,2,0,10,10,10,0,2,3,2,25,20,32,10,9,12,4,0,5.5,0,0,10,10,0,8,4,2,2,3,2,1
37003,37026,1,pv,1,0,1,25,20,22,4,0,3.5,10,0,0,7,12,2,0,10,10,10,0,2,3,2,25,20,32,10,9,12,4,0,5.5,0,0,10,10,0,8,4,2,2,3,2,1
37003,37027,3,pv_pt,1,1,1,30,25,23,2,4,1.5,10,10,0,12,2,7,5,5,5,5,5,4,2,3,30,25,28,5,19,2,7,4,5.5,0,5,5,10,10,9,4,2,2,3,2,1
37003,37027,1,pv,1,1,0,30,25,23,2,4,1.5,10,10,0,12,2,7,5,5,5,5,5,4,2,3,30,25,28,5,19,2,7,4,5.5,0,5,5,10,10,9,4,2,2,3,2,1
37136,37139,1,pv,1,1,1,25,20,25,6,4,6.0,10,20,12,2,2,2,10,15,5,5,10,2,3,3,25,20,30,17,4,2,16,4,8.0,0,10,15,10,20,1,3,2,2,1,2,2
37136,37139,2,pt,0,1,1,25,20,25,6,4,6.0,10,20,12,2,2,2,10,15,5,5,10,2,3,3,25,20,30,17,4,2,16,4,8.0,0,10,15,10,20,1,3,2,2,1,2,2
37136,37140,1,pv,1,1,1,25,30,25,4,4,4.0,20,0,12,12,12,12,0,15,10,10,5,4,3,2,25,30,35,22,24,12,9,4,8.0,0,0,15,20,0,2,3,2,2,1,2,2
37136,37140,2,pt,0,1,1,25,30,25,4,4,4.0,20,0,12,12,12,12,0,15,10,10,5,4,3,2,25,30,35,22,24,12,9,4,8.0,0,0,15,20,0,2,3,2,2,1,2,2
37136,37141,1,pv,1,1,1,30,30,30,4,0,4.0,20,20,0,12,12,2,10,10,5,5,10,4,2,1,30,30,35,5,14,12,14,0,8.0,0,10,10,20,20,3,3,2,2,1,2,2
37136,37141,2,pt,0,1,1,30,30,30,4,0,4.0,20,20,0,12,12,2,10,10,5,5,10,4,2,1,30,30,35,5,14,12,14,0,8.0,0,10,10,20,20,3,3,2,2,1,2,2
37136,37143,2,pt,1,1,1,25,20,22,4,0,3.5,10,0,0,7,12,2,0,10,10,10,0,2,3,2,25,20,32,10,9,12,4,0,5.5,0,0,10,10,0,4,4,2,1,1,1,2
37136,37143,1,pv,1,0,1,25,20,22,4,0,3.5,10,0,0,7,12,2,0,10,10,10,0,2,3,2,25,20,32,10,9,12,4,0,5.5,0,0,10,10,0,4,4,2,1,1,1,2
37136,37144,2,pt,1,1,1,30,30,26,2,4,1.75,0,20,12,2,12,7,0,5,10,15,10,4,1,2,30,30,41,22,9,12,12,4,5.75,0,0,5,0,20,5,4,2,1,1,1,2
37136,37144,3,pv_pt,1,0,1,30,30,26,2,4,1.75,0,20,12,2,12,7,0,5,10,15,10,4,1,2,30,30,41,22,9,12,12,4,5.75,0,0,5,0,20,5,4,2,1,1,1,2
37136,37145,2,pt,1,1,1,25,20,25,6,0,6.0,20,20,0,12,2,12,0,15,10,15,5,4,1,3,25,20,40,10,24,2,11,0,10.0,0,0,15,20,20,6,4,2,1,1,1,2
37136,37145,1,pv,1,0,1,25,20,25,6,0,6.0,20,20,0,12,2,12,0,15,10,15,5,4,1,3,25,20,40,10,24,2,11,0,10.0,0,0,15,20,20,6,4,2,1,1,1,2
37136,37147,2,pt,1,1,1,30,20,23,6,2,4.5,20,0,12,2,12,12,10,5,0,10,0,2,1,3,30,20,33,12,14,12,6,2,6.5,0,10,5,20,0,7,1,2,1,1,1,1
37136,37147,1,pv,1,0,1,30,20,23,6,2,4.5,20,0,12,2,12,12,10,5,0,10,0,2,1,3,30,20,33,12,14,12,6,2,6.5,0,10,5,20,0,7,1,2,1,1,1,1
37136,37148,2,pt,1,1,1,20,30,18,6,0,5.25,10,0,12,12,7,2,0,10,0,15,5,4,1,1,20,30,33,12,14,7,11,0,9.25,0,0,10,10,0,8,1,2,1,1,1,1
37136,37148,1,pv,1,0,1,20,30,18,6,0,5.25,10,0,12,12,7,2,0,10,0,15,5,4,1,1,20,30,33,12,14,7,11,0,9.25,0,0,10,10,0,8,1,2,1,1,1,1
37136,37149,2,pt,1,1,1,30,25,23,6,4,4.5,0,10,6,7,2,12,5,5,10,15,0,0,2,1,30,25,38,16,19,2,6,4,4.5,0,5,5,0,10,9,1,2,1,1,1,1
37136,37149,3,pv_pt,1,0,1,30,25,23,6,4,4.5,0,10,6,7,2,12,5,5,10,15,0,0,2,1,30,25,38,16,19,2,6,4,4.5,0,5,5,0,10,9,1,2,1,1,1,1
37137,37152,1,pv,1,1,1,25,20,25,6,4,6.0,10,20,12,2,2,2,10,15,5,5,10,2,3,3,25,20,30,17,4,2,16,4,8.0,0,10,15,10,20,1,1,1,1,2,2,1
37137,37152,3,pv_pt,0,1,1,25,20,25,6,4,6.0,10,20,12,2,2,2,10,15,5,5,10,2,3,3,25,20,30,17,4,2,16,4,8.0,0,10,15,10,20,1,1,1,1,2,2,1
37137,37153,1,pv,1,1,1,30,25,23,2,4,1.5,10,10,0,12,2,7,5,5,5,5,5,4,2,3,30,25,28,5,19,2,7,4,5.5,0,5,5,10,10,2,1,1,1,2,2,1
37137,37153,3,pv_pt,0,1,1,30,25,23,2,4,1.5,10,10,0,12,2,7,5,5,5,5,5,4,2,3,30,25,28,5,19,2,7,4,5.5,0,5,5,10,10,2,1,1,1,2,2,1
37137,37154,1,pv,1,1,1,25,30,25,4,4,4.0,10,10,6,7,7,7,5,10,5,10,0,2,1,3,25,30,35,11,14,7,4,4,6.0,0,5,10,10,10,3,1,1,1,2,2,1
37137,37154,3,pv_pt,0,1,1,25,30,25,4,4,4.0,10,10,6,7,7,7,5,10,5,10,0,2,1,3,25,30,35,11,14,7,4,4,6.0,0,5,10,10,10,3,1,1,1,2,2,1
37137,37156,1,pv,1,1,1,30,30,30,4,0,4.0,20,20,0,12,12,2,10,10,5,5,10,4,2,1,30,30,35,5,14,12,14,0,8.0,0,10,10,20,20,4,3,1,1,3,1,2
37137,37156,3,pv_pt,0,1,1,30,30,30,4,0,4.0,20,20,0,12,12,2,10,10,5,5,10,4,2,1,30,30,35,5,14,12,14,0,8.0,0,10,10,20,20,4,3,1,1,3,1,2
37137,37157,1,pv,1,1,1,20,25,15,4,2,3.0,20,20,6,7,2,12,5,15,0,5,5,0,2,2,20,25,20,6,19,2,9,2,3.0,0,5,15,20,20,5,3,1,1,3,1,2
37137,37157,2,pt,0,1,1,20,25,15,4,2,3.0,20,20,6,7,2,12,5,15,0,5,5,0,2,2,20,25,20,6,19,2,9,2,3.0,0,5,15,20,20,5,3,1,1,3,1,2
37137,37158,1,pv,1,1,1,25,25,22,4,2,3.5,0,20,6,7,7,7,5,10,0,10,0,2,2,2,25,25,32,6,14,7,4,2,5.5,0,5,10,0,20,6,3,1,1,3,1,2
37137,37158,2,pt,0,1,1,25,25,22,4,2,3.5,0,20,6,7,7,7,5,10,0,10,0,2,2,2,25,25,32,6,14,7,4,2,5.5,0,5,10,0,20,6,3,1,1,3,1,2
37137,37160,1,pv,1,1,1,20,30,20,4,2,4.0,0,10,12,12,2,2,10,5,10,5,5,0,3,1,20,30,25,22,14,2,9,2,4.0,0,10,5,0,10,7,2,2,2,3,1,2
37137,37160,3,pv_pt,0,1,1,20,30,20,4,2,4.0,0,10,12,12,2,2,10,5,10,5,5,0,3,1,20,30,25,22,14,2,9,2,4.0,0,10,5,0,10,7,2,2,2,3,1,2
37137,37161,1,pv,1,1,1,25,25,22,2,4,1.75,10,0,6,12,12,2,10,15,10,15,10,0,1,3,25,25,37,16,14,12,12,4,1.75,0,10,15,10,0,8,2,2,2,3,1,2
37137,37161,2,pt,0,1,1,25,25,22,2,4,1.75,10,0,6,12,12,2,10,15,10,15,10,0,1,3,25,25,37,16,14,12,12,4,1.75,0,10,15,10,0,8,2,2,2,3,1,2
37137,37162,1,pv,1,1,1,30,20,23,4,0,3.0,20,20,12,2,12,2,0,15,10,5,0,0,1,1,30,20,28,22,4,12,4,0,3.0,0,0,15,20,20,9,2,2,2,3,1,2
37137,37162,2,pt,0,1,1,30,20,23,4,0,3.0,20,20,12,2,12,2,0,15,10,5,0,0,1,1,30,20,28,22,4,12,4,0,3.0,0,0,15,20,20,9,2,2,2,3,1,2
37187,37189,1,pv,1,1,1,25,20,22,4,0,3.5,10,0,0,7,12,2,0,10,10,10,0,2,3,2,25,20,32,10,9,12,4,0,5.5,0,0,10,10,0,1,4,2,2,2,2,1
37187,37189,3,pv_pt,0,1,1,25,20,22,4,0,3.5,10,0,0,7,12,2,0,10,10,10,0,2,3,2,25,20,32,10,9,12,4,0,5.5,0,0,10,10,0,1,4,2,2,2,2,1
37187,37190,1,pv,1,1,1,25,30,25,4,4,4.0,20,0,12,12,12,12,0,15,10,10,5,4,3,2,25,30,35,22,24,12,9,4,8.0,0,0,15,20,0,2,4,2,2,2,2,1
37187,37190,2,pt,0,1,1,25,30,25,4,4,4.0,20,0,12,12,12,12,0,15,10,10,5,4,3,2,25,30,35,22,24,12,9,4,8.0,0,0,15,20,0,2,4,2,2,2,2,1
37187,37191,1,pv,1,1,1,25,25,22,2,4,1.75,10,0,6,12,12,2,10,15,10,15,10,0,1,3,25,25,37,16,14,12,12,4,1.75,0,10,15,10,0,3,4,2,2,2,2,1
37187,37191,3,pv_pt,0,1,1,25,25,22,2,4,1.75,10,0,6,12,12,2,10,15,10,15,10,0,1,3,25,25,37,16,14,12,12,4,1.75,0,10,15,10,0,3,4,2,2,2,2,1
37187,37193,2,pt,1,1,1,30,25,23,6,2,4.5,0,10,6,12,2,7,10,15,5,10,5,4,2,2,30,25,33,11,19,2,11,2,8.5,0,10,15,0,10,4,2,2,1,4,2,1
37187,37193,1,pv,1,0,1,30,25,23,6,2,4.5,0,10,6,12,2,7,10,15,5,10,5,4,2,2,30,25,33,11,19,2,11,2,8.5,0,10,15,0,10,4,2,2,1,4,2,1
37187,37194,2,pt,1,1,1,20,20,15,2,2,1.5,20,10,6,7,2,12,10,5,5,15,5,4,3,1,20,20,30,11,19,2,7,2,5.5,0,10,5,20,10,5,2,2,1,4,2,1
37187,37194,1,pv,1,0,1,20,20,15,2,2,1.5,20,10,6,7,2,12,10,5,5,15,5,4,3,1,20,20,30,11,19,2,7,2,5.5,0,10,5,20,10,5,2,2,1,4,2,1
37187,37195,2,pt,1,1,1,20,30,15,6,2,4.5,0,20,0,2,12,7,0,5,0,5,10,2,3,3,20,30,20,0,9,12,16,2,6.5,0,0,5,0,20,6,2,2,1,4,2,1
37187,37195,3,pv_pt,1,0,1,20,30,15,6,2,4.5,0,20,0,2,12,7,0,5,0,5,10,2,3,3,20,30,20,0,9,12,16,2,6.5,0,0,5,0,20,6,2,2,1,4,2,1
37187,37197,2,pt,1,1,1,20,30,18,6,0,5.25,10,0,12,12,7,2,0,10,0,15,5,4,1,1,20,30,33,12,14,7,11,0,9.25,0,0,10,10,0,7,1,2,1,4,1,2
37187,37197,3,pv_pt,1,0,1,20,30,18,6,0,5.25,10,0,12,12,7,2,0,10,0,15,5,4,1,1,20,30,33,12,14,7,11,0,9.25,0,0,10,10,0,7,1,2,1,4,1,2
37187,37198,2,pt,1,1,1,30,30,26,2,4,1.75,0,20,12,2,12,7,0,5,10,15,10,4,1,2,30,30,41,22,9,12,12,4,5.75,0,0,5,0,20,8,1,2,1,4,1,2
37187,37198,3,pv_pt,1,0,1,30,30,26,2,4,1.75,0,20,12,2,12,7,0,5,10,15,10,4,1,2,30,30,41,22,9,12,12,4,5.75,0,0,5,0,20,8,1,2,1,4,1,2
37187,37199,2,pt,1,1,1,30,30,26,2,0,1.75,10,0,0,2,7,2,10,15,0,15,10,0,3,1,30,30,41,0,4,7,12,0,1.75,0,10,15,10,0,9,1,2,1,4,1,2
37187,37199,3,pv_pt,1,0,1,30,30,26,2,0,1.75,10,0,0,2,7,2,10,15,0,15,10,0,3,1,30,30,41,0,4,7,12,0,1.75,0,10,15,10,0,9,1,2,1,4,1,2
37200,37208,2,pt,1,1,1,20,30,15,6,2,4.5,0,20,0,2,12,7,0,5,0,5,10,2,3,3,20,30,20,0,9,12,16,2,6.5,0,0,5,0,20,1,3,2,1,4,2,2
37200,37208,1,pv,1,0,1,20,30,15,6,2,4.5,0,20,0,2,12,7,0,5,0,5,10,2,3,3,20,30,20,0,9,12,16,2,6.5,0,0,5,0,20,1,3,2,1,4,2,2
37200,37209,2,pt,1,1,1,25,20,25,6,0,6.0,20,20,0,12,2,12,0,15,10,15,5,4,1,3,25,20,40,10,24,2,11,0,10.0,0,0,15,20,20,2,3,2,1,4,2,2
37200,37209,1,pv,1,0,1,25,20,25,6,0,6.0,20,20,0,12,2,12,0,15,10,15,5,4,1,3,25,20,40,10,24,2,11,0,10.0,0,0,15,20,20,2,3,2,1,4,2,2
37200,37210,2,pt,1,1,1,20,30,20,4,2,4.0,0,10,12,12,2,2,10,5,10,5,5,0,3,1,20,30,25,22,14,2,9,2,4.0,0,10,5,0,10,3,3,2,1,4,2,2
37200,37210,1,pv,1,0,1,20,30,20,4,2,4.0,0,10,12,12,2,2,10,5,10,5,5,0,3,1,20,30,25,22,14,2,9,2,4.0,0,10,5,0,10,3,3,2,1,4,2,2
37200,37212,1,pv,1,1,1,25,30,25,4,4,4.0,20,0,12,12,12,12,0,15,10,10,5,4,3,2,25,30,35,22,24,12,9,4,8.0,0,0,15,20,0,4,3,1,2,2,1,1
37200,37212,2,pt,0,1,1,25,30,25,4,4,4.0,20,0,12,12,12,12,0,15,10,10,5,4,3,2,25,30,35,22,24,12,9,4,8.0,0,0,15,20,0,4,3,1,2,2,1,1
37200,37213,1,pv,1,1,1,30,30,26,2,4,1.75,0,20,12,2,12,7,0,5,10,15,10,4,1,2,30,30,41,22,9,12,12,4,5.75,0,0,5,0,20,5,3,1,2,2,1,1
37200,37213,2,pt,0,1,1,30,30,26,2,4,1.75,0,20,12,2,12,7,0,5,10,15,10,4,1,2,30,30,41,22,9,12,12,4,5.75,0,0,5,0,20,5,3,1,2,2,1,1
37200,37214,1,pv,1,1,1,20,30,20,6,0,6.0,10,0,0,2,12,12,10,10,10,10,10,0,1,2,20,30,30,10,14,12,16,0,6.0,0,10,10,10,0,6,3,1,2,2,1,1
37200,37214,3,pv_pt,0,1,1,20,30,20,6,0,6.0,10,0,0,2,12,12,10,10,10,10,10,0,1,2,20,30,30,10,14,12,16,0,6.0,0,10,10,10,0,6,3,1,2,2,1,1
37200,37216,1,pv,1,1,1,25,20,25,6,4,6.0,10,20,12,2,2,2,10,15,5,5,10,2,3,3,25,20,30,17,4,2,16,4,8.0,0,10,15,10,20,7,4,1,2,1,1,1
37200,37216,2,pt,0,1,1,25,20,25,6,4,6.0,10,20,12,2,2,2,10,15,5,5,10,2,3,3,25,20,30,17,4,2,16,4,8.0,0,10,15,10,20,7,4,1,2,1,1,1
37200,37217,1,pv,1,1,1,20,25,18,2,2,1.75,10,10,0,7,7,7,5,10,5,10,0,2,2,3,20,25,28,5,14,7,2,2,3.75,0,5,10,10,10,8,4,1,2,1,1,1
37200,37217,2,pt,0,1,1,20,25,18,2,2,1.75,10,10,0,7,7,7,5,10,5,10,0,2,2,3,20,25,28,5,14,7,2,2,3.75,0,5,10,10,10,8,4,1,2,1,1,1
37200,37218,1,pv,1,1,1,25,25,22,2,4,1.75,10,0,6,12,12,2,10,15,10,15,10,0,1,3,25,25,37,16,14,12,12,4,1.75,0,10,15,10,0,9,4,1,2,1,1,1
37200,37218,2,pt,0,1,1,25,25,22,2,4,1.75,10,0,6,12,12,2,10,15,10,15,10,0,1,3,25,25,37,16,14,12,12,4,1.75,0,10,15,10,0,9,4,1,2,1,1,1
37222,37260,1,pv,1,1,1,20,25,18,2,2,1.75,10,10,0,7,7,7,5,10,5,10,0,2,2,3,20,25,28,5,14,7,2,2,3.75,0,5,10,10,10,1,4,2,2,2,2,1
37222,37260,2,pt,0,1,1,20,25,18,2,2,1.75,10,10,0,7,7,7,5,10,5,10,0,2,2,3,20,25,28,5,14,7,2,2,3.75,0,5,10,10,10,1,4,2,2,2,2,1
37222,37261,1,pv,1,1,1,25,25,22,2,2,1.75,20,20,6,7,2,7,5,5,5,5,0,0,3,2,25,25,27,11,14,2,2,2,1.75,0,5,5,20,20,2,4,2,2,2,2,1
37222,37261,3,pv_pt,0,1,1,25,25,22,2,2,1.75,20,20,6,7,2,7,5,5,5,5,0,0,3,2,25,25,27,11,14,2,2,2,1.75,0,5,5,20,20,2,4,2,2,2,2,1
37222,37262,2,pt,1,1,1,30,20,23,4,0,3.0,20,20,12,2,12,2,0,15,10,5,0,0,1,1,30,20,28,22,4,12,4,0,3.0,0,0,15,20,20,3,4,2,2,2,2,1
37222,37262,1,pv,1,0,1,30,20,23,4,0,3.0,20,20,12,2,12,2,0,15,10,5,0,0,1,1,30,20,28,22,4,12,4,0,3.0,0,0,15,20,20,3,4,2,2,2,2,1
37222,37264,1,pv,1,1,1,20,30,20,4,2,4.0,0,10,12,12,2,2,10,5,10,5,5,0,3,1,20,30,25,22,14,2,9,2,4.0,0,10,5,0,10,4,1,2,1,1,1,1
37222,37264,3,pv_pt,0,1,1,20,30,20,4,2,4.0,0,10,12,12,2,2,10,5,10,5,5,0,3,1,20,30,25,22,14,2,9,2,4.0,0,10,5,0,10,4,1,2,1,1,1,1
37222,37265,1,pv,1,1,1,20,30,18,6,0,5.25,10,0,12,12,7,2,0,10,0,15,5,4,1,1,20,30,33,12,14,7,11,0,9.25,0,0,10,10,0,5,1,2,1,1,1,1
37222,37265,2,pt,0,1,1,20,30,18,6,0,5.25,10,0,12,12,7,2,0,10,0,15,5,4,1,1,20,30,33,12,14,7,11,0,9.25,0,0,10,10,0,5,1,2,1,1,1,1
37222,37266,2,pt,1,1,1,30,30,26,2,4,1.75,0,20,12,2,12,7,0,5,10,15,10,4,1,2,30,30,41,22,9,12,12,4,5.75,0,0,5,0,20,6,1,2,1,1,1,1
37222,37266,3,pv_pt,1,0,1,30,30,26,2,4,1.75,0,20,12,2,12,7,0,5,10,15,10,4,1,2,30,30,41,22,9,12,12,4,5.75,0,0,5,0,20,6,1,2,1,1,1,1
37222,37268,1,pv,1,1,1,25,20,22,4,0,3.5,10,0,0,7,12,2,0,10,10,10,0,2,3,2,25,20,32,10,9,12,4,0,5.5,0,0,10,10,0,7,3,2,1,1,2,1
37222,37268,2,pt,0,1,1,25,20,22,4,0,3.5,10,0,0,7,12,2,0,10,10,10,0,2,3,2,25,20,32,10,9,12,4,0,5.5,0,0,10,10,0,7,3,2,1,1,2,1
37222,37269,1,pv,1,1,1,30,30,26,2,0,1.75,10,0,0,2,7,2,10,15,0,15,10,0,3,1,30,30,41,0,4,7,12,0,1.75,0,10,15,10,0,8,3,2,1,1,2,1
37222,37269,2,pt,0,1,1,30,30,26,2,0,1.75,10,0,0,2,7,2,10,15,0,15,10,0,3,1,30,30,41,0,4,7,12,0,1.75,0,10,15,10,0,8,3,2,1,1,2,1
37222,37270,1,pv,1,1,1,20,30,20,6,0,6.0,10,0,0,2,12,12,10,10,10,10,10,0,1,2,20,30,30,10,14,12,16,0,6.0,0,10,10,10,0,9,3,2,1,1,2,1
37222,37270,2,pt,0,1,1,20,30,20,6,0,6.0,10,0,0,2,12,12,10,10,10,10,10,0,1,2,20,30,30,10,14,12,16,0,6.0,0,10,10,10,0,9,3,2,1,1,2,1
37272,37275,3,pv_pt,1,1,1,20,30,20,4,2,4.0,0,10,12,12,2,2,10,5,10,5,5,0,3,1,20,30,25,22,14,2,9,2,4.0,0,10,5,0,10,1,1,1,1,3,2,1
37272,37275,1,pv,1,1,0,20,30,20,4,2,4.0,0,10,12,12,2,2,10,5,10,5,5,0,3,1,20,30,25,22,14,2,9,2,4.0,0,10,5,0,10,1,1,1,1,3,2,1
37272,37276,1,pv,1,1,1,20,25,18,2,0,1.75,0,0,12,2,7,12,0,15,5,5,5,4,2,1,20,25,23,17,14,7,7,0,5.75,0,0,15,0,0,1,2,2,1,2,1,1
37272,37276,3,pv_pt,0,1,1,20,25,18,2,0,1.75,0,0,12,2,7,12,0,15,5,5,5,4,2,1,20,25,23,17,14,7,7,0,5.75,0,0,15,0,0,1,2,2,1,2,1,1
37272,37277,1,pv,1,1,1,25,30,25,4,4,4.0,10,10,6,7,7,7,5,10,5,10,0,2,1,3,25,30,35,11,14,7,4,4,6.0,0,5,10,10,10,2,1,1,1,3,2,1
37272,37277,2,pt,0,1,1,25,30,25,4,4,4.0,10,10,6,7,7,7,5,10,5,10,0,2,1,3,25,30,35,11,14,7,4,4,6.0,0,5,10,10,10,2,1,1,1,3,2,1
37272,37278,1,pv,1,1,1,20,25,18,2,2,1.75,10,10,0,7,7,7,5,10,5,10,0,2,2,3,20,25,28,5,14,7,2,2,3.75,0,5,10,10,10,2,2,2,1,2,1,1
37272,37278,3,pv_pt,0,1,1,20,25,18,2,2,1.75,10,10,0,7,7,7,5,10,5,10,0,2,2,3,20,25,28,5,14,7,2,2,3.75,0,5,10,10,10,2,2,2,1,2,1,1
37272,37279,1,pv,1,1,1,20,25,18,2,2,1.75,10,10,0,7,7,7,5,10,5,10,0,2,2,3,20,25,28,5,14,7,2,2,3.75,0,5,10,10,10,3,1,1,1,3,2,1
37272,37279,3,pv_pt,0,1,1,20,25,18,2,2,1.75,10,10,0,7,7,7,5,10,5,10,0,2,2,3,20,25,28,5,14,7,2,2,3.75,0,5,10,10,10,3,1,1,1,3,2,1
37272,37280,2,pt,1,1,1,30,30,26,2,0,1.75,10,0,0,2,7,2,10,15,0,15,10,0,3,1,30,30,41,0,4,7,12,0,1.75,0,10,15,10,0,3,2,2,1,2,1,1
37272,37280,1,pv,1,0,1,30,30,26,2,0,1.75,10,0,0,2,7,2,10,15,0,15,10,0,3,1,30,30,41,0,4,7,12,0,1.75,0,10,15,10,0,3,2,2,1,2,1,1
37272,37283,3,pv_pt,1,1,1,20,20,15,2,2,1.5,20,10,6,7,2,12,10,5,5,15,5,4,3,1,20,20,30,11,19,2,7,2,5.5,0,10,5,20,10,4,3,2,1,1,2,1
37272,37283,1,pv,1,1,0,20,20,15,2,2,1.5,20,10,6,7,2,12,10,5,5,15,5,4,3,1,20,20,30,11,19,2,7,2,5.5,0,10,5,20,10,4,3,2,1,1,2,1
37272,37284,2,pt,1,1,1,30,20,30,2,0,2.0,0,10,12,12,7,12,5,10,0,15,10,0,3,3,30,20,45,12,24,7,12,0,2.0,0,5,10,0,10,4,1,2,1,1,1,1
37272,37284,3,pv_pt,1,0,1,30,20,30,2,0,2.0,0,10,12,12,7,12,5,10,0,15,10,0,3,3,30,20,45,12,24,7,12,0,2.0,0,5,10,0,10,4,1,2,1,1,1,1
37272,37285,2,pt,1,1,1,30,30,26,2,4,1.75,0,20,12,2,12,7,0,5,10,15,10,4,1,2,30,30,41,22,9,12,12,4,5.75,0,0,5,0,20,5,3,2,1,1,2,1
37272,37285,3,pv_pt,1,0,1,30,30,26,2,4,1.75,0,20,12,2,12,7,0,5,10,15,10,4,1,2,30,30,41,22,9,12,12,4,5.75,0,0,5,0,20,5,3,2,1,1,2,1
37272,37286,1,pv,1,1,1,25,20,25,6,0,6.0,20,20,0,12,2,12,0,15,10,15,5,4,1,3,25,20,40,10,24,2,11,0,10.0,0,0,15,20,20,5,1,2,1,1,1,1
37272,37286,3,pv_pt,0,1,1,25,20,25,6,0,6.0,20,20,0,12,2,12,0,15,10,15,5,4,1,3,25,20,40,10,24,2,11,0,10.0,0,0,15,20,20,5,1,2,1,1,1,1
37272,37287,3,pv_pt,1,1,1,25,20,25,6,0,6.0,20,20,0,12,2,12,0,15,10,15,5,4,1,3,25,20,40,10,24,2,11,0,10.0,0,0,15,20,20,6,3,2,1,1,2,1
37272,37287,1,pv,1,1,0,25,20,25,6,0,6.0,20,20,0,12,2,12,0,15,10,15,5,4,1,3,25,20,40,10,24,2,11,0,10.0,0,0,15,20,20,6,3,2,1,1,2,1
37272,37288,3,pv_pt,1,1,1,30,25,23,2,4,1.5,10,10,0,12,2,7,5,5,5,5,5,4,2,3,30,25,28,5,19,2,7,4,5.5,0,5,5,10,10,6,1,2,1,1,1,1
37272,37288,1,pv,1,1,0,30,25,23,2,4,1.5,10,10,0,12,2,7,5,5,5,5,5,4,2,3,30,25,28,5,19,2,7,4,5.5,0,5,5,10,10,6,1,2,1,1,1,1
37272,37291,3,pv_pt,1,1,1,30,30,30,4,0,4.0,20,20,0,12,12,2,10,10,5,5,10,4,2,1,30,30,35,5,14,12,14,0,8.0,0,10,10,20,20,7,3,1,2,4,2,1
37272,37291,2,pt,1,1,0,30,30,30,4,0,4.0,20,20,0,12,12,2,10,10,5,5,10,4,2,1,30,30,35,5,14,12,14,0,8.0,0,10,10,20,20,7,3,1,2,4,2,1
37272,37292,3,pv_pt,1,1,1,30,25,23,6,2,4.5,0,10,6,12,2,7,10,15,5,10,5,4,2,2,30,25,33,11,19,2,11,2,8.5,0,10,15,0,10,7,3,1,1,3,1,2
37272,37292,1,pv,1,1,0,30,25,23,6,2,4.5,0,10,6,12,2,7,10,15,5,10,5,4,2,2,30,25,33,11,19,2,11,2,8.5,0,10,15,0,10,7,3,1,1,3,1,2
37272,37293,3,pv_pt,1,1,1,30,25,23,6,4,4.5,0,10,6,7,2,12,5,5,10,15,0,0,2,1,30,25,38,16,19,2,6,4,4.5,0,5,5,0,10,8,3,1,2,4,2,1
37272,37293,1,pv,1,1,0,30,25,23,6,4,4.5,0,10,6,7,2,12,5,5,10,15,0,0,2,1,30,25,38,16,19,2,6,4,4.5,0,5,5,0,10,8,3,1,2,4,2,1
37272,37294,3,pv_pt,1,1,1,20,30,15,6,2,4.5,0,20,0,2,12,7,0,5,0,5,10,2,3,3,20,30,20,0,9,12,16,2,6.5,0,0,5,0,20,8,3,1,1,3,1,2
37272,37294,1,pv,1,1,0,20,30,15,6,2,4.5,0,20,0,2,12,7,0,5,0,5,10,2,3,3,20,30,20,0,9,12,16,2,6.5,0,0,5,0,20,8,3,1,1,3,1,2
37272,37295,3,pv_pt,1,1,1,30,25,23,6,2,4.5,0,10,6,12,2,7,10,15,5,10,5,4,2,2,30,25,33,11,19,2,11,2,8.5,0,10,15,0,10,9,3,1,2,4,2,1
37272,37295,1,pv,1,1,0,30,25,23,6,2,4.5,0,10,6,12,2,7,10,15,5,10,5,4,2,2,30,25,33,11,19,2,11,2,8.5,0,10,15,0,10,9,3,1,2,4,2,1
37272,37296,1,pv,1,1,1,25,25,22,4,2,3.5,0,20,6,7,7,7,5,10,0,10,0,2,2,2,25,25,32,6,14,7,4,2,5.5,0,5,10,0,20,9,3,1,1,3,1,2
37272,37296,3,pv_pt,0,1,1,25,25,22,4,2,3.5,0,20,6,7,7,7,5,10,0,10,0,2,2,2,25,25,32,6,14,7,4,2,5.5,0,5,10,0,20,9,3,1,1,3,1,2
37428,37438,1,pv,1,1,1,25,20,25,6,4,6.0,10,20,12,2,2,2,10,15,5,5,10,2,3,3,25,20,30,17,4,2,16,4,8.0,0,10,15,10,20,1,4,1,2,4,1,2
37428,37438,3,pv_pt,0,1,1,25,20,25,6,4,6.0,10,20,12,2,2,2,10,15,5,5,10,2,3,3,25,20,30,17,4,2,16,4,8.0,0,10,15,10,20,1,4,1,2,4,1,2
37428,37440,1,pv,1,1,1,25,25,22,4,2,3.5,0,20,6,7,7,7,5,10,0,10,0,2,2,2,25,25,32,6,14,7,4,2,5.5,0,5,10,0,20,2,4,1,2,4,1,2
37428,37440,2,pt,0,1,1,25,25,22,4,2,3.5,0,20,6,7,7,7,5,10,0,10,0,2,2,2,25,25,32,6,14,7,4,2,5.5,0,5,10,0,20,2,4,1,2,4,1,2
37428,37443,3,pv_pt,1,1,1,25,30,25,4,4,4.0,20,0,12,12,12,12,0,15,10,10,5,4,3,2,25,30,35,22,24,12,9,4,8.0,0,0,15,20,0,3,4,1,2,4,1,2
37428,37443,2,pt,1,1,0,25,30,25,4,4,4.0,20,0,12,12,12,12,0,15,10,10,5,4,3,2,25,30,35,22,24,12,9,4,8.0,0,0,15,20,0,3,4,1,2,4,1,2
37428,37446,3,pv_pt,1,1,1,25,25,22,2,2,1.75,20,20,6,7,2,7,5,5,5,5,0,0,3,2,25,25,27,11,14,2,2,2,1.75,0,5,5,20,20,4,1,1,1,3,2,1
37428,37446,1,pv,1,1,0,25,25,22,2,2,1.75,20,20,6,7,2,7,5,5,5,5,0,0,3,2,25,25,27,11,14,2,2,2,1.75,0,5,5,20,20,4,1,1,1,3,2,1
37428,37448,2,pt,1,1,1,30,30,26,2,0,1.75,10,0,0,2,7,2,10,15,0,15,10,0,3,1,30,30,41,0,4,7,12,0,1.75,0,10,15,10,0,5,1,1,1,3,2,1
37428,37448,1,pv,1,0,1,30,30,26,2,0,1.75,10,0,0,2,7,2,10,15,0,15,10,0,3,1,30,30,41,0,4,7,12,0,1.75,0,10,15,10,0,5,1,1,1,3,2,1
37428,37449,1,pv,1,1,1,30,20,30,2,0,2.0,0,10,12,12,7,12,5,10,0,15,10,0,3,3,30,20,45,12,24,7,12,0,2.0,0,5,10,0,10,6,1,1,1,3,2,1
37428,37449,3,pv_pt,0,1,1,30,20,30,2,0,2.0,0,10,12,12,7,12,5,10,0,15,10,0,3,3,30,20,45,12,24,7,12,0,2.0,0,5,10,0,10,6,1,1,1,3,2,1
37428,37451,1,pv,1,1,1,30,25,23,2,4,1.5,10,10,0,12,2,7,5,5,5,5,5,4,2,3,30,25,28,5,19,2,7,4,5.5,0,5,5,10,10,7,1,2,2,4,1,1
37428,37451,3,pv_pt,0,1,1,30,25,23,2,4,1.5,10,10,0,12,2,7,5,5,5,5,5,4,2,3,30,25,28,5,19,2,7,4,5.5,0,5,5,10,10,7,1,2,2,4,1,1
37428,37452,2,pt,1,1,1,30,30,26,2,4,1.75,0,20,12,2,12,7,0,5,10,15,10,4,1,2,30,30,41,22,9,12,12,4,5.75,0,0,5,0,20,8,1,2,2,4,1,1
37428,37452,1,pv,1,0,1,30,30,26,2,4,1.75,0,20,12,2,12,7,0,5,10,15,10,4,1,2,30,30,41,22,9,12,12,4,5.75,0,0,5,0,20,8,1,2,2,4,1,1
37428,37453,1,pv,1,1,1,20,30,18,6,0,5.25,10,0,12,12,7,2,0,10,0,15,5,4,1,1,20,30,33,12,14,7,11,0,9.25,0,0,10,10,0,9,1,2,2,4,1,1
37428,37453,2,pt,0,1,1,20,30,18,6,0,5.25,10,0,12,12,7,2,0,10,0,15,5,4,1,1,20,30,33,12,14,7,11,0,9.25,0,0,10,10,0,9,1,2,2,4,1,1
37454,37468,2,pt,1,1,1,25,30,25,4,4,4.0,10,10,6,7,7,7,5,10,5,10,0,2,1,3,25,30,35,11,14,7,4,4,6.0,0,5,10,10,10,1,1,2,1,1,1,1
37454,37468,3,pv_pt,1,0,1,25,30,25,4,4,4.0,10,10,6,7,7,7,5,10,5,10,0,2,1,3,25,30,35,11,14,7,4,4,6.0,0,5,10,10,10,1,1,2,1,1,1,1
37454,37469,1,pv,1,1,1,30,20,30,2,0,2.0,0,10,12,12,7,12,5,10,0,15,10,0,3,3,30,20,45,12,24,7,12,0,2.0,0,5,10,0,10,2,1,2,1,1,1,1
37454,37469,3,pv_pt,0,1,1,30,20,30,2,0,2.0,0,10,12,12,7,12,5,10,0,15,10,0,3,3,30,20,45,12,24,7,12,0,2.0,0,5,10,0,10,2,1,2,1,1,1,1
37454,37470,2,pt,1,1,1,25,25,22,2,4,1.75,10,0,6,12,12,2,10,15,10,15,10,0,1,3,25,25,37,16,14,12,12,4,1.75,0,10,15,10,0,3,1,2,1,1,1,1
37454,37470,3,pv_pt,1,0,1,25,25,22,2,4,1.75,10,0,6,12,12,2,10,15,10,15,10,0,1,3,25,25,37,16,14,12,12,4,1.75,0,10,15,10,0,3,1,2,1,1,1,1
37454,37472,1,pv,1,1,1,20,25,18,2,0,1.75,0,0,12,2,7,12,0,15,5,5,5,4,2,1,20,25,23,17,14,7,7,0,5.75,0,0,15,0,0,4,2,1,2,1,2,1
37454,37472,3,pv_pt,0,1,1,20,25,18,2,0,1.75,0,0,12,2,7,12,0,15,5,5,5,4,2,1,20,25,23,17,14,7,7,0,5.75,0,0,15,0,0,4,2,1,2,1,2,1
37454,37473,1,pv,1,1,1,20,25,18,4,4,1.75,0,10,0,7,7,7,5,10,0,10,0,2,1,1,20,25,28,0,14,7,4,4,3.75,0,5,10,0,10,5,2,1,2,1,2,1
37454,37473,3,pv_pt,0,1,1,20,25,18,4,4,1.75,0,10,0,7,7,7,5,10,0,10,0,2,1,1,20,25,28,0,14,7,4,4,3.75,0,5,10,0,10,5,2,1,2,1,2,1
37454,37474,1,pv,1,1,1,25,30,25,4,4,4.0,20,0,12,12,12,12,0,15,10,10,5,4,3,2,25,30,35,22,24,12,9,4,8.0,0,0,15,20,0,6,2,1,2,1,2,1
37454,37474,3,pv_pt,0,1,1,25,30,25,4,4,4.0,20,0,12,12,12,12,0,15,10,10,5,4,3,2,25,30,35,22,24,12,9,4,8.0,0,0,15,20,0,6,2,1,2,1,2,1
37454,37476,1,pv,1,1,1,30,25,23,6,2,4.5,0,10,6,12,2,7,10,15,5,10,5,4,2,2,30,25,33,11,19,2,11,2,8.5,0,10,15,0,10,7,3,1,1,3,1,2
37454,37476,3,pv_pt,0,1,1,30,25,23,6,2,4.5,0,10,6,12,2,7,10,15,5,10,5,4,2,2,30,25,33,11,19,2,11,2,8.5,0,10,15,0,10,7,3,1,1,3,1,2
37454,37477,1,pv,1,1,1,25,20,25,6,4,6.0,10,20,12,2,2,2,10,15,5,5,10,2,3,3,25,20,30,17,4,2,16,4,8.0,0,10,15,10,20,8,3,1,1,3,1,2
37454,37477,3,pv_pt,0,1,1,25,20,25,6,4,6.0,10,20,12,2,2,2,10,15,5,5,10,2,3,3,25,20,30,17,4,2,16,4,8.0,0,10,15,10,20,8,3,1,1,3,1,2
37454,37478,1,pv,1,1,1,20,20,15,2,2,1.5,20,10,6,7,2,12,10,5,5,15,5,4,3,1,20,20,30,11,19,2,7,2,5.5,0,10,5,20,10,9,3,1,1,3,1,2
37454,37478,3,pv_pt,0,1,1,20,20,15,2,2,1.5,20,10,6,7,2,12,10,5,5,15,5,4,3,1,20,20,30,11,19,2,7,2,5.5,0,10,5,20,10,9,3,1,1,3,1,2
37493,37561,2,pt,1,1,1,30,20,23,4,0,3.0,20,20,12,2,12,2,0,15,10,5,0,0,1,1,30,20,28,22,4,12,4,0,3.0,0,0,15,20,20,1,3,2,1,4,2,2
37493,37561,3,pv_pt,1,0,1,30,20,23,4,0,3.0,20,20,12,2,12,2,0,15,10,5,0,0,1,1,30,20,28,22,4,12,4,0,3.0,0,0,15,20,20,1,3,2,1,4,2,2
37493,37562,1,pv,1,1,1,30,30,30,4,0,4.0,20,20,0,12,12,2,10,10,5,5,10,4,2,1,30,30,35,5,14,12,14,0,8.0,0,10,10,20,20,2,3,2,1,4,2,2
37493,37562,2,pt,0,1,1,30,30,30,4,0,4.0,20,20,0,12,12,2,10,10,5,5,10,4,2,1,30,30,35,5,14,12,14,0,8.0,0,10,10,20,20,2,3,2,1,4,2,2
37493,37563,2,pt,1,1,1,20,30,18,6,0,5.25,10,0,12,12,7,2,0,10,0,15,5,4,1,1,20,30,33,12,14,7,11,0,9.25,0,0,10,10,0,3,3,2,1,4,2,2
37493,37563,3,pv_pt,1,0,1,20,30,18,6,0,5.25,10,0,12,12,7,2,0,10,0,15,5,4,1,1,20,30,33,12,14,7,11,0,9.25,0,0,10,10,0,3,3,2,1,4,2,2
37493,37565,1,pv,1,1,1,20,25,18,2,2,1.75,10,10,0,7,7,7,5,10,5,10,0,2,2,3,20,25,28,5,14,7,2,2,3.75,0,5,10,10,10,4,2,2,2,2,1,2
37493,37565,3,pv_pt,0,1,1,20,25,18,2,2,1.75,10,10,0,7,7,7,5,10,5,10,0,2,2,3,20,25,28,5,14,7,2,2,3.75,0,5,10,10,10,4,2,2,2,2,1,2
37493,37566,1,pv,1,1,1,25,30,25,4,4,4.0,10,10,6,7,7,7,5,10,5,10,0,2,1,3,25,30,35,11,14,7,4,4,6.0,0,5,10,10,10,5,2,2,2,2,1,2
37493,37566,2,pt,0,1,1,25,30,25,4,4,4.0,10,10,6,7,7,7,5,10,5,10,0,2,1,3,25,30,35,11,14,7,4,4,6.0,0,5,10,10,10,5,2,2,2,2,1,2
37493,37567,3,pv_pt,1,1,1,20,30,20,4,2,4.0,0,10,12,12,2,2,10,5,10,5,5,0,3,1,20,30,25,22,14,2,9,2,4.0,0,10,5,0,10,6,2,2,2,2,1,2
37493,37567,2,pt,1,1,0,20,30,20,4,2,4.0,0,10,12,12,2,2,10,5,10,5,5,0,3,1,20,30,25,22,14,2,9,2,4.0,0,10,5,0,10,6,2,2,2,2,1,2
37493,37569,2,pt,1,1,1,25,20,25,6,4,6.0,20,0,6,2,7,2,0,5,0,15,10,2,2,2,25,20,40,6,4,7,16,4,8.0,0,0,5,20,0,7,1,2,1,4,1,2
37493,37569,3,pv_pt,1,0,1,25,20,25,6,4,6.0,20,0,6,2,7,2,0,5,0,15,10,2,2,2,25,20,40,6,4,7,16,4,8.0,0,0,5,20,0,7,1,2,1,4,1,2
37493,37570,2,pt,1,1,1,20,30,20,6,0,6.0,10,0,0,2,12,12,10,10,10,10,10,0,1,2,20,30,30,10,14,12,16,0,6.0,0,10,10,10,0,8,1,2,1,4,1,2
37493,37570,3,pv_pt,1,0,1,20,30,20,6,0,6.0,10,0,0,2,12,12,10,10,10,10,10,0,1,2,20,30,30,10,14,12,16,0,6.0,0,10,10,10,0,8,1,2,1,4,1,2
37493,37571,3,pv_pt,1,1,1,25,20,25,6,0,6.0,20,20,0,12,2,12,0,15,10,15,5,4,1,3,25,20,40,10,24,2,11,0,10.0,0,0,15,20,20,9,1,2,1,4,1,2
37493,37571,2,pt,1,1,0,25,20,25,6,0,6.0,20,20,0,12,2,12,0,15,10,15,5,4,1,3,25,20,40,10,24,2,11,0,10.0,0,0,15,20,20,9,1,2,1,4,1,2
37506,37509,2,pt,1,1,1,30,20,23,4,0,3.0,20,20,12,2,12,2,0,15,10,5,0,0,1,1,30,20,28,22,4,12,4,0,3.0,0,0,15,20,20,1,1,2,2,4,1,1
37506,37509,1,pv,1,0,1,30,20,23,4,0,3.0,20,20,12,2,12,2,0,15,10,5,0,0,1,1,30,20,28,22,4,12,4,0,3.0,0,0,15,20,20,1,1,2,2,4,1,1
37506,37510,1,pv,1,1,1,30,20,23,6,2,4.5,20,0,12,2,12,12,10,5,0,10,0,2,1,3,30,20,33,12,14,12,6,2,6.5,0,10,5,20,0,2,1,2,2,4,1,1
37506,37510,2,pt,0,1,1,30,20,23,6,2,4.5,20,0,12,2,12,12,10,5,0,10,0,2,1,3,30,20,33,12,14,12,6,2,6.5,0,10,5,20,0,2,1,2,2,4,1,1
37506,37511,1,pv,1,1,1,30,25,23,6,4,4.5,0,10,6,7,2,12,5,5,10,15,0,0,2,1,30,25,38,16,19,2,6,4,4.5,0,5,5,0,10,3,1,2,2,4,1,1
37506,37511,3,pv_pt,0,1,1,30,25,23,6,4,4.5,0,10,6,7,2,12,5,5,10,15,0,0,2,1,30,25,38,16,19,2,6,4,4.5,0,5,5,0,10,3,1,2,2,4,1,1
37506,37513,2,pt,1,1,1,25,20,22,4,0,3.5,10,0,0,7,12,2,0,10,10,10,0,2,3,2,25,20,32,10,9,12,4,0,5.5,0,0,10,10,0,4,1,1,2,3,2,2
37506,37513,1,pv,1,0,1,25,20,22,4,0,3.5,10,0,0,7,12,2,0,10,10,10,0,2,3,2,25,20,32,10,9,12,4,0,5.5,0,0,10,10,0,4,1,1,2,3,2,2
37506,37514,1,pv,1,1,1,30,25,23,2,4,1.5,10,10,0,12,2,7,5,5,5,5,5,4,2,3,30,25,28,5,19,2,7,4,5.5,0,5,5,10,10,5,1,1,2,3,2,2
37506,37514,3,pv_pt,0,1,1,30,25,23,2,4,1.5,10,10,0,12,2,7,5,5,5,5,5,4,2,3,30,25,28,5,19,2,7,4,5.5,0,5,5,10,10,5,1,1,2,3,2,2
37506,37515,2,pt,1,1,1,25,20,25,6,4,6.0,20,0,6,2,7,2,0,5,0,15,10,2,2,2,25,20,40,6,4,7,16,4,8.0,0,0,5,20,0,6,1,1,2,3,2,2
37506,37515,3,pv_pt,1,0,1,25,20,25,6,4,6.0,20,0,6,2,7,2,0,5,0,15,10,2,2,2,25,20,40,6,4,7,16,4,8.0,0,0,5,20,0,6,1,1,2,3,2,2
37506,37517,1,pv,1,1,1,20,25,18,4,4,1.75,0,10,0,7,7,7,5,10,0,10,0,2,1,1,20,25,28,0,14,7,4,4,3.75,0,5,10,0,10,7,1,1,1,2,2,1
37506,37517,3,pv_pt,0,1,1,20,25,18,4,4,1.75,0,10,0,7,7,7,5,10,0,10,0,2,1,1,20,25,28,0,14,7,4,4,3.75,0,5,10,0,10,7,1,1,1,2,2,1
37506,37518,1,pv,1,1,1,30,30,26,2,4,1.75,0,20,12,2,12,7,0,5,10,15,10,4,1,2,30,30,41,22,9,12,12,4,5.75,0,0,5,0,20,8,1,1,1,2,2,1
37506,37518,3,pv_pt,0,1,1,30,30,26,2,4,1.75,0,20,12,2,12,7,0,5,10,15,10,4,1,2,30,30,41,22,9,12,12,4,5.75,0,0,5,0,20,8,1,1,1,2,2,1
37506,37519,1,pv,1,1,1,30,25,23,6,2,4.5,0,10,6,12,2,7,10,15,5,10,5,4,2,2,30,25,33,11,19,2,11,2,8.5,0,10,15,0,10,9,1,1,1,2,2,1
37506,37519,3,pv_pt,0,1,1,30,25,23,6,2,4.5,0,10,6,12,2,7,10,15,5,10,5,4,2,2,30,25,33,11,19,2,11,2,8.5,0,10,15,0,10,9,1,1,1,2,2,1
37520,37524,2,pt,1,1,1,25,20,25,6,4,6.0,20,0,6,2,7,2,0,5,0,15,10,2,2,2,25,20,40,6,4,7,16,4,8.0,0,0,5,20,0,1,2,2,2,2,1,2
37520,37524,3,pv_pt,1,0,1,25,20,25,6,4,6.0,20,0,6,2,7,2,0,5,0,15,10,2,2,2,25,20,40,6,4,7,16,4,8.0,0,0,5,20,0,1,2,2,2,2,1,2
37520,37525,2,pt,1,1,1,20,30,15,6,2,4.5,0,20,0,2,12,7,0,5,0,5,10,2,3,3,20,30,20,0,9,12,16,2,6.5,0,0,5,0,20,2,2,2,2,2,1,2
37520,37525,3,pv_pt,1,0,1,20,30,15,6,2,4.5,0,20,0,2,12,7,0,5,0,5,10,2,3,3,20,30,20,0,9,12,16,2,6.5,0,0,5,0,20,2,2,2,2,2,1,2
37520,37526,2,pt,1,1,1,30,25,23,6,4,4.5,0,10,6,7,2,12,5,5,10,15,0,0,2,1,30,25,38,16,19,2,6,4,4.5,0,5,5,0,10,3,2,2,2,2,1,2
37520,37526,1,pv,1,0,1,30,25,23,6,4,4.5,0,10,6,7,2,12,5,5,10,15,0,0,2,1,30,25,38,16,19,2,6,4,4.5,0,5,5,0,10,3,2,2,2,2,1,2
37520,37528,1,pv,1,1,1,20,25,18,2,0,1.75,0,0,12,2,7,12,0,15,5,5,5,4,2,1,20,25,23,17,14,7,7,0,5.75,0,0,15,0,0,4,1,1,2,3,2,2
37520,37528,2,pt,0,1,1,20,25,18,2,0,1.75,0,0,12,2,7,12,0,15,5,5,5,4,2,1,20,25,23,17,14,7,7,0,5.75,0,0,15,0,0,4,1,1,2,3,2,2
37520,37529,1,pv,1,1,1,20,25,18,2,2,1.75,10,10,0,7,7,7,5,10,5,10,0,2,2,3,20,25,28,5,14,7,2,2,3.75,0,5,10,10,10,5,1,1,2,3,2,2
37520,37529,2,pt,0,1,1,20,25,18,2,2,1.75,10,10,0,7,7,7,5,10,5,10,0,2,2,3,20,25,28,5,14,7,2,2,3.75,0,5,10,10,10,5,1,1,2,3,2,2
37520,37530,1,pv,1,1,1,20,30,20,6,0,6.0,10,0,0,2,12,12,10,10,10,10,10,0,1,2,20,30,30,10,14,12,16,0,6.0,0,10,10,10,0,6,1,1,2,3,2,2
37520,37530,2,pt,0,1,1,20,30,20,6,0,6.0,10,0,0,2,12,12,10,10,10,10,10,0,1,2,20,30,30,10,14,12,16,0,6.0,0,10,10,10,0,6,1,1,2,3,2,2
37520,37532,2,pt,1,1,1,25,30,25,4,4,4.0,20,0,12,12,12,12,0,15,10,10,5,4,3,2,25,30,35,22,24,12,9,4,8.0,0,0,15,20,0,7,1,2,2,2,2,2
37520,37532,1,pv,1,0,1,25,30,25,4,4,4.0,20,0,12,12,12,12,0,15,10,10,5,4,3,2,25,30,35,22,24,12,9,4,8.0,0,0,15,20,0,7,1,2,2,2,2,2
37520,37533,1,pv,1,1,1,20,25,18,4,4,1.75,0,10,0,7,7,7,5,10,0,10,0,2,1,1,20,25,28,0,14,7,4,4,3.75,0,5,10,0,10,8,1,2,2,2,2,2
37520,37533,2,pt,0,1,1,20,25,18,4,4,1.75,0,10,0,7,7,7,5,10,0,10,0,2,1,1,20,25,28,0,14,7,4,4,3.75,0,5,10,0,10,8,1,2,2,2,2,2
37520,37534,1,pv,1,1,1,25,25,22,4,2,3.5,0,20,6,7,7,7,5,10,0,10,0,2,2,2,25,25,32,6,14,7,4,2,5.5,0,5,10,0,20,9,1,2,2,2,2,2
37520,37534,2,pt,0,1,1,25,25,22,4,2,3.5,0,20,6,7,7,7,5,10,0,10,0,2,2,2,25,25,32,6,14,7,4,2,5.5,0,5,10,0,20,9,1,2,2,2,2,2
37559,37574,2,pt,1,1,1,20,30,20,4,2,4.0,0,10,12,12,2,2,10,5,10,5,5,0,3,1,20,30,25,22,14,2,9,2,4.0,0,10,5,0,10,1,4,1,2,4,1,2
37559,37574,1,pv,1,0,1,20,30,20,4,2,4.0,0,10,12,12,2,2,10,5,10,5,5,0,3,1,20,30,25,22,14,2,9,2,4.0,0,10,5,0,10,1,4,1,2,4,1,2
37559,37575,2,pt,1,1,1,30,25,23,2,4,1.5,10,10,0,12,2,7,5,5,5,5,5,4,2,3,30,25,28,5,19,2,7,4,5.5,0,5,5,10,10,2,4,1,2,4,1,2
37559,37575,1,pv,1,0,1,30,25,23,2,4,1.5,10,10,0,12,2,7,5,5,5,5,5,4,2,3,30,25,28,5,19,2,7,4,5.5,0,5,5,10,10,2,4,1,2,4,1,2
37559,37576,2,pt,1,1,1,20,25,18,2,2,1.75,10,10,0,7,7,7,5,10,5,10,0,2,2,3,20,25,28,5,14,7,2,2,3.75,0,5,10,10,10,3,4,1,2,4,1,2
37559,37576,3,pv_pt,1,0,1,20,25,18,2,2,1.75,10,10,0,7,7,7,5,10,5,10,0,2,2,3,20,25,28,5,14,7,2,2,3.75,0,5,10,10,10,3,4,1,2,4,1,2
37559,37578,2,pt,1,1,1,20,30,15,6,2,4.5,0,20,0,2,12,7,0,5,0,5,10,2,3,3,20,30,20,0,9,12,16,2,6.5,0,0,5,0,20,4,2,1,1,3,1,1
37559,37578,3,pv_pt,1,0,1,20,30,15,6,2,4.5,0,20,0,2,12,7,0,5,0,5,10,2,3,3,20,30,20,0,9,12,16,2,6.5,0,0,5,0,20,4,2,1,1,3,1,1
37559,37579,2,pt,1,1,1,25,20,22,4,0,3.5,10,0,0,7,12,2,0,10,10,10,0,2,3,2,25,20,32,10,9,12,4,0,5.5,0,0,10,10,0,5,2,1,1,3,1,1
37559,37579,1,pv,1,0,1,25,20,22,4,0,3.5,10,0,0,7,12,2,0,10,10,10,0,2,3,2,25,20,32,10,9,12,4,0,5.5,0,0,10,10,0,5,2,1,1,3,1,1
37559,37580,2,pt,1,1,1,20,25,15,4,2,3.0,20,20,6,7,2,12,5,15,0,5,5,0,2,2,20,25,20,6,19,2,9,2,3.0,0,5,15,20,20,6,2,1,1,3,1,1
37559,37580,1,pv,1,0,1,20,25,15,4,2,3.0,20,20,6,7,2,12,5,15,0,5,5,0,2,2,20,25,20,6,19,2,9,2,3.0,0,5,15,20,20,6,2,1,1,3,1,1
37559,37582,1,pv,1,1,1,25,30,25,4,4,4.0,10,10,6,7,7,7,5,10,5,10,0,2,1,3,25,30,35,11,14,7,4,4,6.0,0,5,10,10,10,7,3,2,2,1,2,2
37559,37582,2,pt,0,1,1,25,30,25,4,4,4.0,10,10,6,7,7,7,5,10,5,10,0,2,1,3,25,30,35,11,14,7,4,4,6.0,0,5,10,10,10,7,3,2,2,1,2,2
37559,37583,1,pv,1,1,1,30,25,23,6,2,4.5,0,10,6,12,2,7,10,15,5,10,5,4,2,2,30,25,33,11,19,2,11,2,8.5,0,10,15,0,10,8,3,2,2,1,2,2
37559,37583,2,pt,0,1,1,30,25,23,6,2,4.5,0,10,6,12,2,7,10,15,5,10,5,4,2,2,30,25,33,11,19,2,11,2,8.5,0,10,15,0,10,8,3,2,2,1,2,2
37559,37584,2,pt,1,1,1,20,25,18,2,0,1.75,0,0,12,2,7,12,0,15,5,5,5,4,2,1,20,25,23,17,14,7,7,0,5.75,0,0,15,0,0,9,3,2,2,1,2,2
37559,37584,1,pv,1,0,1,20,25,18,2,0,1.75,0,0,12,2,7,12,0,15,5,5,5,4,2,1,20,25,23,17,14,7,7,0,5.75,0,0,15,0,0,9,3,2,2,1,2,2
37585,37588,1,pv,1,1,1,30,30,26,2,4,1.75,0,20,12,2,12,7,0,5,10,15,10,4,1,2,30,30,41,22,9,12,12,4,5.75,0,0,5,0,20,1,3,1,2,2,1,1
37585,37588,3,pv_pt,0,1,1,30,30,26,2,4,1.75,0,20,12,2,12,7,0,5,10,15,10,4,1,2,30,30,41,22,9,12,12,4,5.75,0,0,5,0,20,1,3,1,2,2,1,1
37585,37589,1,pv,1,1,1,20,25,18,4,4,1.75,0,10,0,7,7,7,5,10,0,10,0,2,1,1,20,25,28,0,14,7,4,4,3.75,0,5,10,0,10,2,3,1,2,2,1,1
37585,37589,2,pt,0,1,1,20,25,18,4,4,1.75,0,10,0,7,7,7,5,10,0,10,0,2,1,1,20,25,28,0,14,7,4,4,3.75,0,5,10,0,10,2,3,1,2,2,1,1
37585,37590,1,pv,1,1,1,20,30,18,6,0,5.25,10,0,12,12,7,2,0,10,0,15,5,4,1,1,20,30,33,12,14,7,11,0,9.25,0,0,10,10,0,3,3,1,2,2,1,1
37585,37590,3,pv_pt,0,1,1,20,30,18,6,0,5.25,10,0,12,12,7,2,0,10,0,15,5,4,1,1,20,30,33,12,14,7,11,0,9.25,0,0,10,10,0,3,3,1,2,2,1,1
37585,37592,1,pv,1,1,1,20,25,18,2,2,1.75,10,10,0,7,7,7,5,10,5,10,0,2,2,3,20,25,28,5,14,7,2,2,3.75,0,5,10,10,10,4,4,1,2,1,1,1
37585,37592,2,pt,0,1,1,20,25,18,2,2,1.75,10,10,0,7,7,7,5,10,5,10,0,2,2,3,20,25,28,5,14,7,2,2,3.75,0,5,10,10,10,4,4,1,2,1,1,1
37585,37593,2,pt,1,1,1,25,20,25,6,4,6.0,10,20,12,2,2,2,10,15,5,5,10,2,3,3,25,20,30,17,4,2,16,4,8.0,0,10,15,10,20,5,4,1,2,1,1,1
37585,37593,1,pv,1,0,1,25,20,25,6,4,6.0,10,20,12,2,2,2,10,15,5,5,10,2,3,3,25,20,30,17,4,2,16,4,8.0,0,10,15,10,20,5,4,1,2,1,1,1
37585,37594,1,pv,1,1,1,30,25,23,6,2,4.5,0,10,6,12,2,7,10,15,5,10,5,4,2,2,30,25,33,11,19,2,11,2,8.5,0,10,15,0,10,6,4,1,2,1,1,1
37585,37594,2,pt,0,1,1,30,25,23,6,2,4.5,0,10,6,12,2,7,10,15,5,10,5,4,2,2,30,25,33,11,19,2,11,2,8.5,0,10,15,0,10,6,4,1,2,1,1,1
37585,37596,1,pv,1,1,1,30,20,23,6,2,4.5,20,0,12,2,12,12,10,5,0,10,0,2,1,3,30,20,33,12,14,12,6,2,6.5,0,10,5,20,0,7,1,1,1,3,2,1
37585,37596,2,pt,0,1,1,30,20,23,6,2,4.5,20,0,12,2,12,12,10,5,0,10,0,2,1,3,30,20,33,12,14,12,6,2,6.5,0,10,5,20,0,7,1,1,1,3,2,1
37585,37597,1,pv,1,1,1,25,30,25,4,4,4.0,20,0,12,12,12,12,0,15,10,10,5,4,3,2,25,30,35,22,24,12,9,4,8.0,0,0,15,20,0,8,1,1,1,3,2,1
37585,37597,2,pt,0,1,1,25,30,25,4,4,4.0,20,0,12,12,12,12,0,15,10,10,5,4,3,2,25,30,35,22,24,12,9,4,8.0,0,0,15,20,0,8,1,1,1,3,2,1
37585,37598,1,pv,1,1,1,25,25,22,2,2,1.75,20,20,6,7,2,7,5,5,5,5,0,0,3,2,25,25,27,11,14,2,2,2,1.75,0,5,5,20,20,9,1,1,1,3,2,1
37585,37598,2,pt,0,1,1,25,25,22,2,2,1.75,20,20,6,7,2,7,5,5,5,5,0,0,3,2,25,25,27,11,14,2,2,2,1.75,0,5,5,20,20,9,1,1,1,3,2,1
37586,37615,1,pv,1,1,1,20,20,15,2,2,1.5,20,10,6,7,2,12,10,5,5,15,5,4,3,1,20,20,30,11,19,2,7,2,5.5,0,10,5,20,10,1,2,2,2,2,1,2
37586,37615,3,pv_pt,0,1,1,20,20,15,2,2,1.5,20,10,6,7,2,12,10,5,5,15,5,4,3,1,20,20,30,11,19,2,7,2,5.5,0,10,5,20,10,1,2,2,2,2,1,2
37586,37616,3,pv_pt,1,1,1,20,25,15,4,2,3.0,20,20,6,7,2,12,5,15,0,5,5,0,2,2,20,25,20,6,19,2,9,2,3.0,0,5,15,20,20,2,2,2,2,2,1,2
37586,37616,1,pv,1,1,0,20,25,15,4,2,3.0,20,20,6,7,2,12,5,15,0,5,5,0,2,2,20,25,20,6,19,2,9,2,3.0,0,5,15,20,20,2,2,2,2,2,1,2
37586,37617,2,pt,1,1,1,30,20,23,4,0,3.0,20,20,12,2,12,2,0,15,10,5,0,0,1,1,30,20,28,22,4,12,4,0,3.0,0,0,15,20,20,3,2,2,2,2,1,2
37586,37617,3,pv_pt,1,0,1,30,20,23,4,0,3.0,20,20,12,2,12,2,0,15,10,5,0,0,1,1,30,20,28,22,4,12,4,0,3.0,0,0,15,20,20,3,2,2,2,2,1,2
37586,37619,2,pt,1,1,1,30,30,26,2,0,1.75,10,0,0,2,7,2,10,15,0,15,10,0,3,1,30,30,41,0,4,7,12,0,1.75,0,10,15,10,0,4,4,1,2,4,1,2
37586,37619,1,pv,1,0,1,30,30,26,2,0,1.75,10,0,0,2,7,2,10,15,0,15,10,0,3,1,30,30,41,0,4,7,12,0,1.75,0,10,15,10,0,4,4,1,2,4,1,2
37586,37620,1,pv,1,1,1,30,25,23,2,4,1.5,10,10,0,12,2,7,5,5,5,5,5,4,2,3,30,25,28,5,19,2,7,4,5.5,0,5,5,10,10,5,4,1,2,4,1,2
37586,37620,3,pv_pt,0,1,1,30,25,23,2,4,1.5,10,10,0,12,2,7,5,5,5,5,5,4,2,3,30,25,28,5,19,2,7,4,5.5,0,5,5,10,10,5,4,1,2,4,1,2
37586,37621,2,pt,1,1,1,25,20,25,6,4,6.0,20,0,6,2,7,2,0,5,0,15,10,2,2,2,25,20,40,6,4,7,16,4,8.0,0,0,5,20,0,6,4,1,2,4,1,2
37586,37621,1,pv,1,0,1,25,20,25,6,4,6.0,20,0,6,2,7,2,0,5,0,15,10,2,2,2,25,20,40,6,4,7,16,4,8.0,0,0,5,20,0,6,4,1,2,4,1,2
37586,37623,2,pt,1,1,1,20,25,18,2,0,1.75,0,0,12,2,7,12,0,15,5,5,5,4,2,1,20,25,23,17,14,7,7,0,5.75,0,0,15,0,0,7,2,2,1,4,2,1
37586,37623,1,pv,1,0,1,20,25,18,2,0,1.75,0,0,12,2,7,12,0,15,5,5,5,4,2,1,20,25,23,17,14,7,7,0,5.75,0,0,15,0,0,7,2,2,1,4,2,1
37586,37624,1,pv,1,1,1,25,25,22,4,2,3.5,0,20,6,7,7,7,5,10,0,10,0,2,2,2,25,25,32,6,14,7,4,2,5.5,0,5,10,0,20,8,2,2,1,4,2,1
37586,37624,3,pv_pt,0,1,1,25,25,22,4,2,3.5,0,20,6,7,7,7,5,10,0,10,0,2,2,2,25,25,32,6,14,7,4,2,5.5,0,5,10,0,20,8,2,2,1,4,2,1
37586,37625,3,pv_pt,1,1,1,25,30,25,4,4,4.0,10,10,6,7,7,7,5,10,5,10,0,2,1,3,25,30,35,11,14,7,4,4,6.0,0,5,10,10,10,9,2,2,1,4,2,1
37586,37625,2,pt,1,1,0,25,30,25,4,4,4.0,10,10,6,7,7,7,5,10,5,10,0,2,1,3,25,30,35,11,14,7,4,4,6.0,0,5,10,10,10,9,2,2,1,4,2,1
37663,37665,1,pv,1,1,1,25,25,22,2,4,1.75,10,0,6,12,12,2,10,15,10,15,10,0,1,3,25,25,37,16,14,12,12,4,1.75,0,10,15,10,0,1,3,1,1,2,1,2
37663,37665,2,pt,0,1,1,25,25,22,2,4,1.75,10,0,6,12,12,2,10,15,10,15,10,0,1,3,25,25,37,16,14,12,12,4,1.75,0,10,15,10,0,1,3,1,1,2,1,2
37663,37666,1,pv,1,1,1,20,30,18,6,0,5.25,10,0,12,12,7,2,0,10,0,15,5,4,1,1,20,30,33,12,14,7,11,0,9.25,0,0,10,10,0,2,3,1,1,2,1,2
37663,37666,2,pt,0,1,1,20,30,18,6,0,5.25,10,0,12,12,7,2,0,10,0,15,5,4,1,1,20,30,33,12,14,7,11,0,9.25,0,0,10,10,0,2,3,1,1,2,1,2
37663,37667,1,pv,1,1,1,30,25,23,2,4,1.5,10,10,0,12,2,7,5,5,5,5,5,4,2,3,30,25,28,5,19,2,7,4,5.5,0,5,5,10,10,3,3,1,1,2,1,2
37663,37667,3,pv_pt,0,1,1,30,25,23,2,4,1.5,10,10,0,12,2,7,5,5,5,5,5,4,2,3,30,25,28,5,19,2,7,4,5.5,0,5,5,10,10,3,3,1,1,2,1,2
37663,37669,1,pv,1,1,1,25,25,22,2,2,1.75,20,20,6,7,2,7,5,5,5,5,0,0,3,2,25,25,27,11,14,2,2,2,1.75,0,5,5,20,20,4,4,1,2,1,1,1
37663,37669,3,pv_pt,0,1,1,25,25,22,2,2,1.75,20,20,6,7,2,7,5,5,5,5,0,0,3,2,25,25,27,11,14,2,2,2,1.75,0,5,5,20,20,4,4,1,2,1,1,1
37663,37670,1,pv,1,1,1,30,30,26,2,4,1.75,0,20,12,2,12,7,0,5,10,15,10,4,1,2,30,30,41,22,9,12,12,4,5.75,0,0,5,0,20,5,4,1,2,1,1,1
37663,37670,2,pt,0,1,1,30,30,26,2,4,1.75,0,20,12,2,12,7,0,5,10,15,10,4,1,2,30,30,41,22,9,12,12,4,5.75,0,0,5,0,20,5,4,1,2,1,1,1
37663,37671,3,pv_pt,1,1,1,30,25,23,6,4,4.5,0,10,6,7,2,12,5,5,10,15,0,0,2,1,30,25,38,16,19,2,6,4,4.5,0,5,5,0,10,6,4,1,2,1,1,1
37663,37671,1,pv,1,1,0,30,25,23,6,4,4.5,0,10,6,7,2,12,5,5,10,15,0,0,2,1,30,25,38,16,19,2,6,4,4.5,0,5,5,0,10,6,4,1,2,1,1,1
37663,37673,1,pv,1,1,1,30,30,26,2,0,1.75,10,0,0,2,7,2,10,15,0,15,10,0,3,1,30,30,41,0,4,7,12,0,1.75,0,10,15,10,0,7,4,1,1,4,1,1
37663,37673,3,pv_pt,0,1,1,30,30,26,2,0,1.75,10,0,0,2,7,2,10,15,0,15,10,0,3,1,30,30,41,0,4,7,12,0,1.75,0,10,15,10,0,7,4,1,1,4,1,1
37663,37674,1,pv,1,1,1,20,30,15,6,2,4.5,0,20,0,2,12,7,0,5,0,5,10,2,3,3,20,30,20,0,9,12,16,2,6.5,0,0,5,0,20,8,4,1,1,4,1,1
37663,37674,2,pt,0,1,1,20,30,15,6,2,4.5,0,20,0,2,12,7,0,5,0,5,10,2,3,3,20,30,20,0,9,12,16,2,6.5,0,0,5,0,20,8,4,1,1,4,1,1
37663,37675,1,pv,1,1,1,25,30,25,4,4,4.0,10,10,6,7,7,7,5,10,5,10,0,2,1,3,25,30,35,11,14,7,4,4,6.0,0,5,10,10,10,9,4,1,1,4,1,1
37663,37675,3,pv_pt,0,1,1,25,30,25,4,4,4.0,10,10,6,7,7,7,5,10,5,10,0,2,1,3,25,30,35,11,14,7,4,4,6.0,0,5,10,10,10,9,4,1,1,4,1,1
37716,37718,1,pv,1,1,1,30,30,26,2,0,1.75,10,0,0,2,7,2,10,15,0,15,10,0,3,1,30,30,41,0,4,7,12,0,1.75,0,10,15,10,0,1,3,1,2,2,1,1
37716,37718,2,pt,0,1,1,30,30,26,2,0,1.75,10,0,0,2,7,2,10,15,0,15,10,0,3,1,30,30,41,0,4,7,12,0,1.75,0,10,15,10,0,1,3,1,2,2,1,1
37716,37719,1,pv,1,1,1,20,25,18,2,2,1.75,10,10,0,7,7,7,5,10,5,10,0,2,2,3,20,25,28,5,14,7,2,2,3.75,0,5,10,10,10,2,3,1,2,2,1,1
37716,37719,3,pv_pt,0,1,1,20,25,18,2,2,1.75,10,10,0,7,7,7,5,10,5,10,0,2,2,3,20,25,28,5,14,7,2,2,3.75,0,5,10,10,10,2,3,1,2,2,1,1
37716,37720,1,pv,1,1,1,25,30,25,4,4,4.0,10,10,6,7,7,7,5,10,5,10,0,2,1,3,25,30,35,11,14,7,4,4,6.0,0,5,10,10,10,3,3,1,2,2,1,1
37716,37720,3,pv_pt,0,1,1,25,30,25,4,4,4.0,10,10,6,7,7,7,5,10,5,10,0,2,1,3,25,30,35,11,14,7,4,4,6.0,0,5,10,10,10,3,3,1,2,2,1,1
37716,37722,1,pv,1,1,1,30,20,23,4,0,3.0,20,20,12,2,12,2,0,15,10,5,0,0,1,1,30,20,28,22,4,12,4,0,3.0,0,0,15,20,20,4,3,1,1,3,1,2
37716,37722,3,pv_pt,0,1,1,30,20,23,4,0,3.0,20,20,12,2,12,2,0,15,10,5,0,0,1,1,30,20,28,22,4,12,4,0,3.0,0,0,15,20,20,4,3,1,1,3,1,2
37716,37723,1,pv,1,1,1,20,30,20,4,2,4.0,0,10,12,12,2,2,10,5,10,5,5,0,3,1,20,30,25,22,14,2,9,2,4.0,0,10,5,0,10,5,3,1,1,3,1,2
37716,37723,2,pt,0,1,1,20,30,20,4,2,4.0,0,10,12,12,2,2,10,5,10,5,5,0,3,1,20,30,25,22,14,2,9,2,4.0,0,10,5,0,10,5,3,1,1,3,1,2
37716,37724,1,pv,1,1,1,25,25,22,2,4,1.75,10,0,6,12,12,2,10,15,10,15,10,0,1,3,25,25,37,16,14,12,12,4,1.75,0,10,15,10,0,6,3,1,1,3,1,2
37716,37724,3,pv_pt,0,1,1,25,25,22,2,4,1.75,10,0,6,12,12,2,10,15,10,15,10,0,1,3,25,25,37,16,14,12,12,4,1.75,0,10,15,10,0,6,3,1,1,3,1,2
37716,37726,1,pv,1,1,1,30,25,23,2,4,1.5,10,10,0,12,2,7,5,5,5,5,5,4,2,3,30,25,28,5,19,2,7,4,5.5,0,5,5,10,10,7,1,1,1,2,2,1
37716,37726,3,pv_pt,0,1,1,30,25,23,2,4,1.5,10,10,0,12,2,7,5,5,5,5,5,4,2,3,30,25,28,5,19,2,7,4,5.5,0,5,5,10,10,7,1,1,1,2,2,1
37716,37727,1,pv,1,1,1,20,25,18,4,4,1.75,0,10,0,7,7,7,5,10,0,10,0,2,1,1,20,25,28,0,14,7,4,4,3.75,0,5,10,0,10,8,1,1,1,2,2,1
37716,37727,3,pv_pt,0,1,1,20,25,18,4,4,1.75,0,10,0,7,7,7,5,10,0,10,0,2,1,1,20,25,28,0,14,7,4,4,3.75,0,5,10,0,10,8,1,1,1,2,2,1
37716,37728,1,pv,1,1,1,25,25,22,2,2,1.75,20,20,6,7,2,7,5,5,5,5,0,0,3,2,25,25,27,11,14,2,2,2,1.75,0,5,5,20,20,9,1,1,1,2,2,1
37716,37728,3,pv_pt,0,1,1,25,25,22,2,2,1.75,20,20,6,7,2,7,5,5,5,5,0,0,3,2,25,25,27,11,14,2,2,2,1.75,0,5,5,20,20,9,1,1,1,2,2,1
37755,37757,3,pv_pt,1,1,1,25,25,22,2,2,1.75,20,20,6,7,2,7,5,5,5,5,0,0,3,2,25,25,27,11,14,2,2,2,1.75,0,5,5,20,20,1,3,1,1,3,1,2
37755,37757,1,pv,1,1,0,25,25,22,2,2,1.75,20,20,6,7,2,7,5,5,5,5,0,0,3,2,25,25,27,11,14,2,2,2,1.75,0,5,5,20,20,1,3,1,1,3,1,2
37755,37758,2,pt,1,1,1,30,20,23,4,0,3.0,20,20,12,2,12,2,0,15,10,5,0,0,1,1,30,20,28,22,4,12,4,0,3.0,0,0,15,20,20,2,3,1,1,3,1,2
37755,37758,1,pv,1,0,1,30,20,23,4,0,3.0,20,20,12,2,12,2,0,15,10,5,0,0,1,1,30,20,28,22,4,12,4,0,3.0,0,0,15,20,20,2,3,1,1,3,1,2
37755,37759,2,pt,1,1,1,25,25,22,2,4,1.75,10,0,6,12,12,2,10,15,10,15,10,0,1,3,25,25,37,16,14,12,12,4,1.75,0,10,15,10,0,3,3,1,1,3,1,2
37755,37759,3,pv_pt,1,0,1,25,25,22,2,4,1.75,10,0,6,12,12,2,10,15,10,15,10,0,1,3,25,25,37,16,14,12,12,4,1.75,0,10,15,10,0,3,3,1,1,3,1,2
37755,37761,2,pt,1,1,1,25,20,22,4,0,3.5,10,0,0,7,12,2,0,10,10,10,0,2,3,2,25,20,32,10,9,12,4,0,5.5,0,0,10,10,0,4,2,2,2,3,1,2
37755,37761,1,pv,1,0,1,25,20,22,4,0,3.5,10,0,0,7,12,2,0,10,10,10,0,2,3,2,25,20,32,10,9,12,4,0,5.5,0,0,10,10,0,4,2,2,2,3,1,2
37755,37762,2,pt,1,1,1,20,30,18,6,0,5.25,10,0,12,12,7,2,0,10,0,15,5,4,1,1,20,30,33,12,14,7,11,0,9.25,0,0,10,10,0,5,2,2,2,3,1,2
37755,37762,1,pv,1,0,1,20,30,18,6,0,5.25,10,0,12,12,7,2,0,10,0,15,5,4,1,1,20,30,33,12,14,7,11,0,9.25,0,0,10,10,0,5,2,2,2,3,1,2
37755,37763,2,pt,1,1,1,25,20,25,6,4,6.0,10,20,12,2,2,2,10,15,5,5,10,2,3,3,25,20,30,17,4,2,16,4,8.0,0,10,15,10,20,6,2,2,2,3,1,2
37755,37763,3,pv_pt,1,0,1,25,20,25,6,4,6.0,10,20,12,2,2,2,10,15,5,5,10,2,3,3,25,20,30,17,4,2,16,4,8.0,0,10,15,10,20,6,2,2,2,3,1,2
37755,37765,2,pt,1,1,1,25,20,25,6,4,6.0,20,0,6,2,7,2,0,5,0,15,10,2,2,2,25,20,40,6,4,7,16,4,8.0,0,0,5,20,0,7,3,2,2,3,1,1
37755,37765,1,pv,1,0,1,25,20,25,6,4,6.0,20,0,6,2,7,2,0,5,0,15,10,2,2,2,25,20,40,6,4,7,16,4,8.0,0,0,5,20,0,7,3,2,2,3,1,1
37755,37766,1,pv,1,1,1,30,25,23,2,4,1.5,10,10,0,12,2,7,5,5,5,5,5,4,2,3,30,25,28,5,19,2,7,4,5.5,0,5,5,10,10,8,3,2,2,3,1,1
37755,37766,3,pv_pt,0,1,1,30,25,23,2,4,1.5,10,10,0,12,2,7,5,5,5,5,5,4,2,3,30,25,28,5,19,2,7,4,5.5,0,5,5,10,10,8,3,2,2,3,1,1
37755,37767,2,pt,1,1,1,20,30,15,6,2,4.5,0,20,0,2,12,7,0,5,0,5,10,2,3,3,20,30,20,0,9,12,16,2,6.5,0,0,5,0,20,9,3,2,2,3,1,1
37755,37767,1,pv,1,0,1,20,30,15,6,2,4.5,0,20,0,2,12,7,0,5,0,5,10,2,3,3,20,30,20,0,9,12,16,2,6.5,0,0,5,0,20,9,3,2,2,3,1,1
37768,37770,1,pv,1,1,1,30,25,23,6,2,4.5,0,10,6,12,2,7,10,15,5,10,5,4,2,2,30,25,33,11,19,2,11,2,8.5,0,10,15,0,10,1,3,2,1,1,2,1
37768,37770,3,pv_pt,0,1,1,30,25,23,6,2,4.5,0,10,6,12,2,7,10,15,5,10,5,4,2,2,30,25,33,11,19,2,11,2,8.5,0,10,15,0,10,1,3,2,1,1,2,1
37768,37771,1,pv,1,1,1,25,25,22,2,2,1.75,20,20,6,7,2,7,5,5,5,5,0,0,3,2,25,25,27,11,14,2,2,2,1.75,0,5,5,20,20,2,3,2,1,1,2,1
37768,37771,3,pv_pt,0,1,1,25,25,22,2,2,1.75,20,20,6,7,2,7,5,5,5,5,0,0,3,2,25,25,27,11,14,2,2,2,1.75,0,5,5,20,20,2,3,2,1,1,2,1
37768,37772,2,pt,1,1,1,20,30,18,6,0,5.25,10,0,12,12,7,2,0,10,0,15,5,4,1,1,20,30,33,12,14,7,11,0,9.25,0,0,10,10,0,3,3,2,1,1,2,1
37768,37772,1,pv,1,0,1,20,30,18,6,0,5.25,10,0,12,12,7,2,0,10,0,15,5,4,1,1,20,30,33,12,14,7,11,0,9.25,0,0,10,10,0,3,3,2,1,1,2,1
37768,37774,1,pv,1,1,1,20,25,15,4,2,3.0,20,20,6,7,2,12,5,15,0,5,5,0,2,2,20,25,20,6,19,2,9,2,3.0,0,5,15,20,20,4,2,1,2,1,2,1
37768,37774,3,pv_pt,0,1,1,20,25,15,4,2,3.0,20,20,6,7,2,12,5,15,0,5,5,0,2,2,20,25,20,6,19,2,9,2,3.0,0,5,15,20,20,4,2,1,2,1,2,1
37768,37775,1,pv,1,1,1,30,30,30,4,0,4.0,20,20,0,12,12,2,10,10,5,5,10,4,2,1,30,30,35,5,14,12,14,0,8.0,0,10,10,20,20,5,2,1,2,1,2,1
37768,37775,3,pv_pt,0,1,1,30,30,30,4,0,4.0,20,20,0,12,12,2,10,10,5,5,10,4,2,1,30,30,35,5,14,12,14,0,8.0,0,10,10,20,20,5,2,1,2,1,2,1
37768,37776,2,pt,1,1,1,30,20,23,6,2,4.5,20,0,12,2,12,12,10,5,0,10,0,2,1,3,30,20,33,12,14,12,6,2,6.5,0,10,5,20,0,6,2,1,2,1,2,1
37768,37776,1,pv,1,0,1,30,20,23,6,2,4.5,20,0,12,2,12,12,10,5,0,10,0,2,1,3,30,20,33,12,14,12,6,2,6.5,0,10,5,20,0,6,2,1,2,1,2,1
37768,37778,1,pv,1,1,1,25,25,22,4,2,3.5,0,20,6,7,7,7,5,10,0,10,0,2,2,2,25,25,32,6,14,7,4,2,5.5,0,5,10,0,20,7,1,2,1,4,1,2
37768,37778,2,pt,0,1,1,25,25,22,4,2,3.5,0,20,6,7,7,7,5,10,0,10,0,2,2,2,25,25,32,6,14,7,4,2,5.5,0,5,10,0,20,7,1,2,1,4,1,2
37768,37779,3,pv_pt,1,1,1,30,25,23,6,4,4.5,0,10,6,7,2,12,5,5,10,15,0,0,2,1,30,25,38,16,19,2,6,4,4.5,0,5,5,0,10,8,1,2,1,4,1,2
37768,37779,1,pv,1,1,0,30,25,23,6,4,4.5,0,10,6,7,2,12,5,5,10,15,0,0,2,1,30,25,38,16,19,2,6,4,4.5,0,5,5,0,10,8,1,2,1,4,1,2
37768,37780,3,pv_pt,1,1,1,20,30,15,6,2,4.5,0,20,0,2,12,7,0,5,0,5,10,2,3,3,20,30,20,0,9,12,16,2,6.5,0,0,5,0,20,9,1,2,1,4,1,2
37768,37780,1,pv,1,1,0,20,30,15,6,2,4.5,0,20,0,2,12,7,0,5,0,5,10,2,3,3,20,30,20,0,9,12,16,2,6.5,0,0,5,0,20,9,1,2,1,4,1,2
37781,37783,2,pt,1,1,1,30,30,26,2,4,1.75,0,20,12,2,12,7,0,5,10,15,10,4,1,2,30,30,41,22,9,12,12,4,5.75,0,0,5,0,20,1,2,2,1,4,2,1
37781,37783,1,pv,1,0,1,30,30,26,2,4,1.75,0,20,12,2,12,7,0,5,10,15,10,4,1,2,30,30,41,22,9,12,12,4,5.75,0,0,5,0,20,1,2,2,1,4,2,1
37781,37784,1,pv,1,1,1,20,30,18,6,0,5.25,10,0,12,12,7,2,0,10,0,15,5,4,1,1,20,30,33,12,14,7,11,0,9.25,0,0,10,10,0,2,2,2,1,4,2,1
37781,37784,2,pt,0,1,1,20,30,18,6,0,5.25,10,0,12,12,7,2,0,10,0,15,5,4,1,1,20,30,33,12,14,7,11,0,9.25,0,0,10,10,0,2,2,2,1,4,2,1
37781,37785,1,pv,1,1,1,20,30,15,6,2,4.5,0,20,0,2,12,7,0,5,0,5,10,2,3,3,20,30,20,0,9,12,16,2,6.5,0,0,5,0,20,3,2,2,1,4,2,1
37781,37785,2,pt,0,1,1,20,30,15,6,2,4.5,0,20,0,2,12,7,0,5,0,5,10,2,3,3,20,30,20,0,9,12,16,2,6.5,0,0,5,0,20,3,2,2,1,4,2,1
37781,37787,2,pt,1,1,1,25,30,25,4,4,4.0,20,0,12,12,12,12,0,15,10,10,5,4,3,2,25,30,35,22,24,12,9,4,8.0,0,0,15,20,0,4,2,1,2,1,2,1
37781,37787,1,pv,1,0,1,25,30,25,4,4,4.0,20,0,12,12,12,12,0,15,10,10,5,4,3,2,25,30,35,22,24,12,9,4,8.0,0,0,15,20,0,4,2,1,2,1,2,1
37781,37788,2,pt,1,1,1,25,20,25,6,4,6.0,20,0,6,2,7,2,0,5,0,15,10,2,2,2,25,20,40,6,4,7,16,4,8.0,0,0,5,20,0,5,2,1,2,1,2,1
37781,37788,1,pv,1,0,1,25,20,25,6,4,6.0,20,0,6,2,7,2,0,5,0,15,10,2,2,2,25,20,40,6,4,7,16,4,8.0,0,0,5,20,0,5,2,1,2,1,2,1
37781,37789,3,pv_pt,1,1,1,20,30,20,4,2,4.0,0,10,12,12,2,2,10,5,10,5,5,0,3,1,20,30,25,22,14,2,9,2,4.0,0,10,5,0,10,6,2,1,2,1,2,1
37781,37789,1,pv,1,1,0,20,30,20,4,2,4.0,0,10,12,12,2,2,10,5,10,5,5,0,3,1,20,30,25,22,14,2,9,2,4.0,0,10,5,0,10,6,2,1,2,1,2,1
37781,37791,1,pv,1,1,1,20,25,18,4,4,1.75,0,10,0,7,7,7,5,10,0,10,0,2,1,1,20,25,28,0,14,7,4,4,3.75,0,5,10,0,10,7,2,1,2,4,2,2
37781,37791,2,pt,0,1,1,20,25,18,4,4,1.75,0,10,0,7,7,7,5,10,0,10,0,2,1,1,20,25,28,0,14,7,4,4,3.75,0,5,10,0,10,7,2,1,2,4,2,2
37781,37792,1,pv,1,1,1,30,30,30,4,0,4.0,20,20,0,12,12,2,10,10,5,5,10,4,2,1,30,30,35,5,14,12,14,0,8.0,0,10,10,20,20,8,2,1,2,4,2,2
37781,37792,2,pt,0,1,1,30,30,30,4,0,4.0,20,20,0,12,12,2,10,10,5,5,10,4,2,1,30,30,35,5,14,12,14,0,8.0,0,10,10,20,20,8,2,1,2,4,2,2
37781,37793,2,pt,1,1,1,25,20,22,4,0,3.5,10,0,0,7,12,2,0,10,10,10,0,2,3,2,25,20,32,10,9,12,4,0,5.5,0,0,10,10,0,9,2,1,2,4,2,2
37781,37793,1,pv,1,0,1,25,20,22,4,0,3.5,10,0,0,7,12,2,0,10,10,10,0,2,3,2,25,20,32,10,9,12,4,0,5.5,0,0,10,10,0,9,2,1,2,4,2,2
37795,37810,1,pv,1,1,1,25,25,22,2,2,1.75,20,20,6,7,2,7,5,5,5,5,0,0,3,2,25,25,27,11,14,2,2,2,1.75,0,5,5,20,20,1,1,1,2,1,1,2
37795,37810,3,pv_pt,0,1,1,25,25,22,2,2,1.75,20,20,6,7,2,7,5,5,5,5,0,0,3,2,25,25,27,11,14,2,2,2,1.75,0,5,5,20,20,1,1,1,2,1,1,2
37795,37811,2,pt,1,1,1,25,25,22,4,2,3.5,0,20,6,7,7,7,5,10,0,10,0,2,2,2,25,25,32,6,14,7,4,2,5.5,0,5,10,0,20,2,1,1,2,1,1,2
37795,37811,3,pv_pt,1,0,1,25,25,22,4,2,3.5,0,20,6,7,7,7,5,10,0,10,0,2,2,2,25,25,32,6,14,7,4,2,5.5,0,5,10,0,20,2,1,1,2,1,1,2
37795,37812,2,pt,1,1,1,30,30,26,2,0,1.75,10,0,0,2,7,2,10,15,0,15,10,0,3,1,30,30,41,0,4,7,12,0,1.75,0,10,15,10,0,3,1,1,2,1,1,2
37795,37812,3,pv_pt,1,0,1,30,30,26,2,0,1.75,10,0,0,2,7,2,10,15,0,15,10,0,3,1,30,30,41,0,4,7,12,0,1.75,0,10,15,10,0,3,1,1,2,1,1,2
37795,37814,2,pt,1,1,1,25,30,25,4,4,4.0,20,0,12,12,12,12,0,15,10,10,5,4,3,2,25,30,35,22,24,12,9,4,8.0,0,0,15,20,0,4,4,1,1,4,1,1
37795,37814,3,pv_pt,1,0,1,25,30,25,4,4,4.0,20,0,12,12,12,12,0,15,10,10,5,4,3,2,25,30,35,22,24,12,9,4,8.0,0,0,15,20,0,4,4,1,1,4,1,1
37795,37815,2,pt,1,1,1,20,30,18,6,0,5.25,10,0,12,12,7,2,0,10,0,15,5,4,1,1,20,30,33,12,14,7,11,0,9.25,0,0,10,10,0,5,4,1,1,4,1,1
37795,37815,1,pv,1,0,1,20,30,18,6,0,5.25,10,0,12,12,7,2,0,10,0,15,5,4,1,1,20,30,33,12,14,7,11,0,9.25,0,0,10,10,0,5,4,1,1,4,1,1
37795,37816,3,pv_pt,1,1,1,25,25,22,2,4,1.75,10,0,6,12,12,2,10,15,10,15,10,0,1,3,25,25,37,16,14,12,12,4,1.75,0,10,15,10,0,6,4,1,1,4,1,1
37795,37816,2,pt,1,1,0,25,25,22,2,4,1.75,10,0,6,12,12,2,10,15,10,15,10,0,1,3,25,25,37,16,14,12,12,4,1.75,0,10,15,10,0,6,4,1,1,4,1,1
37795,37818,3,pv_pt,1,1,1,20,30,20,4,2,4.0,0,10,12,12,2,2,10,5,10,5,5,0,3,1,20,30,25,22,14,2,9,2,4.0,0,10,5,0,10,7,1,1,1,2,2,1
37795,37818,1,pv,1,1,0,20,30,20,4,2,4.0,0,10,12,12,2,2,10,5,10,5,5,0,3,1,20,30,25,22,14,2,9,2,4.0,0,10,5,0,10,7,1,1,1,2,2,1
37795,37819,3,pv_pt,1,1,1,30,25,23,6,4,4.5,0,10,6,7,2,12,5,5,10,15,0,0,2,1,30,25,38,16,19,2,6,4,4.5,0,5,5,0,10,8,1,1,1,2,2,1
37795,37819,1,pv,1,1,0,30,25,23,6,4,4.5,0,10,6,7,2,12,5,5,10,15,0,0,2,1,30,25,38,16,19,2,6,4,4.5,0,5,5,0,10,8,1,1,1,2,2,1
37795,37820,1,pv,1,1,1,30,25,23,2,4,1.5,10,10,0,12,2,7,5,5,5,5,5,4,2,3,30,25,28,5,19,2,7,4,5.5,0,5,5,10,10,9,1,1,1,2,2,1
37795,37820,3,pv_pt,0,1,1,30,25,23,2,4,1.5,10,10,0,12,2,7,5,5,5,5,5,4,2,3,30,25,28,5,19,2,7,4,5.5,0,5,5,10,10,9,1,1,1,2,2,1
37834,37836,3,pv_pt,1,1,1,25,20,25,6,0,6.0,20,20,0,12,2,12,0,15,10,15,5,4,1,3,25,20,40,10,24,2,11,0,10.0,0,0,15,20,20,1,3,1,2,2,1,1
37834,37836,2,pt,1,1,0,25,20,25,6,0,6.0,20,20,0,12,2,12,0,15,10,15,5,4,1,3,25,20,40,10,24,2,11,0,10.0,0,0,15,20,20,1,3,1,2,2,1,1
37834,37837,3,pv_pt,1,1,1,20,25,15,4,2,3.0,20,20,6,7,2,12,5,15,0,5,5,0,2,2,20,25,20,6,19,2,9,2,3.0,0,5,15,20,20,2,3,1,2,2,1,1
37834,37837,1,pv,1,1,0,20,25,15,4,2,3.0,20,20,6,7,2,12,5,15,0,5,5,0,2,2,20,25,20,6,19,2,9,2,3.0,0,5,15,20,20,2,3,1,2,2,1,1
37834,37838,1,pv,1,1,1,30,25,23,2,4,1.5,10,10,0,12,2,7,5,5,5,5,5,4,2,3,30,25,28,5,19,2,7,4,5.5,0,5,5,10,10,3,3,1,2,2,1,1
37834,37838,3,pv_pt,0,1,1,30,25,23,2,4,1.5,10,10,0,12,2,7,5,5,5,5,5,4,2,3,30,25,28,5,19,2,7,4,5.5,0,5,5,10,10,3,3,1,2,2,1,1
37834,37840,2,pt,1,1,1,25,20,25,6,4,6.0,10,20,12,2,2,2,10,15,5,5,10,2,3,3,25,20,30,17,4,2,16,4,8.0,0,10,15,10,20,4,1,2,1,1,1,1
37834,37840,3,pv_pt,1,0,1,25,20,25,6,4,6.0,10,20,12,2,2,2,10,15,5,5,10,2,3,3,25,20,30,17,4,2,16,4,8.0,0,10,15,10,20,4,1,2,1,1,1,1
37834,37841,2,pt,1,1,1,25,30,25,4,4,4.0,10,10,6,7,7,7,5,10,5,10,0,2,1,3,25,30,35,11,14,7,4,4,6.0,0,5,10,10,10,5,1,2,1,1,1,1
37834,37841,1,pv,1,0,1,25,30,25,4,4,4.0,10,10,6,7,7,7,5,10,5,10,0,2,1,3,25,30,35,11,14,7,4,4,6.0,0,5,10,10,10,5,1,2,1,1,1,1
37834,37842,2,pt,1,1,1,30,20,30,2,0,2.0,0,10,12,12,7,12,5,10,0,15,10,0,3,3,30,20,45,12,24,7,12,0,2.0,0,5,10,0,10,6,1,2,1,1,1,1
37834,37842,3,pv_pt,1,0,1,30,20,30,2,0,2.0,0,10,12,12,7,12,5,10,0,15,10,0,3,3,30,20,45,12,24,7,12,0,2.0,0,5,10,0,10,6,1,2,1,1,1,1
37834,37844,1,pv,1,1,1,30,25,23,6,2,4.5,0,10,6,12,2,7,10,15,5,10,5,4,2,2,30,25,33,11,19,2,11,2,8.5,0,10,15,0,10,7,4,2,2,2,2,1
37834,37844,2,pt,0,1,1,30,25,23,6,2,4.5,0,10,6,12,2,7,10,15,5,10,5,4,2,2,30,25,33,11,19,2,11,2,8.5,0,10,15,0,10,7,4,2,2,2,2,1
37834,37845,2,pt,1,1,1,30,30,26,2,4,1.75,0,20,12,2,12,7,0,5,10,15,10,4,1,2,30,30,41,22,9,12,12,4,5.75,0,0,5,0,20,8,4,2,2,2,2,1
37834,37845,3,pv_pt,1,0,1,30,30,26,2,4,1.75,0,20,12,2,12,7,0,5,10,15,10,4,1,2,30,30,41,22,9,12,12,4,5.75,0,0,5,0,20,8,4,2,2,2,2,1
37834,37846,1,pv,1,1,1,30,20,23,6,2,4.5,20,0,12,2,12,12,10,5,0,10,0,2,1,3,30,20,33,12,14,12,6,2,6.5,0,10,5,20,0,9,4,2,2,2,2,1
37834,37846,2,pt,0,1,1,30,20,23,6,2,4.5,20,0,12,2,12,12,10,5,0,10,0,2,1,3,30,20,33,12,14,12,6,2,6.5,0,10,5,20,0,9,4,2,2,2,2,1
37872,37887,1,pv,1,1,1,25,25,22,4,2,3.5,0,20,6,7,7,7,5,10,0,10,0,2,2,2,25,25,32,6,14,7,4,2,5.5,0,5,10,0,20,1,4,2,2,2,2,1
37872,37887,2,pt,0,1,1,25,25,22,4,2,3.5,0,20,6,7,7,7,5,10,0,10,0,2,2,2,25,25,32,6,14,7,4,2,5.5,0,5,10,0,20,1,4,2,2,2,2,1
37872,37888,1,pv,1,1,1,30,30,26,2,4,1.75,0,20,12,2,12,7,0,5,10,15,10,4,1,2,30,30,41,22,9,12,12,4,5.75,0,0,5,0,20,2,4,2,2,2,2,1
37872,37888,2,pt,0,1,1,30,30,26,2,4,1.75,0,20,12,2,12,7,0,5,10,15,10,4,1,2,30,30,41,22,9,12,12,4,5.75,0,0,5,0,20,2,4,2,2,2,2,1
37872,37889,1,pv,1,1,1,25,30,25,4,4,4.0,10,10,6,7,7,7,5,10,5,10,0,2,1,3,25,30,35,11,14,7,4,4,6.0,0,5,10,10,10,3,4,2,2,2,2,1
37872,37889,2,pt,0,1,1,25,30,25,4,4,4.0,10,10,6,7,7,7,5,10,5,10,0,2,1,3,25,30,35,11,14,7,4,4,6.0,0,5,10,10,10,3,4,2,2,2,2,1
37872,37891,1,pv,1,1,1,30,20,30,2,0,2.0,0,10,12,12,7,12,5,10,0,15,10,0,3,3,30,20,45,12,24,7,12,0,2.0,0,5,10,0,10,4,1,1,1,2,2,1
37872,37891,2,pt,0,1,1,30,20,30,2,0,2.0,0,10,12,12,7,12,5,10,0,15,10,0,3,3,30,20,45,12,24,7,12,0,2.0,0,5,10,0,10,4,1,1,1,2,2,1
37872,37892,1,pv,1,1,1,25,20,25,6,4,6.0,10,20,12,2,2,2,10,15,5,5,10,2,3,3,25,20,30,17,4,2,16,4,8.0,0,10,15,10,20,5,1,1,1,2,2,1
37872,37892,2,pt,0,1,1,25,20,25,6,4,6.0,10,20,12,2,2,2,10,15,5,5,10,2,3,3,25,20,30,17,4,2,16,4,8.0,0,10,15,10,20,5,1,1,1,2,2,1
37872,37893,2,pt,1,1,1,20,30,18,6,0,5.25,10,0,12,12,7,2,0,10,0,15,5,4,1,1,20,30,33,12,14,7,11,0,9.25,0,0,10,10,0,6,1,1,1,2,2,1
37872,37893,1,pv,1,0,1,20,30,18,6,0,5.25,10,0,12,12,7,2,0,10,0,15,5,4,1,1,20,30,33,12,14,7,11,0,9.25,0,0,10,10,0,6,1,1,1,2,2,1
37872,37895,1,pv,1,1,1,20,30,20,6,0,6.0,10,0,0,2,12,12,10,10,10,10,10,0,1,2,20,30,30,10,14,12,16,0,6.0,0,10,10,10,0,7,2,2,2,2,1,2
37872,37895,2,pt,0,1,1,20,30,20,6,0,6.0,10,0,0,2,12,12,10,10,10,10,10,0,1,2,20,30,30,10,14,12,16,0,6.0,0,10,10,10,0,7,2,2,2,2,1,2
37872,37896,1,pv,1,1,1,20,30,15,6,2,4.5,0,20,0,2,12,7,0,5,0,5,10,2,3,3,20,30,20,0,9,12,16,2,6.5,0,0,5,0,20,8,2,2,2,2,1,2
37872,37896,2,pt,0,1,1,20,30,15,6,2,4.5,0,20,0,2,12,7,0,5,0,5,10,2,3,3,20,30,20,0,9,12,16,2,6.5,0,0,5,0,20,8,2,2,2,2,1,2
37872,37897,2,pt,1,1,1,25,20,22,4,0,3.5,10,0,0,7,12,2,0,10,10,10,0,2,3,2,25,20,32,10,9,12,4,0,5.5,0,0,10,10,0,9,2,2,2,2,1,2
37872,37897,1,pv,1,0,1,25,20,22,4,0,3.5,10,0,0,7,12,2,0,10,10,10,0,2,3,2,25,20,32,10,9,12,4,0,5.5,0,0,10,10,0,9,2,2,2,2,1,2
37873,37875,1,pv,1,1,1,20,25,18,2,0,1.75,0,0,12,2,7,12,0,15,5,5,5,4,2,1,20,25,23,17,14,7,7,0,5.75,0,0,15,0,0,1,1,1,1,3,2,1
37873,37875,2,pt,0,1,1,20,25,18,2,0,1.75,0,0,12,2,7,12,0,15,5,5,5,4,2,1,20,25,23,17,14,7,7,0,5.75,0,0,15,0,0,1,1,1,1,3,2,1
37873,37876,2,pt,1,1,1,30,30,26,2,4,1.75,0,20,12,2,12,7,0,5,10,15,10,4,1,2,30,30,41,22,9,12,12,4,5.75,0,0,5,0,20,2,1,1,1,3,2,1
37873,37876,1,pv,1,0,1,30,30,26,2,4,1.75,0,20,12,2,12,7,0,5,10,15,10,4,1,2,30,30,41,22,9,12,12,4,5.75,0,0,5,0,20,2,1,1,1,3,2,1
37873,37877,1,pv,1,1,1,20,25,18,4,4,1.75,0,10,0,7,7,7,5,10,0,10,0,2,1,1,20,25,28,0,14,7,4,4,3.75,0,5,10,0,10,3,1,1,1,3,2,1
37873,37877,3,pv_pt,0,1,1,20,25,18,4,4,1.75,0,10,0,7,7,7,5,10,0,10,0,2,1,1,20,25,28,0,14,7,4,4,3.75,0,5,10,0,10,3,1,1,1,3,2,1
37873,37879,1,pv,1,1,1,30,25,23,6,4,4.5,0,10,6,7,2,12,5,5,10,15,0,0,2,1,30,25,38,16,19,2,6,4,4.5,0,5,5,0,10,4,4,1,1,2,2,2
37873,37879,3,pv_pt,0,1,1,30,25,23,6,4,4.5,0,10,6,7,2,12,5,5,10,15,0,0,2,1,30,25,38,16,19,2,6,4,4.5,0,5,5,0,10,4,4,1,1,2,2,2
37873,37880,1,pv,1,1,1,20,30,20,6,0,6.0,10,0,0,2,12,12,10,10,10,10,10,0,1,2,20,30,30,10,14,12,16,0,6.0,0,10,10,10,0,5,4,1,1,2,2,2
37873,37880,3,pv_pt,0,1,1,20,30,20,6,0,6.0,10,0,0,2,12,12,10,10,10,10,10,0,1,2,20,30,30,10,14,12,16,0,6.0,0,10,10,10,0,5,4,1,1,2,2,2
37873,37881,3,pv_pt,1,1,1,25,20,25,6,0,6.0,20,20,0,12,2,12,0,15,10,15,5,4,1,3,25,20,40,10,24,2,11,0,10.0,0,0,15,20,20,6,4,1,1,2,2,2
37873,37881,1,pv,1,1,0,25,20,25,6,0,6.0,20,20,0,12,2,12,0,15,10,15,5,4,1,3,25,20,40,10,24,2,11,0,10.0,0,0,15,20,20,6,4,1,1,2,2,2
37873,37883,1,pv,1,1,1,20,30,15,6,2,4.5,0,20,0,2,12,7,0,5,0,5,10,2,3,3,20,30,20,0,9,12,16,2,6.5,0,0,5,0,20,7,3,1,1,2,1,2
37873,37883,3,pv_pt,0,1,1,20,30,15,6,2,4.5,0,20,0,2,12,7,0,5,0,5,10,2,3,3,20,30,20,0,9,12,16,2,6.5,0,0,5,0,20,7,3,1,1,2,1,2
37873,37884,2,pt,1,1,1,30,30,26,2,0,1.75,10,0,0,2,7,2,10,15,0,15,10,0,3,1,30,30,41,0,4,7,12,0,1.75,0,10,15,10,0,8,3,1,1,2,1,2
37873,37884,1,pv,1,0,1,30,30,26,2,0,1.75,10,0,0,2,7,2,10,15,0,15,10,0,3,1,30,30,41,0,4,7,12,0,1.75,0,10,15,10,0,8,3,1,1,2,1,2
37873,37885,2,pt,1,1,1,25,20,25,6,4,6.0,20,0,6,2,7,2,0,5,0,15,10,2,2,2,25,20,40,6,4,7,16,4,8.0,0,0,5,20,0,9,3,1,1,2,1,2
37873,37885,1,pv,1,0,1,25,20,25,6,4,6.0,20,0,6,2,7,2,0,5,0,15,10,2,2,2,25,20,40,6,4,7,16,4,8.0,0,0,5,20,0,9,3,1,1,2,1,2
37898,37991,1,pv,1,1,1,30,25,23,2,4,1.5,10,10,0,12,2,7,5,5,5,5,5,4,2,3,30,25,28,5,19,2,7,4,5.5,0,5,5,10,10,1,1,2,1,1,1,1
37898,37991,3,pv_pt,0,1,1,30,25,23,2,4,1.5,10,10,0,12,2,7,5,5,5,5,5,4,2,3,30,25,28,5,19,2,7,4,5.5,0,5,5,10,10,1,1,2,1,1,1,1
37898,37992,1,pv,1,1,1,25,20,25,6,0,6.0,20,20,0,12,2,12,0,15,10,15,5,4,1,3,25,20,40,10,24,2,11,0,10.0,0,0,15,20,20,2,1,2,1,1,1,1
37898,37992,2,pt,0,1,1,25,20,25,6,0,6.0,20,20,0,12,2,12,0,15,10,15,5,4,1,3,25,20,40,10,24,2,11,0,10.0,0,0,15,20,20,2,1,2,1,1,1,1
37898,37993,1,pv,1,1,1,20,25,18,2,0,1.75,0,0,12,2,7,12,0,15,5,5,5,4,2,1,20,25,23,17,14,7,7,0,5.75,0,0,15,0,0,3,1,2,1,1,1,1
37898,37993,3,pv_pt,0,1,1,20,25,18,2,0,1.75,0,0,12,2,7,12,0,15,5,5,5,4,2,1,20,25,23,17,14,7,7,0,5.75,0,0,15,0,0,3,1,2,1,1,1,1
37898,37995,1,pv,1,1,1,20,25,18,2,2,1.75,10,10,0,7,7,7,5,10,5,10,0,2,2,3,20,25,28,5,14,7,2,2,3.75,0,5,10,10,10,4,3,1,1,2,1,2
37898,37995,2,pt,0,1,1,20,25,18,2,2,1.75,10,10,0,7,7,7,5,10,5,10,0,2,2,3,20,25,28,5,14,7,2,2,3.75,0,5,10,10,10,4,3,1,1,2,1,2
37898,37996,1,pv,1,1,1,20,25,18,4,4,1.75,0,10,0,7,7,7,5,10,0,10,0,2,1,1,20,25,28,0,14,7,4,4,3.75,0,5,10,0,10,5,3,1,1,2,1,2
37898,37996,3,pv_pt,0,1,1,20,25,18,4,4,1.75,0,10,0,7,7,7,5,10,0,10,0,2,1,1,20,25,28,0,14,7,4,4,3.75,0,5,10,0,10,5,3,1,1,2,1,2
37898,37997,2,pt,1,1,1,30,20,23,4,0,3.0,20,20,12,2,12,2,0,15,10,5,0,0,1,1,30,20,28,22,4,12,4,0,3.0,0,0,15,20,20,6,3,1,1,2,1,2
37898,37997,1,pv,1,0,1,30,20,23,4,0,3.0,20,20,12,2,12,2,0,15,10,5,0,0,1,1,30,20,28,22,4,12,4,0,3.0,0,0,15,20,20,6,3,1,1,2,1,2
37898,37999,2,pt,1,1,1,30,30,26,2,0,1.75,10,0,0,2,7,2,10,15,0,15,10,0,3,1,30,30,41,0,4,7,12,0,1.75,0,10,15,10,0,7,2,2,1,4,2,1
37898,37999,1,pv,1,0,1,30,30,26,2,0,1.75,10,0,0,2,7,2,10,15,0,15,10,0,3,1,30,30,41,0,4,7,12,0,1.75,0,10,15,10,0,7,2,2,1,4,2,1
37898,38000,3,pv_pt,1,1,1,20,30,20,6,0,6.0,10,0,0,2,12,12,10,10,10,10,10,0,1,2,20,30,30,10,14,12,16,0,6.0,0,10,10,10,0,8,2,2,1,4,2,1
37898,38000,1,pv,1,1,0,20,30,20,6,0,6.0,10,0,0,2,12,12,10,10,10,10,10,0,1,2,20,30,30,10,14,12,16,0,6.0,0,10,10,10,0,8,2,2,1,4,2,1
37898,38001,3,pv_pt,1,1,1,20,25,15,4,2,3.0,20,20,6,7,2,12,5,15,0,5,5,0,2,2,20,25,20,6,19,2,9,2,3.0,0,5,15,20,20,9,2,2,1,4,2,1
37898,38001,1,pv,1,1,0,20,25,15,4,2,3.0,20,20,6,7,2,12,5,15,0,5,5,0,2,2,20,25,20,6,19,2,9,2,3.0,0,5,15,20,20,9,2,2,1,4,2,1
37900,37916,1,pv,1,1,1,25,20,25,6,4,6.0,20,0,6,2,7,2,0,5,0,15,10,2,2,2,25,20,40,6,4,7,16,4,8.0,0,0,5,20,0,1,3,1,2,4,2,1
37900,37916,2,pt,0,1,1,25,20,25,6,4,6.0,20,0,6,2,7,2,0,5,0,15,10,2,2,2,25,20,40,6,4,7,16,4,8.0,0,0,5,20,0,1,3,1,2,4,2,1
37900,37917,3,pv_pt,1,1,1,30,25,23,6,2,4.5,0,10,6,12,2,7,10,15,5,10,5,4,2,2,30,25,33,11,19,2,11,2,8.5,0,10,15,0,10,2,3,1,2,4,2,1
37900,37917,2,pt,1,1,0,30,25,23,6,2,4.5,0,10,6,12,2,7,10,15,5,10,5,4,2,2,30,25,33,11,19,2,11,2,8.5,0,10,15,0,10,2,3,1,2,4,2,1
37900,37918,3,pv_pt,1,1,1,20,30,20,6,0,6.0,10,0,0,2,12,12,10,10,10,10,10,0,1,2,20,30,30,10,14,12,16,0,6.0,0,10,10,10,0,3,3,1,2,4,2,1
37900,37918,1,pv,1,1,0,20,30,20,6,0,6.0,10,0,0,2,12,12,10,10,10,10,10,0,1,2,20,30,30,10,14,12,16,0,6.0,0,10,10,10,0,3,3,1,2,4,2,1
37900,37920,1,pv,1,1,1,20,25,18,4,4,1.75,0,10,0,7,7,7,5,10,0,10,0,2,1,1,20,25,28,0,14,7,4,4,3.75,0,5,10,0,10,4,2,2,1,2,1,1
37900,37920,2,pt,0,1,1,20,25,18,4,4,1.75,0,10,0,7,7,7,5,10,0,10,0,2,1,1,20,25,28,0,14,7,4,4,3.75,0,5,10,0,10,4,2,2,1,2,1,1
37900,37921,3,pv_pt,1,1,1,30,30,30,4,0,4.0,20,20,0,12,12,2,10,10,5,5,10,4,2,1,30,30,35,5,14,12,14,0,8.0,0,10,10,20,20,5,2,2,1,2,1,1
37900,37921,2,pt,1,1,0,30,30,30,4,0,4.0,20,20,0,12,12,2,10,10,5,5,10,4,2,1,30,30,35,5,14,12,14,0,8.0,0,10,10,20,20,5,2,2,1,2,1,1
37900,37922,3,pv_pt,1,1,1,25,20,25,6,4,6.0,10,20,12,2,2,2,10,15,5,5,10,2,3,3,25,20,30,17,4,2,16,4,8.0,0,10,15,10,20,6,2,2,1,2,1,1
37900,37922,2,pt,1,1,0,25,20,25,6,4,6.0,10,20,12,2,2,2,10,15,5,5,10,2,3,3,25,20,30,17,4,2,16,4,8.0,0,10,15,10,20,6,2,2,1,2,1,1
37900,37924,1,pv,1,1,1,25,25,22,4,2,3.5,0,20,6,7,7,7,5,10,0,10,0,2,2,2,25,25,32,6,14,7,4,2,5.5,0,5,10,0,20,7,3,1,1,3,1,2
37900,37924,3,pv_pt,0,1,1,25,25,22,4,2,3.5,0,20,6,7,7,7,5,10,0,10,0,2,2,2,25,25,32,6,14,7,4,2,5.5,0,5,10,0,20,7,3,1,1,3,1,2
37900,37925,3,pv_pt,1,1,1,25,25,22,2,2,1.75,20,20,6,7,2,7,5,5,5,5,0,0,3,2,25,25,27,11,14,2,2,2,1.75,0,5,5,20,20,8,3,1,1,3,1,2
37900,37925,1,pv,1,1,0,25,25,22,2,2,1.75,20,20,6,7,2,7,5,5,5,5,0,0,3,2,25,25,27,11,14,2,2,2,1.75,0,5,5,20,20,8,3,1,1,3,1,2
37900,37926,3,pv_pt,1,1,1,30,25,23,2,4,1.5,10,10,0,12,2,7,5,5,5,5,5,4,2,3,30,25,28,5,19,2,7,4,5.5,0,5,5,10,10,9,3,1,1,3,1,2
37900,37926,1,pv,1,1,0,30,25,23,2,4,1.5,10,10,0,12,2,7,5,5,5,5,5,4,2,3,30,25,28,5,19,2,7,4,5.5,0,5,5,10,10,9,3,1,1,3,1,2
37927,37930,1,pv,1,1,1,20,30,20,6,0,6.0,10,0,0,2,12,12,10,10,10,10,10,0,1,2,20,30,30,10,14,12,16,0,6.0,0,10,10,10,0,1,3,2,2,1,2,2
37927,37930,2,pt,0,1,1,20,30,20,6,0,6.0,10,0,0,2,12,12,10,10,10,10,10,0,1,2,20,30,30,10,14,12,16,0,6.0,0,10,10,10,0,1,3,2,2,1,2,2
37927,37931,1,pv,1,1,1,20,30,18,6,0,5.25,10,0,12,12,7,2,0,10,0,15,5,4,1,1,20,30,33,12,14,7,11,0,9.25,0,0,10,10,0,2,3,2,2,1,2,2
37927,37931,2,pt,0,1,1,20,30,18,6,0,5.25,10,0,12,12,7,2,0,10,0,15,5,4,1,1,20,30,33,12,14,7,11,0,9.25,0,0,10,10,0,2,3,2,2,1,2,2
37927,37932,1,pv,1,1,1,20,30,20,4,2,4.0,0,10,12,12,2,2,10,5,10,5,5,0,3,1,20,30,25,22,14,2,9,2,4.0,0,10,5,0,10,3,3,2,2,1,2,2
37927,37932,2,pt,0,1,1,20,30,20,4,2,4.0,0,10,12,12,2,2,10,5,10,5,5,0,3,1,20,30,25,22,14,2,9,2,4.0,0,10,5,0,10,3,3,2,2,1,2,2
37927,37934,1,pv,1,1,1,25,25,22,2,4,1.75,10,0,6,12,12,2,10,15,10,15,10,0,1,3,25,25,37,16,14,12,12,4,1.75,0,10,15,10,0,4,4,1,2,1,1,1
37927,37934,2,pt,0,1,1,25,25,22,2,4,1.75,10,0,6,12,12,2,10,15,10,15,10,0,1,3,25,25,37,16,14,12,12,4,1.75,0,10,15,10,0,4,4,1,2,1,1,1
37927,37935,1,pv,1,1,1,25,25,22,4,2,3.5,0,20,6,7,7,7,5,10,0,10,0,2,2,2,25,25,32,6,14,7,4,2,5.5,0,5,10,0,20,5,4,1,2,1,1,1
37927,37935,2,pt,0,1,1,25,25,22,4,2,3.5,0,20,6,7,7,7,5,10,0,10,0,2,2,2,25,25,32,6,14,7,4,2,5.5,0,5,10,0,20,5,4,1,2,1,1,1
37927,37936,1,pv,1,1,1,30,30,26,2,4,1.75,0,20,12,2,12,7,0,5,10,15,10,4,1,2,30,30,41,22,9,12,12,4,5.75,0,0,5,0,20,6,4,1,2,1,1,1
37927,37936,2,pt,0,1,1,30,30,26,2,4,1.75,0,20,12,2,12,7,0,5,10,15,10,4,1,2,30,30,41,22,9,12,12,4,5.75,0,0,5,0,20,6,4,1,2,1,1,1
37927,37938,1,pv,1,1,1,20,30,15,6,2,4.5,0,20,0,2,12,7,0,5,0,5,10,2,3,3,20,30,20,0,9,12,16,2,6.5,0,0,5,0,20,7,2,2,2,3,1,2
37927,37938,2,pt,0,1,1,20,30,15,6,2,4.5,0,20,0,2,12,7,0,5,0,5,10,2,3,3,20,30,20,0,9,12,16,2,6.5,0,0,5,0,20,7,2,2,2,3,1,2
37927,37939,1,pv,1,1,1,20,25,18,2,0,1.75,0,0,12,2,7,12,0,15,5,5,5,4,2,1,20,25,23,17,14,7,7,0,5.75,0,0,15,0,0,8,2,2,2,3,1,2
37927,37939,2,pt,0,1,1,20,25,18,2,0,1.75,0,0,12,2,7,12,0,15,5,5,5,4,2,1,20,25,23,17,14,7,7,0,5.75,0,0,15,0,0,8,2,2,2,3,1,2
37927,37940,1,pv,1,1,1,30,25,23,2,4,1.5,10,10,0,12,2,7,5,5,5,5,5,4,2,3,30,25,28,5,19,2,7,4,5.5,0,5,5,10,10,9,2,2,2,3,1,2
37927,37940,2,pt,0,1,1,30,25,23,2,4,1.5,10,10,0,12,2,7,5,5,5,5,5,4,2,3,30,25,28,5,19,2,7,4,5.5,0,5,5,10,10,9,2,2,2,3,1,2
38028,38031,1,pv,1,1,1,20,30,20,6,0,6.0,10,0,0,2,12,12,10,10,10,10,10,0,1,2,20,30,30,10,14,12,16,0,6.0,0,10,10,10,0,1,1,1,2,3,2,2
38028,38031,3,pv_pt,0,1,1,20,30,20,6,0,6.0,10,0,0,2,12,12,10,10,10,10,10,0,1,2,20,30,30,10,14,12,16,0,6.0,0,10,10,10,0,1,1,1,2,3,2,2
38028,38032,1,pv,1,1,1,25,25,22,2,2,1.75,20,20,6,7,2,7,5,5,5,5,0,0,3,2,25,25,27,11,14,2,2,2,1.75,0,5,5,20,20,2,1,1,2,3,2,2
38028,38032,3,pv_pt,0,1,1,25,25,22,2,2,1.75,20,20,6,7,2,7,5,5,5,5,0,0,3,2,25,25,27,11,14,2,2,2,1.75,0,5,5,20,20,2,1,1,2,3,2,2
38028,38033,1,pv,1,1,1,20,20,15,2,2,1.5,20,10,6,7,2,12,10,5,5,15,5,4,3,1,20,20,30,11,19,2,7,2,5.5,0,10,5,20,10,3,1,1,2,3,2,2
38028,38033,3,pv_pt,0,1,1,20,20,15,2,2,1.5,20,10,6,7,2,12,10,5,5,15,5,4,3,1,20,20,30,11,19,2,7,2,5.5,0,10,5,20,10,3,1,1,2,3,2,2
38028,38035,1,pv,1,1,1,30,25,23,6,4,4.5,0,10,6,7,2,12,5,5,10,15,0,0,2,1,30,25,38,16,19,2,6,4,4.5,0,5,5,0,10,4,4,1,2,1,1,1
38028,38035,2,pt,0,1,1,30,25,23,6,4,4.5,0,10,6,7,2,12,5,5,10,15,0,0,2,1,30,25,38,16,19,2,6,4,4.5,0,5,5,0,10,4,4,1,2,1,1,1
38028,38036,1,pv,1,1,1,20,25,18,4,4,1.75,0,10,0,7,7,7,5,10,0,10,0,2,1,1,20,25,28,0,14,7,4,4,3.75,0,5,10,0,10,5,4,1,2,1,1,1
38028,38036,2,pt,0,1,1,20,25,18,4,4,1.75,0,10,0,7,7,7,5,10,0,10,0,2,1,1,20,25,28,0,14,7,4,4,3.75,0,5,10,0,10,5,4,1,2,1,1,1
38028,38037,1,pv,1,1,1,20,30,15,6,2,4.5,0,20,0,2,12,7,0,5,0,5,10,2,3,3,20,30,20,0,9,12,16,2,6.5,0,0,5,0,20,6,4,1,2,1,1,1
38028,38037,2,pt,0,1,1,20,30,15,6,2,4.5,0,20,0,2,12,7,0,5,0,5,10,2,3,3,20,30,20,0,9,12,16,2,6.5,0,0,5,0,20,6,4,1,2,1,1,1
38028,38039,1,pv,1,1,1,25,25,22,2,4,1.75,10,0,6,12,12,2,10,15,10,15,10,0,1,3,25,25,37,16,14,12,12,4,1.75,0,10,15,10,0,7,2,1,2,1,2,1
38028,38039,2,pt,0,1,1,25,25,22,2,4,1.75,10,0,6,12,12,2,10,15,10,15,10,0,1,3,25,25,37,16,14,12,12,4,1.75,0,10,15,10,0,7,2,1,2,1,2,1
38028,38040,2,pt,1,1,1,30,20,30,2,0,2.0,0,10,12,12,7,12,5,10,0,15,10,0,3,3,30,20,45,12,24,7,12,0,2.0,0,5,10,0,10,8,2,1,2,1,2,1
38028,38040,1,pv,1,0,1,30,20,30,2,0,2.0,0,10,12,12,7,12,5,10,0,15,10,0,3,3,30,20,45,12,24,7,12,0,2.0,0,5,10,0,10,8,2,1,2,1,2,1
38028,38041,2,pt,1,1,1,25,30,25,4,4,4.0,20,0,12,12,12,12,0,15,10,10,5,4,3,2,25,30,35,22,24,12,9,4,8.0,0,0,15,20,0,9,2,1,2,1,2,1
38028,38041,3,pv_pt,1,0,1,25,30,25,4,4,4.0,20,0,12,12,12,12,0,15,10,10,5,4,3,2,25,30,35,22,24,12,9,4,8.0,0,0,15,20,0,9,2,1,2,1,2,1
38029,38043,1,pv,1,1,1,30,30,30,4,0,4.0,20,20,0,12,12,2,10,10,5,5,10,4,2,1,30,30,35,5,14,12,14,0,8.0,0,10,10,20,20,1,4,2,2,3,2,1
38029,38043,2,pt,0,1,1,30,30,30,4,0,4.0,20,20,0,12,12,2,10,10,5,5,10,4,2,1,30,30,35,5,14,12,14,0,8.0,0,10,10,20,20,1,4,2,2,3,2,1
38029,38044,2,pt,1,1,1,25,20,25,6,4,6.0,10,20,12,2,2,2,10,15,5,5,10,2,3,3,25,20,30,17,4,2,16,4,8.0,0,10,15,10,20,2,4,2,2,3,2,1
38029,38044,1,pv,1,0,1,25,20,25,6,4,6.0,10,20,12,2,2,2,10,15,5,5,10,2,3,3,25,20,30,17,4,2,16,4,8.0,0,10,15,10,20,2,4,2,2,3,2,1
38029,38045,2,pt,1,1,1,25,30,25,4,4,4.0,20,0,12,12,12,12,0,15,10,10,5,4,3,2,25,30,35,22,24,12,9,4,8.0,0,0,15,20,0,3,4,2,2,3,2,1
38029,38045,1,pv,1,0,1,25,30,25,4,4,4.0,20,0,12,12,12,12,0,15,10,10,5,4,3,2,25,30,35,22,24,12,9,4,8.0,0,0,15,20,0,3,4,2,2,3,2,1
38029,38047,2,pt,1,1,1,30,20,23,4,0,3.0,20,20,12,2,12,2,0,15,10,5,0,0,1,1,30,20,28,22,4,12,4,0,3.0,0,0,15,20,20,4,3,1,2,4,2,1
38029,38047,1,pv,1,0,1,30,20,23,4,0,3.0,20,20,12,2,12,2,0,15,10,5,0,0,1,1,30,20,28,22,4,12,4,0,3.0,0,0,15,20,20,4,3,1,2,4,2,1
38029,38048,2,pt,1,1,1,25,20,25,6,4,6.0,20,0,6,2,7,2,0,5,0,15,10,2,2,2,25,20,40,6,4,7,16,4,8.0,0,0,5,20,0,5,3,1,2,4,2,1
38029,38048,1,pv,1,0,1,25,20,25,6,4,6.0,20,0,6,2,7,2,0,5,0,15,10,2,2,2,25,20,40,6,4,7,16,4,8.0,0,0,5,20,0,5,3,1,2,4,2,1
38029,38049,1,pv,1,1,1,20,25,18,2,2,1.75,10,10,0,7,7,7,5,10,5,10,0,2,2,3,20,25,28,5,14,7,2,2,3.75,0,5,10,10,10,6,3,1,2,4,2,1
38029,38049,2,pt,0,1,1,20,25,18,2,2,1.75,10,10,0,7,7,7,5,10,5,10,0,2,2,3,20,25,28,5,14,7,2,2,3.75,0,5,10,10,10,6,3,1,2,4,2,1
38029,38051,2,pt,1,1,1,30,30,26,2,4,1.75,0,20,12,2,12,7,0,5,10,15,10,4,1,2,30,30,41,22,9,12,12,4,5.75,0,0,5,0,20,7,4,2,2,2,2,1
38029,38051,1,pv,1,0,1,30,30,26,2,4,1.75,0,20,12,2,12,7,0,5,10,15,10,4,1,2,30,30,41,22,9,12,12,4,5.75,0,0,5,0,20,7,4,2,2,2,2,1
38029,38052,1,pv,1,1,1,30,25,23,2,4,1.5,10,10,0,12,2,7,5,5,5,5,5,4,2,3,30,25,28,5,19,2,7,4,5.5,0,5,5,10,10,8,4,2,2,2,2,1
38029,38052,2,pt,0,1,1,30,25,23,2,4,1.5,10,10,0,12,2,7,5,5,5,5,5,4,2,3,30,25,28,5,19,2,7,4,5.5,0,5,5,10,10,8,4,2,2,2,2,1
38029,38053,1,pv,1,1,1,20,25,18,2,0,1.75,0,0,12,2,7,12,0,15,5,5,5,4,2,1,20,25,23,17,14,7,7,0,5.75,0,0,15,0,0,9,4,2,2,2,2,1
38029,38053,2,pt,0,1,1,20,25,18,2,0,1.75,0,0,12,2,7,12,0,15,5,5,5,4,2,1,20,25,23,17,14,7,7,0,5.75,0,0,15,0,0,9,4,2,2,2,2,1
38054,38056,2,pt,1,1,1,25,20,25,6,4,6.0,20,0,6,2,7,2,0,5,0,15,10,2,2,2,25,20,40,6,4,7,16,4,8.0,0,0,5,20,0,1,3,2,2,3,1,1
38054,38056,1,pv,1,0,1,25,20,25,6,4,6.0,20,0,6,2,7,2,0,5,0,15,10,2,2,2,25,20,40,6,4,7,16,4,8.0,0,0,5,20,0,1,3,2,2,3,1,1
38054,38057,1,pv,1,1,1,20,30,18,6,0,5.25,10,0,12,12,7,2,0,10,0,15,5,4,1,1,20,30,33,12,14,7,11,0,9.25,0,0,10,10,0,2,3,2,2,3,1,1
38054,38057,2,pt,0,1,1,20,30,18,6,0,5.25,10,0,12,12,7,2,0,10,0,15,5,4,1,1,20,30,33,12,14,7,11,0,9.25,0,0,10,10,0,2,3,2,2,3,1,1
38054,38058,2,pt,1,1,1,20,25,18,2,0,1.75,0,0,12,2,7,12,0,15,5,5,5,4,2,1,20,25,23,17,14,7,7,0,5.75,0,0,15,0,0,3,3,2,2,3,1,1
38054,38058,1,pv,1,0,1,20,25,18,2,0,1.75,0,0,12,2,7,12,0,15,5,5,5,4,2,1,20,25,23,17,14,7,7,0,5.75,0,0,15,0,0,3,3,2,2,3,1,1
38054,38060,1,pv,1,1,1,20,30,20,4,2,4.0,0,10,12,12,2,2,10,5,10,5,5,0,3,1,20,30,25,22,14,2,9,2,4.0,0,10,5,0,10,4,1,1,1,3,2,1
38054,38060,2,pt,0,1,1,20,30,20,4,2,4.0,0,10,12,12,2,2,10,5,10,5,5,0,3,1,20,30,25,22,14,2,9,2,4.0,0,10,5,0,10,4,1,1,1,3,2,1
38054,38061,1,pv,1,1,1,25,30,25,4,4,4.0,20,0,12,12,12,12,0,15,10,10,5,4,3,2,25,30,35,22,24,12,9,4,8.0,0,0,15,20,0,5,1,1,1,3,2,1
38054,38061,2,pt,0,1,1,25,30,25,4,4,4.0,20,0,12,12,12,12,0,15,10,10,5,4,3,2,25,30,35,22,24,12,9,4,8.0,0,0,15,20,0,5,1,1,1,3,2,1
38054,38062,1,pv,1,1,1,30,30,26,2,4,1.75,0,20,12,2,12,7,0,5,10,15,10,4,1,2,30,30,41,22,9,12,12,4,5.75,0,0,5,0,20,6,1,1,1,3,2,1
38054,38062,2,pt,0,1,1,30,30,26,2,4,1.75,0,20,12,2,12,7,0,5,10,15,10,4,1,2,30,30,41,22,9,12,12,4,5.75,0,0,5,0,20,6,1,1,1,3,2,1
38054,38064,2,pt,1,1,1,25,20,25,6,4,6.0,10,20,12,2,2,2,10,15,5,5,10,2,3,3,25,20,30,17,4,2,16,4,8.0,0,10,15,10,20,7,2,1,1,1,2,2
38054,38064,1,pv,1,0,1,25,20,25,6,4,6.0,10,20,12,2,2,2,10,15,5,5,10,2,3,3,25,20,30,17,4,2,16,4,8.0,0,10,15,10,20,7,2,1,1,1,2,2
38054,38065,1,pv,1,1,1,20,30,15,6,2,4.5,0,20,0,2,12,7,0,5,0,5,10,2,3,3,20,30,20,0,9,12,16,2,6.5,0,0,5,0,20,8,2,1,1,1,2,2
38054,38065,2,pt,0,1,1,20,30,15,6,2,4.5,0,20,0,2,12,7,0,5,0,5,10,2,3,3,20,30,20,0,9,12,16,2,6.5,0,0,5,0,20,8,2,1,1,1,2,2
38054,38066,1,pv,1,1,1,25,25,22,2,2,1.75,20,20,6,7,2,7,5,5,5,5,0,0,3,2,25,25,27,11,14,2,2,2,1.75,0,5,5,20,20,9,2,1,1,1,2,2
38054,38066,2,pt,0,1,1,25,25,22,2,2,1.75,20,20,6,7,2,7,5,5,5,5,0,0,3,2,25,25,27,11,14,2,2,2,1.75,0,5,5,20,20,9,2,1,1,1,2,2
38068,38082,1,pv,1,1,1,30,30,26,2,4,1.75,0,20,12,2,12,7,0,5,10,15,10,4,1,2,30,30,41,22,9,12,12,4,5.75,0,0,5,0,20,1,4,2,2,2,2,1
38068,38082,2,pt,0,1,1,30,30,26,2,4,1.75,0,20,12,2,12,7,0,5,10,15,10,4,1,2,30,30,41,22,9,12,12,4,5.75,0,0,5,0,20,1,4,2,2,2,2,1
38068,38084,1,pv,1,1,1,20,30,20,4,2,4.0,0,10,12,12,2,2,10,5,10,5,5,0,3,1,20,30,25,22,14,2,9,2,4.0,0,10,5,0,10,2,4,2,2,2,2,1
38068,38084,3,pv_pt,0,1,1,20,30,20,4,2,4.0,0,10,12,12,2,2,10,5,10,5,5,0,3,1,20,30,25,22,14,2,9,2,4.0,0,10,5,0,10,2,4,2,2,2,2,1
38068,38085,1,pv,1,1,1,30,25,23,6,2,4.5,0,10,6,12,2,7,10,15,5,10,5,4,2,2,30,25,33,11,19,2,11,2,8.5,0,10,15,0,10,3,4,2,2,2,2,1
38068,38085,2,pt,0,1,1,30,25,23,6,2,4.5,0,10,6,12,2,7,10,15,5,10,5,4,2,2,30,25,33,11,19,2,11,2,8.5,0,10,15,0,10,3,4,2,2,2,2,1
38068,38087,1,pv,1,1,1,20,25,18,2,0,1.75,0,0,12,2,7,12,0,15,5,5,5,4,2,1,20,25,23,17,14,7,7,0,5.75,0,0,15,0,0,4,4,1,2,4,1,2
38068,38087,2,pt,0,1,1,20,25,18,2,0,1.75,0,0,12,2,7,12,0,15,5,5,5,4,2,1,20,25,23,17,14,7,7,0,5.75,0,0,15,0,0,4,4,1,2,4,1,2
38068,38088,1,pv,1,1,1,20,25,18,4,4,1.75,0,10,0,7,7,7,5,10,0,10,0,2,1,1,20,25,28,0,14,7,4,4,3.75,0,5,10,0,10,5,4,1,2,4,1,2
38068,38088,3,pv_pt,0,1,1,20,25,18,4,4,1.75,0,10,0,7,7,7,5,10,0,10,0,2,1,1,20,25,28,0,14,7,4,4,3.75,0,5,10,0,10,5,4,1,2,4,1,2
38068,38089,2,pt,1,1,1,25,30,25,4,4,4.0,20,0,12,12,12,12,0,15,10,10,5,4,3,2,25,30,35,22,24,12,9,4,8.0,0,0,15,20,0,6,4,1,2,4,1,2
38068,38089,3,pv_pt,1,0,1,25,30,25,4,4,4.0,20,0,12,12,12,12,0,15,10,10,5,4,3,2,25,30,35,22,24,12,9,4,8.0,0,0,15,20,0,6,4,1,2,4,1,2
38068,38091,2,pt,1,1,1,30,30,26,2,0,1.75,10,0,0,2,7,2,10,15,0,15,10,0,3,1,30,30,41,0,4,7,12,0,1.75,0,10,15,10,0,7,4,1,1,2,2,2
38068,38091,3,pv_pt,1,0,1,30,30,26,2,0,1.75,10,0,0,2,7,2,10,15,0,15,10,0,3,1,30,30,41,0,4,7,12,0,1.75,0,10,15,10,0,7,4,1,1,2,2,2
38068,38092,3,pv_pt,1,1,1,20,20,15,2,2,1.5,20,10,6,7,2,12,10,5,5,15,5,4,3,1,20,20,30,11,19,2,7,2,5.5,0,10,5,20,10,8,4,1,1,2,2,2
38068,38092,1,pv,1,1,0,20,20,15,2,2,1.5,20,10,6,7,2,12,10,5,5,15,5,4,3,1,20,20,30,11,19,2,7,2,5.5,0,10,5,20,10,8,4,1,1,2,2,2
38068,38093,2,pt,1,1,1,20,30,20,6,0,6.0,10,0,0,2,12,12,10,10,10,10,10,0,1,2,20,30,30,10,14,12,16,0,6.0,0,10,10,10,0,9,4,1,1,2,2,2
38068,38093,3,pv_pt,1,0,1,20,30,20,6,0,6.0,10,0,0,2,12,12,10,10,10,10,10,0,1,2,20,30,30,10,14,12,16,0,6.0,0,10,10,10,0,9,4,1,1,2,2,2
38094,38096,1,pv,1,1,1,30,25,23,2,4,1.5,10,10,0,12,2,7,5,5,5,5,5,4,2,3,30,25,28,5,19,2,7,4,5.5,0,5,5,10,10,1,4,1,2,4,1,2
38094,38096,3,pv_pt,0,1,1,30,25,23,2,4,1.5,10,10,0,12,2,7,5,5,5,5,5,4,2,3,30,25,28,5,19,2,7,4,5.5,0,5,5,10,10,1,4,1,2,4,1,2
38094,38097,2,pt,1,1,1,25,30,25,4,4,4.0,20,0,12,12,12,12,0,15,10,10,5,4,3,2,25,30,35,22,24,12,9,4,8.0,0,0,15,20,0,2,4,1,2,4,1,2
38094,38097,1,pv,1,0,1,25,30,25,4,4,4.0,20,0,12,12,12,12,0,15,10,10,5,4,3,2,25,30,35,22,24,12,9,4,8.0,0,0,15,20,0,2,4,1,2,4,1,2
38094,38098,1,pv,1,1,1,30,25,23,6,4,4.5,0,10,6,7,2,12,5,5,10,15,0,0,2,1,30,25,38,16,19,2,6,4,4.5,0,5,5,0,10,3,4,1,2,4,1,2
38094,38098,3,pv_pt,0,1,1,30,25,23,6,4,4.5,0,10,6,7,2,12,5,5,10,15,0,0,2,1,30,25,38,16,19,2,6,4,4.5,0,5,5,0,10,3,4,1,2,4,1,2
38094,38100,1,pv,1,1,1,30,30,26,2,0,1.75,10,0,0,2,7,2,10,15,0,15,10,0,3,1,30,30,41,0,4,7,12,0,1.75,0,10,15,10,0,4,1,1,2,1,1,2
38094,38100,2,pt,0,1,1,30,30,26,2,0,1.75,10,0,0,2,7,2,10,15,0,15,10,0,3,1,30,30,41,0,4,7,12,0,1.75,0,10,15,10,0,4,1,1,2,1,1,2
38094,38101,1,pv,1,1,1,20,25,18,2,2,1.75,10,10,0,7,7,7,5,10,5,10,0,2,2,3,20,25,28,5,14,7,2,2,3.75,0,5,10,10,10,5,1,1,2,1,1,2
38094,38101,3,pv_pt,0,1,1,20,25,18,2,2,1.75,10,10,0,7,7,7,5,10,5,10,0,2,2,3,20,25,28,5,14,7,2,2,3.75,0,5,10,10,10,5,1,1,2,1,1,2
38094,38102,1,pv,1,1,1,25,25,22,2,2,1.75,20,20,6,7,2,7,5,5,5,5,0,0,3,2,25,25,27,11,14,2,2,2,1.75,0,5,5,20,20,6,1,1,2,1,1,2
38094,38102,3,pv_pt,0,1,1,25,25,22,2,2,1.75,20,20,6,7,2,7,5,5,5,5,0,0,3,2,25,25,27,11,14,2,2,2,1.75,0,5,5,20,20,6,1,1,2,1,1,2
38094,38104,1,pv,1,1,1,25,20,25,6,0,6.0,20,20,0,12,2,12,0,15,10,15,5,4,1,3,25,20,40,10,24,2,11,0,10.0,0,0,15,20,20,7,4,2,1,1,1,2
38094,38104,3,pv_pt,0,1,1,25,20,25,6,0,6.0,20,20,0,12,2,12,0,15,10,15,5,4,1,3,25,20,40,10,24,2,11,0,10.0,0,0,15,20,20,7,4,2,1,1,1,2
38094,38105,1,pv,1,1,1,20,30,15,6,2,4.5,0,20,0,2,12,7,0,5,0,5,10,2,3,3,20,30,20,0,9,12,16,2,6.5,0,0,5,0,20,8,4,2,1,1,1,2
38094,38105,3,pv_pt,0,1,1,20,30,15,6,2,4.5,0,20,0,2,12,7,0,5,0,5,10,2,3,3,20,30,20,0,9,12,16,2,6.5,0,0,5,0,20,8,4,2,1,1,1,2
38094,38106,1,pv,1,1,1,30,20,30,2,0,2.0,0,10,12,12,7,12,5,10,0,15,10,0,3,3,30,20,45,12,24,7,12,0,2.0,0,5,10,0,10,9,4,2,1,1,1,2
38094,38106,3,pv_pt,0,1,1,30,20,30,2,0,2.0,0,10,12,12,7,12,5,10,0,15,10,0,3,3,30,20,45,12,24,7,12,0,2.0,0,5,10,0,10,9,4,2,1,1,1,2
38159,38161,1,pv,1,1,1,25,30,25,4,4,4.0,10,10,6,7,7,7,5,10,5,10,0,2,1,3,25,30,35,11,14,7,4,4,6.0,0,5,10,10,10,1,1,1,1,2,2,1
38159,38161,3,pv_pt,0,1,1,25,30,25,4,4,4.0,10,10,6,7,7,7,5,10,5,10,0,2,1,3,25,30,35,11,14,7,4,4,6.0,0,5,10,10,10,1,1,1,1,2,2,1
38159,38162,1,pv,1,1,1,30,25,23,6,2,4.5,0,10,6,12,2,7,10,15,5,10,5,4,2,2,30,25,33,11,19,2,11,2,8.5,0,10,15,0,10,2,1,1,1,2,2,1
38159,38162,3,pv_pt,0,1,1,30,25,23,6,2,4.5,0,10,6,12,2,7,10,15,5,10,5,4,2,2,30,25,33,11,19,2,11,2,8.5,0,10,15,0,10,2,1,1,1,2,2,1
38159,38163,1,pv,1,1,1,30,25,23,2,4,1.5,10,10,0,12,2,7,5,5,5,5,5,4,2,3,30,25,28,5,19,2,7,4,5.5,0,5,5,10,10,3,1,1,1,2,2,1
38159,38163,3,pv_pt,0,1,1,30,25,23,2,4,1.5,10,10,0,12,2,7,5,5,5,5,5,4,2,3,30,25,28,5,19,2,7,4,5.5,0,5,5,10,10,3,1,1,1,2,2,1
38159,38165,1,pv,1,1,1,25,25,22,4,2,3.5,0,20,6,7,7,7,5,10,0,10,0,2,2,2,25,25,32,6,14,7,4,2,5.5,0,5,10,0,20,4,4,1,2,4,1,2
38159,38165,3,pv_pt,0,1,1,25,25,22,4,2,3.5,0,20,6,7,7,7,5,10,0,10,0,2,2,2,25,25,32,6,14,7,4,2,5.5,0,5,10,0,20,4,4,1,2,4,1,2
38159,38166,1,pv,1,1,1,20,25,15,4,2,3.0,20,20,6,7,2,12,5,15,0,5,5,0,2,2,20,25,20,6,19,2,9,2,3.0,0,5,15,20,20,5,4,1,2,4,1,2
38159,38166,3,pv_pt,0,1,1,20,25,15,4,2,3.0,20,20,6,7,2,12,5,15,0,5,5,0,2,2,20,25,20,6,19,2,9,2,3.0,0,5,15,20,20,5,4,1,2,4,1,2
38159,38167,1,pv,1,1,1,30,30,26,2,4,1.75,0,20,12,2,12,7,0,5,10,15,10,4,1,2,30,30,41,22,9,12,12,4,5.75,0,0,5,0,20,6,4,1,2,4,1,2
38159,38167,3,pv_pt,0,1,1,30,30,26,2,4,1.75,0,20,12,2,12,7,0,5,10,15,10,4,1,2,30,30,41,22,9,12,12,4,5.75,0,0,5,0,20,6,4,1,2,4,1,2
38159,38169,1,pv,1,1,1,30,30,26,2,0,1.75,10,0,0,2,7,2,10,15,0,15,10,0,3,1,30,30,41,0,4,7,12,0,1.75,0,10,15,10,0,7,4,1,1,4,1,1
38159,38169,3,pv_pt,0,1,1,30,30,26,2,0,1.75,10,0,0,2,7,2,10,15,0,15,10,0,3,1,30,30,41,0,4,7,12,0,1.75,0,10,15,10,0,7,4,1,1,4,1,1
38159,38170,1,pv,1,1,1,20,30,20,4,2,4.0,0,10,12,12,2,2,10,5,10,5,5,0,3,1,20,30,25,22,14,2,9,2,4.0,0,10,5,0,10,8,4,1,1,4,1,1
38159,38170,3,pv_pt,0,1,1,20,30,20,4,2,4.0,0,10,12,12,2,2,10,5,10,5,5,0,3,1,20,30,25,22,14,2,9,2,4.0,0,10,5,0,10,8,4,1,1,4,1,1
38159,38171,1,pv,1,1,1,20,30,20,6,0,6.0,10,0,0,2,12,12,10,10,10,10,10,0,1,2,20,30,30,10,14,12,16,0,6.0,0,10,10,10,0,9,4,1,1,4,1,1
38159,38171,3,pv_pt,0,1,1,20,30,20,6,0,6.0,10,0,0,2,12,12,10,10,10,10,10,0,1,2,20,30,30,10,14,12,16,0,6.0,0,10,10,10,0,9,4,1,1,4,1,1
38172,38206,2,pt,1,1,1,25,25,22,2,4,1.75,10,0,6,12,12,2,10,15,10,15,10,0,1,3,25,25,37,16,14,12,12,4,1.75,0,10,15,10,0,1,4,2,2,2,2,1
38172,38206,1,pv,1,0,1,25,25,22,2,4,1.75,10,0,6,12,12,2,10,15,10,15,10,0,1,3,25,25,37,16,14,12,12,4,1.75,0,10,15,10,0,1,4,2,2,2,2,1
38172,38208,2,pt,1,1,1,30,20,30,2,0,2.0,0,10,12,12,7,12,5,10,0,15,10,0,3,3,30,20,45,12,24,7,12,0,2.0,0,5,10,0,10,2,4,2,2,2,2,1
38172,38208,3,pv_pt,1,0,1,30,20,30,2,0,2.0,0,10,12,12,7,12,5,10,0,15,10,0,3,3,30,20,45,12,24,7,12,0,2.0,0,5,10,0,10,2,4,2,2,2,2,1
38172,38210,2,pt,1,1,1,25,20,25,6,0,6.0,20,20,0,12,2,12,0,15,10,15,5,4,1,3,25,20,40,10,24,2,11,0,10.0,0,0,15,20,20,3,4,2,2,2,2,1
38172,38210,1,pv,1,0,1,25,20,25,6,0,6.0,20,20,0,12,2,12,0,15,10,15,5,4,1,3,25,20,40,10,24,2,11,0,10.0,0,0,15,20,20,3,4,2,2,2,2,1
38172,38213,2,pt,1,1,1,30,30,30,4,0,4.0,20,20,0,12,12,2,10,10,5,5,10,4,2,1,30,30,35,5,14,12,14,0,8.0,0,10,10,20,20,4,2,2,2,2,1,2
38172,38213,3,pv_pt,1,0,1,30,30,30,4,0,4.0,20,20,0,12,12,2,10,10,5,5,10,4,2,1,30,30,35,5,14,12,14,0,8.0,0,10,10,20,20,4,2,2,2,2,1,2
38172,38216,3,pv_pt,1,1,1,30,20,23,6,2,4.5,20,0,12,2,12,12,10,5,0,10,0,2,1,3,30,20,33,12,14,12,6,2,6.5,0,10,5,20,0,5,2,2,2,2,1,2
38172,38216,2,pt,1,1,0,30,20,23,6,2,4.5,20,0,12,2,12,12,10,5,0,10,0,2,1,3,30,20,33,12,14,12,6,2,6.5,0,10,5,20,0,5,2,2,2,2,1,2
38172,38218,1,pv,1,1,1,30,25,23,6,2,4.5,0,10,6,12,2,7,10,15,5,10,5,4,2,2,30,25,33,11,19,2,11,2,8.5,0,10,15,0,10,6,2,2,2,2,1,2
38172,38218,2,pt,0,1,1,30,25,23,6,2,4.5,0,10,6,12,2,7,10,15,5,10,5,4,2,2,30,25,33,11,19,2,11,2,8.5,0,10,15,0,10,6,2,2,2,2,1,2
38172,38221,1,pv,1,1,1,20,25,18,2,2,1.75,10,10,0,7,7,7,5,10,5,10,0,2,2,3,20,25,28,5,14,7,2,2,3.75,0,5,10,10,10,7,3,2,2,1,2,2
38172,38221,3,pv_pt,0,1,1,20,25,18,2,2,1.75,10,10,0,7,7,7,5,10,5,10,0,2,2,3,20,25,28,5,14,7,2,2,3.75,0,5,10,10,10,7,3,2,2,1,2,2
38172,38222,1,pv,1,1,1,25,25,22,4,2,3.5,0,20,6,7,7,7,5,10,0,10,0,2,2,2,25,25,32,6,14,7,4,2,5.5,0,5,10,0,20,8,3,2,2,1,2,2
38172,38222,3,pv_pt,0,1,1,25,25,22,4,2,3.5,0,20,6,7,7,7,5,10,0,10,0,2,2,2,25,25,32,6,14,7,4,2,5.5,0,5,10,0,20,8,3,2,2,1,2,2
38172,38225,2,pt,1,1,1,20,25,18,2,0,1.75,0,0,12,2,7,12,0,15,5,5,5,4,2,1,20,25,23,17,14,7,7,0,5.75,0,0,15,0,0,9,3,2,2,1,2,2
38172,38225,1,pv,1,0,1,20,25,18,2,0,1.75,0,0,12,2,7,12,0,15,5,5,5,4,2,1,20,25,23,17,14,7,7,0,5.75,0,0,15,0,0,9,3,2,2,1,2,2
38174,38192,1,pv,1,1,1,30,25,23,6,4,4.5,0,10,6,7,2,12,5,5,10,15,0,0,2,1,30,25,38,16,19,2,6,4,4.5,0,5,5,0,10,1,1,2,2,2,2,2
38174,38192,2,pt,0,1,1,30,25,23,6,4,4.5,0,10,6,7,2,12,5,5,10,15,0,0,2,1,30,25,38,16,19,2,6,4,4.5,0,5,5,0,10,1,1,2,2,2,2,2
38174,38193,2,pt,1,1,1,25,20,25,6,4,6.0,20,0,6,2,7,2,0,5,0,15,10,2,2,2,25,20,40,6,4,7,16,4,8.0,0,0,5,20,0,2,1,2,2,2,2,2
38174,38193,1,pv,1,0,1,25,20,25,6,4,6.0,20,0,6,2,7,2,0,5,0,15,10,2,2,2,25,20,40,6,4,7,16,4,8.0,0,0,5,20,0,2,1,2,2,2,2,2
38174,38194,3,pv_pt,1,1,1,20,20,15,2,2,1.5,20,10,6,7,2,12,10,5,5,15,5,4,3,1,20,20,30,11,19,2,7,2,5.5,0,10,5,20,10,3,1,2,2,2,2,2
38174,38194,2,pt,1,1,0,20,20,15,2,2,1.5,20,10,6,7,2,12,10,5,5,15,5,4,3,1,20,20,30,11,19,2,7,2,5.5,0,10,5,20,10,3,1,2,2,2,2,2
38174,38196,3,pv_pt,1,1,1,25,25,22,2,2,1.75,20,20,6,7,2,7,5,5,5,5,0,0,3,2,25,25,27,11,14,2,2,2,1.75,0,5,5,20,20,4,3,1,1,2,1,2
38174,38196,1,pv,1,1,0,25,25,22,2,2,1.75,20,20,6,7,2,7,5,5,5,5,0,0,3,2,25,25,27,11,14,2,2,2,1.75,0,5,5,20,20,4,3,1,1,2,1,2
38174,38197,1,pv,1,1,1,30,30,30,4,0,4.0,20,20,0,12,12,2,10,10,5,5,10,4,2,1,30,30,35,5,14,12,14,0,8.0,0,10,10,20,20,5,3,1,1,2,1,2
38174,38197,3,pv_pt,0,1,1,30,30,30,4,0,4.0,20,20,0,12,12,2,10,10,5,5,10,4,2,1,30,30,35,5,14,12,14,0,8.0,0,10,10,20,20,5,3,1,1,2,1,2
38174,38198,1,pv,1,1,1,20,30,18,6,0,5.25,10,0,12,12,7,2,0,10,0,15,5,4,1,1,20,30,33,12,14,7,11,0,9.25,0,0,10,10,0,6,3,1,1,2,1,2
38174,38198,2,pt,0,1,1,20,30,18,6,0,5.25,10,0,12,12,7,2,0,10,0,15,5,4,1,1,20,30,33,12,14,7,11,0,9.25,0,0,10,10,0,6,3,1,1,2,1,2
38174,38201,1,pv,1,1,1,30,30,26,2,4,1.75,0,20,12,2,12,7,0,5,10,15,10,4,1,2,30,30,41,22,9,12,12,4,5.75,0,0,5,0,20,7,4,2,2,2,2,1
38174,38201,2,pt,0,1,1,30,30,26,2,4,1.75,0,20,12,2,12,7,0,5,10,15,10,4,1,2,30,30,41,22,9,12,12,4,5.75,0,0,5,0,20,7,4,2,2,2,2,1
38174,38202,1,pv,1,1,1,20,30,20,6,0,6.0,10,0,0,2,12,12,10,10,10,10,10,0,1,2,20,30,30,10,14,12,16,0,6.0,0,10,10,10,0,8,4,2,2,2,2,1
38174,38202,2,pt,0,1,1,20,30,20,6,0,6.0,10,0,0,2,12,12,10,10,10,10,10,0,1,2,20,30,30,10,14,12,16,0,6.0,0,10,10,10,0,8,4,2,2,2,2,1
38174,38203,1,pv,1,1,1,20,25,18,2,2,1.75,10,10,0,7,7,7,5,10,5,10,0,2,2,3,20,25,28,5,14,7,2,2,3.75,0,5,10,10,10,9,4,2,2,2,2,1
38174,38203,3,pv_pt,0,1,1,20,25,18,2,2,1.75,10,10,0,7,7,7,5,10,5,10,0,2,2,3,20,25,28,5,14,7,2,2,3.75,0,5,10,10,10,9,4,2,2,2,2,1
38175,38229,3,pv_pt,1,1,1,20,20,15,2,2,1.5,20,10,6,7,2,12,10,5,5,15,5,4,3,1,20,20,30,11,19,2,7,2,5.5,0,10,5,20,10,1,2,2,2,2,1,2
38175,38229,1,pv,1,1,0,20,20,15,2,2,1.5,20,10,6,7,2,12,10,5,5,15,5,4,3,1,20,20,30,11,19,2,7,2,5.5,0,10,5,20,10,1,2,2,2,2,1,2
38175,38230,1,pv,1,1,1,30,30,30,4,0,4.0,20,20,0,12,12,2,10,10,5,5,10,4,2,1,30,30,35,5,14,12,14,0,8.0,0,10,10,20,20,2,2,2,2,2,1,2
38175,38230,3,pv_pt,0,1,1,30,30,30,4,0,4.0,20,20,0,12,12,2,10,10,5,5,10,4,2,1,30,30,35,5,14,12,14,0,8.0,0,10,10,20,20,2,2,2,2,2,1,2
38175,38231,1,pv,1,1,1,25,25,22,2,4,1.75,10,0,6,12,12,2,10,15,10,15,10,0,1,3,25,25,37,16,14,12,12,4,1.75,0,10,15,10,0,3,2,2,2,2,1,2
38175,38231,2,pt,0,1,1,25,25,22,2,4,1.75,10,0,6,12,12,2,10,15,10,15,10,0,1,3,25,25,37,16,14,12,12,4,1.75,0,10,15,10,0,3,2,2,2,2,1,2
38175,38233,1,pv,1,1,1,20,30,15,6,2,4.5,0,20,0,2,12,7,0,5,0,5,10,2,3,3,20,30,20,0,9,12,16,2,6.5,0,0,5,0,20,4,4,1,2,4,1,2
38175,38233,3,pv_pt,0,1,1,20,30,15,6,2,4.5,0,20,0,2,12,7,0,5,0,5,10,2,3,3,20,30,20,0,9,12,16,2,6.5,0,0,5,0,20,4,4,1,2,4,1,2
38175,38234,1,pv,1,1,1,25,20,25,6,0,6.0,20,20,0,12,2,12,0,15,10,15,5,4,1,3,25,20,40,10,24,2,11,0,10.0,0,0,15,20,20,5,4,1,2,4,1,2
38175,38234,2,pt,0,1,1,25,20,25,6,0,6.0,20,20,0,12,2,12,0,15,10,15,5,4,1,3,25,20,40,10,24,2,11,0,10.0,0,0,15,20,20,5,4,1,2,4,1,2
38175,38235,3,pv_pt,1,1,1,25,25,22,2,2,1.75,20,20,6,7,2,7,5,5,5,5,0,0,3,2,25,25,27,11,14,2,2,2,1.75,0,5,5,20,20,6,4,1,2,4,1,2
38175,38235,1,pv,1,1,0,25,25,22,2,2,1.75,20,20,6,7,2,7,5,5,5,5,0,0,3,2,25,25,27,11,14,2,2,2,1.75,0,5,5,20,20,6,4,1,2,4,1,2
38175,38237,1,pv,1,1,1,30,20,30,2,0,2.0,0,10,12,12,7,12,5,10,0,15,10,0,3,3,30,20,45,12,24,7,12,0,2.0,0,5,10,0,10,7,2,1,1,3,1,1
38175,38237,2,pt,0,1,1,30,20,30,2,0,2.0,0,10,12,12,7,12,5,10,0,15,10,0,3,3,30,20,45,12,24,7,12,0,2.0,0,5,10,0,10,7,2,1,1,3,1,1
38175,38238,3,pv_pt,1,1,1,25,30,25,4,4,4.0,10,10,6,7,7,7,5,10,5,10,0,2,1,3,25,30,35,11,14,7,4,4,6.0,0,5,10,10,10,8,2,1,1,3,1,1
38175,38238,2,pt,1,1,0,25,30,25,4,4,4.0,10,10,6,7,7,7,5,10,5,10,0,2,1,3,25,30,35,11,14,7,4,4,6.0,0,5,10,10,10,8,2,1,1,3,1,1
38175,38239,2,pt,1,1,1,30,30,26,2,4,1.75,0,20,12,2,12,7,0,5,10,15,10,4,1,2,30,30,41,22,9,12,12,4,5.75,0,0,5,0,20,9,2,1,1,3,1,1
38175,38239,3,pv_pt,1,0,1,30,30,26,2,4,1.75,0,20,12,2,12,7,0,5,10,15,10,4,1,2,30,30,41,22,9,12,12,4,5.75,0,0,5,0,20,9,2,1,1,3,1,1
38368,38370,2,pt,1,1,1,25,20,25,6,4,6.0,20,0,6,2,7,2,0,5,0,15,10,2,2,2,25,20,40,6,4,7,16,4,8.0,0,0,5,20,0,1,4,1,2,4,1,2
38368,38370,3,pv_pt,1,0,1,25,20,25,6,4,6.0,20,0,6,2,7,2,0,5,0,15,10,2,2,2,25,20,40,6,4,7,16,4,8.0,0,0,5,20,0,1,4,1,2,4,1,2
38368,38371,1,pv,1,1,1,25,30,25,4,4,4.0,20,0,12,12,12,12,0,15,10,10,5,4,3,2,25,30,35,22,24,12,9,4,8.0,0,0,15,20,0,2,4,1,2,4,1,2
38368,38371,3,pv_pt,0,1,1,25,30,25,4,4,4.0,20,0,12,12,12,12,0,15,10,10,5,4,3,2,25,30,35,22,24,12,9,4,8.0,0,0,15,20,0,2,4,1,2,4,1,2
38368,38372,3,pv_pt,1,1,1,20,25,15,4,2,3.0,20,20,6,7,2,12,5,15,0,5,5,0,2,2,20,25,20,6,19,2,9,2,3.0,0,5,15,20,20,3,4,1,2,4,1,2
38368,38372,1,pv,1,1,0,20,25,15,4,2,3.0,20,20,6,7,2,12,5,15,0,5,5,0,2,2,20,25,20,6,19,2,9,2,3.0,0,5,15,20,20,3,4,1,2,4,1,2
38368,38374,2,pt,1,1,1,25,25,22,2,4,1.75,10,0,6,12,12,2,10,15,10,15,10,0,1,3,25,25,37,16,14,12,12,4,1.75,0,10,15,10,0,4,1,1,2,3,2,2
38368,38374,3,pv_pt,1,0,1,25,25,22,2,4,1.75,10,0,6,12,12,2,10,15,10,15,10,0,1,3,25,25,37,16,14,12,12,4,1.75,0,10,15,10,0,4,1,1,2,3,2,2
38368,38375,2,pt,1,1,1,20,30,20,6,0,6.0,10,0,0,2,12,12,10,10,10,10,10,0,1,2,20,30,30,10,14,12,16,0,6.0,0,10,10,10,0,5,1,1,2,3,2,2
38368,38375,3,pv_pt,1,0,1,20,30,20,6,0,6.0,10,0,0,2,12,12,10,10,10,10,10,0,1,2,20,30,30,10,14,12,16,0,6.0,0,10,10,10,0,5,1,1,2,3,2,2
38368,38376,2,pt,1,1,1,20,30,18,6,0,5.25,10,0,12,12,7,2,0,10,0,15,5,4,1,1,20,30,33,12,14,7,11,0,9.25,0,0,10,10,0,6,1,1,2,3,2,2
38368,38376,1,pv,1,0,1,20,30,18,6,0,5.25,10,0,12,12,7,2,0,10,0,15,5,4,1,1,20,30,33,12,14,7,11,0,9.25,0,0,10,10,0,6,1,1,2,3,2,2
38368,38378,2,pt,1,1,1,25,20,25,6,0,6.0,20,20,0,12,2,12,0,15,10,15,5,4,1,3,25,20,40,10,24,2,11,0,10.0,0,0,15,20,20,7,4,2,2,2,2,1
38368,38378,1,pv,1,0,1,25,20,25,6,0,6.0,20,20,0,12,2,12,0,15,10,15,5,4,1,3,25,20,40,10,24,2,11,0,10.0,0,0,15,20,20,7,4,2,2,2,2,1
38368,38379,1,pv,1,1,1,30,20,23,6,2,4.5,20,0,12,2,12,12,10,5,0,10,0,2,1,3,30,20,33,12,14,12,6,2,6.5,0,10,5,20,0,8,4,2,2,2,2,1
38368,38379,2,pt,0,1,1,30,20,23,6,2,4.5,20,0,12,2,12,12,10,5,0,10,0,2,1,3,30,20,33,12,14,12,6,2,6.5,0,10,5,20,0,8,4,2,2,2,2,1
38368,38380,2,pt,1,1,1,30,25,23,6,2,4.5,0,10,6,12,2,7,10,15,5,10,5,4,2,2,30,25,33,11,19,2,11,2,8.5,0,10,15,0,10,9,4,2,2,2,2,1
38368,38380,1,pv,1,0,1,30,25,23,6,2,4.5,0,10,6,12,2,7,10,15,5,10,5,4,2,2,30,25,33,11,19,2,11,2,8.5,0,10,15,0,10,9,4,2,2,2,2,1
38383,38397,1,pv,1,1,1,20,20,15,2,2,1.5,20,10,6,7,2,12,10,5,5,15,5,4,3,1,20,20,30,11,19,2,7,2,5.5,0,10,5,20,10,1,3,2,2,1,2,2
38383,38397,3,pv_pt,0,1,1,20,20,15,2,2,1.5,20,10,6,7,2,12,10,5,5,15,5,4,3,1,20,20,30,11,19,2,7,2,5.5,0,10,5,20,10,1,3,2,2,1,2,2
38383,38398,1,pv,1,1,1,30,20,30,2,0,2.0,0,10,12,12,7,12,5,10,0,15,10,0,3,3,30,20,45,12,24,7,12,0,2.0,0,5,10,0,10,2,3,2,2,1,2,2
38383,38398,2,pt,0,1,1,30,20,30,2,0,2.0,0,10,12,12,7,12,5,10,0,15,10,0,3,3,30,20,45,12,24,7,12,0,2.0,0,5,10,0,10,2,3,2,2,1,2,2
38383,38399,1,pv,1,1,1,20,25,18,4,4,1.75,0,10,0,7,7,7,5,10,0,10,0,2,1,1,20,25,28,0,14,7,4,4,3.75,0,5,10,0,10,3,3,2,2,1,2,2
38383,38399,2,pt,0,1,1,20,25,18,4,4,1.75,0,10,0,7,7,7,5,10,0,10,0,2,1,1,20,25,28,0,14,7,4,4,3.75,0,5,10,0,10,3,3,2,2,1,2,2
38383,38401,2,pt,1,1,1,25,25,22,2,4,1.75,10,0,6,12,12,2,10,15,10,15,10,0,1,3,25,25,37,16,14,12,12,4,1.75,0,10,15,10,0,4,4,1,2,1,1,1
38383,38401,3,pv_pt,1,0,1,25,25,22,2,4,1.75,10,0,6,12,12,2,10,15,10,15,10,0,1,3,25,25,37,16,14,12,12,4,1.75,0,10,15,10,0,4,4,1,2,1,1,1
38383,38402,2,pt,1,1,1,30,20,23,6,2,4.5,20,0,12,2,12,12,10,5,0,10,0,2,1,3,30,20,33,12,14,12,6,2,6.5,0,10,5,20,0,5,4,1,2,1,1,1
38383,38402,1,pv,1,0,1,30,20,23,6,2,4.5,20,0,12,2,12,12,10,5,0,10,0,2,1,3,30,20,33,12,14,12,6,2,6.5,0,10,5,20,0,5,4,1,2,1,1,1
38383,38403,2,pt,1,1,1,30,30,30,4,0,4.0,20,20,0,12,12,2,10,10,5,5,10,4,2,1,30,30,35,5,14,12,14,0,8.0,0,10,10,20,20,6,4,1,2,1,1,1
38383,38403,3,pv_pt,1,0,1,30,30,30,4,0,4.0,20,20,0,12,12,2,10,10,5,5,10,4,2,1,30,30,35,5,14,12,14,0,8.0,0,10,10,20,20,6,4,1,2,1,1,1
38383,38405,1,pv,1,1,1,30,25,23,2,4,1.5,10,10,0,12,2,7,5,5,5,5,5,4,2,3,30,25,28,5,19,2,7,4,5.5,0,5,5,10,10,7,3,2,1,4,2,2
38383,38405,3,pv_pt,0,1,1,30,25,23,2,4,1.5,10,10,0,12,2,7,5,5,5,5,5,4,2,3,30,25,28,5,19,2,7,4,5.5,0,5,5,10,10,7,3,2,1,4,2,2
38383,38406,2,pt,1,1,1,20,25,18,2,0,1.75,0,0,12,2,7,12,0,15,5,5,5,4,2,1,20,25,23,17,14,7,7,0,5.75,0,0,15,0,0,8,3,2,1,4,2,2
38383,38406,3,pv_pt,1,0,1,20,25,18,2,0,1.75,0,0,12,2,7,12,0,15,5,5,5,4,2,1,20,25,23,17,14,7,7,0,5.75,0,0,15,0,0,8,3,2,1,4,2,2
38383,38407,1,pv,1,1,1,20,25,18,2,2,1.75,10,10,0,7,7,7,5,10,5,10,0,2,2,3,20,25,28,5,14,7,2,2,3.75,0,5,10,10,10,9,3,2,1,4,2,2
38383,38407,2,pt,0,1,1,20,25,18,2,2,1.75,10,10,0,7,7,7,5,10,5,10,0,2,2,3,20,25,28,5,14,7,2,2,3.75,0,5,10,10,10,9,3,2,1,4,2,2
38421,38450,2,pt,1,1,1,20,30,15,6,2,4.5,0,20,0,2,12,7,0,5,0,5,10,2,3,3,20,30,20,0,9,12,16,2,6.5,0,0,5,0,20,1,3,1,1,3,1,2
38421,38450,1,pv,1,0,1,20,30,15,6,2,4.5,0,20,0,2,12,7,0,5,0,5,10,2,3,3,20,30,20,0,9,12,16,2,6.5,0,0,5,0,20,1,3,1,1,3,1,2
38421,38451,1,pv,1,1,1,30,25,23,2,4,1.5,10,10,0,12,2,7,5,5,5,5,5,4,2,3,30,25,28,5,19,2,7,4,5.5,0,5,5,10,10,2,3,1,1,3,1,2
38421,38451,3,pv_pt,0,1,1,30,25,23,2,4,1.5,10,10,0,12,2,7,5,5,5,5,5,4,2,3,30,25,28,5,19,2,7,4,5.5,0,5,5,10,10,2,3,1,1,3,1,2
38421,38452,2,pt,1,1,1,25,20,25,6,4,6.0,10,20,12,2,2,2,10,15,5,5,10,2,3,3,25,20,30,17,4,2,16,4,8.0,0,10,15,10,20,3,3,1,1,3,1,2
38421,38452,3,pv_pt,1,0,1,25,20,25,6,4,6.0,10,20,12,2,2,2,10,15,5,5,10,2,3,3,25,20,30,17,4,2,16,4,8.0,0,10,15,10,20,3,3,1,1,3,1,2
38421,38454,2,pt,1,1,1,20,30,18,6,0,5.25,10,0,12,12,7,2,0,10,0,15,5,4,1,1,20,30,33,12,14,7,11,0,9.25,0,0,10,10,0,4,2,1,1,3,1,1
38421,38454,1,pv,1,0,1,20,30,18,6,0,5.25,10,0,12,12,7,2,0,10,0,15,5,4,1,1,20,30,33,12,14,7,11,0,9.25,0,0,10,10,0,4,2,1,1,3,1,1
38421,38455,1,pv,1,1,1,25,25,22,4,2,3.5,0,20,6,7,7,7,5,10,0,10,0,2,2,2,25,25,32,6,14,7,4,2,5.5,0,5,10,0,20,5,2,1,1,3,1,1
38421,38455,3,pv_pt,0,1,1,25,25,22,4,2,3.5,0,20,6,7,7,7,5,10,0,10,0,2,2,2,25,25,32,6,14,7,4,2,5.5,0,5,10,0,20,5,2,1,1,3,1,1
38421,38456,3,pv_pt,1,1,1,20,30,20,6,0,6.0,10,0,0,2,12,12,10,10,10,10,10,0,1,2,20,30,30,10,14,12,16,0,6.0,0,10,10,10,0,6,2,1,1,3,1,1
38421,38456,2,pt,1,1,0,20,30,20,6,0,6.0,10,0,0,2,12,12,10,10,10,10,10,0,1,2,20,30,30,10,14,12,16,0,6.0,0,10,10,10,0,6,2,1,1,3,1,1
38421,38458,3,pv_pt,1,1,1,25,25,22,2,2,1.75,20,20,6,7,2,7,5,5,5,5,0,0,3,2,25,25,27,11,14,2,2,2,1.75,0,5,5,20,20,7,3,1,2,2,1,1
38421,38458,1,pv,1,1,0,25,25,22,2,2,1.75,20,20,6,7,2,7,5,5,5,5,0,0,3,2,25,25,27,11,14,2,2,2,1.75,0,5,5,20,20,7,3,1,2,2,1,1
38421,38459,1,pv,1,1,1,25,30,25,4,4,4.0,10,10,6,7,7,7,5,10,5,10,0,2,1,3,25,30,35,11,14,7,4,4,6.0,0,5,10,10,10,8,3,1,2,2,1,1
38421,38459,2,pt,0,1,1,25,30,25,4,4,4.0,10,10,6,7,7,7,5,10,5,10,0,2,1,3,25,30,35,11,14,7,4,4,6.0,0,5,10,10,10,8,3,1,2,2,1,1
38421,38460,3,pv_pt,1,1,1,20,30,20,4,2,4.0,0,10,12,12,2,2,10,5,10,5,5,0,3,1,20,30,25,22,14,2,9,2,4.0,0,10,5,0,10,9,3,1,2,2,1,1
38421,38460,1,pv,1,1,0,20,30,20,4,2,4.0,0,10,12,12,2,2,10,5,10,5,5,0,3,1,20,30,25,22,14,2,9,2,4.0,0,10,5,0,10,9,3,1,2,2,1,1
38586,38612,1,pv,1,1,1,25,20,25,6,4,6.0,20,0,6,2,7,2,0,5,0,15,10,2,2,2,25,20,40,6,4,7,16,4,8.0,0,0,5,20,0,1,3,2,1,1,2,1
38586,38612,2,pt,0,1,1,25,20,25,6,4,6.0,20,0,6,2,7,2,0,5,0,15,10,2,2,2,25,20,40,6,4,7,16,4,8.0,0,0,5,20,0,1,3,2,1,1,2,1
38586,38613,1,pv,1,1,1,20,25,18,2,0,1.75,0,0,12,2,7,12,0,15,5,5,5,4,2,1,20,25,23,17,14,7,7,0,5.75,0,0,15,0,0,2,3,2,1,1,2,1
38586,38613,2,pt,0,1,1,20,25,18,2,0,1.75,0,0,12,2,7,12,0,15,5,5,5,4,2,1,20,25,23,17,14,7,7,0,5.75,0,0,15,0,0,2,3,2,1,1,2,1
38586,38614,1,pv,1,1,1,20,20,15,2,2,1.5,20,10,6,7,2,12,10,5,5,15,5,4,3,1,20,20,30,11,19,2,7,2,5.5,0,10,5,20,10,3,3,2,1,1,2,1
38586,38614,3,pv_pt,0,1,1,20,20,15,2,2,1.5,20,10,6,7,2,12,10,5,5,15,5,4,3,1,20,20,30,11,19,2,7,2,5.5,0,10,5,20,10,3,3,2,1,1,2,1
38586,38616,1,pv,1,1,1,30,20,30,2,0,2.0,0,10,12,12,7,12,5,10,0,15,10,0,3,3,30,20,45,12,24,7,12,0,2.0,0,5,10,0,10,4,4,1,2,4,1,2
38586,38616,2,pt,0,1,1,30,20,30,2,0,2.0,0,10,12,12,7,12,5,10,0,15,10,0,3,3,30,20,45,12,24,7,12,0,2.0,0,5,10,0,10,4,4,1,2,4,1,2
38586,38617,1,pv,1,1,1,25,30,25,4,4,4.0,20,0,12,12,12,12,0,15,10,10,5,4,3,2,25,30,35,22,24,12,9,4,8.0,0,0,15,20,0,5,4,1,2,4,1,2
38586,38617,2,pt,0,1,1,25,30,25,4,4,4.0,20,0,12,12,12,12,0,15,10,10,5,4,3,2,25,30,35,22,24,12,9,4,8.0,0,0,15,20,0,5,4,1,2,4,1,2
38586,38618,1,pv,1,1,1,25,25,22,4,2,3.5,0,20,6,7,7,7,5,10,0,10,0,2,2,2,25,25,32,6,14,7,4,2,5.5,0,5,10,0,20,6,4,1,2,4,1,2
38586,38618,2,pt,0,1,1,25,25,22,4,2,3.5,0,20,6,7,7,7,5,10,0,10,0,2,2,2,25,25,32,6,14,7,4,2,5.5,0,5,10,0,20,6,4,1,2,4,1,2
38586,38620,1,pv,1,1,1,30,25,23,6,2,4.5,0,10,6,12,2,7,10,15,5,10,5,4,2,2,30,25,33,11,19,2,11,2,8.5,0,10,15,0,10,7,1,1,1,3,2,1
38586,38620,3,pv_pt,0,1,1,30,25,23,6,2,4.5,0,10,6,12,2,7,10,15,5,10,5,4,2,2,30,25,33,11,19,2,11,2,8.5,0,10,15,0,10,7,1,1,1,3,2,1
38586,38622,1,pv,1,1,1,20,30,20,4,2,4.0,0,10,12,12,2,2,10,5,10,5,5,0,3,1,20,30,25,22,14,2,9,2,4.0,0,10,5,0,10,8,1,1,1,3,2,1
38586,38622,3,pv_pt,0,1,1,20,30,20,4,2,4.0,0,10,12,12,2,2,10,5,10,5,5,0,3,1,20,30,25,22,14,2,9,2,4.0,0,10,5,0,10,8,1,1,1,3,2,1
38586,38623,1,pv,1,1,1,25,20,22,4,0,3.5,10,0,0,7,12,2,0,10,10,10,0,2,3,2,25,20,32,10,9,12,4,0,5.5,0,0,10,10,0,9,1,1,1,3,2,1
38586,38623,2,pt,0,1,1,25,20,22,4,0,3.5,10,0,0,7,12,2,0,10,10,10,0,2,3,2,25,20,32,10,9,12,4,0,5.5,0,0,10,10,0,9,1,1,1,3,2,1
38672,38675,1,pv,1,1,1,20,30,15,6,2,4.5,0,20,0,2,12,7,0,5,0,5,10,2,3,3,20,30,20,0,9,12,16,2,6.5,0,0,5,0,20,1,4,2,1,3,2,2
38672,38675,2,pt,0,1,1,20,30,15,6,2,4.5,0,20,0,2,12,7,0,5,0,5,10,2,3,3,20,30,20,0,9,12,16,2,6.5,0,0,5,0,20,1,4,2,1,3,2,2
38672,38676,1,pv,1,1,1,20,25,18,4,4,1.75,0,10,0,7,7,7,5,10,0,10,0,2,1,1,20,25,28,0,14,7,4,4,3.75,0,5,10,0,10,2,4,2,1,3,2,2
38672,38676,2,pt,0,1,1,20,25,18,4,4,1.75,0,10,0,7,7,7,5,10,0,10,0,2,1,1,20,25,28,0,14,7,4,4,3.75,0,5,10,0,10,2,4,2,1,3,2,2
38672,38677,1,pv,1,1,1,25,20,25,6,0,6.0,20,20,0,12,2,12,0,15,10,15,5,4,1,3,25,20,40,10,24,2,11,0,10.0,0,0,15,20,20,3,4,2,1,3,2,2
38672,38677,3,pv_pt,0,1,1,25,20,25,6,0,6.0,20,20,0,12,2,12,0,15,10,15,5,4,1,3,25,20,40,10,24,2,11,0,10.0,0,0,15,20,20,3,4,2,1,3,2,2
38672,38679,2,pt,1,1,1,25,20,22,4,0,3.5,10,0,0,7,12,2,0,10,10,10,0,2,3,2,25,20,32,10,9,12,4,0,5.5,0,0,10,10,0,4,4,1,2,4,1,2
38672,38679,1,pv,1,0,1,25,20,22,4,0,3.5,10,0,0,7,12,2,0,10,10,10,0,2,3,2,25,20,32,10,9,12,4,0,5.5,0,0,10,10,0,4,4,1,2,4,1,2
38672,38680,3,pv_pt,1,1,1,20,25,15,4,2,3.0,20,20,6,7,2,12,5,15,0,5,5,0,2,2,20,25,20,6,19,2,9,2,3.0,0,5,15,20,20,5,4,1,2,4,1,2
38672,38680,1,pv,1,1,0,20,25,15,4,2,3.0,20,20,6,7,2,12,5,15,0,5,5,0,2,2,20,25,20,6,19,2,9,2,3.0,0,5,15,20,20,5,4,1,2,4,1,2
38672,38681,3,pv_pt,1,1,1,30,20,30,2,0,2.0,0,10,12,12,7,12,5,10,0,15,10,0,3,3,30,20,45,12,24,7,12,0,2.0,0,5,10,0,10,6,4,1,2,4,1,2
38672,38681,1,pv,1,1,0,30,20,30,2,0,2.0,0,10,12,12,7,12,5,10,0,15,10,0,3,3,30,20,45,12,24,7,12,0,2.0,0,5,10,0,10,6,4,1,2,4,1,2
38672,38683,1,pv,1,1,1,30,25,23,6,4,4.5,0,10,6,7,2,12,5,5,10,15,0,0,2,1,30,25,38,16,19,2,6,4,4.5,0,5,5,0,10,7,4,1,1,4,1,1
38672,38683,3,pv_pt,0,1,1,30,25,23,6,4,4.5,0,10,6,7,2,12,5,5,10,15,0,0,2,1,30,25,38,16,19,2,6,4,4.5,0,5,5,0,10,7,4,1,1,4,1,1
38672,38684,1,pv,1,1,1,20,20,15,2,2,1.5,20,10,6,7,2,12,10,5,5,15,5,4,3,1,20,20,30,11,19,2,7,2,5.5,0,10,5,20,10,8,4,1,1,4,1,1
38672,38684,3,pv_pt,0,1,1,20,20,15,2,2,1.5,20,10,6,7,2,12,10,5,5,15,5,4,3,1,20,20,30,11,19,2,7,2,5.5,0,10,5,20,10,8,4,1,1,4,1,1
38672,38685,1,pv,1,1,1,25,30,25,4,4,4.0,10,10,6,7,7,7,5,10,5,10,0,2,1,3,25,30,35,11,14,7,4,4,6.0,0,5,10,10,10,9,4,1,1,4,1,1
38672,38685,3,pv_pt,0,1,1,25,30,25,4,4,4.0,10,10,6,7,7,7,5,10,5,10,0,2,1,3,25,30,35,11,14,7,4,4,6.0,0,5,10,10,10,9,4,1,1,4,1,1
38734,38763,1,pv,1,1,1,30,25,23,2,4,1.5,10,10,0,12,2,7,5,5,5,5,5,4,2,3,30,25,28,5,19,2,7,4,5.5,0,5,5,10,10,1,1,2,1,1,1,1
38734,38763,2,pt,0,1,1,30,25,23,2,4,1.5,10,10,0,12,2,7,5,5,5,5,5,4,2,3,30,25,28,5,19,2,7,4,5.5,0,5,5,10,10,1,1,2,1,1,1,1
38734,38764,1,pv,1,1,1,20,25,18,2,2,1.75,10,10,0,7,7,7,5,10,5,10,0,2,2,3,20,25,28,5,14,7,2,2,3.75,0,5,10,10,10,2,1,2,1,1,1,1
38734,38764,2,pt,0,1,1,20,25,18,2,2,1.75,10,10,0,7,7,7,5,10,5,10,0,2,2,3,20,25,28,5,14,7,2,2,3.75,0,5,10,10,10,2,1,2,1,1,1,1
38734,38765,1,pv,1,1,1,30,20,23,6,2,4.5,20,0,12,2,12,12,10,5,0,10,0,2,1,3,30,20,33,12,14,12,6,2,6.5,0,10,5,20,0,3,1,2,1,1,1,1
38734,38765,3,pv_pt,0,1,1,30,20,23,6,2,4.5,20,0,12,2,12,12,10,5,0,10,0,2,1,3,30,20,33,12,14,12,6,2,6.5,0,10,5,20,0,3,1,2,1,1,1,1
38734,38767,1,pv,1,1,1,20,30,15,6,2,4.5,0,20,0,2,12,7,0,5,0,5,10,2,3,3,20,30,20,0,9,12,16,2,6.5,0,0,5,0,20,4,1,1,1,2,2,1
38734,38767,3,pv_pt,0,1,1,20,30,15,6,2,4.5,0,20,0,2,12,7,0,5,0,5,10,2,3,3,20,30,20,0,9,12,16,2,6.5,0,0,5,0,20,4,1,1,1,2,2,1
38734,38768,1,pv,1,1,1,30,20,23,4,0,3.0,20,20,12,2,12,2,0,15,10,5,0,0,1,1,30,20,28,22,4,12,4,0,3.0,0,0,15,20,20,5,1,1,1,2,2,1
38734,38768,2,pt,0,1,1,30,20,23,4,0,3.0,20,20,12,2,12,2,0,15,10,5,0,0,1,1,30,20,28,22,4,12,4,0,3.0,0,0,15,20,20,5,1,1,1,2,2,1
38734,38769,1,pv,1,1,1,30,20,30,2,0,2.0,0,10,12,12,7,12,5,10,0,15,10,0,3,3,30,20,45,12,24,7,12,0,2.0,0,5,10,0,10,6,1,1,1,2,2,1
38734,38769,3,pv_pt,0,1,1,30,20,30,2,0,2.0,0,10,12,12,7,12,5,10,0,15,10,0,3,3,30,20,45,12,24,7,12,0,2.0,0,5,10,0,10,6,1,1,1,2,2,1
38734,38771,1,pv,1,1,1,20,25,15,4,2,3.0,20,20,6,7,2,12,5,15,0,5,5,0,2,2,20,25,20,6,19,2,9,2,3.0,0,5,15,20,20,7,4,1,1,4,1,1
38734,38771,3,pv_pt,0,1,1,20,25,15,4,2,3.0,20,20,6,7,2,12,5,15,0,5,5,0,2,2,20,25,20,6,19,2,9,2,3.0,0,5,15,20,20,7,4,1,1,4,1,1
38734,38772,1,pv,1,1,1,20,30,18,6,0,5.25,10,0,12,12,7,2,0,10,0,15,5,4,1,1,20,30,33,12,14,7,11,0,9.25,0,0,10,10,0,8,4,1,1,4,1,1
38734,38772,3,pv_pt,0,1,1,20,30,18,6,0,5.25,10,0,12,12,7,2,0,10,0,15,5,4,1,1,20,30,33,12,14,7,11,0,9.25,0,0,10,10,0,8,4,1,1,4,1,1
38734,38773,1,pv,1,1,1,20,20,15,2,2,1.5,20,10,6,7,2,12,10,5,5,15,5,4,3,1,20,20,30,11,19,2,7,2,5.5,0,10,5,20,10,9,4,1,1,4,1,1
38734,38773,3,pv_pt,0,1,1,20,20,15,2,2,1.5,20,10,6,7,2,12,10,5,5,15,5,4,3,1,20,20,30,11,19,2,7,2,5.5,0,10,5,20,10,9,4,1,1,4,1,1
38761,38775,1,pv,1,1,1,25,20,25,6,0,6.0,20,20,0,12,2,12,0,15,10,15,5,4,1,3,25,20,40,10,24,2,11,0,10.0,0,0,15,20,20,1,3,1,2,4,2,1
38761,38775,2,pt,0,1,1,25,20,25,6,0,6.0,20,20,0,12,2,12,0,15,10,15,5,4,1,3,25,20,40,10,24,2,11,0,10.0,0,0,15,20,20,1,3,1,2,4,2,1
38761,38776,1,pv,1,1,1,25,20,22,4,0,3.5,10,0,0,7,12,2,0,10,10,10,0,2,3,2,25,20,32,10,9,12,4,0,5.5,0,0,10,10,0,2,3,1,2,4,2,1
38761,38776,2,pt,0,1,1,25,20,22,4,0,3.5,10,0,0,7,12,2,0,10,10,10,0,2,3,2,25,20,32,10,9,12,4,0,5.5,0,0,10,10,0,2,3,1,2,4,2,1
38761,38777,3,pv_pt,1,1,1,20,30,20,4,2,4.0,0,10,12,12,2,2,10,5,10,5,5,0,3,1,20,30,25,22,14,2,9,2,4.0,0,10,5,0,10,3,3,1,2,4,2,1
38761,38777,1,pv,1,1,0,20,30,20,4,2,4.0,0,10,12,12,2,2,10,5,10,5,5,0,3,1,20,30,25,22,14,2,9,2,4.0,0,10,5,0,10,3,3,1,2,4,2,1
38761,38779,1,pv,1,1,1,30,20,23,6,2,4.5,20,0,12,2,12,12,10,5,0,10,0,2,1,3,30,20,33,12,14,12,6,2,6.5,0,10,5,20,0,4,1,1,2,1,1,2
38761,38779,2,pt,0,1,1,30,20,23,6,2,4.5,20,0,12,2,12,12,10,5,0,10,0,2,1,3,30,20,33,12,14,12,6,2,6.5,0,10,5,20,0,4,1,1,2,1,1,2
38761,38780,2,pt,1,1,1,25,30,25,4,4,4.0,20,0,12,12,12,12,0,15,10,10,5,4,3,2,25,30,35,22,24,12,9,4,8.0,0,0,15,20,0,5,1,1,2,1,1,2
38761,38780,1,pv,1,0,1,25,30,25,4,4,4.0,20,0,12,12,12,12,0,15,10,10,5,4,3,2,25,30,35,22,24,12,9,4,8.0,0,0,15,20,0,5,1,1,2,1,1,2
38761,38781,2,pt,1,1,1,30,30,26,2,0,1.75,10,0,0,2,7,2,10,15,0,15,10,0,3,1,30,30,41,0,4,7,12,0,1.75,0,10,15,10,0,6,1,1,2,1,1,2
38761,38781,1,pv,1,0,1,30,30,26,2,0,1.75,10,0,0,2,7,2,10,15,0,15,10,0,3,1,30,30,41,0,4,7,12,0,1.75,0,10,15,10,0,6,1,1,2,1,1,2
38761,38783,3,pv_pt,1,1,1,20,20,15,2,2,1.5,20,10,6,7,2,12,10,5,5,15,5,4,3,1,20,20,30,11,19,2,7,2,5.5,0,10,5,20,10,7,3,2,1,1,2,1
38761,38783,1,pv,1,1,0,20,20,15,2,2,1.5,20,10,6,7,2,12,10,5,5,15,5,4,3,1,20,20,30,11,19,2,7,2,5.5,0,10,5,20,10,7,3,2,1,1,2,1
38761,38784,2,pt,1,1,1,25,20,25,6,4,6.0,10,20,12,2,2,2,10,15,5,5,10,2,3,3,25,20,30,17,4,2,16,4,8.0,0,10,15,10,20,8,3,2,1,1,2,1
38761,38784,1,pv,1,0,1,25,20,25,6,4,6.0,10,20,12,2,2,2,10,15,5,5,10,2,3,3,25,20,30,17,4,2,16,4,8.0,0,10,15,10,20,8,3,2,1,1,2,1
38761,38785,1,pv,1,1,1,20,25,18,2,0,1.75,0,0,12,2,7,12,0,15,5,5,5,4,2,1,20,25,23,17,14,7,7,0,5.75,0,0,15,0,0,9,3,2,1,1,2,1
38761,38785,2,pt,0,1,1,20,25,18,2,0,1.75,0,0,12,2,7,12,0,15,5,5,5,4,2,1,20,25,23,17,14,7,7,0,5.75,0,0,15,0,0,9,3,2,1,1,2,1
38813,38815,1,pv,1,1,1,20,20,15,2,2,1.5,20,10,6,7,2,12,10,5,5,15,5,4,3,1,20,20,30,11,19,2,7,2,5.5,0,10,5,20,10,1,3,2,2,3,1,1
38813,38815,2,pt,0,1,1,20,20,15,2,2,1.5,20,10,6,7,2,12,10,5,5,15,5,4,3,1,20,20,30,11,19,2,7,2,5.5,0,10,5,20,10,1,3,2,2,3,1,1
38813,38816,1,pv,1,1,1,25,20,25,6,0,6.0,20,20,0,12,2,12,0,15,10,15,5,4,1,3,25,20,40,10,24,2,11,0,10.0,0,0,15,20,20,2,3,2,2,3,1,1
38813,38816,2,pt,0,1,1,25,20,25,6,0,6.0,20,20,0,12,2,12,0,15,10,15,5,4,1,3,25,20,40,10,24,2,11,0,10.0,0,0,15,20,20,2,3,2,2,3,1,1
38813,38817,1,pv,1,1,1,20,30,20,4,2,4.0,0,10,12,12,2,2,10,5,10,5,5,0,3,1,20,30,25,22,14,2,9,2,4.0,0,10,5,0,10,3,3,2,2,3,1,1
38813,38817,2,pt,0,1,1,20,30,20,4,2,4.0,0,10,12,12,2,2,10,5,10,5,5,0,3,1,20,30,25,22,14,2,9,2,4.0,0,10,5,0,10,3,3,2,2,3,1,1
38813,38819,1,pv,1,1,1,20,25,15,4,2,3.0,20,20,6,7,2,12,5,15,0,5,5,0,2,2,20,25,20,6,19,2,9,2,3.0,0,5,15,20,20,4,3,1,1,3,1,2
38813,38819,2,pt,0,1,1,20,25,15,4,2,3.0,20,20,6,7,2,12,5,15,0,5,5,0,2,2,20,25,20,6,19,2,9,2,3.0,0,5,15,20,20,4,3,1,1,3,1,2
38813,38820,1,pv,1,1,1,20,25,18,4,4,1.75,0,10,0,7,7,7,5,10,0,10,0,2,1,1,20,25,28,0,14,7,4,4,3.75,0,5,10,0,10,5,3,1,1,3,1,2
38813,38820,2,pt,0,1,1,20,25,18,4,4,1.75,0,10,0,7,7,7,5,10,0,10,0,2,1,1,20,25,28,0,14,7,4,4,3.75,0,5,10,0,10,5,3,1,1,3,1,2
38813,38821,1,pv,1,1,1,20,30,15,6,2,4.5,0,20,0,2,12,7,0,5,0,5,10,2,3,3,20,30,20,0,9,12,16,2,6.5,0,0,5,0,20,6,3,1,1,3,1,2
38813,38821,2,pt,0,1,1,20,30,15,6,2,4.5,0,20,0,2,12,7,0,5,0,5,10,2,3,3,20,30,20,0,9,12,16,2,6.5,0,0,5,0,20,6,3,1,1,3,1,2
38813,38823,1,pv,1,1,1,25,30,25,4,4,4.0,20,0,12,12,12,12,0,15,10,10,5,4,3,2,25,30,35,22,24,12,9,4,8.0,0,0,15,20,0,7,4,2,1,1,1,2
38813,38823,2,pt,0,1,1,25,30,25,4,4,4.0,20,0,12,12,12,12,0,15,10,10,5,4,3,2,25,30,35,22,24,12,9,4,8.0,0,0,15,20,0,7,4,2,1,1,1,2
38813,38824,1,pv,1,1,1,30,20,30,2,0,2.0,0,10,12,12,7,12,5,10,0,15,10,0,3,3,30,20,45,12,24,7,12,0,2.0,0,5,10,0,10,8,4,2,1,1,1,2
38813,38824,2,pt,0,1,1,30,20,30,2,0,2.0,0,10,12,12,7,12,5,10,0,15,10,0,3,3,30,20,45,12,24,7,12,0,2.0,0,5,10,0,10,8,4,2,1,1,1,2
38813,38825,1,pv,1,1,1,30,25,23,2,4,1.5,10,10,0,12,2,7,5,5,5,5,5,4,2,3,30,25,28,5,19,2,7,4,5.5,0,5,5,10,10,9,4,2,1,1,1,2
38813,38825,2,pt,0,1,1,30,25,23,2,4,1.5,10,10,0,12,2,7,5,5,5,5,5,4,2,3,30,25,28,5,19,2,7,4,5.5,0,5,5,10,10,9,4,2,1,1,1,2
38826,38841,1,pv,1,1,1,30,25,23,6,4,4.5,0,10,6,7,2,12,5,5,10,15,0,0,2,1,30,25,38,16,19,2,6,4,4.5,0,5,5,0,10,1,4,2,1,3,2,2
38826,38841,3,pv_pt,0,1,1,30,25,23,6,4,4.5,0,10,6,7,2,12,5,5,10,15,0,0,2,1,30,25,38,16,19,2,6,4,4.5,0,5,5,0,10,1,4,2,1,3,2,2
38826,38842,1,pv,1,1,1,25,20,25,6,4,6.0,20,0,6,2,7,2,0,5,0,15,10,2,2,2,25,20,40,6,4,7,16,4,8.0,0,0,5,20,0,2,4,2,1,3,2,2
38826,38842,2,pt,0,1,1,25,20,25,6,4,6.0,20,0,6,2,7,2,0,5,0,15,10,2,2,2,25,20,40,6,4,7,16,4,8.0,0,0,5,20,0,2,4,2,1,3,2,2
38826,38843,1,pv,1,1,1,30,25,23,6,2,4.5,0,10,6,12,2,7,10,15,5,10,5,4,2,2,30,25,33,11,19,2,11,2,8.5,0,10,15,0,10,3,4,2,1,3,2,2
38826,38843,3,pv_pt,0,1,1,30,25,23,6,2,4.5,0,10,6,12,2,7,10,15,5,10,5,4,2,2,30,25,33,11,19,2,11,2,8.5,0,10,15,0,10,3,4,2,1,3,2,2
38826,38845,2,pt,1,1,1,30,30,26,2,0,1.75,10,0,0,2,7,2,10,15,0,15,10,0,3,1,30,30,41,0,4,7,12,0,1.75,0,10,15,10,0,4,2,2,1,2,1,1
38826,38845,3,pv_pt,1,0,1,30,30,26,2,0,1.75,10,0,0,2,7,2,10,15,0,15,10,0,3,1,30,30,41,0,4,7,12,0,1.75,0,10,15,10,0,4,2,2,1,2,1,1
38826,38846,2,pt,1,1,1,30,20,23,6,2,4.5,20,0,12,2,12,12,10,5,0,10,0,2,1,3,30,20,33,12,14,12,6,2,6.5,0,10,5,20,0,5,2,2,1,2,1,1
38826,38846,1,pv,1,0,1,30,20,23,6,2,4.5,20,0,12,2,12,12,10,5,0,10,0,2,1,3,30,20,33,12,14,12,6,2,6.5,0,10,5,20,0,5,2,2,1,2,1,1
38826,38847,1,pv,1,1,1,20,20,15,2,2,1.5,20,10,6,7,2,12,10,5,5,15,5,4,3,1,20,20,30,11,19,2,7,2,5.5,0,10,5,20,10,6,2,2,1,2,1,1
38826,38847,2,pt,0,1,1,20,20,15,2,2,1.5,20,10,6,7,2,12,10,5,5,15,5,4,3,1,20,20,30,11,19,2,7,2,5.5,0,10,5,20,10,6,2,2,1,2,1,1
38826,38849,1,pv,1,1,1,25,25,22,4,2,3.5,0,20,6,7,7,7,5,10,0,10,0,2,2,2,25,25,32,6,14,7,4,2,5.5,0,5,10,0,20,7,3,1,2,2,1,1
38826,38849,3,pv_pt,0,1,1,25,25,22,4,2,3.5,0,20,6,7,7,7,5,10,0,10,0,2,2,2,25,25,32,6,14,7,4,2,5.5,0,5,10,0,20,7,3,1,2,2,1,1
38826,38850,3,pv_pt,1,1,1,25,25,22,2,2,1.75,20,20,6,7,2,7,5,5,5,5,0,0,3,2,25,25,27,11,14,2,2,2,1.75,0,5,5,20,20,8,3,1,2,2,1,1
38826,38850,2,pt,1,1,0,25,25,22,2,2,1.75,20,20,6,7,2,7,5,5,5,5,0,0,3,2,25,25,27,11,14,2,2,2,1.75,0,5,5,20,20,8,3,1,2,2,1,1
38826,38851,3,pv_pt,1,1,1,25,20,25,6,0,6.0,20,20,0,12,2,12,0,15,10,15,5,4,1,3,25,20,40,10,24,2,11,0,10.0,0,0,15,20,20,9,3,1,2,2,1,1
38826,38851,2,pt,1,1,0,25,20,25,6,0,6.0,20,20,0,12,2,12,0,15,10,15,5,4,1,3,25,20,40,10,24,2,11,0,10.0,0,0,15,20,20,9,3,1,2,2,1,1
38852,38867,2,pt,1,1,1,25,20,25,6,0,6.0,20,20,0,12,2,12,0,15,10,15,5,4,1,3,25,20,40,10,24,2,11,0,10.0,0,0,15,20,20,1,2,2,2,3,1,2
38852,38867,3,pv_pt,1,0,1,25,20,25,6,0,6.0,20,20,0,12,2,12,0,15,10,15,5,4,1,3,25,20,40,10,24,2,11,0,10.0,0,0,15,20,20,1,2,2,2,3,1,2
38852,38868,2,pt,1,1,1,20,25,15,4,2,3.0,20,20,6,7,2,12,5,15,0,5,5,0,2,2,20,25,20,6,19,2,9,2,3.0,0,5,15,20,20,2,2,2,2,3,1,2
38852,38868,3,pv_pt,1,0,1,20,25,15,4,2,3.0,20,20,6,7,2,12,5,15,0,5,5,0,2,2,20,25,20,6,19,2,9,2,3.0,0,5,15,20,20,2,2,2,2,3,1,2
38852,38869,2,pt,1,1,1,30,25,23,2,4,1.5,10,10,0,12,2,7,5,5,5,5,5,4,2,3,30,25,28,5,19,2,7,4,5.5,0,5,5,10,10,3,2,2,2,3,1,2
38852,38869,3,pv_pt,1,0,1,30,25,23,2,4,1.5,10,10,0,12,2,7,5,5,5,5,5,4,2,3,30,25,28,5,19,2,7,4,5.5,0,5,5,10,10,3,2,2,2,3,1,2
38852,38871,1,pv,1,1,1,25,30,25,4,4,4.0,10,10,6,7,7,7,5,10,5,10,0,2,1,3,25,30,35,11,14,7,4,4,6.0,0,5,10,10,10,4,2,2,1,2,1,1
38852,38871,2,pt,0,1,1,25,30,25,4,4,4.0,10,10,6,7,7,7,5,10,5,10,0,2,1,3,25,30,35,11,14,7,4,4,6.0,0,5,10,10,10,4,2,2,1,2,1,1
38852,38872,2,pt,1,1,1,20,30,20,4,2,4.0,0,10,12,12,2,2,10,5,10,5,5,0,3,1,20,30,25,22,14,2,9,2,4.0,0,10,5,0,10,5,2,2,1,2,1,1
38852,38872,3,pv_pt,1,0,1,20,30,20,4,2,4.0,0,10,12,12,2,2,10,5,10,5,5,0,3,1,20,30,25,22,14,2,9,2,4.0,0,10,5,0,10,5,2,2,1,2,1,1
38852,38873,2,pt,1,1,1,30,20,30,2,0,2.0,0,10,12,12,7,12,5,10,0,15,10,0,3,3,30,20,45,12,24,7,12,0,2.0,0,5,10,0,10,6,2,2,1,2,1,1
38852,38873,3,pv_pt,1,0,1,30,20,30,2,0,2.0,0,10,12,12,7,12,5,10,0,15,10,0,3,3,30,20,45,12,24,7,12,0,2.0,0,5,10,0,10,6,2,2,1,2,1,1
38852,38875,2,pt,1,1,1,20,30,18,6,0,5.25,10,0,12,12,7,2,0,10,0,15,5,4,1,1,20,30,33,12,14,7,11,0,9.25,0,0,10,10,0,7,1,2,1,4,1,2
38852,38875,3,pv_pt,1,0,1,20,30,18,6,0,5.25,10,0,12,12,7,2,0,10,0,15,5,4,1,1,20,30,33,12,14,7,11,0,9.25,0,0,10,10,0,7,1,2,1,4,1,2
38852,38876,2,pt,1,1,1,20,25,18,4,4,1.75,0,10,0,7,7,7,5,10,0,10,0,2,1,1,20,25,28,0,14,7,4,4,3.75,0,5,10,0,10,8,1,2,1,4,1,2
38852,38876,1,pv,1,0,1,20,25,18,4,4,1.75,0,10,0,7,7,7,5,10,0,10,0,2,1,1,20,25,28,0,14,7,4,4,3.75,0,5,10,0,10,8,1,2,1,4,1,2
38852,38877,2,pt,1,1,1,25,20,22,4,0,3.5,10,0,0,7,12,2,0,10,10,10,0,2,3,2,25,20,32,10,9,12,4,0,5.5,0,0,10,10,0,9,1,2,1,4,1,2
38852,38877,1,pv,1,0,1,25,20,22,4,0,3.5,10,0,0,7,12,2,0,10,10,10,0,2,3,2,25,20,32,10,9,12,4,0,5.5,0,0,10,10,0,9,1,2,1,4,1,2
38853,38855,2,pt,1,1,1,25,20,25,6,4,6.0,20,0,6,2,7,2,0,5,0,15,10,2,2,2,25,20,40,6,4,7,16,4,8.0,0,0,5,20,0,1,4,2,2,2,2,1
38853,38855,1,pv,1,0,1,25,20,25,6,4,6.0,20,0,6,2,7,2,0,5,0,15,10,2,2,2,25,20,40,6,4,7,16,4,8.0,0,0,5,20,0,1,4,2,2,2,2,1
38853,38856,2,pt,1,1,1,30,20,23,6,2,4.5,20,0,12,2,12,12,10,5,0,10,0,2,1,3,30,20,33,12,14,12,6,2,6.5,0,10,5,20,0,2,4,2,2,2,2,1
38853,38856,1,pv,1,0,1,30,20,23,6,2,4.5,20,0,12,2,12,12,10,5,0,10,0,2,1,3,30,20,33,12,14,12,6,2,6.5,0,10,5,20,0,2,4,2,2,2,2,1
38853,38857,3,pv_pt,1,1,1,30,25,23,2,4,1.5,10,10,0,12,2,7,5,5,5,5,5,4,2,3,30,25,28,5,19,2,7,4,5.5,0,5,5,10,10,3,4,2,2,2,2,1
38853,38857,1,pv,1,1,0,30,25,23,2,4,1.5,10,10,0,12,2,7,5,5,5,5,5,4,2,3,30,25,28,5,19,2,7,4,5.5,0,5,5,10,10,3,4,2,2,2,2,1
38853,38859,2,pt,1,1,1,20,30,20,4,2,4.0,0,10,12,12,2,2,10,5,10,5,5,0,3,1,20,30,25,22,14,2,9,2,4.0,0,10,5,0,10,4,3,2,1,4,2,2
38853,38859,3,pv_pt,1,0,1,20,30,20,4,2,4.0,0,10,12,12,2,2,10,5,10,5,5,0,3,1,20,30,25,22,14,2,9,2,4.0,0,10,5,0,10,4,3,2,1,4,2,2
38853,38860,2,pt,1,1,1,25,20,22,4,0,3.5,10,0,0,7,12,2,0,10,10,10,0,2,3,2,25,20,32,10,9,12,4,0,5.5,0,0,10,10,0,5,3,2,1,4,2,2
38853,38860,1,pv,1,0,1,25,20,22,4,0,3.5,10,0,0,7,12,2,0,10,10,10,0,2,3,2,25,20,32,10,9,12,4,0,5.5,0,0,10,10,0,5,3,2,1,4,2,2
38853,38861,1,pv,1,1,1,25,30,25,4,4,4.0,10,10,6,7,7,7,5,10,5,10,0,2,1,3,25,30,35,11,14,7,4,4,6.0,0,5,10,10,10,6,3,2,1,4,2,2
38853,38861,2,pt,0,1,1,25,30,25,4,4,4.0,10,10,6,7,7,7,5,10,5,10,0,2,1,3,25,30,35,11,14,7,4,4,6.0,0,5,10,10,10,6,3,2,1,4,2,2
38853,38863,2,pt,1,1,1,25,30,25,4,4,4.0,20,0,12,12,12,12,0,15,10,10,5,4,3,2,25,30,35,22,24,12,9,4,8.0,0,0,15,20,0,7,1,2,2,2,2,2
38853,38863,1,pv,1,0,1,25,30,25,4,4,4.0,20,0,12,12,12,12,0,15,10,10,5,4,3,2,25,30,35,22,24,12,9,4,8.0,0,0,15,20,0,7,1,2,2,2,2,2
38853,38864,2,pt,1,1,1,30,30,26,2,0,1.75,10,0,0,2,7,2,10,15,0,15,10,0,3,1,30,30,41,0,4,7,12,0,1.75,0,10,15,10,0,8,1,2,2,2,2,2
38853,38864,1,pv,1,0,1,30,30,26,2,0,1.75,10,0,0,2,7,2,10,15,0,15,10,0,3,1,30,30,41,0,4,7,12,0,1.75,0,10,15,10,0,8,1,2,2,2,2,2
38853,38865,3,pv_pt,1,1,1,25,20,25,6,0,6.0,20,20,0,12,2,12,0,15,10,15,5,4,1,3,25,20,40,10,24,2,11,0,10.0,0,0,15,20,20,9,1,2,2,2,2,2
38853,38865,1,pv,1,1,0,25,20,25,6,0,6.0,20,20,0,12,2,12,0,15,10,15,5,4,1,3,25,20,40,10,24,2,11,0,10.0,0,0,15,20,20,9,1,2,2,2,2,2
38906,38908,1,pv,1,1,1,25,30,25,4,4,4.0,20,0,12,12,12,12,0,15,10,10,5,4,3,2,25,30,35,22,24,12,9,4,8.0,0,0,15,20,0,1,3,2,2,1,2,2
38906,38908,2,pt,0,1,1,25,30,25,4,4,4.0,20,0,12,12,12,12,0,15,10,10,5,4,3,2,25,30,35,22,24,12,9,4,8.0,0,0,15,20,0,1,3,2,2,1,2,2
38906,38909,1,pv,1,1,1,20,25,18,2,2,1.75,10,10,0,7,7,7,5,10,5,10,0,2,2,3,20,25,28,5,14,7,2,2,3.75,0,5,10,10,10,2,3,2,2,1,2,2
38906,38909,3,pv_pt,0,1,1,20,25,18,2,2,1.75,10,10,0,7,7,7,5,10,5,10,0,2,2,3,20,25,28,5,14,7,2,2,3.75,0,5,10,10,10,2,3,2,2,1,2,2
38906,38910,1,pv,1,1,1,30,20,30,2,0,2.0,0,10,12,12,7,12,5,10,0,15,10,0,3,3,30,20,45,12,24,7,12,0,2.0,0,5,10,0,10,3,3,2,2,1,2,2
38906,38910,2,pt,0,1,1,30,20,30,2,0,2.0,0,10,12,12,7,12,5,10,0,15,10,0,3,3,30,20,45,12,24,7,12,0,2.0,0,5,10,0,10,3,3,2,2,1,2,2
38906,38912,1,pv,1,1,1,20,30,20,4,2,4.0,0,10,12,12,2,2,10,5,10,5,5,0,3,1,20,30,25,22,14,2,9,2,4.0,0,10,5,0,10,4,1,1,2,1,1,2
38906,38912,3,pv_pt,0,1,1,20,30,20,4,2,4.0,0,10,12,12,2,2,10,5,10,5,5,0,3,1,20,30,25,22,14,2,9,2,4.0,0,10,5,0,10,4,1,1,2,1,1,2
38906,38913,2,pt,1,1,1,25,25,22,2,4,1.75,10,0,6,12,12,2,10,15,10,15,10,0,1,3,25,25,37,16,14,12,12,4,1.75,0,10,15,10,0,5,1,1,2,1,1,2
38906,38913,1,pv,1,0,1,25,25,22,2,4,1.75,10,0,6,12,12,2,10,15,10,15,10,0,1,3,25,25,37,16,14,12,12,4,1.75,0,10,15,10,0,5,1,1,2,1,1,2
38906,38914,3,pv_pt,1,1,1,20,20,15,2,2,1.5,20,10,6,7,2,12,10,5,5,15,5,4,3,1,20,20,30,11,19,2,7,2,5.5,0,10,5,20,10,6,1,1,2,1,1,2
38906,38914,2,pt,1,1,0,20,20,15,2,2,1.5,20,10,6,7,2,12,10,5,5,15,5,4,3,1,20,20,30,11,19,2,7,2,5.5,0,10,5,20,10,6,1,1,2,1,1,2
38906,38916,1,pv,1,1,1,20,30,15,6,2,4.5,0,20,0,2,12,7,0,5,0,5,10,2,3,3,20,30,20,0,9,12,16,2,6.5,0,0,5,0,20,7,4,1,1,4,1,1
38906,38916,3,pv_pt,0,1,1,20,30,15,6,2,4.5,0,20,0,2,12,7,0,5,0,5,10,2,3,3,20,30,20,0,9,12,16,2,6.5,0,0,5,0,20,7,4,1,1,4,1,1
38906,38917,2,pt,1,1,1,30,20,23,6,2,4.5,20,0,12,2,12,12,10,5,0,10,0,2,1,3,30,20,33,12,14,12,6,2,6.5,0,10,5,20,0,8,4,1,1,4,1,1
38906,38917,1,pv,1,0,1,30,20,23,6,2,4.5,20,0,12,2,12,12,10,5,0,10,0,2,1,3,30,20,33,12,14,12,6,2,6.5,0,10,5,20,0,8,4,1,1,4,1,1
38906,38918,1,pv,1,1,1,30,25,23,6,4,4.5,0,10,6,7,2,12,5,5,10,15,0,0,2,1,30,25,38,16,19,2,6,4,4.5,0,5,5,0,10,9,4,1,1,4,1,1
38906,38918,3,pv_pt,0,1,1,30,25,23,6,4,4.5,0,10,6,7,2,12,5,5,10,15,0,0,2,1,30,25,38,16,19,2,6,4,4.5,0,5,5,0,10,9,4,1,1,4,1,1
38919,38923,1,pv,1,1,1,25,25,22,2,2,1.75,20,20,6,7,2,7,5,5,5,5,0,0,3,2,25,25,27,11,14,2,2,2,1.75,0,5,5,20,20,1,2,1,2,4,2,2
38919,38923,3,pv_pt,0,1,1,25,25,22,2,2,1.75,20,20,6,7,2,7,5,5,5,5,0,0,3,2,25,25,27,11,14,2,2,2,1.75,0,5,5,20,20,1,2,1,2,4,2,2
38919,38924,2,pt,1,1,1,20,30,18,6,0,5.25,10,0,12,12,7,2,0,10,0,15,5,4,1,1,20,30,33,12,14,7,11,0,9.25,0,0,10,10,0,2,2,1,2,4,2,2
38919,38924,3,pv_pt,1,0,1,20,30,18,6,0,5.25,10,0,12,12,7,2,0,10,0,15,5,4,1,1,20,30,33,12,14,7,11,0,9.25,0,0,10,10,0,2,2,1,2,4,2,2
38919,38925,1,pv,1,1,1,30,25,23,2,4,1.5,10,10,0,12,2,7,5,5,5,5,5,4,2,3,30,25,28,5,19,2,7,4,5.5,0,5,5,10,10,3,2,1,2,4,2,2
38919,38925,3,pv_pt,0,1,1,30,25,23,2,4,1.5,10,10,0,12,2,7,5,5,5,5,5,4,2,3,30,25,28,5,19,2,7,4,5.5,0,5,5,10,10,3,2,1,2,4,2,2
38919,38927,2,pt,1,1,1,30,20,30,2,0,2.0,0,10,12,12,7,12,5,10,0,15,10,0,3,3,30,20,45,12,24,7,12,0,2.0,0,5,10,0,10,4,1,1,2,1,1,2
38919,38927,3,pv_pt,1,0,1,30,20,30,2,0,2.0,0,10,12,12,7,12,5,10,0,15,10,0,3,3,30,20,45,12,24,7,12,0,2.0,0,5,10,0,10,4,1,1,2,1,1,2
38919,38928,1,pv,1,1,1,25,20,22,4,0,3.5,10,0,0,7,12,2,0,10,10,10,0,2,3,2,25,20,32,10,9,12,4,0,5.5,0,0,10,10,0,5,1,1,2,1,1,2
38919,38928,2,pt,0,1,1,25,20,22,4,0,3.5,10,0,0,7,12,2,0,10,10,10,0,2,3,2,25,20,32,10,9,12,4,0,5.5,0,0,10,10,0,5,1,1,2,1,1,2
38919,38929,1,pv,1,1,1,25,25,22,4,2,3.5,0,20,6,7,7,7,5,10,0,10,0,2,2,2,25,25,32,6,14,7,4,2,5.5,0,5,10,0,20,6,1,1,2,1,1,2
38919,38929,3,pv_pt,0,1,1,25,25,22,4,2,3.5,0,20,6,7,7,7,5,10,0,10,0,2,2,2,25,25,32,6,14,7,4,2,5.5,0,5,10,0,20,6,1,1,2,1,1,2
38919,38931,2,pt,1,1,1,30,20,23,4,0,3.0,20,20,12,2,12,2,0,15,10,5,0,0,1,1,30,20,28,22,4,12,4,0,3.0,0,0,15,20,20,7,1,1,1,3,2,1
38919,38931,3,pv_pt,1,0,1,30,20,23,4,0,3.0,20,20,12,2,12,2,0,15,10,5,0,0,1,1,30,20,28,22,4,12,4,0,3.0,0,0,15,20,20,7,1,1,1,3,2,1
38919,38932,1,pv,1,1,1,30,25,23,6,2,4.5,0,10,6,12,2,7,10,15,5,10,5,4,2,2,30,25,33,11,19,2,11,2,8.5,0,10,15,0,10,8,1,1,1,3,2,1
38919,38932,3,pv_pt,0,1,1,30,25,23,6,2,4.5,0,10,6,12,2,7,10,15,5,10,5,4,2,2,30,25,33,11,19,2,11,2,8.5,0,10,15,0,10,8,1,1,1,3,2,1
38919,38933,1,pv,1,1,1,20,25,18,4,4,1.75,0,10,0,7,7,7,5,10,0,10,0,2,1,1,20,25,28,0,14,7,4,4,3.75,0,5,10,0,10,9,1,1,1,3,2,1
38919,38933,3,pv_pt,0,1,1,20,25,18,4,4,1.75,0,10,0,7,7,7,5,10,0,10,0,2,1,1,20,25,28,0,14,7,4,4,3.75,0,5,10,0,10,9,1,1,1,3,2,1
38963,38965,1,pv,1,1,1,20,25,15,4,2,3.0,20,20,6,7,2,12,5,15,0,5,5,0,2,2,20,25,20,6,19,2,9,2,3.0,0,5,15,20,20,1,1,1,1,3,2,1
38963,38965,3,pv_pt,0,1,1,20,25,15,4,2,3.0,20,20,6,7,2,12,5,15,0,5,5,0,2,2,20,25,20,6,19,2,9,2,3.0,0,5,15,20,20,1,1,1,1,3,2,1
38963,38966,1,pv,1,1,1,25,25,22,2,2,1.75,20,20,6,7,2,7,5,5,5,5,0,0,3,2,25,25,27,11,14,2,2,2,1.75,0,5,5,20,20,2,1,1,1,3,2,1
38963,38966,3,pv_pt,0,1,1,25,25,22,2,2,1.75,20,20,6,7,2,7,5,5,5,5,0,0,3,2,25,25,27,11,14,2,2,2,1.75,0,5,5,20,20,2,1,1,1,3,2,1
38963,38967,1,pv,1,1,1,20,25,18,2,2,1.75,10,10,0,7,7,7,5,10,5,10,0,2,2,3,20,25,28,5,14,7,2,2,3.75,0,5,10,10,10,3,1,1,1,3,2,1
38963,38967,3,pv_pt,0,1,1,20,25,18,2,2,1.75,10,10,0,7,7,7,5,10,5,10,0,2,2,3,20,25,28,5,14,7,2,2,3.75,0,5,10,10,10,3,1,1,1,3,2,1
38963,38969,2,pt,1,1,1,30,20,30,2,0,2.0,0,10,12,12,7,12,5,10,0,15,10,0,3,3,30,20,45,12,24,7,12,0,2.0,0,5,10,0,10,4,2,2,1,2,1,1
38963,38969,1,pv,1,0,1,30,20,30,2,0,2.0,0,10,12,12,7,12,5,10,0,15,10,0,3,3,30,20,45,12,24,7,12,0,2.0,0,5,10,0,10,4,2,2,1,2,1,1
38963,38970,1,pv,1,1,1,30,20,23,6,2,4.5,20,0,12,2,12,12,10,5,0,10,0,2,1,3,30,20,33,12,14,12,6,2,6.5,0,10,5,20,0,5,2,2,1,2,1,1
38963,38970,3,pv_pt,0,1,1,30,20,23,6,2,4.5,20,0,12,2,12,12,10,5,0,10,0,2,1,3,30,20,33,12,14,12,6,2,6.5,0,10,5,20,0,5,2,2,1,2,1,1
38963,38971,1,pv,1,1,1,20,25,18,4,4,1.75,0,10,0,7,7,7,5,10,0,10,0,2,1,1,20,25,28,0,14,7,4,4,3.75,0,5,10,0,10,6,2,2,1,2,1,1
38963,38971,3,pv_pt,0,1,1,20,25,18,4,4,1.75,0,10,0,7,7,7,5,10,0,10,0,2,1,1,20,25,28,0,14,7,4,4,3.75,0,5,10,0,10,6,2,2,1,2,1,1
38963,38973,1,pv,1,1,1,25,25,22,4,2,3.5,0,20,6,7,7,7,5,10,0,10,0,2,2,2,25,25,32,6,14,7,4,2,5.5,0,5,10,0,20,7,3,2,1,4,2,2
38963,38973,2,pt,0,1,1,25,25,22,4,2,3.5,0,20,6,7,7,7,5,10,0,10,0,2,2,2,25,25,32,6,14,7,4,2,5.5,0,5,10,0,20,7,3,2,1,4,2,2
38963,38974,1,pv,1,1,1,25,30,25,4,4,4.0,20,0,12,12,12,12,0,15,10,10,5,4,3,2,25,30,35,22,24,12,9,4,8.0,0,0,15,20,0,8,3,2,1,4,2,2
38963,38974,2,pt,0,1,1,25,30,25,4,4,4.0,20,0,12,12,12,12,0,15,10,10,5,4,3,2,25,30,35,22,24,12,9,4,8.0,0,0,15,20,0,8,3,2,1,4,2,2
38963,38975,1,pv,1,1,1,30,25,23,6,2,4.5,0,10,6,12,2,7,10,15,5,10,5,4,2,2,30,25,33,11,19,2,11,2,8.5,0,10,15,0,10,9,3,2,1,4,2,2
38963,38975,3,pv_pt,0,1,1,30,25,23,6,2,4.5,0,10,6,12,2,7,10,15,5,10,5,4,2,2,30,25,33,11,19,2,11,2,8.5,0,10,15,0,10,9,3,2,1,4,2,2
38980,38982,2,pt,1,1,1,25,30,25,4,4,4.0,20,0,12,12,12,12,0,15,10,10,5,4,3,2,25,30,35,22,24,12,9,4,8.0,0,0,15,20,0,1,3,2,2,1,2,2
38980,38982,1,pv,1,0,1,25,30,25,4,4,4.0,20,0,12,12,12,12,0,15,10,10,5,4,3,2,25,30,35,22,24,12,9,4,8.0,0,0,15,20,0,1,3,2,2,1,2,2
38980,38983,2,pt,1,1,1,20,30,18,6,0,5.25,10,0,12,12,7,2,0,10,0,15,5,4,1,1,20,30,33,12,14,7,11,0,9.25,0,0,10,10,0,2,3,2,2,1,2,2
38980,38983,3,pv_pt,1,0,1,20,30,18,6,0,5.25,10,0,12,12,7,2,0,10,0,15,5,4,1,1,20,30,33,12,14,7,11,0,9.25,0,0,10,10,0,2,3,2,2,1,2,2
38980,38984,3,pv_pt,1,1,1,20,25,15,4,2,3.0,20,20,6,7,2,12,5,15,0,5,5,0,2,2,20,25,20,6,19,2,9,2,3.0,0,5,15,20,20,3,3,2,2,1,2,2
38980,38984,2,pt,1,1,0,20,25,15,4,2,3.0,20,20,6,7,2,12,5,15,0,5,5,0,2,2,20,25,20,6,19,2,9,2,3.0,0,5,15,20,20,3,3,2,2,1,2,2
38980,38986,3,pv_pt,1,1,1,30,25,23,6,2,4.5,0,10,6,12,2,7,10,15,5,10,5,4,2,2,30,25,33,11,19,2,11,2,8.5,0,10,15,0,10,4,3,1,2,2,1,1
38980,38986,1,pv,1,1,0,30,25,23,6,2,4.5,0,10,6,12,2,7,10,15,5,10,5,4,2,2,30,25,33,11,19,2,11,2,8.5,0,10,15,0,10,4,3,1,2,2,1,1
38980,38987,2,pt,1,1,1,20,25,18,2,0,1.75,0,0,12,2,7,12,0,15,5,5,5,4,2,1,20,25,23,17,14,7,7,0,5.75,0,0,15,0,0,5,3,1,2,2,1,1
38980,38987,3,pv_pt,1,0,1,20,25,18,2,0,1.75,0,0,12,2,7,12,0,15,5,5,5,4,2,1,20,25,23,17,14,7,7,0,5.75,0,0,15,0,0,5,3,1,2,2,1,1
38980,38988,3,pv_pt,1,1,1,20,20,15,2,2,1.5,20,10,6,7,2,12,10,5,5,15,5,4,3,1,20,20,30,11,19,2,7,2,5.5,0,10,5,20,10,6,3,1,2,2,1,1
38980,38988,1,pv,1,1,0,20,20,15,2,2,1.5,20,10,6,7,2,12,10,5,5,15,5,4,3,1,20,20,30,11,19,2,7,2,5.5,0,10,5,20,10,6,3,1,2,2,1,1
38980,38990,2,pt,1,1,1,30,30,26,2,0,1.75,10,0,0,2,7,2,10,15,0,15,10,0,3,1,30,30,41,0,4,7,12,0,1.75,0,10,15,10,0,7,3,1,1,3,1,2
38980,38990,3,pv_pt,1,0,1,30,30,26,2,0,1.75,10,0,0,2,7,2,10,15,0,15,10,0,3,1,30,30,41,0,4,7,12,0,1.75,0,10,15,10,0,7,3,1,1,3,1,2
38980,38991,3,pv_pt,1,1,1,25,25,22,2,2,1.75,20,20,6,7,2,7,5,5,5,5,0,0,3,2,25,25,27,11,14,2,2,2,1.75,0,5,5,20,20,8,3,1,1,3,1,2
38980,38991,1,pv,1,1,0,25,25,22,2,2,1.75,20,20,6,7,2,7,5,5,5,5,0,0,3,2,25,25,27,11,14,2,2,2,1.75,0,5,5,20,20,8,3,1,1,3,1,2
38980,38992,2,pt,1,1,1,20,25,18,2,2,1.75,10,10,0,7,7,7,5,10,5,10,0,2,2,3,20,25,28,5,14,7,2,2,3.75,0,5,10,10,10,9,3,1,1,3,1,2
38980,38992,1,pv,1,0,1,20,25,18,2,2,1.75,10,10,0,7,7,7,5,10,5,10,0,2,2,3,20,25,28,5,14,7,2,2,3.75,0,5,10,10,10,9,3,1,1,3,1,2
39009,39011,3,pv_pt,1,1,1,25,30,25,4,4,4.0,10,10,6,7,7,7,5,10,5,10,0,2,1,3,25,30,35,11,14,7,4,4,6.0,0,5,10,10,10,1,2,1,1,1,2,2
39009,39011,1,pv,1,1,0,25,30,25,4,4,4.0,10,10,6,7,7,7,5,10,5,10,0,2,1,3,25,30,35,11,14,7,4,4,6.0,0,5,10,10,10,1,2,1,1,1,2,2
39009,39012,3,pv_pt,1,1,1,20,30,20,4,2,4.0,0,10,12,12,2,2,10,5,10,5,5,0,3,1,20,30,25,22,14,2,9,2,4.0,0,10,5,0,10,2,2,1,1,1,2,2
39009,39012,1,pv,1,1,0,20,30,20,4,2,4.0,0,10,12,12,2,2,10,5,10,5,5,0,3,1,20,30,25,22,14,2,9,2,4.0,0,10,5,0,10,2,2,1,1,1,2,2
39009,39013,2,pt,1,1,1,25,20,25,6,4,6.0,20,0,6,2,7,2,0,5,0,15,10,2,2,2,25,20,40,6,4,7,16,4,8.0,0,0,5,20,0,3,2,1,1,1,2,2
39009,39013,1,pv,1,0,1,25,20,25,6,4,6.0,20,0,6,2,7,2,0,5,0,15,10,2,2,2,25,20,40,6,4,7,16,4,8.0,0,0,5,20,0,3,2,1,1,1,2,2
39009,39015,1,pv,1,1,1,20,25,18,4,4,1.75,0,10,0,7,7,7,5,10,0,10,0,2,1,1,20,25,28,0,14,7,4,4,3.75,0,5,10,0,10,4,1,1,1,2,2,1
39009,39015,2,pt,0,1,1,20,25,18,4,4,1.75,0,10,0,7,7,7,5,10,0,10,0,2,1,1,20,25,28,0,14,7,4,4,3.75,0,5,10,0,10,4,1,1,1,2,2,1
39009,39016,2,pt,1,1,1,25,20,25,6,4,6.0,10,20,12,2,2,2,10,15,5,5,10,2,3,3,25,20,30,17,4,2,16,4,8.0,0,10,15,10,20,5,1,1,1,2,2,1
39009,39016,3,pv_pt,1,0,1,25,20,25,6,4,6.0,10,20,12,2,2,2,10,15,5,5,10,2,3,3,25,20,30,17,4,2,16,4,8.0,0,10,15,10,20,5,1,1,1,2,2,1
39009,39017,2,pt,1,1,1,20,30,15,6,2,4.5,0,20,0,2,12,7,0,5,0,5,10,2,3,3,20,30,20,0,9,12,16,2,6.5,0,0,5,0,20,6,1,1,1,2,2,1
39009,39017,3,pv_pt,1,0,1,20,30,15,6,2,4.5,0,20,0,2,12,7,0,5,0,5,10,2,3,3,20,30,20,0,9,12,16,2,6.5,0,0,5,0,20,6,1,1,1,2,2,1
39009,39019,2,pt,1,1,1,30,30,26,2,0,1.75,10,0,0,2,7,2,10,15,0,15,10,0,3,1,30,30,41,0,4,7,12,0,1.75,0,10,15,10,0,7,2,2,2,3,1,2
39009,39019,3,pv_pt,1,0,1,30,30,26,2,0,1.75,10,0,0,2,7,2,10,15,0,15,10,0,3,1,30,30,41,0,4,7,12,0,1.75,0,10,15,10,0,7,2,2,2,3,1,2
39009,39020,1,pv,1,1,1,25,25,22,2,2,1.75,20,20,6,7,2,7,5,5,5,5,0,0,3,2,25,25,27,11,14,2,2,2,1.75,0,5,5,20,20,8,2,2,2,3,1,2
39009,39020,3,pv_pt,0,1,1,25,25,22,2,2,1.75,20,20,6,7,2,7,5,5,5,5,0,0,3,2,25,25,27,11,14,2,2,2,1.75,0,5,5,20,20,8,2,2,2,3,1,2
39009,39021,2,pt,1,1,1,30,20,23,4,0,3.0,20,20,12,2,12,2,0,15,10,5,0,0,1,1,30,20,28,22,4,12,4,0,3.0,0,0,15,20,20,9,2,2,2,3,1,2
39009,39021,1,pv,1,0,1,30,20,23,4,0,3.0,20,20,12,2,12,2,0,15,10,5,0,0,1,1,30,20,28,22,4,12,4,0,3.0,0,0,15,20,20,9,2,2,2,3,1,2
39022,39036,1,pv,1,1,1,25,20,22,4,0,3.5,10,0,0,7,12,2,0,10,10,10,0,2,3,2,25,20,32,10,9,12,4,0,5.5,0,0,10,10,0,1,3,1,2,4,2,1
39022,39036,2,pt,0,1,1,25,20,22,4,0,3.5,10,0,0,7,12,2,0,10,10,10,0,2,3,2,25,20,32,10,9,12,4,0,5.5,0,0,10,10,0,1,3,1,2,4,2,1
39022,39037,1,pv,1,1,1,20,25,15,4,2,3.0,20,20,6,7,2,12,5,15,0,5,5,0,2,2,20,25,20,6,19,2,9,2,3.0,0,5,15,20,20,2,3,1,2,4,2,1
39022,39037,3,pv_pt,0,1,1,20,25,15,4,2,3.0,20,20,6,7,2,12,5,15,0,5,5,0,2,2,20,25,20,6,19,2,9,2,3.0,0,5,15,20,20,2,3,1,2,4,2,1
39022,39038,1,pv,1,1,1,30,20,30,2,0,2.0,0,10,12,12,7,12,5,10,0,15,10,0,3,3,30,20,45,12,24,7,12,0,2.0,0,5,10,0,10,3,3,1,2,4,2,1
39022,39038,2,pt,0,1,1,30,20,30,2,0,2.0,0,10,12,12,7,12,5,10,0,15,10,0,3,3,30,20,45,12,24,7,12,0,2.0,0,5,10,0,10,3,3,1,2,4,2,1
39022,39040,1,pv,1,1,1,30,30,26,2,0,1.75,10,0,0,2,7,2,10,15,0,15,10,0,3,1,30,30,41,0,4,7,12,0,1.75,0,10,15,10,0,4,4,1,1,4,1,1
39022,39040,2,pt,0,1,1,30,30,26,2,0,1.75,10,0,0,2,7,2,10,15,0,15,10,0,3,1,30,30,41,0,4,7,12,0,1.75,0,10,15,10,0,4,4,1,1,4,1,1
39022,39041,1,pv,1,1,1,25,30,25,4,4,4.0,20,0,12,12,12,12,0,15,10,10,5,4,3,2,25,30,35,22,24,12,9,4,8.0,0,0,15,20,0,5,4,1,1,4,1,1
39022,39041,2,pt,0,1,1,25,30,25,4,4,4.0,20,0,12,12,12,12,0,15,10,10,5,4,3,2,25,30,35,22,24,12,9,4,8.0,0,0,15,20,0,5,4,1,1,4,1,1
39022,39042,1,pv,1,1,1,25,20,25,6,4,6.0,10,20,12,2,2,2,10,15,5,5,10,2,3,3,25,20,30,17,4,2,16,4,8.0,0,10,15,10,20,6,4,1,1,4,1,1
39022,39042,2,pt,0,1,1,25,20,25,6,4,6.0,10,20,12,2,2,2,10,15,5,5,10,2,3,3,25,20,30,17,4,2,16,4,8.0,0,10,15,10,20,6,4,1,1,4,1,1
39022,39044,1,pv,1,1,1,30,20,23,6,2,4.5,20,0,12,2,12,12,10,5,0,10,0,2,1,3,30,20,33,12,14,12,6,2,6.5,0,10,5,20,0,7,3,2,2,1,2,2
39022,39044,2,pt,0,1,1,30,20,23,6,2,4.5,20,0,12,2,12,12,10,5,0,10,0,2,1,3,30,20,33,12,14,12,6,2,6.5,0,10,5,20,0,7,3,2,2,1,2,2
39022,39045,1,pv,1,1,1,20,30,18,6,0,5.25,10,0,12,12,7,2,0,10,0,15,5,4,1,1,20,30,33,12,14,7,11,0,9.25,0,0,10,10,0,8,3,2,2,1,2,2
39022,39045,2,pt,0,1,1,20,30,18,6,0,5.25,10,0,12,12,7,2,0,10,0,15,5,4,1,1,20,30,33,12,14,7,11,0,9.25,0,0,10,10,0,8,3,2,2,1,2,2
39022,39046,1,pv,1,1,1,30,25,23,6,4,4.5,0,10,6,7,2,12,5,5,10,15,0,0,2,1,30,25,38,16,19,2,6,4,4.5,0,5,5,0,10,9,3,2,2,1,2,2
39022,39046,2,pt,0,1,1,30,25,23,6,4,4.5,0,10,6,7,2,12,5,5,10,15,0,0,2,1,30,25,38,16,19,2,6,4,4.5,0,5,5,0,10,9,3,2,2,1,2,2
39047,39049,2,pt,1,1,1,30,25,23,6,2,4.5,0,10,6,12,2,7,10,15,5,10,5,4,2,2,30,25,33,11,19,2,11,2,8.5,0,10,15,0,10,1,3,2,2,3,1,1
39047,39049,3,pv_pt,1,0,1,30,25,23,6,2,4.5,0,10,6,12,2,7,10,15,5,10,5,4,2,2,30,25,33,11,19,2,11,2,8.5,0,10,15,0,10,1,3,2,2,3,1,1
39047,39050,2,pt,1,1,1,30,25,23,6,4,4.5,0,10,6,7,2,12,5,5,10,15,0,0,2,1,30,25,38,16,19,2,6,4,4.5,0,5,5,0,10,2,3,2,2,3,1,1
39047,39050,1,pv,1,0,1,30,25,23,6,4,4.5,0,10,6,7,2,12,5,5,10,15,0,0,2,1,30,25,38,16,19,2,6,4,4.5,0,5,5,0,10,2,3,2,2,3,1,1
39047,39051,2,pt,1,1,1,20,30,20,4,2,4.0,0,10,12,12,2,2,10,5,10,5,5,0,3,1,20,30,25,22,14,2,9,2,4.0,0,10,5,0,10,3,3,2,2,3,1,1
39047,39051,1,pv,1,0,1,20,30,20,4,2,4.0,0,10,12,12,2,2,10,5,10,5,5,0,3,1,20,30,25,22,14,2,9,2,4.0,0,10,5,0,10,3,3,2,2,3,1,1
39047,39053,2,pt,1,1,1,25,25,22,2,2,1.75,20,20,6,7,2,7,5,5,5,5,0,0,3,2,25,25,27,11,14,2,2,2,1.75,0,5,5,20,20,4,2,2,2,3,1,2
39047,39053,3,pv_pt,1,0,1,25,25,22,2,2,1.75,20,20,6,7,2,7,5,5,5,5,0,0,3,2,25,25,27,11,14,2,2,2,1.75,0,5,5,20,20,4,2,2,2,3,1,2
39047,39054,2,pt,1,1,1,25,20,22,4,0,3.5,10,0,0,7,12,2,0,10,10,10,0,2,3,2,25,20,32,10,9,12,4,0,5.5,0,0,10,10,0,5,2,2,2,3,1,2
39047,39054,3,pv_pt,1,0,1,25,20,22,4,0,3.5,10,0,0,7,12,2,0,10,10,10,0,2,3,2,25,20,32,10,9,12,4,0,5.5,0,0,10,10,0,5,2,2,2,3,1,2
39047,39055,2,pt,1,1,1,25,30,25,4,4,4.0,10,10,6,7,7,7,5,10,5,10,0,2,1,3,25,30,35,11,14,7,4,4,6.0,0,5,10,10,10,6,2,2,2,3,1,2
39047,39055,1,pv,1,0,1,25,30,25,4,4,4.0,10,10,6,7,7,7,5,10,5,10,0,2,1,3,25,30,35,11,14,7,4,4,6.0,0,5,10,10,10,6,2,2,2,3,1,2
39047,39057,2,pt,1,1,1,20,30,15,6,2,4.5,0,20,0,2,12,7,0,5,0,5,10,2,3,3,20,30,20,0,9,12,16,2,6.5,0,0,5,0,20,7,4,1,2,4,1,2
39047,39057,1,pv,1,0,1,20,30,15,6,2,4.5,0,20,0,2,12,7,0,5,0,5,10,2,3,3,20,30,20,0,9,12,16,2,6.5,0,0,5,0,20,7,4,1,2,4,1,2
39047,39058,1,pv,1,1,1,25,25,22,2,4,1.75,10,0,6,12,12,2,10,15,10,15,10,0,1,3,25,25,37,16,14,12,12,4,1.75,0,10,15,10,0,8,4,1,2,4,1,2
39047,39058,2,pt,0,1,1,25,25,22,2,4,1.75,10,0,6,12,12,2,10,15,10,15,10,0,1,3,25,25,37,16,14,12,12,4,1.75,0,10,15,10,0,8,4,1,2,4,1,2
39047,39059,2,pt,1,1,1,25,20,25,6,4,6.0,20,0,6,2,7,2,0,5,0,15,10,2,2,2,25,20,40,6,4,7,16,4,8.0,0,0,5,20,0,9,4,1,2,4,1,2
39047,39059,1,pv,1,0,1,25,20,25,6,4,6.0,20,0,6,2,7,2,0,5,0,15,10,2,2,2,25,20,40,6,4,7,16,4,8.0,0,0,5,20,0,9,4,1,2,4,1,2
39060,39062,2,pt,1,1,1,30,20,23,4,0,3.0,20,20,12,2,12,2,0,15,10,5,0,0,1,1,30,20,28,22,4,12,4,0,3.0,0,0,15,20,20,1,2,1,2,4,2,2
39060,39062,1,pv,1,0,1,30,20,23,4,0,3.0,20,20,12,2,12,2,0,15,10,5,0,0,1,1,30,20,28,22,4,12,4,0,3.0,0,0,15,20,20,1,2,1,2,4,2,2
39060,39063,3,pv_pt,1,1,1,25,25,22,2,2,1.75,20,20,6,7,2,7,5,5,5,5,0,0,3,2,25,25,27,11,14,2,2,2,1.75,0,5,5,20,20,2,2,1,2,4,2,2
39060,39063,1,pv,1,1,0,25,25,22,2,2,1.75,20,20,6,7,2,7,5,5,5,5,0,0,3,2,25,25,27,11,14,2,2,2,1.75,0,5,5,20,20,2,2,1,2,4,2,2
39060,39064,3,pv_pt,1,1,1,20,25,15,4,2,3.0,20,20,6,7,2,12,5,15,0,5,5,0,2,2,20,25,20,6,19,2,9,2,3.0,0,5,15,20,20,3,2,1,2,4,2,2
39060,39064,2,pt,1,1,0,20,25,15,4,2,3.0,20,20,6,7,2,12,5,15,0,5,5,0,2,2,20,25,20,6,19,2,9,2,3.0,0,5,15,20,20,3,2,1,2,4,2,2
39060,39066,1,pv,1,1,1,30,30,26,2,0,1.75,10,0,0,2,7,2,10,15,0,15,10,0,3,1,30,30,41,0,4,7,12,0,1.75,0,10,15,10,0,4,3,2,1,1,2,1
39060,39066,2,pt,0,1,1,30,30,26,2,0,1.75,10,0,0,2,7,2,10,15,0,15,10,0,3,1,30,30,41,0,4,7,12,0,1.75,0,10,15,10,0,4,3,2,1,1,2,1
39060,39067,3,pv_pt,1,1,1,20,30,20,4,2,4.0,0,10,12,12,2,2,10,5,10,5,5,0,3,1,20,30,25,22,14,2,9,2,4.0,0,10,5,0,10,5,3,2,1,1,2,1
39060,39067,1,pv,1,1,0,20,30,20,4,2,4.0,0,10,12,12,2,2,10,5,10,5,5,0,3,1,20,30,25,22,14,2,9,2,4.0,0,10,5,0,10,5,3,2,1,1,2,1
39060,39068,1,pv,1,1,1,25,25,22,2,4,1.75,10,0,6,12,12,2,10,15,10,15,10,0,1,3,25,25,37,16,14,12,12,4,1.75,0,10,15,10,0,6,3,2,1,1,2,1
39060,39068,2,pt,0,1,1,25,25,22,2,4,1.75,10,0,6,12,12,2,10,15,10,15,10,0,1,3,25,25,37,16,14,12,12,4,1.75,0,10,15,10,0,6,3,2,1,1,2,1
39060,39070,1,pv,1,1,1,25,20,22,4,0,3.5,10,0,0,7,12,2,0,10,10,10,0,2,3,2,25,20,32,10,9,12,4,0,5.5,0,0,10,10,0,7,2,2,1,4,2,1
39060,39070,2,pt,0,1,1,25,20,22,4,0,3.5,10,0,0,7,12,2,0,10,10,10,0,2,3,2,25,20,32,10,9,12,4,0,5.5,0,0,10,10,0,7,2,2,1,4,2,1
39060,39071,1,pv,1,1,1,30,25,23,6,2,4.5,0,10,6,12,2,7,10,15,5,10,5,4,2,2,30,25,33,11,19,2,11,2,8.5,0,10,15,0,10,8,2,2,1,4,2,1
39060,39071,2,pt,0,1,1,30,25,23,6,2,4.5,0,10,6,12,2,7,10,15,5,10,5,4,2,2,30,25,33,11,19,2,11,2,8.5,0,10,15,0,10,8,2,2,1,4,2,1
39060,39072,1,pv,1,1,1,20,30,18,6,0,5.25,10,0,12,12,7,2,0,10,0,15,5,4,1,1,20,30,33,12,14,7,11,0,9.25,0,0,10,10,0,9,2,2,1,4,2,1
39060,39072,2,pt,0,1,1,20,30,18,6,0,5.25,10,0,12,12,7,2,0,10,0,15,5,4,1,1,20,30,33,12,14,7,11,0,9.25,0,0,10,10,0,9,2,2,1,4,2,1
39099,39117,3,pv_pt,1,1,1,30,25,23,6,4,4.5,0,10,6,7,2,12,5,5,10,15,0,0,2,1,30,25,38,16,19,2,6,4,4.5,0,5,5,0,10,1,2,1,1,1,2,2
39099,39117,1,pv,1,1,0,30,25,23,6,4,4.5,0,10,6,7,2,12,5,5,10,15,0,0,2,1,30,25,38,16,19,2,6,4,4.5,0,5,5,0,10,1,2,1,1,1,2,2
39099,39118,2,pt,1,1,1,20,30,18,6,0,5.25,10,0,12,12,7,2,0,10,0,15,5,4,1,1,20,30,33,12,14,7,11,0,9.25,0,0,10,10,0,2,2,1,1,1,2,2
39099,39118,3,pv_pt,1,0,1,20,30,18,6,0,5.25,10,0,12,12,7,2,0,10,0,15,5,4,1,1,20,30,33,12,14,7,11,0,9.25,0,0,10,10,0,2,2,1,1,1,2,2
39099,39119,3,pv_pt,1,1,1,30,25,23,2,4,1.5,10,10,0,12,2,7,5,5,5,5,5,4,2,3,30,25,28,5,19,2,7,4,5.5,0,5,5,10,10,3,2,1,1,1,2,2
39099,39119,1,pv,1,1,0,30,25,23,2,4,1.5,10,10,0,12,2,7,5,5,5,5,5,4,2,3,30,25,28,5,19,2,7,4,5.5,0,5,5,10,10,3,2,1,1,1,2,2
39099,39121,3,pv_pt,1,1,1,20,25,15,4,2,3.0,20,20,6,7,2,12,5,15,0,5,5,0,2,2,20,25,20,6,19,2,9,2,3.0,0,5,15,20,20,4,4,2,2,2,2,1
39099,39121,2,pt,1,1,0,20,25,15,4,2,3.0,20,20,6,7,2,12,5,15,0,5,5,0,2,2,20,25,20,6,19,2,9,2,3.0,0,5,15,20,20,4,4,2,2,2,2,1
39099,39122,1,pv,1,1,1,25,30,25,4,4,4.0,10,10,6,7,7,7,5,10,5,10,0,2,1,3,25,30,35,11,14,7,4,4,6.0,0,5,10,10,10,5,4,2,2,2,2,1
39099,39122,2,pt,0,1,1,25,30,25,4,4,4.0,10,10,6,7,7,7,5,10,5,10,0,2,1,3,25,30,35,11,14,7,4,4,6.0,0,5,10,10,10,5,4,2,2,2,2,1
39099,39123,2,pt,1,1,1,30,30,26,2,4,1.75,0,20,12,2,12,7,0,5,10,15,10,4,1,2,30,30,41,22,9,12,12,4,5.75,0,0,5,0,20,6,4,2,2,2,2,1
39099,39123,3,pv_pt,1,0,1,30,30,26,2,4,1.75,0,20,12,2,12,7,0,5,10,15,10,4,1,2,30,30,41,22,9,12,12,4,5.75,0,0,5,0,20,6,4,2,2,2,2,1
39099,39125,1,pv,1,1,1,20,25,18,4,4,1.75,0,10,0,7,7,7,5,10,0,10,0,2,1,1,20,25,28,0,14,7,4,4,3.75,0,5,10,0,10,7,4,2,1,1,1,2
39099,39125,2,pt,0,1,1,20,25,18,4,4,1.75,0,10,0,7,7,7,5,10,0,10,0,2,1,1,20,25,28,0,14,7,4,4,3.75,0,5,10,0,10,7,4,2,1,1,1,2
39099,39126,2,pt,1,1,1,25,20,25,6,4,6.0,10,20,12,2,2,2,10,15,5,5,10,2,3,3,25,20,30,17,4,2,16,4,8.0,0,10,15,10,20,8,4,2,1,1,1,2
39099,39126,3,pv_pt,1,0,1,25,20,25,6,4,6.0,10,20,12,2,2,2,10,15,5,5,10,2,3,3,25,20,30,17,4,2,16,4,8.0,0,10,15,10,20,8,4,2,1,1,1,2
39099,39127,2,pt,1,1,1,25,20,22,4,0,3.5,10,0,0,7,12,2,0,10,10,10,0,2,3,2,25,20,32,10,9,12,4,0,5.5,0,0,10,10,0,9,4,2,1,1,1,2
39099,39127,1,pv,1,0,1,25,20,22,4,0,3.5,10,0,0,7,12,2,0,10,10,10,0,2,3,2,25,20,32,10,9,12,4,0,5.5,0,0,10,10,0,9,4,2,1,1,1,2
39101,39103,1,pv,1,1,1,20,25,18,2,0,1.75,0,0,12,2,7,12,0,15,5,5,5,4,2,1,20,25,23,17,14,7,7,0,5.75,0,0,15,0,0,1,1,2,2,2,2,2
39101,39103,2,pt,0,1,1,20,25,18,2,0,1.75,0,0,12,2,7,12,0,15,5,5,5,4,2,1,20,25,23,17,14,7,7,0,5.75,0,0,15,0,0,1,1,2,2,2,2,2
39101,39104,1,pv,1,1,1,20,30,20,4,2,4.0,0,10,12,12,2,2,10,5,10,5,5,0,3,1,20,30,25,22,14,2,9,2,4.0,0,10,5,0,10,2,1,2,2,2,2,2
39101,39104,3,pv_pt,0,1,1,20,30,20,4,2,4.0,0,10,12,12,2,2,10,5,10,5,5,0,3,1,20,30,25,22,14,2,9,2,4.0,0,10,5,0,10,2,1,2,2,2,2,2
39101,39105,1,pv,1,1,1,25,25,22,2,2,1.75,20,20,6,7,2,7,5,5,5,5,0,0,3,2,25,25,27,11,14,2,2,2,1.75,0,5,5,20,20,3,1,2,2,2,2,2
39101,39105,3,pv_pt,0,1,1,25,25,22,2,2,1.75,20,20,6,7,2,7,5,5,5,5,0,0,3,2,25,25,27,11,14,2,2,2,1.75,0,5,5,20,20,3,1,2,2,2,2,2
39101,39107,2,pt,1,1,1,30,30,26,2,0,1.75,10,0,0,2,7,2,10,15,0,15,10,0,3,1,30,30,41,0,4,7,12,0,1.75,0,10,15,10,0,4,1,2,1,1,1,1
39101,39107,1,pv,1,0,1,30,30,26,2,0,1.75,10,0,0,2,7,2,10,15,0,15,10,0,3,1,30,30,41,0,4,7,12,0,1.75,0,10,15,10,0,4,1,2,1,1,1,1
39101,39108,1,pv,1,1,1,25,25,22,4,2,3.5,0,20,6,7,7,7,5,10,0,10,0,2,2,2,25,25,32,6,14,7,4,2,5.5,0,5,10,0,20,5,1,2,1,1,1,1
39101,39108,2,pt,0,1,1,25,25,22,4,2,3.5,0,20,6,7,7,7,5,10,0,10,0,2,2,2,25,25,32,6,14,7,4,2,5.5,0,5,10,0,20,5,1,2,1,1,1,1
39101,39109,2,pt,1,1,1,30,30,26,2,4,1.75,0,20,12,2,12,7,0,5,10,15,10,4,1,2,30,30,41,22,9,12,12,4,5.75,0,0,5,0,20,6,1,2,1,1,1,1
39101,39109,1,pv,1,0,1,30,30,26,2,4,1.75,0,20,12,2,12,7,0,5,10,15,10,4,1,2,30,30,41,22,9,12,12,4,5.75,0,0,5,0,20,6,1,2,1,1,1,1
39101,39111,1,pv,1,1,1,30,25,23,2,4,1.5,10,10,0,12,2,7,5,5,5,5,5,4,2,3,30,25,28,5,19,2,7,4,5.5,0,5,5,10,10,7,3,2,1,4,2,2
39101,39111,3,pv_pt,0,1,1,30,25,23,2,4,1.5,10,10,0,12,2,7,5,5,5,5,5,4,2,3,30,25,28,5,19,2,7,4,5.5,0,5,5,10,10,7,3,2,1,4,2,2
39101,39112,2,pt,1,1,1,30,20,30,2,0,2.0,0,10,12,12,7,12,5,10,0,15,10,0,3,3,30,20,45,12,24,7,12,0,2.0,0,5,10,0,10,8,3,2,1,4,2,2
39101,39112,1,pv,1,0,1,30,20,30,2,0,2.0,0,10,12,12,7,12,5,10,0,15,10,0,3,3,30,20,45,12,24,7,12,0,2.0,0,5,10,0,10,8,3,2,1,4,2,2
39101,39113,1,pv,1,1,1,20,25,18,2,2,1.75,10,10,0,7,7,7,5,10,5,10,0,2,2,3,20,25,28,5,14,7,2,2,3.75,0,5,10,10,10,9,3,2,1,4,2,2
39101,39113,2,pt,0,1,1,20,25,18,2,2,1.75,10,10,0,7,7,7,5,10,5,10,0,2,2,3,20,25,28,5,14,7,2,2,3.75,0,5,10,10,10,9,3,2,1,4,2,2
39153,39161,2,pt,1,1,1,20,30,15,6,2,4.5,0,20,0,2,12,7,0,5,0,5,10,2,3,3,20,30,20,0,9,12,16,2,6.5,0,0,5,0,20,1,4,1,1,2,2,2
39153,39161,3,pv_pt,1,0,1,20,30,15,6,2,4.5,0,20,0,2,12,7,0,5,0,5,10,2,3,3,20,30,20,0,9,12,16,2,6.5,0,0,5,0,20,1,4,1,1,2,2,2
39153,39164,2,pt,1,1,1,25,20,25,6,0,6.0,20,20,0,12,2,12,0,15,10,15,5,4,1,3,25,20,40,10,24,2,11,0,10.0,0,0,15,20,20,2,4,1,1,2,2,2
39153,39164,3,pv_pt,1,0,1,25,20,25,6,0,6.0,20,20,0,12,2,12,0,15,10,15,5,4,1,3,25,20,40,10,24,2,11,0,10.0,0,0,15,20,20,2,4,1,1,2,2,2
39153,39166,2,pt,1,1,1,30,25,23,6,2,4.5,0,10,6,12,2,7,10,15,5,10,5,4,2,2,30,25,33,11,19,2,11,2,8.5,0,10,15,0,10,3,4,1,1,2,2,2
39153,39166,3,pv_pt,1,0,1,30,25,23,6,2,4.5,0,10,6,12,2,7,10,15,5,10,5,4,2,2,30,25,33,11,19,2,11,2,8.5,0,10,15,0,10,3,4,1,1,2,2,2
39153,39169,1,pv,1,1,1,20,25,18,4,4,1.75,0,10,0,7,7,7,5,10,0,10,0,2,1,1,20,25,28,0,14,7,4,4,3.75,0,5,10,0,10,4,3,1,1,3,1,2
39153,39169,2,pt,0,1,1,20,25,18,4,4,1.75,0,10,0,7,7,7,5,10,0,10,0,2,1,1,20,25,28,0,14,7,4,4,3.75,0,5,10,0,10,4,3,1,1,3,1,2
39153,39171,1,pv,1,1,1,20,25,18,2,2,1.75,10,10,0,7,7,7,5,10,5,10,0,2,2,3,20,25,28,5,14,7,2,2,3.75,0,5,10,10,10,5,3,1,1,3,1,2
39153,39171,2,pt,0,1,1,20,25,18,2,2,1.75,10,10,0,7,7,7,5,10,5,10,0,2,2,3,20,25,28,5,14,7,2,2,3.75,0,5,10,10,10,5,3,1,1,3,1,2
39153,39173,2,pt,1,1,1,25,20,25,6,4,6.0,20,0,6,2,7,2,0,5,0,15,10,2,2,2,25,20,40,6,4,7,16,4,8.0,0,0,5,20,0,6,3,1,1,3,1,2
39153,39173,1,pv,1,0,1,25,20,25,6,4,6.0,20,0,6,2,7,2,0,5,0,15,10,2,2,2,25,20,40,6,4,7,16,4,8.0,0,0,5,20,0,6,3,1,1,3,1,2
39153,39175,1,pv,1,1,1,20,25,15,4,2,3.0,20,20,6,7,2,12,5,15,0,5,5,0,2,2,20,25,20,6,19,2,9,2,3.0,0,5,15,20,20,7,1,1,1,3,2,1
39153,39175,3,pv_pt,0,1,1,20,25,15,4,2,3.0,20,20,6,7,2,12,5,15,0,5,5,0,2,2,20,25,20,6,19,2,9,2,3.0,0,5,15,20,20,7,1,1,1,3,2,1
39153,39176,2,pt,1,1,1,30,30,26,2,0,1.75,10,0,0,2,7,2,10,15,0,15,10,0,3,1,30,30,41,0,4,7,12,0,1.75,0,10,15,10,0,8,1,1,1,3,2,1
39153,39176,1,pv,1,0,1,30,30,26,2,0,1.75,10,0,0,2,7,2,10,15,0,15,10,0,3,1,30,30,41,0,4,7,12,0,1.75,0,10,15,10,0,8,1,1,1,3,2,1
39153,39177,2,pt,1,1,1,25,20,25,6,4,6.0,10,20,12,2,2,2,10,15,5,5,10,2,3,3,25,20,30,17,4,2,16,4,8.0,0,10,15,10,20,9,1,1,1,3,2,1
39153,39177,3,pv_pt,1,0,1,25,20,25,6,4,6.0,10,20,12,2,2,2,10,15,5,5,10,2,3,3,25,20,30,17,4,2,16,4,8.0,0,10,15,10,20,9,1,1,1,3,2,1
39218,39220,2,pt,1,1,1,30,20,23,4,0,3.0,20,20,12,2,12,2,0,15,10,5,0,0,1,1,30,20,28,22,4,12,4,0,3.0,0,0,15,20,20,1,1,2,1,1,1,1
39218,39220,1,pv,1,0,1,30,20,23,4,0,3.0,20,20,12,2,12,2,0,15,10,5,0,0,1,1,30,20,28,22,4,12,4,0,3.0,0,0,15,20,20,1,1,2,1,1,1,1
39218,39221,1,pv,1,1,1,30,30,26,2,4,1.75,0,20,12,2,12,7,0,5,10,15,10,4,1,2,30,30,41,22,9,12,12,4,5.75,0,0,5,0,20,2,1,2,1,1,1,1
39218,39221,2,pt,0,1,1,30,30,26,2,4,1.75,0,20,12,2,12,7,0,5,10,15,10,4,1,2,30,30,41,22,9,12,12,4,5.75,0,0,5,0,20,2,1,2,1,1,1,1
39218,39222,1,pv,1,1,1,30,25,23,6,4,4.5,0,10,6,7,2,12,5,5,10,15,0,0,2,1,30,25,38,16,19,2,6,4,4.5,0,5,5,0,10,3,1,2,1,1,1,1
39218,39222,2,pt,0,1,1,30,25,23,6,4,4.5,0,10,6,7,2,12,5,5,10,15,0,0,2,1,30,25,38,16,19,2,6,4,4.5,0,5,5,0,10,3,1,2,1,1,1,1
39218,39224,3,pv_pt,1,1,1,20,30,20,4,2,4.0,0,10,12,12,2,2,10,5,10,5,5,0,3,1,20,30,25,22,14,2,9,2,4.0,0,10,5,0,10,4,2,1,1,1,2,2
39218,39224,2,pt,1,1,0,20,30,20,4,2,4.0,0,10,12,12,2,2,10,5,10,5,5,0,3,1,20,30,25,22,14,2,9,2,4.0,0,10,5,0,10,4,2,1,1,1,2,2
39218,39225,1,pv,1,1,1,25,30,25,4,4,4.0,10,10,6,7,7,7,5,10,5,10,0,2,1,3,25,30,35,11,14,7,4,4,6.0,0,5,10,10,10,5,2,1,1,1,2,2
39218,39225,3,pv_pt,0,1,1,25,30,25,4,4,4.0,10,10,6,7,7,7,5,10,5,10,0,2,1,3,25,30,35,11,14,7,4,4,6.0,0,5,10,10,10,5,2,1,1,1,2,2
39218,39226,1,pv,1,1,1,20,25,15,4,2,3.0,20,20,6,7,2,12,5,15,0,5,5,0,2,2,20,25,20,6,19,2,9,2,3.0,0,5,15,20,20,6,2,1,1,1,2,2
39218,39226,3,pv_pt,0,1,1,20,25,15,4,2,3.0,20,20,6,7,2,12,5,15,0,5,5,0,2,2,20,25,20,6,19,2,9,2,3.0,0,5,15,20,20,6,2,1,1,1,2,2
39218,39228,1,pv,1,1,1,25,25,22,4,2,3.5,0,20,6,7,7,7,5,10,0,10,0,2,2,2,25,25,32,6,14,7,4,2,5.5,0,5,10,0,20,7,3,2,1,4,2,2
39218,39228,2,pt,0,1,1,25,25,22,4,2,3.5,0,20,6,7,7,7,5,10,0,10,0,2,2,2,25,25,32,6,14,7,4,2,5.5,0,5,10,0,20,7,3,2,1,4,2,2
39218,39229,2,pt,1,1,1,25,20,22,4,0,3.5,10,0,0,7,12,2,0,10,10,10,0,2,3,2,25,20,32,10,9,12,4,0,5.5,0,0,10,10,0,8,3,2,1,4,2,2
39218,39229,1,pv,1,0,1,25,20,22,4,0,3.5,10,0,0,7,12,2,0,10,10,10,0,2,3,2,25,20,32,10,9,12,4,0,5.5,0,0,10,10,0,8,3,2,1,4,2,2
39218,39230,1,pv,1,1,1,20,30,20,6,0,6.0,10,0,0,2,12,12,10,10,10,10,10,0,1,2,20,30,30,10,14,12,16,0,6.0,0,10,10,10,0,9,3,2,1,4,2,2
39218,39230,3,pv_pt,0,1,1,20,30,20,6,0,6.0,10,0,0,2,12,12,10,10,10,10,10,0,1,2,20,30,30,10,14,12,16,0,6.0,0,10,10,10,0,9,3,2,1,4,2,2
39273,39275,1,pv,1,1,1,25,25,22,2,4,1.75,10,0,6,12,12,2,10,15,10,15,10,0,1,3,25,25,37,16,14,12,12,4,1.75,0,10,15,10,0,1,4,2,1,3,2,2
39273,39275,2,pt,0,1,1,25,25,22,2,4,1.75,10,0,6,12,12,2,10,15,10,15,10,0,1,3,25,25,37,16,14,12,12,4,1.75,0,10,15,10,0,1,4,2,1,3,2,2
39273,39276,1,pv,1,1,1,25,25,22,2,2,1.75,20,20,6,7,2,7,5,5,5,5,0,0,3,2,25,25,27,11,14,2,2,2,1.75,0,5,5,20,20,2,4,2,1,3,2,2
39273,39276,2,pt,0,1,1,25,25,22,2,2,1.75,20,20,6,7,2,7,5,5,5,5,0,0,3,2,25,25,27,11,14,2,2,2,1.75,0,5,5,20,20,2,4,2,1,3,2,2
39273,39277,1,pv,1,1,1,20,20,15,2,2,1.5,20,10,6,7,2,12,10,5,5,15,5,4,3,1,20,20,30,11,19,2,7,2,5.5,0,10,5,20,10,3,4,2,1,3,2,2
39273,39277,2,pt,0,1,1,20,20,15,2,2,1.5,20,10,6,7,2,12,10,5,5,15,5,4,3,1,20,20,30,11,19,2,7,2,5.5,0,10,5,20,10,3,4,2,1,3,2,2
39273,39279,1,pv,1,1,1,25,20,25,6,0,6.0,20,20,0,12,2,12,0,15,10,15,5,4,1,3,25,20,40,10,24,2,11,0,10.0,0,0,15,20,20,4,1,1,1,2,2,1
39273,39279,2,pt,0,1,1,25,20,25,6,0,6.0,20,20,0,12,2,12,0,15,10,15,5,4,1,3,25,20,40,10,24,2,11,0,10.0,0,0,15,20,20,4,1,1,1,2,2,1
39273,39280,1,pv,1,1,1,20,25,15,4,2,3.0,20,20,6,7,2,12,5,15,0,5,5,0,2,2,20,25,20,6,19,2,9,2,3.0,0,5,15,20,20,5,1,1,1,2,2,1
39273,39280,2,pt,0,1,1,20,25,15,4,2,3.0,20,20,6,7,2,12,5,15,0,5,5,0,2,2,20,25,20,6,19,2,9,2,3.0,0,5,15,20,20,5,1,1,1,2,2,1
39273,39281,1,pv,1,1,1,30,25,23,6,4,4.5,0,10,6,7,2,12,5,5,10,15,0,0,2,1,30,25,38,16,19,2,6,4,4.5,0,5,5,0,10,6,1,1,1,2,2,1
39273,39281,2,pt,0,1,1,30,25,23,6,4,4.5,0,10,6,7,2,12,5,5,10,15,0,0,2,1,30,25,38,16,19,2,6,4,4.5,0,5,5,0,10,6,1,1,1,2,2,1
39273,39283,1,pv,1,1,1,20,30,20,6,0,6.0,10,0,0,2,12,12,10,10,10,10,10,0,1,2,20,30,30,10,14,12,16,0,6.0,0,10,10,10,0,7,2,1,1,1,2,2
39273,39283,2,pt,0,1,1,20,30,20,6,0,6.0,10,0,0,2,12,12,10,10,10,10,10,0,1,2,20,30,30,10,14,12,16,0,6.0,0,10,10,10,0,7,2,1,1,1,2,2
39273,39284,1,pv,1,1,1,25,30,25,4,4,4.0,10,10,6,7,7,7,5,10,5,10,0,2,1,3,25,30,35,11,14,7,4,4,6.0,0,5,10,10,10,8,2,1,1,1,2,2
39273,39284,2,pt,0,1,1,25,30,25,4,4,4.0,10,10,6,7,7,7,5,10,5,10,0,2,1,3,25,30,35,11,14,7,4,4,6.0,0,5,10,10,10,8,2,1,1,1,2,2
39273,39285,1,pv,1,1,1,20,30,15,6,2,4.5,0,20,0,2,12,7,0,5,0,5,10,2,3,3,20,30,20,0,9,12,16,2,6.5,0,0,5,0,20,9,2,1,1,1,2,2
39273,39285,2,pt,0,1,1,20,30,15,6,2,4.5,0,20,0,2,12,7,0,5,0,5,10,2,3,3,20,30,20,0,9,12,16,2,6.5,0,0,5,0,20,9,2,1,1,1,2,2
39438,39440,3,pv_pt,1,1,1,20,25,18,2,2,1.75,10,10,0,7,7,7,5,10,5,10,0,2,2,3,20,25,28,5,14,7,2,2,3.75,0,5,10,10,10,1,2,2,1,4,2,1
39438,39440,2,pt,1,1,0,20,25,18,2,2,1.75,10,10,0,7,7,7,5,10,5,10,0,2,2,3,20,25,28,5,14,7,2,2,3.75,0,5,10,10,10,1,2,2,1,4,2,1
39438,39441,2,pt,1,1,1,25,25,22,4,2,3.5,0,20,6,7,7,7,5,10,0,10,0,2,2,2,25,25,32,6,14,7,4,2,5.5,0,5,10,0,20,2,2,2,1,4,2,1
39438,39441,3,pv_pt,1,0,1,25,25,22,4,2,3.5,0,20,6,7,7,7,5,10,0,10,0,2,2,2,25,25,32,6,14,7,4,2,5.5,0,5,10,0,20,2,2,2,1,4,2,1
39438,39442,3,pv_pt,1,1,1,30,25,23,6,2,4.5,0,10,6,12,2,7,10,15,5,10,5,4,2,2,30,25,33,11,19,2,11,2,8.5,0,10,15,0,10,3,2,2,1,4,2,1
39438,39442,1,pv,1,1,0,30,25,23,6,2,4.5,0,10,6,12,2,7,10,15,5,10,5,4,2,2,30,25,33,11,19,2,11,2,8.5,0,10,15,0,10,3,2,2,1,4,2,1
39438,39444,2,pt,1,1,1,25,25,22,2,4,1.75,10,0,6,12,12,2,10,15,10,15,10,0,1,3,25,25,37,16,14,12,12,4,1.75,0,10,15,10,0,4,1,1,1,3,2,1
39438,39444,3,pv_pt,1,0,1,25,25,22,2,4,1.75,10,0,6,12,12,2,10,15,10,15,10,0,1,3,25,25,37,16,14,12,12,4,1.75,0,10,15,10,0,4,1,1,1,3,2,1
39438,39445,3,pv_pt,1,1,1,30,25,23,6,4,4.5,0,10,6,7,2,12,5,5,10,15,0,0,2,1,30,25,38,16,19,2,6,4,4.5,0,5,5,0,10,5,1,1,1,3,2,1
39438,39445,1,pv,1,1,0,30,25,23,6,4,4.5,0,10,6,7,2,12,5,5,10,15,0,0,2,1,30,25,38,16,19,2,6,4,4.5,0,5,5,0,10,5,1,1,1,3,2,1
39438,39446,2,pt,1,1,1,25,20,25,6,4,6.0,10,20,12,2,2,2,10,15,5,5,10,2,3,3,25,20,30,17,4,2,16,4,8.0,0,10,15,10,20,6,1,1,1,3,2,1
39438,39446,3,pv_pt,1,0,1,25,20,25,6,4,6.0,10,20,12,2,2,2,10,15,5,5,10,2,3,3,25,20,30,17,4,2,16,4,8.0,0,10,15,10,20,6,1,1,1,3,2,1
39438,39448,2,pt,1,1,1,30,20,30,2,0,2.0,0,10,12,12,7,12,5,10,0,15,10,0,3,3,30,20,45,12,24,7,12,0,2.0,0,5,10,0,10,7,2,2,2,3,1,2
39438,39448,3,pv_pt,1,0,1,30,20,30,2,0,2.0,0,10,12,12,7,12,5,10,0,15,10,0,3,3,30,20,45,12,24,7,12,0,2.0,0,5,10,0,10,7,2,2,2,3,1,2
39438,39449,2,pt,1,1,1,20,25,18,2,0,1.75,0,0,12,2,7,12,0,15,5,5,5,4,2,1,20,25,23,17,14,7,7,0,5.75,0,0,15,0,0,8,2,2,2,3,1,2
39438,39449,3,pv_pt,1,0,1,20,25,18,2,0,1.75,0,0,12,2,7,12,0,15,5,5,5,4,2,1,20,25,23,17,14,7,7,0,5.75,0,0,15,0,0,8,2,2,2,3,1,2
39438,39450,3,pv_pt,1,1,1,20,30,20,4,2,4.0,0,10,12,12,2,2,10,5,10,5,5,0,3,1,20,30,25,22,14,2,9,2,4.0,0,10,5,0,10,9,2,2,2,3,1,2
39438,39450,1,pv,1,1,0,20,30,20,4,2,4.0,0,10,12,12,2,2,10,5,10,5,5,0,3,1,20,30,25,22,14,2,9,2,4.0,0,10,5,0,10,9,2,2,2,3,1,2
39503,39518,1,pv,1,1,1,20,30,15,6,2,4.5,0,20,0,2,12,7,0,5,0,5,10,2,3,3,20,30,20,0,9,12,16,2,6.5,0,0,5,0,20,1,4,2,1,1,1,2
39503,39518,3,pv_pt,0,1,1,20,30,15,6,2,4.5,0,20,0,2,12,7,0,5,0,5,10,2,3,3,20,30,20,0,9,12,16,2,6.5,0,0,5,0,20,1,4,2,1,1,1,2
39503,39521,1,pv,1,1,1,30,25,23,6,2,4.5,0,10,6,12,2,7,10,15,5,10,5,4,2,2,30,25,33,11,19,2,11,2,8.5,0,10,15,0,10,2,4,2,1,1,1,2
39503,39521,3,pv_pt,0,1,1,30,25,23,6,2,4.5,0,10,6,12,2,7,10,15,5,10,5,4,2,2,30,25,33,11,19,2,11,2,8.5,0,10,15,0,10,2,4,2,1,1,1,2
39503,39523,1,pv,1,1,1,30,25,23,2,4,1.5,10,10,0,12,2,7,5,5,5,5,5,4,2,3,30,25,28,5,19,2,7,4,5.5,0,5,5,10,10,3,4,2,1,1,1,2
39503,39523,3,pv_pt,0,1,1,30,25,23,2,4,1.5,10,10,0,12,2,7,5,5,5,5,5,4,2,3,30,25,28,5,19,2,7,4,5.5,0,5,5,10,10,3,4,2,1,1,1,2
39503,39526,1,pv,1,1,1,20,25,15,4,2,3.0,20,20,6,7,2,12,5,15,0,5,5,0,2,2,20,25,20,6,19,2,9,2,3.0,0,5,15,20,20,4,1,1,2,1,1,2
39503,39526,3,pv_pt,0,1,1,20,25,15,4,2,3.0,20,20,6,7,2,12,5,15,0,5,5,0,2,2,20,25,20,6,19,2,9,2,3.0,0,5,15,20,20,4,1,1,2,1,1,2
39503,39529,1,pv,1,1,1,20,25,18,2,2,1.75,10,10,0,7,7,7,5,10,5,10,0,2,2,3,20,25,28,5,14,7,2,2,3.75,0,5,10,10,10,5,1,1,2,1,1,2
39503,39529,3,pv_pt,0,1,1,20,25,18,2,2,1.75,10,10,0,7,7,7,5,10,5,10,0,2,2,3,20,25,28,5,14,7,2,2,3.75,0,5,10,10,10,5,1,1,2,1,1,2
39503,39531,1,pv,1,1,1,20,25,18,4,4,1.75,0,10,0,7,7,7,5,10,0,10,0,2,1,1,20,25,28,0,14,7,4,4,3.75,0,5,10,0,10,6,1,1,2,1,1,2
39503,39531,3,pv_pt,0,1,1,20,25,18,4,4,1.75,0,10,0,7,7,7,5,10,0,10,0,2,1,1,20,25,28,0,14,7,4,4,3.75,0,5,10,0,10,6,1,1,2,1,1,2
39503,39534,1,pv,1,1,1,30,30,26,2,0,1.75,10,0,0,2,7,2,10,15,0,15,10,0,3,1,30,30,41,0,4,7,12,0,1.75,0,10,15,10,0,7,2,2,2,2,1,2
39503,39534,3,pv_pt,0,1,1,30,30,26,2,0,1.75,10,0,0,2,7,2,10,15,0,15,10,0,3,1,30,30,41,0,4,7,12,0,1.75,0,10,15,10,0,7,2,2,2,2,1,2
39503,39537,1,pv,1,1,1,20,30,20,6,0,6.0,10,0,0,2,12,12,10,10,10,10,10,0,1,2,20,30,30,10,14,12,16,0,6.0,0,10,10,10,0,8,2,2,2,2,1,2
39503,39537,3,pv_pt,0,1,1,20,30,20,6,0,6.0,10,0,0,2,12,12,10,10,10,10,10,0,1,2,20,30,30,10,14,12,16,0,6.0,0,10,10,10,0,8,2,2,2,2,1,2
39503,39539,1,pv,1,1,1,25,25,22,4,2,3.5,0,20,6,7,7,7,5,10,0,10,0,2,2,2,25,25,32,6,14,7,4,2,5.5,0,5,10,0,20,9,2,2,2,2,1,2
39503,39539,3,pv_pt,0,1,1,25,25,22,4,2,3.5,0,20,6,7,7,7,5,10,0,10,0,2,2,2,25,25,32,6,14,7,4,2,5.5,0,5,10,0,20,9,2,2,2,2,1,2
39516,39520,1,pv,1,1,1,25,30,25,4,4,4.0,10,10,6,7,7,7,5,10,5,10,0,2,1,3,25,30,35,11,14,7,4,4,6.0,0,5,10,10,10,1,4,1,1,4,1,1
39516,39520,2,pt,0,1,1,25,30,25,4,4,4.0,10,10,6,7,7,7,5,10,5,10,0,2,1,3,25,30,35,11,14,7,4,4,6.0,0,5,10,10,10,1,4,1,1,4,1,1
39516,39522,1,pv,1,1,1,25,25,22,2,4,1.75,10,0,6,12,12,2,10,15,10,15,10,0,1,3,25,25,37,16,14,12,12,4,1.75,0,10,15,10,0,2,4,1,1,4,1,1
39516,39522,2,pt,0,1,1,25,25,22,2,4,1.75,10,0,6,12,12,2,10,15,10,15,10,0,1,3,25,25,37,16,14,12,12,4,1.75,0,10,15,10,0,2,4,1,1,4,1,1
39516,39524,1,pv,1,1,1,30,20,23,6,2,4.5,20,0,12,2,12,12,10,5,0,10,0,2,1,3,30,20,33,12,14,12,6,2,6.5,0,10,5,20,0,3,4,1,1,4,1,1
39516,39524,2,pt,0,1,1,30,20,23,6,2,4.5,20,0,12,2,12,12,10,5,0,10,0,2,1,3,30,20,33,12,14,12,6,2,6.5,0,10,5,20,0,3,4,1,1,4,1,1
39516,39528,1,pv,1,1,1,20,30,20,6,0,6.0,10,0,0,2,12,12,10,10,10,10,10,0,1,2,20,30,30,10,14,12,16,0,6.0,0,10,10,10,0,4,1,2,2,2,2,2
39516,39528,2,pt,0,1,1,20,30,20,6,0,6.0,10,0,0,2,12,12,10,10,10,10,10,0,1,2,20,30,30,10,14,12,16,0,6.0,0,10,10,10,0,4,1,2,2,2,2,2
39516,39530,1,pv,1,1,1,25,20,25,6,0,6.0,20,20,0,12,2,12,0,15,10,15,5,4,1,3,25,20,40,10,24,2,11,0,10.0,0,0,15,20,20,5,1,2,2,2,2,2
39516,39530,2,pt,0,1,1,25,20,25,6,0,6.0,20,20,0,12,2,12,0,15,10,15,5,4,1,3,25,20,40,10,24,2,11,0,10.0,0,0,15,20,20,5,1,2,2,2,2,2
39516,39532,1,pv,1,1,1,25,20,25,6,4,6.0,10,20,12,2,2,2,10,15,5,5,10,2,3,3,25,20,30,17,4,2,16,4,8.0,0,10,15,10,20,6,1,2,2,2,2,2
39516,39532,2,pt,0,1,1,25,20,25,6,4,6.0,10,20,12,2,2,2,10,15,5,5,10,2,3,3,25,20,30,17,4,2,16,4,8.0,0,10,15,10,20,6,1,2,2,2,2,2
39516,39536,1,pv,1,1,1,25,20,22,4,0,3.5,10,0,0,7,12,2,0,10,10,10,0,2,3,2,25,20,32,10,9,12,4,0,5.5,0,0,10,10,0,7,4,2,2,3,2,1
39516,39536,2,pt,0,1,1,25,20,22,4,0,3.5,10,0,0,7,12,2,0,10,10,10,0,2,3,2,25,20,32,10,9,12,4,0,5.5,0,0,10,10,0,7,4,2,2,3,2,1
39516,39538,1,pv,1,1,1,30,20,23,4,0,3.0,20,20,12,2,12,2,0,15,10,5,0,0,1,1,30,20,28,22,4,12,4,0,3.0,0,0,15,20,20,8,4,2,2,3,2,1
39516,39538,2,pt,0,1,1,30,20,23,4,0,3.0,20,20,12,2,12,2,0,15,10,5,0,0,1,1,30,20,28,22,4,12,4,0,3.0,0,0,15,20,20,8,4,2,2,3,2,1
39516,39540,1,pv,1,1,1,20,25,15,4,2,3.0,20,20,6,7,2,12,5,15,0,5,5,0,2,2,20,25,20,6,19,2,9,2,3.0,0,5,15,20,20,9,4,2,2,3,2,1
39516,39540,3,pv_pt,0,1,1,20,25,15,4,2,3.0,20,20,6,7,2,12,5,15,0,5,5,0,2,2,20,25,20,6,19,2,9,2,3.0,0,5,15,20,20,9,4,2,2,3,2,1
39541,39543,1,pv,1,1,1,20,20,15,2,2,1.5,20,10,6,7,2,12,10,5,5,15,5,4,3,1,20,20,30,11,19,2,7,2,5.5,0,10,5,20,10,1,2,2,1,4,2,1
39541,39543,3,pv_pt,0,1,1,20,20,15,2,2,1.5,20,10,6,7,2,12,10,5,5,15,5,4,3,1,20,20,30,11,19,2,7,2,5.5,0,10,5,20,10,1,2,2,1,4,2,1
39541,39544,1,pv,1,1,1,30,25,23,6,4,4.5,0,10,6,7,2,12,5,5,10,15,0,0,2,1,30,25,38,16,19,2,6,4,4.5,0,5,5,0,10,2,2,2,1,4,2,1
39541,39544,3,pv_pt,0,1,1,30,25,23,6,4,4.5,0,10,6,7,2,12,5,5,10,15,0,0,2,1,30,25,38,16,19,2,6,4,4.5,0,5,5,0,10,2,2,2,1,4,2,1
39541,39545,3,pv_pt,1,1,1,25,25,22,2,4,1.75,10,0,6,12,12,2,10,15,10,15,10,0,1,3,25,25,37,16,14,12,12,4,1.75,0,10,15,10,0,3,2,2,1,4,2,1
39541,39545,2,pt,1,1,0,25,25,22,2,4,1.75,10,0,6,12,12,2,10,15,10,15,10,0,1,3,25,25,37,16,14,12,12,4,1.75,0,10,15,10,0,3,2,2,1,4,2,1
39541,39547,1,pv,1,1,1,20,25,18,4,4,1.75,0,10,0,7,7,7,5,10,0,10,0,2,1,1,20,25,28,0,14,7,4,4,3.75,0,5,10,0,10,4,4,1,2,4,1,2
39541,39547,3,pv_pt,0,1,1,20,25,18,4,4,1.75,0,10,0,7,7,7,5,10,0,10,0,2,1,1,20,25,28,0,14,7,4,4,3.75,0,5,10,0,10,4,4,1,2,4,1,2
39541,39548,2,pt,1,1,1,20,30,15,6,2,4.5,0,20,0,2,12,7,0,5,0,5,10,2,3,3,20,30,20,0,9,12,16,2,6.5,0,0,5,0,20,5,4,1,2,4,1,2
39541,39548,1,pv,1,0,1,20,30,15,6,2,4.5,0,20,0,2,12,7,0,5,0,5,10,2,3,3,20,30,20,0,9,12,16,2,6.5,0,0,5,0,20,5,4,1,2,4,1,2
39541,39549,1,pv,1,1,1,25,25,22,4,2,3.5,0,20,6,7,7,7,5,10,0,10,0,2,2,2,25,25,32,6,14,7,4,2,5.5,0,5,10,0,20,6,4,1,2,4,1,2
39541,39549,3,pv_pt,0,1,1,25,25,22,4,2,3.5,0,20,6,7,7,7,5,10,0,10,0,2,2,2,25,25,32,6,14,7,4,2,5.5,0,5,10,0,20,6,4,1,2,4,1,2
39541,39551,1,pv,1,1,1,30,25,23,2,4,1.5,10,10,0,12,2,7,5,5,5,5,5,4,2,3,30,25,28,5,19,2,7,4,5.5,0,5,5,10,10,7,1,1,2,3,2,2
39541,39551,3,pv_pt,0,1,1,30,25,23,2,4,1.5,10,10,0,12,2,7,5,5,5,5,5,4,2,3,30,25,28,5,19,2,7,4,5.5,0,5,5,10,10,7,1,1,2,3,2,2
39541,39552,2,pt,1,1,1,20,25,18,2,0,1.75,0,0,12,2,7,12,0,15,5,5,5,4,2,1,20,25,23,17,14,7,7,0,5.75,0,0,15,0,0,8,1,1,2,3,2,2
39541,39552,1,pv,1,0,1,20,25,18,2,0,1.75,0,0,12,2,7,12,0,15,5,5,5,4,2,1,20,25,23,17,14,7,7,0,5.75,0,0,15,0,0,8,1,1,2,3,2,2
39541,39553,2,pt,1,1,1,30,25,23,6,2,4.5,0,10,6,12,2,7,10,15,5,10,5,4,2,2,30,25,33,11,19,2,11,2,8.5,0,10,15,0,10,9,1,1,2,3,2,2
39541,39553,3,pv_pt,1,0,1,30,25,23,6,2,4.5,0,10,6,12,2,7,10,15,5,10,5,4,2,2,30,25,33,11,19,2,11,2,8.5,0,10,15,0,10,9,1,1,2,3,2,2
39555,39583,2,pt,1,1,1,25,20,25,6,4,6.0,20,0,6,2,7,2,0,5,0,15,10,2,2,2,25,20,40,6,4,7,16,4,8.0,0,0,5,20,0,1,3,1,2,4,2,1
39555,39583,3,pv_pt,1,0,1,25,20,25,6,4,6.0,20,0,6,2,7,2,0,5,0,15,10,2,2,2,25,20,40,6,4,7,16,4,8.0,0,0,5,20,0,1,3,1,2,4,2,1
39555,39584,3,pv_pt,1,1,1,30,30,30,4,0,4.0,20,20,0,12,12,2,10,10,5,5,10,4,2,1,30,30,35,5,14,12,14,0,8.0,0,10,10,20,20,2,3,1,2,4,2,1
39555,39584,1,pv,1,1,0,30,30,30,4,0,4.0,20,20,0,12,12,2,10,10,5,5,10,4,2,1,30,30,35,5,14,12,14,0,8.0,0,10,10,20,20,2,3,1,2,4,2,1
39555,39585,1,pv,1,1,1,20,25,18,2,0,1.75,0,0,12,2,7,12,0,15,5,5,5,4,2,1,20,25,23,17,14,7,7,0,5.75,0,0,15,0,0,3,3,1,2,4,2,1
39555,39585,2,pt,0,1,1,20,25,18,2,0,1.75,0,0,12,2,7,12,0,15,5,5,5,4,2,1,20,25,23,17,14,7,7,0,5.75,0,0,15,0,0,3,3,1,2,4,2,1
39555,39587,1,pv,1,1,1,30,25,23,6,2,4.5,0,10,6,12,2,7,10,15,5,10,5,4,2,2,30,25,33,11,19,2,11,2,8.5,0,10,15,0,10,4,3,1,1,2,1,2
39555,39587,3,pv_pt,0,1,1,30,25,23,6,2,4.5,0,10,6,12,2,7,10,15,5,10,5,4,2,2,30,25,33,11,19,2,11,2,8.5,0,10,15,0,10,4,3,1,1,2,1,2
39555,39588,3,pv_pt,1,1,1,30,25,23,2,4,1.5,10,10,0,12,2,7,5,5,5,5,5,4,2,3,30,25,28,5,19,2,7,4,5.5,0,5,5,10,10,5,3,1,1,2,1,2
39555,39588,1,pv,1,1,0,30,25,23,2,4,1.5,10,10,0,12,2,7,5,5,5,5,5,4,2,3,30,25,28,5,19,2,7,4,5.5,0,5,5,10,10,5,3,1,1,2,1,2
39555,39589,2,pt,1,1,1,30,20,23,6,2,4.5,20,0,12,2,12,12,10,5,0,10,0,2,1,3,30,20,33,12,14,12,6,2,6.5,0,10,5,20,0,6,3,1,1,2,1,2
39555,39589,3,pv_pt,1,0,1,30,20,23,6,2,4.5,20,0,12,2,12,12,10,5,0,10,0,2,1,3,30,20,33,12,14,12,6,2,6.5,0,10,5,20,0,6,3,1,1,2,1,2
39555,39591,1,pv,1,1,1,30,20,30,2,0,2.0,0,10,12,12,7,12,5,10,0,15,10,0,3,3,30,20,45,12,24,7,12,0,2.0,0,5,10,0,10,7,4,1,2,1,1,1
39555,39591,3,pv_pt,0,1,1,30,20,30,2,0,2.0,0,10,12,12,7,12,5,10,0,15,10,0,3,3,30,20,45,12,24,7,12,0,2.0,0,5,10,0,10,7,4,1,2,1,1,1
39555,39592,3,pv_pt,1,1,1,25,20,25,6,0,6.0,20,20,0,12,2,12,0,15,10,15,5,4,1,3,25,20,40,10,24,2,11,0,10.0,0,0,15,20,20,8,4,1,2,1,1,1
39555,39592,1,pv,1,1,0,25,20,25,6,0,6.0,20,20,0,12,2,12,0,15,10,15,5,4,1,3,25,20,40,10,24,2,11,0,10.0,0,0,15,20,20,8,4,1,2,1,1,1
39555,39593,2,pt,1,1,1,20,30,20,6,0,6.0,10,0,0,2,12,12,10,10,10,10,10,0,1,2,20,30,30,10,14,12,16,0,6.0,0,10,10,10,0,9,4,1,2,1,1,1
39555,39593,3,pv_pt,1,0,1,20,30,20,6,0,6.0,10,0,0,2,12,12,10,10,10,10,10,0,1,2,20,30,30,10,14,12,16,0,6.0,0,10,10,10,0,9,4,1,2,1,1,1
39556,39559,2,pt,1,1,1,20,30,18,6,0,5.25,10,0,12,12,7,2,0,10,0,15,5,4,1,1,20,30,33,12,14,7,11,0,9.25,0,0,10,10,0,1,2,2,1,2,1,1
39556,39559,1,pv,1,0,1,20,30,18,6,0,5.25,10,0,12,12,7,2,0,10,0,15,5,4,1,1,20,30,33,12,14,7,11,0,9.25,0,0,10,10,0,1,2,2,1,2,1,1
39556,39560,2,pt,1,1,1,30,30,30,4,0,4.0,20,20,0,12,12,2,10,10,5,5,10,4,2,1,30,30,35,5,14,12,14,0,8.0,0,10,10,20,20,2,2,2,1,2,1,1
39556,39560,1,pv,1,0,1,30,30,30,4,0,4.0,20,20,0,12,12,2,10,10,5,5,10,4,2,1,30,30,35,5,14,12,14,0,8.0,0,10,10,20,20,2,2,2,1,2,1,1
39556,39561,2,pt,1,1,1,25,30,25,4,4,4.0,20,0,12,12,12,12,0,15,10,10,5,4,3,2,25,30,35,22,24,12,9,4,8.0,0,0,15,20,0,3,2,2,1,2,1,1
39556,39561,1,pv,1,0,1,25,30,25,4,4,4.0,20,0,12,12,12,12,0,15,10,10,5,4,3,2,25,30,35,22,24,12,9,4,8.0,0,0,15,20,0,3,2,2,1,2,1,1
39556,39563,2,pt,1,1,1,25,20,25,6,4,6.0,20,0,6,2,7,2,0,5,0,15,10,2,2,2,25,20,40,6,4,7,16,4,8.0,0,0,5,20,0,4,2,2,2,2,1,2
39556,39563,1,pv,1,0,1,25,20,25,6,4,6.0,20,0,6,2,7,2,0,5,0,15,10,2,2,2,25,20,40,6,4,7,16,4,8.0,0,0,5,20,0,4,2,2,2,2,1,2
39556,39564,1,pv,1,1,1,20,25,18,2,2,1.75,10,10,0,7,7,7,5,10,5,10,0,2,2,3,20,25,28,5,14,7,2,2,3.75,0,5,10,10,10,5,2,2,2,2,1,2
39556,39564,2,pt,0,1,1,20,25,18,2,2,1.75,10,10,0,7,7,7,5,10,5,10,0,2,2,3,20,25,28,5,14,7,2,2,3.75,0,5,10,10,10,5,2,2,2,2,1,2
39556,39565,1,pv,1,1,1,30,25,23,6,4,4.5,0,10,6,7,2,12,5,5,10,15,0,0,2,1,30,25,38,16,19,2,6,4,4.5,0,5,5,0,10,6,2,2,2,2,1,2
39556,39565,2,pt,0,1,1,30,25,23,6,4,4.5,0,10,6,7,2,12,5,5,10,15,0,0,2,1,30,25,38,16,19,2,6,4,4.5,0,5,5,0,10,6,2,2,2,2,1,2
39556,39567,1,pv,1,1,1,20,30,20,6,0,6.0,10,0,0,2,12,12,10,10,10,10,10,0,1,2,20,30,30,10,14,12,16,0,6.0,0,10,10,10,0,7,3,1,1,3,1,2
39556,39567,3,pv_pt,0,1,1,20,30,20,6,0,6.0,10,0,0,2,12,12,10,10,10,10,10,0,1,2,20,30,30,10,14,12,16,0,6.0,0,10,10,10,0,7,3,1,1,3,1,2
39556,39568,2,pt,1,1,1,20,25,18,2,0,1.75,0,0,12,2,7,12,0,15,5,5,5,4,2,1,20,25,23,17,14,7,7,0,5.75,0,0,15,0,0,8,3,1,1,3,1,2
39556,39568,1,pv,1,0,1,20,25,18,2,0,1.75,0,0,12,2,7,12,0,15,5,5,5,4,2,1,20,25,23,17,14,7,7,0,5.75,0,0,15,0,0,8,3,1,1,3,1,2
39556,39569,2,pt,1,1,1,25,25,22,2,4,1.75,10,0,6,12,12,2,10,15,10,15,10,0,1,3,25,25,37,16,14,12,12,4,1.75,0,10,15,10,0,9,3,1,1,3,1,2
39556,39569,1,pv,1,0,1,25,25,22,2,4,1.75,10,0,6,12,12,2,10,15,10,15,10,0,1,3,25,25,37,16,14,12,12,4,1.75,0,10,15,10,0,9,3,1,1,3,1,2
39620,39622,1,pv,1,1,1,25,20,25,6,4,6.0,10,20,12,2,2,2,10,15,5,5,10,2,3,3,25,20,30,17,4,2,16,4,8.0,0,10,15,10,20,1,2,2,1,2,1,1
39620,39622,3,pv_pt,0,1,1,25,20,25,6,4,6.0,10,20,12,2,2,2,10,15,5,5,10,2,3,3,25,20,30,17,4,2,16,4,8.0,0,10,15,10,20,1,2,2,1,2,1,1
39620,39623,3,pv_pt,1,1,1,20,20,15,2,2,1.5,20,10,6,7,2,12,10,5,5,15,5,4,3,1,20,20,30,11,19,2,7,2,5.5,0,10,5,20,10,2,2,2,1,2,1,1
39620,39623,1,pv,1,1,0,20,20,15,2,2,1.5,20,10,6,7,2,12,10,5,5,15,5,4,3,1,20,20,30,11,19,2,7,2,5.5,0,10,5,20,10,2,2,2,1,2,1,1
39620,39624,1,pv,1,1,1,20,25,18,2,0,1.75,0,0,12,2,7,12,0,15,5,5,5,4,2,1,20,25,23,17,14,7,7,0,5.75,0,0,15,0,0,3,2,2,1,2,1,1
39620,39624,3,pv_pt,0,1,1,20,25,18,2,0,1.75,0,0,12,2,7,12,0,15,5,5,5,4,2,1,20,25,23,17,14,7,7,0,5.75,0,0,15,0,0,3,2,2,1,2,1,1
39620,39626,1,pv,1,1,1,30,30,26,2,0,1.75,10,0,0,2,7,2,10,15,0,15,10,0,3,1,30,30,41,0,4,7,12,0,1.75,0,10,15,10,0,4,3,2,2,1,2,2
39620,39626,2,pt,0,1,1,30,30,26,2,0,1.75,10,0,0,2,7,2,10,15,0,15,10,0,3,1,30,30,41,0,4,7,12,0,1.75,0,10,15,10,0,4,3,2,2,1,2,2
39620,39627,2,pt,1,1,1,25,20,25,6,4,6.0,20,0,6,2,7,2,0,5,0,15,10,2,2,2,25,20,40,6,4,7,16,4,8.0,0,0,5,20,0,5,3,2,2,1,2,2
39620,39627,1,pv,1,0,1,25,20,25,6,4,6.0,20,0,6,2,7,2,0,5,0,15,10,2,2,2,25,20,40,6,4,7,16,4,8.0,0,0,5,20,0,5,3,2,2,1,2,2
39620,39628,1,pv,1,1,1,20,25,18,4,4,1.75,0,10,0,7,7,7,5,10,0,10,0,2,1,1,20,25,28,0,14,7,4,4,3.75,0,5,10,0,10,6,3,2,2,1,2,2
39620,39628,3,pv_pt,0,1,1,20,25,18,4,4,1.75,0,10,0,7,7,7,5,10,0,10,0,2,1,1,20,25,28,0,14,7,4,4,3.75,0,5,10,0,10,6,3,2,2,1,2,2
39620,39630,2,pt,1,1,1,30,20,23,4,0,3.0,20,20,12,2,12,2,0,15,10,5,0,0,1,1,30,20,28,22,4,12,4,0,3.0,0,0,15,20,20,7,3,1,1,3,1,2
39620,39630,3,pv_pt,1,0,1,30,20,23,4,0,3.0,20,20,12,2,12,2,0,15,10,5,0,0,1,1,30,20,28,22,4,12,4,0,3.0,0,0,15,20,20,7,3,1,1,3,1,2
39620,39631,1,pv,1,1,1,20,25,18,2,2,1.75,10,10,0,7,7,7,5,10,5,10,0,2,2,3,20,25,28,5,14,7,2,2,3.75,0,5,10,10,10,8,3,1,1,3,1,2
39620,39631,3,pv_pt,0,1,1,20,25,18,2,2,1.75,10,10,0,7,7,7,5,10,5,10,0,2,2,3,20,25,28,5,14,7,2,2,3.75,0,5,10,10,10,8,3,1,1,3,1,2
39620,39632,1,pv,1,1,1,20,25,15,4,2,3.0,20,20,6,7,2,12,5,15,0,5,5,0,2,2,20,25,20,6,19,2,9,2,3.0,0,5,15,20,20,9,3,1,1,3,1,2
39620,39632,3,pv_pt,0,1,1,20,25,15,4,2,3.0,20,20,6,7,2,12,5,15,0,5,5,0,2,2,20,25,20,6,19,2,9,2,3.0,0,5,15,20,20,9,3,1,1,3,1,2
39699,39701,2,pt,1,1,1,25,30,25,4,4,4.0,20,0,12,12,12,12,0,15,10,10,5,4,3,2,25,30,35,22,24,12,9,4,8.0,0,0,15,20,0,1,3,1,2,2,1,1
39699,39701,1,pv,1,0,1,25,30,25,4,4,4.0,20,0,12,12,12,12,0,15,10,10,5,4,3,2,25,30,35,22,24,12,9,4,8.0,0,0,15,20,0,1,3,1,2,2,1,1
39699,39702,3,pv_pt,1,1,1,25,30,25,4,4,4.0,10,10,6,7,7,7,5,10,5,10,0,2,1,3,25,30,35,11,14,7,4,4,6.0,0,5,10,10,10,2,3,1,2,2,1,1
39699,39702,2,pt,1,1,0,25,30,25,4,4,4.0,10,10,6,7,7,7,5,10,5,10,0,2,1,3,25,30,35,11,14,7,4,4,6.0,0,5,10,10,10,2,3,1,2,2,1,1
39699,39703,3,pv_pt,1,1,1,25,25,22,4,2,3.5,0,20,6,7,7,7,5,10,0,10,0,2,2,2,25,25,32,6,14,7,4,2,5.5,0,5,10,0,20,3,3,1,2,2,1,1
39699,39703,1,pv,1,1,0,25,25,22,4,2,3.5,0,20,6,7,7,7,5,10,0,10,0,2,2,2,25,25,32,6,14,7,4,2,5.5,0,5,10,0,20,3,3,1,2,2,1,1
39699,39705,2,pt,1,1,1,30,30,26,2,4,1.75,0,20,12,2,12,7,0,5,10,15,10,4,1,2,30,30,41,22,9,12,12,4,5.75,0,0,5,0,20,4,4,1,1,2,2,2
39699,39705,3,pv_pt,1,0,1,30,30,26,2,4,1.75,0,20,12,2,12,7,0,5,10,15,10,4,1,2,30,30,41,22,9,12,12,4,5.75,0,0,5,0,20,4,4,1,1,2,2,2
39699,39706,1,pv,1,1,1,20,30,20,6,0,6.0,10,0,0,2,12,12,10,10,10,10,10,0,1,2,20,30,30,10,14,12,16,0,6.0,0,10,10,10,0,5,4,1,1,2,2,2
39699,39706,3,pv_pt,0,1,1,20,30,20,6,0,6.0,10,0,0,2,12,12,10,10,10,10,10,0,1,2,20,30,30,10,14,12,16,0,6.0,0,10,10,10,0,5,4,1,1,2,2,2
39699,39707,3,pv_pt,1,1,1,30,25,23,6,2,4.5,0,10,6,12,2,7,10,15,5,10,5,4,2,2,30,25,33,11,19,2,11,2,8.5,0,10,15,0,10,6,4,1,1,2,2,2
39699,39707,1,pv,1,1,0,30,25,23,6,2,4.5,0,10,6,12,2,7,10,15,5,10,5,4,2,2,30,25,33,11,19,2,11,2,8.5,0,10,15,0,10,6,4,1,1,2,2,2
39699,39709,3,pv_pt,1,1,1,20,30,20,4,2,4.0,0,10,12,12,2,2,10,5,10,5,5,0,3,1,20,30,25,22,14,2,9,2,4.0,0,10,5,0,10,7,1,1,2,1,1,2
39699,39709,2,pt,1,1,0,20,30,20,4,2,4.0,0,10,12,12,2,2,10,5,10,5,5,0,3,1,20,30,25,22,14,2,9,2,4.0,0,10,5,0,10,7,1,1,2,1,1,2
39699,39710,3,pv_pt,1,1,1,20,25,18,2,0,1.75,0,0,12,2,7,12,0,15,5,5,5,4,2,1,20,25,23,17,14,7,7,0,5.75,0,0,15,0,0,8,1,1,2,1,1,2
39699,39710,2,pt,1,1,0,20,25,18,2,0,1.75,0,0,12,2,7,12,0,15,5,5,5,4,2,1,20,25,23,17,14,7,7,0,5.75,0,0,15,0,0,8,1,1,2,1,1,2
39699,39711,1,pv,1,1,1,30,20,30,2,0,2.0,0,10,12,12,7,12,5,10,0,15,10,0,3,3,30,20,45,12,24,7,12,0,2.0,0,5,10,0,10,9,1,1,2,1,1,2
39699,39711,2,pt,0,1,1,30,20,30,2,0,2.0,0,10,12,12,7,12,5,10,0,15,10,0,3,3,30,20,45,12,24,7,12,0,2.0,0,5,10,0,10,9,1,1,2,1,1,2
39778,39780,2,pt,1,1,1,25,25,22,2,2,1.75,20,20,6,7,2,7,5,5,5,5,0,0,3,2,25,25,27,11,14,2,2,2,1.75,0,5,5,20,20,1,1,2,1,1,1,1
39778,39780,1,pv,1,0,1,25,25,22,2,2,1.75,20,20,6,7,2,7,5,5,5,5,0,0,3,2,25,25,27,11,14,2,2,2,1.75,0,5,5,20,20,1,1,2,1,1,1,1
39778,39781,2,pt,1,1,1,30,20,30,2,0,2.0,0,10,12,12,7,12,5,10,0,15,10,0,3,3,30,20,45,12,24,7,12,0,2.0,0,5,10,0,10,2,1,2,1,1,1,1
39778,39781,1,pv,1,0,1,30,20,30,2,0,2.0,0,10,12,12,7,12,5,10,0,15,10,0,3,3,30,20,45,12,24,7,12,0,2.0,0,5,10,0,10,2,1,2,1,1,1,1
39778,39782,3,pv_pt,1,1,1,30,25,23,6,4,4.5,0,10,6,7,2,12,5,5,10,15,0,0,2,1,30,25,38,16,19,2,6,4,4.5,0,5,5,0,10,3,1,2,1,1,1,1
39778,39782,1,pv,1,1,0,30,25,23,6,4,4.5,0,10,6,7,2,12,5,5,10,15,0,0,2,1,30,25,38,16,19,2,6,4,4.5,0,5,5,0,10,3,1,2,1,1,1,1
39778,39784,3,pv_pt,1,1,1,25,25,22,4,2,3.5,0,20,6,7,7,7,5,10,0,10,0,2,2,2,25,25,32,6,14,7,4,2,5.5,0,5,10,0,20,4,1,1,1,3,2,1
39778,39784,1,pv,1,1,0,25,25,22,4,2,3.5,0,20,6,7,7,7,5,10,0,10,0,2,2,2,25,25,32,6,14,7,4,2,5.5,0,5,10,0,20,4,1,1,1,3,2,1
39778,39785,2,pt,1,1,1,30,30,26,2,0,1.75,10,0,0,2,7,2,10,15,0,15,10,0,3,1,30,30,41,0,4,7,12,0,1.75,0,10,15,10,0,5,1,1,1,3,2,1
39778,39785,1,pv,1,0,1,30,30,26,2,0,1.75,10,0,0,2,7,2,10,15,0,15,10,0,3,1,30,30,41,0,4,7,12,0,1.75,0,10,15,10,0,5,1,1,1,3,2,1
39778,39786,2,pt,1,1,1,20,25,18,4,4,1.75,0,10,0,7,7,7,5,10,0,10,0,2,1,1,20,25,28,0,14,7,4,4,3.75,0,5,10,0,10,6,1,1,1,3,2,1
39778,39786,1,pv,1,0,1,20,25,18,4,4,1.75,0,10,0,7,7,7,5,10,0,10,0,2,1,1,20,25,28,0,14,7,4,4,3.75,0,5,10,0,10,6,1,1,1,3,2,1
39778,39788,3,pv_pt,1,1,1,25,25,22,2,4,1.75,10,0,6,12,12,2,10,15,10,15,10,0,1,3,25,25,37,16,14,12,12,4,1.75,0,10,15,10,0,7,4,2,2,2,2,1
39778,39788,2,pt,1,1,0,25,25,22,2,4,1.75,10,0,6,12,12,2,10,15,10,15,10,0,1,3,25,25,37,16,14,12,12,4,1.75,0,10,15,10,0,7,4,2,2,2,2,1
39778,39789,2,pt,1,1,1,20,30,20,4,2,4.0,0,10,12,12,2,2,10,5,10,5,5,0,3,1,20,30,25,22,14,2,9,2,4.0,0,10,5,0,10,8,4,2,2,2,2,1
39778,39789,1,pv,1,0,1,20,30,20,4,2,4.0,0,10,12,12,2,2,10,5,10,5,5,0,3,1,20,30,25,22,14,2,9,2,4.0,0,10,5,0,10,8,4,2,2,2,2,1
39778,39790,2,pt,1,1,1,30,20,23,4,0,3.0,20,20,12,2,12,2,0,15,10,5,0,0,1,1,30,20,28,22,4,12,4,0,3.0,0,0,15,20,20,9,4,2,2,2,2,1
39778,39790,1,pv,1,0,1,30,20,23,4,0,3.0,20,20,12,2,12,2,0,15,10,5,0,0,1,1,30,20,28,22,4,12,4,0,3.0,0,0,15,20,20,9,4,2,2,2,2,1
40013,40015,2,pt,1,1,1,25,25,22,4,2,3.5,0,20,6,7,7,7,5,10,0,10,0,2,2,2,25,25,32,6,14,7,4,2,5.5,0,5,10,0,20,1,4,2,2,3,2,1
40013,40015,1,pv,1,0,1,25,25,22,4,2,3.5,0,20,6,7,7,7,5,10,0,10,0,2,2,2,25,25,32,6,14,7,4,2,5.5,0,5,10,0,20,1,4,2,2,3,2,1
40013,40016,2,pt,1,1,1,25,30,25,4,4,4.0,20,0,12,12,12,12,0,15,10,10,5,4,3,2,25,30,35,22,24,12,9,4,8.0,0,0,15,20,0,2,4,2,2,3,2,1
40013,40016,1,pv,1,0,1,25,30,25,4,4,4.0,20,0,12,12,12,12,0,15,10,10,5,4,3,2,25,30,35,22,24,12,9,4,8.0,0,0,15,20,0,2,4,2,2,3,2,1
40013,40017,3,pv_pt,1,1,1,20,25,15,4,2,3.0,20,20,6,7,2,12,5,15,0,5,5,0,2,2,20,25,20,6,19,2,9,2,3.0,0,5,15,20,20,3,4,2,2,3,2,1
40013,40017,2,pt,1,1,0,20,25,15,4,2,3.0,20,20,6,7,2,12,5,15,0,5,5,0,2,2,20,25,20,6,19,2,9,2,3.0,0,5,15,20,20,3,4,2,2,3,2,1
40013,40019,1,pv,1,1,1,25,30,25,4,4,4.0,10,10,6,7,7,7,5,10,5,10,0,2,1,3,25,30,35,11,14,7,4,4,6.0,0,5,10,10,10,4,2,2,1,4,2,1
40013,40019,2,pt,0,1,1,25,30,25,4,4,4.0,10,10,6,7,7,7,5,10,5,10,0,2,1,3,25,30,35,11,14,7,4,4,6.0,0,5,10,10,10,4,2,2,1,4,2,1
40013,40020,2,pt,1,1,1,25,20,25,6,4,6.0,10,20,12,2,2,2,10,15,5,5,10,2,3,3,25,20,30,17,4,2,16,4,8.0,0,10,15,10,20,5,2,2,1,4,2,1
40013,40020,3,pv_pt,1,0,1,25,20,25,6,4,6.0,10,20,12,2,2,2,10,15,5,5,10,2,3,3,25,20,30,17,4,2,16,4,8.0,0,10,15,10,20,5,2,2,1,4,2,1
40013,40021,2,pt,1,1,1,20,30,15,6,2,4.5,0,20,0,2,12,7,0,5,0,5,10,2,3,3,20,30,20,0,9,12,16,2,6.5,0,0,5,0,20,6,2,2,1,4,2,1
40013,40021,3,pv_pt,1,0,1,20,30,15,6,2,4.5,0,20,0,2,12,7,0,5,0,5,10,2,3,3,20,30,20,0,9,12,16,2,6.5,0,0,5,0,20,6,2,2,1,4,2,1
40013,40023,2,pt,1,1,1,30,20,23,6,2,4.5,20,0,12,2,12,12,10,5,0,10,0,2,1,3,30,20,33,12,14,12,6,2,6.5,0,10,5,20,0,7,2,1,2,1,2,1
40013,40023,3,pv_pt,1,0,1,30,20,23,6,2,4.5,20,0,12,2,12,12,10,5,0,10,0,2,1,3,30,20,33,12,14,12,6,2,6.5,0,10,5,20,0,7,2,1,2,1,2,1
40013,40024,2,pt,1,1,1,30,30,26,2,0,1.75,10,0,0,2,7,2,10,15,0,15,10,0,3,1,30,30,41,0,4,7,12,0,1.75,0,10,15,10,0,8,2,1,2,1,2,1
40013,40024,3,pv_pt,1,0,1,30,30,26,2,0,1.75,10,0,0,2,7,2,10,15,0,15,10,0,3,1,30,30,41,0,4,7,12,0,1.75,0,10,15,10,0,8,2,1,2,1,2,1
40013,40025,3,pv_pt,1,1,1,25,25,22,2,2,1.75,20,20,6,7,2,7,5,5,5,5,0,0,3,2,25,25,27,11,14,2,2,2,1.75,0,5,5,20,20,9,2,1,2,1,2,1
40013,40025,1,pv,1,1,0,25,25,22,2,2,1.75,20,20,6,7,2,7,5,5,5,5,0,0,3,2,25,25,27,11,14,2,2,2,1.75,0,5,5,20,20,9,2,1,2,1,2,1
40040,40055,1,pv,1,1,1,20,25,18,2,0,1.75,0,0,12,2,7,12,0,15,5,5,5,4,2,1,20,25,23,17,14,7,7,0,5.75,0,0,15,0,0,1,3,2,2,1,2,2
40040,40055,2,pt,0,1,1,20,25,18,2,0,1.75,0,0,12,2,7,12,0,15,5,5,5,4,2,1,20,25,23,17,14,7,7,0,5.75,0,0,15,0,0,1,3,2,2,1,2,2
40040,40056,1,pv,1,1,1,20,20,15,2,2,1.5,20,10,6,7,2,12,10,5,5,15,5,4,3,1,20,20,30,11,19,2,7,2,5.5,0,10,5,20,10,2,3,2,2,1,2,2
40040,40056,2,pt,0,1,1,20,20,15,2,2,1.5,20,10,6,7,2,12,10,5,5,15,5,4,3,1,20,20,30,11,19,2,7,2,5.5,0,10,5,20,10,2,3,2,2,1,2,2
40040,40057,1,pv,1,1,1,20,25,15,4,2,3.0,20,20,6,7,2,12,5,15,0,5,5,0,2,2,20,25,20,6,19,2,9,2,3.0,0,5,15,20,20,3,3,2,2,1,2,2
40040,40057,3,pv_pt,0,1,1,20,25,15,4,2,3.0,20,20,6,7,2,12,5,15,0,5,5,0,2,2,20,25,20,6,19,2,9,2,3.0,0,5,15,20,20,3,3,2,2,1,2,2
40040,40059,1,pv,1,1,1,20,30,20,4,2,4.0,0,10,12,12,2,2,10,5,10,5,5,0,3,1,20,30,25,22,14,2,9,2,4.0,0,10,5,0,10,4,2,1,2,1,2,1
40040,40059,3,pv_pt,0,1,1,20,30,20,4,2,4.0,0,10,12,12,2,2,10,5,10,5,5,0,3,1,20,30,25,22,14,2,9,2,4.0,0,10,5,0,10,4,2,1,2,1,2,1
40040,40060,1,pv,1,1,1,30,20,30,2,0,2.0,0,10,12,12,7,12,5,10,0,15,10,0,3,3,30,20,45,12,24,7,12,0,2.0,0,5,10,0,10,5,2,1,2,1,2,1
40040,40060,2,pt,0,1,1,30,20,30,2,0,2.0,0,10,12,12,7,12,5,10,0,15,10,0,3,3,30,20,45,12,24,7,12,0,2.0,0,5,10,0,10,5,2,1,2,1,2,1
40040,40061,1,pv,1,1,1,25,25,22,2,4,1.75,10,0,6,12,12,2,10,15,10,15,10,0,1,3,25,25,37,16,14,12,12,4,1.75,0,10,15,10,0,6,2,1,2,1,2,1
40040,40061,2,pt,0,1,1,25,25,22,2,4,1.75,10,0,6,12,12,2,10,15,10,15,10,0,1,3,25,25,37,16,14,12,12,4,1.75,0,10,15,10,0,6,2,1,2,1,2,1
40040,40063,1,pv,1,1,1,25,25,22,4,2,3.5,0,20,6,7,7,7,5,10,0,10,0,2,2,2,25,25,32,6,14,7,4,2,5.5,0,5,10,0,20,7,3,1,2,2,1,1
40040,40063,3,pv_pt,0,1,1,25,25,22,4,2,3.5,0,20,6,7,7,7,5,10,0,10,0,2,2,2,25,25,32,6,14,7,4,2,5.5,0,5,10,0,20,7,3,1,2,2,1,1
40040,40064,1,pv,1,1,1,20,25,18,4,4,1.75,0,10,0,7,7,7,5,10,0,10,0,2,1,1,20,25,28,0,14,7,4,4,3.75,0,5,10,0,10,8,3,1,2,2,1,1
40040,40064,3,pv_pt,0,1,1,20,25,18,4,4,1.75,0,10,0,7,7,7,5,10,0,10,0,2,1,1,20,25,28,0,14,7,4,4,3.75,0,5,10,0,10,8,3,1,2,2,1,1
40040,40065,1,pv,1,1,1,20,30,15,6,2,4.5,0,20,0,2,12,7,0,5,0,5,10,2,3,3,20,30,20,0,9,12,16,2,6.5,0,0,5,0,20,9,3,1,2,2,1,1
40040,40065,3,pv_pt,0,1,1,20,30,15,6,2,4.5,0,20,0,2,12,7,0,5,0,5,10,2,3,3,20,30,20,0,9,12,16,2,6.5,0,0,5,0,20,9,3,1,2,2,1,1
40066,40068,3,pv_pt,1,1,1,25,20,25,6,4,6.0,10,20,12,2,2,2,10,15,5,5,10,2,3,3,25,20,30,17,4,2,16,4,8.0,0,10,15,10,20,1,4,1,2,1,1,1
40066,40068,1,pv,1,1,0,25,20,25,6,4,6.0,10,20,12,2,2,2,10,15,5,5,10,2,3,3,25,20,30,17,4,2,16,4,8.0,0,10,15,10,20,1,4,1,2,1,1,1
40066,40069,1,pv,1,1,1,20,25,15,4,2,3.0,20,20,6,7,2,12,5,15,0,5,5,0,2,2,20,25,20,6,19,2,9,2,3.0,0,5,15,20,20,2,4,1,2,1,1,1
40066,40069,3,pv_pt,0,1,1,20,25,15,4,2,3.0,20,20,6,7,2,12,5,15,0,5,5,0,2,2,20,25,20,6,19,2,9,2,3.0,0,5,15,20,20,2,4,1,2,1,1,1
40066,40070,1,pv,1,1,1,25,20,22,4,0,3.5,10,0,0,7,12,2,0,10,10,10,0,2,3,2,25,20,32,10,9,12,4,0,5.5,0,0,10,10,0,3,4,1,2,1,1,1
40066,40070,2,pt,0,1,1,25,20,22,4,0,3.5,10,0,0,7,12,2,0,10,10,10,0,2,3,2,25,20,32,10,9,12,4,0,5.5,0,0,10,10,0,3,4,1,2,1,1,1
40066,40072,2,pt,1,1,1,30,20,30,2,0,2.0,0,10,12,12,7,12,5,10,0,15,10,0,3,3,30,20,45,12,24,7,12,0,2.0,0,5,10,0,10,4,1,2,2,4,1,1
40066,40072,3,pv_pt,1,0,1,30,20,30,2,0,2.0,0,10,12,12,7,12,5,10,0,15,10,0,3,3,30,20,45,12,24,7,12,0,2.0,0,5,10,0,10,4,1,2,2,4,1,1
40066,40073,1,pv,1,1,1,20,25,18,4,4,1.75,0,10,0,7,7,7,5,10,0,10,0,2,1,1,20,25,28,0,14,7,4,4,3.75,0,5,10,0,10,5,1,2,2,4,1,1
40066,40073,3,pv_pt,0,1,1,20,25,18,4,4,1.75,0,10,0,7,7,7,5,10,0,10,0,2,1,1,20,25,28,0,14,7,4,4,3.75,0,5,10,0,10,5,1,2,2,4,1,1
40066,40074,2,pt,1,1,1,25,25,22,2,4,1.75,10,0,6,12,12,2,10,15,10,15,10,0,1,3,25,25,37,16,14,12,12,4,1.75,0,10,15,10,0,6,1,2,2,4,1,1
40066,40074,1,pv,1,0,1,25,25,22,2,4,1.75,10,0,6,12,12,2,10,15,10,15,10,0,1,3,25,25,37,16,14,12,12,4,1.75,0,10,15,10,0,6,1,2,2,4,1,1
40066,40076,3,pv_pt,1,1,1,20,20,15,2,2,1.5,20,10,6,7,2,12,10,5,5,15,5,4,3,1,20,20,30,11,19,2,7,2,5.5,0,10,5,20,10,7,4,1,1,4,1,1
40066,40076,1,pv,1,1,0,20,20,15,2,2,1.5,20,10,6,7,2,12,10,5,5,15,5,4,3,1,20,20,30,11,19,2,7,2,5.5,0,10,5,20,10,7,4,1,1,4,1,1
40066,40077,2,pt,1,1,1,20,30,18,6,0,5.25,10,0,12,12,7,2,0,10,0,15,5,4,1,1,20,30,33,12,14,7,11,0,9.25,0,0,10,10,0,8,4,1,1,4,1,1
40066,40077,3,pv_pt,1,0,1,20,30,18,6,0,5.25,10,0,12,12,7,2,0,10,0,15,5,4,1,1,20,30,33,12,14,7,11,0,9.25,0,0,10,10,0,8,4,1,1,4,1,1
40066,40078,3,pv_pt,1,1,1,20,30,15,6,2,4.5,0,20,0,2,12,7,0,5,0,5,10,2,3,3,20,30,20,0,9,12,16,2,6.5,0,0,5,0,20,9,4,1,1,4,1,1
40066,40078,1,pv,1,1,0,20,30,15,6,2,4.5,0,20,0,2,12,7,0,5,0,5,10,2,3,3,20,30,20,0,9,12,16,2,6.5,0,0,5,0,20,9,4,1,1,4,1,1
40092,40094,2,pt,1,1,1,20,30,20,6,0,6.0,10,0,0,2,12,12,10,10,10,10,10,0,1,2,20,30,30,10,14,12,16,0,6.0,0,10,10,10,0,1,1,2,2,4,1,1
40092,40094,1,pv,1,0,1,20,30,20,6,0,6.0,10,0,0,2,12,12,10,10,10,10,10,0,1,2,20,30,30,10,14,12,16,0,6.0,0,10,10,10,0,1,1,2,2,4,1,1
40092,40095,2,pt,1,1,1,30,30,26,2,4,1.75,0,20,12,2,12,7,0,5,10,15,10,4,1,2,30,30,41,22,9,12,12,4,5.75,0,0,5,0,20,2,1,2,2,4,1,1
40092,40095,1,pv,1,0,1,30,30,26,2,4,1.75,0,20,12,2,12,7,0,5,10,15,10,4,1,2,30,30,41,22,9,12,12,4,5.75,0,0,5,0,20,2,1,2,2,4,1,1
40092,40096,2,pt,1,1,1,30,20,23,4,0,3.0,20,20,12,2,12,2,0,15,10,5,0,0,1,1,30,20,28,22,4,12,4,0,3.0,0,0,15,20,20,3,1,2,2,4,1,1
40092,40096,1,pv,1,0,1,30,20,23,4,0,3.0,20,20,12,2,12,2,0,15,10,5,0,0,1,1,30,20,28,22,4,12,4,0,3.0,0,0,15,20,20,3,1,2,2,4,1,1
40092,40098,2,pt,1,1,1,25,20,25,6,0,6.0,20,20,0,12,2,12,0,15,10,15,5,4,1,3,25,20,40,10,24,2,11,0,10.0,0,0,15,20,20,4,3,2,1,4,2,2
40092,40098,1,pv,1,0,1,25,20,25,6,0,6.0,20,20,0,12,2,12,0,15,10,15,5,4,1,3,25,20,40,10,24,2,11,0,10.0,0,0,15,20,20,4,3,2,1,4,2,2
40092,40099,2,pt,1,1,1,20,25,18,2,2,1.75,10,10,0,7,7,7,5,10,5,10,0,2,2,3,20,25,28,5,14,7,2,2,3.75,0,5,10,10,10,5,3,2,1,4,2,2
40092,40099,1,pv,1,0,1,20,25,18,2,2,1.75,10,10,0,7,7,7,5,10,5,10,0,2,2,3,20,25,28,5,14,7,2,2,3.75,0,5,10,10,10,5,3,2,1,4,2,2
40092,40100,1,pv,1,1,1,25,30,25,4,4,4.0,10,10,6,7,7,7,5,10,5,10,0,2,1,3,25,30,35,11,14,7,4,4,6.0,0,5,10,10,10,6,3,2,1,4,2,2
40092,40100,2,pt,0,1,1,25,30,25,4,4,4.0,10,10,6,7,7,7,5,10,5,10,0,2,1,3,25,30,35,11,14,7,4,4,6.0,0,5,10,10,10,6,3,2,1,4,2,2
40092,40102,2,pt,1,1,1,25,25,22,2,2,1.75,20,20,6,7,2,7,5,5,5,5,0,0,3,2,25,25,27,11,14,2,2,2,1.75,0,5,5,20,20,7,3,1,2,2,1,1
40092,40102,3,pv_pt,1,0,1,25,25,22,2,2,1.75,20,20,6,7,2,7,5,5,5,5,0,0,3,2,25,25,27,11,14,2,2,2,1.75,0,5,5,20,20,7,3,1,2,2,1,1
40092,40103,2,pt,1,1,1,20,20,15,2,2,1.5,20,10,6,7,2,12,10,5,5,15,5,4,3,1,20,20,30,11,19,2,7,2,5.5,0,10,5,20,10,8,3,1,2,2,1,1
40092,40103,1,pv,1,0,1,20,20,15,2,2,1.5,20,10,6,7,2,12,10,5,5,15,5,4,3,1,20,20,30,11,19,2,7,2,5.5,0,10,5,20,10,8,3,1,2,2,1,1
40092,40104,3,pv_pt,1,1,1,20,30,20,4,2,4.0,0,10,12,12,2,2,10,5,10,5,5,0,3,1,20,30,25,22,14,2,9,2,4.0,0,10,5,0,10,9,3,1,2,2,1,1
40092,40104,1,pv,1,1,0,20,30,20,4,2,4.0,0,10,12,12,2,2,10,5,10,5,5,0,3,1,20,30,25,22,14,2,9,2,4.0,0,10,5,0,10,9,3,1,2,2,1,1
40131,40133,1,pv,1,1,1,20,25,18,2,0,1.75,0,0,12,2,7,12,0,15,5,5,5,4,2,1,20,25,23,17,14,7,7,0,5.75,0,0,15,0,0,1,4,2,1,3,2,2
40131,40133,2,pt,0,1,1,20,25,18,2,0,1.75,0,0,12,2,7,12,0,15,5,5,5,4,2,1,20,25,23,17,14,7,7,0,5.75,0,0,15,0,0,1,4,2,1,3,2,2
40131,40134,1,pv,1,1,1,20,30,15,6,2,4.5,0,20,0,2,12,7,0,5,0,5,10,2,3,3,20,30,20,0,9,12,16,2,6.5,0,0,5,0,20,2,4,2,1,3,2,2
40131,40134,2,pt,0,1,1,20,30,15,6,2,4.5,0,20,0,2,12,7,0,5,0,5,10,2,3,3,20,30,20,0,9,12,16,2,6.5,0,0,5,0,20,2,4,2,1,3,2,2
40131,40135,1,pv,1,1,1,30,30,26,2,4,1.75,0,20,12,2,12,7,0,5,10,15,10,4,1,2,30,30,41,22,9,12,12,4,5.75,0,0,5,0,20,3,4,2,1,3,2,2
40131,40135,2,pt,0,1,1,30,30,26,2,4,1.75,0,20,12,2,12,7,0,5,10,15,10,4,1,2,30,30,41,22,9,12,12,4,5.75,0,0,5,0,20,3,4,2,1,3,2,2
40131,40137,1,pv,1,1,1,20,25,18,2,2,1.75,10,10,0,7,7,7,5,10,5,10,0,2,2,3,20,25,28,5,14,7,2,2,3.75,0,5,10,10,10,4,1,2,1,1,1,1
40131,40137,2,pt,0,1,1,20,25,18,2,2,1.75,10,10,0,7,7,7,5,10,5,10,0,2,2,3,20,25,28,5,14,7,2,2,3.75,0,5,10,10,10,4,1,2,1,1,1,1
40131,40138,1,pv,1,1,1,30,20,23,6,2,4.5,20,0,12,2,12,12,10,5,0,10,0,2,1,3,30,20,33,12,14,12,6,2,6.5,0,10,5,20,0,5,1,2,1,1,1,1
40131,40138,2,pt,0,1,1,30,20,23,6,2,4.5,20,0,12,2,12,12,10,5,0,10,0,2,1,3,30,20,33,12,14,12,6,2,6.5,0,10,5,20,0,5,1,2,1,1,1,1
40131,40139,1,pv,1,1,1,20,20,15,2,2,1.5,20,10,6,7,2,12,10,5,5,15,5,4,3,1,20,20,30,11,19,2,7,2,5.5,0,10,5,20,10,6,1,2,1,1,1,1
40131,40139,2,pt,0,1,1,20,20,15,2,2,1.5,20,10,6,7,2,12,10,5,5,15,5,4,3,1,20,20,30,11,19,2,7,2,5.5,0,10,5,20,10,6,1,2,1,1,1,1
40131,40141,1,pv,1,1,1,20,25,15,4,2,3.0,20,20,6,7,2,12,5,15,0,5,5,0,2,2,20,25,20,6,19,2,9,2,3.0,0,5,15,20,20,7,3,2,2,1,2,2
40131,40141,2,pt,0,1,1,20,25,15,4,2,3.0,20,20,6,7,2,12,5,15,0,5,5,0,2,2,20,25,20,6,19,2,9,2,3.0,0,5,15,20,20,7,3,2,2,1,2,2
40131,40142,1,pv,1,1,1,25,20,25,6,4,6.0,10,20,12,2,2,2,10,15,5,5,10,2,3,3,25,20,30,17,4,2,16,4,8.0,0,10,15,10,20,8,3,2,2,1,2,2
40131,40142,2,pt,0,1,1,25,20,25,6,4,6.0,10,20,12,2,2,2,10,15,5,5,10,2,3,3,25,20,30,17,4,2,16,4,8.0,0,10,15,10,20,8,3,2,2,1,2,2
40131,40143,1,pv,1,1,1,20,30,18,6,0,5.25,10,0,12,12,7,2,0,10,0,15,5,4,1,1,20,30,33,12,14,7,11,0,9.25,0,0,10,10,0,9,3,2,2,1,2,2
40131,40143,2,pt,0,1,1,20,30,18,6,0,5.25,10,0,12,12,7,2,0,10,0,15,5,4,1,1,20,30,33,12,14,7,11,0,9.25,0,0,10,10,0,9,3,2,2,1,2,2
40157,40159,3,pv_pt,1,1,1,25,25,22,2,2,1.75,20,20,6,7,2,7,5,5,5,5,0,0,3,2,25,25,27,11,14,2,2,2,1.75,0,5,5,20,20,1,4,1,2,4,1,2
40157,40159,1,pv,1,1,0,25,25,22,2,2,1.75,20,20,6,7,2,7,5,5,5,5,0,0,3,2,25,25,27,11,14,2,2,2,1.75,0,5,5,20,20,1,4,1,2,4,1,2
40157,40160,1,pv,1,1,1,25,30,25,4,4,4.0,10,10,6,7,7,7,5,10,5,10,0,2,1,3,25,30,35,11,14,7,4,4,6.0,0,5,10,10,10,2,4,1,2,4,1,2
40157,40160,3,pv_pt,0,1,1,25,30,25,4,4,4.0,10,10,6,7,7,7,5,10,5,10,0,2,1,3,25,30,35,11,14,7,4,4,6.0,0,5,10,10,10,2,4,1,2,4,1,2
40157,40161,2,pt,1,1,1,20,25,18,2,0,1.75,0,0,12,2,7,12,0,15,5,5,5,4,2,1,20,25,23,17,14,7,7,0,5.75,0,0,15,0,0,3,4,1,2,4,1,2
40157,40161,1,pv,1,0,1,20,25,18,2,0,1.75,0,0,12,2,7,12,0,15,5,5,5,4,2,1,20,25,23,17,14,7,7,0,5.75,0,0,15,0,0,3,4,1,2,4,1,2
40157,40163,2,pt,1,1,1,25,20,25,6,4,6.0,20,0,6,2,7,2,0,5,0,15,10,2,2,2,25,20,40,6,4,7,16,4,8.0,0,0,5,20,0,4,4,2,2,2,2,1
40157,40163,1,pv,1,0,1,25,20,25,6,4,6.0,20,0,6,2,7,2,0,5,0,15,10,2,2,2,25,20,40,6,4,7,16,4,8.0,0,0,5,20,0,4,4,2,2,2,2,1
40157,40164,2,pt,1,1,1,30,30,26,2,4,1.75,0,20,12,2,12,7,0,5,10,15,10,4,1,2,30,30,41,22,9,12,12,4,5.75,0,0,5,0,20,5,4,2,2,2,2,1
40157,40164,1,pv,1,0,1,30,30,26,2,4,1.75,0,20,12,2,12,7,0,5,10,15,10,4,1,2,30,30,41,22,9,12,12,4,5.75,0,0,5,0,20,5,4,2,2,2,2,1
40157,40165,2,pt,1,1,1,20,30,20,6,0,6.0,10,0,0,2,12,12,10,10,10,10,10,0,1,2,20,30,30,10,14,12,16,0,6.0,0,10,10,10,0,6,4,2,2,2,2,1
40157,40165,1,pv,1,0,1,20,30,20,6,0,6.0,10,0,0,2,12,12,10,10,10,10,10,0,1,2,20,30,30,10,14,12,16,0,6.0,0,10,10,10,0,6,4,2,2,2,2,1
40157,40167,1,pv,1,1,1,20,25,18,2,2,1.75,10,10,0,7,7,7,5,10,5,10,0,2,2,3,20,25,28,5,14,7,2,2,3.75,0,5,10,10,10,7,1,1,2,1,1,2
40157,40167,2,pt,0,1,1,20,25,18,2,2,1.75,10,10,0,7,7,7,5,10,5,10,0,2,2,3,20,25,28,5,14,7,2,2,3.75,0,5,10,10,10,7,1,1,2,1,1,2
40157,40168,2,pt,1,1,1,25,20,25,6,0,6.0,20,20,0,12,2,12,0,15,10,15,5,4,1,3,25,20,40,10,24,2,11,0,10.0,0,0,15,20,20,8,1,1,2,1,1,2
40157,40168,1,pv,1,0,1,25,20,25,6,0,6.0,20,20,0,12,2,12,0,15,10,15,5,4,1,3,25,20,40,10,24,2,11,0,10.0,0,0,15,20,20,8,1,1,2,1,1,2
40157,40169,1,pv,1,1,1,25,30,25,4,4,4.0,20,0,12,12,12,12,0,15,10,10,5,4,3,2,25,30,35,22,24,12,9,4,8.0,0,0,15,20,0,9,1,1,2,1,1,2
40157,40169,2,pt,0,1,1,25,30,25,4,4,4.0,20,0,12,12,12,12,0,15,10,10,5,4,3,2,25,30,35,22,24,12,9,4,8.0,0,0,15,20,0,9,1,1,2,1,1,2
40184,40186,2,pt,1,1,1,30,20,30,2,0,2.0,0,10,12,12,7,12,5,10,0,15,10,0,3,3,30,20,45,12,24,7,12,0,2.0,0,5,10,0,10,1,3,1,2,2,1,1
40184,40186,1,pv,1,0,1,30,20,30,2,0,2.0,0,10,12,12,7,12,5,10,0,15,10,0,3,3,30,20,45,12,24,7,12,0,2.0,0,5,10,0,10,1,3,1,2,2,1,1
40184,40187,1,pv,1,1,1,25,25,22,2,2,1.75,20,20,6,7,2,7,5,5,5,5,0,0,3,2,25,25,27,11,14,2,2,2,1.75,0,5,5,20,20,2,3,1,2,2,1,1
40184,40187,2,pt,0,1,1,25,25,22,2,2,1.75,20,20,6,7,2,7,5,5,5,5,0,0,3,2,25,25,27,11,14,2,2,2,1.75,0,5,5,20,20,2,3,1,2,2,1,1
40184,40188,1,pv,1,1,1,20,30,18,6,0,5.25,10,0,12,12,7,2,0,10,0,15,5,4,1,1,20,30,33,12,14,7,11,0,9.25,0,0,10,10,0,3,3,1,2,2,1,1
40184,40188,2,pt,0,1,1,20,30,18,6,0,5.25,10,0,12,12,7,2,0,10,0,15,5,4,1,1,20,30,33,12,14,7,11,0,9.25,0,0,10,10,0,3,3,1,2,2,1,1
40184,40190,1,pv,1,1,1,30,25,23,6,4,4.5,0,10,6,7,2,12,5,5,10,15,0,0,2,1,30,25,38,16,19,2,6,4,4.5,0,5,5,0,10,4,3,1,2,4,2,1
40184,40190,3,pv_pt,0,1,1,30,25,23,6,4,4.5,0,10,6,7,2,12,5,5,10,15,0,0,2,1,30,25,38,16,19,2,6,4,4.5,0,5,5,0,10,4,3,1,2,4,2,1
40184,40191,1,pv,1,1,1,20,30,20,4,2,4.0,0,10,12,12,2,2,10,5,10,5,5,0,3,1,20,30,25,22,14,2,9,2,4.0,0,10,5,0,10,5,3,1,2,4,2,1
40184,40191,2,pt,0,1,1,20,30,20,4,2,4.0,0,10,12,12,2,2,10,5,10,5,5,0,3,1,20,30,25,22,14,2,9,2,4.0,0,10,5,0,10,5,3,1,2,4,2,1
40184,40192,1,pv,1,1,1,25,30,25,4,4,4.0,10,10,6,7,7,7,5,10,5,10,0,2,1,3,25,30,35,11,14,7,4,4,6.0,0,5,10,10,10,6,3,1,2,4,2,1
40184,40192,2,pt,0,1,1,25,30,25,4,4,4.0,10,10,6,7,7,7,5,10,5,10,0,2,1,3,25,30,35,11,14,7,4,4,6.0,0,5,10,10,10,6,3,1,2,4,2,1
40184,40194,1,pv,1,1,1,20,30,15,6,2,4.5,0,20,0,2,12,7,0,5,0,5,10,2,3,3,20,30,20,0,9,12,16,2,6.5,0,0,5,0,20,7,2,1,2,1,2,1
40184,40194,2,pt,0,1,1,20,30,15,6,2,4.5,0,20,0,2,12,7,0,5,0,5,10,2,3,3,20,30,20,0,9,12,16,2,6.5,0,0,5,0,20,7,2,1,2,1,2,1
40184,40195,3,pv_pt,1,1,1,30,25,23,2,4,1.5,10,10,0,12,2,7,5,5,5,5,5,4,2,3,30,25,28,5,19,2,7,4,5.5,0,5,5,10,10,8,2,1,2,1,2,1
40184,40195,1,pv,1,1,0,30,25,23,2,4,1.5,10,10,0,12,2,7,5,5,5,5,5,4,2,3,30,25,28,5,19,2,7,4,5.5,0,5,5,10,10,8,2,1,2,1,2,1
40184,40196,2,pt,1,1,1,20,25,18,2,0,1.75,0,0,12,2,7,12,0,15,5,5,5,4,2,1,20,25,23,17,14,7,7,0,5.75,0,0,15,0,0,9,2,1,2,1,2,1
40184,40196,1,pv,1,0,1,20,25,18,2,0,1.75,0,0,12,2,7,12,0,15,5,5,5,4,2,1,20,25,23,17,14,7,7,0,5.75,0,0,15,0,0,9,2,1,2,1,2,1
40211,40225,1,pv,1,1,1,25,25,22,2,2,1.75,20,20,6,7,2,7,5,5,5,5,0,0,3,2,25,25,27,11,14,2,2,2,1.75,0,5,5,20,20,1,1,2,2,2,2,2
40211,40225,3,pv_pt,0,1,1,25,25,22,2,2,1.75,20,20,6,7,2,7,5,5,5,5,0,0,3,2,25,25,27,11,14,2,2,2,1.75,0,5,5,20,20,1,1,2,2,2,2,2
40211,40226,1,pv,1,1,1,25,20,25,6,0,6.0,20,20,0,12,2,12,0,15,10,15,5,4,1,3,25,20,40,10,24,2,11,0,10.0,0,0,15,20,20,2,1,2,2,2,2,2
40211,40226,3,pv_pt,0,1,1,25,20,25,6,0,6.0,20,20,0,12,2,12,0,15,10,15,5,4,1,3,25,20,40,10,24,2,11,0,10.0,0,0,15,20,20,2,1,2,2,2,2,2
40211,40227,1,pv,1,1,1,20,30,15,6,2,4.5,0,20,0,2,12,7,0,5,0,5,10,2,3,3,20,30,20,0,9,12,16,2,6.5,0,0,5,0,20,3,1,2,2,2,2,2
40211,40227,3,pv_pt,0,1,1,20,30,15,6,2,4.5,0,20,0,2,12,7,0,5,0,5,10,2,3,3,20,30,20,0,9,12,16,2,6.5,0,0,5,0,20,3,1,2,2,2,2,2
40211,40229,1,pv,1,1,1,25,30,25,4,4,4.0,20,0,12,12,12,12,0,15,10,10,5,4,3,2,25,30,35,22,24,12,9,4,8.0,0,0,15,20,0,4,3,1,2,4,2,1
40211,40229,3,pv_pt,0,1,1,25,30,25,4,4,4.0,20,0,12,12,12,12,0,15,10,10,5,4,3,2,25,30,35,22,24,12,9,4,8.0,0,0,15,20,0,4,3,1,2,4,2,1
40211,40230,1,pv,1,1,1,30,25,23,6,4,4.5,0,10,6,7,2,12,5,5,10,15,0,0,2,1,30,25,38,16,19,2,6,4,4.5,0,5,5,0,10,5,3,1,2,4,2,1
40211,40230,3,pv_pt,0,1,1,30,25,23,6,4,4.5,0,10,6,7,2,12,5,5,10,15,0,0,2,1,30,25,38,16,19,2,6,4,4.5,0,5,5,0,10,5,3,1,2,4,2,1
40211,40231,1,pv,1,1,1,20,25,18,2,0,1.75,0,0,12,2,7,12,0,15,5,5,5,4,2,1,20,25,23,17,14,7,7,0,5.75,0,0,15,0,0,6,3,1,2,4,2,1
40211,40231,3,pv_pt,0,1,1,20,25,18,2,0,1.75,0,0,12,2,7,12,0,15,5,5,5,4,2,1,20,25,23,17,14,7,7,0,5.75,0,0,15,0,0,6,3,1,2,4,2,1
40211,40233,1,pv,1,1,1,20,30,20,6,0,6.0,10,0,0,2,12,12,10,10,10,10,10,0,1,2,20,30,30,10,14,12,16,0,6.0,0,10,10,10,0,7,4,1,2,4,1,2
40211,40233,3,pv_pt,0,1,1,20,30,20,6,0,6.0,10,0,0,2,12,12,10,10,10,10,10,0,1,2,20,30,30,10,14,12,16,0,6.0,0,10,10,10,0,7,4,1,2,4,1,2
40211,40234,1,pv,1,1,1,25,20,25,6,4,6.0,10,20,12,2,2,2,10,15,5,5,10,2,3,3,25,20,30,17,4,2,16,4,8.0,0,10,15,10,20,8,4,1,2,4,1,2
40211,40234,3,pv_pt,0,1,1,25,20,25,6,4,6.0,10,20,12,2,2,2,10,15,5,5,10,2,3,3,25,20,30,17,4,2,16,4,8.0,0,10,15,10,20,8,4,1,2,4,1,2
40211,40235,1,pv,1,1,1,30,20,30,2,0,2.0,0,10,12,12,7,12,5,10,0,15,10,0,3,3,30,20,45,12,24,7,12,0,2.0,0,5,10,0,10,9,4,1,2,4,1,2
40211,40235,3,pv_pt,0,1,1,30,20,30,2,0,2.0,0,10,12,12,7,12,5,10,0,15,10,0,3,3,30,20,45,12,24,7,12,0,2.0,0,5,10,0,10,9,4,1,2,4,1,2
40250,40252,1,pv,1,1,1,20,20,15,2,2,1.5,20,10,6,7,2,12,10,5,5,15,5,4,3,1,20,20,30,11,19,2,7,2,5.5,0,10,5,20,10,1,1,2,2,2,2,2
40250,40252,3,pv_pt,0,1,1,20,20,15,2,2,1.5,20,10,6,7,2,12,10,5,5,15,5,4,3,1,20,20,30,11,19,2,7,2,5.5,0,10,5,20,10,1,1,2,2,2,2,2
40250,40253,1,pv,1,1,1,25,20,22,4,0,3.5,10,0,0,7,12,2,0,10,10,10,0,2,3,2,25,20,32,10,9,12,4,0,5.5,0,0,10,10,0,2,1,2,2,2,2,2
40250,40253,2,pt,0,1,1,25,20,22,4,0,3.5,10,0,0,7,12,2,0,10,10,10,0,2,3,2,25,20,32,10,9,12,4,0,5.5,0,0,10,10,0,2,1,2,2,2,2,2
40250,40254,1,pv,1,1,1,25,30,25,4,4,4.0,10,10,6,7,7,7,5,10,5,10,0,2,1,3,25,30,35,11,14,7,4,4,6.0,0,5,10,10,10,3,1,2,2,2,2,2
40250,40254,3,pv_pt,0,1,1,25,30,25,4,4,4.0,10,10,6,7,7,7,5,10,5,10,0,2,1,3,25,30,35,11,14,7,4,4,6.0,0,5,10,10,10,3,1,2,2,2,2,2
40250,40256,1,pv,1,1,1,20,25,18,4,4,1.75,0,10,0,7,7,7,5,10,0,10,0,2,1,1,20,25,28,0,14,7,4,4,3.75,0,5,10,0,10,4,3,1,2,2,1,1
40250,40256,3,pv_pt,0,1,1,20,25,18,4,4,1.75,0,10,0,7,7,7,5,10,0,10,0,2,1,1,20,25,28,0,14,7,4,4,3.75,0,5,10,0,10,4,3,1,2,2,1,1
40250,40257,1,pv,1,1,1,30,25,23,6,4,4.5,0,10,6,7,2,12,5,5,10,15,0,0,2,1,30,25,38,16,19,2,6,4,4.5,0,5,5,0,10,5,3,1,2,2,1,1
40250,40257,3,pv_pt,0,1,1,30,25,23,6,4,4.5,0,10,6,7,2,12,5,5,10,15,0,0,2,1,30,25,38,16,19,2,6,4,4.5,0,5,5,0,10,5,3,1,2,2,1,1
40250,40258,1,pv,1,1,1,25,25,22,2,4,1.75,10,0,6,12,12,2,10,15,10,15,10,0,1,3,25,25,37,16,14,12,12,4,1.75,0,10,15,10,0,6,3,1,2,2,1,1
40250,40258,2,pt,0,1,1,25,25,22,2,4,1.75,10,0,6,12,12,2,10,15,10,15,10,0,1,3,25,25,37,16,14,12,12,4,1.75,0,10,15,10,0,6,3,1,2,2,1,1
40250,40260,2,pt,1,1,1,20,30,20,6,0,6.0,10,0,0,2,12,12,10,10,10,10,10,0,1,2,20,30,30,10,14,12,16,0,6.0,0,10,10,10,0,7,4,2,1,3,2,2
40250,40260,3,pv_pt,1,0,1,20,30,20,6,0,6.0,10,0,0,2,12,12,10,10,10,10,10,0,1,2,20,30,30,10,14,12,16,0,6.0,0,10,10,10,0,7,4,2,1,3,2,2
40250,40261,2,pt,1,1,1,30,20,23,4,0,3.0,20,20,12,2,12,2,0,15,10,5,0,0,1,1,30,20,28,22,4,12,4,0,3.0,0,0,15,20,20,8,4,2,1,3,2,2
40250,40261,3,pv_pt,1,0,1,30,20,23,4,0,3.0,20,20,12,2,12,2,0,15,10,5,0,0,1,1,30,20,28,22,4,12,4,0,3.0,0,0,15,20,20,8,4,2,1,3,2,2
40250,40262,2,pt,1,1,1,20,30,20,4,2,4.0,0,10,12,12,2,2,10,5,10,5,5,0,3,1,20,30,25,22,14,2,9,2,4.0,0,10,5,0,10,9,4,2,1,3,2,2
40250,40262,3,pv_pt,1,0,1,20,30,20,4,2,4.0,0,10,12,12,2,2,10,5,10,5,5,0,3,1,20,30,25,22,14,2,9,2,4.0,0,10,5,0,10,9,4,2,1,3,2,2
40263,40278,2,pt,1,1,1,30,30,30,4,0,4.0,20,20,0,12,12,2,10,10,5,5,10,4,2,1,30,30,35,5,14,12,14,0,8.0,0,10,10,20,20,1,4,2,1,3,2,2
40263,40278,3,pv_pt,1,0,1,30,30,30,4,0,4.0,20,20,0,12,12,2,10,10,5,5,10,4,2,1,30,30,35,5,14,12,14,0,8.0,0,10,10,20,20,1,4,2,1,3,2,2
40263,40279,3,pv_pt,1,1,1,30,20,23,6,2,4.5,20,0,12,2,12,12,10,5,0,10,0,2,1,3,30,20,33,12,14,12,6,2,6.5,0,10,5,20,0,2,4,2,1,3,2,2
40263,40279,1,pv,1,1,0,30,20,23,6,2,4.5,20,0,12,2,12,12,10,5,0,10,0,2,1,3,30,20,33,12,14,12,6,2,6.5,0,10,5,20,0,2,4,2,1,3,2,2
40263,40280,2,pt,1,1,1,30,30,26,2,0,1.75,10,0,0,2,7,2,10,15,0,15,10,0,3,1,30,30,41,0,4,7,12,0,1.75,0,10,15,10,0,3,4,2,1,3,2,2
40263,40280,3,pv_pt,1,0,1,30,30,26,2,0,1.75,10,0,0,2,7,2,10,15,0,15,10,0,3,1,30,30,41,0,4,7,12,0,1.75,0,10,15,10,0,3,4,2,1,3,2,2
40263,40282,3,pv_pt,1,1,1,25,25,22,2,2,1.75,20,20,6,7,2,7,5,5,5,5,0,0,3,2,25,25,27,11,14,2,2,2,1.75,0,5,5,20,20,4,4,1,2,1,1,1
40263,40282,1,pv,1,1,0,25,25,22,2,2,1.75,20,20,6,7,2,7,5,5,5,5,0,0,3,2,25,25,27,11,14,2,2,2,1.75,0,5,5,20,20,4,4,1,2,1,1,1
40263,40283,3,pv_pt,1,1,1,25,25,22,2,4,1.75,10,0,6,12,12,2,10,15,10,15,10,0,1,3,25,25,37,16,14,12,12,4,1.75,0,10,15,10,0,5,4,1,2,1,1,1
40263,40283,2,pt,1,1,0,25,25,22,2,4,1.75,10,0,6,12,12,2,10,15,10,15,10,0,1,3,25,25,37,16,14,12,12,4,1.75,0,10,15,10,0,5,4,1,2,1,1,1
40263,40284,2,pt,1,1,1,30,20,23,4,0,3.0,20,20,12,2,12,2,0,15,10,5,0,0,1,1,30,20,28,22,4,12,4,0,3.0,0,0,15,20,20,6,4,1,2,1,1,1
40263,40284,1,pv,1,0,1,30,20,23,4,0,3.0,20,20,12,2,12,2,0,15,10,5,0,0,1,1,30,20,28,22,4,12,4,0,3.0,0,0,15,20,20,6,4,1,2,1,1,1
40263,40286,1,pv,1,1,1,25,25,22,4,2,3.5,0,20,6,7,7,7,5,10,0,10,0,2,2,2,25,25,32,6,14,7,4,2,5.5,0,5,10,0,20,7,1,1,2,1,1,2
40263,40286,3,pv_pt,0,1,1,25,25,22,4,2,3.5,0,20,6,7,7,7,5,10,0,10,0,2,2,2,25,25,32,6,14,7,4,2,5.5,0,5,10,0,20,7,1,1,2,1,1,2
40263,40287,3,pv_pt,1,1,1,25,20,25,6,4,6.0,10,20,12,2,2,2,10,15,5,5,10,2,3,3,25,20,30,17,4,2,16,4,8.0,0,10,15,10,20,8,1,1,2,1,1,2
40263,40287,1,pv,1,1,0,25,20,25,6,4,6.0,10,20,12,2,2,2,10,15,5,5,10,2,3,3,25,20,30,17,4,2,16,4,8.0,0,10,15,10,20,8,1,1,2,1,1,2
40263,40288,3,pv_pt,1,1,1,20,30,20,4,2,4.0,0,10,12,12,2,2,10,5,10,5,5,0,3,1,20,30,25,22,14,2,9,2,4.0,0,10,5,0,10,9,1,1,2,1,1,2
40263,40288,1,pv,1,1,0,20,30,20,4,2,4.0,0,10,12,12,2,2,10,5,10,5,5,0,3,1,20,30,25,22,14,2,9,2,4.0,0,10,5,0,10,9,1,1,2,1,1,2
40307,40309,1,pv,1,1,1,20,30,20,6,0,6.0,10,0,0,2,12,12,10,10,10,10,10,0,1,2,20,30,30,10,14,12,16,0,6.0,0,10,10,10,0,1,1,2,1,1,1,1
40307,40309,2,pt,0,1,1,20,30,20,6,0,6.0,10,0,0,2,12,12,10,10,10,10,10,0,1,2,20,30,30,10,14,12,16,0,6.0,0,10,10,10,0,1,1,2,1,1,1,1
40307,40310,1,pv,1,1,1,20,25,18,4,4,1.75,0,10,0,7,7,7,5,10,0,10,0,2,1,1,20,25,28,0,14,7,4,4,3.75,0,5,10,0,10,2,1,2,1,1,1,1
40307,40310,2,pt,0,1,1,20,25,18,4,4,1.75,0,10,0,7,7,7,5,10,0,10,0,2,1,1,20,25,28,0,14,7,4,4,3.75,0,5,10,0,10,2,1,2,1,1,1,1
40307,40311,1,pv,1,1,1,25,20,22,4,0,3.5,10,0,0,7,12,2,0,10,10,10,0,2,3,2,25,20,32,10,9,12,4,0,5.5,0,0,10,10,0,3,1,2,1,1,1,1
40307,40311,2,pt,0,1,1,25,20,22,4,0,3.5,10,0,0,7,12,2,0,10,10,10,0,2,3,2,25,20,32,10,9,12,4,0,5.5,0,0,10,10,0,3,1,2,1,1,1,1
40307,40313,1,pv,1,1,1,25,30,25,4,4,4.0,20,0,12,12,12,12,0,15,10,10,5,4,3,2,25,30,35,22,24,12,9,4,8.0,0,0,15,20,0,4,1,1,2,1,1,2
40307,40313,2,pt,0,1,1,25,30,25,4,4,4.0,20,0,12,12,12,12,0,15,10,10,5,4,3,2,25,30,35,22,24,12,9,4,8.0,0,0,15,20,0,4,1,1,2,1,1,2
40307,40314,1,pv,1,1,1,30,20,30,2,0,2.0,0,10,12,12,7,12,5,10,0,15,10,0,3,3,30,20,45,12,24,7,12,0,2.0,0,5,10,0,10,5,1,1,2,1,1,2
40307,40314,2,pt,0,1,1,30,20,30,2,0,2.0,0,10,12,12,7,12,5,10,0,15,10,0,3,3,30,20,45,12,24,7,12,0,2.0,0,5,10,0,10,5,1,1,2,1,1,2
40307,40315,1,pv,1,1,1,25,20,25,6,0,6.0,20,20,0,12,2,12,0,15,10,15,5,4,1,3,25,20,40,10,24,2,11,0,10.0,0,0,15,20,20,6,1,1,2,1,1,2
40307,40315,2,pt,0,1,1,25,20,25,6,0,6.0,20,20,0,12,2,12,0,15,10,15,5,4,1,3,25,20,40,10,24,2,11,0,10.0,0,0,15,20,20,6,1,1,2,1,1,2
40307,40317,1,pv,1,1,1,30,30,26,2,0,1.75,10,0,0,2,7,2,10,15,0,15,10,0,3,1,30,30,41,0,4,7,12,0,1.75,0,10,15,10,0,7,1,1,2,3,2,2
40307,40317,2,pt,0,1,1,30,30,26,2,0,1.75,10,0,0,2,7,2,10,15,0,15,10,0,3,1,30,30,41,0,4,7,12,0,1.75,0,10,15,10,0,7,1,1,2,3,2,2
40307,40318,1,pv,1,1,1,20,25,18,2,0,1.75,0,0,12,2,7,12,0,15,5,5,5,4,2,1,20,25,23,17,14,7,7,0,5.75,0,0,15,0,0,8,1,1,2,3,2,2
40307,40318,2,pt,0,1,1,20,25,18,2,0,1.75,0,0,12,2,7,12,0,15,5,5,5,4,2,1,20,25,23,17,14,7,7,0,5.75,0,0,15,0,0,8,1,1,2,3,2,2
40307,40319,1,pv,1,1,1,30,25,23,6,2,4.5,0,10,6,12,2,7,10,15,5,10,5,4,2,2,30,25,33,11,19,2,11,2,8.5,0,10,15,0,10,9,1,1,2,3,2,2
40307,40319,3,pv_pt,0,1,1,30,25,23,6,2,4.5,0,10,6,12,2,7,10,15,5,10,5,4,2,2,30,25,33,11,19,2,11,2,8.5,0,10,15,0,10,9,1,1,2,3,2,2
40349,40363,1,pv,1,1,1,20,30,15,6,2,4.5,0,20,0,2,12,7,0,5,0,5,10,2,3,3,20,30,20,0,9,12,16,2,6.5,0,0,5,0,20,1,1,2,2,2,2,2
40349,40363,2,pt,0,1,1,20,30,15,6,2,4.5,0,20,0,2,12,7,0,5,0,5,10,2,3,3,20,30,20,0,9,12,16,2,6.5,0,0,5,0,20,1,1,2,2,2,2,2
40349,40364,2,pt,1,1,1,25,20,25,6,4,6.0,10,20,12,2,2,2,10,15,5,5,10,2,3,3,25,20,30,17,4,2,16,4,8.0,0,10,15,10,20,2,1,2,2,2,2,2
40349,40364,1,pv,1,0,1,25,20,25,6,4,6.0,10,20,12,2,2,2,10,15,5,5,10,2,3,3,25,20,30,17,4,2,16,4,8.0,0,10,15,10,20,2,1,2,2,2,2,2
40349,40366,3,pv_pt,1,1,1,20,30,20,4,2,4.0,0,10,12,12,2,2,10,5,10,5,5,0,3,1,20,30,25,22,14,2,9,2,4.0,0,10,5,0,10,3,1,2,2,2,2,2
40349,40366,1,pv,1,1,0,20,30,20,4,2,4.0,0,10,12,12,2,2,10,5,10,5,5,0,3,1,20,30,25,22,14,2,9,2,4.0,0,10,5,0,10,3,1,2,2,2,2,2
40349,40368,1,pv,1,1,1,20,30,20,6,0,6.0,10,0,0,2,12,12,10,10,10,10,10,0,1,2,20,30,30,10,14,12,16,0,6.0,0,10,10,10,0,4,4,1,1,2,2,2
40349,40368,2,pt,0,1,1,20,30,20,6,0,6.0,10,0,0,2,12,12,10,10,10,10,10,0,1,2,20,30,30,10,14,12,16,0,6.0,0,10,10,10,0,4,4,1,1,2,2,2
40349,40369,2,pt,1,1,1,20,25,18,2,0,1.75,0,0,12,2,7,12,0,15,5,5,5,4,2,1,20,25,23,17,14,7,7,0,5.75,0,0,15,0,0,5,4,1,1,2,2,2
40349,40369,1,pv,1,0,1,20,25,18,2,0,1.75,0,0,12,2,7,12,0,15,5,5,5,4,2,1,20,25,23,17,14,7,7,0,5.75,0,0,15,0,0,5,4,1,1,2,2,2
40349,40370,1,pv,1,1,1,25,25,22,2,4,1.75,10,0,6,12,12,2,10,15,10,15,10,0,1,3,25,25,37,16,14,12,12,4,1.75,0,10,15,10,0,6,4,1,1,2,2,2
40349,40370,2,pt,0,1,1,25,25,22,2,4,1.75,10,0,6,12,12,2,10,15,10,15,10,0,1,3,25,25,37,16,14,12,12,4,1.75,0,10,15,10,0,6,4,1,1,2,2,2
40349,40372,2,pt,1,1,1,30,30,26,2,4,1.75,0,20,12,2,12,7,0,5,10,15,10,4,1,2,30,30,41,22,9,12,12,4,5.75,0,0,5,0,20,7,2,1,1,1,2,2
40349,40372,1,pv,1,0,1,30,30,26,2,4,1.75,0,20,12,2,12,7,0,5,10,15,10,4,1,2,30,30,41,22,9,12,12,4,5.75,0,0,5,0,20,7,2,1,1,1,2,2
40349,40373,1,pv,1,1,1,30,25,23,6,2,4.5,0,10,6,12,2,7,10,15,5,10,5,4,2,2,30,25,33,11,19,2,11,2,8.5,0,10,15,0,10,8,2,1,1,1,2,2
40349,40373,2,pt,0,1,1,30,25,23,6,2,4.5,0,10,6,12,2,7,10,15,5,10,5,4,2,2,30,25,33,11,19,2,11,2,8.5,0,10,15,0,10,8,2,1,1,1,2,2
40349,40374,2,pt,1,1,1,25,20,25,6,4,6.0,20,0,6,2,7,2,0,5,0,15,10,2,2,2,25,20,40,6,4,7,16,4,8.0,0,0,5,20,0,9,2,1,1,1,2,2
40349,40374,1,pv,1,0,1,25,20,25,6,4,6.0,20,0,6,2,7,2,0,5,0,15,10,2,2,2,25,20,40,6,4,7,16,4,8.0,0,0,5,20,0,9,2,1,1,1,2,2
40399,40402,2,pt,1,1,1,20,20,15,2,2,1.5,20,10,6,7,2,12,10,5,5,15,5,4,3,1,20,20,30,11,19,2,7,2,5.5,0,10,5,20,10,1,2,2,2,2,1,2
40399,40402,3,pv_pt,1,0,1,20,20,15,2,2,1.5,20,10,6,7,2,12,10,5,5,15,5,4,3,1,20,20,30,11,19,2,7,2,5.5,0,10,5,20,10,1,2,2,2,2,1,2
40399,40403,2,pt,1,1,1,25,25,22,4,2,3.5,0,20,6,7,7,7,5,10,0,10,0,2,2,2,25,25,32,6,14,7,4,2,5.5,0,5,10,0,20,2,2,2,2,2,1,2
40399,40403,1,pv,1,0,1,25,25,22,4,2,3.5,0,20,6,7,7,7,5,10,0,10,0,2,2,2,25,25,32,6,14,7,4,2,5.5,0,5,10,0,20,2,2,2,2,2,1,2
40399,40404,2,pt,1,1,1,25,30,25,4,4,4.0,10,10,6,7,7,7,5,10,5,10,0,2,1,3,25,30,35,11,14,7,4,4,6.0,0,5,10,10,10,3,2,2,2,2,1,2
40399,40404,1,pv,1,0,1,25,30,25,4,4,4.0,10,10,6,7,7,7,5,10,5,10,0,2,1,3,25,30,35,11,14,7,4,4,6.0,0,5,10,10,10,3,2,2,2,2,1,2
40399,40406,2,pt,1,1,1,25,25,22,2,4,1.75,10,0,6,12,12,2,10,15,10,15,10,0,1,3,25,25,37,16,14,12,12,4,1.75,0,10,15,10,0,4,3,2,2,1,2,2
40399,40406,3,pv_pt,1,0,1,25,25,22,2,4,1.75,10,0,6,12,12,2,10,15,10,15,10,0,1,3,25,25,37,16,14,12,12,4,1.75,0,10,15,10,0,4,3,2,2,1,2,2
40399,40407,2,pt,1,1,1,25,20,22,4,0,3.5,10,0,0,7,12,2,0,10,10,10,0,2,3,2,25,20,32,10,9,12,4,0,5.5,0,0,10,10,0,5,3,2,2,1,2,2
40399,40407,1,pv,1,0,1,25,20,22,4,0,3.5,10,0,0,7,12,2,0,10,10,10,0,2,3,2,25,20,32,10,9,12,4,0,5.5,0,0,10,10,0,5,3,2,2,1,2,2
40399,40408,2,pt,1,1,1,25,20,25,6,0,6.0,20,20,0,12,2,12,0,15,10,15,5,4,1,3,25,20,40,10,24,2,11,0,10.0,0,0,15,20,20,6,3,2,2,1,2,2
40399,40408,3,pv_pt,1,0,1,25,20,25,6,0,6.0,20,20,0,12,2,12,0,15,10,15,5,4,1,3,25,20,40,10,24,2,11,0,10.0,0,0,15,20,20,6,3,2,2,1,2,2
40399,40410,2,pt,1,1,1,25,30,25,4,4,4.0,20,0,12,12,12,12,0,15,10,10,5,4,3,2,25,30,35,22,24,12,9,4,8.0,0,0,15,20,0,7,4,1,2,4,1,2
40399,40410,3,pv_pt,1,0,1,25,30,25,4,4,4.0,20,0,12,12,12,12,0,15,10,10,5,4,3,2,25,30,35,22,24,12,9,4,8.0,0,0,15,20,0,7,4,1,2,4,1,2
40399,40411,1,pv,1,1,1,30,25,23,6,4,4.5,0,10,6,7,2,12,5,5,10,15,0,0,2,1,30,25,38,16,19,2,6,4,4.5,0,5,5,0,10,8,4,1,2,4,1,2
40399,40411,3,pv_pt,0,1,1,30,25,23,6,4,4.5,0,10,6,7,2,12,5,5,10,15,0,0,2,1,30,25,38,16,19,2,6,4,4.5,0,5,5,0,10,8,4,1,2,4,1,2
40399,40412,1,pv,1,1,1,20,25,18,4,4,1.75,0,10,0,7,7,7,5,10,0,10,0,2,1,1,20,25,28,0,14,7,4,4,3.75,0,5,10,0,10,9,4,1,2,4,1,2
40399,40412,3,pv_pt,0,1,1,20,25,18,4,4,1.75,0,10,0,7,7,7,5,10,0,10,0,2,1,1,20,25,28,0,14,7,4,4,3.75,0,5,10,0,10,9,4,1,2,4,1,2
40425,40427,1,pv,1,1,1,25,20,25,6,4,6.0,20,0,6,2,7,2,0,5,0,15,10,2,2,2,25,20,40,6,4,7,16,4,8.0,0,0,5,20,0,1,4,2,2,3,2,1
40425,40427,2,pt,0,1,1,25,20,25,6,4,6.0,20,0,6,2,7,2,0,5,0,15,10,2,2,2,25,20,40,6,4,7,16,4,8.0,0,0,5,20,0,1,4,2,2,3,2,1
40425,40428,1,pv,1,1,1,25,20,25,6,4,6.0,10,20,12,2,2,2,10,15,5,5,10,2,3,3,25,20,30,17,4,2,16,4,8.0,0,10,15,10,20,2,4,2,2,3,2,1
40425,40428,2,pt,0,1,1,25,20,25,6,4,6.0,10,20,12,2,2,2,10,15,5,5,10,2,3,3,25,20,30,17,4,2,16,4,8.0,0,10,15,10,20,2,4,2,2,3,2,1
40425,40429,1,pv,1,1,1,25,20,25,6,0,6.0,20,20,0,12,2,12,0,15,10,15,5,4,1,3,25,20,40,10,24,2,11,0,10.0,0,0,15,20,20,3,4,2,2,3,2,1
40425,40429,2,pt,0,1,1,25,20,25,6,0,6.0,20,20,0,12,2,12,0,15,10,15,5,4,1,3,25,20,40,10,24,2,11,0,10.0,0,0,15,20,20,3,4,2,2,3,2,1
40425,40431,1,pv,1,1,1,30,20,30,2,0,2.0,0,10,12,12,7,12,5,10,0,15,10,0,3,3,30,20,45,12,24,7,12,0,2.0,0,5,10,0,10,4,4,2,1,1,1,2
40425,40431,2,pt,0,1,1,30,20,30,2,0,2.0,0,10,12,12,7,12,5,10,0,15,10,0,3,3,30,20,45,12,24,7,12,0,2.0,0,5,10,0,10,4,4,2,1,1,1,2
40425,40432,1,pv,1,1,1,20,30,18,6,0,5.25,10,0,12,12,7,2,0,10,0,15,5,4,1,1,20,30,33,12,14,7,11,0,9.25,0,0,10,10,0,5,4,2,1,1,1,2
40425,40432,2,pt,0,1,1,20,30,18,6,0,5.25,10,0,12,12,7,2,0,10,0,15,5,4,1,1,20,30,33,12,14,7,11,0,9.25,0,0,10,10,0,5,4,2,1,1,1,2
40425,40433,1,pv,1,1,1,30,25,23,6,2,4.5,0,10,6,12,2,7,10,15,5,10,5,4,2,2,30,25,33,11,19,2,11,2,8.5,0,10,15,0,10,6,4,2,1,1,1,2
40425,40433,2,pt,0,1,1,30,25,23,6,2,4.5,0,10,6,12,2,7,10,15,5,10,5,4,2,2,30,25,33,11,19,2,11,2,8.5,0,10,15,0,10,6,4,2,1,1,1,2
40425,40435,1,pv,1,1,1,20,30,15,6,2,4.5,0,20,0,2,12,7,0,5,0,5,10,2,3,3,20,30,20,0,9,12,16,2,6.5,0,0,5,0,20,7,1,2,1,1,1,1
40425,40435,3,pv_pt,0,1,1,20,30,15,6,2,4.5,0,20,0,2,12,7,0,5,0,5,10,2,3,3,20,30,20,0,9,12,16,2,6.5,0,0,5,0,20,7,1,2,1,1,1,1
40425,40436,1,pv,1,1,1,30,25,23,6,4,4.5,0,10,6,7,2,12,5,5,10,15,0,0,2,1,30,25,38,16,19,2,6,4,4.5,0,5,5,0,10,8,1,2,1,1,1,1
40425,40436,3,pv_pt,0,1,1,30,25,23,6,4,4.5,0,10,6,7,2,12,5,5,10,15,0,0,2,1,30,25,38,16,19,2,6,4,4.5,0,5,5,0,10,8,1,2,1,1,1,1
40425,40437,2,pt,1,1,1,30,20,23,4,0,3.0,20,20,12,2,12,2,0,15,10,5,0,0,1,1,30,20,28,22,4,12,4,0,3.0,0,0,15,20,20,9,1,2,1,1,1,1
40425,40437,1,pv,1,0,1,30,20,23,4,0,3.0,20,20,12,2,12,2,0,15,10,5,0,0,1,1,30,20,28,22,4,12,4,0,3.0,0,0,15,20,20,9,1,2,1,1,1,1
40438,40440,1,pv,1,1,1,25,20,25,6,0,6.0,20,20,0,12,2,12,0,15,10,15,5,4,1,3,25,20,40,10,24,2,11,0,10.0,0,0,15,20,20,1,3,1,2,4,2,1
40438,40440,3,pv_pt,0,1,1,25,20,25,6,0,6.0,20,20,0,12,2,12,0,15,10,15,5,4,1,3,25,20,40,10,24,2,11,0,10.0,0,0,15,20,20,1,3,1,2,4,2,1
40438,40441,1,pv,1,1,1,30,20,30,2,0,2.0,0,10,12,12,7,12,5,10,0,15,10,0,3,3,30,20,45,12,24,7,12,0,2.0,0,5,10,0,10,2,3,1,2,4,2,1
40438,40441,3,pv_pt,0,1,1,30,20,30,2,0,2.0,0,10,12,12,7,12,5,10,0,15,10,0,3,3,30,20,45,12,24,7,12,0,2.0,0,5,10,0,10,2,3,1,2,4,2,1
40438,40442,1,pv,1,1,1,20,30,18,6,0,5.25,10,0,12,12,7,2,0,10,0,15,5,4,1,1,20,30,33,12,14,7,11,0,9.25,0,0,10,10,0,3,3,1,2,4,2,1
40438,40442,2,pt,0,1,1,20,30,18,6,0,5.25,10,0,12,12,7,2,0,10,0,15,5,4,1,1,20,30,33,12,14,7,11,0,9.25,0,0,10,10,0,3,3,1,2,4,2,1
40438,40444,1,pv,1,1,1,30,25,23,6,2,4.5,0,10,6,12,2,7,10,15,5,10,5,4,2,2,30,25,33,11,19,2,11,2,8.5,0,10,15,0,10,4,3,2,1,4,2,2
40438,40444,3,pv_pt,0,1,1,30,25,23,6,2,4.5,0,10,6,12,2,7,10,15,5,10,5,4,2,2,30,25,33,11,19,2,11,2,8.5,0,10,15,0,10,4,3,2,1,4,2,2
40438,40445,1,pv,1,1,1,25,20,25,6,4,6.0,10,20,12,2,2,2,10,15,5,5,10,2,3,3,25,20,30,17,4,2,16,4,8.0,0,10,15,10,20,5,3,2,1,4,2,2
40438,40445,3,pv_pt,0,1,1,25,20,25,6,4,6.0,10,20,12,2,2,2,10,15,5,5,10,2,3,3,25,20,30,17,4,2,16,4,8.0,0,10,15,10,20,5,3,2,1,4,2,2
40438,40446,2,pt,1,1,1,25,20,22,4,0,3.5,10,0,0,7,12,2,0,10,10,10,0,2,3,2,25,20,32,10,9,12,4,0,5.5,0,0,10,10,0,6,3,2,1,4,2,2
40438,40446,1,pv,1,0,1,25,20,22,4,0,3.5,10,0,0,7,12,2,0,10,10,10,0,2,3,2,25,20,32,10,9,12,4,0,5.5,0,0,10,10,0,6,3,2,1,4,2,2
40438,40448,1,pv,1,1,1,20,30,20,6,0,6.0,10,0,0,2,12,12,10,10,10,10,10,0,1,2,20,30,30,10,14,12,16,0,6.0,0,10,10,10,0,7,3,1,2,2,1,1
40438,40448,3,pv_pt,0,1,1,20,30,20,6,0,6.0,10,0,0,2,12,12,10,10,10,10,10,0,1,2,20,30,30,10,14,12,16,0,6.0,0,10,10,10,0,7,3,1,2,2,1,1
40438,40449,1,pv,1,1,1,30,20,23,6,2,4.5,20,0,12,2,12,12,10,5,0,10,0,2,1,3,30,20,33,12,14,12,6,2,6.5,0,10,5,20,0,8,3,1,2,2,1,1
40438,40449,3,pv_pt,0,1,1,30,20,23,6,2,4.5,20,0,12,2,12,12,10,5,0,10,0,2,1,3,30,20,33,12,14,12,6,2,6.5,0,10,5,20,0,8,3,1,2,2,1,1
40438,40450,1,pv,1,1,1,20,25,18,2,0,1.75,0,0,12,2,7,12,0,15,5,5,5,4,2,1,20,25,23,17,14,7,7,0,5.75,0,0,15,0,0,9,3,1,2,2,1,1
40438,40450,2,pt,0,1,1,20,25,18,2,0,1.75,0,0,12,2,7,12,0,15,5,5,5,4,2,1,20,25,23,17,14,7,7,0,5.75,0,0,15,0,0,9,3,1,2,2,1,1
40465,40468,2,pt,1,1,1,30,25,23,6,2,4.5,0,10,6,12,2,7,10,15,5,10,5,4,2,2,30,25,33,11,19,2,11,2,8.5,0,10,15,0,10,1,2,2,2,3,1,2
40465,40468,3,pv_pt,1,0,1,30,25,23,6,2,4.5,0,10,6,12,2,7,10,15,5,10,5,4,2,2,30,25,33,11,19,2,11,2,8.5,0,10,15,0,10,1,2,2,2,3,1,2
40465,40469,2,pt,1,1,1,25,20,22,4,0,3.5,10,0,0,7,12,2,0,10,10,10,0,2,3,2,25,20,32,10,9,12,4,0,5.5,0,0,10,10,0,2,2,2,2,3,1,2
40465,40469,1,pv,1,0,1,25,20,22,4,0,3.5,10,0,0,7,12,2,0,10,10,10,0,2,3,2,25,20,32,10,9,12,4,0,5.5,0,0,10,10,0,2,2,2,2,3,1,2
40465,40470,1,pv,1,1,1,20,25,18,4,4,1.75,0,10,0,7,7,7,5,10,0,10,0,2,1,1,20,25,28,0,14,7,4,4,3.75,0,5,10,0,10,3,2,2,2,3,1,2
40465,40470,2,pt,0,1,1,20,25,18,4,4,1.75,0,10,0,7,7,7,5,10,0,10,0,2,1,1,20,25,28,0,14,7,4,4,3.75,0,5,10,0,10,3,2,2,2,3,1,2
40465,40472,1,pv,1,1,1,20,25,18,2,2,1.75,10,10,0,7,7,7,5,10,5,10,0,2,2,3,20,25,28,5,14,7,2,2,3.75,0,5,10,10,10,4,2,2,1,4,2,1
40465,40472,2,pt,0,1,1,20,25,18,2,2,1.75,10,10,0,7,7,7,5,10,5,10,0,2,2,3,20,25,28,5,14,7,2,2,3.75,0,5,10,10,10,4,2,2,1,4,2,1
40465,40473,3,pv_pt,1,1,1,30,25,23,6,4,4.5,0,10,6,7,2,12,5,5,10,15,0,0,2,1,30,25,38,16,19,2,6,4,4.5,0,5,5,0,10,5,2,2,1,4,2,1
40465,40473,1,pv,1,1,0,30,25,23,6,4,4.5,0,10,6,7,2,12,5,5,10,15,0,0,2,1,30,25,38,16,19,2,6,4,4.5,0,5,5,0,10,5,2,2,1,4,2,1
40465,40474,2,pt,1,1,1,25,20,25,6,0,6.0,20,20,0,12,2,12,0,15,10,15,5,4,1,3,25,20,40,10,24,2,11,0,10.0,0,0,15,20,20,6,2,2,1,4,2,1
40465,40474,1,pv,1,0,1,25,20,25,6,0,6.0,20,20,0,12,2,12,0,15,10,15,5,4,1,3,25,20,40,10,24,2,11,0,10.0,0,0,15,20,20,6,2,2,1,4,2,1
40465,40476,2,pt,1,1,1,30,20,30,2,0,2.0,0,10,12,12,7,12,5,10,0,15,10,0,3,3,30,20,45,12,24,7,12,0,2.0,0,5,10,0,10,7,3,2,2,3,1,1
40465,40476,1,pv,1,0,1,30,20,30,2,0,2.0,0,10,12,12,7,12,5,10,0,15,10,0,3,3,30,20,45,12,24,7,12,0,2.0,0,5,10,0,10,7,3,2,2,3,1,1
40465,40477,2,pt,1,1,1,30,30,26,2,0,1.75,10,0,0,2,7,2,10,15,0,15,10,0,3,1,30,30,41,0,4,7,12,0,1.75,0,10,15,10,0,8,3,2,2,3,1,1
40465,40477,1,pv,1,0,1,30,30,26,2,0,1.75,10,0,0,2,7,2,10,15,0,15,10,0,3,1,30,30,41,0,4,7,12,0,1.75,0,10,15,10,0,8,3,2,2,3,1,1
40465,40478,1,pv,1,1,1,25,30,25,4,4,4.0,10,10,6,7,7,7,5,10,5,10,0,2,1,3,25,30,35,11,14,7,4,4,6.0,0,5,10,10,10,9,3,2,2,3,1,1
40465,40478,3,pv_pt,0,1,1,25,30,25,4,4,4.0,10,10,6,7,7,7,5,10,5,10,0,2,1,3,25,30,35,11,14,7,4,4,6.0,0,5,10,10,10,9,3,2,2,3,1,1
40466,40480,1,pv,1,1,1,20,25,18,4,4,1.75,0,10,0,7,7,7,5,10,0,10,0,2,1,1,20,25,28,0,14,7,4,4,3.75,0,5,10,0,10,1,4,2,1,3,2,2
40466,40480,3,pv_pt,0,1,1,20,25,18,4,4,1.75,0,10,0,7,7,7,5,10,0,10,0,2,1,1,20,25,28,0,14,7,4,4,3.75,0,5,10,0,10,1,4,2,1,3,2,2
40466,40481,1,pv,1,1,1,25,25,22,2,2,1.75,20,20,6,7,2,7,5,5,5,5,0,0,3,2,25,25,27,11,14,2,2,2,1.75,0,5,5,20,20,2,4,2,1,3,2,2
40466,40481,3,pv_pt,0,1,1,25,25,22,2,2,1.75,20,20,6,7,2,7,5,5,5,5,0,0,3,2,25,25,27,11,14,2,2,2,1.75,0,5,5,20,20,2,4,2,1,3,2,2
40466,40482,2,pt,1,1,1,25,20,25,6,4,6.0,10,20,12,2,2,2,10,15,5,5,10,2,3,3,25,20,30,17,4,2,16,4,8.0,0,10,15,10,20,3,4,2,1,3,2,2
40466,40482,3,pv_pt,1,0,1,25,20,25,6,4,6.0,10,20,12,2,2,2,10,15,5,5,10,2,3,3,25,20,30,17,4,2,16,4,8.0,0,10,15,10,20,3,4,2,1,3,2,2
40466,40484,1,pv,1,1,1,25,20,25,6,0,6.0,20,20,0,12,2,12,0,15,10,15,5,4,1,3,25,20,40,10,24,2,11,0,10.0,0,0,15,20,20,4,1,2,2,4,1,1
40466,40484,2,pt,0,1,1,25,20,25,6,0,6.0,20,20,0,12,2,12,0,15,10,15,5,4,1,3,25,20,40,10,24,2,11,0,10.0,0,0,15,20,20,4,1,2,2,4,1,1
40466,40485,1,pv,1,1,1,25,30,25,4,4,4.0,20,0,12,12,12,12,0,15,10,10,5,4,3,2,25,30,35,22,24,12,9,4,8.0,0,0,15,20,0,5,1,2,2,4,1,1
40466,40485,2,pt,0,1,1,25,30,25,4,4,4.0,20,0,12,12,12,12,0,15,10,10,5,4,3,2,25,30,35,22,24,12,9,4,8.0,0,0,15,20,0,5,1,2,2,4,1,1
40466,40486,1,pv,1,1,1,20,30,18,6,0,5.25,10,0,12,12,7,2,0,10,0,15,5,4,1,1,20,30,33,12,14,7,11,0,9.25,0,0,10,10,0,6,1,2,2,4,1,1
40466,40486,2,pt,0,1,1,20,30,18,6,0,5.25,10,0,12,12,7,2,0,10,0,15,5,4,1,1,20,30,33,12,14,7,11,0,9.25,0,0,10,10,0,6,1,2,2,4,1,1
40466,40488,1,pv,1,1,1,30,25,23,6,4,4.5,0,10,6,7,2,12,5,5,10,15,0,0,2,1,30,25,38,16,19,2,6,4,4.5,0,5,5,0,10,7,4,1,1,4,1,1
40466,40488,3,pv_pt,0,1,1,30,25,23,6,4,4.5,0,10,6,7,2,12,5,5,10,15,0,0,2,1,30,25,38,16,19,2,6,4,4.5,0,5,5,0,10,7,4,1,1,4,1,1
40466,40489,1,pv,1,1,1,25,25,22,4,2,3.5,0,20,6,7,7,7,5,10,0,10,0,2,2,2,25,25,32,6,14,7,4,2,5.5,0,5,10,0,20,8,4,1,1,4,1,1
40466,40489,2,pt,0,1,1,25,25,22,4,2,3.5,0,20,6,7,7,7,5,10,0,10,0,2,2,2,25,25,32,6,14,7,4,2,5.5,0,5,10,0,20,8,4,1,1,4,1,1
40466,40490,1,pv,1,1,1,25,25,22,2,4,1.75,10,0,6,12,12,2,10,15,10,15,10,0,1,3,25,25,37,16,14,12,12,4,1.75,0,10,15,10,0,9,4,1,1,4,1,1
40466,40490,3,pv_pt,0,1,1,25,25,22,2,4,1.75,10,0,6,12,12,2,10,15,10,15,10,0,1,3,25,25,37,16,14,12,12,4,1.75,0,10,15,10,0,9,4,1,1,4,1,1
40544,40546,3,pv_pt,1,1,1,20,30,20,4,2,4.0,0,10,12,12,2,2,10,5,10,5,5,0,3,1,20,30,25,22,14,2,9,2,4.0,0,10,5,0,10,1,1,2,2,2,2,2
40544,40546,2,pt,1,1,0,20,30,20,4,2,4.0,0,10,12,12,2,2,10,5,10,5,5,0,3,1,20,30,25,22,14,2,9,2,4.0,0,10,5,0,10,1,1,2,2,2,2,2
40544,40547,3,pv_pt,1,1,1,30,25,23,2,4,1.5,10,10,0,12,2,7,5,5,5,5,5,4,2,3,30,25,28,5,19,2,7,4,5.5,0,5,5,10,10,2,1,2,2,2,2,2
40544,40547,1,pv,1,1,0,30,25,23,2,4,1.5,10,10,0,12,2,7,5,5,5,5,5,4,2,3,30,25,28,5,19,2,7,4,5.5,0,5,5,10,10,2,1,2,2,2,2,2
40544,40548,2,pt,1,1,1,25,20,22,4,0,3.5,10,0,0,7,12,2,0,10,10,10,0,2,3,2,25,20,32,10,9,12,4,0,5.5,0,0,10,10,0,3,1,2,2,2,2,2
40544,40548,1,pv,1,0,1,25,20,22,4,0,3.5,10,0,0,7,12,2,0,10,10,10,0,2,3,2,25,20,32,10,9,12,4,0,5.5,0,0,10,10,0,3,1,2,2,2,2,2
40544,40550,2,pt,1,1,1,30,30,30,4,0,4.0,20,20,0,12,12,2,10,10,5,5,10,4,2,1,30,30,35,5,14,12,14,0,8.0,0,10,10,20,20,4,3,2,2,1,2,2
40544,40550,3,pv_pt,1,0,1,30,30,30,4,0,4.0,20,20,0,12,12,2,10,10,5,5,10,4,2,1,30,30,35,5,14,12,14,0,8.0,0,10,10,20,20,4,3,2,2,1,2,2
40544,40551,2,pt,1,1,1,25,30,25,4,4,4.0,20,0,12,12,12,12,0,15,10,10,5,4,3,2,25,30,35,22,24,12,9,4,8.0,0,0,15,20,0,5,3,2,2,1,2,2
40544,40551,1,pv,1,0,1,25,30,25,4,4,4.0,20,0,12,12,12,12,0,15,10,10,5,4,3,2,25,30,35,22,24,12,9,4,8.0,0,0,15,20,0,5,3,2,2,1,2,2
40544,40552,2,pt,1,1,1,30,20,23,4,0,3.0,20,20,12,2,12,2,0,15,10,5,0,0,1,1,30,20,28,22,4,12,4,0,3.0,0,0,15,20,20,6,3,2,2,1,2,2
40544,40552,3,pv_pt,1,0,1,30,20,23,4,0,3.0,20,20,12,2,12,2,0,15,10,5,0,0,1,1,30,20,28,22,4,12,4,0,3.0,0,0,15,20,20,6,3,2,2,1,2,2
40544,40554,2,pt,1,1,1,25,25,22,2,4,1.75,10,0,6,12,12,2,10,15,10,15,10,0,1,3,25,25,37,16,14,12,12,4,1.75,0,10,15,10,0,7,4,1,1,2,2,2
40544,40554,3,pv_pt,1,0,1,25,25,22,2,4,1.75,10,0,6,12,12,2,10,15,10,15,10,0,1,3,25,25,37,16,14,12,12,4,1.75,0,10,15,10,0,7,4,1,1,2,2,2
40544,40555,3,pv_pt,1,1,1,30,25,23,6,4,4.5,0,10,6,7,2,12,5,5,10,15,0,0,2,1,30,25,38,16,19,2,6,4,4.5,0,5,5,0,10,8,4,1,1,2,2,2
40544,40555,2,pt,1,1,0,30,25,23,6,4,4.5,0,10,6,7,2,12,5,5,10,15,0,0,2,1,30,25,38,16,19,2,6,4,4.5,0,5,5,0,10,8,4,1,1,2,2,2
40544,40556,2,pt,1,1,1,25,20,25,6,4,6.0,20,0,6,2,7,2,0,5,0,15,10,2,2,2,25,20,40,6,4,7,16,4,8.0,0,0,5,20,0,9,4,1,1,2,2,2
40544,40556,3,pv_pt,1,0,1,25,20,25,6,4,6.0,20,0,6,2,7,2,0,5,0,15,10,2,2,2,25,20,40,6,4,7,16,4,8.0,0,0,5,20,0,9,4,1,1,2,2,2
40557,40559,1,pv,1,1,1,25,30,25,4,4,4.0,20,0,12,12,12,12,0,15,10,10,5,4,3,2,25,30,35,22,24,12,9,4,8.0,0,0,15,20,0,1,3,1,2,4,2,1
40557,40559,2,pt,0,1,1,25,30,25,4,4,4.0,20,0,12,12,12,12,0,15,10,10,5,4,3,2,25,30,35,22,24,12,9,4,8.0,0,0,15,20,0,1,3,1,2,4,2,1
40557,40560,1,pv,1,1,1,30,30,26,2,4,1.75,0,20,12,2,12,7,0,5,10,15,10,4,1,2,30,30,41,22,9,12,12,4,5.75,0,0,5,0,20,2,3,1,2,4,2,1
40557,40560,3,pv_pt,0,1,1,30,30,26,2,4,1.75,0,20,12,2,12,7,0,5,10,15,10,4,1,2,30,30,41,22,9,12,12,4,5.75,0,0,5,0,20,2,3,1,2,4,2,1
40557,40561,1,pv,1,1,1,25,30,25,4,4,4.0,10,10,6,7,7,7,5,10,5,10,0,2,1,3,25,30,35,11,14,7,4,4,6.0,0,5,10,10,10,3,3,1,2,4,2,1
40557,40561,3,pv_pt,0,1,1,25,30,25,4,4,4.0,10,10,6,7,7,7,5,10,5,10,0,2,1,3,25,30,35,11,14,7,4,4,6.0,0,5,10,10,10,3,3,1,2,4,2,1
40557,40563,1,pv,1,1,1,30,20,23,4,0,3.0,20,20,12,2,12,2,0,15,10,5,0,0,1,1,30,20,28,22,4,12,4,0,3.0,0,0,15,20,20,4,2,1,2,1,2,1
40557,40563,3,pv_pt,0,1,1,30,20,23,4,0,3.0,20,20,12,2,12,2,0,15,10,5,0,0,1,1,30,20,28,22,4,12,4,0,3.0,0,0,15,20,20,4,2,1,2,1,2,1
40557,40564,1,pv,1,1,1,20,30,20,4,2,4.0,0,10,12,12,2,2,10,5,10,5,5,0,3,1,20,30,25,22,14,2,9,2,4.0,0,10,5,0,10,5,2,1,2,1,2,1
40557,40564,2,pt,0,1,1,20,30,20,4,2,4.0,0,10,12,12,2,2,10,5,10,5,5,0,3,1,20,30,25,22,14,2,9,2,4.0,0,10,5,0,10,5,2,1,2,1,2,1
40557,40565,1,pv,1,1,1,25,20,25,6,0,6.0,20,20,0,12,2,12,0,15,10,15,5,4,1,3,25,20,40,10,24,2,11,0,10.0,0,0,15,20,20,6,2,1,2,1,2,1
40557,40565,3,pv_pt,0,1,1,25,20,25,6,0,6.0,20,20,0,12,2,12,0,15,10,15,5,4,1,3,25,20,40,10,24,2,11,0,10.0,0,0,15,20,20,6,2,1,2,1,2,1
40557,40567,1,pv,1,1,1,30,25,23,6,2,4.5,0,10,6,12,2,7,10,15,5,10,5,4,2,2,30,25,33,11,19,2,11,2,8.5,0,10,15,0,10,7,1,2,2,2,2,2
40557,40567,3,pv_pt,0,1,1,30,25,23,6,2,4.5,0,10,6,12,2,7,10,15,5,10,5,4,2,2,30,25,33,11,19,2,11,2,8.5,0,10,15,0,10,7,1,2,2,2,2,2
40557,40568,1,pv,1,1,1,30,30,30,4,0,4.0,20,20,0,12,12,2,10,10,5,5,10,4,2,1,30,30,35,5,14,12,14,0,8.0,0,10,10,20,20,8,1,2,2,2,2,2
40557,40568,2,pt,0,1,1,30,30,30,4,0,4.0,20,20,0,12,12,2,10,10,5,5,10,4,2,1,30,30,35,5,14,12,14,0,8.0,0,10,10,20,20,8,1,2,2,2,2,2
40557,40569,1,pv,1,1,1,20,30,18,6,0,5.25,10,0,12,12,7,2,0,10,0,15,5,4,1,1,20,30,33,12,14,7,11,0,9.25,0,0,10,10,0,9,1,2,2,2,2,2
40557,40569,3,pv_pt,0,1,1,20,30,18,6,0,5.25,10,0,12,12,7,2,0,10,0,15,5,4,1,1,20,30,33,12,14,7,11,0,9.25,0,0,10,10,0,9,1,2,2,2,2,2
40584,40588,2,pt,1,1,1,25,20,25,6,0,6.0,20,20,0,12,2,12,0,15,10,15,5,4,1,3,25,20,40,10,24,2,11,0,10.0,0,0,15,20,20,1,4,2,2,3,2,1
40584,40588,1,pv,1,0,1,25,20,25,6,0,6.0,20,20,0,12,2,12,0,15,10,15,5,4,1,3,25,20,40,10,24,2,11,0,10.0,0,0,15,20,20,1,4,2,2,3,2,1
40584,40589,1,pv,1,1,1,20,20,15,2,2,1.5,20,10,6,7,2,12,10,5,5,15,5,4,3,1,20,20,30,11,19,2,7,2,5.5,0,10,5,20,10,2,4,2,2,3,2,1
40584,40589,2,pt,0,1,1,20,20,15,2,2,1.5,20,10,6,7,2,12,10,5,5,15,5,4,3,1,20,20,30,11,19,2,7,2,5.5,0,10,5,20,10,2,4,2,2,3,2,1
40584,40590,2,pt,1,1,1,30,30,26,2,4,1.75,0,20,12,2,12,7,0,5,10,15,10,4,1,2,30,30,41,22,9,12,12,4,5.75,0,0,5,0,20,3,4,2,2,3,2,1
40584,40590,1,pv,1,0,1,30,30,26,2,4,1.75,0,20,12,2,12,7,0,5,10,15,10,4,1,2,30,30,41,22,9,12,12,4,5.75,0,0,5,0,20,3,4,2,2,3,2,1
40584,40592,3,pv_pt,1,1,1,30,25,23,2,4,1.5,10,10,0,12,2,7,5,5,5,5,5,4,2,3,30,25,28,5,19,2,7,4,5.5,0,5,5,10,10,4,1,1,1,2,2,1
40584,40592,1,pv,1,1,0,30,25,23,2,4,1.5,10,10,0,12,2,7,5,5,5,5,5,4,2,3,30,25,28,5,19,2,7,4,5.5,0,5,5,10,10,4,1,1,1,2,2,1
40584,40593,2,pt,1,1,1,30,20,23,4,0,3.0,20,20,12,2,12,2,0,15,10,5,0,0,1,1,30,20,28,22,4,12,4,0,3.0,0,0,15,20,20,5,1,1,1,2,2,1
40584,40593,1,pv,1,0,1,30,20,23,4,0,3.0,20,20,12,2,12,2,0,15,10,5,0,0,1,1,30,20,28,22,4,12,4,0,3.0,0,0,15,20,20,5,1,1,1,2,2,1
40584,40594,3,pv_pt,1,1,1,30,30,30,4,0,4.0,20,20,0,12,12,2,10,10,5,5,10,4,2,1,30,30,35,5,14,12,14,0,8.0,0,10,10,20,20,6,1,1,1,2,2,1
40584,40594,1,pv,1,1,0,30,30,30,4,0,4.0,20,20,0,12,12,2,10,10,5,5,10,4,2,1,30,30,35,5,14,12,14,0,8.0,0,10,10,20,20,6,1,1,1,2,2,1
40584,40596,2,pt,1,1,1,25,20,25,6,4,6.0,20,0,6,2,7,2,0,5,0,15,10,2,2,2,25,20,40,6,4,7,16,4,8.0,0,0,5,20,0,7,3,1,2,4,2,1
40584,40596,1,pv,1,0,1,25,20,25,6,4,6.0,20,0,6,2,7,2,0,5,0,15,10,2,2,2,25,20,40,6,4,7,16,4,8.0,0,0,5,20,0,7,3,1,2,4,2,1
40584,40597,1,pv,1,1,1,25,20,25,6,4,6.0,10,20,12,2,2,2,10,15,5,5,10,2,3,3,25,20,30,17,4,2,16,4,8.0,0,10,15,10,20,8,3,1,2,4,2,1
40584,40597,3,pv_pt,0,1,1,25,20,25,6,4,6.0,10,20,12,2,2,2,10,15,5,5,10,2,3,3,25,20,30,17,4,2,16,4,8.0,0,10,15,10,20,8,3,1,2,4,2,1
40584,40598,1,pv,1,1,1,20,30,15,6,2,4.5,0,20,0,2,12,7,0,5,0,5,10,2,3,3,20,30,20,0,9,12,16,2,6.5,0,0,5,0,20,9,3,1,2,4,2,1
40584,40598,3,pv_pt,0,1,1,20,30,15,6,2,4.5,0,20,0,2,12,7,0,5,0,5,10,2,3,3,20,30,20,0,9,12,16,2,6.5,0,0,5,0,20,9,3,1,2,4,2,1
40639,40641,1,pv,1,1,1,30,20,23,6,2,4.5,20,0,12,2,12,12,10,5,0,10,0,2,1,3,30,20,33,12,14,12,6,2,6.5,0,10,5,20,0,1,3,2,2,3,1,1
40639,40641,3,pv_pt,0,1,1,30,20,23,6,2,4.5,20,0,12,2,12,12,10,5,0,10,0,2,1,3,30,20,33,12,14,12,6,2,6.5,0,10,5,20,0,1,3,2,2,3,1,1
40639,40642,2,pt,1,1,1,20,20,15,2,2,1.5,20,10,6,7,2,12,10,5,5,15,5,4,3,1,20,20,30,11,19,2,7,2,5.5,0,10,5,20,10,2,3,2,2,3,1,1
40639,40642,1,pv,1,0,1,20,20,15,2,2,1.5,20,10,6,7,2,12,10,5,5,15,5,4,3,1,20,20,30,11,19,2,7,2,5.5,0,10,5,20,10,2,3,2,2,3,1,1
40639,40643,1,pv,1,1,1,30,30,26,2,4,1.75,0,20,12,2,12,7,0,5,10,15,10,4,1,2,30,30,41,22,9,12,12,4,5.75,0,0,5,0,20,3,3,2,2,3,1,1
40639,40643,3,pv_pt,0,1,1,30,30,26,2,4,1.75,0,20,12,2,12,7,0,5,10,15,10,4,1,2,30,30,41,22,9,12,12,4,5.75,0,0,5,0,20,3,3,2,2,3,1,1
40639,40645,2,pt,1,1,1,30,20,30,2,0,2.0,0,10,12,12,7,12,5,10,0,15,10,0,3,3,30,20,45,12,24,7,12,0,2.0,0,5,10,0,10,4,4,1,1,4,1,1
40639,40645,1,pv,1,0,1,30,20,30,2,0,2.0,0,10,12,12,7,12,5,10,0,15,10,0,3,3,30,20,45,12,24,7,12,0,2.0,0,5,10,0,10,4,4,1,1,4,1,1
40639,40646,2,pt,1,1,1,25,20,25,6,4,6.0,10,20,12,2,2,2,10,15,5,5,10,2,3,3,25,20,30,17,4,2,16,4,8.0,0,10,15,10,20,5,4,1,1,4,1,1
40639,40646,1,pv,1,0,1,25,20,25,6,4,6.0,10,20,12,2,2,2,10,15,5,5,10,2,3,3,25,20,30,17,4,2,16,4,8.0,0,10,15,10,20,5,4,1,1,4,1,1
40639,40647,1,pv,1,1,1,25,30,25,4,4,4.0,10,10,6,7,7,7,5,10,5,10,0,2,1,3,25,30,35,11,14,7,4,4,6.0,0,5,10,10,10,6,4,1,1,4,1,1
40639,40647,3,pv_pt,0,1,1,25,30,25,4,4,4.0,10,10,6,7,7,7,5,10,5,10,0,2,1,3,25,30,35,11,14,7,4,4,6.0,0,5,10,10,10,6,4,1,1,4,1,1
40639,40649,1,pv,1,1,1,20,30,18,6,0,5.25,10,0,12,12,7,2,0,10,0,15,5,4,1,1,20,30,33,12,14,7,11,0,9.25,0,0,10,10,0,7,2,2,2,3,1,2
40639,40649,3,pv_pt,0,1,1,20,30,18,6,0,5.25,10,0,12,12,7,2,0,10,0,15,5,4,1,1,20,30,33,12,14,7,11,0,9.25,0,0,10,10,0,7,2,2,2,3,1,2
40639,40650,1,pv,1,1,1,25,20,25,6,0,6.0,20,20,0,12,2,12,0,15,10,15,5,4,1,3,25,20,40,10,24,2,11,0,10.0,0,0,15,20,20,8,2,2,2,3,1,2
40639,40650,3,pv_pt,0,1,1,25,20,25,6,0,6.0,20,20,0,12,2,12,0,15,10,15,5,4,1,3,25,20,40,10,24,2,11,0,10.0,0,0,15,20,20,8,2,2,2,3,1,2
40639,40651,2,pt,1,1,1,20,25,18,2,0,1.75,0,0,12,2,7,12,0,15,5,5,5,4,2,1,20,25,23,17,14,7,7,0,5.75,0,0,15,0,0,9,2,2,2,3,1,2
40639,40651,1,pv,1,0,1,20,25,18,2,0,1.75,0,0,12,2,7,12,0,15,5,5,5,4,2,1,20,25,23,17,14,7,7,0,5.75,0,0,15,0,0,9,2,2,2,3,1,2
40666,40695,1,pv,1,1,1,30,30,26,2,4,1.75,0,20,12,2,12,7,0,5,10,15,10,4,1,2,30,30,41,22,9,12,12,4,5.75,0,0,5,0,20,1,3,1,1,3,1,2
40666,40695,3,pv_pt,0,1,1,30,30,26,2,4,1.75,0,20,12,2,12,7,0,5,10,15,10,4,1,2,30,30,41,22,9,12,12,4,5.75,0,0,5,0,20,1,3,1,1,3,1,2
40666,40696,2,pt,1,1,1,20,25,18,2,0,1.75,0,0,12,2,7,12,0,15,5,5,5,4,2,1,20,25,23,17,14,7,7,0,5.75,0,0,15,0,0,2,3,1,1,3,1,2
40666,40696,1,pv,1,0,1,20,25,18,2,0,1.75,0,0,12,2,7,12,0,15,5,5,5,4,2,1,20,25,23,17,14,7,7,0,5.75,0,0,15,0,0,2,3,1,1,3,1,2
40666,40697,2,pt,1,1,1,30,20,23,6,2,4.5,20,0,12,2,12,12,10,5,0,10,0,2,1,3,30,20,33,12,14,12,6,2,6.5,0,10,5,20,0,3,3,1,1,3,1,2
40666,40697,3,pv_pt,1,0,1,30,20,23,6,2,4.5,20,0,12,2,12,12,10,5,0,10,0,2,1,3,30,20,33,12,14,12,6,2,6.5,0,10,5,20,0,3,3,1,1,3,1,2
40666,40699,1,pv,1,1,1,25,20,25,6,4,6.0,10,20,12,2,2,2,10,15,5,5,10,2,3,3,25,20,30,17,4,2,16,4,8.0,0,10,15,10,20,4,4,2,2,2,2,1
40666,40699,2,pt,0,1,1,25,20,25,6,4,6.0,10,20,12,2,2,2,10,15,5,5,10,2,3,3,25,20,30,17,4,2,16,4,8.0,0,10,15,10,20,4,4,2,2,2,2,1
40666,40700,1,pv,1,1,1,20,25,18,4,4,1.75,0,10,0,7,7,7,5,10,0,10,0,2,1,1,20,25,28,0,14,7,4,4,3.75,0,5,10,0,10,5,4,2,2,2,2,1
40666,40700,3,pv_pt,0,1,1,20,25,18,4,4,1.75,0,10,0,7,7,7,5,10,0,10,0,2,1,1,20,25,28,0,14,7,4,4,3.75,0,5,10,0,10,5,4,2,2,2,2,1
40666,40701,2,pt,1,1,1,30,20,23,4,0,3.0,20,20,12,2,12,2,0,15,10,5,0,0,1,1,30,20,28,22,4,12,4,0,3.0,0,0,15,20,20,6,4,2,2,2,2,1
40666,40701,1,pv,1,0,1,30,20,23,4,0,3.0,20,20,12,2,12,2,0,15,10,5,0,0,1,1,30,20,28,22,4,12,4,0,3.0,0,0,15,20,20,6,4,2,2,2,2,1
40666,40703,3,pv_pt,1,1,1,20,30,20,6,0,6.0,10,0,0,2,12,12,10,10,10,10,10,0,1,2,20,30,30,10,14,12,16,0,6.0,0,10,10,10,0,7,3,1,2,2,1,1
40666,40703,1,pv,1,1,0,20,30,20,6,0,6.0,10,0,0,2,12,12,10,10,10,10,10,0,1,2,20,30,30,10,14,12,16,0,6.0,0,10,10,10,0,7,3,1,2,2,1,1
40666,40704,1,pv,1,1,1,25,25,22,4,2,3.5,0,20,6,7,7,7,5,10,0,10,0,2,2,2,25,25,32,6,14,7,4,2,5.5,0,5,10,0,20,8,3,1,2,2,1,1
40666,40704,3,pv_pt,0,1,1,25,25,22,4,2,3.5,0,20,6,7,7,7,5,10,0,10,0,2,2,2,25,25,32,6,14,7,4,2,5.5,0,5,10,0,20,8,3,1,2,2,1,1
40666,40705,3,pv_pt,1,1,1,30,30,30,4,0,4.0,20,20,0,12,12,2,10,10,5,5,10,4,2,1,30,30,35,5,14,12,14,0,8.0,0,10,10,20,20,9,3,1,2,2,1,1
40666,40705,2,pt,1,1,0,30,30,30,4,0,4.0,20,20,0,12,12,2,10,10,5,5,10,4,2,1,30,30,35,5,14,12,14,0,8.0,0,10,10,20,20,9,3,1,2,2,1,1
40668,40675,2,pt,1,1,1,25,25,22,2,4,1.75,10,0,6,12,12,2,10,15,10,15,10,0,1,3,25,25,37,16,14,12,12,4,1.75,0,10,15,10,0,1,3,1,1,3,1,2
40668,40675,3,pv_pt,1,0,1,25,25,22,2,4,1.75,10,0,6,12,12,2,10,15,10,15,10,0,1,3,25,25,37,16,14,12,12,4,1.75,0,10,15,10,0,1,3,1,1,3,1,2
40668,40678,2,pt,1,1,1,25,20,25,6,0,6.0,20,20,0,12,2,12,0,15,10,15,5,4,1,3,25,20,40,10,24,2,11,0,10.0,0,0,15,20,20,2,3,1,1,3,1,2
40668,40678,3,pv_pt,1,0,1,25,20,25,6,0,6.0,20,20,0,12,2,12,0,15,10,15,5,4,1,3,25,20,40,10,24,2,11,0,10.0,0,0,15,20,20,2,3,1,1,3,1,2
40668,40679,3,pv_pt,1,1,1,20,30,20,4,2,4.0,0,10,12,12,2,2,10,5,10,5,5,0,3,1,20,30,25,22,14,2,9,2,4.0,0,10,5,0,10,3,3,1,1,3,1,2
40668,40679,2,pt,1,1,0,20,30,20,4,2,4.0,0,10,12,12,2,2,10,5,10,5,5,0,3,1,20,30,25,22,14,2,9,2,4.0,0,10,5,0,10,3,3,1,1,3,1,2
40668,40683,2,pt,1,1,1,20,30,18,6,0,5.25,10,0,12,12,7,2,0,10,0,15,5,4,1,1,20,30,33,12,14,7,11,0,9.25,0,0,10,10,0,4,4,1,2,1,1,1
40668,40683,3,pv_pt,1,0,1,20,30,18,6,0,5.25,10,0,12,12,7,2,0,10,0,15,5,4,1,1,20,30,33,12,14,7,11,0,9.25,0,0,10,10,0,4,4,1,2,1,1,1
40668,40685,1,pv,1,1,1,25,20,22,4,0,3.5,10,0,0,7,12,2,0,10,10,10,0,2,3,2,25,20,32,10,9,12,4,0,5.5,0,0,10,10,0,5,4,1,2,1,1,1
40668,40685,2,pt,0,1,1,25,20,22,4,0,3.5,10,0,0,7,12,2,0,10,10,10,0,2,3,2,25,20,32,10,9,12,4,0,5.5,0,0,10,10,0,5,4,1,2,1,1,1
40668,40687,1,pv,1,1,1,30,30,26,2,4,1.75,0,20,12,2,12,7,0,5,10,15,10,4,1,2,30,30,41,22,9,12,12,4,5.75,0,0,5,0,20,6,4,1,2,1,1,1
40668,40687,2,pt,0,1,1,30,30,26,2,4,1.75,0,20,12,2,12,7,0,5,10,15,10,4,1,2,30,30,41,22,9,12,12,4,5.75,0,0,5,0,20,6,4,1,2,1,1,1
40668,40690,2,pt,1,1,1,20,25,18,2,0,1.75,0,0,12,2,7,12,0,15,5,5,5,4,2,1,20,25,23,17,14,7,7,0,5.75,0,0,15,0,0,7,2,1,1,3,1,1
40668,40690,1,pv,1,0,1,20,25,18,2,0,1.75,0,0,12,2,7,12,0,15,5,5,5,4,2,1,20,25,23,17,14,7,7,0,5.75,0,0,15,0,0,7,2,1,1,3,1,1
40668,40692,1,pv,1,1,1,25,25,22,4,2,3.5,0,20,6,7,7,7,5,10,0,10,0,2,2,2,25,25,32,6,14,7,4,2,5.5,0,5,10,0,20,8,2,1,1,3,1,1
40668,40692,3,pv_pt,0,1,1,25,25,22,4,2,3.5,0,20,6,7,7,7,5,10,0,10,0,2,2,2,25,25,32,6,14,7,4,2,5.5,0,5,10,0,20,8,2,1,1,3,1,1
40668,40693,1,pv,1,1,1,20,25,18,4,4,1.75,0,10,0,7,7,7,5,10,0,10,0,2,1,1,20,25,28,0,14,7,4,4,3.75,0,5,10,0,10,9,2,1,1,3,1,1
40668,40693,3,pv_pt,0,1,1,20,25,18,4,4,1.75,0,10,0,7,7,7,5,10,0,10,0,2,1,1,20,25,28,0,14,7,4,4,3.75,0,5,10,0,10,9,2,1,1,3,1,1
40706,40708,1,pv,1,1,1,20,25,18,2,0,1.75,0,0,12,2,7,12,0,15,5,5,5,4,2,1,20,25,23,17,14,7,7,0,5.75,0,0,15,0,0,1,2,1,2,1,2,1
40706,40708,3,pv_pt,0,1,1,20,25,18,2,0,1.75,0,0,12,2,7,12,0,15,5,5,5,4,2,1,20,25,23,17,14,7,7,0,5.75,0,0,15,0,0,1,2,1,2,1,2,1
40706,40709,3,pv_pt,1,1,1,30,30,26,2,0,1.75,10,0,0,2,7,2,10,15,0,15,10,0,3,1,30,30,41,0,4,7,12,0,1.75,0,10,15,10,0,2,2,1,2,1,2,1
40706,40709,1,pv,1,1,0,30,30,26,2,0,1.75,10,0,0,2,7,2,10,15,0,15,10,0,3,1,30,30,41,0,4,7,12,0,1.75,0,10,15,10,0,2,2,1,2,1,2,1
40706,40710,2,pt,1,1,1,25,20,22,4,0,3.5,10,0,0,7,12,2,0,10,10,10,0,2,3,2,25,20,32,10,9,12,4,0,5.5,0,0,10,10,0,3,2,1,2,1,2,1
40706,40710,1,pv,1,0,1,25,20,22,4,0,3.5,10,0,0,7,12,2,0,10,10,10,0,2,3,2,25,20,32,10,9,12,4,0,5.5,0,0,10,10,0,3,2,1,2,1,2,1
40706,40712,1,pv,1,1,1,20,30,15,6,2,4.5,0,20,0,2,12,7,0,5,0,5,10,2,3,3,20,30,20,0,9,12,16,2,6.5,0,0,5,0,20,4,3,1,2,4,2,1
40706,40712,2,pt,0,1,1,20,30,15,6,2,4.5,0,20,0,2,12,7,0,5,0,5,10,2,3,3,20,30,20,0,9,12,16,2,6.5,0,0,5,0,20,4,3,1,2,4,2,1
40706,40713,2,pt,1,1,1,25,25,22,4,2,3.5,0,20,6,7,7,7,5,10,0,10,0,2,2,2,25,25,32,6,14,7,4,2,5.5,0,5,10,0,20,5,3,1,2,4,2,1
40706,40713,1,pv,1,0,1,25,25,22,4,2,3.5,0,20,6,7,7,7,5,10,0,10,0,2,2,2,25,25,32,6,14,7,4,2,5.5,0,5,10,0,20,5,3,1,2,4,2,1
40706,40714,2,pt,1,1,1,20,25,18,2,2,1.75,10,10,0,7,7,7,5,10,5,10,0,2,2,3,20,25,28,5,14,7,2,2,3.75,0,5,10,10,10,6,3,1,2,4,2,1
40706,40714,3,pv_pt,1,0,1,20,25,18,2,2,1.75,10,10,0,7,7,7,5,10,5,10,0,2,2,3,20,25,28,5,14,7,2,2,3.75,0,5,10,10,10,6,3,1,2,4,2,1
40706,40716,1,pv,1,1,1,20,25,15,4,2,3.0,20,20,6,7,2,12,5,15,0,5,5,0,2,2,20,25,20,6,19,2,9,2,3.0,0,5,15,20,20,7,3,1,2,2,1,1
40706,40716,2,pt,0,1,1,20,25,15,4,2,3.0,20,20,6,7,2,12,5,15,0,5,5,0,2,2,20,25,20,6,19,2,9,2,3.0,0,5,15,20,20,7,3,1,2,2,1,1
40706,40717,2,pt,1,1,1,30,25,23,6,4,4.5,0,10,6,7,2,12,5,5,10,15,0,0,2,1,30,25,38,16,19,2,6,4,4.5,0,5,5,0,10,8,3,1,2,2,1,1
40706,40717,3,pv_pt,1,0,1,30,25,23,6,4,4.5,0,10,6,7,2,12,5,5,10,15,0,0,2,1,30,25,38,16,19,2,6,4,4.5,0,5,5,0,10,8,3,1,2,2,1,1
40706,40718,2,pt,1,1,1,30,20,30,2,0,2.0,0,10,12,12,7,12,5,10,0,15,10,0,3,3,30,20,45,12,24,7,12,0,2.0,0,5,10,0,10,9,3,1,2,2,1,1
40706,40718,1,pv,1,0,1,30,20,30,2,0,2.0,0,10,12,12,7,12,5,10,0,15,10,0,3,3,30,20,45,12,24,7,12,0,2.0,0,5,10,0,10,9,3,1,2,2,1,1
40719,40723,1,pv,1,1,1,30,25,23,6,2,4.5,0,10,6,12,2,7,10,15,5,10,5,4,2,2,30,25,33,11,19,2,11,2,8.5,0,10,15,0,10,1,1,1,2,3,2,2
40719,40723,3,pv_pt,0,1,1,30,25,23,6,2,4.5,0,10,6,12,2,7,10,15,5,10,5,4,2,2,30,25,33,11,19,2,11,2,8.5,0,10,15,0,10,1,1,1,2,3,2,2
40719,40724,1,pv,1,1,1,20,25,18,4,4,1.75,0,10,0,7,7,7,5,10,0,10,0,2,1,1,20,25,28,0,14,7,4,4,3.75,0,5,10,0,10,2,1,1,2,3,2,2
40719,40724,3,pv_pt,0,1,1,20,25,18,4,4,1.75,0,10,0,7,7,7,5,10,0,10,0,2,1,1,20,25,28,0,14,7,4,4,3.75,0,5,10,0,10,2,1,1,2,3,2,2
40719,40725,2,pt,1,1,1,30,30,26,2,4,1.75,0,20,12,2,12,7,0,5,10,15,10,4,1,2,30,30,41,22,9,12,12,4,5.75,0,0,5,0,20,3,1,1,2,3,2,2
40719,40725,1,pv,1,0,1,30,30,26,2,4,1.75,0,20,12,2,12,7,0,5,10,15,10,4,1,2,30,30,41,22,9,12,12,4,5.75,0,0,5,0,20,3,1,1,2,3,2,2
40719,40727,2,pt,1,1,1,30,30,26,2,0,1.75,10,0,0,2,7,2,10,15,0,15,10,0,3,1,30,30,41,0,4,7,12,0,1.75,0,10,15,10,0,4,2,1,2,1,2,1
40719,40727,1,pv,1,0,1,30,30,26,2,0,1.75,10,0,0,2,7,2,10,15,0,15,10,0,3,1,30,30,41,0,4,7,12,0,1.75,0,10,15,10,0,4,2,1,2,1,2,1
40719,40728,2,pt,1,1,1,20,25,18,2,0,1.75,0,0,12,2,7,12,0,15,5,5,5,4,2,1,20,25,23,17,14,7,7,0,5.75,0,0,15,0,0,5,2,1,2,1,2,1
40719,40728,1,pv,1,0,1,20,25,18,2,0,1.75,0,0,12,2,7,12,0,15,5,5,5,4,2,1,20,25,23,17,14,7,7,0,5.75,0,0,15,0,0,5,2,1,2,1,2,1
40719,40729,2,pt,1,1,1,20,30,18,6,0,5.25,10,0,12,12,7,2,0,10,0,15,5,4,1,1,20,30,33,12,14,7,11,0,9.25,0,0,10,10,0,6,2,1,2,1,2,1
40719,40729,1,pv,1,0,1,20,30,18,6,0,5.25,10,0,12,12,7,2,0,10,0,15,5,4,1,1,20,30,33,12,14,7,11,0,9.25,0,0,10,10,0,6,2,1,2,1,2,1
40719,40731,1,pv,1,1,1,25,25,22,2,4,1.75,10,0,6,12,12,2,10,15,10,15,10,0,1,3,25,25,37,16,14,12,12,4,1.75,0,10,15,10,0,7,3,2,2,3,1,1
40719,40731,2,pt,0,1,1,25,25,22,2,4,1.75,10,0,6,12,12,2,10,15,10,15,10,0,1,3,25,25,37,16,14,12,12,4,1.75,0,10,15,10,0,7,3,2,2,3,1,1
40719,40732,2,pt,1,1,1,25,20,25,6,4,6.0,20,0,6,2,7,2,0,5,0,15,10,2,2,2,25,20,40,6,4,7,16,4,8.0,0,0,5,20,0,8,3,2,2,3,1,1
40719,40732,3,pv_pt,1,0,1,25,20,25,6,4,6.0,20,0,6,2,7,2,0,5,0,15,10,2,2,2,25,20,40,6,4,7,16,4,8.0,0,0,5,20,0,8,3,2,2,3,1,1
40719,40733,1,pv,1,1,1,25,25,22,4,2,3.5,0,20,6,7,7,7,5,10,0,10,0,2,2,2,25,25,32,6,14,7,4,2,5.5,0,5,10,0,20,9,3,2,2,3,1,1
40719,40733,3,pv_pt,0,1,1,25,25,22,4,2,3.5,0,20,6,7,7,7,5,10,0,10,0,2,2,2,25,25,32,6,14,7,4,2,5.5,0,5,10,0,20,9,3,2,2,3,1,1
40777,40829,1,pv,1,1,1,25,25,22,4,2,3.5,0,20,6,7,7,7,5,10,0,10,0,2,2,2,25,25,32,6,14,7,4,2,5.5,0,5,10,0,20,1,3,1,1,3,1,2
40777,40829,3,pv_pt,0,1,1,25,25,22,4,2,3.5,0,20,6,7,7,7,5,10,0,10,0,2,2,2,25,25,32,6,14,7,4,2,5.5,0,5,10,0,20,1,3,1,1,3,1,2
40777,40830,1,pv,1,1,1,25,30,25,4,4,4.0,10,10,6,7,7,7,5,10,5,10,0,2,1,3,25,30,35,11,14,7,4,4,6.0,0,5,10,10,10,2,3,1,1,3,1,2
40777,40830,3,pv_pt,0,1,1,25,30,25,4,4,4.0,10,10,6,7,7,7,5,10,5,10,0,2,1,3,25,30,35,11,14,7,4,4,6.0,0,5,10,10,10,2,3,1,1,3,1,2
40777,40831,3,pv_pt,1,1,1,20,20,15,2,2,1.5,20,10,6,7,2,12,10,5,5,15,5,4,3,1,20,20,30,11,19,2,7,2,5.5,0,10,5,20,10,3,3,1,1,3,1,2
40777,40831,2,pt,1,1,0,20,20,15,2,2,1.5,20,10,6,7,2,12,10,5,5,15,5,4,3,1,20,20,30,11,19,2,7,2,5.5,0,10,5,20,10,3,3,1,1,3,1,2
40777,40833,2,pt,1,1,1,20,30,18,6,0,5.25,10,0,12,12,7,2,0,10,0,15,5,4,1,1,20,30,33,12,14,7,11,0,9.25,0,0,10,10,0,4,4,1,1,2,2,2
40777,40833,1,pv,1,0,1,20,30,18,6,0,5.25,10,0,12,12,7,2,0,10,0,15,5,4,1,1,20,30,33,12,14,7,11,0,9.25,0,0,10,10,0,4,4,1,1,2,2,2
40777,40834,3,pv_pt,1,1,1,30,25,23,2,4,1.5,10,10,0,12,2,7,5,5,5,5,5,4,2,3,30,25,28,5,19,2,7,4,5.5,0,5,5,10,10,5,4,1,1,2,2,2
40777,40834,2,pt,1,1,0,30,25,23,2,4,1.5,10,10,0,12,2,7,5,5,5,5,5,4,2,3,30,25,28,5,19,2,7,4,5.5,0,5,5,10,10,5,4,1,1,2,2,2
40777,40835,2,pt,1,1,1,30,30,26,2,0,1.75,10,0,0,2,7,2,10,15,0,15,10,0,3,1,30,30,41,0,4,7,12,0,1.75,0,10,15,10,0,6,4,1,1,2,2,2
40777,40835,3,pv_pt,1,0,1,30,30,26,2,0,1.75,10,0,0,2,7,2,10,15,0,15,10,0,3,1,30,30,41,0,4,7,12,0,1.75,0,10,15,10,0,6,4,1,1,2,2,2
40777,40837,2,pt,1,1,1,25,30,25,4,4,4.0,20,0,12,12,12,12,0,15,10,10,5,4,3,2,25,30,35,22,24,12,9,4,8.0,0,0,15,20,0,7,3,1,2,4,2,1
40777,40837,1,pv,1,0,1,25,30,25,4,4,4.0,20,0,12,12,12,12,0,15,10,10,5,4,3,2,25,30,35,22,24,12,9,4,8.0,0,0,15,20,0,7,3,1,2,4,2,1
40777,40838,2,pt,1,1,1,30,20,23,6,2,4.5,20,0,12,2,12,12,10,5,0,10,0,2,1,3,30,20,33,12,14,12,6,2,6.5,0,10,5,20,0,8,3,1,2,4,2,1
40777,40838,3,pv_pt,1,0,1,30,20,23,6,2,4.5,20,0,12,2,12,12,10,5,0,10,0,2,1,3,30,20,33,12,14,12,6,2,6.5,0,10,5,20,0,8,3,1,2,4,2,1
40777,40839,3,pv_pt,1,1,1,20,25,15,4,2,3.0,20,20,6,7,2,12,5,15,0,5,5,0,2,2,20,25,20,6,19,2,9,2,3.0,0,5,15,20,20,9,3,1,2,4,2,1
40777,40839,1,pv,1,1,0,20,25,15,4,2,3.0,20,20,6,7,2,12,5,15,0,5,5,0,2,2,20,25,20,6,19,2,9,2,3.0,0,5,15,20,20,9,3,1,2,4,2,1
41489,41526,2,pt,1,1,1,30,30,26,2,4,1.75,0,20,12,2,12,7,0,5,10,15,10,4,1,2,30,30,41,22,9,12,12,4,5.75,0,0,5,0,20,1,4,2,1,3,2,2
41489,41526,3,pv_pt,1,0,1,30,30,26,2,4,1.75,0,20,12,2,12,7,0,5,10,15,10,4,1,2,30,30,41,22,9,12,12,4,5.75,0,0,5,0,20,1,4,2,1,3,2,2
41489,41527,2,pt,1,1,1,20,30,15,6,2,4.5,0,20,0,2,12,7,0,5,0,5,10,2,3,3,20,30,20,0,9,12,16,2,6.5,0,0,5,0,20,2,4,2,1,3,2,2
41489,41527,1,pv,1,0,1,20,30,15,6,2,4.5,0,20,0,2,12,7,0,5,0,5,10,2,3,3,20,30,20,0,9,12,16,2,6.5,0,0,5,0,20,2,4,2,1,3,2,2
41489,41528,1,pv,1,1,1,30,25,23,2,4,1.5,10,10,0,12,2,7,5,5,5,5,5,4,2,3,30,25,28,5,19,2,7,4,5.5,0,5,5,10,10,3,4,2,1,3,2,2
41489,41528,3,pv_pt,0,1,1,30,25,23,2,4,1.5,10,10,0,12,2,7,5,5,5,5,5,4,2,3,30,25,28,5,19,2,7,4,5.5,0,5,5,10,10,3,4,2,1,3,2,2
41489,41530,2,pt,1,1,1,30,20,23,4,0,3.0,20,20,12,2,12,2,0,15,10,5,0,0,1,1,30,20,28,22,4,12,4,0,3.0,0,0,15,20,20,4,3,2,2,1,2,2
41489,41530,1,pv,1,0,1,30,20,23,4,0,3.0,20,20,12,2,12,2,0,15,10,5,0,0,1,1,30,20,28,22,4,12,4,0,3.0,0,0,15,20,20,4,3,2,2,1,2,2
41489,41531,2,pt,1,1,1,25,20,25,6,4,6.0,10,20,12,2,2,2,10,15,5,5,10,2,3,3,25,20,30,17,4,2,16,4,8.0,0,10,15,10,20,5,3,2,2,1,2,2
41489,41531,3,pv_pt,1,0,1,25,20,25,6,4,6.0,10,20,12,2,2,2,10,15,5,5,10,2,3,3,25,20,30,17,4,2,16,4,8.0,0,10,15,10,20,5,3,2,2,1,2,2
41489,41532,1,pv,1,1,1,30,25,23,6,4,4.5,0,10,6,7,2,12,5,5,10,15,0,0,2,1,30,25,38,16,19,2,6,4,4.5,0,5,5,0,10,6,3,2,2,1,2,2
41489,41532,3,pv_pt,0,1,1,30,25,23,6,4,4.5,0,10,6,7,2,12,5,5,10,15,0,0,2,1,30,25,38,16,19,2,6,4,4.5,0,5,5,0,10,6,3,2,2,1,2,2
41489,41534,2,pt,1,1,1,20,30,18,6,0,5.25,10,0,12,12,7,2,0,10,0,15,5,4,1,1,20,30,33,12,14,7,11,0,9.25,0,0,10,10,0,7,2,2,2,2,1,2
41489,41534,1,pv,1,0,1,20,30,18,6,0,5.25,10,0,12,12,7,2,0,10,0,15,5,4,1,1,20,30,33,12,14,7,11,0,9.25,0,0,10,10,0,7,2,2,2,2,1,2
41489,41535,1,pv,1,1,1,25,25,22,4,2,3.5,0,20,6,7,7,7,5,10,0,10,0,2,2,2,25,25,32,6,14,7,4,2,5.5,0,5,10,0,20,8,2,2,2,2,1,2
41489,41535,2,pt,0,1,1,25,25,22,4,2,3.5,0,20,6,7,7,7,5,10,0,10,0,2,2,2,25,25,32,6,14,7,4,2,5.5,0,5,10,0,20,8,2,2,2,2,1,2
41489,41536,2,pt,1,1,1,30,30,26,2,0,1.75,10,0,0,2,7,2,10,15,0,15,10,0,3,1,30,30,41,0,4,7,12,0,1.75,0,10,15,10,0,9,2,2,2,2,1,2
41489,41536,3,pv_pt,1,0,1,30,30,26,2,0,1.75,10,0,0,2,7,2,10,15,0,15,10,0,3,1,30,30,41,0,4,7,12,0,1.75,0,10,15,10,0,9,2,2,2,2,1,2
42049,42095,1,pv,1,1,1,20,25,15,4,2,3.0,20,20,6,7,2,12,5,15,0,5,5,0,2,2,20,25,20,6,19,2,9,2,3.0,0,5,15,20,20,1,1,2,2,4,1,1
42049,42095,2,pt,0,1,1,20,25,15,4,2,3.0,20,20,6,7,2,12,5,15,0,5,5,0,2,2,20,25,20,6,19,2,9,2,3.0,0,5,15,20,20,1,1,2,2,4,1,1
42049,42096,2,pt,1,1,1,30,30,26,2,0,1.75,10,0,0,2,7,2,10,15,0,15,10,0,3,1,30,30,41,0,4,7,12,0,1.75,0,10,15,10,0,2,1,2,2,4,1,1
42049,42096,3,pv_pt,1,0,1,30,30,26,2,0,1.75,10,0,0,2,7,2,10,15,0,15,10,0,3,1,30,30,41,0,4,7,12,0,1.75,0,10,15,10,0,2,1,2,2,4,1,1
42049,42097,1,pv,1,1,1,30,25,23,6,4,4.5,0,10,6,7,2,12,5,5,10,15,0,0,2,1,30,25,38,16,19,2,6,4,4.5,0,5,5,0,10,3,1,2,2,4,1,1
42049,42097,3,pv_pt,0,1,1,30,25,23,6,4,4.5,0,10,6,7,2,12,5,5,10,15,0,0,2,1,30,25,38,16,19,2,6,4,4.5,0,5,5,0,10,3,1,2,2,4,1,1
42049,42099,1,pv,1,1,1,20,20,15,2,2,1.5,20,10,6,7,2,12,10,5,5,15,5,4,3,1,20,20,30,11,19,2,7,2,5.5,0,10,5,20,10,4,3,1,2,2,1,1
42049,42099,2,pt,0,1,1,20,20,15,2,2,1.5,20,10,6,7,2,12,10,5,5,15,5,4,3,1,20,20,30,11,19,2,7,2,5.5,0,10,5,20,10,4,3,1,2,2,1,1
42049,42100,2,pt,1,1,1,30,30,30,4,0,4.0,20,20,0,12,12,2,10,10,5,5,10,4,2,1,30,30,35,5,14,12,14,0,8.0,0,10,10,20,20,5,3,1,2,2,1,1
42049,42100,3,pv_pt,1,0,1,30,30,30,4,0,4.0,20,20,0,12,12,2,10,10,5,5,10,4,2,1,30,30,35,5,14,12,14,0,8.0,0,10,10,20,20,5,3,1,2,2,1,1
42049,42101,2,pt,1,1,1,20,30,15,6,2,4.5,0,20,0,2,12,7,0,5,0,5,10,2,3,3,20,30,20,0,9,12,16,2,6.5,0,0,5,0,20,6,3,1,2,2,1,1
42049,42101,3,pv_pt,1,0,1,20,30,15,6,2,4.5,0,20,0,2,12,7,0,5,0,5,10,2,3,3,20,30,20,0,9,12,16,2,6.5,0,0,5,0,20,6,3,1,2,2,1,1
42049,42103,2,pt,1,1,1,25,20,25,6,4,6.0,10,20,12,2,2,2,10,15,5,5,10,2,3,3,25,20,30,17,4,2,16,4,8.0,0,10,15,10,20,7,3,1,1,3,1,2
42049,42103,1,pv,1,0,1,25,20,25,6,4,6.0,10,20,12,2,2,2,10,15,5,5,10,2,3,3,25,20,30,17,4,2,16,4,8.0,0,10,15,10,20,7,3,1,1,3,1,2
42049,42104,2,pt,1,1,1,20,25,18,2,0,1.75,0,0,12,2,7,12,0,15,5,5,5,4,2,1,20,25,23,17,14,7,7,0,5.75,0,0,15,0,0,8,3,1,1,3,1,2
42049,42104,1,pv,1,0,1,20,25,18,2,0,1.75,0,0,12,2,7,12,0,15,5,5,5,4,2,1,20,25,23,17,14,7,7,0,5.75,0,0,15,0,0,8,3,1,1,3,1,2
42049,42106,2,pt,1,1,1,25,20,22,4,0,3.5,10,0,0,7,12,2,0,10,10,10,0,2,3,2,25,20,32,10,9,12,4,0,5.5,0,0,10,10,0,9,3,1,1,3,1,2
42049,42106,1,pv,1,0,1,25,20,22,4,0,3.5,10,0,0,7,12,2,0,10,10,10,0,2,3,2,25,20,32,10,9,12,4,0,5.5,0,0,10,10,0,9,3,1,1,3,1,2
42302,42339,3,pv_pt,1,1,1,20,30,20,4,2,4.0,0,10,12,12,2,2,10,5,10,5,5,0,3,1,20,30,25,22,14,2,9,2,4.0,0,10,5,0,10,1,1,2,1,4,1,2
42302,42339,1,pv,1,1,0,20,30,20,4,2,4.0,0,10,12,12,2,2,10,5,10,5,5,0,3,1,20,30,25,22,14,2,9,2,4.0,0,10,5,0,10,1,1,2,1,4,1,2
42302,42343,1,pv,1,1,1,30,25,23,6,4,4.5,0,10,6,7,2,12,5,5,10,15,0,0,2,1,30,25,38,16,19,2,6,4,4.5,0,5,5,0,10,2,1,2,1,4,1,2
42302,42343,3,pv_pt,0,1,1,30,25,23,6,4,4.5,0,10,6,7,2,12,5,5,10,15,0,0,2,1,30,25,38,16,19,2,6,4,4.5,0,5,5,0,10,2,1,2,1,4,1,2
42302,42348,1,pv,1,1,1,25,20,25,6,0,6.0,20,20,0,12,2,12,0,15,10,15,5,4,1,3,25,20,40,10,24,2,11,0,10.0,0,0,15,20,20,3,1,2,1,4,1,2
42302,42348,2,pt,0,1,1,25,20,25,6,0,6.0,20,20,0,12,2,12,0,15,10,15,5,4,1,3,25,20,40,10,24,2,11,0,10.0,0,0,15,20,20,3,1,2,1,4,1,2
42302,42353,1,pv,1,1,1,20,30,20,6,0,6.0,10,0,0,2,12,12,10,10,10,10,10,0,1,2,20,30,30,10,14,12,16,0,6.0,0,10,10,10,0,4,3,2,1,1,2,1
42302,42353,2,pt,0,1,1,20,30,20,6,0,6.0,10,0,0,2,12,12,10,10,10,10,10,0,1,2,20,30,30,10,14,12,16,0,6.0,0,10,10,10,0,4,3,2,1,1,2,1
42302,42354,3,pv_pt,1,1,1,25,25,22,2,2,1.75,20,20,6,7,2,7,5,5,5,5,0,0,3,2,25,25,27,11,14,2,2,2,1.75,0,5,5,20,20,5,3,2,1,1,2,1
42302,42354,1,pv,1,1,0,25,25,22,2,2,1.75,20,20,6,7,2,7,5,5,5,5,0,0,3,2,25,25,27,11,14,2,2,2,1.75,0,5,5,20,20,5,3,2,1,1,2,1
42302,42355,1,pv,1,1,1,30,30,30,4,0,4.0,20,20,0,12,12,2,10,10,5,5,10,4,2,1,30,30,35,5,14,12,14,0,8.0,0,10,10,20,20,6,3,2,1,1,2,1
42302,42355,3,pv_pt,0,1,1,30,30,30,4,0,4.0,20,20,0,12,12,2,10,10,5,5,10,4,2,1,30,30,35,5,14,12,14,0,8.0,0,10,10,20,20,6,3,2,1,1,2,1
42302,42357,2,pt,1,1,1,30,20,23,4,0,3.0,20,20,12,2,12,2,0,15,10,5,0,0,1,1,30,20,28,22,4,12,4,0,3.0,0,0,15,20,20,7,4,1,2,4,1,2
42302,42357,1,pv,1,0,1,30,20,23,4,0,3.0,20,20,12,2,12,2,0,15,10,5,0,0,1,1,30,20,28,22,4,12,4,0,3.0,0,0,15,20,20,7,4,1,2,4,1,2
42302,42358,2,pt,1,1,1,25,20,22,4,0,3.5,10,0,0,7,12,2,0,10,10,10,0,2,3,2,25,20,32,10,9,12,4,0,5.5,0,0,10,10,0,8,4,1,2,4,1,2
42302,42358,1,pv,1,0,1,25,20,22,4,0,3.5,10,0,0,7,12,2,0,10,10,10,0,2,3,2,25,20,32,10,9,12,4,0,5.5,0,0,10,10,0,8,4,1,2,4,1,2
42302,42359,2,pt,1,1,1,30,20,23,6,2,4.5,20,0,12,2,12,12,10,5,0,10,0,2,1,3,30,20,33,12,14,12,6,2,6.5,0,10,5,20,0,9,4,1,2,4,1,2
42302,42359,1,pv,1,0,1,30,20,23,6,2,4.5,20,0,12,2,12,12,10,5,0,10,0,2,1,3,30,20,33,12,14,12,6,2,6.5,0,10,5,20,0,9,4,1,2,4,1,2
42368,42423,1,pv,1,1,1,25,30,25,4,4,4.0,20,0,12,12,12,12,0,15,10,10,5,4,3,2,25,30,35,22,24,12,9,4,8.0,0,0,15,20,0,1,3,2,1,4,2,2
42368,42423,2,pt,0,1,1,25,30,25,4,4,4.0,20,0,12,12,12,12,0,15,10,10,5,4,3,2,25,30,35,22,24,12,9,4,8.0,0,0,15,20,0,1,3,2,1,4,2,2
42368,42424,1,pv,1,1,1,30,30,26,2,0,1.75,10,0,0,2,7,2,10,15,0,15,10,0,3,1,30,30,41,0,4,7,12,0,1.75,0,10,15,10,0,2,3,2,1,4,2,2
42368,42424,2,pt,0,1,1,30,30,26,2,0,1.75,10,0,0,2,7,2,10,15,0,15,10,0,3,1,30,30,41,0,4,7,12,0,1.75,0,10,15,10,0,2,3,2,1,4,2,2
42368,42425,1,pv,1,1,1,25,20,25,6,4,6.0,10,20,12,2,2,2,10,15,5,5,10,2,3,3,25,20,30,17,4,2,16,4,8.0,0,10,15,10,20,3,3,2,1,4,2,2
42368,42425,2,pt,0,1,1,25,20,25,6,4,6.0,10,20,12,2,2,2,10,15,5,5,10,2,3,3,25,20,30,17,4,2,16,4,8.0,0,10,15,10,20,3,3,2,1,4,2,2
42368,42427,1,pv,1,1,1,25,20,22,4,0,3.5,10,0,0,7,12,2,0,10,10,10,0,2,3,2,25,20,32,10,9,12,4,0,5.5,0,0,10,10,0,4,2,1,2,1,2,1
42368,42427,2,pt,0,1,1,25,20,22,4,0,3.5,10,0,0,7,12,2,0,10,10,10,0,2,3,2,25,20,32,10,9,12,4,0,5.5,0,0,10,10,0,4,2,1,2,1,2,1
42368,42428,1,pv,1,1,1,20,25,18,2,2,1.75,10,10,0,7,7,7,5,10,5,10,0,2,2,3,20,25,28,5,14,7,2,2,3.75,0,5,10,10,10,5,2,1,2,1,2,1
42368,42428,3,pv_pt,0,1,1,20,25,18,2,2,1.75,10,10,0,7,7,7,5,10,5,10,0,2,2,3,20,25,28,5,14,7,2,2,3.75,0,5,10,10,10,5,2,1,2,1,2,1
42368,42429,1,pv,1,1,1,20,25,18,2,0,1.75,0,0,12,2,7,12,0,15,5,5,5,4,2,1,20,25,23,17,14,7,7,0,5.75,0,0,15,0,0,6,2,1,2,1,2,1
42368,42429,3,pv_pt,0,1,1,20,25,18,2,0,1.75,0,0,12,2,7,12,0,15,5,5,5,4,2,1,20,25,23,17,14,7,7,0,5.75,0,0,15,0,0,6,2,1,2,1,2,1
42368,42432,1,pv,1,1,1,25,20,25,6,4,6.0,20,0,6,2,7,2,0,5,0,15,10,2,2,2,25,20,40,6,4,7,16,4,8.0,0,0,5,20,0,7,4,2,1,1,1,2
42368,42432,3,pv_pt,0,1,1,25,20,25,6,4,6.0,20,0,6,2,7,2,0,5,0,15,10,2,2,2,25,20,40,6,4,7,16,4,8.0,0,0,5,20,0,7,4,2,1,1,1,2
42368,42433,1,pv,1,1,1,30,25,23,6,4,4.5,0,10,6,7,2,12,5,5,10,15,0,0,2,1,30,25,38,16,19,2,6,4,4.5,0,5,5,0,10,8,4,2,1,1,1,2
42368,42433,3,pv_pt,0,1,1,30,25,23,6,4,4.5,0,10,6,7,2,12,5,5,10,15,0,0,2,1,30,25,38,16,19,2,6,4,4.5,0,5,5,0,10,8,4,2,1,1,1,2
42368,42434,1,pv,1,1,1,25,20,25,6,0,6.0,20,20,0,12,2,12,0,15,10,15,5,4,1,3,25,20,40,10,24,2,11,0,10.0,0,0,15,20,20,9,4,2,1,1,1,2
42368,42434,3,pv_pt,0,1,1,25,20,25,6,0,6.0,20,20,0,12,2,12,0,15,10,15,5,4,1,3,25,20,40,10,24,2,11,0,10.0,0,0,15,20,20,9,4,2,1,1,1,2
43035,43037,2,pt,1,1,1,30,20,23,4,0,3.0,20,20,12,2,12,2,0,15,10,5,0,0,1,1,30,20,28,22,4,12,4,0,3.0,0,0,15,20,20,1,4,1,1,4,1,1
43035,43037,1,pv,1,0,1,30,20,23,4,0,3.0,20,20,12,2,12,2,0,15,10,5,0,0,1,1,30,20,28,22,4,12,4,0,3.0,0,0,15,20,20,1,4,1,1,4,1,1
43035,43038,2,pt,1,1,1,25,30,25,4,4,4.0,10,10,6,7,7,7,5,10,5,10,0,2,1,3,25,30,35,11,14,7,4,4,6.0,0,5,10,10,10,2,4,1,1,4,1,1
43035,43038,1,pv,1,0,1,25,30,25,4,4,4.0,10,10,6,7,7,7,5,10,5,10,0,2,1,3,25,30,35,11,14,7,4,4,6.0,0,5,10,10,10,2,4,1,1,4,1,1
43035,43039,2,pt,1,1,1,30,30,26,2,0,1.75,10,0,0,2,7,2,10,15,0,15,10,0,3,1,30,30,41,0,4,7,12,0,1.75,0,10,15,10,0,3,4,1,1,4,1,1
43035,43039,3,pv_pt,1,0,1,30,30,26,2,0,1.75,10,0,0,2,7,2,10,15,0,15,10,0,3,1,30,30,41,0,4,7,12,0,1.75,0,10,15,10,0,3,4,1,1,4,1,1
43035,43041,1,pv,1,1,1,20,30,20,4,2,4.0,0,10,12,12,2,2,10,5,10,5,5,0,3,1,20,30,25,22,14,2,9,2,4.0,0,10,5,0,10,4,2,1,1,1,2,2
43035,43041,2,pt,0,1,1,20,30,20,4,2,4.0,0,10,12,12,2,2,10,5,10,5,5,0,3,1,20,30,25,22,14,2,9,2,4.0,0,10,5,0,10,4,2,1,1,1,2,2
43035,43042,2,pt,1,1,1,25,20,25,6,4,6.0,20,0,6,2,7,2,0,5,0,15,10,2,2,2,25,20,40,6,4,7,16,4,8.0,0,0,5,20,0,5,2,1,1,1,2,2
43035,43042,3,pv_pt,1,0,1,25,20,25,6,4,6.0,20,0,6,2,7,2,0,5,0,15,10,2,2,2,25,20,40,6,4,7,16,4,8.0,0,0,5,20,0,5,2,1,1,1,2,2
43035,43043,1,pv,1,1,1,30,25,23,6,4,4.5,0,10,6,7,2,12,5,5,10,15,0,0,2,1,30,25,38,16,19,2,6,4,4.5,0,5,5,0,10,6,2,1,1,1,2,2
43035,43043,3,pv_pt,0,1,1,30,25,23,6,4,4.5,0,10,6,7,2,12,5,5,10,15,0,0,2,1,30,25,38,16,19,2,6,4,4.5,0,5,5,0,10,6,2,1,1,1,2,2
43035,43045,1,pv,1,1,1,20,25,18,2,2,1.75,10,10,0,7,7,7,5,10,5,10,0,2,2,3,20,25,28,5,14,7,2,2,3.75,0,5,10,10,10,7,1,1,2,1,1,2
43035,43045,3,pv_pt,0,1,1,20,25,18,2,2,1.75,10,10,0,7,7,7,5,10,5,10,0,2,2,3,20,25,28,5,14,7,2,2,3.75,0,5,10,10,10,7,1,1,2,1,1,2
43035,43046,1,pv,1,1,1,20,25,18,2,0,1.75,0,0,12,2,7,12,0,15,5,5,5,4,2,1,20,25,23,17,14,7,7,0,5.75,0,0,15,0,0,8,1,1,2,1,1,2
43035,43046,3,pv_pt,0,1,1,20,25,18,2,0,1.75,0,0,12,2,7,12,0,15,5,5,5,4,2,1,20,25,23,17,14,7,7,0,5.75,0,0,15,0,0,8,1,1,2,1,1,2
43035,43047,1,pv,1,1,1,25,25,22,2,2,1.75,20,20,6,7,2,7,5,5,5,5,0,0,3,2,25,25,27,11,14,2,2,2,1.75,0,5,5,20,20,9,1,1,2,1,1,2
43035,43047,3,pv_pt,0,1,1,25,25,22,2,2,1.75,20,20,6,7,2,7,5,5,5,5,0,0,3,2,25,25,27,11,14,2,2,2,1.75,0,5,5,20,20,9,1,1,2,1,1,2
43100,43102,2,pt,1,1,1,30,25,23,6,4,4.5,0,10,6,7,2,12,5,5,10,15,0,0,2,1,30,25,38,16,19,2,6,4,4.5,0,5,5,0,10,1,4,2,2,3,2,1
43100,43102,3,pv_pt,1,0,1,30,25,23,6,4,4.5,0,10,6,7,2,12,5,5,10,15,0,0,2,1,30,25,38,16,19,2,6,4,4.5,0,5,5,0,10,1,4,2,2,3,2,1
43100,43103,2,pt,1,1,1,30,30,26,2,4,1.75,0,20,12,2,12,7,0,5,10,15,10,4,1,2,30,30,41,22,9,12,12,4,5.75,0,0,5,0,20,2,4,2,2,3,2,1
43100,43103,3,pv_pt,1,0,1,30,30,26,2,4,1.75,0,20,12,2,12,7,0,5,10,15,10,4,1,2,30,30,41,22,9,12,12,4,5.75,0,0,5,0,20,2,4,2,2,3,2,1
43100,43104,2,pt,1,1,1,20,25,18,2,0,1.75,0,0,12,2,7,12,0,15,5,5,5,4,2,1,20,25,23,17,14,7,7,0,5.75,0,0,15,0,0,3,4,2,2,3,2,1
43100,43104,3,pv_pt,1,0,1,20,25,18,2,0,1.75,0,0,12,2,7,12,0,15,5,5,5,4,2,1,20,25,23,17,14,7,7,0,5.75,0,0,15,0,0,3,4,2,2,3,2,1
43100,43106,2,pt,1,1,1,25,20,25,6,4,6.0,10,20,12,2,2,2,10,15,5,5,10,2,3,3,25,20,30,17,4,2,16,4,8.0,0,10,15,10,20,4,4,2,2,2,2,1
43100,43106,3,pv_pt,1,0,1,25,20,25,6,4,6.0,10,20,12,2,2,2,10,15,5,5,10,2,3,3,25,20,30,17,4,2,16,4,8.0,0,10,15,10,20,4,4,2,2,2,2,1
43100,43107,3,pv_pt,1,1,1,30,25,23,2,4,1.5,10,10,0,12,2,7,5,5,5,5,5,4,2,3,30,25,28,5,19,2,7,4,5.5,0,5,5,10,10,5,4,2,2,2,2,1
43100,43107,1,pv,1,1,0,30,25,23,2,4,1.5,10,10,0,12,2,7,5,5,5,5,5,4,2,3,30,25,28,5,19,2,7,4,5.5,0,5,5,10,10,5,4,2,2,2,2,1
43100,43108,2,pt,1,1,1,30,20,30,2,0,2.0,0,10,12,12,7,12,5,10,0,15,10,0,3,3,30,20,45,12,24,7,12,0,2.0,0,5,10,0,10,6,4,2,2,2,2,1
43100,43108,1,pv,1,0,1,30,20,30,2,0,2.0,0,10,12,12,7,12,5,10,0,15,10,0,3,3,30,20,45,12,24,7,12,0,2.0,0,5,10,0,10,6,4,2,2,2,2,1
43100,43110,3,pv_pt,1,1,1,30,30,30,4,0,4.0,20,20,0,12,12,2,10,10,5,5,10,4,2,1,30,30,35,5,14,12,14,0,8.0,0,10,10,20,20,7,4,2,1,1,1,2
43100,43110,1,pv,1,1,0,30,30,30,4,0,4.0,20,20,0,12,12,2,10,10,5,5,10,4,2,1,30,30,35,5,14,12,14,0,8.0,0,10,10,20,20,7,4,2,1,1,1,2
43100,43111,2,pt,1,1,1,30,20,23,4,0,3.0,20,20,12,2,12,2,0,15,10,5,0,0,1,1,30,20,28,22,4,12,4,0,3.0,0,0,15,20,20,8,4,2,1,1,1,2
43100,43111,3,pv_pt,1,0,1,30,20,23,4,0,3.0,20,20,12,2,12,2,0,15,10,5,0,0,1,1,30,20,28,22,4,12,4,0,3.0,0,0,15,20,20,8,4,2,1,1,1,2
43100,43112,3,pv_pt,1,1,1,20,25,18,2,2,1.75,10,10,0,7,7,7,5,10,5,10,0,2,2,3,20,25,28,5,14,7,2,2,3.75,0,5,10,10,10,9,4,2,1,1,1,2
43100,43112,1,pv,1,1,0,20,25,18,2,2,1.75,10,10,0,7,7,7,5,10,5,10,0,2,2,3,20,25,28,5,14,7,2,2,3.75,0,5,10,10,10,9,4,2,1,1,1,2
43113,43115,2,pt,1,1,1,25,20,25,6,4,6.0,20,0,6,2,7,2,0,5,0,15,10,2,2,2,25,20,40,6,4,7,16,4,8.0,0,0,5,20,0,1,3,2,2,3,1,1
43113,43115,1,pv,1,0,1,25,20,25,6,4,6.0,20,0,6,2,7,2,0,5,0,15,10,2,2,2,25,20,40,6,4,7,16,4,8.0,0,0,5,20,0,1,3,2,2,3,1,1
43113,43116,3,pv_pt,1,1,1,20,30,20,4,2,4.0,0,10,12,12,2,2,10,5,10,5,5,0,3,1,20,30,25,22,14,2,9,2,4.0,0,10,5,0,10,2,3,2,2,3,1,1
43113,43116,1,pv,1,1,0,20,30,20,4,2,4.0,0,10,12,12,2,2,10,5,10,5,5,0,3,1,20,30,25,22,14,2,9,2,4.0,0,10,5,0,10,2,3,2,2,3,1,1
43113,43117,1,pv,1,1,1,30,20,30,2,0,2.0,0,10,12,12,7,12,5,10,0,15,10,0,3,3,30,20,45,12,24,7,12,0,2.0,0,5,10,0,10,3,3,2,2,3,1,1
43113,43117,2,pt,0,1,1,30,20,30,2,0,2.0,0,10,12,12,7,12,5,10,0,15,10,0,3,3,30,20,45,12,24,7,12,0,2.0,0,5,10,0,10,3,3,2,2,3,1,1
43113,43119,2,pt,1,1,1,20,25,18,2,0,1.75,0,0,12,2,7,12,0,15,5,5,5,4,2,1,20,25,23,17,14,7,7,0,5.75,0,0,15,0,0,4,4,2,1,1,1,2
43113,43119,1,pv,1,0,1,20,25,18,2,0,1.75,0,0,12,2,7,12,0,15,5,5,5,4,2,1,20,25,23,17,14,7,7,0,5.75,0,0,15,0,0,4,4,2,1,1,1,2
43113,43120,1,pv,1,1,1,25,30,25,4,4,4.0,20,0,12,12,12,12,0,15,10,10,5,4,3,2,25,30,35,22,24,12,9,4,8.0,0,0,15,20,0,5,4,2,1,1,1,2
43113,43120,2,pt,0,1,1,25,30,25,4,4,4.0,20,0,12,12,12,12,0,15,10,10,5,4,3,2,25,30,35,22,24,12,9,4,8.0,0,0,15,20,0,5,4,2,1,1,1,2
43113,43121,1,pv,1,1,1,25,30,25,4,4,4.0,10,10,6,7,7,7,5,10,5,10,0,2,1,3,25,30,35,11,14,7,4,4,6.0,0,5,10,10,10,6,4,2,1,1,1,2
43113,43121,3,pv_pt,0,1,1,25,30,25,4,4,4.0,10,10,6,7,7,7,5,10,5,10,0,2,1,3,25,30,35,11,14,7,4,4,6.0,0,5,10,10,10,6,4,2,1,1,1,2
43113,43123,2,pt,1,1,1,30,30,26,2,4,1.75,0,20,12,2,12,7,0,5,10,15,10,4,1,2,30,30,41,22,9,12,12,4,5.75,0,0,5,0,20,7,4,2,2,2,2,1
43113,43123,1,pv,1,0,1,30,30,26,2,4,1.75,0,20,12,2,12,7,0,5,10,15,10,4,1,2,30,30,41,22,9,12,12,4,5.75,0,0,5,0,20,7,4,2,2,2,2,1
43113,43124,1,pv,1,1,1,25,20,25,6,0,6.0,20,20,0,12,2,12,0,15,10,15,5,4,1,3,25,20,40,10,24,2,11,0,10.0,0,0,15,20,20,8,4,2,2,2,2,1
43113,43124,3,pv_pt,0,1,1,25,20,25,6,0,6.0,20,20,0,12,2,12,0,15,10,15,5,4,1,3,25,20,40,10,24,2,11,0,10.0,0,0,15,20,20,8,4,2,2,2,2,1
43113,43125,3,pv_pt,1,1,1,25,25,22,2,4,1.75,10,0,6,12,12,2,10,15,10,15,10,0,1,3,25,25,37,16,14,12,12,4,1.75,0,10,15,10,0,9,4,2,2,2,2,1
43113,43125,2,pt,1,1,0,25,25,22,2,4,1.75,10,0,6,12,12,2,10,15,10,15,10,0,1,3,25,25,37,16,14,12,12,4,1.75,0,10,15,10,0,9,4,2,2,2,2,1
43129,43131,2,pt,1,1,1,30,30,26,2,4,1.75,0,20,12,2,12,7,0,5,10,15,10,4,1,2,30,30,41,22,9,12,12,4,5.75,0,0,5,0,20,1,1,1,2,3,2,2
43129,43131,1,pv,1,0,1,30,30,26,2,4,1.75,0,20,12,2,12,7,0,5,10,15,10,4,1,2,30,30,41,22,9,12,12,4,5.75,0,0,5,0,20,1,1,1,2,3,2,2
43129,43132,2,pt,1,1,1,30,20,23,4,0,3.0,20,20,12,2,12,2,0,15,10,5,0,0,1,1,30,20,28,22,4,12,4,0,3.0,0,0,15,20,20,2,1,1,2,3,2,2
43129,43132,1,pv,1,0,1,30,20,23,4,0,3.0,20,20,12,2,12,2,0,15,10,5,0,0,1,1,30,20,28,22,4,12,4,0,3.0,0,0,15,20,20,2,1,1,2,3,2,2
43129,43133,2,pt,1,1,1,25,25,22,2,2,1.75,20,20,6,7,2,7,5,5,5,5,0,0,3,2,25,25,27,11,14,2,2,2,1.75,0,5,5,20,20,3,1,1,2,3,2,2
43129,43133,1,pv,1,0,1,25,25,22,2,2,1.75,20,20,6,7,2,7,5,5,5,5,0,0,3,2,25,25,27,11,14,2,2,2,1.75,0,5,5,20,20,3,1,1,2,3,2,2
43129,43135,2,pt,1,1,1,20,20,15,2,2,1.5,20,10,6,7,2,12,10,5,5,15,5,4,3,1,20,20,30,11,19,2,7,2,5.5,0,10,5,20,10,4,4,2,1,1,1,2
43129,43135,1,pv,1,0,1,20,20,15,2,2,1.5,20,10,6,7,2,12,10,5,5,15,5,4,3,1,20,20,30,11,19,2,7,2,5.5,0,10,5,20,10,4,4,2,1,1,1,2
43129,43136,2,pt,1,1,1,30,30,30,4,0,4.0,20,20,0,12,12,2,10,10,5,5,10,4,2,1,30,30,35,5,14,12,14,0,8.0,0,10,10,20,20,5,4,2,1,1,1,2
43129,43136,1,pv,1,0,1,30,30,30,4,0,4.0,20,20,0,12,12,2,10,10,5,5,10,4,2,1,30,30,35,5,14,12,14,0,8.0,0,10,10,20,20,5,4,2,1,1,1,2
43129,43137,2,pt,1,1,1,25,20,25,6,4,6.0,10,20,12,2,2,2,10,15,5,5,10,2,3,3,25,20,30,17,4,2,16,4,8.0,0,10,15,10,20,6,4,2,1,1,1,2
43129,43137,1,pv,1,0,1,25,20,25,6,4,6.0,10,20,12,2,2,2,10,15,5,5,10,2,3,3,25,20,30,17,4,2,16,4,8.0,0,10,15,10,20,6,4,2,1,1,1,2
43129,43139,2,pt,1,1,1,30,25,23,6,2,4.5,0,10,6,12,2,7,10,15,5,10,5,4,2,2,30,25,33,11,19,2,11,2,8.5,0,10,15,0,10,7,2,1,2,4,2,2
43129,43139,1,pv,1,0,1,30,25,23,6,2,4.5,0,10,6,12,2,7,10,15,5,10,5,4,2,2,30,25,33,11,19,2,11,2,8.5,0,10,15,0,10,7,2,1,2,4,2,2
43129,43140,2,pt,1,1,1,30,25,23,6,4,4.5,0,10,6,7,2,12,5,5,10,15,0,0,2,1,30,25,38,16,19,2,6,4,4.5,0,5,5,0,10,8,2,1,2,4,2,2
43129,43140,1,pv,1,0,1,30,25,23,6,4,4.5,0,10,6,7,2,12,5,5,10,15,0,0,2,1,30,25,38,16,19,2,6,4,4.5,0,5,5,0,10,8,2,1,2,4,2,2
43129,43141,2,pt,1,1,1,25,20,25,6,0,6.0,20,20,0,12,2,12,0,15,10,15,5,4,1,3,25,20,40,10,24,2,11,0,10.0,0,0,15,20,20,9,2,1,2,4,2,2
43129,43141,1,pv,1,0,1,25,20,25,6,0,6.0,20,20,0,12,2,12,0,15,10,15,5,4,1,3,25,20,40,10,24,2,11,0,10.0,0,0,15,20,20,9,2,1,2,4,2,2
43155,43157,1,pv,1,1,1,25,30,25,4,4,4.0,10,10,6,7,7,7,5,10,5,10,0,2,1,3,25,30,35,11,14,7,4,4,6.0,0,5,10,10,10,1,1,2,2,2,2,2
43155,43157,2,pt,0,1,1,25,30,25,4,4,4.0,10,10,6,7,7,7,5,10,5,10,0,2,1,3,25,30,35,11,14,7,4,4,6.0,0,5,10,10,10,1,1,2,2,2,2,2
43155,43158,1,pv,1,1,1,30,30,26,2,0,1.75,10,0,0,2,7,2,10,15,0,15,10,0,3,1,30,30,41,0,4,7,12,0,1.75,0,10,15,10,0,2,1,2,2,2,2,2
43155,43158,2,pt,0,1,1,30,30,26,2,0,1.75,10,0,0,2,7,2,10,15,0,15,10,0,3,1,30,30,41,0,4,7,12,0,1.75,0,10,15,10,0,2,1,2,2,2,2,2
43155,43159,2,pt,1,1,1,25,20,25,6,4,6.0,10,20,12,2,2,2,10,15,5,5,10,2,3,3,25,20,30,17,4,2,16,4,8.0,0,10,15,10,20,3,1,2,2,2,2,2
43155,43159,1,pv,1,0,1,25,20,25,6,4,6.0,10,20,12,2,2,2,10,15,5,5,10,2,3,3,25,20,30,17,4,2,16,4,8.0,0,10,15,10,20,3,1,2,2,2,2,2
43155,43161,2,pt,1,1,1,25,20,25,6,4,6.0,20,0,6,2,7,2,0,5,0,15,10,2,2,2,25,20,40,6,4,7,16,4,8.0,0,0,5,20,0,4,3,1,2,2,1,1
43155,43161,1,pv,1,0,1,25,20,25,6,4,6.0,20,0,6,2,7,2,0,5,0,15,10,2,2,2,25,20,40,6,4,7,16,4,8.0,0,0,5,20,0,4,3,1,2,2,1,1
43155,43162,1,pv,1,1,1,20,30,15,6,2,4.5,0,20,0,2,12,7,0,5,0,5,10,2,3,3,20,30,20,0,9,12,16,2,6.5,0,0,5,0,20,5,3,1,2,2,1,1
43155,43162,2,pt,0,1,1,20,30,15,6,2,4.5,0,20,0,2,12,7,0,5,0,5,10,2,3,3,20,30,20,0,9,12,16,2,6.5,0,0,5,0,20,5,3,1,2,2,1,1
43155,43163,2,pt,1,1,1,30,20,30,2,0,2.0,0,10,12,12,7,12,5,10,0,15,10,0,3,3,30,20,45,12,24,7,12,0,2.0,0,5,10,0,10,6,3,1,2,2,1,1
43155,43163,1,pv,1,0,1,30,20,30,2,0,2.0,0,10,12,12,7,12,5,10,0,15,10,0,3,3,30,20,45,12,24,7,12,0,2.0,0,5,10,0,10,6,3,1,2,2,1,1
43155,43165,1,pv,1,1,1,25,25,22,4,2,3.5,0,20,6,7,7,7,5,10,0,10,0,2,2,2,25,25,32,6,14,7,4,2,5.5,0,5,10,0,20,7,3,1,1,2,1,2
43155,43165,2,pt,0,1,1,25,25,22,4,2,3.5,0,20,6,7,7,7,5,10,0,10,0,2,2,2,25,25,32,6,14,7,4,2,5.5,0,5,10,0,20,7,3,1,1,2,1,2
43155,43166,2,pt,1,1,1,30,30,30,4,0,4.0,20,20,0,12,12,2,10,10,5,5,10,4,2,1,30,30,35,5,14,12,14,0,8.0,0,10,10,20,20,8,3,1,1,2,1,2
43155,43166,1,pv,1,0,1,30,30,30,4,0,4.0,20,20,0,12,12,2,10,10,5,5,10,4,2,1,30,30,35,5,14,12,14,0,8.0,0,10,10,20,20,8,3,1,1,2,1,2
43155,43167,3,pv_pt,1,1,1,30,25,23,2,4,1.5,10,10,0,12,2,7,5,5,5,5,5,4,2,3,30,25,28,5,19,2,7,4,5.5,0,5,5,10,10,9,3,1,1,2,1,2
43155,43167,1,pv,1,1,0,30,25,23,2,4,1.5,10,10,0,12,2,7,5,5,5,5,5,4,2,3,30,25,28,5,19,2,7,4,5.5,0,5,5,10,10,9,3,1,1,2,1,2
43195,43211,2,pt,1,1,1,20,30,18,6,0,5.25,10,0,12,12,7,2,0,10,0,15,5,4,1,1,20,30,33,12,14,7,11,0,9.25,0,0,10,10,0,1,2,2,2,3,1,2
43195,43211,1,pv,1,0,1,20,30,18,6,0,5.25,10,0,12,12,7,2,0,10,0,15,5,4,1,1,20,30,33,12,14,7,11,0,9.25,0,0,10,10,0,1,2,2,2,3,1,2
43195,43212,1,pv,1,1,1,20,30,15,6,2,4.5,0,20,0,2,12,7,0,5,0,5,10,2,3,3,20,30,20,0,9,12,16,2,6.5,0,0,5,0,20,2,2,2,2,3,1,2
43195,43212,2,pt,0,1,1,20,30,15,6,2,4.5,0,20,0,2,12,7,0,5,0,5,10,2,3,3,20,30,20,0,9,12,16,2,6.5,0,0,5,0,20,2,2,2,2,3,1,2
43195,43213,2,pt,1,1,1,20,25,18,2,0,1.75,0,0,12,2,7,12,0,15,5,5,5,4,2,1,20,25,23,17,14,7,7,0,5.75,0,0,15,0,0,3,2,2,2,3,1,2
43195,43213,1,pv,1,0,1,20,25,18,2,0,1.75,0,0,12,2,7,12,0,15,5,5,5,4,2,1,20,25,23,17,14,7,7,0,5.75,0,0,15,0,0,3,2,2,2,3,1,2
43195,43215,1,pv,1,1,1,25,25,22,2,2,1.75,20,20,6,7,2,7,5,5,5,5,0,0,3,2,25,25,27,11,14,2,2,2,1.75,0,5,5,20,20,4,1,1,1,2,2,1
43195,43215,3,pv_pt,0,1,1,25,25,22,2,2,1.75,20,20,6,7,2,7,5,5,5,5,0,0,3,2,25,25,27,11,14,2,2,2,1.75,0,5,5,20,20,4,1,1,1,2,2,1
43195,43216,1,pv,1,1,1,25,30,25,4,4,4.0,10,10,6,7,7,7,5,10,5,10,0,2,1,3,25,30,35,11,14,7,4,4,6.0,0,5,10,10,10,5,1,1,1,2,2,1
43195,43216,2,pt,0,1,1,25,30,25,4,4,4.0,10,10,6,7,7,7,5,10,5,10,0,2,1,3,25,30,35,11,14,7,4,4,6.0,0,5,10,10,10,5,1,1,1,2,2,1
43195,43217,1,pv,1,1,1,20,30,20,6,0,6.0,10,0,0,2,12,12,10,10,10,10,10,0,1,2,20,30,30,10,14,12,16,0,6.0,0,10,10,10,0,6,1,1,1,2,2,1
43195,43217,2,pt,0,1,1,20,30,20,6,0,6.0,10,0,0,2,12,12,10,10,10,10,10,0,1,2,20,30,30,10,14,12,16,0,6.0,0,10,10,10,0,6,1,1,1,2,2,1
43195,43219,2,pt,1,1,1,25,20,25,6,4,6.0,20,0,6,2,7,2,0,5,0,15,10,2,2,2,25,20,40,6,4,7,16,4,8.0,0,0,5,20,0,7,4,1,1,4,1,1
43195,43219,1,pv,1,0,1,25,20,25,6,4,6.0,20,0,6,2,7,2,0,5,0,15,10,2,2,2,25,20,40,6,4,7,16,4,8.0,0,0,5,20,0,7,4,1,1,4,1,1
43195,43220,1,pv,1,1,1,30,25,23,6,4,4.5,0,10,6,7,2,12,5,5,10,15,0,0,2,1,30,25,38,16,19,2,6,4,4.5,0,5,5,0,10,8,4,1,1,4,1,1
43195,43220,2,pt,0,1,1,30,25,23,6,4,4.5,0,10,6,7,2,12,5,5,10,15,0,0,2,1,30,25,38,16,19,2,6,4,4.5,0,5,5,0,10,8,4,1,1,4,1,1
43195,43221,2,pt,1,1,1,30,20,23,4,0,3.0,20,20,12,2,12,2,0,15,10,5,0,0,1,1,30,20,28,22,4,12,4,0,3.0,0,0,15,20,20,9,4,1,1,4,1,1
43195,43221,3,pv_pt,1,0,1,30,20,23,4,0,3.0,20,20,12,2,12,2,0,15,10,5,0,0,1,1,30,20,28,22,4,12,4,0,3.0,0,0,15,20,20,9,4,1,1,4,1,1
43285,43287,2,pt,1,1,1,25,20,22,4,0,3.5,10,0,0,7,12,2,0,10,10,10,0,2,3,2,25,20,32,10,9,12,4,0,5.5,0,0,10,10,0,1,1,2,1,4,1,2
43285,43287,1,pv,1,0,1,25,20,22,4,0,3.5,10,0,0,7,12,2,0,10,10,10,0,2,3,2,25,20,32,10,9,12,4,0,5.5,0,0,10,10,0,1,1,2,1,4,1,2
43285,43288,2,pt,1,1,1,25,20,25,6,0,6.0,20,20,0,12,2,12,0,15,10,15,5,4,1,3,25,20,40,10,24,2,11,0,10.0,0,0,15,20,20,2,1,2,1,4,1,2
43285,43288,1,pv,1,0,1,25,20,25,6,0,6.0,20,20,0,12,2,12,0,15,10,15,5,4,1,3,25,20,40,10,24,2,11,0,10.0,0,0,15,20,20,2,1,2,1,4,1,2
43285,43289,1,pv,1,1,1,30,20,30,2,0,2.0,0,10,12,12,7,12,5,10,0,15,10,0,3,3,30,20,45,12,24,7,12,0,2.0,0,5,10,0,10,3,1,2,1,4,1,2
43285,43289,3,pv_pt,0,1,1,30,20,30,2,0,2.0,0,10,12,12,7,12,5,10,0,15,10,0,3,3,30,20,45,12,24,7,12,0,2.0,0,5,10,0,10,3,1,2,1,4,1,2
43285,43291,1,pv,1,1,1,20,30,20,4,2,4.0,0,10,12,12,2,2,10,5,10,5,5,0,3,1,20,30,25,22,14,2,9,2,4.0,0,10,5,0,10,4,2,2,2,3,1,2
43285,43291,3,pv_pt,0,1,1,20,30,20,4,2,4.0,0,10,12,12,2,2,10,5,10,5,5,0,3,1,20,30,25,22,14,2,9,2,4.0,0,10,5,0,10,4,2,2,2,3,1,2
43285,43292,2,pt,1,1,1,30,30,26,2,4,1.75,0,20,12,2,12,7,0,5,10,15,10,4,1,2,30,30,41,22,9,12,12,4,5.75,0,0,5,0,20,5,2,2,2,3,1,2
43285,43292,1,pv,1,0,1,30,30,26,2,4,1.75,0,20,12,2,12,7,0,5,10,15,10,4,1,2,30,30,41,22,9,12,12,4,5.75,0,0,5,0,20,5,2,2,2,3,1,2
43285,43293,1,pv,1,1,1,30,25,23,2,4,1.5,10,10,0,12,2,7,5,5,5,5,5,4,2,3,30,25,28,5,19,2,7,4,5.5,0,5,5,10,10,6,2,2,2,3,1,2
43285,43293,3,pv_pt,0,1,1,30,25,23,2,4,1.5,10,10,0,12,2,7,5,5,5,5,5,4,2,3,30,25,28,5,19,2,7,4,5.5,0,5,5,10,10,6,2,2,2,3,1,2
43285,43295,2,pt,1,1,1,25,20,25,6,4,6.0,20,0,6,2,7,2,0,5,0,15,10,2,2,2,25,20,40,6,4,7,16,4,8.0,0,0,5,20,0,7,1,2,1,1,1,1
43285,43295,1,pv,1,0,1,25,20,25,6,4,6.0,20,0,6,2,7,2,0,5,0,15,10,2,2,2,25,20,40,6,4,7,16,4,8.0,0,0,5,20,0,7,1,2,1,1,1,1
43285,43296,1,pv,1,1,1,25,25,22,2,4,1.75,10,0,6,12,12,2,10,15,10,15,10,0,1,3,25,25,37,16,14,12,12,4,1.75,0,10,15,10,0,8,1,2,1,1,1,1
43285,43296,2,pt,0,1,1,25,25,22,2,4,1.75,10,0,6,12,12,2,10,15,10,15,10,0,1,3,25,25,37,16,14,12,12,4,1.75,0,10,15,10,0,8,1,2,1,1,1,1
43285,43297,1,pv,1,1,1,25,30,25,4,4,4.0,10,10,6,7,7,7,5,10,5,10,0,2,1,3,25,30,35,11,14,7,4,4,6.0,0,5,10,10,10,9,1,2,1,1,1,1
43285,43297,2,pt,0,1,1,25,30,25,4,4,4.0,10,10,6,7,7,7,5,10,5,10,0,2,1,3,25,30,35,11,14,7,4,4,6.0,0,5,10,10,10,9,1,2,1,1,1,1
43312,43314,1,pv,1,1,1,30,20,30,2,0,2.0,0,10,12,12,7,12,5,10,0,15,10,0,3,3,30,20,45,12,24,7,12,0,2.0,0,5,10,0,10,1,1,1,1,3,2,1
43312,43314,2,pt,0,1,1,30,20,30,2,0,2.0,0,10,12,12,7,12,5,10,0,15,10,0,3,3,30,20,45,12,24,7,12,0,2.0,0,5,10,0,10,1,1,1,1,3,2,1
43312,43315,2,pt,1,1,1,30,30,26,2,4,1.75,0,20,12,2,12,7,0,5,10,15,10,4,1,2,30,30,41,22,9,12,12,4,5.75,0,0,5,0,20,2,1,1,1,3,2,1
43312,43315,1,pv,1,0,1,30,30,26,2,4,1.75,0,20,12,2,12,7,0,5,10,15,10,4,1,2,30,30,41,22,9,12,12,4,5.75,0,0,5,0,20,2,1,1,1,3,2,1
43312,43316,2,pt,1,1,1,25,30,25,4,4,4.0,20,0,12,12,12,12,0,15,10,10,5,4,3,2,25,30,35,22,24,12,9,4,8.0,0,0,15,20,0,3,1,1,1,3,2,1
43312,43316,1,pv,1,0,1,25,30,25,4,4,4.0,20,0,12,12,12,12,0,15,10,10,5,4,3,2,25,30,35,22,24,12,9,4,8.0,0,0,15,20,0,3,1,1,1,3,2,1
43312,43318,1,pv,1,1,1,25,20,25,6,0,6.0,20,20,0,12,2,12,0,15,10,15,5,4,1,3,25,20,40,10,24,2,11,0,10.0,0,0,15,20,20,4,3,1,1,3,1,2
43312,43318,2,pt,0,1,1,25,20,25,6,0,6.0,20,20,0,12,2,12,0,15,10,15,5,4,1,3,25,20,40,10,24,2,11,0,10.0,0,0,15,20,20,4,3,1,1,3,1,2
43312,43319,1,pv,1,1,1,30,25,23,6,2,4.5,0,10,6,12,2,7,10,15,5,10,5,4,2,2,30,25,33,11,19,2,11,2,8.5,0,10,15,0,10,5,3,1,1,3,1,2
43312,43319,3,pv_pt,0,1,1,30,25,23,6,2,4.5,0,10,6,12,2,7,10,15,5,10,5,4,2,2,30,25,33,11,19,2,11,2,8.5,0,10,15,0,10,5,3,1,1,3,1,2
43312,43320,1,pv,1,1,1,25,25,22,4,2,3.5,0,20,6,7,7,7,5,10,0,10,0,2,2,2,25,25,32,6,14,7,4,2,5.5,0,5,10,0,20,6,3,1,1,3,1,2
43312,43320,3,pv_pt,0,1,1,25,25,22,4,2,3.5,0,20,6,7,7,7,5,10,0,10,0,2,2,2,25,25,32,6,14,7,4,2,5.5,0,5,10,0,20,6,3,1,1,3,1,2
43312,43322,2,pt,1,1,1,30,20,23,4,0,3.0,20,20,12,2,12,2,0,15,10,5,0,0,1,1,30,20,28,22,4,12,4,0,3.0,0,0,15,20,20,7,3,2,1,4,2,2
43312,43322,3,pv_pt,1,0,1,30,20,23,4,0,3.0,20,20,12,2,12,2,0,15,10,5,0,0,1,1,30,20,28,22,4,12,4,0,3.0,0,0,15,20,20,7,3,2,1,4,2,2
43312,43323,2,pt,1,1,1,20,25,18,2,0,1.75,0,0,12,2,7,12,0,15,5,5,5,4,2,1,20,25,23,17,14,7,7,0,5.75,0,0,15,0,0,8,3,2,1,4,2,2
43312,43323,1,pv,1,0,1,20,25,18,2,0,1.75,0,0,12,2,7,12,0,15,5,5,5,4,2,1,20,25,23,17,14,7,7,0,5.75,0,0,15,0,0,8,3,2,1,4,2,2
43312,43324,3,pv_pt,1,1,1,20,30,20,4,2,4.0,0,10,12,12,2,2,10,5,10,5,5,0,3,1,20,30,25,22,14,2,9,2,4.0,0,10,5,0,10,9,3,2,1,4,2,2
43312,43324,1,pv,1,1,0,20,30,20,4,2,4.0,0,10,12,12,2,2,10,5,10,5,5,0,3,1,20,30,25,22,14,2,9,2,4.0,0,10,5,0,10,9,3,2,1,4,2,2
43351,43353,1,pv,1,1,1,30,25,23,6,2,4.5,0,10,6,12,2,7,10,15,5,10,5,4,2,2,30,25,33,11,19,2,11,2,8.5,0,10,15,0,10,1,2,1,2,4,2,2
43351,43353,2,pt,0,1,1,30,25,23,6,2,4.5,0,10,6,12,2,7,10,15,5,10,5,4,2,2,30,25,33,11,19,2,11,2,8.5,0,10,15,0,10,1,2,1,2,4,2,2
43351,43354,1,pv,1,1,1,20,30,15,6,2,4.5,0,20,0,2,12,7,0,5,0,5,10,2,3,3,20,30,20,0,9,12,16,2,6.5,0,0,5,0,20,2,2,1,2,4,2,2
43351,43354,2,pt,0,1,1,20,30,15,6,2,4.5,0,20,0,2,12,7,0,5,0,5,10,2,3,3,20,30,20,0,9,12,16,2,6.5,0,0,5,0,20,2,2,1,2,4,2,2
43351,43355,1,pv,1,1,1,25,20,22,4,0,3.5,10,0,0,7,12,2,0,10,10,10,0,2,3,2,25,20,32,10,9,12,4,0,5.5,0,0,10,10,0,3,2,1,2,4,2,2
43351,43355,2,pt,0,1,1,25,20,22,4,0,3.5,10,0,0,7,12,2,0,10,10,10,0,2,3,2,25,20,32,10,9,12,4,0,5.5,0,0,10,10,0,3,2,1,2,4,2,2
43351,43357,1,pv,1,1,1,30,30,26,2,4,1.75,0,20,12,2,12,7,0,5,10,15,10,4,1,2,30,30,41,22,9,12,12,4,5.75,0,0,5,0,20,4,3,1,2,4,2,1
43351,43357,2,pt,0,1,1,30,30,26,2,4,1.75,0,20,12,2,12,7,0,5,10,15,10,4,1,2,30,30,41,22,9,12,12,4,5.75,0,0,5,0,20,4,3,1,2,4,2,1
43351,43358,1,pv,1,1,1,25,25,22,2,2,1.75,20,20,6,7,2,7,5,5,5,5,0,0,3,2,25,25,27,11,14,2,2,2,1.75,0,5,5,20,20,5,3,1,2,4,2,1
43351,43358,2,pt,0,1,1,25,25,22,2,2,1.75,20,20,6,7,2,7,5,5,5,5,0,0,3,2,25,25,27,11,14,2,2,2,1.75,0,5,5,20,20,5,3,1,2,4,2,1
43351,43359,1,pv,1,1,1,20,25,18,2,2,1.75,10,10,0,7,7,7,5,10,5,10,0,2,2,3,20,25,28,5,14,7,2,2,3.75,0,5,10,10,10,6,3,1,2,4,2,1
43351,43359,2,pt,0,1,1,20,25,18,2,2,1.75,10,10,0,7,7,7,5,10,5,10,0,2,2,3,20,25,28,5,14,7,2,2,3.75,0,5,10,10,10,6,3,1,2,4,2,1
43351,43361,1,pv,1,1,1,20,30,20,4,2,4.0,0,10,12,12,2,2,10,5,10,5,5,0,3,1,20,30,25,22,14,2,9,2,4.0,0,10,5,0,10,7,4,1,2,1,1,1
43351,43361,2,pt,0,1,1,20,30,20,4,2,4.0,0,10,12,12,2,2,10,5,10,5,5,0,3,1,20,30,25,22,14,2,9,2,4.0,0,10,5,0,10,7,4,1,2,1,1,1
43351,43362,1,pv,1,1,1,20,25,18,2,0,1.75,0,0,12,2,7,12,0,15,5,5,5,4,2,1,20,25,23,17,14,7,7,0,5.75,0,0,15,0,0,8,4,1,2,1,1,1
43351,43362,2,pt,0,1,1,20,25,18,2,0,1.75,0,0,12,2,7,12,0,15,5,5,5,4,2,1,20,25,23,17,14,7,7,0,5.75,0,0,15,0,0,8,4,1,2,1,1,1
43351,43363,1,pv,1,1,1,30,20,23,4,0,3.0,20,20,12,2,12,2,0,15,10,5,0,0,1,1,30,20,28,22,4,12,4,0,3.0,0,0,15,20,20,9,4,1,2,1,1,1
43351,43363,2,pt,0,1,1,30,20,23,4,0,3.0,20,20,12,2,12,2,0,15,10,5,0,0,1,1,30,20,28,22,4,12,4,0,3.0,0,0,15,20,20,9,4,1,2,1,1,1
43416,43418,1,pv,1,1,1,30,25,23,6,2,4.5,0,10,6,12,2,7,10,15,5,10,5,4,2,2,30,25,33,11,19,2,11,2,8.5,0,10,15,0,10,1,1,2,2,4,1,1
43416,43418,2,pt,0,1,1,30,25,23,6,2,4.5,0,10,6,12,2,7,10,15,5,10,5,4,2,2,30,25,33,11,19,2,11,2,8.5,0,10,15,0,10,1,1,2,2,4,1,1
43416,43419,1,pv,1,1,1,30,30,30,4,0,4.0,20,20,0,12,12,2,10,10,5,5,10,4,2,1,30,30,35,5,14,12,14,0,8.0,0,10,10,20,20,2,1,2,2,4,1,1
43416,43419,3,pv_pt,0,1,1,30,30,30,4,0,4.0,20,20,0,12,12,2,10,10,5,5,10,4,2,1,30,30,35,5,14,12,14,0,8.0,0,10,10,20,20,2,1,2,2,4,1,1
43416,43420,1,pv,1,1,1,30,20,23,6,2,4.5,20,0,12,2,12,12,10,5,0,10,0,2,1,3,30,20,33,12,14,12,6,2,6.5,0,10,5,20,0,3,1,2,2,4,1,1
43416,43420,3,pv_pt,0,1,1,30,20,23,6,2,4.5,20,0,12,2,12,12,10,5,0,10,0,2,1,3,30,20,33,12,14,12,6,2,6.5,0,10,5,20,0,3,1,2,2,4,1,1
43416,43422,1,pv,1,1,1,30,30,26,2,4,1.75,0,20,12,2,12,7,0,5,10,15,10,4,1,2,30,30,41,22,9,12,12,4,5.75,0,0,5,0,20,4,4,1,2,4,1,2
43416,43422,3,pv_pt,0,1,1,30,30,26,2,4,1.75,0,20,12,2,12,7,0,5,10,15,10,4,1,2,30,30,41,22,9,12,12,4,5.75,0,0,5,0,20,4,4,1,2,4,1,2
43416,43423,1,pv,1,1,1,25,20,25,6,0,6.0,20,20,0,12,2,12,0,15,10,15,5,4,1,3,25,20,40,10,24,2,11,0,10.0,0,0,15,20,20,5,4,1,2,4,1,2
43416,43423,2,pt,0,1,1,25,20,25,6,0,6.0,20,20,0,12,2,12,0,15,10,15,5,4,1,3,25,20,40,10,24,2,11,0,10.0,0,0,15,20,20,5,4,1,2,4,1,2
43416,43424,1,pv,1,1,1,25,25,22,4,2,3.5,0,20,6,7,7,7,5,10,0,10,0,2,2,2,25,25,32,6,14,7,4,2,5.5,0,5,10,0,20,6,4,1,2,4,1,2
43416,43424,3,pv_pt,0,1,1,25,25,22,4,2,3.5,0,20,6,7,7,7,5,10,0,10,0,2,2,2,25,25,32,6,14,7,4,2,5.5,0,5,10,0,20,6,4,1,2,4,1,2
43416,43426,1,pv,1,1,1,20,30,20,6,0,6.0,10,0,0,2,12,12,10,10,10,10,10,0,1,2,20,30,30,10,14,12,16,0,6.0,0,10,10,10,0,7,4,2,2,2,2,1
43416,43426,3,pv_pt,0,1,1,20,30,20,6,0,6.0,10,0,0,2,12,12,10,10,10,10,10,0,1,2,20,30,30,10,14,12,16,0,6.0,0,10,10,10,0,7,4,2,2,2,2,1
43416,43427,1,pv,1,1,1,20,30,15,6,2,4.5,0,20,0,2,12,7,0,5,0,5,10,2,3,3,20,30,20,0,9,12,16,2,6.5,0,0,5,0,20,8,4,2,2,2,2,1
43416,43427,2,pt,0,1,1,20,30,15,6,2,4.5,0,20,0,2,12,7,0,5,0,5,10,2,3,3,20,30,20,0,9,12,16,2,6.5,0,0,5,0,20,8,4,2,2,2,2,1
43416,43428,1,pv,1,1,1,20,20,15,2,2,1.5,20,10,6,7,2,12,10,5,5,15,5,4,3,1,20,20,30,11,19,2,7,2,5.5,0,10,5,20,10,9,4,2,2,2,2,1
43416,43428,2,pt,0,1,1,20,20,15,2,2,1.5,20,10,6,7,2,12,10,5,5,15,5,4,3,1,20,20,30,11,19,2,7,2,5.5,0,10,5,20,10,9,4,2,2,2,2,1
43497,43499,1,pv,1,1,1,30,25,23,2,4,1.5,10,10,0,12,2,7,5,5,5,5,5,4,2,3,30,25,28,5,19,2,7,4,5.5,0,5,5,10,10,1,4,1,2,4,1,2
43497,43499,2,pt,0,1,1,30,25,23,2,4,1.5,10,10,0,12,2,7,5,5,5,5,5,4,2,3,30,25,28,5,19,2,7,4,5.5,0,5,5,10,10,1,4,1,2,4,1,2
43497,43500,1,pv,1,1,1,30,30,26,2,4,1.75,0,20,12,2,12,7,0,5,10,15,10,4,1,2,30,30,41,22,9,12,12,4,5.75,0,0,5,0,20,2,4,1,2,4,1,2
43497,43500,2,pt,0,1,1,30,30,26,2,4,1.75,0,20,12,2,12,7,0,5,10,15,10,4,1,2,30,30,41,22,9,12,12,4,5.75,0,0,5,0,20,2,4,1,2,4,1,2
43497,43501,1,pv,1,1,1,30,20,30,2,0,2.0,0,10,12,12,7,12,5,10,0,15,10,0,3,3,30,20,45,12,24,7,12,0,2.0,0,5,10,0,10,3,4,1,2,4,1,2
43497,43501,2,pt,0,1,1,30,20,30,2,0,2.0,0,10,12,12,7,12,5,10,0,15,10,0,3,3,30,20,45,12,24,7,12,0,2.0,0,5,10,0,10,3,4,1,2,4,1,2
43497,43503,1,pv,1,1,1,25,20,25,6,0,6.0,20,20,0,12,2,12,0,15,10,15,5,4,1,3,25,20,40,10,24,2,11,0,10.0,0,0,15,20,20,4,4,1,2,1,1,1
43497,43503,2,pt,0,1,1,25,20,25,6,0,6.0,20,20,0,12,2,12,0,15,10,15,5,4,1,3,25,20,40,10,24,2,11,0,10.0,0,0,15,20,20,4,4,1,2,1,1,1
43497,43504,1,pv,1,1,1,20,25,18,2,0,1.75,0,0,12,2,7,12,0,15,5,5,5,4,2,1,20,25,23,17,14,7,7,0,5.75,0,0,15,0,0,5,4,1,2,1,1,1
43497,43504,2,pt,0,1,1,20,25,18,2,0,1.75,0,0,12,2,7,12,0,15,5,5,5,4,2,1,20,25,23,17,14,7,7,0,5.75,0,0,15,0,0,5,4,1,2,1,1,1
43497,43505,1,pv,1,1,1,25,20,22,4,0,3.5,10,0,0,7,12,2,0,10,10,10,0,2,3,2,25,20,32,10,9,12,4,0,5.5,0,0,10,10,0,6,4,1,2,1,1,1
43497,43505,2,pt,0,1,1,25,20,22,4,0,3.5,10,0,0,7,12,2,0,10,10,10,0,2,3,2,25,20,32,10,9,12,4,0,5.5,0,0,10,10,0,6,4,1,2,1,1,1
43497,43507,1,pv,1,1,1,25,25,22,2,4,1.75,10,0,6,12,12,2,10,15,10,15,10,0,1,3,25,25,37,16,14,12,12,4,1.75,0,10,15,10,0,7,2,1,2,4,2,2
43497,43507,2,pt,0,1,1,25,25,22,2,4,1.75,10,0,6,12,12,2,10,15,10,15,10,0,1,3,25,25,37,16,14,12,12,4,1.75,0,10,15,10,0,7,2,1,2,4,2,2
43497,43508,1,pv,1,1,1,30,20,23,6,2,4.5,20,0,12,2,12,12,10,5,0,10,0,2,1,3,30,20,33,12,14,12,6,2,6.5,0,10,5,20,0,8,2,1,2,4,2,2
43497,43508,2,pt,0,1,1,30,20,23,6,2,4.5,20,0,12,2,12,12,10,5,0,10,0,2,1,3,30,20,33,12,14,12,6,2,6.5,0,10,5,20,0,8,2,1,2,4,2,2
43497,43509,1,pv,1,1,1,25,20,25,6,4,6.0,10,20,12,2,2,2,10,15,5,5,10,2,3,3,25,20,30,17,4,2,16,4,8.0,0,10,15,10,20,9,2,1,2,4,2,2
43497,43509,2,pt,0,1,1,25,20,25,6,4,6.0,10,20,12,2,2,2,10,15,5,5,10,2,3,3,25,20,30,17,4,2,16,4,8.0,0,10,15,10,20,9,2,1,2,4,2,2
43511,43513,3,pv_pt,1,1,1,30,30,26,2,4,1.75,0,20,12,2,12,7,0,5,10,15,10,4,1,2,30,30,41,22,9,12,12,4,5.75,0,0,5,0,20,1,3,1,1,3,1,2
43511,43513,1,pv,1,1,0,30,30,26,2,4,1.75,0,20,12,2,12,7,0,5,10,15,10,4,1,2,30,30,41,22,9,12,12,4,5.75,0,0,5,0,20,1,3,1,1,3,1,2
43511,43514,1,pv,1,1,1,20,25,15,4,2,3.0,20,20,6,7,2,12,5,15,0,5,5,0,2,2,20,25,20,6,19,2,9,2,3.0,0,5,15,20,20,2,3,1,1,3,1,2
43511,43514,3,pv_pt,0,1,1,20,25,15,4,2,3.0,20,20,6,7,2,12,5,15,0,5,5,0,2,2,20,25,20,6,19,2,9,2,3.0,0,5,15,20,20,2,3,1,1,3,1,2
43511,43515,1,pv,1,1,1,25,20,25,6,4,6.0,20,0,6,2,7,2,0,5,0,15,10,2,2,2,25,20,40,6,4,7,16,4,8.0,0,0,5,20,0,3,3,1,1,3,1,2
43511,43515,2,pt,0,1,1,25,20,25,6,4,6.0,20,0,6,2,7,2,0,5,0,15,10,2,2,2,25,20,40,6,4,7,16,4,8.0,0,0,5,20,0,3,3,1,1,3,1,2
43511,43517,1,pv,1,1,1,20,20,15,2,2,1.5,20,10,6,7,2,12,10,5,5,15,5,4,3,1,20,20,30,11,19,2,7,2,5.5,0,10,5,20,10,4,4,1,1,4,1,1
43511,43517,3,pv_pt,0,1,1,20,20,15,2,2,1.5,20,10,6,7,2,12,10,5,5,15,5,4,3,1,20,20,30,11,19,2,7,2,5.5,0,10,5,20,10,4,4,1,1,4,1,1
43511,43518,1,pv,1,1,1,25,25,22,4,2,3.5,0,20,6,7,7,7,5,10,0,10,0,2,2,2,25,25,32,6,14,7,4,2,5.5,0,5,10,0,20,5,4,1,1,4,1,1
43511,43518,2,pt,0,1,1,25,25,22,4,2,3.5,0,20,6,7,7,7,5,10,0,10,0,2,2,2,25,25,32,6,14,7,4,2,5.5,0,5,10,0,20,5,4,1,1,4,1,1
43511,43519,1,pv,1,1,1,30,20,23,4,0,3.0,20,20,12,2,12,2,0,15,10,5,0,0,1,1,30,20,28,22,4,12,4,0,3.0,0,0,15,20,20,6,4,1,1,4,1,1
43511,43519,2,pt,0,1,1,30,20,23,4,0,3.0,20,20,12,2,12,2,0,15,10,5,0,0,1,1,30,20,28,22,4,12,4,0,3.0,0,0,15,20,20,6,4,1,1,4,1,1
43511,43521,1,pv,1,1,1,20,30,18,6,0,5.25,10,0,12,12,7,2,0,10,0,15,5,4,1,1,20,30,33,12,14,7,11,0,9.25,0,0,10,10,0,7,3,1,1,2,1,2
43511,43521,3,pv_pt,0,1,1,20,30,18,6,0,5.25,10,0,12,12,7,2,0,10,0,15,5,4,1,1,20,30,33,12,14,7,11,0,9.25,0,0,10,10,0,7,3,1,1,2,1,2
43511,43522,1,pv,1,1,1,25,20,25,6,0,6.0,20,20,0,12,2,12,0,15,10,15,5,4,1,3,25,20,40,10,24,2,11,0,10.0,0,0,15,20,20,8,3,1,1,2,1,2
43511,43522,2,pt,0,1,1,25,20,25,6,0,6.0,20,20,0,12,2,12,0,15,10,15,5,4,1,3,25,20,40,10,24,2,11,0,10.0,0,0,15,20,20,8,3,1,1,2,1,2
43511,43523,2,pt,1,1,1,25,20,22,4,0,3.5,10,0,0,7,12,2,0,10,10,10,0,2,3,2,25,20,32,10,9,12,4,0,5.5,0,0,10,10,0,9,3,1,1,2,1,2
43511,43523,1,pv,1,0,1,25,20,22,4,0,3.5,10,0,0,7,12,2,0,10,10,10,0,2,3,2,25,20,32,10,9,12,4,0,5.5,0,0,10,10,0,9,3,1,1,2,1,2
43538,43540,1,pv,1,1,1,30,20,30,2,0,2.0,0,10,12,12,7,12,5,10,0,15,10,0,3,3,30,20,45,12,24,7,12,0,2.0,0,5,10,0,10,1,3,1,2,2,1,1
43538,43540,2,pt,0,1,1,30,20,30,2,0,2.0,0,10,12,12,7,12,5,10,0,15,10,0,3,3,30,20,45,12,24,7,12,0,2.0,0,5,10,0,10,1,3,1,2,2,1,1
43538,43541,1,pv,1,1,1,30,25,23,6,2,4.5,0,10,6,12,2,7,10,15,5,10,5,4,2,2,30,25,33,11,19,2,11,2,8.5,0,10,15,0,10,2,3,1,2,2,1,1
43538,43541,3,pv_pt,0,1,1,30,25,23,6,2,4.5,0,10,6,12,2,7,10,15,5,10,5,4,2,2,30,25,33,11,19,2,11,2,8.5,0,10,15,0,10,2,3,1,2,2,1,1
43538,43542,1,pv,1,1,1,30,20,23,4,0,3.0,20,20,12,2,12,2,0,15,10,5,0,0,1,1,30,20,28,22,4,12,4,0,3.0,0,0,15,20,20,3,3,1,2,2,1,1
43538,43542,2,pt,0,1,1,30,20,23,4,0,3.0,20,20,12,2,12,2,0,15,10,5,0,0,1,1,30,20,28,22,4,12,4,0,3.0,0,0,15,20,20,3,3,1,2,2,1,1
43538,43544,1,pv,1,1,1,20,25,18,2,2,1.75,10,10,0,7,7,7,5,10,5,10,0,2,2,3,20,25,28,5,14,7,2,2,3.75,0,5,10,10,10,4,2,1,1,1,2,2
43538,43544,2,pt,0,1,1,20,25,18,2,2,1.75,10,10,0,7,7,7,5,10,5,10,0,2,2,3,20,25,28,5,14,7,2,2,3.75,0,5,10,10,10,4,2,1,1,1,2,2
43538,43545,1,pv,1,1,1,25,30,25,4,4,4.0,10,10,6,7,7,7,5,10,5,10,0,2,1,3,25,30,35,11,14,7,4,4,6.0,0,5,10,10,10,5,2,1,1,1,2,2
43538,43545,2,pt,0,1,1,25,30,25,4,4,4.0,10,10,6,7,7,7,5,10,5,10,0,2,1,3,25,30,35,11,14,7,4,4,6.0,0,5,10,10,10,5,2,1,1,1,2,2
43538,43546,1,pv,1,1,1,20,30,18,6,0,5.25,10,0,12,12,7,2,0,10,0,15,5,4,1,1,20,30,33,12,14,7,11,0,9.25,0,0,10,10,0,6,2,1,1,1,2,2
43538,43546,2,pt,0,1,1,20,30,18,6,0,5.25,10,0,12,12,7,2,0,10,0,15,5,4,1,1,20,30,33,12,14,7,11,0,9.25,0,0,10,10,0,6,2,1,1,1,2,2
43538,43548,1,pv,1,1,1,20,30,20,6,0,6.0,10,0,0,2,12,12,10,10,10,10,10,0,1,2,20,30,30,10,14,12,16,0,6.0,0,10,10,10,0,7,3,1,1,3,1,2
43538,43548,2,pt,0,1,1,20,30,20,6,0,6.0,10,0,0,2,12,12,10,10,10,10,10,0,1,2,20,30,30,10,14,12,16,0,6.0,0,10,10,10,0,7,3,1,1,3,1,2
43538,43549,1,pv,1,1,1,20,25,15,4,2,3.0,20,20,6,7,2,12,5,15,0,5,5,0,2,2,20,25,20,6,19,2,9,2,3.0,0,5,15,20,20,8,3,1,1,3,1,2
43538,43549,3,pv_pt,0,1,1,20,25,15,4,2,3.0,20,20,6,7,2,12,5,15,0,5,5,0,2,2,20,25,20,6,19,2,9,2,3.0,0,5,15,20,20,8,3,1,1,3,1,2
43538,43550,1,pv,1,1,1,20,30,15,6,2,4.5,0,20,0,2,12,7,0,5,0,5,10,2,3,3,20,30,20,0,9,12,16,2,6.5,0,0,5,0,20,9,3,1,1,3,1,2
43538,43550,2,pt,0,1,1,20,30,15,6,2,4.5,0,20,0,2,12,7,0,5,0,5,10,2,3,3,20,30,20,0,9,12,16,2,6.5,0,0,5,0,20,9,3,1,1,3,1,2
43630,43632,1,pv,1,1,1,20,20,15,2,2,1.5,20,10,6,7,2,12,10,5,5,15,5,4,3,1,20,20,30,11,19,2,7,2,5.5,0,10,5,20,10,1,2,1,2,4,2,2
43630,43632,3,pv_pt,0,1,1,20,20,15,2,2,1.5,20,10,6,7,2,12,10,5,5,15,5,4,3,1,20,20,30,11,19,2,7,2,5.5,0,10,5,20,10,1,2,1,2,4,2,2
43630,43633,1,pv,1,1,1,25,20,25,6,0,6.0,20,20,0,12,2,12,0,15,10,15,5,4,1,3,25,20,40,10,24,2,11,0,10.0,0,0,15,20,20,2,2,1,2,4,2,2
43630,43633,2,pt,0,1,1,25,20,25,6,0,6.0,20,20,0,12,2,12,0,15,10,15,5,4,1,3,25,20,40,10,24,2,11,0,10.0,0,0,15,20,20,2,2,1,2,4,2,2
43630,43634,1,pv,1,1,1,30,20,30,2,0,2.0,0,10,12,12,7,12,5,10,0,15,10,0,3,3,30,20,45,12,24,7,12,0,2.0,0,5,10,0,10,3,2,1,2,4,2,2
43630,43634,2,pt,0,1,1,30,20,30,2,0,2.0,0,10,12,12,7,12,5,10,0,15,10,0,3,3,30,20,45,12,24,7,12,0,2.0,0,5,10,0,10,3,2,1,2,4,2,2
43630,43636,1,pv,1,1,1,25,20,22,4,0,3.5,10,0,0,7,12,2,0,10,10,10,0,2,3,2,25,20,32,10,9,12,4,0,5.5,0,0,10,10,0,4,4,1,2,4,1,2
43630,43636,2,pt,0,1,1,25,20,22,4,0,3.5,10,0,0,7,12,2,0,10,10,10,0,2,3,2,25,20,32,10,9,12,4,0,5.5,0,0,10,10,0,4,4,1,2,4,1,2
43630,43637,1,pv,1,1,1,20,25,18,2,2,1.75,10,10,0,7,7,7,5,10,5,10,0,2,2,3,20,25,28,5,14,7,2,2,3.75,0,5,10,10,10,5,4,1,2,4,1,2
43630,43637,2,pt,0,1,1,20,25,18,2,2,1.75,10,10,0,7,7,7,5,10,5,10,0,2,2,3,20,25,28,5,14,7,2,2,3.75,0,5,10,10,10,5,4,1,2,4,1,2
43630,43638,1,pv,1,1,1,25,20,25,6,4,6.0,20,0,6,2,7,2,0,5,0,15,10,2,2,2,25,20,40,6,4,7,16,4,8.0,0,0,5,20,0,6,4,1,2,4,1,2
43630,43638,2,pt,0,1,1,25,20,25,6,4,6.0,20,0,6,2,7,2,0,5,0,15,10,2,2,2,25,20,40,6,4,7,16,4,8.0,0,0,5,20,0,6,4,1,2,4,1,2
43630,43640,1,pv,1,1,1,30,25,23,2,4,1.5,10,10,0,12,2,7,5,5,5,5,5,4,2,3,30,25,28,5,19,2,7,4,5.5,0,5,5,10,10,7,3,2,1,4,2,2
43630,43640,3,pv_pt,0,1,1,30,25,23,2,4,1.5,10,10,0,12,2,7,5,5,5,5,5,4,2,3,30,25,28,5,19,2,7,4,5.5,0,5,5,10,10,7,3,2,1,4,2,2
43630,43641,1,pv,1,1,1,30,30,30,4,0,4.0,20,20,0,12,12,2,10,10,5,5,10,4,2,1,30,30,35,5,14,12,14,0,8.0,0,10,10,20,20,8,3,2,1,4,2,2
43630,43641,2,pt,0,1,1,30,30,30,4,0,4.0,20,20,0,12,12,2,10,10,5,5,10,4,2,1,30,30,35,5,14,12,14,0,8.0,0,10,10,20,20,8,3,2,1,4,2,2
43630,43642,1,pv,1,1,1,20,25,18,2,0,1.75,0,0,12,2,7,12,0,15,5,5,5,4,2,1,20,25,23,17,14,7,7,0,5.75,0,0,15,0,0,9,3,2,1,4,2,2
43630,43642,2,pt,0,1,1,20,25,18,2,0,1.75,0,0,12,2,7,12,0,15,5,5,5,4,2,1,20,25,23,17,14,7,7,0,5.75,0,0,15,0,0,9,3,2,1,4,2,2
43721,43723,1,pv,1,1,1,25,20,25,6,0,6.0,20,20,0,12,2,12,0,15,10,15,5,4,1,3,25,20,40,10,24,2,11,0,10.0,0,0,15,20,20,1,2,2,1,2,1,1
43721,43723,2,pt,0,1,1,25,20,25,6,0,6.0,20,20,0,12,2,12,0,15,10,15,5,4,1,3,25,20,40,10,24,2,11,0,10.0,0,0,15,20,20,1,2,2,1,2,1,1
43721,43724,1,pv,1,1,1,25,20,25,6,4,6.0,20,0,6,2,7,2,0,5,0,15,10,2,2,2,25,20,40,6,4,7,16,4,8.0,0,0,5,20,0,2,2,2,1,2,1,1
43721,43724,2,pt,0,1,1,25,20,25,6,4,6.0,20,0,6,2,7,2,0,5,0,15,10,2,2,2,25,20,40,6,4,7,16,4,8.0,0,0,5,20,0,2,2,2,1,2,1,1
43721,43725,1,pv,1,1,1,20,25,15,4,2,3.0,20,20,6,7,2,12,5,15,0,5,5,0,2,2,20,25,20,6,19,2,9,2,3.0,0,5,15,20,20,3,2,2,1,2,1,1
43721,43725,3,pv_pt,0,1,1,20,25,15,4,2,3.0,20,20,6,7,2,12,5,15,0,5,5,0,2,2,20,25,20,6,19,2,9,2,3.0,0,5,15,20,20,3,2,2,1,2,1,1
43721,43727,1,pv,1,1,1,30,25,23,6,4,4.5,0,10,6,7,2,12,5,5,10,15,0,0,2,1,30,25,38,16,19,2,6,4,4.5,0,5,5,0,10,4,2,2,1,4,2,1
43721,43727,3,pv_pt,0,1,1,30,25,23,6,4,4.5,0,10,6,7,2,12,5,5,10,15,0,0,2,1,30,25,38,16,19,2,6,4,4.5,0,5,5,0,10,4,2,2,1,4,2,1
43721,43728,1,pv,1,1,1,30,20,23,4,0,3.0,20,20,12,2,12,2,0,15,10,5,0,0,1,1,30,20,28,22,4,12,4,0,3.0,0,0,15,20,20,5,2,2,1,4,2,1
43721,43728,2,pt,0,1,1,30,20,23,4,0,3.0,20,20,12,2,12,2,0,15,10,5,0,0,1,1,30,20,28,22,4,12,4,0,3.0,0,0,15,20,20,5,2,2,1,4,2,1
43721,43729,1,pv,1,1,1,30,20,23,6,2,4.5,20,0,12,2,12,12,10,5,0,10,0,2,1,3,30,20,33,12,14,12,6,2,6.5,0,10,5,20,0,6,2,2,1,4,2,1
43721,43729,2,pt,0,1,1,30,20,23,6,2,4.5,20,0,12,2,12,12,10,5,0,10,0,2,1,3,30,20,33,12,14,12,6,2,6.5,0,10,5,20,0,6,2,2,1,4,2,1
43721,43731,3,pv_pt,1,1,1,30,25,23,6,2,4.5,0,10,6,12,2,7,10,15,5,10,5,4,2,2,30,25,33,11,19,2,11,2,8.5,0,10,15,0,10,7,2,2,2,3,1,2
43721,43731,1,pv,1,1,0,30,25,23,6,2,4.5,0,10,6,12,2,7,10,15,5,10,5,4,2,2,30,25,33,11,19,2,11,2,8.5,0,10,15,0,10,7,2,2,2,3,1,2
43721,43732,2,pt,1,1,1,30,30,30,4,0,4.0,20,20,0,12,12,2,10,10,5,5,10,4,2,1,30,30,35,5,14,12,14,0,8.0,0,10,10,20,20,8,2,2,2,3,1,2
43721,43732,3,pv_pt,1,0,1,30,30,30,4,0,4.0,20,20,0,12,12,2,10,10,5,5,10,4,2,1,30,30,35,5,14,12,14,0,8.0,0,10,10,20,20,8,2,2,2,3,1,2
43721,43733,1,pv,1,1,1,25,25,22,4,2,3.5,0,20,6,7,7,7,5,10,0,10,0,2,2,2,25,25,32,6,14,7,4,2,5.5,0,5,10,0,20,9,2,2,2,3,1,2
43721,43733,2,pt,0,1,1,25,25,22,4,2,3.5,0,20,6,7,7,7,5,10,0,10,0,2,2,2,25,25,32,6,14,7,4,2,5.5,0,5,10,0,20,9,2,2,2,3,1,2
43734,43736,1,pv,1,1,1,20,20,15,2,2,1.5,20,10,6,7,2,12,10,5,5,15,5,4,3,1,20,20,30,11,19,2,7,2,5.5,0,10,5,20,10,1,2,1,1,3,1,1
43734,43736,3,pv_pt,0,1,1,20,20,15,2,2,1.5,20,10,6,7,2,12,10,5,5,15,5,4,3,1,20,20,30,11,19,2,7,2,5.5,0,10,5,20,10,1,2,1,1,3,1,1
43734,43737,1,pv,1,1,1,20,30,20,4,2,4.0,0,10,12,12,2,2,10,5,10,5,5,0,3,1,20,30,25,22,14,2,9,2,4.0,0,10,5,0,10,2,2,1,1,3,1,1
43734,43737,3,pv_pt,0,1,1,20,30,20,4,2,4.0,0,10,12,12,2,2,10,5,10,5,5,0,3,1,20,30,25,22,14,2,9,2,4.0,0,10,5,0,10,2,2,1,1,3,1,1
43734,43738,3,pv_pt,1,1,1,30,20,30,2,0,2.0,0,10,12,12,7,12,5,10,0,15,10,0,3,3,30,20,45,12,24,7,12,0,2.0,0,5,10,0,10,3,2,1,1,3,1,1
43734,43738,2,pt,1,1,0,30,20,30,2,0,2.0,0,10,12,12,7,12,5,10,0,15,10,0,3,3,30,20,45,12,24,7,12,0,2.0,0,5,10,0,10,3,2,1,1,3,1,1
43734,43740,2,pt,1,1,1,20,30,18,6,0,5.25,10,0,12,12,7,2,0,10,0,15,5,4,1,1,20,30,33,12,14,7,11,0,9.25,0,0,10,10,0,4,1,2,1,1,1,1
43734,43740,1,pv,1,0,1,20,30,18,6,0,5.25,10,0,12,12,7,2,0,10,0,15,5,4,1,1,20,30,33,12,14,7,11,0,9.25,0,0,10,10,0,4,1,2,1,1,1,1
43734,43741,1,pv,1,1,1,30,25,23,2,4,1.5,10,10,0,12,2,7,5,5,5,5,5,4,2,3,30,25,28,5,19,2,7,4,5.5,0,5,5,10,10,5,1,2,1,1,1,1
43734,43741,3,pv_pt,0,1,1,30,25,23,2,4,1.5,10,10,0,12,2,7,5,5,5,5,5,4,2,3,30,25,28,5,19,2,7,4,5.5,0,5,5,10,10,5,1,2,1,1,1,1
43734,43742,1,pv,1,1,1,30,20,23,6,2,4.5,20,0,12,2,12,12,10,5,0,10,0,2,1,3,30,20,33,12,14,12,6,2,6.5,0,10,5,20,0,6,1,2,1,1,1,1
43734,43742,2,pt,0,1,1,30,20,23,6,2,4.5,20,0,12,2,12,12,10,5,0,10,0,2,1,3,30,20,33,12,14,12,6,2,6.5,0,10,5,20,0,6,1,2,1,1,1,1
43734,43744,1,pv,1,1,1,30,25,23,6,4,4.5,0,10,6,7,2,12,5,5,10,15,0,0,2,1,30,25,38,16,19,2,6,4,4.5,0,5,5,0,10,7,3,1,1,2,1,2
43734,43744,3,pv_pt,0,1,1,30,25,23,6,4,4.5,0,10,6,7,2,12,5,5,10,15,0,0,2,1,30,25,38,16,19,2,6,4,4.5,0,5,5,0,10,7,3,1,1,2,1,2
43734,43745,1,pv,1,1,1,20,25,18,4,4,1.75,0,10,0,7,7,7,5,10,0,10,0,2,1,1,20,25,28,0,14,7,4,4,3.75,0,5,10,0,10,8,3,1,1,2,1,2
43734,43745,2,pt,0,1,1,20,25,18,4,4,1.75,0,10,0,7,7,7,5,10,0,10,0,2,1,1,20,25,28,0,14,7,4,4,3.75,0,5,10,0,10,8,3,1,1,2,1,2
43734,43746,2,pt,1,1,1,30,30,26,2,4,1.75,0,20,12,2,12,7,0,5,10,15,10,4,1,2,30,30,41,22,9,12,12,4,5.75,0,0,5,0,20,9,3,1,1,2,1,2
43734,43746,3,pv_pt,1,0,1,30,30,26,2,4,1.75,0,20,12,2,12,7,0,5,10,15,10,4,1,2,30,30,41,22,9,12,12,4,5.75,0,0,5,0,20,9,3,1,1,2,1,2
43747,43749,1,pv,1,1,1,20,30,15,6,2,4.5,0,20,0,2,12,7,0,5,0,5,10,2,3,3,20,30,20,0,9,12,16,2,6.5,0,0,5,0,20,1,3,1,2,4,2,1
43747,43749,2,pt,0,1,1,20,30,15,6,2,4.5,0,20,0,2,12,7,0,5,0,5,10,2,3,3,20,30,20,0,9,12,16,2,6.5,0,0,5,0,20,1,3,1,2,4,2,1
43747,43750,1,pv,1,1,1,25,20,22,4,0,3.5,10,0,0,7,12,2,0,10,10,10,0,2,3,2,25,20,32,10,9,12,4,0,5.5,0,0,10,10,0,2,3,1,2,4,2,1
43747,43750,2,pt,0,1,1,25,20,22,4,0,3.5,10,0,0,7,12,2,0,10,10,10,0,2,3,2,25,20,32,10,9,12,4,0,5.5,0,0,10,10,0,2,3,1,2,4,2,1
43747,43751,1,pv,1,1,1,25,20,25,6,4,6.0,10,20,12,2,2,2,10,15,5,5,10,2,3,3,25,20,30,17,4,2,16,4,8.0,0,10,15,10,20,3,3,1,2,4,2,1
43747,43751,2,pt,0,1,1,25,20,25,6,4,6.0,10,20,12,2,2,2,10,15,5,5,10,2,3,3,25,20,30,17,4,2,16,4,8.0,0,10,15,10,20,3,3,1,2,4,2,1
43747,43753,1,pv,1,1,1,30,30,26,2,0,1.75,10,0,0,2,7,2,10,15,0,15,10,0,3,1,30,30,41,0,4,7,12,0,1.75,0,10,15,10,0,4,1,2,2,4,1,1
43747,43753,2,pt,0,1,1,30,30,26,2,0,1.75,10,0,0,2,7,2,10,15,0,15,10,0,3,1,30,30,41,0,4,7,12,0,1.75,0,10,15,10,0,4,1,2,2,4,1,1
43747,43754,1,pv,1,1,1,25,25,22,2,4,1.75,10,0,6,12,12,2,10,15,10,15,10,0,1,3,25,25,37,16,14,12,12,4,1.75,0,10,15,10,0,5,1,2,2,4,1,1
43747,43754,2,pt,0,1,1,25,25,22,2,4,1.75,10,0,6,12,12,2,10,15,10,15,10,0,1,3,25,25,37,16,14,12,12,4,1.75,0,10,15,10,0,5,1,2,2,4,1,1
43747,43755,1,pv,1,1,1,25,25,22,4,2,3.5,0,20,6,7,7,7,5,10,0,10,0,2,2,2,25,25,32,6,14,7,4,2,5.5,0,5,10,0,20,6,1,2,2,4,1,1
43747,43755,2,pt,0,1,1,25,25,22,4,2,3.5,0,20,6,7,7,7,5,10,0,10,0,2,2,2,25,25,32,6,14,7,4,2,5.5,0,5,10,0,20,6,1,2,2,4,1,1
43747,43757,1,pv,1,1,1,25,30,25,4,4,4.0,10,10,6,7,7,7,5,10,5,10,0,2,1,3,25,30,35,11,14,7,4,4,6.0,0,5,10,10,10,7,4,1,2,4,1,2
43747,43757,2,pt,0,1,1,25,30,25,4,4,4.0,10,10,6,7,7,7,5,10,5,10,0,2,1,3,25,30,35,11,14,7,4,4,6.0,0,5,10,10,10,7,4,1,2,4,1,2
43747,43758,1,pv,1,1,1,20,30,18,6,0,5.25,10,0,12,12,7,2,0,10,0,15,5,4,1,1,20,30,33,12,14,7,11,0,9.25,0,0,10,10,0,8,4,1,2,4,1,2
43747,43758,2,pt,0,1,1,20,30,18,6,0,5.25,10,0,12,12,7,2,0,10,0,15,5,4,1,1,20,30,33,12,14,7,11,0,9.25,0,0,10,10,0,8,4,1,2,4,1,2
43747,43759,1,pv,1,1,1,20,30,20,4,2,4.0,0,10,12,12,2,2,10,5,10,5,5,0,3,1,20,30,25,22,14,2,9,2,4.0,0,10,5,0,10,9,4,1,2,4,1,2
43747,43759,2,pt,0,1,1,20,30,20,4,2,4.0,0,10,12,12,2,2,10,5,10,5,5,0,3,1,20,30,25,22,14,2,9,2,4.0,0,10,5,0,10,9,4,1,2,4,1,2
43760,43762,1,pv,1,1,1,30,30,26,2,0,1.75,10,0,0,2,7,2,10,15,0,15,10,0,3,1,30,30,41,0,4,7,12,0,1.75,0,10,15,10,0,1,1,1,2,3,2,2
43760,43762,2,pt,0,1,1,30,30,26,2,0,1.75,10,0,0,2,7,2,10,15,0,15,10,0,3,1,30,30,41,0,4,7,12,0,1.75,0,10,15,10,0,1,1,1,2,3,2,2
43760,43763,1,pv,1,1,1,20,25,18,2,2,1.75,10,10,0,7,7,7,5,10,5,10,0,2,2,3,20,25,28,5,14,7,2,2,3.75,0,5,10,10,10,2,1,1,2,3,2,2
43760,43763,3,pv_pt,0,1,1,20,25,18,2,2,1.75,10,10,0,7,7,7,5,10,5,10,0,2,2,3,20,25,28,5,14,7,2,2,3.75,0,5,10,10,10,2,1,1,2,3,2,2
43760,43764,3,pv_pt,1,1,1,20,20,15,2,2,1.5,20,10,6,7,2,12,10,5,5,15,5,4,3,1,20,20,30,11,19,2,7,2,5.5,0,10,5,20,10,3,1,1,2,3,2,2
43760,43764,1,pv,1,1,0,20,20,15,2,2,1.5,20,10,6,7,2,12,10,5,5,15,5,4,3,1,20,20,30,11,19,2,7,2,5.5,0,10,5,20,10,3,1,1,2,3,2,2
43760,43766,3,pv_pt,1,1,1,20,25,15,4,2,3.0,20,20,6,7,2,12,5,15,0,5,5,0,2,2,20,25,20,6,19,2,9,2,3.0,0,5,15,20,20,4,4,1,2,1,1,1
43760,43766,1,pv,1,1,0,20,25,15,4,2,3.0,20,20,6,7,2,12,5,15,0,5,5,0,2,2,20,25,20,6,19,2,9,2,3.0,0,5,15,20,20,4,4,1,2,1,1,1
43760,43767,2,pt,1,1,1,30,30,26,2,4,1.75,0,20,12,2,12,7,0,5,10,15,10,4,1,2,30,30,41,22,9,12,12,4,5.75,0,0,5,0,20,5,4,1,2,1,1,1
43760,43767,3,pv_pt,1,0,1,30,30,26,2,4,1.75,0,20,12,2,12,7,0,5,10,15,10,4,1,2,30,30,41,22,9,12,12,4,5.75,0,0,5,0,20,5,4,1,2,1,1,1
43760,43768,1,pv,1,1,1,20,30,20,6,0,6.0,10,0,0,2,12,12,10,10,10,10,10,0,1,2,20,30,30,10,14,12,16,0,6.0,0,10,10,10,0,6,4,1,2,1,1,1
43760,43768,3,pv_pt,0,1,1,20,30,20,6,0,6.0,10,0,0,2,12,12,10,10,10,10,10,0,1,2,20,30,30,10,14,12,16,0,6.0,0,10,10,10,0,6,4,1,2,1,1,1
43760,43770,3,pv_pt,1,1,1,25,20,25,6,4,6.0,10,20,12,2,2,2,10,15,5,5,10,2,3,3,25,20,30,17,4,2,16,4,8.0,0,10,15,10,20,7,3,1,1,3,1,2
43760,43770,2,pt,1,1,0,25,20,25,6,4,6.0,10,20,12,2,2,2,10,15,5,5,10,2,3,3,25,20,30,17,4,2,16,4,8.0,0,10,15,10,20,7,3,1,1,3,1,2
43760,43771,1,pv,1,1,1,20,30,15,6,2,4.5,0,20,0,2,12,7,0,5,0,5,10,2,3,3,20,30,20,0,9,12,16,2,6.5,0,0,5,0,20,8,3,1,1,3,1,2
43760,43771,3,pv_pt,0,1,1,20,30,15,6,2,4.5,0,20,0,2,12,7,0,5,0,5,10,2,3,3,20,30,20,0,9,12,16,2,6.5,0,0,5,0,20,8,3,1,1,3,1,2
43760,43772,1,pv,1,1,1,30,25,23,2,4,1.5,10,10,0,12,2,7,5,5,5,5,5,4,2,3,30,25,28,5,19,2,7,4,5.5,0,5,5,10,10,9,3,1,1,3,1,2
43760,43772,3,pv_pt,0,1,1,30,25,23,2,4,1.5,10,10,0,12,2,7,5,5,5,5,5,4,2,3,30,25,28,5,19,2,7,4,5.5,0,5,5,10,10,9,3,1,1,3,1,2
43786,43788,1,pv,1,1,1,25,20,25,6,4,6.0,20,0,6,2,7,2,0,5,0,15,10,2,2,2,25,20,40,6,4,7,16,4,8.0,0,0,5,20,0,1,4,1,2,4,1,2
43786,43788,2,pt,0,1,1,25,20,25,6,4,6.0,20,0,6,2,7,2,0,5,0,15,10,2,2,2,25,20,40,6,4,7,16,4,8.0,0,0,5,20,0,1,4,1,2,4,1,2
43786,43789,2,pt,1,1,1,25,20,25,6,4,6.0,10,20,12,2,2,2,10,15,5,5,10,2,3,3,25,20,30,17,4,2,16,4,8.0,0,10,15,10,20,2,4,1,2,4,1,2
43786,43789,3,pv_pt,1,0,1,25,20,25,6,4,6.0,10,20,12,2,2,2,10,15,5,5,10,2,3,3,25,20,30,17,4,2,16,4,8.0,0,10,15,10,20,2,4,1,2,4,1,2
43786,43790,3,pv_pt,1,1,1,30,25,23,6,4,4.5,0,10,6,7,2,12,5,5,10,15,0,0,2,1,30,25,38,16,19,2,6,4,4.5,0,5,5,0,10,3,4,1,2,4,1,2
43786,43790,1,pv,1,1,0,30,25,23,6,4,4.5,0,10,6,7,2,12,5,5,10,15,0,0,2,1,30,25,38,16,19,2,6,4,4.5,0,5,5,0,10,3,4,1,2,4,1,2
43786,43792,1,pv,1,1,1,20,30,20,6,0,6.0,10,0,0,2,12,12,10,10,10,10,10,0,1,2,20,30,30,10,14,12,16,0,6.0,0,10,10,10,0,4,2,2,1,2,1,1
43786,43792,2,pt,0,1,1,20,30,20,6,0,6.0,10,0,0,2,12,12,10,10,10,10,10,0,1,2,20,30,30,10,14,12,16,0,6.0,0,10,10,10,0,4,2,2,1,2,1,1
43786,43793,2,pt,1,1,1,30,20,23,6,2,4.5,20,0,12,2,12,12,10,5,0,10,0,2,1,3,30,20,33,12,14,12,6,2,6.5,0,10,5,20,0,5,2,2,1,2,1,1
43786,43793,1,pv,1,0,1,30,20,23,6,2,4.5,20,0,12,2,12,12,10,5,0,10,0,2,1,3,30,20,33,12,14,12,6,2,6.5,0,10,5,20,0,5,2,2,1,2,1,1
43786,43794,1,pv,1,1,1,25,20,22,4,0,3.5,10,0,0,7,12,2,0,10,10,10,0,2,3,2,25,20,32,10,9,12,4,0,5.5,0,0,10,10,0,6,2,2,1,2,1,1
43786,43794,2,pt,0,1,1,25,20,22,4,0,3.5,10,0,0,7,12,2,0,10,10,10,0,2,3,2,25,20,32,10,9,12,4,0,5.5,0,0,10,10,0,6,2,2,1,2,1,1
43786,43796,1,pv,1,1,1,20,30,18,6,0,5.25,10,0,12,12,7,2,0,10,0,15,5,4,1,1,20,30,33,12,14,7,11,0,9.25,0,0,10,10,0,7,2,2,1,4,2,1
43786,43796,3,pv_pt,0,1,1,20,30,18,6,0,5.25,10,0,12,12,7,2,0,10,0,15,5,4,1,1,20,30,33,12,14,7,11,0,9.25,0,0,10,10,0,7,2,2,1,4,2,1
43786,43797,1,pv,1,1,1,25,30,25,4,4,4.0,10,10,6,7,7,7,5,10,5,10,0,2,1,3,25,30,35,11,14,7,4,4,6.0,0,5,10,10,10,8,2,2,1,4,2,1
43786,43797,2,pt,0,1,1,25,30,25,4,4,4.0,10,10,6,7,7,7,5,10,5,10,0,2,1,3,25,30,35,11,14,7,4,4,6.0,0,5,10,10,10,8,2,2,1,4,2,1
43786,43798,1,pv,1,1,1,25,30,25,4,4,4.0,20,0,12,12,12,12,0,15,10,10,5,4,3,2,25,30,35,22,24,12,9,4,8.0,0,0,15,20,0,9,2,2,1,4,2,1
43786,43798,2,pt,0,1,1,25,30,25,4,4,4.0,20,0,12,12,12,12,0,15,10,10,5,4,3,2,25,30,35,22,24,12,9,4,8.0,0,0,15,20,0,9,2,2,1,4,2,1
43812,43814,2,pt,1,1,1,20,25,18,2,2,1.75,10,10,0,7,7,7,5,10,5,10,0,2,2,3,20,25,28,5,14,7,2,2,3.75,0,5,10,10,10,1,1,2,1,1,1,1
43812,43814,1,pv,1,0,1,20,25,18,2,2,1.75,10,10,0,7,7,7,5,10,5,10,0,2,2,3,20,25,28,5,14,7,2,2,3.75,0,5,10,10,10,1,1,2,1,1,1,1
43812,43815,2,pt,1,1,1,25,25,22,2,2,1.75,20,20,6,7,2,7,5,5,5,5,0,0,3,2,25,25,27,11,14,2,2,2,1.75,0,5,5,20,20,2,1,2,1,1,1,1
43812,43815,1,pv,1,0,1,25,25,22,2,2,1.75,20,20,6,7,2,7,5,5,5,5,0,0,3,2,25,25,27,11,14,2,2,2,1.75,0,5,5,20,20,2,1,2,1,1,1,1
43812,43816,2,pt,1,1,1,20,20,15,2,2,1.5,20,10,6,7,2,12,10,5,5,15,5,4,3,1,20,20,30,11,19,2,7,2,5.5,0,10,5,20,10,3,1,2,1,1,1,1
43812,43816,1,pv,1,0,1,20,20,15,2,2,1.5,20,10,6,7,2,12,10,5,5,15,5,4,3,1,20,20,30,11,19,2,7,2,5.5,0,10,5,20,10,3,1,2,1,1,1,1
43812,43818,2,pt,1,1,1,30,25,23,6,2,4.5,0,10,6,12,2,7,10,15,5,10,5,4,2,2,30,25,33,11,19,2,11,2,8.5,0,10,15,0,10,4,2,2,1,2,1,1
43812,43818,3,pv_pt,1,0,1,30,25,23,6,2,4.5,0,10,6,12,2,7,10,15,5,10,5,4,2,2,30,25,33,11,19,2,11,2,8.5,0,10,15,0,10,4,2,2,1,2,1,1
43812,43819,2,pt,1,1,1,30,20,23,4,0,3.0,20,20,12,2,12,2,0,15,10,5,0,0,1,1,30,20,28,22,4,12,4,0,3.0,0,0,15,20,20,5,2,2,1,2,1,1
43812,43819,3,pv_pt,1,0,1,30,20,23,4,0,3.0,20,20,12,2,12,2,0,15,10,5,0,0,1,1,30,20,28,22,4,12,4,0,3.0,0,0,15,20,20,5,2,2,1,2,1,1
43812,43820,2,pt,1,1,1,30,30,30,4,0,4.0,20,20,0,12,12,2,10,10,5,5,10,4,2,1,30,30,35,5,14,12,14,0,8.0,0,10,10,20,20,6,2,2,1,2,1,1
43812,43820,1,pv,1,0,1,30,30,30,4,0,4.0,20,20,0,12,12,2,10,10,5,5,10,4,2,1,30,30,35,5,14,12,14,0,8.0,0,10,10,20,20,6,2,2,1,2,1,1
43812,43822,1,pv,1,1,1,20,30,20,4,2,4.0,0,10,12,12,2,2,10,5,10,5,5,0,3,1,20,30,25,22,14,2,9,2,4.0,0,10,5,0,10,7,4,1,2,4,1,2
43812,43822,3,pv_pt,0,1,1,20,30,20,4,2,4.0,0,10,12,12,2,2,10,5,10,5,5,0,3,1,20,30,25,22,14,2,9,2,4.0,0,10,5,0,10,7,4,1,2,4,1,2
43812,43823,1,pv,1,1,1,20,25,15,4,2,3.0,20,20,6,7,2,12,5,15,0,5,5,0,2,2,20,25,20,6,19,2,9,2,3.0,0,5,15,20,20,8,4,1,2,4,1,2
43812,43823,3,pv_pt,0,1,1,20,25,15,4,2,3.0,20,20,6,7,2,12,5,15,0,5,5,0,2,2,20,25,20,6,19,2,9,2,3.0,0,5,15,20,20,8,4,1,2,4,1,2
43812,43824,2,pt,1,1,1,25,30,25,4,4,4.0,20,0,12,12,12,12,0,15,10,10,5,4,3,2,25,30,35,22,24,12,9,4,8.0,0,0,15,20,0,9,4,1,2,4,1,2
43812,43824,3,pv_pt,1,0,1,25,30,25,4,4,4.0,20,0,12,12,12,12,0,15,10,10,5,4,3,2,25,30,35,22,24,12,9,4,8.0,0,0,15,20,0,9,4,1,2,4,1,2
