id,obs_id,choice,chosen_alt,av_1,av_2,timept,timecar,costpt,costcar,walkingtimept,waitingtimept,nbtransf,ovt_pt_transit,housetype,ownhouse,income,gender,st,caravail,education,age,destact,nbcar,nbhousehold
10350017,1,2,private,1,1,85,32,12.4,3.17,23,10,4,33,1,2,4,1,True,1,2,1,7,1,2
10350075,2,2,private,1,1,107,23,24.0,2.36,21,31,3,52,1,1,2,2,False,1,1,4,1,1,2
10350085,3,2,private,1,1,190,14,10.8,1.16,116,18,5,134,1,1,4,1,False,1,1,3,1,2,3
10350086,4,2,private,1,1,116,20,9.6,1.89,38,29,4,67,1,1,4,2,False,1,1,3,1,2,3
10350100,5,2,private,1,1,20,9,3.0,1.14,1,5,1,6,1,1,4,1,True,1,1,4,2,1,1
10350120,6,2,private,1,1,116,33,24.8,4.87,26,34,4,60,1,1,5,2,True,1,1,4,2,1,2
10350125,7,2,private,1,1,35,9,4.8,0.69,15,4,1,19,1,1,4,2,False,1,1,4,2,1,1
10350125,8,2,private,1,1,11,1,2.2,0.13,10,0,0,10,1,1,4,2,False,1,1,4,7,1,1
10350133,9,2,private,1,1,92,27,11.0,2.71,35,8,3,43,1,1,2,1,False,1,1,3,1,1,2
10350197,10,2,private,1,1,124,22,11.0,2.44,36,24,5,60,2,2,6,1,True,1,3,1,1,2,2
10350199,11,2,private,1,1,123,19,9.4,2.03,21,59,4,80,2,2,5,2,False,1,2,2,2,2,3
10350199,12,2,private,1,1,80,12,4.8,1.13,26,3,2,29,2,2,5,2,False,1,2,2,2,2,3
10350271,13,2,private,1,1,147,28,22.0,2.04,42,35,6,77,1,1,4,2,False,1,1,2,7,2,2
10350271,14,2,private,1,1,117,20,8.6,1.46,62,25,2,87,1,1,4,2,False,1,1,2,2,2,2
10350272,15,2,private,1,1,266,51,37.2,5.34,67,95,3,162,1,1,4,1,False,1,1,2,1,2,2
10350272,16,2,private,1,1,250,40,11.0,5.16,18,137,5,155,1,1,4,1,False,1,1,2,3,2,2
10360009,17,2,private,1,1,29,9,6.2,0.92,12,0,1,12,1,1,4,1,False,1,1,4,2,2,4
10360009,18,2,private,1,1,71,14,4.8,1.06,32,4,2,36,1,1,4,1,False,1,1,4,1,2,4
10360009,19,2,private,1,1,90,5,6.2,0.42,1,38,3,39,1,1,4,1,False,1,1,4,1,2,4
10360011,20,2,private,1,1,180,45,26.4,4.43,71,41,4,112,1,1,4,1,False,1,1,3,1,2,2
10360011,21,2,private,1,1,312,93,59.6,14.03,58,51,10,109,1,1,4,1,False,1,1,3,1,2,2
10360013,22,2,private,1,1,181,24,16.2,2.07,97,15,4,112,1,1,4,1,False,1,2,2,1,2,4
10360014,23,2,private,1,1,95,27,9.6,2.84,50,8,2,58,1,1,4,1,False,1,2,2,6,2,4
10360016,24,2,private,1,1,184,30,20.0,2.57,94,10,2,104,1,1,3,2,False,1,1,2,1,1,1
10360023,25,2,private,1,1,162,10,8.8,0.78,98,31,2,129,2,1,5,2,True,0,1,1,1,2,5
10360023,26,2,private,1,1,111,19,9.6,1.44,41,14,3,55,2,1,5,2,True,0,1,1,4,2,5
10360023,27,2,private,1,1,182,12,12.4,0.94,80,30,5,110,2,1,5,2,True,0,1,1,4,2,5
10360024,28,2,private,1,1,200,26,30.4,2.33,80,12,5,92,1,1,5,1,True,1,1,3,1,2,5
10360035,29,2,private,1,1,118,33,11.0,3.28,43,10,4,53,1,1,5,2,False,1,1,3,3,2,4
10360095,30,2,private,1,1,50,16,4.8,1.64,25,0,1,25,1,1,4,2,False,1,0,1,7,2,2
10360095,31,2,private,1,1,63,16,4.8,1.62,21,7,2,28,1,1,4,2,False,1,0,1,1,2,2
10360113,32,2,private,1,1,145,14,14.0,1.26,54,19,5,73,1,1,5,1,False,1,1,3,1,2,4
10360122,33,2,private,1,1,153,33,21.0,3.06,49,31,5,80,1,1,3,1,True,1,2,4,4,2,2
10360139,34,2,private,1,1,135,33,15.6,3.11,72,11,4,83,1,1,6,2,True,1,0,3,1,2,4
10360159,35,2,private,1,1,232,29,11.8,2.23,131,40,2,171,1,1,3,2,False,1,1,2,4,1,3
10360162,36,2,private,1,1,98,5,3.0,0.42,47,9,2,56,1,1,2,1,False,1,1,4,2,1,2
10360177,37,2,private,1,1,131,15,12.4,1.62,92,5,2,97,1,1,5,1,False,1,1,2,2,2,4
10360177,38,2,private,1,1,213,39,24.8,4.93,89,53,5,142,1,1,5,1,False,1,1,2,2,2,4
10360193,39,2,private,1,1,159,28,43.2,3.22,98,11,5,109,1,1,6,1,False,1,2,2,1,2,2
10360195,40,2,private,1,1,194,47,19.2,4.87,82,22,5,104,1,1,5,2,True,1,0,3,1,2,4
10360196,41,2,private,1,1,126,26,13.2,2.57,60,12,4,72,1,1,5,2,True,1,0,3,1,2,4
10360202,42,2,private,1,1,69,5,4.8,0.41,27,7,3,34,1,1,4,2,False,1,1,2,2,2,4
10360202,43,2,private,1,1,123,3,18.4,0.29,40,21,3,61,1,1,4,2,False,1,1,2,4,2,4
10360205,44,2,private,1,1,99,8,3.0,0.63,49,9,2,58,1,1,4,1,True,1,2,4,5,2,2
10360205,45,2,private,1,1,48,17,4.8,1.61,19,3,1,22,1,1,4,1,True,1,2,4,2,2,2
10360212,46,2,private,1,1,61,15,6.2,1.67,21,7,3,28,1,1,5,1,False,1,2,3,3,2,2
10360212,47,2,private,1,1,73,8,6.2,0.61,27,9,2,36,1,1,5,1,False,1,2,3,2,2,2
10360217,48,1,transit,1,1,81,32,8.8,3.05,20,9,3,29,1,1,4,2,True,0,1,1,1,2,5
10360225,49,2,private,1,1,60,17,4.8,1.71,22,4,2,26,1,1,5,2,True,1,2,3,1,1,2
10360225,50,2,private,1,1,228,64,77.8,8.93,39,15,4,54,1,1,5,2,True,1,2,3,2,1,2
10360225,51,2,private,1,1,269,180,89.2,26.94,6,24,2,30,1,1,5,2,True,1,2,3,1,1,2
10360235,52,2,private,1,1,219,49,38.4,6.31,34,86,4,120,1,1,6,1,False,1,1,4,1,2,3
10360236,53,2,private,1,1,193,40,15.8,3.51,112,14,3,126,1,1,6,2,False,1,1,3,1,2,3
10360266,54,2,private,1,1,74,22,7.8,1.72,38,9,1,47,1,1,3,2,True,1,0,4,5,1,2
10360266,55,2,private,1,1,162,14,6.0,1.1,66,39,3,105,1,1,3,2,True,1,0,4,4,1,2
10360266,56,2,private,1,1,84,34,11.0,3.28,43,1,2,44,1,1,3,2,True,1,0,4,6,1,2
10360284,57,2,private,1,1,162,33,14.0,3.23,67,26,6,93,1,1,4,2,True,1,1,4,3,2,2
10360284,58,2,private,1,1,151,28,9.6,2.29,90,25,2,115,1,1,4,2,True,1,1,4,3,2,2
10360285,59,2,private,1,1,176,30,11.0,3.13,86,6,2,92,1,1,4,2,False,1,2,2,3,2,4
10360285,60,2,private,1,1,143,34,11.0,3.34,60,17,4,77,1,1,4,2,False,1,2,2,3,2,4
10360286,61,2,private,1,1,185,61,43.2,8.22,58,34,4,92,1,1,4,1,False,1,2,2,1,2,4
10360322,62,2,private,1,1,142,42,26.0,5.2,52,30,3,82,1,2,4,2,False,1,1,2,1,1,3
10360322,63,2,private,1,1,108,18,11.0,1.28,42,5,3,47,1,2,4,2,False,1,1,2,2,1,3
10360366,64,2,private,1,1,189,36,15.8,3.02,91,18,6,109,1,1,2,1,False,1,2,4,3,1,2
10360414,65,2,private,1,1,108,23,9.6,2.37,39,15,4,54,1,1,4,1,False,1,1,2,1,1,5
10360414,66,2,private,1,1,102,24,9.6,2.6,38,18,4,56,1,1,4,1,False,1,1,2,1,1,5
10360415,67,2,private,1,1,77,18,6.0,1.4,45,8,2,53,1,1,4,2,False,1,1,2,4,1,5
10360458,68,2,private,1,1,9,0,0.0,0.05,9,0,0,9,1,2,5,2,True,1,1,2,2,2,5
10360458,69,2,private,1,1,16,3,3.0,0.26,5,0,0,5,1,2,5,2,True,1,1,2,4,2,5
10360462,70,2,private,1,1,124,46,12.4,4.66,41,27,5,68,2,2,1,2,False,1,2,4,5,1,1
10360464,71,1,transit,1,1,91,22,9.6,2.06,42,11,2,53,1,1,5,1,True,0,1,1,1,1,4
10360465,72,2,private,1,1,138,12,9.6,0.92,93,18,1,111,1,1,5,2,False,1,1,2,2,1,4
10360465,73,2,private,1,1,130,20,9.6,1.91,63,17,3,80,1,1,5,2,False,1,1,2,6,1,4
10360475,74,1,transit,1,1,53,1,5.6,0.11,21,0,1,21,1,1,6,1,True,1,3,3,5,2,4
10360475,75,2,private,1,1,162,85,42.0,10.03,33,21,5,54,1,1,6,1,True,1,3,3,11,2,4
10360518,76,2,private,1,1,104,35,11.0,3.23,30,11,4,41,1,1,6,2,False,1,2,1,1,2,2
10360519,77,2,private,1,1,279,117,46.2,10.71,38,38,4,76,1,1,6,1,False,1,2,1,1,2,2
10360519,78,2,private,1,1,127,31,12.4,2.43,25,58,4,83,1,1,6,1,False,1,2,1,5,2,2
10360526,79,1,transit,1,1,151,44,13.2,4.11,52,10,4,62,2,1,3,1,True,1,1,2,1,1,4
10360527,80,2,private,1,1,102,14,9.6,1.56,38,17,4,55,2,1,3,2,True,1,1,2,2,1,4
10360527,81,2,private,1,1,82,12,6.0,1.03,49,13,1,62,2,1,3,2,True,1,1,2,3,1,4
10360532,82,2,private,1,1,105,29,11.0,3.23,24,18,4,42,2,2,5,1,False,1,2,2,1,2,3
10360533,83,2,private,1,1,251,76,65.8,11.14,53,59,7,112,2,2,5,2,False,1,1,2,1,2,3
10360536,84,2,private,1,1,166,41,12.6,3.03,120,5,2,125,2,2,4,1,False,1,2,2,1,1,1
10360564,85,2,private,1,1,105,45,20.4,4.73,27,12,3,39,1,1,3,1,True,1,1,4,2,2,2
10360564,86,2,private,1,1,146,55,32.8,6.92,45,12,4,57,1,1,3,1,True,1,1,4,3,2,2
10360566,87,2,private,1,1,141,36,14.4,3.4,46,8,4,54,1,1,4,1,False,1,1,3,4,1,2
10360574,88,2,private,1,1,58,16,4.8,1.69,20,4,2,24,2,1,4,1,False,1,1,2,1,2,4
10360574,89,2,private,1,1,51,16,4.8,0.85,22,13,1,35,2,1,4,1,False,1,1,2,3,2,4
10360574,90,2,private,1,1,44,15,4.8,1.56,19,0,1,19,2,1,4,1,False,1,1,2,1,2,4
10360575,91,2,private,1,1,81,15,12.4,1.67,9,45,2,54,2,1,4,2,True,1,1,3,2,2,4
10360575,92,2,private,1,1,19,3,3.0,0.29,13,0,0,13,2,1,4,2,True,1,1,3,4,2,4
10360575,93,2,private,1,1,49,16,4.8,1.69,15,2,2,17,2,1,4,2,True,1,1,3,10,2,4
10360626,94,2,private,1,1,45,15,4.8,1.5,17,0,2,17,1,2,6,1,True,1,0,3,1,1,2
10540009,95,2,private,1,1,222,55,49.6,6.32,80,34,4,114,1,2,4,2,False,1,1,2,1,2,4
10540009,96,2,private,1,1,99,16,5.6,1.23,79,3,1,82,1,2,4,2,False,1,1,2,2,2,4
10540009,97,2,private,1,1,65,5,5.4,0.42,60,0,0,60,1,2,4,2,False,1,1,2,4,2,4
10540031,98,2,private,1,1,306,92,20.2,7.6,78,45,8,123,2,2,4,2,False,1,1,2,4,2,4
10540046,99,2,private,1,1,120,39,12.2,2.69,70,4,3,74,1,2,3,1,True,1,0,2,1,1,1
10540063,100,2,private,1,1,67,10,4.8,0.76,28,4,1,32,1,1,2,1,False,1,1,4,2,1,2
10540063,101,2,private,1,1,57,18,4.8,1.5,30,5,1,35,1,1,2,1,False,1,1,4,7,1,2
10540066,102,2,private,1,1,57,17,4.8,1.39,22,2,2,24,1,1,5,1,True,1,0,3,1,2,3
10540067,103,2,private,1,1,26,32,2.6,2.31,23,0,0,23,1,1,5,1,True,1,0,3,2,2,3
10540067,104,2,private,1,1,10,0,0.0,0.05,10,0,0,10,1,1,5,1,True,1,0,3,2,2,3
10540067,105,2,private,1,1,66,16,3.0,1.22,35,2,1,37,1,1,5,1,True,1,0,3,1,2,3
10540067,106,2,private,1,1,42,3,2.6,0.25,38,0,0,38,1,1,5,1,True,1,0,3,3,2,3
10540128,107,2,private,1,1,124,40,12.2,2.63,78,5,2,83,1,2,3,2,False,1,1,4,10,2,2
10540130,108,2,private,1,1,120,40,9.0,2.76,64,4,1,68,1,1,5,1,True,1,1,2,3,2,4
10540130,109,2,private,1,1,120,36,11.0,2.54,62,2,1,64,1,1,5,1,True,1,1,2,7,2,4
10540131,110,2,private,1,1,101,31,17.6,3.17,46,9,2,55,1,1,5,2,True,1,1,2,5,2,4
10540131,111,2,private,1,1,105,31,14.2,3.15,63,1,1,64,1,1,5,2,True,1,1,2,7,2,4
10540169,112,2,private,1,1,112,20,7.8,1.54,86,3,1,89,2,1,3,1,True,1,1,4,2,1,2
10540178,113,2,private,1,1,66,3,4.8,0.27,14,32,3,46,2,1,5,1,False,1,1,3,2,2,2
10540178,114,2,private,1,1,186,34,8.2,2.75,111,19,3,130,2,1,5,1,False,1,1,3,1,2,2
10540184,115,2,private,1,1,110,13,11.0,0.86,55,8,2,63,2,1,6,1,False,1,2,4,1,2,2
10540184,116,2,private,1,1,111,13,11.0,0.86,51,20,3,71,2,1,6,1,False,1,2,4,1,2,2
10540187,117,2,private,1,1,96,34,11.0,2.23,39,5,2,44,2,1,6,1,True,1,1,2,1,1,4
10540188,118,1,transit,1,1,54,18,4.8,1.12,4,18,3,22,2,1,4,2,False,0,1,1,1,2,5
10540199,119,1,transit,1,1,119,38,11.0,3.19,61,11,4,72,1,1,3,2,True,1,0,1,1,1,3
10540202,120,2,private,1,1,92,16,8.2,1.1,82,0,0,82,1,1,6,2,False,1,1,3,2,2,2
10540215,121,2,private,1,1,67,17,6.2,1.53,17,2,3,19,2,2,6,2,False,1,1,2,1,2,2
10540216,122,2,private,1,1,139,33,16.4,4.04,64,6,2,70,2,2,6,1,False,1,2,1,1,2,2
10540237,123,2,private,1,1,64,11,6.0,0.81,48,3,1,51,2,2,6,2,False,1,2,2,5,2,3
10540250,124,1,transit,1,1,46,35,11.0,2.56,35,8,3,43,2,2,4,1,True,1,0,1,1,1,2
10540252,125,2,private,1,1,172,16,7.8,1.19,113,12,2,125,2,2,4,2,False,1,2,1,5,1,2
10540260,126,1,transit,1,1,123,41,13.6,2.85,46,11,2,57,2,2,3,2,True,1,1,1,1,1,2
10540265,127,2,private,1,1,168,28,70.2,2.07,34,36,5,70,1,1,6,1,True,1,3,2,4,2,4
10540266,128,2,private,1,1,234,40,15.8,2.92,87,49,6,136,1,1,5,2,True,1,2,2,1,2,4
10540269,129,2,private,1,1,97,33,11.0,2.28,67,0,0,67,1,1,3,2,False,1,1,3,6,2,4
10540271,130,2,private,1,1,196,25,12.6,2.18,95,18,5,113,1,2,5,2,False,1,2,2,4,2,5
10540271,131,2,private,1,1,93,8,6.0,0.59,52,11,1,63,1,2,5,2,False,1,2,2,4,2,5
10540297,132,2,private,1,1,270,171,86.6,19.62,49,50,4,99,1,1,6,1,True,1,2,2,1,1,2
10540298,133,1,transit,1,1,167,63,25.0,6.81,51,17,5,68,1,1,6,2,True,0,2,2,1,1,2
10540305,134,2,private,1,1,101,19,5.6,1.38,100,0,0,100,1,1,4,1,False,1,1,4,2,1,2
10540306,135,2,private,1,1,264,88,27.6,9.49,133,27,6,160,1,1,4,1,False,1,1,4,10,1,2
10540351,136,2,private,1,1,470,180,61.2,20.32,213,31,8,244,1,2,5,1,False,1,1,3,7,2,2
10540354,137,2,private,1,1,76,14,7.6,1.07,31,7,2,38,1,2,5,2,True,1,1,2,1,2,2
10540384,138,2,private,1,1,65,17,4.8,1.25,39,0,0,39,1,1,6,1,False,1,0,4,7,2,2
10540395,139,2,private,1,1,140,66,26.6,4.68,33,18,6,51,1,1,6,1,True,1,2,3,1,2,4
10540396,140,2,private,1,1,111,16,10.4,1.27,99,0,0,99,1,1,6,2,False,1,2,2,1,2,4
10540462,141,2,private,1,1,141,38,11.6,3.01,96,4,1,100,1,1,4,1,True,1,1,4,7,1,2
10540514,142,2,private,1,1,67,14,4.8,0.97,46,0,0,46,1,1,3,2,True,1,1,4,3,2,2
10540514,143,1,transit,1,1,65,14,4.8,0.97,34,3,1,37,1,1,3,2,True,1,1,4,3,2,2
10540514,144,2,private,1,1,44,6,3.0,0.5,38,0,0,38,1,1,3,2,True,1,1,4,3,2,2
10540514,145,1,transit,1,1,103,26,17.2,1.98,40,13,3,53,1,1,3,2,True,1,1,4,3,2,2
10540515,146,2,private,1,1,207,55,49.6,4.17,71,27,4,98,2,2,4,2,True,1,2,1,1,2,2
10540515,147,2,private,1,1,68,16,5.2,1.23,53,0,0,53,2,2,4,2,True,1,2,1,2,2,2
10540517,148,2,private,1,1,117,33,8.8,2.43,97,0,0,97,2,2,4,1,False,1,1,2,1,2,3
10540518,149,2,private,1,1,96,32,11.0,2.38,63,3,1,66,2,2,4,2,False,1,2,2,1,2,3
10540531,150,2,private,1,1,166,44,12.2,3.12,101,5,2,106,1,1,2,1,False,1,2,4,7,2,2
10540532,151,2,private,1,1,119,37,13.6,2.85,48,12,4,60,1,1,2,2,False,1,0,4,2,2,2
10540532,152,2,private,1,1,32,6,3.0,0.5,26,0,0,26,1,1,2,2,False,1,0,4,2,2,2
10540548,153,2,private,1,1,110,35,11.0,2.37,68,0,0,68,1,1,5,1,False,1,1,3,1,1,3
10540548,154,2,private,1,1,55,18,4.8,1.19,27,4,1,31,1,1,5,1,False,1,1,3,1,1,3
10540559,155,2,private,1,1,46,5,5.6,0.5,35,0,0,35,1,1,4,1,False,1,1,4,1,2,2
10540559,156,2,private,1,1,265,45,19.2,4.4,127,37,7,164,1,1,4,1,False,1,1,4,7,2,2
10540560,157,2,private,1,1,81,12,4.8,0.86,35,10,2,45,1,1,3,1,False,1,1,4,2,2,2
10540560,158,2,private,1,1,60,18,4.8,1.23,39,0,0,39,1,1,3,1,False,1,1,4,2,2,2
10540563,159,2,private,1,1,461,117,79.4,12.4,196,41,10,237,1,1,6,2,False,1,2,3,1,2,5
10540606,160,2,private,1,1,164,24,9.6,1.72,72,18,2,90,1,1,3,1,True,1,2,4,2,1,2
10540647,161,2,private,1,1,146,18,12.4,1.32,65,5,2,70,1,1,6,2,False,1,0,3,2,2,2
10540659,162,2,private,1,1,71,10,4.8,0.75,23,12,1,35,1,1,2,1,False,1,2,4,2,1,2
10540660,163,2,private,1,1,71,10,4.8,0.75,23,12,1,35,1,1,2,1,False,1,2,4,2,1,2
10540672,164,2,private,1,1,84,31,9.6,2.26,9,12,4,21,1,1,5,2,False,1,1,2,1,2,4
10540675,165,2,private,1,1,25,3,2.6,0.28,24,0,0,24,1,1,2,2,True,1,1,4,2,0,2
10540675,166,2,private,1,1,23,4,5.6,0.34,16,0,0,16,1,1,2,2,True,1,1,4,2,0,2
10540689,167,2,private,1,1,141,28,6.0,2.04,49,17,3,66,1,1,6,1,False,1,1,2,1,2,4
10540689,168,2,private,1,1,118,28,6.0,2.04,32,15,6,47,1,1,6,1,False,1,1,2,1,2,4
10540691,169,2,private,1,1,135,20,13.2,1.53,53,37,3,90,1,1,6,2,False,1,2,2,1,2,4
10540691,170,2,private,1,1,68,7,5.2,0.55,62,0,0,62,1,1,6,2,False,1,2,2,2,2,4
10540692,171,2,private,1,1,278,62,61.6,5.96,111,40,5,151,1,1,6,1,False,1,2,2,7,2,4
10540692,172,2,private,1,1,33,4,5.4,0.38,26,0,0,26,1,1,6,1,False,1,2,2,2,2,4
10540756,173,2,private,1,1,51,7,2.6,0.48,45,0,0,45,1,1,2,2,False,1,2,4,2,1,1
10540774,174,2,private,1,1,232,77,50.0,7.08,112,9,4,121,1,1,6,1,False,1,2,3,3,2,3
10540806,175,2,private,1,1,22,5,2.6,0.37,15,0,0,15,1,2,3,2,True,1,0,4,7,2,2
10540807,176,2,private,1,1,59,11,4.8,0.84,37,0,0,37,2,1,1,1,True,1,2,2,1,1,1
10541086,177,2,private,1,1,245,71,28.4,6.54,114,15,4,129,2,1,5,2,True,1,1,2,1,1,4
10541086,178,2,private,1,1,85,35,11.0,2.47,39,3,1,42,2,1,5,2,True,1,1,2,1,1,4
10980037,179,1,transit,1,1,17,17,3.0,1.19,9,0,0,9,1,1,6,2,True,1,2,1,1,1,4
10980079,180,2,private,1,1,154,30,9.6,2.26,130,0,0,130,2,2,5,1,True,1,2,2,1,2,5
10980080,181,2,private,1,1,126,20,6.2,1.54,49,27,2,76,2,2,5,2,True,1,2,2,4,2,5
10980080,182,2,private,1,1,153,41,11.0,4.88,88,18,3,106,2,2,5,2,True,1,2,2,2,2,5
10980080,183,2,private,1,1,48,20,2.2,1.54,42,0,0,42,2,2,5,2,True,1,2,2,4,2,5
10980080,184,2,private,1,1,114,20,6.2,1.49,49,28,2,77,2,2,5,2,True,1,2,2,5,2,5
10980111,185,2,private,1,1,203,29,14.0,2.51,167,2,1,169,1,1,2,1,False,1,1,4,2,1,1
10980195,186,2,private,1,1,109,35,19.0,3.15,28,36,3,64,2,1,3,2,False,1,2,2,3,1,4
10980223,187,2,private,1,1,89,46,72.1,3.26,39,5,2,44,1,1,3,1,False,1,1,4,4,2,2
11460027,188,1,transit,1,1,128,46,21.0,3.77,57,10,2,67,1,1,5,2,True,0,1,3,1,1,2
11460028,189,1,transit,1,1,192,96,48.2,12.18,27,33,3,60,1,1,5,1,False,1,1,4,6,1,2
11460060,190,2,private,1,1,239,70,45.4,6.6,49,30,6,79,1,1,6,1,True,1,2,3,4,2,5
11460070,191,2,private,1,1,155,47,22.6,4.14,44,33,6,77,1,1,6,2,False,1,2,3,7,2,1
11460082,192,2,private,1,1,206,71,26.0,6.67,62,32,6,94,1,2,5,2,False,1,1,3,1,2,2
11460106,193,1,transit,1,1,20,3,2.2,0.24,17,0,0,17,1,1,2,1,False,1,1,4,1,1,2
14050001,194,2,private,1,1,70,10,6.8,0.71,61,0,0,61,1,1,4,2,True,1,1,2,1,2,5
14050001,195,2,private,1,1,35,9,6.8,0.7,22,0,0,22,1,1,4,2,True,1,1,2,1,2,5
14050047,196,2,private,1,1,183,69,34.4,9.02,42,53,5,95,2,2,6,1,True,1,1,2,1,2,2
14050047,197,2,private,1,1,181,53,36.4,6.81,60,16,4,76,2,2,6,1,True,1,1,2,6,2,2
14050075,198,1,transit,1,1,145,54,32.4,6.87,67,20,4,87,1,1,4,1,True,1,1,2,1,2,4
14050076,199,2,private,1,1,70,16,7.4,1.07,62,0,0,62,1,1,4,2,True,1,1,2,3,2,4
14050076,200,2,private,1,1,100,23,8.4,1.87,45,18,2,63,1,1,4,2,True,1,1,2,2,2,4
14050133,201,2,private,1,1,284,95,62.6,12.4,84,74,3,158,1,2,6,1,True,1,1,2,7,1,2
14050134,202,2,private,1,1,105,24,21.8,2.74,36,15,1,51,1,2,6,2,True,1,2,2,4,1,2
14050180,203,2,private,1,1,55,9,3.4,0.9,34,0,0,34,2,2,2,2,False,1,1,3,1,1,4
14050180,204,2,private,1,1,20,8,3.4,0.55,15,0,0,15,2,2,2,2,False,1,1,3,2,1,4
14050182,205,2,private,1,1,107,30,9.6,3.08,41,22,2,63,1,2,4,1,False,1,2,1,2,2,3
14050186,206,2,private,1,1,126,20,11.4,1.62,64,30,2,94,1,2,5,1,False,1,1,2,1,2,5
14050186,207,2,private,1,1,134,20,8.0,1.62,75,28,2,103,1,2,5,1,False,1,1,2,1,2,5
14050193,208,2,private,1,1,97,24,6.8,1.91,67,3,2,70,1,1,4,2,True,1,2,2,4,1,4
14050226,209,1,transit,1,1,18,6,4.0,0.45,11,0,0,11,2,2,3,2,True,0,1,4,1,0,1
14050250,210,1,transit,1,1,170,112,56.4,16.64,16,33,3,49,1,1,6,1,True,1,1,4,6,2,2
14050278,211,2,private,1,1,289,62,40.0,7.9,60,81,6,141,1,1,6,1,False,1,2,3,4,2,4
19130012,212,2,private,1,1,99,58,30.6,7.6,12,7,1,19,1,1,2,1,False,1,1,3,7,2,2
19130036,213,2,private,1,1,253,46,41.0,4.7,67,83,4,150,1,1,5,2,False,1,2,1,10,2,4
19130080,214,2,private,1,1,98,31,15.2,3.19,38,13,1,51,1,1,6,2,False,1,2,2,7,2,5
19130080,215,2,private,1,1,14,2,0.0,0.26,14,0,0,14,1,1,6,2,False,1,2,2,4,2,5
19130092,216,2,private,1,1,127,36,29.0,3.74,54,0,0,54,2,2,3,2,False,1,1,2,1,1,1
19130092,217,2,private,1,1,28,6,0.0,0.44,28,0,0,28,2,2,3,2,False,1,1,2,7,1,1
19130148,218,2,private,1,1,76,27,15.8,2.46,24,4,1,28,1,1,3,2,True,1,1,2,1,2,4
19130148,219,2,private,1,1,12,8,3.4,0.67,12,0,0,12,1,1,3,2,True,1,1,2,7,2,4
19130149,220,2,private,1,1,162,34,21.6,3.57,28,54,2,82,1,1,2,1,False,1,2,2,1,2,4
19130149,221,2,private,1,1,150,32,23.2,3.54,65,15,2,80,1,1,2,1,False,1,2,2,1,2,4
19130179,222,2,private,1,1,44,12,6.8,0.97,34,0,0,34,1,2,3,1,False,1,2,4,1,1,2
19130202,223,2,private,1,1,188,51,45.0,4.52,94,15,3,109,1,1,6,1,False,1,3,3,1,2,4
19130205,224,2,private,1,1,134,12,15.8,1.07,32,30,2,62,1,1,2,2,False,1,1,3,5,2,2
19130205,225,2,private,1,1,218,20,21.2,1.98,38,55,1,93,1,1,2,2,False,1,1,3,5,2,2
19130206,226,2,private,1,1,134,12,15.8,1.07,32,30,2,62,1,1,2,1,False,1,1,4,5,2,2
19130206,227,2,private,1,1,118,33,24.2,3.28,68,0,0,68,1,1,2,1,False,1,1,4,5,2,2
19130213,228,2,private,1,1,380,135,94.0,17.66,105,56,7,161,1,1,4,2,False,1,1,2,2,2,3
19130238,229,2,private,1,1,138,12,24.8,1.07,44,14,2,58,1,1,4,1,True,1,1,4,6,1,2
19130252,230,1,transit,1,1,180,86,51.4,13.04,34,30,2,64,1,1,5,1,False,1,1,4,1,1,2
19130279,231,1,transit,1,1,519,378,152.8,46.31,88,40,6,128,2,1,3,2,True,1,1,4,3,2,2
19130291,232,2,private,1,1,197,102,63.6,14.51,35,8,3,43,2,2,6,2,False,1,2,2,3,2,3
19130292,233,2,private,1,1,129,33,32.0,3.58,31,14,2,45,2,2,6,2,False,1,2,2,1,2,3
19130374,234,2,private,1,1,367,133,72.0,18.24,100,52,6,152,2,2,3,2,True,1,1,2,2,1,3
19130486,235,1,transit,1,1,19,4,3.4,0.3,15,0,0,15,2,2,5,1,True,1,2,2,1,1,2
19130578,236,2,private,1,1,44,16,9.6,1.74,9,1,1,10,2,2,3,2,True,1,2,2,1,2,2
19130578,237,2,private,1,1,31,6,3.4,0.67,20,0,0,20,2,2,3,2,True,1,2,2,2,2,2
19130578,238,2,private,1,1,29,5,3.4,0.64,22,0,0,22,2,2,3,2,True,1,2,2,6,2,2
19130685,239,2,private,1,1,228,171,72.0,21.11,20,29,3,49,1,1,5,1,False,1,1,3,7,2,5
19130766,240,2,private,1,1,145,54,33.6,7.47,19,22,4,41,2,2,4,1,False,1,1,3,1,1,2
19130798,241,2,private,1,1,113,42,34.6,3.77,53,0,2,53,1,1,3,1,False,1,1,2,7,1,2
19130798,242,2,private,1,1,188,42,34.6,3.77,54,37,2,91,1,1,3,1,False,1,1,2,1,1,2
19130827,243,2,private,1,1,221,56,38.4,6.62,61,43,3,104,1,1,4,1,False,1,1,2,1,2,4
19130855,244,2,private,1,1,72,27,15.2,2.88,26,1,1,27,2,1,2,2,True,1,1,2,1,2,3
19130855,245,2,private,1,1,126,27,29.6,2.89,33,15,2,48,2,1,2,2,True,1,1,2,1,2,3
19130867,246,2,private,1,1,49,15,10.2,1.75,20,0,0,20,2,1,4,1,False,1,2,2,5,1,1
19130871,247,2,private,1,1,220,59,41.8,7.17,72,37,4,109,2,1,6,2,True,1,2,3,1,2,2
19130883,248,2,private,1,1,74,21,12.8,2.18,22,7,1,29,2,1,2,2,False,1,1,4,4,1,1
19130883,249,2,private,1,1,79,21,12.8,2.18,22,10,1,32,2,1,2,2,False,1,1,4,4,1,1
19130912,250,2,private,1,1,22,6,6.0,0.51,16,0,0,16,2,1,4,1,False,1,2,4,2,1,2
19130912,251,2,private,1,1,94,26,16.4,2.56,44,0,0,44,2,1,4,1,False,1,2,4,2,1,2
19130933,252,2,private,1,1,19,5,3.4,0.37,15,0,0,15,2,1,4,1,True,1,1,4,3,1,2
19130963,253,2,private,1,1,28,7,6.0,0.55,24,0,0,24,1,1,4,2,False,1,2,3,1,2,3
19130963,254,2,private,1,1,12,1,3.0,0.13,10,0,0,10,1,1,4,2,False,1,2,3,3,2,3
19610035,255,2,private,1,1,72,14,5.2,0.97,46,0,1,46,1,1,6,2,True,1,3,2,1,1,4
19610035,256,2,private,1,1,73,14,5.2,0.97,45,3,1,48,1,1,6,2,True,1,3,2,1,1,4
19610100,257,2,private,1,1,158,49,28.0,3.46,62,3,1,65,1,1,5,1,False,1,2,4,3,2,2
19610114,258,2,private,1,1,82,26,10.6,1.86,47,0,0,47,1,1,4,2,False,1,1,3,1,2,4
19610182,259,2,private,1,1,75,39,12.4,2.77,38,0,0,38,2,2,3,2,True,1,2,1,1,1,1
19610191,260,1,transit,1,1,48,24,7.6,1.64,16,0,0,16,1,1,3,2,True,1,1,4,2,1,2
19610192,261,2,private,1,1,51,27,7.6,1.66,25,0,0,25,1,1,3,1,False,1,2,4,2,1,2
19610203,262,2,private,1,1,237,128,60.0,17.18,45,43,4,88,1,1,5,2,True,1,2,4,2,2,2
19650022,263,2,private,1,1,53,19,4.8,1.26,35,3,1,38,1,1,3,2,True,1,2,3,2,2,2
19650025,264,2,private,1,1,44,15,6.4,1.14,31,0,0,31,1,1,4,1,True,1,2,2,1,2,5
19650025,265,2,private,1,1,78,27,7.4,1.96,31,11,1,42,1,1,4,1,True,1,2,2,1,2,5
19650025,266,2,private,1,1,72,30,6.4,2.05,56,0,0,56,1,1,4,1,True,1,2,2,5,2,5
19650026,267,2,private,1,1,89,28,7.4,2.0,54,4,2,58,1,1,4,2,False,1,1,2,1,2,5
19650026,268,2,private,1,1,119,22,12.4,1.71,105,0,0,105,1,1,4,2,False,1,1,2,4,2,5
19650041,269,2,private,1,1,96,38,11.0,2.64,63,0,0,63,1,1,6,1,False,1,2,2,2,1,1
19650041,270,2,private,1,1,10,7,3.0,0.51,8,0,0,8,1,1,6,1,False,1,2,2,5,1,1
19650059,271,2,private,1,1,197,33,14.2,2.4,94,13,1,107,2,2,4,2,False,1,0,1,10,2,2
19650071,272,2,private,1,1,24,0,3.0,0.09,15,0,0,15,1,1,3,1,False,1,1,3,3,2,4
19650072,273,2,private,1,1,262,61,27.6,4.52,145,37,4,182,1,1,3,1,False,1,1,3,7,2,4
19650138,274,2,private,1,1,75,34,8.8,2.27,44,1,1,45,1,1,6,1,True,1,2,3,1,2,4
19650139,275,2,private,1,1,257,120,47.4,12.29,98,50,4,148,1,1,5,1,True,1,0,2,1,2,4
19650162,276,2,private,1,1,76,15,4.8,1.11,36,20,1,56,1,1,2,2,False,1,1,4,2,1,2
19650217,277,2,private,1,1,62,16,9.0,1.07,18,15,1,33,2,2,5,1,False,1,1,2,1,2,2
19650218,278,2,private,1,1,52,30,7.4,2.27,27,0,0,27,2,2,5,2,False,1,1,2,1,2,2
19650224,279,2,private,1,1,197,40,12.8,2.83,110,46,3,156,2,2,3,2,False,1,1,3,1,1,1
19650224,280,2,private,1,1,182,40,16.8,2.83,111,27,2,138,2,2,3,2,False,1,1,3,1,1,1
19650242,281,2,private,1,1,165,33,10.2,2.37,104,25,2,129,1,1,5,2,True,1,2,3,1,2,4
19650257,282,2,private,1,1,43,24,3.4,1.62,39,0,0,39,1,2,5,1,True,1,1,2,1,1,2
19650281,283,1,transit,1,1,61,36,8.8,2.96,30,1,1,31,2,1,5,1,True,1,1,2,1,1,5
19650295,284,2,private,1,1,137,64,28.0,6.41,65,12,2,77,2,1,4,1,True,1,0,3,1,1,4
19650327,285,1,transit,1,1,127,23,16.0,1.61,59,0,0,59,1,1,5,2,True,1,1,3,1,1,2
19650425,286,2,private,1,1,139,35,8.6,2.42,114,0,0,114,2,1,3,2,False,1,2,2,1,1,1
19650447,287,2,private,1,1,22,11,3.4,0.75,13,0,0,13,2,1,2,2,False,1,1,2,1,1,2
19650447,288,2,private,1,1,55,26,9.0,1.71,7,18,1,25,2,1,2,2,False,1,1,2,1,1,2
19650448,289,1,transit,1,1,45,23,7.4,1.62,22,0,0,22,2,1,2,2,False,1,1,2,1,1,2
19650490,290,2,private,1,1,244,95,45.8,11.19,110,2,1,112,1,1,4,2,False,1,1,2,4,2,4
19650491,291,2,private,1,1,21,4,3.0,0.35,16,0,0,16,1,1,4,2,False,1,1,2,4,2,4
19650511,292,2,private,1,1,30,2,3.0,0.18,27,0,0,27,1,1,4,2,False,1,1,3,1,2,2
19650512,293,2,private,1,1,64,16,3.4,1.1,24,25,1,49,1,1,4,1,False,1,1,3,1,2,2
19650575,294,2,private,1,1,24,4,6.0,0.38,22,0,0,22,2,1,3,2,True,1,2,3,6,1,1
19650575,295,2,private,1,1,111,31,9.6,2.21,57,13,3,70,2,1,3,2,True,1,2,3,1,1,1
19650626,296,2,private,1,1,35,7,3.0,0.47,32,0,0,32,2,2,6,1,True,1,2,1,4,1,4
19650626,297,2,private,1,1,149,27,17.0,2.09,79,30,1,109,2,2,6,1,True,1,2,1,4,1,4
19650626,298,2,private,1,1,130,24,10.8,1.76,73,2,1,75,2,2,6,1,True,1,2,1,4,1,4
19650631,299,2,private,1,1,146,59,18.4,4.21,84,0,0,84,1,1,4,2,False,1,1,2,1,2,2
19650656,300,2,private,1,1,239,69,19.8,4.82,149,12,2,161,1,1,3,2,True,1,1,3,1,1,1
19650699,301,2,private,1,1,37,17,6.8,1.42,25,0,0,25,1,1,4,1,False,1,1,3,3,2,4
19650699,302,2,private,1,1,43,9,6.4,0.7,33,0,0,33,1,1,4,1,False,1,1,3,4,2,4
19650700,303,2,private,1,1,103,28,6.0,2.04,94,0,0,94,1,1,4,1,False,1,1,3,3,2,4
19730033,304,2,private,1,1,203,57,23.25,4.84,75,16,4,91,1,1,6,2,False,1,2,2,1,2,4
19730034,305,2,private,1,1,303,96,44.6,8.25,39,119,5,158,1,1,6,2,False,1,2,2,5,2,4
19730078,306,2,private,1,1,150,53,16.8,3.71,80,1,1,81,1,1,5,2,True,1,1,3,2,1,4
19730085,307,1,transit,1,1,82,30,12.0,2.02,48,0,0,48,2,2,3,2,True,1,2,1,1,1,2
19730119,308,2,private,1,1,51,24,4.8,1.64,39,0,0,39,1,2,4,2,False,1,1,1,1,2,3
19730126,309,1,transit,1,1,98,48,9.6,3.31,62,0,0,62,2,2,2,2,True,1,1,1,1,1,2
20860315,310,2,private,1,1,35,9,3.8,0.66,16,3,1,19,1,1,4,2,False,1,1,2,2,2,4
20860315,311,2,private,1,1,15,10,0.0,0.86,15,0,0,15,1,1,4,2,False,1,1,2,7,2,4
28000144,312,2,private,1,1,33,8,4.4,0.71,27,0,0,27,1,1,5,1,False,1,2,4,10,2,2
28000244,313,1,transit,1,1,95,130,24.2,11.37,44,5,3,49,1,2,5,1,True,1,2,2,1,1,5
28000306,314,1,transit,1,1,61,17,8.2,1.36,42,0,0,42,2,2,5,2,True,0,1,1,1,1,3
28000341,315,1,transit,1,1,64,46,11.0,4.09,23,0,0,23,1,1,6,1,True,1,2,3,5,1,3
28000363,316,2,private,1,1,20,5,0.0,0.36,17,0,0,17,1,1,6,1,True,1,2,3,10,2,5
28000414,317,1,transit,1,1,81,36,11.2,2.56,18,14,2,32,1,1,5,1,False,1,2,2,7,1,5
28000449,318,1,transit,1,1,124,154,48.0,17.77,24,10,3,34,1,1,4,1,True,1,1,3,1,2,4
28000450,319,2,private,1,1,23,2,2.2,0.19,16,0,0,16,1,1,4,2,False,1,1,3,4,2,4
28000460,320,1,transit,1,1,219,177,61.6,16.93,57,17,6,74,2,2,6,2,True,1,2,2,1,1,2
28000532,321,1,transit,1,1,135,108,37.0,11.28,19,27,4,46,1,2,4,2,True,1,2,1,3,1,2
28000646,322,2,private,1,1,88,65,20.6,5.18,29,6,3,35,1,1,5,1,True,1,1,3,1,1,4
28000700,323,2,private,1,1,50,6,0.0,0.46,26,0,1,26,1,1,5,2,True,1,2,2,10,1,5
28000701,324,2,private,1,1,69,14,6.0,1.14,57,0,0,57,1,1,5,1,True,1,2,2,4,1,5
28000701,325,2,private,1,1,58,14,5.2,1.13,43,0,0,43,1,1,5,1,True,1,2,2,1,1,5
28240008,326,2,private,1,1,68,21,8.0,1.39,44,0,0,44,1,1,4,1,True,1,1,4,2,1,2
28240009,327,2,private,1,1,165,38,15.0,3.07,98,24,2,122,1,1,4,2,True,1,1,4,3,1,2
28240046,328,2,private,1,1,27,4,0.0,0.26,27,0,0,27,1,1,5,1,False,1,1,4,5,1,2
28240046,329,2,private,1,1,111,24,9.0,1.4,52,28,1,80,1,1,5,1,False,1,1,4,5,1,2
28240110,330,2,private,1,1,105,37,16.6,2.5,54,6,1,60,1,1,4,1,False,1,1,2,1,2,4
28240110,331,2,private,1,1,39,21,6.2,1.39,15,0,0,15,1,1,4,1,False,1,1,2,1,2,4
28240111,332,2,private,1,1,29,8,6.0,0.26,28,0,0,28,1,1,4,2,False,1,2,2,1,2,4
28240111,333,2,private,1,1,70,9,14.0,0.57,14,26,2,40,1,1,4,2,False,1,2,2,4,2,4
28240137,334,2,private,1,1,27,11,4.0,0.71,12,0,0,12,1,1,2,1,True,1,1,4,7,1,2
28240158,335,1,transit,1,1,30,10,4.0,0.58,20,0,0,20,1,1,4,1,True,1,2,2,5,1,5
28240179,336,1,transit,1,1,168,114,37.0,9.45,43,11,4,54,1,1,4,1,True,1,1,3,1,2,4
28240201,337,1,transit,1,1,48,17,6.2,1.21,24,0,0,24,2,2,4,2,True,1,2,4,5,1,2
28240202,338,1,transit,1,1,215,163,65.2,14.45,43,21,5,64,2,2,5,1,True,1,1,2,1,1,4
28240302,339,2,private,1,1,211,54,26.6,4.33,84,54,4,138,1,1,4,1,False,1,2,4,11,1,2
28240303,340,2,private,1,1,211,54,26.6,4.33,84,54,4,138,1,1,4,2,False,1,1,4,11,1,2
28240317,341,2,private,1,1,119,49,29.0,4.94,35,13,2,48,1,1,5,1,True,1,2,3,1,2,4
28240354,342,2,private,1,1,27,10,4.0,0.76,16,0,0,16,1,1,4,2,False,1,1,3,1,2,4
28240378,343,2,private,1,1,18,1,3.0,0.06,17,0,0,17,1,1,6,2,False,1,1,3,7,2,3
28240378,344,2,private,1,1,33,11,4.0,0.7,18,0,0,18,1,1,6,2,False,1,1,3,2,2,3
28240378,345,2,private,1,1,124,36,22.8,4.23,16,16,4,32,1,1,6,2,False,1,1,3,10,2,3
28240476,346,2,private,1,1,62,23,6.2,1.61,17,14,2,31,2,2,2,2,True,1,1,4,3,1,1
28240485,347,2,private,1,1,15,2,3.0,0.1,13,0,0,13,2,2,2,1,False,1,1,2,1,1,1
28240515,348,2,private,1,1,138,40,25.0,5.05,46,19,4,65,1,1,5,2,False,1,1,1,2,2,4
28240517,349,2,private,1,1,71,19,14.0,2.56,28,5,2,33,1,1,5,1,False,1,1,2,2,2,4
28240517,350,2,private,1,1,67,21,11.0,2.49,18,15,2,33,1,1,5,1,False,1,1,2,11,2,4
28240523,351,2,private,1,1,46,16,6.2,1.03,32,0,0,32,1,1,6,1,True,1,2,2,1,2,4
28240523,352,2,private,1,1,46,16,6.2,1.03,32,0,0,32,1,1,6,1,True,1,2,2,1,2,4
28240632,353,2,private,1,1,117,35,14.4,3.01,70,8,1,78,1,1,3,2,True,1,2,2,4,1,4
28240692,354,2,private,1,1,39,11,3.4,0.78,32,0,0,32,1,1,4,2,False,1,1,2,10,2,4
28240755,355,2,private,1,1,160,40,21.8,3.39,95,7,3,102,2,2,5,1,False,1,1,2,1,2,2
28240755,356,2,private,1,1,168,72,38.8,7.79,24,5,4,29,2,2,5,1,False,1,1,2,1,2,2
28240756,357,2,private,1,1,237,13,81.4,0.94,23,33,3,56,2,2,5,2,False,1,2,1,1,2,2
28240756,358,2,private,1,1,237,13,81.4,0.94,23,33,3,56,2,2,5,2,False,1,2,1,1,2,2
28240762,359,2,private,1,1,106,25,10.8,1.99,39,15,2,54,1,2,4,2,False,1,0,1,4,2,2
28240762,360,2,private,1,1,76,23,6.2,1.61,30,8,2,38,1,2,4,2,False,1,0,1,1,2,2
28240797,361,1,transit,1,1,281,194,77.8,17.91,43,51,2,94,1,1,4,1,True,1,2,2,1,1,4
28240798,362,1,transit,1,1,281,194,77.8,17.91,43,51,2,94,1,1,4,1,True,1,2,2,1,1,4
28240830,363,2,private,1,1,95,52,24.4,4.21,21,14,3,35,1,1,4,2,False,1,1,2,2,2,2
28240945,364,2,private,1,1,90,11,8.6,0.81,27,16,2,43,2,1,6,1,True,1,2,4,1,2,2
28240945,365,2,private,1,1,110,24,13.0,1.61,48,16,2,64,2,1,6,1,True,1,2,4,7,2,2
28240955,366,2,private,1,1,56,19,6.2,1.34,12,16,2,28,1,1,2,2,False,1,1,3,2,1,2
28240965,367,1,transit,1,1,57,23,6.2,1.75,17,8,1,25,1,1,3,1,True,1,1,3,1,1,4
28240970,368,2,private,1,1,27,10,4.0,0.69,12,0,0,12,2,2,4,2,False,1,1,1,2,2,4
28240993,369,2,private,1,1,82,14,11.0,0.97,12,16,2,28,1,1,4,1,False,1,1,4,1,1,2
28240993,370,2,private,1,1,82,14,11.0,0.97,12,16,2,28,1,1,4,1,False,1,1,4,1,1,2
28240993,371,2,private,1,1,44,18,6.2,1.28,25,0,0,25,1,1,4,1,False,1,1,4,4,1,2
28240997,372,1,transit,1,1,67,58,20.7,4.5,17,5,1,22,2,1,4,1,True,1,1,3,1,1,2
28241047,373,2,private,1,1,210,19,47.6,1.91,13,28,3,41,2,1,3,1,False,1,1,4,5,1,2
28241048,374,2,private,1,1,210,19,47.6,1.91,12,28,3,40,2,1,3,2,True,1,1,4,5,1,2
28241131,375,2,private,1,1,309,200,116.8,29.96,30,33,6,63,1,1,4,1,False,1,1,3,2,2,2
28241132,376,2,private,1,1,58,19,8.0,1.28,36,0,0,36,1,1,4,2,False,1,1,3,2,2,2
28241228,377,1,transit,1,1,26,8,4.0,0.51,19,0,0,19,1,1,3,2,True,1,1,4,2,1,2
28241261,378,2,private,1,1,109,30,9.2,1.72,82,0,0,82,1,1,6,2,False,1,1,3,2,2,4
28420015,379,2,private,1,1,62,10,5.6,0.84,46,0,0,46,1,1,5,1,True,1,1,4,2,1,2
28420050,380,2,private,1,1,193,92,24.2,6.71,61,0,0,61,1,1,4,1,True,1,1,3,1,1,3
28420051,381,2,private,1,1,61,8,6.4,0.61,50,0,0,50,1,1,4,2,True,1,1,3,1,1,3
28420052,382,2,private,1,1,39,6,3.0,0.5,32,0,0,32,1,1,6,1,False,1,2,2,1,2,3
28420056,383,2,private,1,1,241,169,59.4,15.27,54,41,6,95,2,2,4,2,True,1,1,2,6,1,4
28420153,384,2,private,1,1,63,8,5.2,0.54,59,0,0,59,1,1,3,2,True,1,1,3,2,1,2
28420168,385,1,transit,1,1,189,178,64.0,16.93,46,10,6,56,1,1,5,1,True,1,2,3,1,2,4
28420168,386,2,private,1,1,82,13,4.4,0.92,56,7,1,63,1,1,5,1,True,1,2,3,5,2,4
28420278,387,2,private,1,1,29,6,3.0,0.45,23,0,0,23,1,1,4,2,False,1,1,3,7,2,1
28420278,388,2,private,1,1,40,6,3.4,0.43,33,0,0,33,1,1,4,2,False,1,1,3,2,2,1
28420282,389,2,private,1,1,67,54,21.6,4.44,8,10,3,18,1,1,1,1,False,1,1,4,1,2,2
28420388,390,1,transit,1,1,109,129,31.0,11.0,50,4,1,54,1,1,5,1,True,1,2,2,1,1,5
28630053,391,2,private,1,1,20,8,4.0,0.63,5,0,0,5,1,2,3,1,True,1,2,2,6,2,4
28630054,392,2,private,1,1,29,9,4.0,0.77,14,0,0,14,1,2,3,2,False,1,2,1,7,2,4
28630101,393,2,private,1,1,127,37,19.2,3.72,81,4,1,85,1,2,1,2,False,1,2,4,2,1,1
28630101,394,2,private,1,1,159,21,25.0,1.5,21,53,4,74,1,2,1,2,False,1,2,4,7,1,1
28630155,395,2,private,1,1,36,16,8.0,1.3,11,0,0,11,2,2,3,1,True,1,2,1,2,1,1
28630155,396,2,private,1,1,180,82,49.2,7.1,25,43,4,68,2,2,3,1,True,1,2,1,2,1,1
28640112,397,2,private,1,1,135,52,26.4,5.08,59,5,2,64,2,2,2,2,False,1,1,3,2,1,2
28640121,398,2,private,1,1,22,0,0.0,0.08,20,0,0,20,1,1,5,2,False,1,1,2,5,2,4
28640121,399,2,private,1,1,74,8,6.0,0.68,70,0,0,70,1,1,5,2,False,1,1,2,10,2,4
28640121,400,2,private,1,1,43,24,12.4,1.92,13,0,0,13,1,1,5,2,False,1,1,2,4,2,4
28640122,401,2,private,1,1,106,42,26.4,3.91,25,13,4,38,1,1,5,2,False,1,1,2,4,2,4
28640122,402,2,private,1,1,82,38,18.4,2.86,33,5,2,38,1,1,5,2,False,1,1,2,1,2,4
28640182,403,1,transit,1,1,121,79,37.2,6.27,7,0,0,7,2,2,3,1,False,1,1,3,4,1,2
30330009,404,2,private,1,1,132,53,15.2,5.11,64,2,2,66,1,2,3,2,True,1,1,2,1,2,5
30330035,405,1,transit,1,1,93,32,7.6,2.89,38,9,2,47,1,1,6,1,True,1,2,3,1,1,3
30330069,406,1,transit,1,1,78,33,7.6,2.54,46,0,0,46,1,1,6,1,True,1,2,4,5,1,2
30330149,407,1,transit,1,1,75,30,7.6,2.48,44,0,0,44,1,1,3,2,True,1,1,4,2,2,2
30330170,408,2,private,1,1,225,60,46.2,6.51,57,20,5,77,1,1,6,2,True,1,2,4,5,1,2
30330171,409,1,transit,1,1,78,28,9.6,2.4,35,5,1,40,1,2,6,2,True,1,1,4,2,2,2
30330172,410,1,transit,1,1,110,25,7.6,1.92,48,11,3,59,1,1,6,1,True,1,2,4,6,2,2
30330179,411,2,private,1,1,50,10,3.8,0.97,17,10,2,27,1,1,6,1,True,1,2,4,4,2,2
30330216,412,2,private,1,1,56,17,3.8,1.49,22,5,2,27,1,1,5,1,True,1,2,3,7,1,2
30330231,413,1,transit,1,1,90,38,7.6,3.34,47,1,2,48,1,2,3,1,True,1,2,4,5,1,3
30330231,414,1,transit,1,1,303,199,116.4,36.48,44,23,5,67,1,2,3,1,True,1,2,4,3,1,3
30330237,415,1,transit,1,1,62,29,7.6,2.21,26,0,0,26,1,1,6,1,True,1,1,4,6,2,2
30330238,416,1,transit,1,1,60,29,7.6,2.21,26,0,0,26,1,1,6,2,True,1,2,4,2,2,2
30330301,417,2,private,1,1,144,43,7.6,3.74,82,12,2,94,1,1,4,1,False,1,1,4,6,1,1
30330302,418,2,private,1,1,127,36,16.8,2.87,55,11,4,66,1,1,4,1,False,1,1,4,6,1,1
30330327,419,2,private,1,1,60,21,3.8,2.46,20,10,2,30,1,1,6,2,True,1,2,2,5,1,5
30330353,420,2,private,1,1,112,29,9.6,2.92,69,10,1,79,1,1,6,1,True,1,3,3,1,2,5
30330355,421,2,private,1,1,113,27,7.6,2.05,58,1,2,59,1,2,6,1,True,1,2,2,1,2,3
30330370,422,2,private,1,1,73,34,7.6,2.52,39,0,0,39,1,1,5,2,True,1,1,2,2,1,4
30330409,423,1,transit,1,1,87,26,7.6,1.9,40,1,2,41,1,1,6,2,True,1,1,2,1,1,2
30330485,424,2,private,1,1,73,12,11.4,1.13,43,5,1,48,1,1,6,1,True,1,2,2,1,2,3
30330486,425,2,private,1,1,200,66,17.2,5.19,76,49,5,125,1,1,6,2,True,1,2,2,4,2,3
30330486,426,2,private,1,1,118,38,7.6,3.25,34,19,4,53,1,1,6,2,True,1,2,2,7,2,3
30330513,427,2,private,1,1,277,88,58.6,9.01,85,23,6,108,1,1,6,1,True,1,2,3,1,1,2
30330535,428,2,private,1,1,65,10,7.6,0.77,31,4,1,35,1,1,6,1,True,1,2,2,6,1,5
30330535,429,2,private,1,1,43,10,7.6,0.77,32,0,0,32,1,1,6,1,True,1,2,2,6,1,5
30330535,430,2,private,1,1,80,10,7.6,0.77,31,19,1,50,1,1,6,1,True,1,2,2,6,1,5
30330536,431,1,transit,1,1,170,93,55.0,13.86,21,9,3,30,1,1,6,1,True,1,2,2,1,1,5
30330558,432,1,transit,1,1,96,31,7.6,2.29,48,5,2,53,1,1,6,1,True,1,1,3,1,1,2
30330558,433,2,private,1,1,59,28,7.6,2.05,27,0,0,27,1,1,6,1,True,1,1,3,5,1,2
30330565,434,1,transit,1,1,86,34,7.6,2.39,52,0,0,52,1,1,5,2,True,1,2,2,1,0,4
30330569,435,1,transit,1,1,43,25,7.6,1.86,14,0,0,14,1,1,4,2,True,1,1,2,5,1,2
30330624,436,1,transit,1,1,278,133,94.6,18.94,43,44,6,87,2,2,3,2,True,0,1,2,3,0,4
30330629,437,2,private,1,1,123,23,11.4,1.75,82,5,2,87,2,1,3,2,True,1,2,3,1,1,1
30330631,438,1,transit,1,1,28,15,3.8,1.2,6,0,0,6,1,1,6,1,True,1,1,4,5,1,2
30330632,439,1,transit,1,1,28,15,3.8,1.2,6,0,0,6,1,1,6,1,True,1,1,4,5,1,2
30330639,440,1,transit,1,1,85,10,25.4,0.67,13,6,3,19,1,1,5,2,True,1,2,3,1,1,1
30330653,441,1,transit,1,1,84,30,7.6,2.88,42,0,1,42,1,1,3,2,True,1,2,3,5,1,1
30330653,442,1,transit,1,1,92,30,7.6,2.88,71,0,1,71,1,1,3,2,True,1,2,3,5,1,1
30330669,443,1,transit,1,1,74,29,7.6,2.12,41,0,0,41,2,2,3,2,True,1,1,2,1,1,1
30330669,444,2,private,1,1,89,13,7.6,0.93,64,10,1,74,2,2,3,2,True,1,1,2,5,1,1
30330674,445,2,private,1,1,86,37,7.6,3.14,42,3,2,45,1,1,6,1,True,1,1,2,1,2,2
30330674,446,2,private,1,1,189,40,11.4,3.48,83,25,4,108,1,1,6,1,True,1,1,2,1,2,2
30330675,447,1,transit,1,1,301,50,21.6,6.12,26,92,4,118,2,2,3,2,True,0,1,3,1,0,3
30330693,448,2,private,1,1,118,42,7.6,3.68,48,3,2,51,2,1,5,1,True,1,2,2,1,1,1
30330717,449,2,private,1,1,152,54,15.2,3.95,72,4,2,76,1,1,1,1,False,1,3,4,1,2,2
30330725,450,2,private,1,1,226,72,32.4,7.3,110,13,3,123,1,1,6,1,True,1,1,2,1,2,2
30330778,451,1,transit,1,1,47,28,7.6,2.22,10,0,1,10,1,1,4,1,True,1,2,4,2,1,2
30330798,452,2,private,1,1,41,5,3.8,0.38,11,4,1,15,1,1,6,2,True,1,2,4,5,2,3
30330798,453,2,private,1,1,22,4,3.8,0.28,18,0,0,18,1,1,6,2,True,1,2,4,4,2,3
30330821,454,1,transit,1,1,55,24,7.6,1.88,24,0,0,24,2,2,6,1,True,1,3,2,1,0,2
30330851,455,2,private,1,1,93,25,7.6,2.07,66,0,0,66,1,1,5,1,True,1,3,3,1,2,4
30330852,456,2,private,1,1,115,40,21.8,4.1,13,42,4,55,1,1,5,2,True,1,2,2,5,2,4
30330875,457,2,private,1,1,109,37,7.6,4.39,45,12,2,57,1,1,5,2,True,1,0,2,2,1,5
30330875,458,2,private,1,1,23,4,7.6,0.36,18,0,0,18,1,1,5,2,True,1,0,2,4,1,5
30330879,459,2,private,1,1,79,24,13.4,2.45,26,4,2,30,2,2,4,2,True,1,1,3,1,1,1
30330920,460,1,transit,1,1,106,37,7.6,3.23,49,5,2,54,2,2,4,1,True,0,3,4,5,1,2
30330951,461,1,transit,1,1,33,15,3.8,1.26,11,0,0,11,1,1,6,1,True,1,2,4,3,1,2
30330997,462,2,private,1,1,45,16,3.8,1.25,26,5,2,31,1,1,4,1,True,1,2,3,1,1,2
30331017,463,1,transit,1,1,58,30,7.6,2.14,28,0,0,28,2,1,4,2,True,1,1,3,1,2,2
30331035,464,2,private,1,1,160,67,22.8,7.11,62,24,4,86,2,1,6,1,True,1,1,3,1,1,2
30332010,465,2,private,1,1,210,74,49.2,8.53,91,21,5,112,1,1,6,2,True,1,2,3,1,1,2
30860007,466,2,private,1,1,68,21,7.8,1.44,20,12,2,32,1,1,6,1,True,1,1,2,1,2,2
30860007,467,2,private,1,1,80,10,47.4,0.67,23,11,2,34,1,1,6,1,True,1,1,2,5,2,2
30860015,468,1,transit,1,1,122,44,15.4,3.48,48,7,3,55,1,1,3,2,True,0,1,3,1,1,2
30860017,469,1,transit,1,1,121,52,36.8,3.83,30,21,6,51,1,2,3,2,True,1,1,2,6,2,4
30860018,470,1,transit,1,1,152,42,7.6,2.9,132,0,0,132,1,2,3,2,True,0,1,1,1,2,4
30860031,471,2,private,1,1,248,71,22.8,5.01,101,51,5,152,2,2,3,2,True,1,1,3,1,1,1
30860032,472,2,private,1,1,232,57,19.0,4.09,87,51,5,138,2,2,3,2,True,1,1,3,1,1,1
30860033,473,2,private,1,1,59,12,11.4,0.86,5,29,2,34,1,2,3,2,True,1,1,3,10,2,4
30860061,474,2,private,1,1,190,93,34.6,10.19,50,22,6,72,1,1,5,2,False,1,1,2,5,2,3
30860095,475,2,private,1,1,99,3,7.6,0.26,70,0,0,70,1,1,4,2,True,1,1,1,1,2,4
30860141,476,2,private,1,1,93,26,15.2,1.9,24,12,2,36,1,1,5,2,True,1,2,3,1,2,2
30860142,477,2,private,1,1,123,58,15.2,4.74,6,36,4,42,1,1,5,2,True,1,2,3,2,2,2
30860145,478,2,private,1,1,55,13,3.8,0.96,11,8,2,19,2,2,4,2,True,1,1,4,7,1,2
30860149,479,2,private,1,1,187,54,27.2,5.52,49,57,3,106,2,2,4,2,True,1,1,4,5,1,1
30860155,480,1,transit,1,1,61,17,3.8,1.14,28,6,1,34,1,1,4,2,True,1,1,2,1,2,3
30860167,481,2,private,1,1,115,44,11.6,3.74,16,27,4,43,2,2,2,1,True,1,1,4,2,1,2
30860168,482,2,private,1,1,212,62,15.2,4.5,65,33,6,98,2,2,2,2,True,1,1,4,4,1,2
30860181,483,2,private,1,1,73,24,3.8,1.66,63,0,0,63,2,2,4,2,False,1,0,4,5,1,1
30860215,484,2,private,1,1,6,5,0.0,0.47,6,0,0,6,1,1,4,1,True,1,2,4,5,2,2
30860216,485,2,private,1,1,118,36,11.6,2.28,89,0,0,89,1,1,4,2,True,1,3,4,2,2,2
30860227,486,2,private,1,1,135,53,28.2,5.08,25,18,2,43,1,1,6,1,True,1,0,4,7,2,2
30860227,487,2,private,1,1,77,29,17.2,2.47,16,7,2,23,1,1,6,1,True,1,0,4,5,2,2
30860239,488,2,private,1,1,83,26,7.6,1.9,36,12,3,48,2,2,4,2,False,1,1,2,5,2,3
30860240,489,2,private,1,1,129,43,7.6,2.98,33,7,2,40,2,2,4,2,False,1,1,2,4,2,3
30860245,490,2,private,1,1,181,42,14.2,3.35,95,24,4,119,1,1,5,1,True,1,2,2,4,1,4
30860246,491,2,private,1,1,149,37,7.6,3.27,81,16,2,97,1,1,5,1,True,1,2,2,1,1,4
30860250,492,2,private,1,1,213,90,23.0,6.01,73,21,4,94,1,1,6,2,True,1,1,3,1,1,2
30860253,493,2,private,1,1,163,88,34.2,7.67,75,23,3,98,1,1,4,2,True,1,1,2,1,2,2
30860254,494,2,private,1,1,156,57,9.6,3.69,73,17,4,90,1,1,4,1,True,1,1,2,1,2,2
30860265,495,2,private,1,1,100,49,22.8,5.39,26,6,2,32,1,2,6,1,False,1,1,2,2,2,1
30860274,496,1,transit,1,1,122,65,15.2,4.79,48,5,2,53,1,1,5,1,True,1,2,2,1,1,3
30860310,497,1,transit,1,1,143,42,13.4,2.87,80,15,3,95,1,1,6,2,True,1,1,1,1,2,5
30860391,498,1,transit,1,1,85,30,7.6,2.17,22,13,3,35,1,1,5,2,True,1,2,2,1,1,3
30860394,499,2,private,1,1,87,16,5.8,1.31,8,1,1,9,2,1,4,1,True,1,1,3,1,2,5
30860430,500,2,private,1,1,263,77,22.8,5.42,96,45,4,141,2,2,2,2,True,1,2,3,2,1,1
30860443,501,2,private,1,1,157,64,33.0,5.78,25,20,5,45,2,2,6,1,True,1,1,3,5,2,4
30860447,502,2,private,1,1,62,7,0.0,0.55,0,0,0,0,1,1,2,2,True,1,1,4,10,2,2
30860447,503,2,private,1,1,19,13,3.8,0.9,7,0,0,7,1,1,2,2,True,1,1,4,2,2,2
30860448,504,2,private,1,1,35,17,7.6,1.34,30,0,0,30,1,1,2,1,False,1,1,4,7,2,2
30860449,505,2,private,1,1,95,14,11.6,1.18,74,3,2,77,1,1,3,1,False,1,1,4,6,1,1
30860450,506,2,private,1,1,29,3,3.8,0.28,27,0,0,27,1,1,3,1,False,1,1,4,5,1,1
30860450,507,1,transit,1,1,291,85,46.0,6.36,161,28,8,189,1,1,3,1,False,1,1,4,3,1,1
30860491,508,1,transit,1,1,193,85,45.4,8.87,51,36,5,87,1,1,6,2,True,1,2,3,1,1,2
30860495,509,1,transit,1,1,92,49,11.4,3.08,31,7,2,38,1,2,5,2,True,1,1,2,2,1,3
30860533,510,2,private,1,1,146,48,15.2,3.27,72,12,4,84,2,2,3,2,True,1,1,2,7,1,4
30860533,511,2,private,1,1,289,103,30.4,8.84,86,41,6,127,2,2,3,2,True,1,1,2,4,1,4
30860539,512,2,private,1,1,18,8,3.8,0.52,8,0,0,8,1,1,6,2,True,1,2,2,4,2,5
30860539,513,2,private,1,1,36,46,7.6,2.74,32,0,0,32,1,1,6,2,True,1,2,2,4,2,5
30860539,514,2,private,1,1,97,35,7.6,3.13,35,17,2,52,1,1,6,2,True,1,2,2,1,2,5
30860540,515,2,private,1,1,224,89,23.0,8.9,75,23,6,98,1,1,6,1,True,1,3,3,1,2,5
30860545,516,2,private,1,1,122,60,7.6,4.65,38,9,2,47,1,1,6,2,True,1,2,3,1,2,2
30860546,517,2,private,1,1,112,33,11.4,2.35,65,12,3,77,1,1,6,1,True,1,2,3,1,2,2
30860595,518,1,transit,1,1,100,49,7.6,3.45,26,8,2,34,1,1,2,2,True,1,1,4,3,1,1
30860603,519,1,transit,1,1,144,53,11.4,3.71,74,7,3,81,2,2,4,2,True,0,1,1,1,1,3
30860616,520,2,private,1,1,426,136,45.6,11.87,119,60,8,179,2,2,2,2,True,1,1,4,3,1,1
30860644,521,2,private,1,1,55,23,34.0,1.56,6,7,2,13,1,1,2,1,True,1,1,4,5,1,1
30860650,522,1,transit,1,1,327,192,111.6,26.09,40,47,6,87,1,1,3,1,True,1,1,4,6,1,2
30860672,523,2,private,1,1,35,4,7.6,0.49,34,0,0,34,2,2,2,2,True,1,1,3,1,1,2
30860708,524,2,private,1,1,235,147,77.4,18.09,46,12,4,58,2,2,6,2,True,1,3,2,6,2,3
30860711,525,2,private,1,1,169,74,15.2,5.41,88,10,2,98,1,1,4,1,True,1,1,4,1,1,1
30860712,526,2,private,1,1,250,76,23.2,5.22,112,32,9,144,1,1,4,1,True,1,1,4,1,1,1
30860718,527,2,private,1,1,418,126,47.2,10.57,115,116,11,231,2,2,4,1,True,1,1,4,3,1,2
30860723,528,2,private,1,1,132,42,13.4,2.85,47,14,3,61,2,2,4,1,True,1,1,2,1,1,1
30860725,529,1,transit,1,1,112,90,19.0,6.39,45,5,1,50,2,1,6,1,True,1,1,3,7,0,2
30860726,530,1,transit,1,1,141,138,58.6,8.23,15,14,3,29,2,1,6,1,True,1,1,3,4,0,2
30860737,531,1,transit,1,1,211,129,121.0,17.1,30,32,5,62,2,2,3,1,True,1,1,4,3,1,1
30860762,532,2,private,1,1,227,19,54.0,1.29,19,37,4,56,2,2,2,2,True,1,1,2,1,1,1
30860762,533,2,private,1,1,53,24,5.8,1.62,11,9,2,20,2,2,2,2,True,1,1,2,4,1,1
30860768,534,2,private,1,1,109,51,11.6,3.72,45,10,3,55,1,1,5,1,True,1,2,3,1,1,2
30860803,535,2,private,1,1,187,48,11.8,3.39,87,12,4,99,1,1,1,2,False,1,1,3,1,2,2
30860804,536,2,private,1,1,10,2,0.0,0.2,10,0,0,10,1,1,1,1,False,1,1,4,7,2,2
30860804,537,2,private,1,1,10,2,0.0,0.2,10,0,0,10,1,1,1,1,False,1,1,4,1,2,2
31320005,538,1,transit,1,1,104,75,19.2,5.72,16,24,3,40,1,1,4,1,True,1,1,4,6,2,2
31320005,539,2,private,1,1,266,188,76.6,21.04,81,59,7,140,1,1,4,1,True,1,1,4,5,2,2
31320060,540,1,transit,1,1,90,77,19.2,6.16,26,5,2,31,1,1,3,1,True,1,1,4,3,1,2
31320097,541,1,transit,1,1,117,71,19.2,5.52,35,5,2,40,1,1,3,1,True,1,1,4,2,1,2
31320098,542,1,transit,1,1,306,255,126.2,29.27,38,33,6,71,1,1,3,1,True,1,1,4,5,1,2
31320316,543,2,private,1,1,21,7,6.4,0.64,16,0,0,16,1,2,4,1,True,1,1,3,1,2,4
31320335,544,2,private,1,1,63,35,9.6,2.84,21,5,2,26,1,1,3,1,True,1,1,2,1,1,3
31320455,545,2,private,1,1,94,32,9.6,2.39,17,5,2,22,2,1,4,1,True,1,1,4,1,1,1
31320656,546,1,transit,1,1,95,70,19.2,5.56,28,22,4,50,1,1,6,1,True,1,2,2,1,2,3
31320685,547,2,private,1,1,52,34,9.6,2.28,15,4,1,19,1,2,4,1,True,1,1,2,1,2,2
31320757,548,1,transit,1,1,156,124,60.4,13.17,17,32,4,49,1,1,4,1,True,1,1,4,7,1,2
31320758,549,1,transit,1,1,108,56,27.6,4.06,31,24,2,55,1,1,3,1,False,0,1,3,2,1,2
31320760,550,2,private,1,1,15,3,3.8,0.22,11,0,0,11,1,1,6,1,True,1,2,3,2,2,2
31320760,551,2,private,1,1,86,16,7.6,1.09,33,4,2,37,1,1,6,1,True,1,2,3,6,2,2
31320887,552,2,private,1,1,20,2,0.0,0.23,20,0,0,20,2,2,4,1,False,1,1,2,4,1,4
31320887,553,2,private,1,1,238,96,46.2,8.17,61,59,8,120,2,2,4,1,False,1,1,2,4,1,4
31320888,554,2,private,1,1,144,61,19.2,4.34,40,17,5,57,2,2,4,2,False,1,2,2,7,1,4
31321173,555,1,transit,1,1,136,80,15.2,6.3,30,20,6,50,2,2,3,2,True,1,1,2,1,1,4
31321431,556,2,private,1,1,48,28,10.4,1.95,9,11,1,20,2,2,1,2,False,1,1,1,7,0,2
31321476,557,2,private,1,1,20,2,3.8,0.23,16,0,0,16,1,1,4,1,True,1,1,4,7,1,2
31321487,558,1,transit,1,1,116,75,19.2,4.68,34,0,3,34,1,2,2,2,True,0,1,2,1,0,2
31321488,559,1,transit,1,1,73,27,11.6,1.87,16,0,2,16,1,1,2,2,True,0,2,4,7,0,3
31321488,560,1,transit,1,1,50,19,14.2,1.31,15,0,1,15,1,1,2,2,True,0,2,4,3,0,3
31321500,561,1,transit,1,1,63,39,13.4,3.57,31,0,0,31,1,1,4,1,True,1,1,4,7,1,2
31321523,562,2,private,1,1,195,10,3.8,0.79,35,39,1,74,1,1,4,1,True,1,0,4,3,1,2
31321523,563,2,private,1,1,22,2,3.8,0.2,18,0,0,18,1,1,4,1,True,1,0,4,2,1,2
31321590,564,2,private,1,1,2,0,0.0,0.07,2,0,0,2,2,2,3,1,True,1,1,2,7,1,1
31321590,565,2,private,1,1,2,0,0.0,0.07,2,0,0,2,2,2,3,1,True,1,1,2,11,1,1
31321592,566,1,transit,1,1,319,256,122.4,29.91,68,53,8,121,2,2,5,1,True,1,2,3,1,1,2
32710154,567,2,private,1,1,60,10,6.8,0.8,49,0,0,49,1,1,4,2,True,1,1,2,2,1,4
32710159,568,2,private,1,1,28,74,45.8,0.85,9,0,0,9,1,1,5,1,False,1,1,3,1,2,2
32710161,569,2,private,1,1,71,12,8.0,0.73,58,0,0,58,1,1,3,2,True,1,1,3,1,2,2
39010095,570,2,private,1,1,117,51,19.0,3.97,44,12,1,56,1,1,4,2,True,1,1,1,2,2,2
39010096,571,2,private,1,1,34,26,8.0,1.84,18,0,0,18,1,1,4,2,True,1,1,1,1,2,2
39010115,572,2,private,1,1,19,10,3.0,0.76,15,0,0,15,1,1,4,1,True,1,1,3,1,2,2
39010116,573,2,private,1,1,19,10,3.0,0.76,15,0,0,15,1,1,4,2,True,1,1,3,1,2,2
39020001,574,2,private,1,1,93,38,11.8,2.79,27,24,1,51,1,2,6,1,True,1,1,1,3,2,3
39020001,575,2,private,1,1,178,64,24.8,5.22,48,68,2,116,1,2,6,1,True,1,1,1,6,2,3
39020134,576,1,transit,1,1,153,151,50.2,19.22,61,21,2,82,1,1,6,1,True,0,2,3,7,0,2
39020209,577,2,private,1,1,87,30,10.2,2.36,48,6,1,54,1,1,6,1,True,1,1,2,1,2,5
39110220,578,2,private,1,1,21,7,3.4,0.55,13,0,0,13,1,1,3,2,True,1,1,4,2,2,2
39110243,579,1,transit,1,1,138,75,10.8,7.15,45,20,2,65,1,1,5,1,True,1,2,2,7,2,4
39110257,580,1,transit,1,1,40,14,7.4,1.24,18,0,1,18,1,1,4,1,True,1,1,3,1,1,4
39110281,581,1,transit,1,1,140,100,41.0,6.8,22,45,2,67,1,1,3,1,True,1,1,2,6,1,2
39110409,582,2,private,1,1,43,8,3.4,0.69,10,3,1,13,1,1,3,1,True,1,0,4,2,2,3
39110423,583,2,private,1,1,37,13,7.4,1.19,15,3,1,18,2,1,2,1,True,1,2,4,7,1,1
39110438,584,1,transit,1,1,141,85,31.0,7.03,69,9,1,78,1,1,6,1,True,1,3,3,1,2,5
39110449,585,1,transit,1,1,72,63,22.2,5.7,24,0,0,24,1,1,5,2,True,0,1,1,3,2,5
39110450,586,1,transit,1,1,16,6,4.0,0.45,8,0,0,8,1,1,5,2,True,1,1,2,1,2,5
39110459,587,1,transit,1,1,190,43,75.4,3.5,13,19,3,32,1,1,6,2,True,1,1,3,1,2,4
39110459,588,1,transit,1,1,133,147,59.6,18.95,30,3,2,33,1,1,6,2,True,1,1,3,1,2,4
39110459,589,2,private,1,1,81,15,4.0,1.32,57,0,0,57,1,1,6,2,True,1,1,3,1,2,4
39110459,590,2,private,1,1,44,10,3.4,0.81,39,0,0,39,1,1,6,2,True,1,1,3,1,2,4
39110471,591,1,transit,1,1,39,14,7.4,1.27,20,0,1,20,2,1,5,1,True,1,1,3,1,2,4
39110605,592,1,transit,1,1,252,309,110.4,38.63,45,17,3,62,1,1,4,2,True,1,1,3,3,2,3
39110675,593,2,private,1,1,17,1,3.0,0.11,15,0,0,15,1,1,4,1,True,1,1,2,2,1,5
39110675,594,2,private,1,1,28,15,7.6,1.21,13,0,0,13,1,1,4,1,True,1,1,2,5,1,5
39110781,595,2,private,1,1,65,15,7.4,1.29,40,1,1,41,2,1,4,1,False,1,1,3,1,1,2
39110815,596,1,transit,1,1,101,28,14.4,2.41,34,11,2,45,1,1,4,1,True,1,3,3,1,1,3
39110816,597,1,transit,1,1,228,299,108.8,38.27,44,24,3,68,1,1,4,2,True,1,0,1,2,1,3
39110969,598,1,transit,1,1,22,9,4.0,0.67,12,0,0,12,2,1,3,2,True,1,1,2,1,1,4
39110970,599,1,transit,1,1,53,21,8.0,1.64,17,0,0,17,2,1,3,2,True,1,1,2,3,1,4
39110987,600,2,private,1,1,84,14,7.0,1.19,23,11,2,34,1,2,3,1,True,1,1,3,1,1,1
39110987,601,2,private,1,1,80,14,6.4,1.19,24,8,2,32,1,2,3,1,True,1,1,3,1,1,1
39110995,602,1,transit,1,1,35,14,7.4,1.24,18,0,1,18,1,1,6,1,True,1,2,3,1,1,5
39111246,603,1,transit,1,1,50,22,7.4,1.76,17,0,0,17,1,1,1,2,True,0,1,4,2,0,1
39111287,604,2,private,1,1,176,51,20.0,4.83,104,1,2,105,1,2,2,2,True,1,1,2,2,1,1
39111325,605,1,transit,1,1,42,19,6.8,1.47,19,0,0,19,1,1,4,2,True,1,1,2,1,1,4
39111325,606,1,transit,1,1,46,19,6.8,1.47,19,0,0,19,1,1,4,2,True,1,1,2,1,1,4
39111355,607,2,private,1,1,107,28,14.4,2.45,89,0,2,89,2,1,4,1,True,1,2,2,1,1,4
39111355,608,2,private,1,1,4,2,0.0,0.06,4,0,0,4,2,1,4,1,True,1,2,2,7,1,4
39111356,609,2,private,1,1,140,14,8.2,1.12,20,0,2,20,2,1,4,2,True,1,1,2,5,1,4
39111360,610,1,transit,1,1,36,18,8.0,1.36,24,0,0,24,2,1,5,1,True,0,2,2,1,1,5
39111360,611,1,transit,1,1,56,18,4.0,1.36,51,0,0,51,2,1,5,1,True,0,2,2,1,1,5
39120013,612,1,transit,1,1,240,284,116.0,36.92,46,3,4,49,1,2,4,2,True,1,2,3,1,2,2
39120015,613,2,private,1,1,110,31,15.4,2.69,62,4,2,66,1,1,5,2,True,1,2,2,1,2,4
39120016,614,2,private,1,1,67,23,8.0,1.77,49,0,0,49,1,1,5,1,True,1,1,2,1,2,4
39120150,615,1,transit,1,1,37,12,4.0,0.9,24,0,0,24,2,1,3,2,True,1,1,3,2,2,3
39120150,616,1,transit,1,1,60,12,8.0,1.1,32,17,2,49,2,1,3,2,True,1,1,3,3,2,3
39120197,617,1,transit,1,1,27,11,4.0,0.85,9,0,0,9,1,2,4,1,True,0,1,1,2,2,4
39120198,618,1,transit,1,1,477,482,230.0,46.61,30,24,3,54,1,2,4,1,True,1,1,1,7,2,4
39120245,619,1,transit,1,1,98,32,16.0,2.81,63,0,2,63,1,1,5,1,True,1,3,2,1,1,5
39120246,620,2,private,1,1,99,35,7.4,2.59,75,0,0,75,1,1,5,2,True,1,1,2,5,1,5
39120250,621,2,private,1,1,107,14,11.4,1.08,84,6,2,90,1,1,4,1,True,1,2,4,2,1,2
39120364,622,2,private,1,1,42,13,4.0,0.96,37,0,0,37,2,1,4,1,True,1,1,2,1,2,2
39120372,623,1,transit,1,1,51,17,8.0,1.29,24,0,0,24,2,2,5,2,True,1,1,2,1,1,2
39120424,624,1,transit,1,1,52,20,8.0,1.58,26,0,0,26,1,1,4,2,True,1,1,3,2,1,5
39120435,625,1,transit,1,1,14,3,3.0,0.23,12,0,0,12,1,1,2,1,True,0,1,4,10,0,1
39120436,626,1,transit,1,1,67,22,8.0,1.71,42,0,0,42,1,1,2,1,True,0,1,4,3,0,1
39120457,627,1,transit,1,1,269,328,112.8,40.75,76,1,2,77,1,1,5,2,True,1,1,3,2,2,4
39120458,628,2,private,1,1,120,29,12.0,2.55,42,33,3,75,1,1,6,1,True,1,3,3,1,2,2
39120497,629,1,transit,1,1,144,132,48.0,14.94,26,7,2,33,1,1,4,2,True,1,1,4,7,1,5
39120509,630,2,private,1,1,120,36,15.4,3.6,53,16,2,69,1,1,6,1,True,1,2,3,1,2,5
39120519,631,1,transit,1,1,66,14,8.0,1.29,30,7,1,37,1,1,4,1,True,1,1,2,1,1,4
39120519,632,2,private,1,1,24,10,4.0,0.79,7,0,0,7,1,1,4,1,True,1,1,2,4,1,4
39120559,633,1,transit,1,1,30,10,4.0,0.78,19,0,0,19,2,1,4,1,True,1,1,2,1,1,2
39120999,634,2,private,1,1,86,24,7.0,1.85,77,0,0,77,1,1,5,2,True,1,1,2,1,1,5
42270007,635,1,transit,1,1,108,80,14.8,6.55,36,5,2,41,2,2,3,2,True,1,1,3,1,1,1
42270059,636,2,private,1,1,82,16,9.6,1.36,45,3,3,48,2,2,4,2,False,1,2,2,7,1,1
42270059,637,2,private,1,1,75,18,5.4,1.34,50,5,1,55,2,2,4,2,False,1,2,2,6,1,1
42270121,638,1,transit,1,1,64,34,7.4,2.87,9,4,2,13,1,1,4,1,True,1,1,4,2,1,2
42270136,639,2,private,1,1,136,59,13.8,4.21,45,15,5,60,1,1,3,2,True,1,1,3,1,1,1
42270163,640,2,private,1,1,124,62,10.6,4.34,53,14,4,67,2,1,4,1,False,1,1,2,1,1,1
42270192,641,2,private,1,1,18,3,3.2,0.27,14,0,0,14,1,1,3,1,True,1,1,4,2,2,5
42270209,642,2,private,1,1,275,116,43.2,12.97,103,46,6,149,1,1,3,1,False,1,1,3,6,1,1
42270214,643,1,transit,1,1,134,70,20.4,5.54,41,14,4,55,1,2,4,1,True,1,0,1,1,2,3
42270214,644,1,transit,1,1,47,35,7.4,2.83,10,2,1,12,1,2,4,1,True,1,0,1,6,2,3
42270228,645,2,private,1,1,112,27,9.6,1.93,85,1,1,86,1,1,4,1,False,1,1,3,3,2,4
42270228,646,2,private,1,1,227,84,23.2,7.68,52,64,7,116,1,1,4,1,False,1,1,3,1,2,4
42270264,647,1,transit,1,1,219,139,29.6,10.53,54,26,6,80,1,1,2,2,False,1,1,3,5,2,2
42270323,648,2,private,1,1,161,55,14.2,4.08,104,4,4,108,1,1,5,1,True,1,2,2,1,2,4
42270323,649,2,private,1,1,160,66,20.8,4.83,64,27,3,91,1,1,5,1,True,1,2,2,1,2,4
42270350,650,2,private,1,1,79,22,4.4,1.6,52,11,1,63,1,1,4,2,True,1,1,2,1,1,2
42270350,651,2,private,1,1,76,22,5.4,1.6,54,3,1,57,1,1,4,2,True,1,1,2,1,1,2
42270540,652,2,private,1,1,24,2,0.0,0.34,24,0,0,24,1,1,3,1,False,1,1,3,1,1,3
42270631,653,2,private,1,1,55,18,8.6,1.4,38,1,1,39,1,1,5,1,True,1,2,3,1,1,3
42270747,654,1,transit,1,1,214,134,33.2,7.83,75,12,5,87,1,1,4,2,True,1,1,2,1,1,1
42270851,655,2,private,1,1,91,21,6.4,1.6,74,1,1,75,1,1,6,2,True,1,2,2,3,1,2
42270878,656,2,private,1,1,54,30,5.1,2.35,17,3,2,20,2,1,1,1,True,1,1,2,1,1,4
42270907,657,2,private,1,1,211,72,36.6,5.42,59,15,4,74,1,1,5,1,False,1,1,2,3,2,5
42270907,658,2,private,1,1,16,3,0.0,0.22,16,0,0,16,1,1,5,1,False,1,1,2,1,2,5
42270908,659,2,private,1,1,10,2,0.0,0.2,10,0,0,10,1,1,5,2,False,1,1,2,3,2,5
42270911,660,2,private,1,1,262,161,84.4,19.19,60,28,6,88,1,1,6,1,True,1,2,2,1,2,4
42270912,661,2,private,1,1,83,20,6.4,1.43,64,0,0,64,1,1,6,2,True,1,2,2,2,2,4
42270974,662,1,transit,1,1,130,70,25.0,5.84,40,11,6,51,1,1,4,1,True,1,1,2,1,1,4
42270996,663,1,transit,1,1,113,69,14.8,5.57,30,12,4,42,1,1,4,2,True,1,1,2,1,1,4
42271015,664,1,transit,1,1,172,60,24.5,4.26,83,26,4,109,1,1,3,2,False,1,2,2,1,1,1
42271065,665,2,private,1,1,58,40,12.5,3.1,15,2,2,17,2,2,3,2,True,1,1,3,1,1,1
42271065,666,2,private,1,1,14,3,3.2,0.23,10,0,0,10,2,2,3,2,True,1,1,3,7,1,1
42271066,667,2,private,1,1,53,40,5.1,3.1,10,2,2,12,2,2,3,2,True,1,1,3,1,1,1
42271067,668,2,private,1,1,98,22,5.4,1.76,79,0,0,79,2,2,2,2,False,1,1,2,1,1,2
42271092,669,1,transit,1,1,96,72,14.8,5.67,26,5,2,31,1,1,5,2,True,1,1,2,1,2,3
42271140,670,1,transit,1,1,111,98,28.2,6.6,24,3,1,27,2,2,3,2,True,1,1,1,6,1,3
42271144,671,1,transit,1,1,54,18,6.4,1.32,28,3,2,31,1,1,2,2,True,0,1,4,2,0,1
42271162,672,1,transit,1,1,108,52,20.8,3.74,42,8,4,50,2,2,1,2,True,1,1,4,2,0,1
42271192,673,1,transit,1,1,162,66,25.0,5.45,64,14,4,78,1,1,4,1,True,1,1,2,1,1,4
42271243,674,1,transit,1,1,194,77,20.0,7.14,48,32,5,80,1,1,5,1,True,1,2,2,1,2,4
42271271,675,2,private,1,1,16,16,0.0,0.0,16,0,0,16,1,1,5,1,False,1,1,4,5,1,2
42271272,676,2,private,1,1,13,4,3.2,0.35,9,0,0,9,1,1,5,2,True,1,1,4,2,1,2
42271337,677,1,transit,1,1,254,167,70.0,19.45,40,26,6,66,2,1,2,1,True,1,1,4,6,1,1
42271395,678,2,private,1,1,9,2,0.0,0.16,9,0,0,9,1,1,5,1,True,1,1,2,11,1,5
42271395,679,2,private,1,1,23,4,3.2,0.31,19,0,0,19,1,1,5,1,True,1,1,2,2,1,5
42271423,680,1,transit,1,1,147,78,17.0,6.26,53,11,4,64,2,1,2,1,True,1,2,4,7,1,2
42280033,681,2,private,1,1,3,1,0.0,0.05,3,0,0,3,1,1,3,1,True,1,1,4,7,1,1
42280033,682,2,private,1,1,19,7,3.8,0.45,14,0,0,14,1,1,3,1,True,1,1,4,10,1,1
42280033,683,2,private,1,1,19,7,3.8,0.47,12,0,0,12,1,1,3,1,True,1,1,4,2,1,1
42280034,684,2,private,1,1,24,7,3.8,0.47,17,0,0,17,1,1,3,1,True,1,1,4,2,1,1
42280034,685,2,private,1,1,4,1,0.0,0.05,4,0,0,4,1,1,3,1,True,1,1,4,5,1,1
42280034,686,2,private,1,1,4,1,0.0,0.07,4,0,0,4,1,1,3,1,True,1,1,4,6,1,1
42280110,687,2,private,1,1,33,14,7.6,0.94,20,0,0,20,1,2,6,1,True,1,0,1,1,1,4
42280200,688,2,private,1,1,42,41,11.0,3.15,2,2,1,4,1,2,4,2,False,1,1,2,1,2,3
42280200,689,2,private,1,1,35,9,5.0,0.63,0,24,1,24,1,2,4,2,False,1,1,2,5,2,3
42280200,690,2,private,1,1,8,7,3.8,0.45,0,0,0,0,1,2,4,2,False,1,1,2,2,2,3
42280217,691,2,private,1,1,68,42,11.0,3.27,23,2,2,25,1,1,3,2,True,1,1,4,4,1,2
42280258,692,1,transit,1,1,17,7,3.8,0.45,10,0,0,10,1,1,1,1,False,1,1,4,2,1,2
42280369,693,1,transit,1,1,181,92,23.4,7.68,28,25,4,53,1,1,3,2,True,1,2,2,1,0,4
42280370,694,1,transit,1,1,205,90,26.9,7.15,68,14,5,82,1,1,3,2,True,1,2,2,5,0,4
42280430,695,2,private,1,1,82,46,12.4,3.83,9,7,2,16,1,1,3,2,True,1,2,2,1,2,3
42280523,696,2,private,1,1,127,62,22.0,4.86,38,19,4,57,1,1,3,1,False,1,1,3,1,2,4
42280588,697,1,transit,1,1,173,77,18.0,5.26,42,21,6,63,1,1,6,2,True,1,2,3,1,1,4
42280650,698,1,transit,1,1,126,68,20.6,3.17,31,14,5,45,2,1,5,1,True,1,1,2,1,1,5
42330479,699,2,private,1,1,118,40,18.0,2.82,44,14,3,58,1,1,3,2,True,1,2,2,1,1,1
42340104,700,2,private,1,1,28,9,4.0,0.67,17,0,0,17,1,1,4,2,False,1,1,3,2,2,2
42340125,701,2,private,1,1,148,66,26.6,5.38,28,17,4,45,1,1,3,1,True,1,1,3,6,1,2
42340126,702,2,private,1,1,52,18,8.0,1.29,34,0,0,34,1,1,3,1,True,1,1,3,1,1,2
42340126,703,2,private,1,1,52,18,8.0,1.29,34,0,0,34,1,1,3,1,True,1,1,3,1,1,2
42340126,704,2,private,1,1,161,60,25.4,4.25,53,20,5,73,1,1,3,1,True,1,1,3,3,1,2
42340129,705,2,private,1,1,29,9,8.8,0.63,18,0,0,18,1,1,3,1,False,1,1,3,2,1,4
42340129,706,2,private,1,1,54,16,8.8,1.05,18,14,1,32,1,1,3,1,False,1,1,3,6,1,4
42340130,707,2,private,1,1,56,18,17.6,1.26,36,0,0,36,1,1,3,1,False,1,1,3,1,1,4
42340159,708,2,private,1,1,12,1,2.2,0.11,11,0,0,11,2,1,4,2,True,1,1,2,1,1,2
42340159,709,2,private,1,1,72,6,8.0,0.48,27,3,2,30,2,1,4,2,True,1,1,2,1,1,2
42340221,710,2,private,1,1,68,30,8.8,2.33,22,4,1,26,1,1,6,1,True,1,1,3,1,2,4
42340223,711,2,private,1,1,50,6,8.4,1.42,42,0,0,42,1,1,2,1,False,1,1,2,1,1,1
42340325,712,2,private,1,1,177,53,20.0,3.7,119,6,2,125,2,1,4,1,True,1,1,3,1,1,1
42340373,713,2,private,1,1,4,2,0.0,0.22,4,0,0,4,1,1,2,2,False,0,1,4,6,0,1
42340423,714,1,transit,1,1,203,87,29.2,7.34,110,3,2,113,1,1,5,1,True,1,1,3,1,1,3
44630015,715,1,transit,1,1,232,104,74.0,13.58,46,38,3,84,1,1,4,1,True,1,1,3,1,1,5
44630037,716,2,private,1,1,227,108,70.0,14.04,36,27,5,63,1,1,6,1,True,1,1,2,1,2,4
44630038,717,2,private,1,1,106,40,8.0,2.64,50,11,2,61,1,1,6,2,False,1,1,2,1,2,4
44630160,718,1,transit,1,1,147,50,20.0,5.0,42,21,4,63,1,1,4,1,True,1,2,4,7,1,2
44630160,719,2,private,1,1,98,20,6.4,1.44,90,0,0,90,1,1,4,1,True,1,2,4,7,1,2
44630231,720,1,transit,1,1,206,119,71.0,14.14,51,27,6,78,1,1,6,2,True,0,2,2,1,0,1
44630249,721,2,private,1,1,72,35,18.4,2.64,28,4,2,32,2,2,3,2,True,1,1,2,1,1,1
44630329,722,2,private,1,1,10,5,0.0,0.36,10,0,0,10,1,1,2,1,False,1,1,3,7,2,2
44630329,723,2,private,1,1,35,14,4.0,0.99,28,0,0,28,1,1,2,1,False,1,1,3,2,2,2
44630344,724,2,private,1,1,100,50,22.8,4.01,54,1,1,55,1,1,5,1,True,1,2,3,1,1,5
44630344,725,2,private,1,1,82,22,15.2,1.54,21,24,2,45,1,1,5,1,True,1,2,3,1,1,5
44630344,726,1,transit,1,1,54,18,8.0,1.21,28,6,1,34,1,1,5,1,True,1,2,3,1,1,5
44630393,727,2,private,1,1,48,17,7.4,1.38,13,9,1,22,2,1,3,2,False,1,1,3,1,1,2
44630394,728,2,private,1,1,48,17,7.4,1.38,13,9,1,22,2,1,3,2,False,1,1,3,1,1,2
44630465,729,2,private,1,1,181,93,31.6,10.27,42,77,6,119,1,1,6,1,True,1,2,3,1,2,4
44630507,730,2,private,1,1,194,63,17.4,5.97,45,32,6,77,1,1,3,1,False,1,1,3,1,2,2
44630513,731,2,private,1,1,94,28,16.4,2.26,65,0,0,65,1,1,2,2,False,1,1,4,4,1,1
44630670,732,2,private,1,1,172,52,17.6,4.48,72,14,4,86,1,1,6,2,True,1,1,2,1,2,4
44630671,733,2,private,1,1,158,52,17.6,4.48,59,26,4,85,1,1,6,1,False,1,3,3,1,2,4
44640015,734,1,transit,1,1,113,46,19.2,4.65,42,0,3,42,1,1,4,2,True,1,1,2,1,2,4
44640053,735,2,private,1,1,27,11,5.0,0.78,17,0,0,17,1,2,4,1,False,1,3,2,1,2,4
44640054,736,2,private,1,1,31,11,5.0,0.74,24,0,0,24,1,2,4,2,False,1,3,2,1,2,4
44640117,737,1,transit,1,1,123,44,19.2,4.61,34,14,5,48,1,1,6,1,True,1,2,3,1,2,4
44640148,738,1,transit,1,1,63,39,14.6,4.77,10,16,1,26,1,1,5,1,True,1,1,3,1,1,3
44640148,739,1,transit,1,1,71,22,11.0,2.48,20,15,2,35,1,1,5,1,True,1,1,3,1,1,3
44640165,740,1,transit,1,1,114,46,19.2,5.18,26,25,4,51,1,1,4,1,True,1,1,4,7,1,2
44640256,741,1,transit,1,1,81,41,16.6,4.24,23,5,1,28,1,1,4,1,True,1,1,3,1,1,3
44640299,742,1,transit,1,1,162,86,34.8,8.06,48,17,4,65,1,1,6,1,True,1,1,3,1,1,2
44640299,743,2,private,1,1,127,46,19.2,4.68,42,24,4,66,1,1,6,1,True,1,1,3,5,1,2
44640315,744,2,private,1,1,76,26,13.4,2.65,30,8,3,38,1,1,6,2,False,1,2,3,4,2,4
44640315,745,2,private,1,1,271,308,62.0,38.46,62,42,12,104,1,1,6,2,False,1,2,3,7,2,4
44640437,746,1,transit,1,1,35,12,7.6,1.02,26,0,0,26,1,1,4,2,True,1,2,3,1,0,1
44640437,747,1,transit,1,1,137,134,42.2,17.27,16,15,3,31,1,1,4,2,True,1,2,3,6,0,1
44640446,748,2,private,1,1,47,26,10.0,1.75,24,0,0,24,1,1,6,1,True,1,2,3,1,1,2
44640456,749,1,transit,1,1,79,40,14.0,4.24,38,2,2,40,1,1,4,2,True,1,2,3,2,1,2
44640456,750,1,transit,1,1,123,84,43.6,11.7,12,26,3,38,1,1,4,2,True,1,2,3,10,1,2
44640461,751,2,private,1,1,150,46,22.0,4.82,59,24,3,83,2,1,2,1,False,1,1,1,1,1,2
44640462,752,1,transit,1,1,240,121,80.0,17.12,51,56,5,107,1,2,3,2,True,0,1,1,1,2,5
44640462,753,1,transit,1,1,66,26,9.6,2.55,24,8,2,32,1,2,3,2,True,0,1,1,11,2,5
44640508,754,2,private,1,1,253,80,28.2,7.37,51,16,4,67,1,1,3,2,False,1,2,2,1,1,3
44640515,755,2,private,1,1,63,25,10.0,1.73,33,9,1,42,1,1,6,1,True,1,2,3,3,2,3
44640516,756,1,transit,1,1,137,42,20.6,4.56,44,12,4,56,1,1,6,2,True,1,1,3,1,2,3
44640542,757,2,private,1,1,358,120,57.0,10.8,133,62,6,195,2,2,3,1,False,1,0,3,1,1,3
44640637,758,2,private,1,1,91,46,19.4,5.79,18,25,3,43,2,2,4,2,False,1,2,2,1,1,1
44640655,759,2,private,1,1,358,178,86.2,21.45,69,51,9,120,2,2,6,1,True,1,2,3,1,1,3
44640690,760,1,transit,1,1,120,48,19.2,4.76,30,38,4,68,1,1,6,2,True,1,1,4,5,1,2
44670012,761,2,private,1,1,265,78,67.6,7.02,58,72,8,130,1,1,4,1,True,1,1,3,1,2,4
44670067,762,2,private,1,1,27,12,3.8,0.98,14,0,0,14,1,1,5,2,True,1,1,4,2,1,2
44670195,763,1,transit,1,1,22,8,3.8,0.63,16,0,0,16,2,2,2,1,True,1,1,4,2,1,2
44670196,764,1,transit,1,1,46,26,9.6,2.01,14,4,2,18,2,2,2,1,True,1,1,4,10,1,2
44670208,765,1,transit,1,1,122,31,13.6,2.2,102,0,0,102,1,2,4,1,True,1,2,3,1,1,5
44670291,766,2,private,1,1,209,54,24.4,4.94,70,14,4,84,1,1,4,2,False,1,1,2,1,2,3
44670292,767,2,private,1,1,181,46,24.8,3.22,22,27,6,49,1,1,5,1,True,1,1,2,1,2,3
44670347,768,2,private,1,1,181,66,23.9,6.8,36,33,4,69,1,1,3,1,False,1,1,3,1,1,2
44670376,769,1,transit,1,1,74,35,12.9,3.29,19,5,2,24,2,2,2,2,True,0,1,3,1,0,1
44670377,770,1,transit,1,1,80,46,16.8,3.33,34,2,2,36,2,2,4,2,True,1,1,2,1,1,2
44670378,771,1,transit,1,1,130,70,22.0,6.63,44,9,2,53,2,2,4,1,True,1,1,2,1,1,2
44670387,772,2,private,1,1,38,22,8.4,1.67,12,0,1,12,2,1,4,2,True,1,1,2,1,2,3
44670437,773,1,transit,1,1,42,22,9.2,1.72,15,1,2,16,2,2,4,2,True,1,1,3,1,1,2
44670441,774,1,transit,1,1,64,36,12.9,3.54,20,1,2,21,1,1,2,2,True,1,0,3,1,1,3
44670441,775,1,transit,1,1,15,8,3.8,0.59,9,0,0,9,1,1,2,2,True,1,0,3,6,1,3
44670522,776,2,private,1,1,25,6,3.0,0.41,22,0,0,22,1,1,6,1,True,1,1,4,1,2,2
44690050,777,2,private,1,1,44,24,10.6,1.66,20,0,0,20,1,1,1,1,False,1,1,3,7,2,3
44690050,778,2,private,1,1,29,10,8.0,0.82,16,0,0,16,1,1,1,1,False,1,1,3,10,2,3
44690159,779,2,private,1,1,143,75,42.0,9.32,18,30,4,48,1,1,4,1,True,1,1,3,5,2,5
44690187,780,2,private,1,1,322,98,31.6,7.17,48,84,9,132,1,1,5,1,False,1,1,2,5,2,2
44690188,781,2,private,1,1,316,85,31.6,6.28,49,93,9,142,1,1,5,2,False,1,1,2,5,2,2
44690303,782,1,transit,1,1,61,20,10.6,1.48,36,0,0,36,1,1,3,1,True,1,1,4,2,2,2
44690327,783,2,private,1,1,115,57,27.3,4.32,60,3,2,63,1,1,6,1,True,1,1,4,7,2,2
44690328,784,2,private,1,1,233,50,45.0,3.6,35,39,6,74,1,1,5,2,True,1,1,4,2,2,2
44692020,785,2,private,1,1,142,34,28.8,2.44,40,32,4,72,2,2,3,2,False,1,1,1,1,1,3
47120030,786,2,private,1,1,85,25,23.0,2.7,30,6,1,36,1,1,5,2,False,1,1,3,1,2,3
47120030,787,2,private,1,1,108,44,21.8,4.45,62,16,3,78,1,1,5,2,False,1,1,3,2,2,3
47120261,788,1,transit,1,1,254,84,43.4,10.23,86,41,5,127,1,2,5,2,True,0,2,2,1,0,2
47120308,789,2,private,1,1,199,66,28.8,6.08,92,17,4,109,1,1,4,2,False,1,1,3,1,1,2
47120321,790,2,private,1,1,94,55,20.4,5.1,32,8,2,40,1,1,6,1,True,1,1,2,3,2,2
47120322,791,2,private,1,1,53,27,10.2,2.65,22,6,1,28,1,1,6,2,True,1,1,1,1,2,2
47120343,792,2,private,1,1,525,219,64.6,22.49,159,55,12,214,1,1,5,1,False,1,1,3,1,2,5
47120376,793,2,private,1,1,449,98,42.4,10.67,111,150,11,261,1,1,6,2,True,1,0,1,6,2,5
47120437,794,1,transit,1,1,105,33,16.6,3.75,28,20,3,48,2,2,2,2,True,1,1,2,1,0,1
47120489,795,2,private,1,1,107,22,8.4,1.65,57,17,2,74,1,1,5,2,False,1,1,3,2,2,2
47120489,796,2,private,1,1,27,6,5.6,0.56,20,0,0,20,1,1,5,2,False,1,1,3,2,2,2
47120490,797,2,private,1,1,181,52,15.8,4.8,97,13,3,110,1,1,5,1,False,1,1,3,1,2,2
47120549,798,2,private,1,1,201,40,15.0,3.43,129,28,3,157,1,1,5,2,True,1,1,3,1,2,2
47120587,799,1,transit,1,1,147,52,23.2,5.28,40,14,2,54,2,2,4,1,True,1,2,3,2,0,3
47120603,800,2,private,1,1,4,2,0.0,0.82,4,0,0,4,1,1,3,1,False,1,1,4,2,1,2
47120604,801,2,private,1,1,2,3,0.0,0.21,0,0,0,0,1,1,3,1,False,1,1,4,4,1,2
47120643,802,2,private,1,1,69,16,7.6,1.17,44,0,0,44,1,1,3,1,False,1,1,3,1,2,2
47120643,803,2,private,1,1,69,16,7.6,1.18,44,0,0,44,1,1,3,1,False,1,1,3,1,2,2
47120644,804,2,private,1,1,65,14,7.6,1.04,53,0,0,53,1,1,3,2,False,1,1,3,3,2,2
47120644,805,2,private,1,1,65,271,7.6,41.11,40,0,0,40,1,1,3,2,False,1,1,3,10,2,2
47120644,806,2,private,1,1,2,2,0.0,0.24,2,0,0,2,1,1,3,2,False,1,1,3,7,2,2
47120665,807,2,private,1,1,141,47,7.6,3.64,44,14,2,58,1,1,3,1,False,1,1,4,4,1,2
47120762,808,2,private,1,1,95,35,2.8,4.33,16,20,5,36,2,2,4,2,False,1,1,4,3,1,2
47120763,809,2,private,1,1,98,44,25.0,5.39,25,14,4,39,2,2,4,1,False,1,1,4,4,1,2
47120768,810,2,private,1,1,2,2,0.0,0.27,0,0,0,0,1,1,4,1,False,1,1,4,3,2,2
47120775,811,2,private,1,1,153,62,13.0,5.41,83,16,4,99,2,2,3,2,False,1,1,1,1,1,1
47120849,812,2,private,1,1,80,25,7.6,2.71,33,6,1,39,1,1,3,2,False,1,1,2,4,1,2
47120849,813,2,private,1,1,27,5,2.8,0.39,22,0,0,22,1,1,3,2,False,1,1,2,5,1,2
47120871,814,1,transit,1,1,185,51,9.6,4.01,32,24,4,56,1,1,3,1,True,1,1,2,7,2,4
47120872,815,1,transit,1,1,106,51,14.8,4.98,48,12,2,60,1,1,3,1,True,1,1,2,7,2,4
47120923,816,2,private,1,1,115,24,5.6,1.73,30,52,2,82,2,2,4,2,True,1,2,4,1,1,1
47120924,817,2,private,1,1,92,24,5.6,1.73,30,29,2,59,2,2,4,2,True,1,2,4,1,1,1
47120924,818,2,private,1,1,489,49,19.2,5.22,78,392,6,470,2,2,4,2,True,1,2,4,7,1,1
47120931,819,2,private,1,1,144,34,5.6,3.25,48,36,4,84,1,1,4,1,True,1,1,2,1,2,4
47120931,820,2,private,1,1,130,53,10.2,5.18,35,17,3,52,1,1,4,1,True,1,1,2,1,2,4
47120932,821,2,private,1,1,160,34,5.6,3.25,54,30,4,84,1,1,4,1,True,1,1,2,1,2,4
47120939,822,2,private,1,1,59,10,5.6,0.7,50,0,0,50,1,1,5,1,True,1,1,2,2,1,3
47121116,823,2,private,1,1,43,10,2.8,0.75,32,0,0,32,1,1,3,1,False,1,1,3,1,2,3
47130034,824,1,transit,1,1,222,105,56.1,10.88,57,26,6,83,1,2,5,1,True,0,0,1,1,1,4
47130065,825,2,private,1,1,117,29,7.6,2.1,41,39,3,80,1,1,5,2,True,1,1,2,1,1,4
47130066,826,2,private,1,1,54,22,2.2,1.7,25,0,0,25,1,1,5,1,True,1,2,2,1,1,4
47130066,827,2,private,1,1,82,28,7.6,2.45,22,22,3,44,1,1,5,1,True,1,2,2,6,1,4
47130281,828,2,private,1,1,30,8,2.8,0.62,20,0,0,20,1,1,5,2,True,1,1,3,7,2,3
47130281,829,2,private,1,1,70,27,10.2,2.31,26,9,3,35,1,1,5,2,True,1,1,3,3,2,3
47130286,830,2,private,1,1,15,1,2.2,0.11,14,0,0,14,1,1,3,1,False,1,1,3,2,1,2
47130332,831,1,transit,1,1,208,92,53.1,10.99,33,45,8,78,1,1,4,1,True,1,2,4,3,2,4
47130345,832,2,private,1,1,89,42,10.2,3.79,29,7,1,36,2,2,4,2,True,1,1,1,1,2,3
47130345,833,2,private,1,1,85,20,5.6,1.48,66,0,0,66,2,2,4,2,True,1,1,1,4,2,3
47130387,834,1,transit,1,1,381,202,105.2,28.96,36,91,7,127,1,1,2,1,False,1,1,4,3,1,2
47130387,835,1,transit,1,1,65,29,7.6,2.99,11,23,2,34,1,1,2,1,False,1,1,4,1,1,2
47130407,836,1,transit,1,1,23,9,7.6,0.69,13,0,0,13,1,1,4,2,True,0,1,3,1,1,2
47130471,837,2,private,1,1,53,21,4.4,1.73,25,0,0,25,1,2,5,2,True,1,0,1,1,2,2
47130471,838,2,private,1,1,27,11,2.2,0.88,13,0,0,13,1,2,5,2,True,1,0,1,1,2,2
47130533,839,2,private,1,1,204,54,15.0,3.76,56,60,6,116,1,1,3,1,False,1,2,2,1,2,2
47130611,840,2,private,1,1,5,2,0.0,0.42,5,0,0,5,1,1,3,1,True,1,1,2,7,2,4
47130611,841,2,private,1,1,54,18,5.6,1.48,34,0,0,34,1,1,3,1,True,1,1,2,2,2,4
47130685,842,2,private,1,1,233,89,53.4,10.88,27,46,6,73,1,1,3,1,False,1,1,4,7,1,2
47130729,843,1,transit,1,1,117,73,35.6,7.89,31,15,4,46,1,1,2,1,True,1,1,3,1,1,2
47130823,844,2,private,1,1,433,220,106.6,27.94,70,100,9,170,1,1,3,2,True,1,2,4,5,1,1
50260039,845,1,transit,1,1,29,16,6.2,1.15,15,0,0,15,1,1,2,2,True,0,1,3,2,1,2
50260039,846,1,transit,1,1,29,16,6.2,1.15,15,0,0,15,1,1,2,2,True,0,1,3,11,1,2
50260077,847,2,private,1,1,85,25,10.6,2.77,38,15,1,53,1,1,4,1,True,1,1,4,5,1,2
50260131,848,1,transit,1,1,32,9,2.2,0.69,21,0,0,21,2,2,2,1,True,0,0,1,1,2,3
50260144,849,2,private,1,1,127,33,4.4,2.83,41,8,2,49,2,2,4,1,False,1,1,2,1,2,2
50260165,850,1,transit,1,1,70,26,7.2,1.92,24,14,3,38,1,1,4,2,True,0,1,1,1,2,4
50260165,851,1,transit,1,1,75,26,10.0,1.92,24,18,3,42,1,1,4,2,True,0,1,1,1,2,4
50260166,852,2,private,1,1,192,87,49.8,10.01,56,36,4,92,1,1,4,1,False,1,1,3,7,2,4
50260181,853,1,transit,1,1,177,64,38.2,7.32,61,22,3,83,1,1,6,1,True,1,2,3,1,1,3
50260183,854,1,transit,1,1,202,142,74.6,18.14,48,30,4,78,1,1,6,2,True,1,1,3,1,1,3
50260276,855,2,private,1,1,84,30,14.6,2.31,36,0,2,36,1,1,6,1,True,1,3,4,1,2,3
50270016,856,2,private,1,1,172,93,41.0,11.74,23,20,4,43,1,1,4,1,True,1,1,4,10,1,2
50270029,857,2,private,1,1,109,20,10.6,1.62,20,51,2,71,1,1,4,1,True,1,1,3,1,1,2
50270030,858,1,transit,1,1,45,16,8.0,1.74,33,0,0,33,1,1,4,2,True,1,1,3,1,1,2
50270088,859,1,transit,1,1,72,24,14.0,1.87,42,0,0,42,1,1,3,2,True,1,2,3,1,1,1
50270151,860,1,transit,1,1,51,15,8.0,1.21,35,0,0,35,1,1,5,1,True,1,1,3,1,1,3
50270163,861,1,transit,1,1,84,31,13.0,4.02,20,8,3,28,1,1,6,1,True,1,1,4,1,1,3
50270194,862,1,transit,1,1,186,99,26.0,11.29,54,25,5,79,2,2,4,1,True,1,3,2,1,1,1
50270271,863,2,private,1,1,104,28,16.9,2.1,36,21,2,57,1,1,2,1,False,1,1,3,10,1,1
50270287,864,2,private,1,1,104,43,27.6,5.44,34,9,3,43,1,1,5,2,True,1,3,3,1,1,3
50270288,865,1,transit,1,1,105,36,24.2,2.64,44,3,2,47,2,2,6,2,True,1,0,1,5,0,4
50270317,866,2,private,1,1,19,8,2.2,0.62,13,0,0,13,1,1,6,1,True,1,2,3,3,2,2
50270318,867,2,private,1,1,38,16,7.6,1.2,20,0,0,20,1,1,6,1,True,1,2,3,5,2,2
50270408,868,1,transit,1,1,66,17,22.8,1.2,16,1,2,17,1,1,4,1,True,1,1,4,1,2,2
50270415,869,2,private,1,1,32,15,7.6,1.14,16,0,0,16,1,1,3,1,True,1,2,4,5,1,1
50270426,870,2,private,1,1,124,24,14.8,1.83,34,33,2,67,1,1,6,1,False,1,1,2,6,2,2
50270435,871,1,transit,1,1,215,148,80.8,21.21,80,13,5,93,1,1,6,1,True,1,1,2,1,2,4
50270436,872,2,private,1,1,52,15,8.0,1.19,36,3,1,39,1,1,6,1,True,1,1,2,2,2,4
50270436,873,2,private,1,1,48,12,8.0,1.14,37,0,0,37,1,1,6,1,True,1,1,2,2,2,4
50270436,874,2,private,1,1,50,11,8.0,1.13,36,0,0,36,1,1,6,1,True,1,1,2,11,2,4
50270439,875,2,private,1,1,183,47,25.4,5.92,58,47,4,105,2,2,4,2,False,1,1,2,3,2,3
50270475,876,2,private,1,1,174,48,17.6,5.48,57,56,4,113,1,1,5,1,False,1,2,3,1,1,2
50270477,877,1,transit,1,1,264,151,82.2,21.21,64,64,5,128,2,2,5,2,True,1,2,2,6,0,3
50270478,878,1,transit,1,1,268,151,82.2,21.21,73,57,5,130,2,1,5,1,True,1,3,2,6,0,3
50270501,879,2,private,1,1,119,53,27.8,6.25,40,2,5,42,1,1,6,1,True,1,2,4,1,2,2
50270502,880,1,transit,1,1,127,84,46.4,9.68,25,2,4,27,1,1,3,2,True,1,0,4,1,2,2
50270516,881,2,private,1,1,204,136,79.6,20.32,44,22,5,66,1,1,4,1,True,1,2,2,1,1,1
50270533,882,2,private,1,1,101,22,16.5,1.76,75,0,0,75,1,1,5,1,True,1,2,2,2,2,4
50270533,883,2,private,1,1,235,85,35.0,8.76,69,67,5,136,1,1,5,1,True,1,2,2,1,2,4
50270601,884,2,private,1,1,277,98,47.7,10.0,88,38,8,126,2,2,3,2,False,1,1,2,1,1,1
50270601,885,2,private,1,1,132,0,14.8,0.06,47,46,5,93,2,2,3,2,False,1,1,2,5,1,1
50270611,886,2,private,1,1,265,74,44.8,8.36,61,55,4,116,1,2,3,2,False,1,1,2,1,2,2
50270631,887,2,private,1,1,81,19,8.0,1.4,68,0,0,68,1,1,6,1,True,1,2,4,7,1,2
50270638,888,2,private,1,1,67,16,9.3,1.49,39,2,1,41,1,1,3,1,False,1,1,4,1,1,2
50270667,889,2,private,1,1,270,54,26.0,5.7,45,68,6,113,1,1,2,2,False,1,1,4,3,1,2
50270668,890,2,private,1,1,127,37,16.4,2.82,62,7,2,69,1,1,2,2,False,1,1,4,2,1,2
50270775,891,2,private,1,1,81,38,19.6,2.69,16,21,4,37,1,1,4,1,False,1,2,4,1,2,2
50270844,892,2,private,1,1,229,63,27.5,6.44,81,62,4,143,1,1,6,1,False,1,3,4,2,2,2
50760031,893,1,transit,1,1,139,69,41.6,8.21,58,0,2,58,1,1,6,2,True,1,2,3,1,1,2
50760043,894,1,transit,1,1,127,41,33.0,3.11,43,6,4,49,1,1,3,1,True,1,1,4,1,1,2
50760085,895,2,private,1,1,49,4,3.2,0.33,44,0,0,44,1,1,6,2,True,1,1,3,1,2,4
50760086,896,2,private,1,1,54,19,10.4,1.91,24,7,1,31,1,1,6,1,False,1,1,3,1,2,4
50760116,897,2,private,1,1,174,50,40.6,6.22,44,21,5,65,2,2,4,2,False,1,1,2,1,2,2
50760131,898,2,private,1,1,45,16,10.6,1.21,30,0,0,30,1,1,4,1,True,1,1,3,2,2,2
50760131,899,2,private,1,1,146,49,29.2,6.05,44,19,4,63,1,1,4,1,True,1,1,3,6,2,2
50760132,900,2,private,1,1,425,160,112.4,16.3,103,56,12,159,1,1,4,2,True,1,1,3,6,2,2
50760137,901,2,private,1,1,334,75,47.6,8.27,182,20,5,202,1,1,3,2,False,1,1,2,7,2,5
50760209,902,2,private,1,1,143,37,17.6,3.33,58,42,6,100,2,2,4,2,True,1,0,2,1,1,2
50760209,903,2,private,1,1,129,38,19.2,2.83,27,36,2,63,2,2,4,2,True,1,0,2,5,1,2
50760210,904,2,private,1,1,119,36,17.6,3.21,34,42,6,76,2,2,4,2,True,1,0,2,1,1,2
50760210,905,2,private,1,1,605,301,176.4,37.53,46,89,11,135,2,2,4,2,True,1,0,2,6,1,2
50760217,906,2,private,1,1,233,57,32.0,5.93,166,3,2,169,2,2,3,2,True,1,3,2,3,1,1
50760299,907,1,transit,1,1,320,129,74.4,16.03,44,47,5,91,2,2,3,1,False,1,1,2,7,1,3
50760334,908,2,private,1,1,57,7,8.0,0.58,34,9,1,43,1,1,5,2,False,1,1,2,1,2,2
50760337,909,2,private,1,1,240,72,44.2,9.8,72,42,5,114,2,2,4,2,False,1,1,2,1,1,1
50760337,910,2,private,1,1,141,24,18.8,1.66,16,47,4,63,2,2,4,2,False,1,1,2,6,1,1
50760357,911,2,private,1,1,356,116,73.4,12.99,112,60,6,172,1,1,6,1,False,1,3,3,1,2,3
50760357,912,2,private,1,1,69,26,14.0,1.97,26,0,0,26,1,1,6,1,False,1,3,3,4,2,3
50760394,913,1,transit,1,1,213,203,82.4,21.44,24,46,3,70,1,2,5,1,True,0,1,3,3,1,2
50760421,914,1,transit,1,1,28,13,7.0,0.99,11,0,0,11,1,1,3,2,True,0,1,3,1,0,1
50760429,915,2,private,1,1,107,45,22.0,5.86,30,26,2,56,1,1,5,1,True,1,1,3,1,1,4
50760447,916,1,transit,1,1,184,67,48.0,8.31,49,26,6,75,2,2,4,1,True,0,2,3,3,0,1
50760456,917,2,private,1,1,125,25,28.6,3.03,54,25,2,79,1,1,5,2,True,1,1,3,1,2,3
50760483,918,2,private,1,1,2,1,0.0,0.0,2,0,0,2,1,1,3,2,False,1,1,3,1,2,5
50760485,919,1,transit,1,1,525,277,141.4,36.63,140,54,12,194,1,1,5,1,True,1,1,2,7,1,1
50780009,920,1,transit,1,1,114,29,14.8,3.94,48,1,5,49,1,1,6,2,True,1,1,3,6,2,4
50780010,921,1,transit,1,1,140,67,38.8,8.01,51,4,5,55,1,1,6,1,True,1,1,4,1,2,4
50780013,922,1,transit,1,1,142,72,24.8,8.71,23,11,3,34,1,1,6,1,True,1,1,3,2,2,2
50780055,923,2,private,1,1,40,10,9.0,1.21,7,10,2,17,1,1,4,1,False,1,1,4,1,2,2
50780056,924,2,private,1,1,45,14,5.0,1.52,29,4,1,33,1,1,4,2,False,1,1,4,7,2,2
50780056,925,2,private,1,1,32,12,3.8,0.94,23,1,1,24,1,1,4,2,False,1,1,4,2,2,2
50780087,926,1,transit,1,1,154,57,35.2,7.2,44,15,4,59,1,1,3,2,True,1,0,3,1,1,2
50780088,927,1,transit,1,1,146,82,38.8,7.64,45,11,4,56,1,1,3,1,True,1,1,3,7,1,2
50780314,928,2,private,1,1,60,17,7.0,1.46,21,11,1,32,1,1,6,1,True,1,2,4,1,2,5
50780403,929,2,private,1,1,228,149,64.0,21.7,36,24,7,60,1,1,6,2,True,1,2,3,7,2,2
50780404,930,2,private,1,1,154,56,38.8,7.23,40,9,6,49,1,1,6,1,True,1,2,3,1,2,2
50780404,931,2,private,1,1,47,6,6.0,0.52,37,5,1,42,1,1,6,1,True,1,2,3,10,2,2
50780405,932,1,transit,1,1,202,130,86.2,18.94,34,19,6,53,1,1,6,1,True,1,2,3,1,1,4
52720041,933,2,private,1,1,64,13,9.6,0.9,16,11,1,27,1,1,5,1,False,1,2,2,1,2,4
52720109,934,2,private,1,1,69,13,9.0,0.9,22,11,1,33,1,1,3,1,True,1,1,4,4,2,2
52720109,935,2,private,1,1,69,13,9.0,0.9,22,11,1,33,1,1,3,1,True,1,1,4,4,2,2
52720109,936,2,private,1,1,42,11,5.0,0.81,14,1,1,15,1,1,3,1,True,1,1,4,5,2,2
52720183,937,2,private,1,1,16,5,2.2,0.34,9,0,0,9,1,1,3,2,False,1,1,2,2,2,4
52720229,938,2,private,1,1,214,108,10.0,11.33,34,36,6,70,1,2,6,1,True,1,1,4,1,1,1
52720287,939,1,transit,1,1,97,42,8.8,3.14,24,10,4,34,1,1,5,1,True,1,1,3,1,1,2
52720334,940,1,transit,1,1,3,0,0.0,0.03,3,0,0,3,1,1,5,2,True,0,1,4,2,1,2
52720371,941,2,private,1,1,345,99,43.6,8.42,98,64,6,162,1,1,4,1,False,1,1,2,1,1,1
52720431,942,2,private,1,1,217,79,24.8,7.91,60,28,5,88,1,1,6,1,True,1,2,3,6,2,3
52720432,943,2,private,1,1,127,57,26.2,4.02,37,12,4,49,1,1,6,2,True,1,1,3,3,2,3
52720511,944,2,private,1,1,168,76,26.4,7.83,34,26,6,60,1,2,4,1,False,1,1,2,1,2,2
52720539,945,2,private,1,1,118,26,19.8,1.8,18,41,3,59,1,1,4,1,False,1,1,3,1,2,2
52720539,946,2,private,1,1,118,26,21.4,1.8,18,34,3,52,1,1,4,1,False,1,1,3,1,2,2
52720540,947,2,private,1,1,156,59,30.0,4.19,65,5,4,70,1,1,1,2,True,1,1,3,7,2,2
52720549,948,2,private,1,1,140,69,27.6,5.73,37,18,4,55,1,1,4,1,False,1,1,4,1,2,2
52720563,949,2,private,1,1,404,121,58.0,10.17,90,127,7,217,1,1,5,1,True,1,2,2,6,2,4
52720639,950,1,transit,1,1,67,22,10.0,1.64,26,0,0,26,1,2,6,1,True,1,0,1,1,1,5
52720643,951,2,private,1,1,31,10,64.4,0.73,20,0,0,20,1,2,6,1,True,1,0,1,5,2,5
52720665,952,1,transit,1,1,118,56,23.2,3.98,49,6,2,55,1,2,6,2,True,1,0,1,1,2,5
52730004,953,2,private,1,1,250,88,39.2,7.8,110,16,5,126,1,1,3,1,True,1,1,3,1,2,2
52730039,954,2,private,1,1,110,29,15.6,2.06,44,16,2,60,1,1,3,1,False,1,1,4,4,1,2
52730081,955,2,private,1,1,161,42,24.0,3.04,40,46,3,86,1,1,6,1,True,1,2,4,1,2,2
52730183,956,2,private,1,1,99,29,13.8,2.17,48,8,2,56,1,1,4,1,False,1,1,3,1,2,4
52730184,957,2,private,1,1,44,6,7.2,0.5,37,0,0,37,1,2,1,2,True,1,1,1,1,2,4
52730184,958,2,private,1,1,55,19,10.6,1.43,12,0,0,12,1,2,1,2,True,1,1,1,7,2,4
53060149,959,1,transit,1,1,120,46,14.0,3.31,38,5,2,43,1,2,1,2,True,0,1,1,1,2,4
53060150,960,2,private,1,1,60,67,7.6,6.35,38,0,0,38,1,1,6,1,True,1,1,3,1,2,4
53060150,961,2,private,1,1,72,116,7.6,11.36,28,6,3,34,1,1,6,1,True,1,1,3,1,2,4
53060177,962,2,private,1,1,104,44,11.2,3.09,31,5,1,36,1,2,3,2,True,1,1,2,1,2,2
53060213,963,2,private,1,1,55,20,7.6,1.46,24,10,2,34,1,1,4,2,False,1,1,3,1,2,3
53060305,964,1,transit,1,1,15,6,3.8,0.44,10,0,0,10,2,2,2,2,True,0,1,3,1,0,1
53060419,965,2,private,1,1,49,7,3.8,0.61,17,15,1,32,1,1,4,1,True,1,1,3,1,2,3
53060420,966,1,transit,1,1,200,116,33.0,11.9,20,14,3,34,1,2,4,2,True,1,1,1,1,2,3
53060657,967,1,transit,1,1,128,59,11.2,4.67,18,24,3,42,2,2,3,2,True,1,1,3,1,1,4
53060658,968,1,transit,1,1,111,47,11.2,3.31,33,14,2,47,2,2,3,1,True,1,1,2,1,1,4
53060715,969,1,transit,1,1,39,19,5.6,1.44,24,0,1,24,1,1,5,1,True,1,2,2,1,1,3
53060716,970,1,transit,1,1,73,49,19.2,4.12,22,0,3,22,1,1,5,2,True,1,2,2,1,1,3
53060716,971,1,transit,1,1,588,107,155.0,11.49,13,83,8,96,1,1,5,2,True,1,2,2,5,1,3
53060722,972,1,transit,1,1,74,43,19.2,3.68,28,0,2,28,1,1,4,2,True,1,1,2,1,2,4
54200016,973,2,private,1,1,68,23,9.8,1.87,24,7,1,31,2,2,6,2,True,1,2,2,2,1,2
54200016,974,2,private,1,1,168,74,25.8,7.8,26,29,7,55,2,2,6,2,True,1,2,2,6,1,2
54200057,975,1,transit,1,1,62,22,7.6,1.52,40,0,0,40,1,1,6,1,True,1,2,2,1,1,5
54200058,976,2,private,1,1,169,62,34.8,6.49,52,23,4,75,1,1,6,2,False,1,2,3,5,1,5
54200069,977,2,private,1,1,128,48,77.8,3.9,64,0,1,64,2,2,5,2,False,1,1,2,1,2,4
54200070,978,2,private,1,1,322,142,84.4,17.66,55,30,7,85,2,2,6,1,True,1,1,2,1,2,4
54200161,979,2,private,1,1,269,86,43.4,9.56,99,46,6,145,1,1,6,2,True,1,2,3,1,1,2
54200167,980,1,transit,1,1,71,23,7.6,1.55,36,4,1,40,1,1,6,1,True,1,2,3,1,0,2
54200168,981,1,transit,1,1,172,88,29.2,7.44,62,2,6,64,1,1,6,2,True,1,3,2,1,0,2
54200227,982,1,transit,1,1,48,39,7.6,3.99,17,0,0,17,1,1,6,2,True,1,1,3,2,1,3
54200227,983,1,transit,1,1,33,21,6.0,1.42,12,0,0,12,1,1,6,2,True,1,1,3,2,1,3
54200233,984,1,transit,1,1,64,21,7.6,1.46,25,2,1,27,1,1,5,1,True,1,2,4,1,1,2
54200301,985,2,private,1,1,169,73,30.2,6.38,50,9,7,59,2,1,5,1,False,1,1,2,3,2,4
54200302,986,2,private,1,1,169,73,30.2,6.38,50,9,7,59,2,1,5,2,False,1,2,2,3,2,4
54200327,987,2,private,1,1,22,11,3.8,0.71,15,0,0,15,2,2,3,2,False,1,1,3,1,1,1
54200327,988,2,private,1,1,12,2,2.2,0.18,10,0,0,10,2,2,3,2,False,1,1,3,2,1,1
54200335,989,1,transit,1,1,170,79,35.6,8.1,64,10,4,74,1,1,6,2,True,1,2,2,1,1,2
54200336,990,1,transit,1,1,54,23,10.4,1.54,33,0,0,33,1,1,6,2,True,1,2,2,2,1,2
54200342,991,1,transit,1,1,52,24,7.6,1.61,31,0,0,31,1,1,6,2,True,1,2,4,1,1,2
54200342,992,2,private,1,1,82,36,11.2,2.56,34,3,2,37,1,1,6,2,True,1,2,4,5,1,2
54200407,993,2,private,1,1,89,34,7.6,2.24,25,10,2,35,1,1,6,2,True,1,0,3,1,2,2
54200477,994,2,private,1,1,66,26,7.6,1.81,22,14,2,36,1,1,4,2,False,1,1,4,1,1,4
54200477,995,2,private,1,1,82,21,7.6,1.47,57,2,1,59,1,1,4,2,False,1,1,4,1,1,4
54200478,996,2,private,1,1,29,10,3.8,0.71,18,0,0,18,1,1,4,1,True,1,1,2,1,1,4
54200489,997,2,private,1,1,44,4,7.8,0.55,36,0,0,36,1,1,3,2,False,1,1,2,2,1,4
54200489,998,2,private,1,1,111,28,11.2,2.08,41,26,2,67,1,1,3,2,False,1,1,2,2,1,4
54200490,999,2,private,1,1,150,41,7.6,2.92,65,18,2,83,1,1,4,1,False,1,1,2,5,1,4
54200563,1000,2,private,1,1,107,33,12.6,2.41,47,7,1,54,1,1,4,1,False,1,1,4,4,1,2
54200612,1001,2,private,1,1,42,12,3.8,0.84,21,1,1,22,1,1,3,1,True,1,1,4,3,1,2
54200622,1002,1,transit,1,1,46,24,7.6,1.66,22,0,0,22,2,1,5,2,True,1,1,4,1,1,2
54200661,1003,2,private,1,1,155,53,28.0,4.6,31,41,6,72,2,2,3,2,True,1,1,2,5,2,3
54200661,1004,2,private,1,1,53,8,5.6,0.64,47,0,0,47,2,2,3,2,True,1,1,2,6,2,3
54200662,1005,2,private,1,1,137,76,23.2,6.48,42,8,5,50,2,2,3,1,True,1,1,2,1,2,3
54200675,1006,1,transit,1,1,127,62,27.4,5.62,45,7,3,52,2,1,6,1,True,1,2,2,1,1,3
54200685,1007,2,private,1,1,43,20,7.6,1.38,22,0,0,22,2,2,4,1,False,1,2,2,1,1,1
54200749,1008,2,private,1,1,206,111,61.0,13.74,46,13,5,59,2,2,5,2,True,1,1,2,1,1,1
54200781,1009,1,transit,1,1,133,68,26.6,5.75,41,21,4,62,2,2,4,2,True,1,0,1,1,1,2
54200781,1010,2,private,1,1,54,6,5.6,0.66,41,0,0,41,2,2,4,2,True,1,0,1,5,1,2
54200782,1011,2,private,1,1,113,37,16.8,2.75,38,3,3,41,2,2,4,2,True,1,1,3,1,1,2
54200782,1012,2,private,1,1,139,37,11.2,2.54,44,19,3,63,2,2,4,2,True,1,1,3,1,1,2
54200875,1013,2,private,1,1,23,10,3.8,0.71,16,0,0,16,2,1,3,1,False,1,2,4,6,2,2
54200875,1014,2,private,1,1,47,16,3.8,1.1,16,6,1,22,2,1,3,1,False,1,2,4,6,2,2
54200875,1015,2,private,1,1,25,12,3.8,0.87,16,0,0,16,2,1,3,1,False,1,2,4,2,2,2
54200875,1016,2,private,1,1,56,19,7.6,1.35,36,0,0,36,2,1,3,1,False,1,2,4,5,2,2
54200884,1017,1,transit,1,1,158,68,29.2,6.93,53,15,3,68,1,1,6,1,True,1,2,3,1,2,2
54200981,1018,1,transit,1,1,222,151,70.6,18.67,71,2,2,73,1,2,5,2,True,1,1,1,1,2,3
54201031,1019,1,transit,1,1,73,28,7.6,2.04,26,8,2,34,1,1,5,1,True,1,1,2,1,1,4
54201032,1020,1,transit,1,1,92,26,7.6,1.79,46,15,2,61,1,1,5,2,True,1,2,2,5,1,4
54201032,1021,1,transit,1,1,79,28,7.6,1.85,36,3,1,39,1,1,5,2,True,1,2,2,2,1,4
54201091,1022,2,private,1,1,158,79,25.8,7.12,38,17,2,55,1,1,4,1,False,1,2,2,1,2,4
54201194,1023,1,transit,1,1,57,27,12.2,1.22,44,0,0,44,2,2,4,1,True,0,2,3,1,0,1
54201201,1024,2,private,1,1,109,32,13.0,2.24,33,6,4,39,2,2,3,1,False,1,1,3,1,1,1
54201201,1025,2,private,1,1,109,123,9.4,13.4,24,40,4,64,2,2,3,1,False,1,1,3,6,1,1
54201220,1026,1,transit,1,1,28,11,3.8,0.72,18,0,0,18,1,1,5,2,True,1,1,3,1,1,2
54201221,1027,2,private,1,1,346,179,60.6,18.0,38,31,8,69,1,1,5,1,True,1,1,4,5,1,2
54260044,1028,2,private,1,1,100,31,11.2,2.34,35,6,4,41,1,1,6,1,False,1,2,4,5,1,2
54260060,1029,1,transit,1,1,142,72,21.2,4.34,36,20,4,56,1,1,6,1,True,1,3,4,1,1,2
54260075,1030,1,transit,1,1,151,29,40.8,1.87,45,16,2,61,1,1,4,2,False,1,1,3,1,2,4
54260076,1031,1,transit,1,1,156,70,29.2,7.07,31,30,3,61,1,1,4,2,True,1,1,1,1,2,4
54260117,1032,2,private,1,1,71,20,11.2,1.47,34,16,2,50,2,2,4,1,True,1,1,4,6,1,2
54260118,1033,2,private,1,1,300,118,29.2,9.31,80,46,4,126,2,2,4,1,True,1,1,4,6,1,2
54260136,1034,2,private,1,1,91,34,7.6,2.43,34,13,2,47,1,1,4,1,True,1,1,4,5,2,2
54260155,1035,2,private,1,1,296,118,63.6,14.24,93,60,6,153,1,1,4,1,True,1,3,4,7,2,2
54260172,1036,2,private,1,1,114,29,10.4,2.11,76,6,1,82,1,1,4,1,False,1,1,4,3,1,2
54260175,1037,2,private,1,1,220,83,42.8,7.2,104,14,5,118,1,1,6,2,False,1,1,2,1,2,3
54260211,1038,2,private,1,1,44,0,2.2,0.05,42,0,0,42,2,2,3,1,False,1,1,2,7,2,4
54260211,1039,2,private,1,1,97,22,21.4,1.54,24,16,2,40,2,2,3,1,False,1,1,2,4,2,4
54260212,1040,2,private,1,1,122,29,22.6,2.12,27,23,2,50,2,2,3,2,True,1,1,2,1,2,4
54260217,1041,2,private,1,1,121,46,16.8,3.24,54,19,4,73,1,1,6,1,True,1,1,2,2,2,2
54260218,1042,2,private,1,1,115,45,14.8,3.11,43,17,2,60,1,1,6,2,True,1,2,2,1,2,2
54260229,1043,2,private,1,1,125,48,16.8,3.19,32,17,2,49,1,1,4,2,True,1,1,1,6,1,5
54260314,1044,2,private,1,1,4,0,0.0,0.02,4,0,0,4,1,1,3,1,False,1,1,4,3,1,2
54260327,1045,1,transit,1,1,127,77,31.6,6.67,43,5,3,48,1,1,6,1,True,1,0,3,1,1,4
54260331,1046,1,transit,1,1,38,16,3.8,1.1,21,0,0,21,2,2,5,2,True,1,2,2,6,2,2
54260349,1047,1,transit,1,1,70,29,7.6,2.06,38,0,0,38,1,1,4,2,True,1,1,2,2,1,4
54260349,1048,2,private,1,1,50,10,5.0,0.85,42,0,0,42,1,1,4,2,True,1,1,2,6,1,4
54260373,1049,2,private,1,1,149,33,14.4,2.48,77,3,2,80,2,2,4,2,False,1,2,1,1,1,1
54260389,1050,2,private,1,1,243,60,52.4,4.48,43,62,7,105,2,2,3,2,False,1,0,2,4,1,3
54260409,1051,2,private,1,1,115,44,20.8,3.23,32,10,5,42,2,2,4,1,False,1,1,2,1,1,4
54260417,1052,2,private,1,1,48,6,2.8,0.54,5,38,1,43,2,2,4,2,False,1,1,3,1,2,2
54260483,1053,2,private,1,1,98,21,7.6,1.48,31,3,2,34,1,1,4,2,True,1,1,2,5,1,4
54260695,1054,2,private,1,1,378,196,101.6,26.17,78,70,8,148,1,1,5,1,True,1,1,3,3,1,3
54260731,1055,1,transit,1,1,66,34,10.6,2.83,12,11,2,23,2,2,3,1,True,0,1,3,2,0,4
54260732,1056,1,transit,1,1,120,55,20.8,4.24,34,16,2,50,2,2,3,1,True,0,1,3,5,0,4
54260756,1057,2,private,1,1,20,61,3.8,7.74,14,0,0,14,2,2,4,1,True,1,1,3,1,2,3
54260870,1058,1,transit,1,1,134,71,27.8,5.16,34,20,4,54,1,1,3,1,True,1,3,4,2,2,2
54260870,1059,1,transit,1,1,158,72,33.2,6.39,47,17,4,64,1,1,3,1,True,1,3,4,5,2,2
54260889,1060,2,private,1,1,25,5,3.8,0.4,20,0,0,20,1,1,6,2,False,1,1,3,2,2,3
54260889,1061,2,private,1,1,97,30,11.8,2.45,31,9,2,40,1,1,6,2,False,1,1,3,6,2,3
54260897,1062,1,transit,1,1,117,68,25.2,5.65,42,8,2,50,2,2,6,1,False,1,2,2,1,2,2
54260925,1063,2,private,1,1,133,48,16.8,3.46,43,23,4,66,1,1,5,2,False,1,2,2,6,2,4
54260956,1064,1,transit,1,1,34,16,3.8,1.12,22,0,0,22,1,1,4,2,True,1,1,2,1,1,4
54261011,1065,2,private,1,1,121,58,20.0,4.62,42,11,4,53,1,1,4,1,False,1,1,2,1,2,3
54261040,1066,2,private,1,1,51,16,7.6,1.26,32,0,0,32,1,1,5,1,True,1,1,3,6,2,2
54261041,1067,2,private,1,1,34,13,3.8,0.94,19,0,0,19,1,1,5,2,True,1,1,3,1,2,2
54261138,1068,2,private,1,1,86,30,7.6,2.12,28,14,2,42,1,1,6,2,False,1,1,3,1,2,3
54261190,1069,2,private,1,1,108,33,11.0,3.15,28,24,2,52,1,1,4,1,False,1,1,3,2,2,3
54261209,1070,1,transit,1,1,75,27,10.4,1.89,40,0,0,40,2,1,4,2,True,1,1,2,5,1,5
54261292,1071,2,private,1,1,43,15,3.8,1.02,19,5,1,24,1,2,4,2,False,1,1,2,1,2,4
54261326,1072,1,transit,1,1,205,104,56.2,13.53,41,46,5,87,1,1,4,2,True,1,1,2,6,1,4
54261327,1073,1,transit,1,1,59,26,7.6,1.92,30,0,0,30,1,1,4,2,True,1,1,2,2,1,4
54261364,1074,1,transit,1,1,19,12,3.8,0.88,9,0,0,9,1,1,6,1,True,1,2,3,5,2,5
54261364,1075,2,private,1,1,63,13,5.6,0.9,22,1,1,23,1,1,6,1,True,1,2,3,3,2,5
54261408,1076,2,private,1,1,170,69,26.2,6.22,54,26,5,80,1,1,5,1,True,1,1,3,1,1,2
54261409,1077,1,transit,1,1,99,28,7.6,1.83,74,0,0,74,1,2,1,2,True,1,1,1,1,1,2
54261413,1078,1,transit,1,1,71,30,7.6,2.09,40,0,0,40,1,1,5,1,True,1,1,3,1,2,3
54261430,1079,2,private,1,1,90,48,14.6,5.26,29,6,2,35,1,1,5,1,False,1,2,2,1,2,3
54261438,1080,1,transit,1,1,62,41,15.8,3.41,17,4,2,21,1,1,6,2,True,0,1,4,6,1,2
54261458,1081,2,private,1,1,57,11,3.8,0.75,16,9,1,25,1,1,3,1,False,1,1,4,2,1,1
54261491,1082,2,private,1,1,14,4,2.2,0.13,13,0,0,13,1,1,3,1,False,1,1,3,1,1,2
54261491,1083,2,private,1,1,16,3,2.2,0.26,14,0,0,14,1,1,3,1,False,1,1,3,5,1,2
54261491,1084,2,private,1,1,40,11,5.6,0.85,19,6,1,25,1,1,3,1,False,1,1,3,2,1,2
54261512,1085,2,private,1,1,32,13,3.8,0.89,20,0,0,20,1,1,5,2,False,1,1,4,1,2,2
54261518,1086,2,private,1,1,74,40,15.8,3.2,27,3,2,30,1,1,4,1,True,1,2,4,5,2,2
54261519,1087,2,private,1,1,74,40,15.8,3.2,27,3,2,30,1,1,4,2,True,1,1,4,5,2,2
54261566,1088,2,private,1,1,34,14,5.6,0.18,32,0,0,32,1,1,4,2,True,1,0,3,1,1,2
54261566,1089,2,private,1,1,31,2,5.6,0.18,28,0,0,28,1,1,4,2,True,1,0,3,2,1,2
54261567,1090,2,private,1,1,43,10,5.6,0.85,30,0,0,30,1,1,4,1,False,1,1,4,1,1,2
54261567,1091,2,private,1,1,88,34,7.6,2.37,39,3,2,42,1,1,4,1,False,1,1,4,7,1,2
54261626,1092,1,transit,1,1,254,129,54.0,13.41,74,14,2,88,1,1,4,2,True,1,1,3,6,1,2
54261627,1093,2,private,1,1,115,32,11.2,2.24,35,26,3,61,1,1,4,1,True,1,1,4,5,1,2
54420061,1094,1,transit,1,1,29,12,3.8,0.8,9,4,1,13,2,1,4,2,True,1,1,4,2,1,2
54420062,1095,1,transit,1,1,20,10,3.8,0.74,14,0,0,14,2,1,4,1,True,1,2,4,6,1,2
54420085,1096,2,private,1,1,11,12,3.8,0.82,5,0,0,5,2,2,3,2,True,1,1,2,2,1,3
54420119,1097,1,transit,1,1,183,125,57.6,15.83,25,21,3,46,2,2,3,2,True,1,1,4,5,1,2
54420120,1098,2,private,1,1,28,21,7.6,1.49,26,0,0,26,2,2,4,1,True,1,1,4,5,1,2
54420120,1099,1,transit,1,1,54,24,7.6,1.84,30,0,0,30,2,2,4,1,True,1,1,4,5,1,2
54420163,1100,1,transit,1,1,36,11,3.8,0.78,13,4,1,17,2,1,6,1,True,1,0,4,3,2,3
54420437,1101,1,transit,1,1,42,21,7.6,1.43,20,0,0,20,2,2,4,1,True,1,1,3,6,1,1
54420441,1102,2,private,1,1,87,20,10.2,1.71,42,6,2,48,1,1,6,1,True,1,1,3,1,1,2
54420563,1103,1,transit,1,1,51,29,13.6,2.84,19,3,1,22,2,1,1,2,True,1,2,3,3,1,1
54420577,1104,2,private,1,1,28,12,3.8,0.81,15,0,0,15,1,1,3,2,True,1,1,3,2,1,2
54420585,1105,1,transit,1,1,65,32,16.8,2.27,20,0,0,20,1,1,3,1,True,1,1,2,1,1,4
54420606,1106,1,transit,1,1,185,135,80.8,19.11,40,19,6,59,1,1,5,1,True,1,1,2,1,1,3
54420643,1107,2,private,1,1,217,130,66.0,14.36,23,48,3,71,1,2,6,2,True,1,2,2,6,1,3
54420654,1108,2,private,1,1,122,25,14.6,2.26,52,15,2,67,1,1,6,1,False,1,2,3,1,1,4
54420688,1109,1,transit,1,1,29,22,7.6,1.63,8,0,0,8,2,2,3,2,True,1,1,3,6,1,2
54420699,1110,1,transit,1,1,25,12,3.4,0.84,10,0,0,10,2,2,1,2,True,1,1,2,7,1,4
54420839,1111,1,transit,1,1,48,22,6.8,1.5,27,0,0,27,2,2,4,2,True,1,2,2,2,0,2
54420840,1112,1,transit,1,1,53,24,6.8,1.74,35,0,0,35,2,2,4,1,True,0,1,1,1,0,2
54420907,1113,2,private,1,1,165,66,14.8,5.8,69,24,7,93,1,1,3,2,True,1,1,4,1,1,2
54420910,1114,1,transit,1,1,27,6,7.6,0.6,24,0,0,24,1,1,4,2,False,0,1,4,7,0,2
54420910,1115,1,transit,1,1,161,120,19.1,11.29,26,25,5,51,1,1,4,2,False,0,1,4,10,0,2
54420971,1116,1,transit,1,1,34,19,7.6,1.58,18,0,0,18,1,1,4,2,True,1,1,4,3,1,2
54420972,1117,1,transit,1,1,44,19,7.6,1.58,21,0,0,21,1,1,4,1,True,1,1,4,3,1,2
54421061,1118,2,private,1,1,149,46,19.8,3.92,67,9,3,76,1,1,6,1,True,1,2,2,2,2,2
54421128,1119,1,transit,1,1,21,11,3.8,0.8,9,0,0,9,1,2,4,2,True,1,1,4,7,1,2
54421128,1120,1,transit,1,1,54,30,13.6,2.85,16,4,1,20,1,2,4,2,True,1,1,4,6,1,2
54421151,1121,2,private,1,1,20,3,3.8,0.2,19,0,0,19,2,2,6,1,True,1,2,2,1,1,1
54421151,1122,2,private,1,1,69,20,12.4,2.02,24,12,2,36,2,2,6,1,True,1,2,2,5,1,1
54421189,1123,2,private,1,1,57,14,7.6,1.06,47,0,0,47,2,2,6,1,True,1,1,2,1,2,2
54421189,1124,2,private,1,1,57,14,7.6,1.06,37,0,0,37,2,2,6,1,True,1,1,2,1,2,2
54421189,1125,1,transit,1,1,59,28,13.6,2.71,22,3,2,25,2,2,6,1,True,1,1,2,6,2,2
54421191,1126,1,transit,1,1,314,192,95.8,7.41,52,17,4,69,2,1,4,1,True,1,1,4,3,1,3
54421192,1127,1,transit,1,1,115,63,27.2,6.19,41,3,5,44,2,1,4,1,True,1,1,4,1,1,3
54421201,1128,1,transit,1,1,169,86,36.0,11.64,38,17,5,55,1,1,6,2,True,1,2,3,1,2,3
54421257,1129,1,transit,1,1,21,11,3.8,0.77,6,0,0,6,2,1,4,1,True,1,1,4,5,1,2
54421279,1130,1,transit,1,1,67,61,27.2,5.84,9,4,2,13,2,2,3,1,True,1,2,2,10,0,2
54421279,1131,1,transit,1,1,81,52,23.4,5.18,21,4,2,25,2,2,3,1,True,1,2,2,7,0,2
54421282,1132,1,transit,1,1,107,61,28.8,5.89,19,6,4,25,2,2,2,2,True,0,1,2,6,0,2
54421379,1133,2,private,1,1,34,19,5.6,1.3,13,0,0,13,2,2,4,1,False,1,0,4,6,1,1
54421439,1134,1,transit,1,1,110,52,27.2,5.34,32,12,5,44,1,1,6,1,True,1,1,2,1,2,3
54421440,1135,1,transit,1,1,100,64,27.2,6.18,35,6,4,41,1,1,6,2,True,1,1,2,1,2,3
54421440,1136,2,private,1,1,106,33,18.4,3.02,41,13,3,54,1,1,6,2,True,1,1,2,4,2,3
54429999,1137,2,private,1,1,136,44,32.2,3.05,30,49,3,79,1,1,6,1,True,1,1,3,1,2,4
54440058,1138,2,private,1,1,134,55,33.6,6.81,19,36,6,55,1,1,4,2,True,1,1,3,6,1,2
54440108,1139,1,transit,1,1,75,38,11.2,2.62,27,0,0,27,1,1,4,2,True,1,2,4,5,1,1
54440122,1140,2,private,1,1,147,36,11.2,2.58,62,20,4,82,2,1,5,1,True,1,1,4,1,2,2
54440123,1141,2,private,1,1,40,14,15.2,1.04,28,0,0,28,2,1,1,2,True,1,1,4,2,2,2
54440142,1142,2,private,1,1,91,20,7.6,1.48,34,8,2,42,1,1,3,1,True,1,1,4,5,1,2
54440148,1143,2,private,1,1,81,28,11.4,2.1,63,0,0,63,1,1,3,1,False,1,1,4,7,1,2
54440149,1144,2,private,1,1,126,46,19.0,3.39,89,0,0,89,1,1,3,2,True,1,1,4,4,1,2
54440188,1145,2,private,1,1,131,46,14.8,3.55,60,18,6,78,1,1,6,2,True,1,2,3,1,2,2
54440235,1146,2,private,1,1,414,125,45.8,14.03,130,98,8,228,2,2,3,1,True,1,1,2,1,1,1
54440295,1147,2,private,1,1,184,58,25.6,4.15,74,16,4,90,2,1,2,2,True,1,1,4,3,1,1
54440340,1148,2,private,1,1,108,44,11.2,2.98,73,0,0,73,1,1,4,1,True,1,1,4,2,2,2
54440340,1149,2,private,1,1,89,22,7.6,1.56,73,3,1,76,1,1,4,1,True,1,1,4,6,2,2
54440341,1150,2,private,1,1,90,34,19.0,8.3,62,0,0,62,1,1,4,2,True,1,1,4,2,2,2
54440366,1151,2,private,1,1,42,14,7.6,1.04,30,0,0,30,1,1,4,2,True,1,1,2,2,2,4
54440426,1152,1,transit,1,1,90,42,18.6,2.81,36,0,0,36,2,2,5,1,True,1,2,2,1,1,3
54440438,1153,1,transit,1,1,53,14,8.0,1.08,24,0,0,24,2,2,1,2,True,0,0,1,5,0,1
54440439,1154,1,transit,1,1,184,88,39.2,10.04,74,1,1,75,2,2,1,2,True,0,0,1,11,0,1
54440474,1155,2,private,1,1,138,36,11.2,2.5,44,42,4,86,1,1,4,1,True,1,2,2,1,2,4
54440474,1156,2,private,1,1,142,42,18.8,3.0,58,23,3,81,1,1,4,1,True,1,2,2,1,2,4
54440475,1157,2,private,1,1,199,42,18.8,2.98,98,39,5,137,1,1,4,1,True,1,2,2,1,2,4
54440508,1158,2,private,1,1,207,58,32.0,5.47,81,41,6,122,1,2,5,1,False,1,1,3,1,2,4
54440509,1159,2,private,1,1,141,30,11.2,2.2,58,41,2,99,1,2,5,1,False,1,1,3,5,2,4
54440529,1160,2,private,1,1,118,56,20.8,3.91,41,8,4,49,1,1,5,2,False,1,1,2,1,1,1
54440541,1161,1,transit,1,1,80,29,16.4,4.07,26,2,1,28,1,1,5,2,True,1,1,3,6,2,4
54440574,1162,1,transit,1,1,126,40,15.2,2.92,68,0,0,68,1,1,5,1,True,1,1,4,1,1,2
54440575,1163,1,transit,1,1,212,142,88.0,18.61,42,23,8,65,1,1,5,1,True,1,1,4,1,1,2
54440575,1164,2,private,1,1,64,12,7.6,0.98,47,0,0,47,1,1,5,1,True,1,1,4,7,1,2
54440582,1165,2,private,1,1,23,7,3.8,0.52,16,0,0,16,1,1,2,1,True,1,1,4,2,2,2
54440583,1166,2,private,1,1,260,62,72.0,17.12,32,46,3,78,1,1,2,1,True,1,1,4,6,2,2
54440592,1167,2,private,1,1,218,69,36.0,5.69,120,7,4,127,1,1,5,1,True,1,1,3,1,2,2
54440796,1168,2,private,1,1,144,54,23.6,4.38,62,10,4,72,2,1,4,1,False,1,1,2,1,2,4
54440872,1169,2,private,1,1,114,39,20.0,2.76,38,15,4,53,1,2,3,1,False,1,1,3,1,1,1
54440873,1170,2,private,1,1,323,157,74.4,17.15,37,73,9,110,1,2,3,1,False,1,1,3,3,1,1
54440891,1171,2,private,1,1,96,31,22.8,2.77,24,18,4,42,1,1,6,1,False,1,1,3,1,2,4
54440922,1172,2,private,1,1,42,19,9.0,1.3,14,1,1,15,1,1,4,1,False,1,1,3,3,2,2
54440982,1173,2,private,1,1,40,14,3.8,0.94,13,8,1,21,2,2,5,2,True,1,2,2,1,2,2
54440983,1174,2,private,1,1,40,14,3.8,0.94,13,12,1,25,2,2,5,2,True,1,2,2,1,2,2
54440987,1175,1,transit,1,1,171,81,40.0,7.33,40,21,5,61,1,1,4,1,True,1,1,3,1,1,4
54441060,1176,2,private,1,1,94,40,29.0,2.74,43,0,0,43,2,1,3,2,False,1,1,3,3,1,1
54441126,1177,2,private,1,1,91,14,7.6,0.99,60,4,1,64,1,1,5,2,True,1,1,2,5,2,3
54441126,1178,2,private,1,1,38,14,7.6,1.02,24,0,0,24,1,1,5,2,True,1,1,2,2,2,3
54441127,1179,2,private,1,1,205,71,37.8,6.68,94,11,4,105,1,1,5,1,True,1,1,2,1,2,3
54441132,1180,2,private,1,1,78,19,7.6,1.34,62,0,0,62,1,1,2,1,False,1,1,2,1,1,1
54441132,1181,2,private,1,1,115,19,9.4,1.34,83,5,1,88,1,1,2,1,False,1,1,2,1,1,1
54540006,1182,1,transit,1,1,95,24,14.8,1.88,28,12,4,40,1,2,6,1,True,1,0,1,1,2,4
54540006,1183,2,private,1,1,107,8,9.4,0.54,10,38,3,48,1,2,6,1,True,1,0,1,6,2,4
54540010,1184,2,private,1,1,161,57,24.4,4.91,56,14,5,70,1,1,3,2,True,1,1,4,2,2,2
54540027,1185,1,transit,1,1,108,93,36.2,7.76,33,0,0,33,1,1,6,1,True,1,3,4,1,1,2
54540059,1186,2,private,1,1,81,31,21.4,3.17,26,2,2,28,1,1,6,1,False,1,1,3,1,1,1
54540098,1187,2,private,1,1,68,32,11.0,2.49,18,12,4,30,2,2,4,2,False,1,2,2,1,1,1
54540135,1188,2,private,1,1,484,181,80.6,16.04,131,100,9,231,2,2,6,1,False,1,1,3,6,2,2
54540136,1189,2,private,1,1,127,64,23.6,5.3,50,7,3,57,2,2,6,2,True,1,1,3,10,2,2
54540145,1190,1,transit,1,1,171,70,33.8,5.03,32,35,5,67,1,1,5,1,True,1,2,4,6,1,2
54540164,1191,2,private,1,1,176,64,32.0,7.86,45,29,6,74,1,1,3,2,True,1,1,4,1,1,1
54540180,1192,2,private,1,1,104,40,11.2,3.2,46,2,2,48,1,1,6,1,False,1,1,1,1,2,3
54540184,1193,2,private,1,1,104,51,22.0,4.26,27,5,3,32,1,1,4,1,False,1,1,4,6,2,2
54540243,1194,2,private,1,1,66,28,11.0,2.45,21,14,2,35,1,1,4,1,False,1,1,4,1,2,2
54540243,1195,2,private,1,1,216,110,60.6,15.04,37,39,3,76,1,1,4,1,False,1,1,4,5,2,2
54540243,1196,2,private,1,1,46,25,5.6,1.68,32,0,0,32,1,1,4,1,False,1,1,4,2,2,2
54540269,1197,2,private,1,1,111,26,7.6,1.97,94,0,0,94,1,1,4,1,True,1,2,4,2,1,2
54540270,1198,2,private,1,1,111,13,7.6,1.1,94,5,0,99,1,1,4,2,True,1,1,4,2,1,2
54540399,1199,1,transit,1,1,144,74,33.4,6.38,65,1,2,66,2,2,5,2,True,1,1,3,1,2,2
54540400,1200,2,private,1,1,127,46,14.8,3.41,38,7,5,45,2,2,5,1,True,1,1,3,1,2,2
54540400,1201,2,private,1,1,159,61,14.5,5.99,52,24,5,76,2,2,5,1,True,1,1,3,6,2,2
54540426,1202,2,private,1,1,43,10,7.6,0.86,39,0,0,39,1,1,6,2,False,1,1,3,1,2,3
54540426,1203,2,private,1,1,126,42,17.0,2.97,81,1,1,82,1,1,6,2,False,1,1,3,3,2,3
54540451,1204,2,private,1,1,237,78,52.6,9.07,39,58,6,97,1,1,6,1,False,1,0,3,1,2,4
54540452,1205,2,private,1,1,90,25,14.4,1.78,60,1,2,61,1,1,6,2,False,1,1,3,1,2,4
54540466,1206,2,private,1,1,314,113,33.0,9.68,130,44,6,174,1,1,6,1,True,1,2,4,1,2,2
54540581,1207,2,private,1,1,25,11,3.8,0.81,11,0,0,11,2,1,6,2,True,1,2,3,3,2,2
54540632,1208,2,private,1,1,120,64,22.0,6.28,25,15,2,40,2,2,4,1,False,1,2,2,1,1,4
54540663,1209,1,transit,1,1,72,40,11.2,2.7,39,2,1,41,2,2,5,1,True,1,2,1,1,1,1
54540683,1210,1,transit,1,1,63,31,12.8,3.0,28,0,0,28,1,2,6,1,True,1,1,3,1,1,1
54540713,1211,2,private,1,1,59,16,7.6,1.16,43,0,0,43,1,1,6,2,True,1,1,2,4,1,4
54540713,1212,2,private,1,1,68,15,7.6,1.22,47,5,0,52,1,1,6,2,True,1,1,2,1,1,4
54540811,1213,2,private,1,1,90,24,9.4,1.64,68,5,1,73,1,1,5,2,True,1,1,2,7,2,2
54540811,1214,2,private,1,1,97,24,11.2,1.64,61,9,2,70,1,1,5,2,True,1,1,2,1,2,2
54540812,1215,2,private,1,1,110,51,14.0,3.61,57,0,1,57,1,1,5,1,True,1,1,2,1,2,2
54540853,1216,2,private,1,1,164,60,26.0,5.72,47,30,7,77,2,2,4,1,False,1,1,3,1,2,3
54540858,1217,2,private,1,1,105,38,11.2,2.62,41,19,1,60,1,1,5,1,True,1,1,4,3,2,2
54540888,1218,2,private,1,1,77,21,13.8,1.52,28,10,1,38,2,2,4,1,False,1,1,4,7,2,2
54540951,1219,2,private,1,1,70,81,15.2,9.85,11,7,2,18,2,2,3,2,True,1,1,4,2,1,1
54540955,1220,2,private,1,1,50,18,5.6,1.33,15,5,1,20,1,1,2,2,False,1,1,3,1,1,2
54540965,1221,1,transit,1,1,235,153,84.8,20.12,59,9,5,68,1,2,6,1,True,1,2,3,3,2,2
54540966,1222,2,private,1,1,56,179,7.6,22.29,38,0,0,38,1,2,6,1,True,1,2,3,2,2,2
54540989,1223,1,transit,1,1,61,31,11.6,3.05,19,5,2,24,1,2,1,1,True,0,1,1,1,2,3
54541011,1224,1,transit,1,1,46,28,11.2,1.95,15,0,0,15,1,2,2,2,True,0,1,3,2,0,2
54541019,1225,2,private,1,1,226,106,47.6,9.22,78,44,7,122,1,1,5,1,True,1,2,3,1,2,2
54541039,1226,2,private,1,1,152,51,31.2,4.58,42,39,5,81,1,1,6,1,True,1,2,2,1,2,5
54541041,1227,2,private,1,1,81,21,11.2,1.47,47,5,2,52,2,2,3,1,True,1,1,2,1,1,1
54541041,1228,2,private,1,1,66,31,11.6,2.98,8,20,2,28,2,2,3,1,True,1,1,2,6,1,1
54541081,1229,1,transit,1,1,329,269,141.4,32.57,31,24,3,55,1,1,2,2,True,1,1,4,6,1,1
54544037,1230,2,private,1,1,160,112,48.6,10.42,30,26,3,56,2,1,6,1,True,1,1,4,6,2,1
56080019,1231,2,private,1,1,156,55,16.8,3.9,71,12,3,83,1,1,5,1,True,1,2,4,3,1,2
56080029,1232,2,private,1,1,134,40,16.4,2.93,57,12,2,69,1,1,6,2,True,1,2,3,2,2,3
56080061,1233,1,transit,1,1,18,9,3.8,0.74,8,0,0,8,1,1,5,1,True,1,0,3,1,1,2
56080065,1234,2,private,1,1,166,69,24.2,4.88,97,5,2,102,1,1,5,2,True,1,2,3,3,2,3
56080075,1235,1,transit,1,1,147,81,35.0,7.43,68,16,3,84,1,1,4,1,True,1,1,3,5,2,2
56080089,1236,2,private,1,1,143,51,27.4,3.72,57,5,5,62,1,1,4,1,False,1,1,2,1,2,4
56080090,1237,2,private,1,1,201,69,35.4,6.66,49,15,8,64,1,1,4,2,False,1,2,2,1,2,4
56080105,1238,1,transit,1,1,54,37,11.2,2.6,26,0,0,26,1,1,4,2,True,1,1,3,1,1,2
56080129,1239,2,private,1,1,0,0,0.0,0.14,0,0,0,0,1,1,4,1,True,1,0,2,1,0,4
56080176,1240,2,private,1,1,26,5,2.8,0.4,19,0,0,19,1,1,6,1,False,1,2,2,1,2,2
56080245,1241,2,private,1,1,78,21,16.6,1.59,55,0,0,55,1,1,4,2,False,1,1,2,1,2,4
56080246,1242,2,private,1,1,129,39,11.2,2.92,33,25,5,58,1,1,4,1,False,1,1,3,1,2,4
56080315,1243,2,private,1,1,61,9,6.8,0.71,54,0,0,54,1,1,6,2,False,1,1,2,1,2,4
56080315,1244,2,private,1,1,52,8,11.4,0.64,22,4,1,26,1,1,6,2,False,1,1,2,2,2,4
56080316,1245,2,private,1,1,234,100,67.9,11.95,46,47,7,93,1,1,6,1,False,1,0,3,1,2,4
56080325,1246,2,private,1,1,32,7,3.8,0.53,28,0,0,28,1,2,3,2,False,1,1,4,1,2,1
56080325,1247,2,private,1,1,60,23,9.4,1.63,41,0,0,41,1,2,3,2,False,1,1,4,2,2,1
56080623,1248,2,private,1,1,59,22,5.6,1.55,27,5,2,32,1,1,6,2,False,1,2,3,1,2,3
56080781,1249,2,private,1,1,149,69,31.6,7.09,41,19,4,60,2,1,3,2,False,1,2,3,1,1,1
56080782,1250,2,private,1,1,196,73,35.6,7.45,37,45,8,82,2,1,3,2,False,1,2,3,1,1,1
56080828,1251,2,private,1,1,176,42,40.6,2.82,37,30,3,67,2,2,4,1,True,1,1,4,1,2,2
56080897,1252,2,private,1,1,71,12,6.8,0.92,38,16,1,54,1,1,4,1,True,1,1,3,4,1,4
56080897,1253,2,private,1,1,37,16,7.6,1.11,20,0,0,20,1,1,4,1,True,1,1,3,2,1,4
56080898,1254,2,private,1,1,106,30,46.8,2.15,48,11,3,59,1,1,4,2,False,1,1,3,1,1,4
56080898,1255,2,private,1,1,54,10,7.6,0.88,24,4,1,28,1,1,4,2,False,1,1,3,4,1,4
70130057,1256,1,transit,1,1,44,22,9.6,2.31,30,0,0,30,1,1,4,1,True,1,2,4,2,1,2
70130105,1257,1,transit,1,1,83,32,15.2,3.12,31,22,2,53,1,1,3,1,True,1,1,2,1,2,4
70130149,1258,1,transit,1,1,59,22,17.4,1.62,37,0,0,37,1,1,5,2,True,1,1,3,1,2,4
70130275,1259,1,transit,1,1,129,57,35.2,8.63,14,18,2,32,2,2,4,1,True,0,3,2,7,0,1
70130293,1260,2,private,1,1,32,4,6.0,0.49,27,0,0,27,2,2,3,2,True,1,1,2,6,1,3
70130294,1261,2,private,1,1,283,22,80.2,1.57,32,12,3,44,2,2,3,1,False,1,2,2,3,1,3
70130349,1262,1,transit,1,1,60,24,9.6,2.05,46,0,0,46,1,1,4,2,True,1,2,2,2,1,4
70130388,1263,1,transit,1,1,52,17,7.0,1.47,31,0,0,31,2,2,5,1,True,1,2,3,1,1,1
70130414,1264,1,transit,1,1,21,9,2.2,0.68,10,0,0,10,2,2,4,2,False,1,1,3,3,2,4
70130414,1265,2,private,1,1,73,45,18.0,3.34,15,7,2,22,2,2,4,2,False,1,1,3,3,2,4
70130507,1266,2,private,1,1,78,22,13.0,2.3,37,12,1,49,1,1,3,1,True,1,2,4,5,1,2
70130633,1267,1,transit,1,1,193,175,77.4,21.85,52,4,1,56,2,2,3,1,True,1,2,4,7,1,1
70130662,1268,2,private,1,1,139,38,16.6,4.94,36,35,3,71,1,1,4,2,False,1,1,2,1,2,3
70130662,1269,2,private,1,1,155,38,25.6,4.94,45,63,3,108,1,1,4,2,False,1,1,2,1,2,3
70130666,1270,1,transit,1,1,11,1,3.0,0.12,8,0,0,8,2,2,5,2,True,0,1,1,1,2,4
70130666,1271,1,transit,1,1,28,9,4.8,0.68,4,5,1,9,2,2,5,2,True,0,1,1,1,2,4
70130723,1272,2,private,1,1,59,14,7.8,1.26,40,8,1,48,2,2,4,1,True,1,1,3,1,1,2
70130765,1273,1,transit,1,1,194,113,54.6,14.81,54,16,3,70,1,1,6,1,True,1,2,2,1,0,3
70130766,1274,1,transit,1,1,284,180,82.8,23.03,41,30,4,71,1,1,6,2,True,1,2,2,6,0,3
70130777,1275,2,private,1,1,85,24,9.6,2.46,32,7,2,39,1,1,5,2,True,1,1,2,5,1,5
70130778,1276,2,private,1,1,20,6,0.0,0.48,20,0,0,20,1,1,5,1,True,1,2,2,1,1,5
70130778,1277,2,private,1,1,53,14,9.6,1.74,35,0,0,35,1,1,5,1,True,1,2,2,2,1,5
70130787,1278,2,private,1,1,12,1,3.0,0.12,10,0,0,10,1,1,4,1,True,1,3,4,5,1,2
70130805,1279,1,transit,1,1,32,13,4.8,0.92,16,0,0,16,2,2,3,2,True,1,1,3,1,1,2
70130807,1280,2,private,1,1,12,2,0.0,0.34,12,0,0,12,1,1,5,1,True,1,2,2,1,2,2
70130808,1281,2,private,1,1,186,78,35.6,9.43,90,8,2,98,2,1,5,2,False,1,1,2,1,2,2
70130813,1282,2,private,1,1,32,8,3.4,0.62,26,0,0,26,2,2,3,1,False,1,1,3,1,1,2
70130835,1283,2,private,1,1,71,19,9.6,1.78,55,0,0,55,2,2,5,1,True,1,1,2,1,2,3
70130867,1284,1,transit,1,1,25,2,6.0,0.25,22,0,0,22,1,2,1,1,True,1,1,1,1,2,4
70130867,1285,1,transit,1,1,124,62,32.8,8.68,14,25,3,39,1,2,1,1,True,1,1,1,1,2,4
70130868,1286,1,transit,1,1,68,35,18.0,2.69,18,0,0,18,1,2,1,2,True,0,1,1,1,2,4
70130905,1287,2,private,1,1,96,22,23.6,2.58,31,15,4,46,1,2,6,1,True,1,3,2,1,1,4
70130905,1288,2,private,1,1,90,22,23.6,2.58,34,7,4,41,1,2,6,1,True,1,3,2,1,1,4
70130947,1289,1,transit,1,1,70,21,14.2,1.96,36,0,0,36,2,2,5,1,True,1,2,3,1,1,5
70130951,1290,2,private,1,1,39,14,7.0,1.1,22,0,0,22,1,1,4,1,False,1,2,4,5,1,2
70130952,1291,2,private,1,1,83,38,25.8,2.9,15,10,1,25,1,1,4,1,False,1,2,4,5,1,2
70130969,1292,1,transit,1,1,27,12,4.8,0.87,19,0,0,19,2,1,6,2,False,1,1,2,6,1,4
70130969,1293,2,private,1,1,30,12,8.6,0.87,11,0,0,11,2,1,6,2,False,1,1,2,2,1,4
70130969,1294,1,transit,1,1,170,81,44.0,11.56,15,19,4,34,2,1,6,2,False,1,1,2,2,1,4
70130998,1295,1,transit,1,1,251,166,91.6,24.03,50,13,4,63,1,2,5,1,True,1,0,1,1,1,4
70131013,1296,2,private,1,1,451,57,33.8,8.44,19,344,2,363,2,2,5,1,True,1,1,2,1,2,3
70131063,1297,1,transit,1,1,27,11,4.8,0.79,18,0,0,18,1,1,4,1,True,1,1,3,2,1,2
70131064,1298,1,transit,1,1,48,22,9.6,1.56,34,0,0,34,1,1,4,1,True,1,1,3,1,1,2
70140005,1299,1,transit,1,1,156,72,42.4,10.46,32,15,2,47,1,2,1,1,True,1,1,2,1,0,1
70140006,1300,2,private,1,1,36,14,9.0,1.37,9,0,0,9,1,1,2,2,False,1,1,4,2,2,1
70140010,1301,1,transit,1,1,43,16,9.0,1.37,16,0,0,16,1,1,3,2,True,1,1,4,7,1,2
70140027,1302,2,private,1,1,76,23,17.6,2.77,16,16,1,32,1,1,1,2,True,1,1,2,1,1,4
70140027,1303,2,private,1,1,67,22,18.8,1.66,10,11,1,21,1,1,1,2,True,1,1,2,1,1,4
70140059,1304,2,private,1,1,96,32,19.2,3.03,40,1,2,41,1,1,6,1,True,1,2,3,1,2,2
70140060,1305,2,private,1,1,50,18,9.6,1.32,20,0,0,20,1,1,6,1,True,1,2,3,5,2,2
70140078,1306,1,transit,1,1,65,30,32.8,2.24,26,3,1,29,1,1,4,2,True,1,1,3,1,2,5
70140103,1307,2,private,1,1,115,29,24.2,2.83,76,6,1,82,1,1,4,2,True,1,1,2,5,1,5
70140136,1308,1,transit,1,1,64,28,21.6,2.73,21,0,0,21,1,2,5,2,True,1,0,1,1,2,5
70140141,1309,1,transit,1,1,365,171,106.0,28.67,29,46,4,75,1,1,5,1,True,1,3,4,7,1,3
70140142,1310,1,transit,1,1,81,31,21.6,2.93,31,0,0,31,1,1,3,2,True,1,2,3,2,1,2
70140229,1311,2,private,1,1,400,159,92.0,17.93,52,61,8,113,1,1,4,1,False,1,1,4,6,1,2
70140237,1312,2,private,1,1,71,32,26.8,3.03,30,0,0,30,2,1,2,2,True,1,1,3,1,1,2
70140247,1313,1,transit,1,1,44,18,10.8,1.63,14,6,1,20,1,1,4,2,False,1,1,4,2,2,2
70140248,1314,1,transit,1,1,44,18,10.8,1.63,14,6,1,20,1,1,4,1,False,1,0,4,2,2,2
70140281,1315,2,private,1,1,180,102,53.0,13.63,23,31,3,54,1,1,6,1,True,1,2,2,1,2,4
70140294,1316,2,private,1,1,41,22,8.0,1.76,16,6,1,22,2,2,3,1,False,1,1,3,1,1,1
70140295,1317,1,transit,1,1,65,38,39.2,3.48,24,2,1,26,2,2,4,1,True,1,2,2,1,1,4
70140295,1318,1,transit,1,1,81,38,39.2,3.48,32,0,0,32,2,2,4,1,True,1,2,2,1,1,4
70140357,1319,1,transit,1,1,364,255,133.8,36.36,20,76,8,96,2,2,2,2,True,1,1,3,7,1,1
70640218,1320,1,transit,1,1,62,24,4.8,1.76,44,0,0,44,2,1,6,2,True,0,1,4,2,1,2
70740007,1321,1,transit,1,1,107,124,27.6,10.08,16,27,2,43,1,1,2,2,True,1,1,3,1,1,4
70740029,1322,2,private,1,1,42,13,6.8,1.05,29,0,0,29,2,2,2,1,True,1,1,4,4,2,2
70740079,1323,2,private,1,1,30,16,6.2,1.2,13,0,0,13,2,2,2,2,False,1,1,2,10,1,1
70740120,1324,2,private,1,1,40,20,3.4,1.43,17,0,0,17,1,1,3,2,True,1,1,2,1,1,1
70740127,1325,2,private,1,1,4,2,0.0,0.26,0,0,0,0,1,2,4,2,True,1,2,2,6,1,5
70740128,1326,2,private,1,1,115,30,14.0,2.26,88,0,0,88,1,2,4,2,True,1,1,2,4,1,5
70740134,1327,2,private,1,1,75,22,9.6,2.0,42,0,0,42,2,2,3,2,False,1,1,2,2,1,4
70740135,1328,2,private,1,1,179,56,22.8,5.62,82,18,3,100,1,1,4,2,False,1,1,2,4,1,4
70740171,1329,2,private,1,1,92,24,8.8,1.77,78,0,0,78,1,1,6,2,True,1,2,3,2,2,3
70740172,1330,1,transit,1,1,54,29,10.4,1.85,34,11,1,45,1,1,6,1,True,1,2,3,1,2,5
70740186,1331,2,private,1,1,33,13,5.6,0.97,12,5,1,17,2,1,1,1,False,1,1,4,2,1,1
70740215,1332,2,private,1,1,57,24,12.4,1.89,24,7,2,31,1,1,4,1,False,1,1,2,1,1,4
70740215,1333,2,private,1,1,63,24,12.4,1.89,24,9,2,33,1,1,4,1,False,1,1,2,1,1,4
70740257,1334,2,private,1,1,75,29,17.2,3.2,28,3,1,31,1,1,3,2,True,1,1,3,10,1,2
70740266,1335,2,private,1,1,279,494,65.6,38.8,35,80,4,115,1,1,3,2,True,1,2,4,2,1,2
70740299,1336,1,transit,1,1,40,21,12.4,1.64,20,0,0,20,1,1,4,1,True,1,1,4,1,1,2
70740299,1337,1,transit,1,1,44,21,12.4,1.64,20,0,0,20,1,1,4,1,True,1,1,4,1,1,2
70740427,1338,2,private,1,1,126,47,20.6,3.46,60,19,3,79,1,1,3,1,True,1,2,4,10,1,2
80630371,1339,2,private,1,1,57,10,3.0,0.76,48,0,0,48,1,1,4,1,True,1,1,3,1,2,2
80630371,1340,2,private,1,1,77,12,3.0,0.82,35,0,0,35,1,1,4,1,True,1,1,3,5,2,2
90300011,1341,1,transit,1,1,99,39,12.0,3.55,43,0,0,43,2,2,5,1,True,1,1,3,1,2,3
90300012,1342,1,transit,1,1,103,38,12.0,3.52,55,0,1,55,2,2,5,1,True,1,1,3,1,2,3
90300013,1343,1,transit,1,1,36,12,3.0,0.84,12,0,1,12,2,1,3,2,True,1,1,4,3,1,1
90300075,1344,2,private,1,1,108,24,82.0,2.32,54,8,2,62,1,1,4,2,False,1,1,3,1,2,5
90300075,1345,2,private,1,1,124,24,82.0,2.4,89,2,1,91,1,1,4,2,False,1,1,3,1,2,5
90300114,1346,2,private,1,1,111,27,8.4,3.17,22,12,2,34,2,2,6,1,True,1,2,3,1,2,4
90300114,1347,2,private,1,1,85,19,72.0,1.35,52,0,1,52,2,2,6,1,True,1,2,3,2,2,4
90300122,1348,2,private,1,1,53,7,7.2,0.53,15,8,1,23,2,2,2,2,False,1,1,2,7,1,2
90300157,1349,2,private,1,1,96,30,123.0,0.84,54,0,2,54,1,1,3,1,False,1,1,4,3,2,2
90300158,1350,2,private,1,1,101,27,82.0,2.08,60,0,2,60,1,1,3,2,False,1,1,4,3,2,2
90300161,1351,2,private,1,1,134,36,23.6,4.61,30,18,3,48,1,1,3,1,False,1,1,4,3,1,2
90300284,1352,2,private,1,1,157,36,11.4,3.8,67,8,3,75,2,1,4,1,False,1,1,3,1,1,1
90300309,1353,1,transit,1,1,91,20,6.0,2.11,34,0,0,34,2,2,3,1,True,1,2,2,1,1,1
90300331,1354,2,private,1,1,106,21,12.0,2.11,55,0,0,55,2,1,4,1,True,1,1,4,1,2,2
90300336,1355,2,private,1,1,84,16,46.0,1.2,78,0,0,78,2,2,3,1,True,0,1,2,7,0,1
90300344,1356,2,private,1,1,137,43,8.4,3.6,65,3,1,68,2,1,3,2,True,1,2,4,1,1,1
90300344,1357,2,private,1,1,155,35,6.0,2.79,88,14,1,102,2,1,3,2,True,1,2,4,5,1,1
90300346,1358,2,private,1,1,69,23,6.0,2.07,41,2,2,43,1,1,5,1,True,1,2,3,1,1,4
90300367,1359,2,private,1,1,177,34,9.0,2.95,52,11,1,63,2,1,4,2,False,1,1,3,1,1,1
90300375,1360,1,transit,1,1,58,19,4.4,1.52,20,0,1,20,2,2,6,1,True,1,1,3,1,2,4
90300385,1361,2,private,1,1,562,338,171.0,47.21,107,67,10,174,1,2,5,2,True,1,1,1,1,2,2
90300423,1362,2,private,1,1,36,13,3.0,0.94,10,0,1,10,2,1,5,1,False,1,1,4,2,1,2
90300470,1363,2,private,1,1,86,23,7.4,1.65,44,0,2,44,2,1,5,1,True,1,2,2,1,1,4
90300470,1364,2,private,1,1,185,53,49.0,3.82,55,29,3,84,2,1,5,1,True,1,2,2,7,1,4
90300496,1365,2,private,1,1,61,24,86.0,1.82,32,0,0,32,2,1,5,2,False,1,2,2,1,1,4
90300496,1366,2,private,1,1,97,32,46.0,2.31,20,20,3,40,2,1,5,2,False,1,2,2,6,1,4
90300557,1367,1,transit,1,1,58,18,6.0,1.64,25,0,1,25,2,1,3,1,True,1,1,4,2,1,2
90300557,1368,2,private,1,1,150,28,12.6,1.96,92,9,3,101,2,1,3,1,True,1,1,4,5,1,2
90300827,1369,2,private,1,1,45,13,7.4,1.13,21,0,0,21,1,1,6,1,True,1,2,3,4,2,2
90300827,1370,2,private,1,1,268,163,70.4,21.86,59,22,7,81,1,1,6,1,True,1,2,3,1,2,2
90300837,1371,2,private,1,1,88,19,4.4,1.45,36,8,2,44,1,1,6,2,True,1,1,3,1,2,2
90300838,1372,2,private,1,1,207,45,17.0,5.49,89,16,3,105,1,1,6,1,True,1,2,3,1,2,2
90300909,1373,2,private,1,1,130,35,10.6,3.67,47,14,4,61,2,1,6,2,False,1,2,2,1,2,2
90301034,1374,1,transit,1,1,65,22,6.0,1.96,30,0,0,30,2,1,3,1,True,1,1,4,7,1,2
90301035,1375,2,private,1,1,33,5,4.4,0.4,20,0,0,20,2,1,3,1,True,1,3,4,2,1,2
90301035,1376,2,private,1,1,92,25,4.4,2.11,54,0,0,54,2,1,3,1,True,1,3,4,3,1,2
90301060,1377,2,private,1,1,25,17,2.2,1.18,7,0,0,7,1,1,2,2,False,1,1,4,5,1,1
90301084,1378,1,transit,1,1,115,48,12.8,3.96,32,10,2,42,1,1,4,1,True,1,1,4,7,2,2
90301094,1379,2,private,1,1,21,8,3.0,0.56,10,0,1,10,1,1,3,1,True,1,2,4,6,1,1
90301094,1380,2,private,1,1,29,10,3.0,0.73,10,2,1,12,1,1,3,1,True,1,2,4,2,1,1
90301125,1381,1,transit,1,1,35,11,4.4,1.0,11,0,1,11,2,1,4,2,True,1,1,4,1,1,1
90301125,1382,1,transit,1,1,40,13,2.2,1.11,14,0,0,14,2,1,4,2,True,1,1,4,1,1,1
90301139,1383,2,private,1,1,144,78,31.2,9.38,23,4,4,27,2,1,4,1,False,1,1,3,1,2,2
90302015,1384,1,transit,1,1,32,12,3.0,0.95,10,1,1,11,2,2,5,2,True,0,1,1,1,1,4
90302017,1385,1,transit,1,1,20,7,3.0,0.49,10,0,0,10,2,2,5,1,True,1,1,1,1,1,4
90320178,1386,1,transit,1,1,382,262,138.0,36.33,46,15,4,61,1,1,4,1,True,1,1,2,7,1,5
90320344,1387,1,transit,1,1,41,15,6.0,1.02,16,0,0,16,1,1,5,2,True,1,2,3,2,2,5
90320350,1388,1,transit,1,1,264,161,73.0,20.72,42,16,1,58,1,1,1,1,True,1,2,4,1,2,2
90320365,1389,1,transit,1,1,27,15,3.0,0.88,14,0,0,14,2,2,6,1,True,1,1,4,2,1,2
90320365,1390,1,transit,1,1,27,15,3.0,0.88,14,0,0,14,2,2,6,1,True,1,1,4,3,1,2
90320365,1391,1,transit,1,1,27,15,3.0,0.88,14,0,0,14,2,2,6,1,True,1,1,4,2,1,2
90320388,1392,2,private,1,1,107,45,12.8,4.39,30,10,2,40,2,2,6,1,True,1,2,2,1,2,5
90320388,1393,2,private,1,1,17,2,3.0,0.16,14,0,0,14,2,2,6,1,True,1,2,2,7,2,5
90320388,1394,2,private,1,1,15,2,3.0,0.16,14,0,0,14,2,2,6,1,True,1,2,2,7,2,5
90320388,1395,2,private,1,1,123,45,12.8,4.39,28,21,3,49,2,2,6,1,True,1,2,2,1,2,5
90320450,1396,2,private,1,1,45,10,3.0,0.69,20,4,1,24,2,2,3,1,True,1,1,3,10,1,1
90320450,1397,2,private,1,1,64,99,4.2,13.38,29,3,1,32,2,2,3,1,True,1,1,3,5,1,1
90320450,1398,2,private,1,1,45,10,3.0,0.69,20,4,1,24,2,2,3,1,True,1,1,3,2,1,1
90320560,1399,2,private,1,1,49,26,6.0,1.8,22,0,0,22,2,1,4,1,True,1,1,3,5,1,2
90320560,1400,1,transit,1,1,75,30,6.0,1.98,23,4,1,27,2,1,4,1,True,1,1,3,1,1,2
90320623,1401,1,transit,1,1,55,24,4.2,1.89,16,2,1,18,2,2,2,2,True,1,1,3,7,1,2
90320643,1402,1,transit,1,1,54,26,6.0,1.8,21,4,2,25,2,1,3,2,True,1,1,3,2,1,1
90320647,1403,1,transit,1,1,76,18,51.8,1.27,32,2,1,34,2,1,5,2,True,1,1,3,6,1,3
90320660,1404,2,private,1,1,99,32,61.8,2.81,35,5,1,40,2,1,6,1,False,1,1,4,6,2,2
90320676,1405,1,transit,1,1,198,90,27.6,11.21,40,36,3,76,1,2,6,1,True,1,0,1,2,1,5
90320677,1406,1,transit,1,1,55,25,6.0,1.74,25,0,0,25,1,1,6,1,True,1,2,3,1,1,5
90320677,1407,1,transit,1,1,55,25,6.0,1.74,25,0,0,25,1,1,6,1,True,1,2,3,1,1,5
90320680,1408,1,transit,1,1,52,28,6.0,1.68,22,2,1,24,1,1,5,2,True,1,2,4,7,1,2
90320680,1409,1,transit,1,1,56,18,6.0,1.26,40,0,0,40,1,1,5,2,True,1,2,4,7,1,2
90320692,1410,1,transit,1,1,116,38,14.2,2.53,55,2,1,57,1,2,6,2,True,1,1,1,1,2,4
90320693,1411,1,transit,1,1,57,25,6.0,1.71,24,0,9,24,1,1,6,1,True,1,1,3,1,2,4
90320693,1412,1,transit,1,1,54,25,6.0,1.71,24,0,0,24,1,1,6,1,True,1,1,3,1,2,4
90320700,1413,1,transit,1,1,28,16,3.0,1.17,9,4,2,13,1,1,4,2,True,1,1,2,1,1,2
90320713,1414,2,private,1,1,190,48,12.8,4.37,67,29,4,96,2,2,3,2,False,1,2,2,1,1,1
90320760,1415,1,transit,1,1,508,303,113.4,31.37,98,70,4,168,1,1,4,1,True,0,1,4,3,0,2
90320770,1416,1,transit,1,1,55,25,6.0,1.57,23,4,1,27,2,2,4,2,True,0,1,1,1,1,4
90320828,1417,1,transit,1,1,50,27,6.0,1.8,24,15,0,39,1,1,1,2,True,0,1,4,2,0,1
90320844,1418,1,transit,1,1,25,15,3.0,0.88,11,0,0,11,1,1,3,2,True,0,2,4,1,2,3
90320845,1419,2,private,1,1,42,17,3.0,1.22,11,4,1,15,1,1,3,1,True,1,2,4,3,2,3
90321032,1420,1,transit,1,1,73,31,3.0,3.33,15,14,1,29,1,1,4,1,True,1,1,4,6,1,2
90321063,1421,1,transit,1,1,50,24,6.0,1.69,48,2,1,50,2,1,3,1,True,1,2,3,1,1,1
90321110,1422,1,transit,1,1,337,260,136.8,37.01,43,0,3,43,1,1,6,1,True,1,3,3,7,1,2
90321111,1423,2,private,1,1,57,10,6.0,0.7,39,4,1,43,1,1,6,2,True,1,2,3,1,1,2
90321235,1424,2,private,1,1,84,28,10.4,3.74,22,4,2,26,1,1,6,1,True,1,2,4,7,2,2
90321235,1425,2,private,1,1,81,25,6.0,1.74,31,4,1,35,1,1,6,1,True,1,2,4,6,2,2
90321290,1426,2,private,1,1,96,33,9.0,2.56,43,4,4,47,2,2,3,1,False,1,1,2,7,1,1
90321290,1427,2,private,1,1,204,15,66.6,1.2,22,27,4,49,2,2,3,1,False,1,1,2,6,1,1
90321321,1428,2,private,1,1,60,20,6.0,1.38,16,5,1,21,1,1,6,2,True,1,2,3,4,1,4
90321322,1429,1,transit,1,1,57,28,6.0,1.9,23,2,2,25,1,1,6,1,True,1,3,3,1,1,4
90321322,1430,2,private,1,1,90,28,6.0,2.02,37,5,2,42,1,1,6,1,True,1,3,3,3,1,4
90321326,1431,1,transit,1,1,78,30,8.2,2.17,45,0,0,45,1,1,3,2,True,0,2,2,2,0,3
92460049,1432,1,transit,1,1,37,20,8.4,1.56,10,0,0,10,1,1,5,2,True,0,1,1,1,1,4
92460083,1433,2,private,1,1,258,17,7.2,1.41,107,47,3,154,1,1,2,2,False,1,1,2,7,1,5
92460117,1434,2,private,1,1,218,50,7.2,5.92,27,44,4,71,1,1,5,2,True,1,1,2,5,2,4
92460119,1435,2,private,1,1,113,33,10.4,2.37,30,42,2,72,1,2,4,2,False,1,2,3,3,1,4
92460119,1436,2,private,1,1,48,15,8.4,1.47,18,3,1,21,1,2,4,2,False,1,2,3,4,1,4
92460121,1437,2,private,1,1,179,61,31.0,32.96,81,22,3,103,1,1,5,1,False,1,2,3,1,2,4
92460123,1438,1,transit,1,1,101,32,10.6,3.52,44,3,2,47,1,1,5,1,True,1,2,2,1,1,5
92460171,1439,2,private,1,1,145,28,8.4,2.1,54,61,2,115,1,1,3,1,True,1,1,4,4,1,2
92460172,1440,2,private,1,1,92,24,8.4,1.79,42,14,1,56,1,1,3,2,True,1,1,3,2,1,2
92460172,1441,2,private,1,1,57,15,7.2,1.11,38,0,0,38,1,1,3,2,True,1,1,3,5,1,2
92460263,1442,2,private,1,1,30,9,4.2,0.7,24,0,0,24,1,1,3,2,False,1,0,2,4,2,4
92460281,1443,2,private,1,1,147,26,15.4,1.91,55,41,4,96,1,1,4,2,False,1,1,2,5,2,2
92460281,1444,2,private,1,1,175,45,12.8,4.72,77,8,4,85,1,1,4,2,False,1,1,2,1,2,2
92460282,1445,2,private,1,1,148,48,12.8,5.18,49,24,4,73,1,1,4,1,True,1,1,3,1,2,2
92460355,1446,2,private,1,1,163,34,16.8,3.27,67,38,4,105,1,2,6,2,False,1,1,1,1,2,4
92460355,1447,2,private,1,1,119,14,11.4,1.26,73,5,1,78,1,2,6,2,False,1,1,1,5,2,4
92460361,1448,2,private,1,1,150,184,17.4,22.91,89,14,1,103,2,2,3,2,True,1,2,2,4,1,5
92460438,1449,2,private,1,1,150,24,8.4,1.79,86,23,1,109,1,1,1,2,True,1,1,2,1,2,2
92460449,1450,2,private,1,1,112,27,10.6,3.27,41,13,3,54,1,1,4,1,True,1,1,4,1,1,4
92460449,1451,2,private,1,1,121,27,10.6,3.27,41,27,4,68,1,1,4,1,True,1,1,4,1,1,4
92460612,1452,2,private,1,1,224,54,33.6,5.62,72,23,4,95,1,1,4,1,False,1,1,2,1,2,5
92460615,1453,1,transit,1,1,228,70,20.8,5.07,38,46,7,84,1,2,4,2,True,0,1,1,1,2,5
92460616,1454,1,transit,1,1,149,28,8.4,1.95,26,60,4,86,1,2,4,1,True,0,0,1,1,2,5
92460638,1455,2,private,1,1,31,8,8.4,0.6,18,0,0,18,1,1,4,2,True,1,1,3,2,1,2
92460717,1456,2,private,1,1,86,16,4.2,1.2,13,30,4,43,1,1,2,1,True,1,1,4,7,1,2
92460719,1457,2,private,1,1,115,41,12.8,4.68,37,2,4,39,1,2,6,1,True,1,1,2,1,2,3
92460779,1458,1,transit,1,1,65,18,16.8,1.32,30,0,0,30,1,1,3,2,True,1,1,3,3,1,1
92460819,1459,2,private,1,1,236,20,8.4,1.52,95,76,7,171,2,2,1,2,False,1,1,4,3,1,1
92460819,1460,2,private,1,1,155,27,15.4,2.37,98,21,3,119,2,2,1,2,False,1,1,4,6,1,1
95240035,1461,2,private,1,1,59,31,22.6,3.58,16,5,2,21,1,1,4,1,False,1,1,3,1,2,5
95240036,1462,2,private,1,1,27,7,4.2,0.49,15,0,0,15,1,1,1,2,False,1,1,3,1,2,5
95240129,1463,2,private,1,1,275,71,36.6,6.35,120,57,3,177,2,2,3,2,True,1,1,4,1,1,1
95240137,1464,2,private,1,1,35,7,4.2,0.74,7,1,1,8,1,1,3,2,True,1,1,3,1,2,4
95240138,1465,2,private,1,1,42,7,4.2,0.56,13,0,0,13,1,1,3,1,False,0,1,2,1,2,4
95240219,1466,1,transit,1,1,194,97,60.2,11.76,52,7,4,59,1,1,4,1,True,1,1,3,1,2,2
95240220,1467,1,transit,1,1,194,109,60.2,12.36,52,9,4,61,1,1,4,1,True,1,1,3,1,2,2
95240253,1468,2,private,1,1,45,6,4.2,0.43,21,1,1,22,2,2,4,2,False,1,1,4,1,1,1
95240283,1469,1,transit,1,1,88,30,8.4,2.04,21,10,3,31,2,2,3,1,True,1,1,3,1,1,4
95240293,1470,2,private,1,1,64,17,8.4,1.25,37,0,0,37,2,2,3,2,True,1,2,1,2,1,4
95240294,1471,2,private,1,1,315,138,43.6,11.36,73,18,6,91,2,2,3,2,True,1,2,1,6,1,4
95240296,1472,2,private,1,1,58,20,6.4,1.52,19,3,2,22,2,2,3,2,True,1,1,2,5,1,4
95240328,1473,1,transit,1,1,304,233,137.6,33.09,30,23,4,53,1,1,5,1,True,1,1,4,3,1,2
95240344,1474,2,private,1,1,72,16,6.0,1.22,30,2,1,32,2,2,3,1,False,1,1,1,1,1,3
95240344,1475,2,private,1,1,138,69,25.2,4.85,44,9,2,53,2,2,3,1,False,1,1,1,4,1,3
95240363,1476,1,transit,1,1,213,76,20.8,8.35,52,42,4,94,2,2,5,1,True,1,2,1,1,1,2
95240420,1477,1,transit,1,1,114,44,16.8,5.1,26,7,4,33,1,2,2,2,True,1,1,2,1,1,4
95240420,1478,1,transit,1,1,287,198,110.2,27.93,22,16,2,38,1,2,2,2,True,1,1,2,4,1,4
95240423,1479,2,private,1,1,176,41,20.0,3.67,41,43,5,84,2,2,4,2,True,1,2,1,2,1,2
95240423,1480,2,private,1,1,48,17,6.4,1.29,21,2,1,23,2,2,4,2,True,1,2,1,1,1,2
95240424,1481,1,transit,1,1,137,40,22.8,4.1,34,8,4,42,2,2,5,1,True,1,1,1,1,1,2
95240431,1482,2,private,1,1,33,2,6.0,0.28,29,0,0,29,2,2,1,2,False,1,1,3,2,1,1
95240431,1483,2,private,1,1,170,24,19.8,1.78,54,40,2,94,2,2,1,2,False,1,1,3,2,1,1
95240431,1484,2,private,1,1,53,19,4.2,1.58,21,8,2,29,2,2,1,2,False,1,1,3,6,1,1
95240439,1485,2,private,1,1,189,50,15.8,4.07,90,13,3,103,2,2,6,1,True,1,2,2,1,2,2
95240444,1486,2,private,1,1,225,78,16.8,5.81,121,17,6,138,2,2,5,1,False,1,0,2,1,2,5
95240444,1487,2,private,1,1,122,42,16.4,5.48,18,14,3,32,2,2,5,1,False,1,0,2,6,2,5
95240547,1488,2,private,1,1,335,110,56.2,12.61,103,48,5,151,2,1,6,1,True,1,2,2,1,2,4
95240585,1489,1,transit,1,1,354,119,52.2,18.84,34,100,8,134,2,1,2,1,True,1,1,4,3,1,2
95240586,1490,1,transit,1,1,290,129,58.4,18.8,26,72,10,98,2,1,2,2,True,0,1,4,3,1,2
95240643,1491,2,private,1,1,120,29,12.4,3.33,21,32,3,53,2,1,3,2,True,1,1,4,4,1,1
95240671,1492,2,private,1,1,87,14,7.2,1.12,53,0,0,53,2,2,5,2,False,1,1,1,1,1,2
95240671,1493,2,private,1,1,191,34,14.8,3.38,108,23,3,131,2,2,5,2,False,1,1,1,1,1,2
95240679,1494,2,private,1,1,113,58,14.4,4.96,25,16,3,41,2,2,4,1,True,1,2,2,3,2,3
95240835,1495,1,transit,1,1,26,8,4.2,0.71,14,0,0,14,1,1,2,2,True,1,1,3,2,1,1
95240891,1496,2,private,1,1,19,4,0.0,0.36,19,0,0,19,1,1,5,1,False,1,1,4,2,2,2
95240987,1497,1,transit,1,1,50,20,9.8,1.67,20,0,0,20,1,1,2,2,True,0,1,3,7,0,1
95241061,1498,1,transit,1,1,745,388,184.8,43.32,26,88,14,114,1,1,3,1,True,1,1,4,6,1,2
95241108,1499,2,private,1,1,231,78,29.2,9.44,68,43,5,111,1,1,5,1,False,1,1,4,5,1,2
96040078,1500,1,transit,1,1,141,10,21.2,0.66,52,35,3,87,1,1,3,1,False,1,1,3,1,2,2
96040108,1501,2,private,1,1,115,16,8.4,1.23,70,0,2,70,1,2,6,2,False,1,2,2,3,2,4
96040213,1502,2,private,1,1,50,20,8.4,1.46,25,3,1,28,2,1,4,1,False,1,1,3,1,2,2
96040214,1503,2,private,1,1,25,15,4.2,1.09,9,0,0,9,2,1,4,2,False,1,1,4,1,2,2
96040311,1504,2,private,1,1,156,28,12.8,2.21,104,2,2,106,2,2,4,2,False,1,1,4,2,1,2
96040355,1505,2,private,1,1,118,40,10.4,4.25,14,28,3,42,1,1,6,1,True,1,2,3,1,1,5
96040363,1506,2,private,1,1,56,15,4.2,1.11,20,16,2,36,1,1,4,2,False,1,1,3,2,2,2
96040363,1507,2,private,1,1,46,10,4.2,0.75,14,9,1,23,1,1,4,2,False,1,1,3,10,2,2
96040369,1508,2,private,1,1,9,2,2.2,0.14,9,0,0,9,1,1,6,1,False,1,1,3,1,2,3
96040370,1509,1,transit,1,1,117,37,25.4,2.98,53,4,2,57,1,1,6,2,True,1,1,3,1,2,3
96040381,1510,1,transit,1,1,111,46,24.0,5.74,17,15,3,32,1,1,6,2,True,1,0,1,1,2,5
96040382,1511,1,transit,1,1,41,15,4.2,1.59,7,9,1,16,1,1,6,1,True,1,1,1,1,2,5
96040427,1512,2,private,1,1,219,70,37.4,5.18,74,62,3,136,1,1,3,2,False,1,2,3,1,2,2
96040433,1513,2,private,1,1,84,17,6.0,1.3,66,0,0,66,1,1,4,2,False,1,1,2,5,2,2
96040452,1514,1,transit,1,1,91,19,6.0,1.42,73,0,0,73,1,1,3,2,True,0,1,1,1,2,4
96040496,1515,2,private,1,1,106,29,12.4,2.69,36,18,2,54,1,2,6,2,True,1,3,3,1,1,2
96040515,1516,2,private,1,1,202,19,12.6,1.36,76,41,4,117,1,1,5,1,False,1,1,4,7,2,2
96040531,1517,2,private,1,1,148,40,10.4,3.92,28,69,4,97,1,2,2,2,False,1,1,2,1,1,5
96040537,1518,2,private,1,1,139,43,14.4,3.18,116,0,0,116,1,1,4,2,False,1,1,3,4,2,5
96040537,1519,2,private,1,1,71,12,6.0,0.94,57,0,0,57,1,1,4,2,False,1,1,3,4,2,5
96040538,1520,2,private,1,1,118,24,11.4,1.77,70,10,2,80,1,1,4,1,False,1,1,3,7,2,5
96040538,1521,2,private,1,1,140,28,12.6,2.23,53,23,3,76,1,1,4,1,False,1,1,3,1,2,5
