id,obs_id,choice,chosen_alt,av_1,av_2,av_3,at1,at2,at3,td1,td2,td3,fee1,fee2,fee3,total_access_fsp,total_access_psp,total_access_pup,scenario,incm,gender,resident,oint,dint,odint,age,aveh,income
1,1,1,FSP,1,1,1,10,10,5,10,10,10,0,0.6,0.8,20,20,15,1,900,1,1,0,1,0,2,1,1
1,2,1,FSP,1,1,1,10,10,5,15,15,10,0,0.6,0.8,25,25,15,2,900,1,1,0,1,0,2,1,1
1,3,1,FSP,1,1,1,15,10,5,15,10,10,0,0.8,0.8,30,20,15,3,900,1,1,0,1,0,2,1,1
1,4,1,FSP,1,1,1,15,10,5,10,15,10,0,0.8,0.8,25,25,15,4,900,1,1,0,1,0,2,1,1
1,5,1,FSP,1,1,1,15,10,5,15,10,10,0,0.6,1.5,30,20,15,5,900,1,1,0,1,0,2,1,1
1,6,1,FSP,1,1,1,15,10,5,10,15,10,0,0.6,1.5,25,25,15,6,900,1,1,0,1,0,2,1,1
1,7,1,FSP,1,1,1,10,10,5,10,10,10,0,0.8,1.5,20,20,15,7,900,1,1,0,1,0,2,1,1
1,8,1,FSP,1,1,1,10,10,5,15,15,10,0,0.8,1.5,25,25,15,8,900,1,1,0,1,0,2,1,1
3,9,3,PUP,1,1,1,10,10,5,10,10,10,0,0.6,0.8,20,20,15,1,900,0,1,1,1,1,4,1,1
3,10,3,PUP,1,1,1,10,10,5,15,15,10,0,0.6,0.8,25,25,15,2,900,0,1,1,1,1,4,1,1
3,11,3,PUP,1,1,1,15,10,5,15,10,10,0,0.8,0.8,30,20,15,3,900,0,1,1,1,1,4,1,1
3,12,3,PUP,1,1,1,15,10,5,10,15,10,0,0.8,0.8,25,25,15,4,900,0,1,1,1,1,4,1,1
3,13,2,PSP,1,1,1,15,10,5,15,10,10,0,0.6,1.5,30,20,15,5,900,0,1,1,1,1,4,1,1
3,14,2,PSP,1,1,1,15,10,5,10,15,10,0,0.6,1.5,25,25,15,6,900,0,1,1,1,1,4,1,1
3,15,1,FSP,1,1,1,10,10,5,10,10,10,0,0.8,1.5,20,20,15,7,900,0,1,1,1,1,4,1,1
3,16,1,FSP,1,1,1,10,10,5,15,15,10,0,0.8,1.5,25,25,15,8,900,0,1,1,1,1,4,1,1
4,17,3,PUP,1,1,1,10,10,5,10,10,10,0,0.6,0.8,20,20,15,1,900,0,1,1,1,1,3,1,1
4,18,3,PUP,1,1,1,10,10,5,15,15,10,0,0.6,0.8,25,25,15,2,900,0,1,1,1,1,3,1,1
4,19,3,PUP,1,1,1,15,10,5,15,10,10,0,0.8,0.8,30,20,15,3,900,0,1,1,1,1,3,1,1
4,20,3,PUP,1,1,1,15,10,5,10,15,10,0,0.8,0.8,25,25,15,4,900,0,1,1,1,1,3,1,1
4,21,2,PSP,1,1,1,15,10,5,15,10,10,0,0.6,1.5,30,20,15,5,900,0,1,1,1,1,3,1,1
4,22,2,PSP,1,1,1,15,10,5,10,15,10,0,0.6,1.5,25,25,15,6,900,0,1,1,1,1,3,1,1
4,23,1,FSP,1,1,1,10,10,5,10,10,10,0,0.8,1.5,20,20,15,7,900,0,1,1,1,1,3,1,1
4,24,1,FSP,1,1,1,10,10,5,15,15,10,0,0.8,1.5,25,25,15,8,900,0,1,1,1,1,3,1,1
5,25,1,FSP,1,1,1,10,10,5,10,10,10,0,0.6,0.8,20,20,15,1,900,0,0,0,1,0,4,1,1
5,26,1,FSP,1,1,1,10,10,5,15,15,10,0,0.6,0.8,25,25,15,2,900,0,0,0,1,0,4,1,1
5,27,1,FSP,1,1,1,15,10,5,15,10,10,0,0.8,0.8,30,20,15,3,900,0,0,0,1,0,4,1,1
5,28,1,FSP,1,1,1,15,10,5,10,15,10,0,0.8,0.8,25,25,15,4,900,0,0,0,1,0,4,1,1
5,29,1,FSP,1,1,1,15,10,5,15,10,10,0,0.6,1.5,30,20,15,5,900,0,0,0,1,0,4,1,1
5,30,1,FSP,1,1,1,15,10,5,10,15,10,0,0.6,1.5,25,25,15,6,900,0,0,0,1,0,4,1,1
5,31,1,FSP,1,1,1,10,10,5,10,10,10,0,0.8,1.5,20,20,15,7,900,0,0,0,1,0,4,1,1
5,32,1,FSP,1,1,1,10,10,5,15,15,10,0,0.8,1.5,25,25,15,8,900,0,0,0,1,0,4,1,1
6,33,1,FSP,1,1,1,10,10,5,10,10,10,0,0.6,0.8,20,20,15,1,300,1,1,0,1,0,1,1,1
6,34,1,FSP,1,1,1,10,10,5,15,15,10,0,0.6,0.8,25,25,15,2,300,1,1,0,1,0,1,1,1
6,35,1,FSP,1,1,1,15,10,5,15,10,10,0,0.8,0.8,30,20,15,3,300,1,1,0,1,0,1,1,1
6,36,1,FSP,1,1,1,15,10,5,10,15,10,0,0.8,0.8,25,25,15,4,300,1,1,0,1,0,1,1,1
6,37,1,FSP,1,1,1,15,10,5,15,10,10,0,0.6,1.5,30,20,15,5,300,1,1,0,1,0,1,1,1
6,38,1,FSP,1,1,1,15,10,5,10,15,10,0,0.6,1.5,25,25,15,6,300,1,1,0,1,0,1,1,1
6,39,1,FSP,1,1,1,10,10,5,10,10,10,0,0.8,1.5,20,20,15,7,300,1,1,0,1,0,1,1,1
6,40,1,FSP,1,1,1,10,10,5,15,15,10,0,0.8,1.5,25,25,15,8,300,1,1,0,1,0,1,1,1
7,41,3,PUP,1,1,1,10,10,5,10,10,10,0,0.6,0.8,20,20,15,1,1800,0,1,1,1,1,2,1,2
7,42,3,PUP,1,1,1,10,10,5,15,15,10,0,0.6,0.8,25,25,15,2,1800,0,1,1,1,1,2,1,2
7,43,3,PUP,1,1,1,15,10,5,15,10,10,0,0.8,0.8,30,20,15,3,1800,0,1,1,1,1,2,1,2
7,44,3,PUP,1,1,1,15,10,5,10,15,10,0,0.8,0.8,25,25,15,4,1800,0,1,1,1,1,2,1,2
7,45,3,PUP,1,1,1,15,10,5,15,10,10,0,0.6,1.5,30,20,15,5,1800,0,1,1,1,1,2,1,2
7,46,3,PUP,1,1,1,15,10,5,10,15,10,0,0.6,1.5,25,25,15,6,1800,0,1,1,1,1,2,1,2
7,47,1,FSP,1,1,1,10,10,5,10,10,10,0,0.8,1.5,20,20,15,7,1800,0,1,1,1,1,2,1,2
7,48,3,PUP,1,1,1,10,10,5,15,15,10,0,0.8,1.5,25,25,15,8,1800,0,1,1,1,1,2,1,2
8,49,3,PUP,1,1,1,10,10,5,10,10,10,0,0.6,0.8,20,20,15,1,900,0,0,0,1,0,3,2,1
8,50,3,PUP,1,1,1,10,10,5,15,15,10,0,0.6,0.8,25,25,15,2,900,0,0,0,1,0,3,2,1
8,51,3,PUP,1,1,1,15,10,5,15,10,10,0,0.8,0.8,30,20,15,3,900,0,0,0,1,0,3,2,1
8,52,3,PUP,1,1,1,15,10,5,10,15,10,0,0.8,0.8,25,25,15,4,900,0,0,0,1,0,3,2,1
8,53,2,PSP,1,1,1,15,10,5,15,10,10,0,0.6,1.5,30,20,15,5,900,0,0,0,1,0,3,2,1
8,54,1,FSP,1,1,1,15,10,5,10,15,10,0,0.6,1.5,25,25,15,6,900,0,0,0,1,0,3,2,1
8,55,1,FSP,1,1,1,10,10,5,10,10,10,0,0.8,1.5,20,20,15,7,900,0,0,0,1,0,3,2,1
8,56,1,FSP,1,1,1,10,10,5,15,15,10,0,0.8,1.5,25,25,15,8,900,0,0,0,1,0,3,2,1
9,57,1,FSP,1,1,1,10,10,5,10,10,10,0,0.6,0.8,20,20,15,1,300,0,0,0,1,0,6,1,1
9,58,1,FSP,1,1,1,10,10,5,15,15,10,0,0.6,0.8,25,25,15,2,300,0,0,0,1,0,6,1,1
9,59,1,FSP,1,1,1,15,10,5,15,10,10,0,0.8,0.8,30,20,15,3,300,0,0,0,1,0,6,1,1
9,60,1,FSP,1,1,1,15,10,5,10,15,10,0,0.8,0.8,25,25,15,4,300,0,0,0,1,0,6,1,1
9,61,1,FSP,1,1,1,15,10,5,15,10,10,0,0.6,1.5,30,20,15,5,300,0,0,0,1,0,6,1,1
9,62,1,FSP,1,1,1,15,10,5,10,15,10,0,0.6,1.5,25,25,15,6,300,0,0,0,1,0,6,1,1
9,63,1,FSP,1,1,1,10,10,5,10,10,10,0,0.8,1.5,20,20,15,7,300,0,0,0,1,0,6,1,1
9,64,1,FSP,1,1,1,10,10,5,15,15,10,0,0.8,1.5,25,25,15,8,300,0,0,0,1,0,6,1,1
10,65,1,FSP,1,1,1,10,10,5,10,10,10,0,0.6,0.8,20,20,15,1,900,0,1,1,1,1,4,1,1
10,66,1,FSP,1,1,1,10,10,5,15,15,10,0,0.6,0.8,25,25,15,2,900,0,1,1,1,1,4,1,1
10,67,1,FSP,1,1,1,15,10,5,15,10,10,0,0.8,0.8,30,20,15,3,900,0,1,1,1,1,4,1,1
10,68,1,FSP,1,1,1,15,10,5,10,15,10,0,0.8,0.8,25,25,15,4,900,0,1,1,1,1,4,1,1
10,69,1,FSP,1,1,1,15,10,5,15,10,10,0,0.6,1.5,30,20,15,5,900,0,1,1,1,1,4,1,1
10,70,1,FSP,1,1,1,15,10,5,10,15,10,0,0.6,1.5,25,25,15,6,900,0,1,1,1,1,4,1,1
10,71,1,FSP,1,1,1,10,10,5,10,10,10,0,0.8,1.5,20,20,15,7,900,0,1,1,1,1,4,1,1
10,72,1,FSP,1,1,1,10,10,5,15,15,10,0,0.8,1.5,25,25,15,8,900,0,1,1,1,1,4,1,1
11,73,3,PUP,1,1,1,10,10,5,10,10,10,0,0.6,0.8,20,20,15,1,900,0,1,0,1,0,1,1,1
11,74,3,PUP,1,1,1,10,10,5,15,15,10,0,0.6,0.8,25,25,15,2,900,0,1,0,1,0,1,1,1
11,75,3,PUP,1,1,1,15,10,5,15,10,10,0,0.8,0.8,30,20,15,3,900,0,1,0,1,0,1,1,1
11,76,3,PUP,1,1,1,15,10,5,10,15,10,0,0.8,0.8,25,25,15,4,900,0,1,0,1,0,1,1,1
11,77,2,PSP,1,1,1,15,10,5,15,10,10,0,0.6,1.5,30,20,15,5,900,0,1,0,1,0,1,1,1
11,78,1,FSP,1,1,1,15,10,5,10,15,10,0,0.6,1.5,25,25,15,6,900,0,1,0,1,0,1,1,1
11,79,1,FSP,1,1,1,10,10,5,10,10,10,0,0.8,1.5,20,20,15,7,900,0,1,0,1,0,1,1,1
11,80,1,FSP,1,1,1,10,10,5,15,15,10,0,0.8,1.5,25,25,15,8,900,0,1,0,1,0,1,1,1
12,81,1,FSP,1,1,1,10,10,5,10,10,10,0,0.6,0.8,20,20,15,1,300,0,1,1,1,1,5,1,1
12,82,1,FSP,1,1,1,10,10,5,15,15,10,0,0.6,0.8,25,25,15,2,300,0,1,1,1,1,5,1,1
12,83,1,FSP,1,1,1,15,10,5,15,10,10,0,0.8,0.8,30,20,15,3,300,0,1,1,1,1,5,1,1
12,84,1,FSP,1,1,1,15,10,5,10,15,10,0,0.8,0.8,25,25,15,4,300,0,1,1,1,1,5,1,1
12,85,1,FSP,1,1,1,15,10,5,15,10,10,0,0.6,1.5,30,20,15,5,300,0,1,1,1,1,5,1,1
12,86,1,FSP,1,1,1,15,10,5,10,15,10,0,0.6,1.5,25,25,15,6,300,0,1,1,1,1,5,1,1
12,87,1,FSP,1,1,1,10,10,5,10,10,10,0,0.8,1.5,20,20,15,7,300,0,1,1,1,1,5,1,1
12,88,1,FSP,1,1,1,10,10,5,15,15,10,0,0.8,1.5,25,25,15,8,300,0,1,1,1,1,5,1,1
13,89,3,PUP,1,1,1,10,10,5,10,10,10,0,0.6,0.8,20,20,15,1,1800,0,1,1,0,0,4,1,2
13,90,3,PUP,1,1,1,10,10,5,15,15,10,0,0.6,0.8,25,25,15,2,1800,0,1,1,0,0,4,1,2
13,91,3,PUP,1,1,1,15,10,5,15,10,10,0,0.8,0.8,30,20,15,3,1800,0,1,1,0,0,4,1,2
13,92,3,PUP,1,1,1,15,10,5,10,15,10,0,0.8,0.8,25,25,15,4,1800,0,1,1,0,0,4,1,2
13,93,2,PSP,1,1,1,15,10,5,15,10,10,0,0.6,1.5,30,20,15,5,1800,0,1,1,0,0,4,1,2
13,94,1,FSP,1,1,1,15,10,5,10,15,10,0,0.6,1.5,25,25,15,6,1800,0,1,1,0,0,4,1,2
13,95,1,FSP,1,1,1,10,10,5,10,10,10,0,0.8,1.5,20,20,15,7,1800,0,1,1,0,0,4,1,2
13,96,1,FSP,1,1,1,10,10,5,15,15,10,0,0.8,1.5,25,25,15,8,1800,0,1,1,0,0,4,1,2
14,97,1,FSP,1,1,1,10,10,5,10,10,10,0,0.6,0.8,20,20,15,1,900,0,0,0,1,0,2,1,1
14,98,1,FSP,1,1,1,10,10,5,15,15,10,0,0.6,0.8,25,25,15,2,900,0,0,0,1,0,2,1,1
14,99,1,FSP,1,1,1,15,10,5,15,10,10,0,0.8,0.8,30,20,15,3,900,0,0,0,1,0,2,1,1
14,100,1,FSP,1,1,1,15,10,5,10,15,10,0,0.8,0.8,25,25,15,4,900,0,0,0,1,0,2,1,1
14,101,1,FSP,1,1,1,15,10,5,15,10,10,0,0.6,1.5,30,20,15,5,900,0,0,0,1,0,2,1,1
14,102,1,FSP,1,1,1,15,10,5,10,15,10,0,0.6,1.5,25,25,15,6,900,0,0,0,1,0,2,1,1
14,103,1,FSP,1,1,1,10,10,5,10,10,10,0,0.8,1.5,20,20,15,7,900,0,0,0,1,0,2,1,1
14,104,1,FSP,1,1,1,10,10,5,15,15,10,0,0.8,1.5,25,25,15,8,900,0,0,0,1,0,2,1,1
15,105,3,PUP,1,1,1,10,10,5,10,10,10,0,0.6,0.8,20,20,15,1,1800,0,0,0,1,0,3,2,2
15,106,3,PUP,1,1,1,10,10,5,15,15,10,0,0.6,0.8,25,25,15,2,1800,0,0,0,1,0,3,2,2
15,107,3,PUP,1,1,1,15,10,5,15,10,10,0,0.8,0.8,30,20,15,3,1800,0,0,0,1,0,3,2,2
15,108,3,PUP,1,1,1,15,10,5,10,15,10,0,0.8,0.8,25,25,15,4,1800,0,0,0,1,0,3,2,2
15,109,2,PSP,1,1,1,15,10,5,15,10,10,0,0.6,1.5,30,20,15,5,1800,0,0,0,1,0,3,2,2
15,110,1,FSP,1,1,1,15,10,5,10,15,10,0,0.6,1.5,25,25,15,6,1800,0,0,0,1,0,3,2,2
15,111,1,FSP,1,1,1,10,10,5,10,10,10,0,0.8,1.5,20,20,15,7,1800,0,0,0,1,0,3,2,2
15,112,1,FSP,1,1,1,10,10,5,15,15,10,0,0.8,1.5,25,25,15,8,1800,0,0,0,1,0,3,2,2
16,113,1,FSP,1,1,1,10,10,5,10,10,10,0,0.6,0.8,20,20,15,1,300,0,1,0,1,0,3,1,1
16,114,1,FSP,1,1,1,10,10,5,15,15,10,0,0.6,0.8,25,25,15,2,300,0,1,0,1,0,3,1,1
16,115,1,FSP,1,1,1,15,10,5,15,10,10,0,0.8,0.8,30,20,15,3,300,0,1,0,1,0,3,1,1
16,116,1,FSP,1,1,1,15,10,5,10,15,10,0,0.8,0.8,25,25,15,4,300,0,1,0,1,0,3,1,1
16,117,1,FSP,1,1,1,15,10,5,15,10,10,0,0.6,1.5,30,20,15,5,300,0,1,0,1,0,3,1,1
16,118,1,FSP,1,1,1,15,10,5,10,15,10,0,0.6,1.5,25,25,15,6,300,0,1,0,1,0,3,1,1
16,119,1,FSP,1,1,1,10,10,5,10,10,10,0,0.8,1.5,20,20,15,7,300,0,1,0,1,0,3,1,1
16,120,1,FSP,1,1,1,10,10,5,15,15,10,0,0.8,1.5,25,25,15,8,300,0,1,0,1,0,3,1,1
17,121,1,FSP,1,1,1,10,10,5,10,10,10,0,0.6,0.8,20,20,15,1,900,1,1,1,1,1,2,2,1
17,122,1,FSP,1,1,1,10,10,5,15,15,10,0,0.6,0.8,25,25,15,2,900,1,1,1,1,1,2,2,1
17,123,1,FSP,1,1,1,15,10,5,15,10,10,0,0.8,0.8,30,20,15,3,900,1,1,1,1,1,2,2,1
17,124,1,FSP,1,1,1,15,10,5,10,15,10,0,0.8,0.8,25,25,15,4,900,1,1,1,1,1,2,2,1
17,125,1,FSP,1,1,1,15,10,5,15,10,10,0,0.6,1.5,30,20,15,5,900,1,1,1,1,1,2,2,1
17,126,1,FSP,1,1,1,15,10,5,10,15,10,0,0.6,1.5,25,25,15,6,900,1,1,1,1,1,2,2,1
17,127,1,FSP,1,1,1,10,10,5,10,10,10,0,0.8,1.5,20,20,15,7,900,1,1,1,1,1,2,2,1
17,128,1,FSP,1,1,1,10,10,5,15,15,10,0,0.8,1.5,25,25,15,8,900,1,1,1,1,1,2,2,1
18,129,3,PUP,1,1,1,10,10,5,10,10,10,0,0.6,0.8,20,20,15,1,900,0,0,0,1,0,3,1,1
18,130,3,PUP,1,1,1,10,10,5,15,15,10,0,0.6,0.8,25,25,15,2,900,0,0,0,1,0,3,1,1
18,131,3,PUP,1,1,1,15,10,5,15,10,10,0,0.8,0.8,30,20,15,3,900,0,0,0,1,0,3,1,1
18,132,3,PUP,1,1,1,15,10,5,10,15,10,0,0.8,0.8,25,25,15,4,900,0,0,0,1,0,3,1,1
18,133,1,FSP,1,1,1,15,10,5,15,10,10,0,0.6,1.5,30,20,15,5,900,0,0,0,1,0,3,1,1
18,134,1,FSP,1,1,1,15,10,5,10,15,10,0,0.6,1.5,25,25,15,6,900,0,0,0,1,0,3,1,1
18,135,1,FSP,1,1,1,10,10,5,10,10,10,0,0.8,1.5,20,20,15,7,900,0,0,0,1,0,3,1,1
18,136,1,FSP,1,1,1,10,10,5,15,15,10,0,0.8,1.5,25,25,15,8,900,0,0,0,1,0,3,1,1
19,137,1,FSP,1,1,1,10,10,5,10,10,10,0,0.6,0.8,20,20,15,1,900,0,0,0,1,0,4,1,1
19,138,1,FSP,1,1,1,10,10,5,15,15,10,0,0.6,0.8,25,25,15,2,900,0,0,0,1,0,4,1,1
19,139,1,FSP,1,1,1,15,10,5,15,10,10,0,0.8,0.8,30,20,15,3,900,0,0,0,1,0,4,1,1
19,140,1,FSP,1,1,1,15,10,5,10,15,10,0,0.8,0.8,25,25,15,4,900,0,0,0,1,0,4,1,1
19,141,1,FSP,1,1,1,15,10,5,15,10,10,0,0.6,1.5,30,20,15,5,900,0,0,0,1,0,4,1,1
19,142,1,FSP,1,1,1,15,10,5,10,15,10,0,0.6,1.5,25,25,15,6,900,0,0,0,1,0,4,1,1
19,143,1,FSP,1,1,1,10,10,5,10,10,10,0,0.8,1.5,20,20,15,7,900,0,0,0,1,0,4,1,1
19,144,1,FSP,1,1,1,10,10,5,15,15,10,0,0.8,1.5,25,25,15,8,900,0,0,0,1,0,4,1,1
20,145,3,PUP,1,1,1,10,10,5,10,10,10,0,0.6,0.8,20,20,15,1,900,1,0,0,1,0,4,1,1
20,146,3,PUP,1,1,1,10,10,5,15,15,10,0,0.6,0.8,25,25,15,2,900,1,0,0,1,0,4,1,1
20,147,3,PUP,1,1,1,15,10,5,15,10,10,0,0.8,0.8,30,20,15,3,900,1,0,0,1,0,4,1,1
20,148,3,PUP,1,1,1,15,10,5,10,15,10,0,0.8,0.8,25,25,15,4,900,1,0,0,1,0,4,1,1
20,149,2,PSP,1,1,1,15,10,5,15,10,10,0,0.6,1.5,30,20,15,5,900,1,0,0,1,0,4,1,1
20,150,1,FSP,1,1,1,15,10,5,10,15,10,0,0.6,1.5,25,25,15,6,900,1,0,0,1,0,4,1,1
20,151,1,FSP,1,1,1,10,10,5,10,10,10,0,0.8,1.5,20,20,15,7,900,1,0,0,1,0,4,1,1
20,152,1,FSP,1,1,1,10,10,5,15,15,10,0,0.8,1.5,25,25,15,8,900,1,0,0,1,0,4,1,1
21,153,3,PUP,1,1,1,10,10,5,10,10,10,0,0.6,0.8,20,20,15,1,1800,1,1,1,0,0,2,2,2
21,154,3,PUP,1,1,1,10,10,5,15,15,10,0,0.6,0.8,25,25,15,2,1800,1,1,1,0,0,2,2,2
21,155,3,PUP,1,1,1,15,10,5,15,10,10,0,0.8,0.8,30,20,15,3,1800,1,1,1,0,0,2,2,2
21,156,3,PUP,1,1,1,15,10,5,10,15,10,0,0.8,0.8,25,25,15,4,1800,1,1,1,0,0,2,2,2
21,157,3,PUP,1,1,1,15,10,5,15,10,10,0,0.6,1.5,30,20,15,5,1800,1,1,1,0,0,2,2,2
21,158,3,PUP,1,1,1,15,10,5,10,15,10,0,0.6,1.5,25,25,15,6,1800,1,1,1,0,0,2,2,2
21,159,1,FSP,1,1,1,10,10,5,10,10,10,0,0.8,1.5,20,20,15,7,1800,1,1,1,0,0,2,2,2
21,160,3,PUP,1,1,1,10,10,5,15,15,10,0,0.8,1.5,25,25,15,8,1800,1,1,1,0,0,2,2,2
22,161,1,FSP,1,1,1,10,10,5,10,10,10,0,0.6,0.8,20,20,15,1,1800,0,1,0,1,0,2,1,2
22,162,1,FSP,1,1,1,10,10,5,15,15,10,0,0.6,0.8,25,25,15,2,1800,0,1,0,1,0,2,1,2
22,163,1,FSP,1,1,1,15,10,5,15,10,10,0,0.8,0.8,30,20,15,3,1800,0,1,0,1,0,2,1,2
22,164,1,FSP,1,1,1,15,10,5,10,15,10,0,0.8,0.8,25,25,15,4,1800,0,1,0,1,0,2,1,2
22,165,1,FSP,1,1,1,15,10,5,15,10,10,0,0.6,1.5,30,20,15,5,1800,0,1,0,1,0,2,1,2
22,166,1,FSP,1,1,1,15,10,5,10,15,10,0,0.6,1.5,25,25,15,6,1800,0,1,0,1,0,2,1,2
22,167,1,FSP,1,1,1,10,10,5,10,10,10,0,0.8,1.5,20,20,15,7,1800,0,1,0,1,0,2,1,2
22,168,1,FSP,1,1,1,10,10,5,15,15,10,0,0.8,1.5,25,25,15,8,1800,0,1,0,1,0,2,1,2
23,169,3,PUP,1,1,1,10,10,5,10,10,10,0,0.6,0.8,20,20,15,1,900,0,0,0,1,0,4,2,1
23,170,3,PUP,1,1,1,10,10,5,15,15,10,0,0.6,0.8,25,25,15,2,900,0,0,0,1,0,4,2,1
23,171,3,PUP,1,1,1,15,10,5,15,10,10,0,0.8,0.8,30,20,15,3,900,0,0,0,1,0,4,2,1
23,172,3,PUP,1,1,1,15,10,5,10,15,10,0,0.8,0.8,25,25,15,4,900,0,0,0,1,0,4,2,1
23,173,1,FSP,1,1,1,15,10,5,15,10,10,0,0.6,1.5,30,20,15,5,900,0,0,0,1,0,4,2,1
23,174,1,FSP,1,1,1,15,10,5,10,15,10,0,0.6,1.5,25,25,15,6,900,0,0,0,1,0,4,2,1
23,175,1,FSP,1,1,1,10,10,5,10,10,10,0,0.8,1.5,20,20,15,7,900,0,0,0,1,0,4,2,1
23,176,1,FSP,1,1,1,10,10,5,15,15,10,0,0.8,1.5,25,25,15,8,900,0,0,0,1,0,4,2,1
24,177,1,FSP,1,1,1,10,10,5,10,10,10,0,0.6,0.8,20,20,15,1,900,0,0,0,1,0,2,1,1
24,178,1,FSP,1,1,1,10,10,5,15,15,10,0,0.6,0.8,25,25,15,2,900,0,0,0,1,0,2,1,1
24,179,1,FSP,1,1,1,15,10,5,15,10,10,0,0.8,0.8,30,20,15,3,900,0,0,0,1,0,2,1,1
24,180,1,FSP,1,1,1,15,10,5,10,15,10,0,0.8,0.8,25,25,15,4,900,0,0,0,1,0,2,1,1
24,181,1,FSP,1,1,1,15,10,5,15,10,10,0,0.6,1.5,30,20,15,5,900,0,0,0,1,0,2,1,1
24,182,1,FSP,1,1,1,15,10,5,10,15,10,0,0.6,1.5,25,25,15,6,900,0,0,0,1,0,2,1,1
24,183,1,FSP,1,1,1,10,10,5,10,10,10,0,0.8,1.5,20,20,15,7,900,0,0,0,1,0,2,1,1
24,184,1,FSP,1,1,1,10,10,5,15,15,10,0,0.8,1.5,25,25,15,8,900,0,0,0,1,0,2,1,1
25,185,3,PUP,1,1,1,10,10,5,10,10,10,0,0.6,0.8,20,20,15,1,900,0,0,0,1,0,4,1,1
25,186,3,PUP,1,1,1,10,10,5,15,15,10,0,0.6,0.8,25,25,15,2,900,0,0,0,1,0,4,1,1
25,187,3,PUP,1,1,1,15,10,5,15,10,10,0,0.8,0.8,30,20,15,3,900,0,0,0,1,0,4,1,1
25,188,3,PUP,1,1,1,15,10,5,10,15,10,0,0.8,0.8,25,25,15,4,900,0,0,0,1,0,4,1,1
25,189,1,FSP,1,1,1,15,10,5,15,10,10,0,0.6,1.5,30,20,15,5,900,0,0,0,1,0,4,1,1
25,190,1,FSP,1,1,1,15,10,5,10,15,10,0,0.6,1.5,25,25,15,6,900,0,0,0,1,0,4,1,1
25,191,1,FSP,1,1,1,10,10,5,10,10,10,0,0.8,1.5,20,20,15,7,900,0,0,0,1,0,4,1,1
25,192,1,FSP,1,1,1,10,10,5,15,15,10,0,0.8,1.5,25,25,15,8,900,0,0,0,1,0,4,1,1
26,193,3,PUP,1,1,1,10,10,5,10,10,10,0,0.6,0.8,20,20,15,1,3000,0,0,0,1,0,1,2,3
26,194,3,PUP,1,1,1,10,10,5,15,15,10,0,0.6,0.8,25,25,15,2,3000,0,0,0,1,0,1,2,3
26,195,3,PUP,1,1,1,15,10,5,15,10,10,0,0.8,0.8,30,20,15,3,3000,0,0,0,1,0,1,2,3
26,196,3,PUP,1,1,1,15,10,5,10,15,10,0,0.8,0.8,25,25,15,4,3000,0,0,0,1,0,1,2,3
26,197,3,PUP,1,1,1,15,10,5,15,10,10,0,0.6,1.5,30,20,15,5,3000,0,0,0,1,0,1,2,3
26,198,3,PUP,1,1,1,15,10,5,10,15,10,0,0.6,1.5,25,25,15,6,3000,0,0,0,1,0,1,2,3
26,199,3,PUP,1,1,1,10,10,5,10,10,10,0,0.8,1.5,20,20,15,7,3000,0,0,0,1,0,1,2,3
26,200,3,PUP,1,1,1,10,10,5,15,15,10,0,0.8,1.5,25,25,15,8,3000,0,0,0,1,0,1,2,3
27,201,1,FSP,1,1,1,10,10,5,10,10,10,0,0.6,0.8,20,20,15,1,300,0,1,0,1,0,1,1,1
27,202,1,FSP,1,1,1,10,10,5,15,15,10,0,0.6,0.8,25,25,15,2,300,0,1,0,1,0,1,1,1
27,203,1,FSP,1,1,1,15,10,5,15,10,10,0,0.8,0.8,30,20,15,3,300,0,1,0,1,0,1,1,1
27,204,1,FSP,1,1,1,15,10,5,10,15,10,0,0.8,0.8,25,25,15,4,300,0,1,0,1,0,1,1,1
27,205,1,FSP,1,1,1,15,10,5,15,10,10,0,0.6,1.5,30,20,15,5,300,0,1,0,1,0,1,1,1
27,206,1,FSP,1,1,1,15,10,5,10,15,10,0,0.6,1.5,25,25,15,6,300,0,1,0,1,0,1,1,1
27,207,1,FSP,1,1,1,10,10,5,10,10,10,0,0.8,1.5,20,20,15,7,300,0,1,0,1,0,1,1,1
27,208,1,FSP,1,1,1,10,10,5,15,15,10,0,0.8,1.5,25,25,15,8,300,0,1,0,1,0,1,1,1
28,209,1,FSP,1,1,1,10,10,5,10,10,10,0,0.6,0.8,20,20,15,1,300,0,0,0,1,0,6,1,1
28,210,1,FSP,1,1,1,10,10,5,15,15,10,0,0.6,0.8,25,25,15,2,300,0,0,0,1,0,6,1,1
28,211,1,FSP,1,1,1,15,10,5,15,10,10,0,0.8,0.8,30,20,15,3,300,0,0,0,1,0,6,1,1
28,212,1,FSP,1,1,1,15,10,5,10,15,10,0,0.8,0.8,25,25,15,4,300,0,0,0,1,0,6,1,1
28,213,1,FSP,1,1,1,15,10,5,15,10,10,0,0.6,1.5,30,20,15,5,300,0,0,0,1,0,6,1,1
28,214,1,FSP,1,1,1,15,10,5,10,15,10,0,0.6,1.5,25,25,15,6,300,0,0,0,1,0,6,1,1
28,215,1,FSP,1,1,1,10,10,5,10,10,10,0,0.8,1.5,20,20,15,7,300,0,0,0,1,0,6,1,1
28,216,1,FSP,1,1,1,10,10,5,15,15,10,0,0.8,1.5,25,25,15,8,300,0,0,0,1,0,6,1,1
29,217,3,PUP,1,1,1,10,10,5,10,10,10,0,0.6,0.8,20,20,15,1,900,1,0,0,1,0,5,1,1
29,218,3,PUP,1,1,1,10,10,5,15,15,10,0,0.6,0.8,25,25,15,2,900,1,0,0,1,0,5,1,1
29,219,3,PUP,1,1,1,15,10,5,15,10,10,0,0.8,0.8,30,20,15,3,900,1,0,0,1,0,5,1,1
29,220,3,PUP,1,1,1,15,10,5,10,15,10,0,0.8,0.8,25,25,15,4,900,1,0,0,1,0,5,1,1
29,221,1,FSP,1,1,1,15,10,5,15,10,10,0,0.6,1.5,30,20,15,5,900,1,0,0,1,0,5,1,1
29,222,1,FSP,1,1,1,15,10,5,10,15,10,0,0.6,1.5,25,25,15,6,900,1,0,0,1,0,5,1,1
29,223,1,FSP,1,1,1,10,10,5,10,10,10,0,0.8,1.5,20,20,15,7,900,1,0,0,1,0,5,1,1
29,224,1,FSP,1,1,1,10,10,5,15,15,10,0,0.8,1.5,25,25,15,8,900,1,0,0,1,0,5,1,1
30,225,3,PUP,1,1,1,10,10,5,10,10,10,0,0.6,0.8,20,20,15,1,900,0,1,1,1,1,4,1,1
30,226,3,PUP,1,1,1,10,10,5,15,15,10,0,0.6,0.8,25,25,15,2,900,0,1,1,1,1,4,1,1
30,227,3,PUP,1,1,1,15,10,5,15,10,10,0,0.8,0.8,30,20,15,3,900,0,1,1,1,1,4,1,1
30,228,3,PUP,1,1,1,15,10,5,10,15,10,0,0.8,0.8,25,25,15,4,900,0,1,1,1,1,4,1,1
30,229,1,FSP,1,1,1,15,10,5,15,10,10,0,0.6,1.5,30,20,15,5,900,0,1,1,1,1,4,1,1
30,230,1,FSP,1,1,1,15,10,5,10,15,10,0,0.6,1.5,25,25,15,6,900,0,1,1,1,1,4,1,1
30,231,1,FSP,1,1,1,10,10,5,10,10,10,0,0.8,1.5,20,20,15,7,900,0,1,1,1,1,4,1,1
30,232,1,FSP,1,1,1,10,10,5,15,15,10,0,0.8,1.5,25,25,15,8,900,0,1,1,1,1,4,1,1
31,233,3,PUP,1,1,1,10,10,5,10,10,10,0,0.6,0.8,20,20,15,1,900,1,1,1,1,1,3,1,1
31,234,3,PUP,1,1,1,10,10,5,15,15,10,0,0.6,0.8,25,25,15,2,900,1,1,1,1,1,3,1,1
31,235,3,PUP,1,1,1,15,10,5,15,10,10,0,0.8,0.8,30,20,15,3,900,1,1,1,1,1,3,1,1
31,236,3,PUP,1,1,1,15,10,5,10,15,10,0,0.8,0.8,25,25,15,4,900,1,1,1,1,1,3,1,1
31,237,2,PSP,1,1,1,15,10,5,15,10,10,0,0.6,1.5,30,20,15,5,900,1,1,1,1,1,3,1,1
31,238,1,FSP,1,1,1,15,10,5,10,15,10,0,0.6,1.5,25,25,15,6,900,1,1,1,1,1,3,1,1
31,239,1,FSP,1,1,1,10,10,5,10,10,10,0,0.8,1.5,20,20,15,7,900,1,1,1,1,1,3,1,1
31,240,1,FSP,1,1,1,10,10,5,15,15,10,0,0.8,1.5,25,25,15,8,900,1,1,1,1,1,3,1,1
32,241,1,FSP,1,1,1,10,10,5,10,10,10,0,0.6,0.8,20,20,15,1,300,1,1,0,1,0,3,1,1
32,242,1,FSP,1,1,1,10,10,5,15,15,10,0,0.6,0.8,25,25,15,2,300,1,1,0,1,0,3,1,1
32,243,1,FSP,1,1,1,15,10,5,15,10,10,0,0.8,0.8,30,20,15,3,300,1,1,0,1,0,3,1,1
32,244,1,FSP,1,1,1,15,10,5,10,15,10,0,0.8,0.8,25,25,15,4,300,1,1,0,1,0,3,1,1
32,245,1,FSP,1,1,1,15,10,5,15,10,10,0,0.6,1.5,30,20,15,5,300,1,1,0,1,0,3,1,1
32,246,1,FSP,1,1,1,15,10,5,10,15,10,0,0.6,1.5,25,25,15,6,300,1,1,0,1,0,3,1,1
32,247,1,FSP,1,1,1,10,10,5,10,10,10,0,0.8,1.5,20,20,15,7,300,1,1,0,1,0,3,1,1
32,248,1,FSP,1,1,1,10,10,5,15,15,10,0,0.8,1.5,25,25,15,8,300,1,1,0,1,0,3,1,1
33,249,3,PUP,1,1,1,10,10,5,10,10,10,0,0.6,0.8,20,20,15,1,900,0,1,1,1,1,3,1,1
33,250,3,PUP,1,1,1,10,10,5,15,15,10,0,0.6,0.8,25,25,15,2,900,0,1,1,1,1,3,1,1
33,251,3,PUP,1,1,1,15,10,5,15,10,10,0,0.8,0.8,30,20,15,3,900,0,1,1,1,1,3,1,1
33,252,3,PUP,1,1,1,15,10,5,10,15,10,0,0.8,0.8,25,25,15,4,900,0,1,1,1,1,3,1,1
33,253,2,PSP,1,1,1,15,10,5,15,10,10,0,0.6,1.5,30,20,15,5,900,0,1,1,1,1,3,1,1
33,254,1,FSP,1,1,1,15,10,5,10,15,10,0,0.6,1.5,25,25,15,6,900,0,1,1,1,1,3,1,1
33,255,1,FSP,1,1,1,10,10,5,10,10,10,0,0.8,1.5,20,20,15,7,900,0,1,1,1,1,3,1,1
33,256,1,FSP,1,1,1,10,10,5,15,15,10,0,0.8,1.5,25,25,15,8,900,0,1,1,1,1,3,1,1
34,257,3,PUP,1,1,1,10,10,5,10,10,10,0,0.6,0.8,20,20,15,1,1800,0,0,0,1,0,6,1,2
34,258,3,PUP,1,1,1,10,10,5,15,15,10,0,0.6,0.8,25,25,15,2,1800,0,0,0,1,0,6,1,2
34,259,3,PUP,1,1,1,15,10,5,15,10,10,0,0.8,0.8,30,20,15,3,1800,0,0,0,1,0,6,1,2
34,260,3,PUP,1,1,1,15,10,5,10,15,10,0,0.8,0.8,25,25,15,4,1800,0,0,0,1,0,6,1,2
34,261,3,PUP,1,1,1,15,10,5,15,10,10,0,0.6,1.5,30,20,15,5,1800,0,0,0,1,0,6,1,2
34,262,3,PUP,1,1,1,15,10,5,10,15,10,0,0.6,1.5,25,25,15,6,1800,0,0,0,1,0,6,1,2
34,263,3,PUP,1,1,1,10,10,5,10,10,10,0,0.8,1.5,20,20,15,7,1800,0,0,0,1,0,6,1,2
34,264,3,PUP,1,1,1,10,10,5,15,15,10,0,0.8,1.5,25,25,15,8,1800,0,0,0,1,0,6,1,2
35,265,3,PUP,1,1,1,10,10,5,10,10,10,0,0.6,0.8,20,20,15,1,300,0,0,0,1,0,1,1,1
35,266,3,PUP,1,1,1,10,10,5,15,15,10,0,0.6,0.8,25,25,15,2,300,0,0,0,1,0,1,1,1
35,267,3,PUP,1,1,1,15,10,5,15,10,10,0,0.8,0.8,30,20,15,3,300,0,0,0,1,0,1,1,1
35,268,3,PUP,1,1,1,15,10,5,10,15,10,0,0.8,0.8,25,25,15,4,300,0,0,0,1,0,1,1,1
35,269,2,PSP,1,1,1,15,10,5,15,10,10,0,0.6,1.5,30,20,15,5,300,0,0,0,1,0,1,1,1
35,270,1,FSP,1,1,1,15,10,5,10,15,10,0,0.6,1.5,25,25,15,6,300,0,0,0,1,0,1,1,1
35,271,1,FSP,1,1,1,10,10,5,10,10,10,0,0.8,1.5,20,20,15,7,300,0,0,0,1,0,1,1,1
35,272,1,FSP,1,1,1,10,10,5,15,15,10,0,0.8,1.5,25,25,15,8,300,0,0,0,1,0,1,1,1
36,273,1,FSP,1,1,1,10,10,5,10,10,10,0,0.6,0.8,20,20,15,1,1800,0,0,0,1,0,3,1,2
36,274,1,FSP,1,1,1,10,10,5,15,15,10,0,0.6,0.8,25,25,15,2,1800,0,0,0,1,0,3,1,2
36,275,3,PUP,1,1,1,15,10,5,15,10,10,0,0.8,0.8,30,20,15,3,1800,0,0,0,1,0,3,1,2
36,276,3,PUP,1,1,1,15,10,5,10,15,10,0,0.8,0.8,25,25,15,4,1800,0,0,0,1,0,3,1,2
36,277,2,PSP,1,1,1,15,10,5,15,10,10,0,0.6,1.5,30,20,15,5,1800,0,0,0,1,0,3,1,2
36,278,2,PSP,1,1,1,15,10,5,10,15,10,0,0.6,1.5,25,25,15,6,1800,0,0,0,1,0,3,1,2
36,279,1,FSP,1,1,1,10,10,5,10,10,10,0,0.8,1.5,20,20,15,7,1800,0,0,0,1,0,3,1,2
36,280,1,FSP,1,1,1,10,10,5,15,15,10,0,0.8,1.5,25,25,15,8,1800,0,0,0,1,0,3,1,2
37,281,1,FSP,1,1,1,10,10,5,10,10,10,0,0.6,0.8,20,20,15,1,900,0,0,0,1,0,3,1,1
37,282,1,FSP,1,1,1,10,10,5,15,15,10,0,0.6,0.8,25,25,15,2,900,0,0,0,1,0,3,1,1
37,283,1,FSP,1,1,1,15,10,5,15,10,10,0,0.8,0.8,30,20,15,3,900,0,0,0,1,0,3,1,1
37,284,1,FSP,1,1,1,15,10,5,10,15,10,0,0.8,0.8,25,25,15,4,900,0,0,0,1,0,3,1,1
37,285,1,FSP,1,1,1,15,10,5,15,10,10,0,0.6,1.5,30,20,15,5,900,0,0,0,1,0,3,1,1
37,286,1,FSP,1,1,1,15,10,5,10,15,10,0,0.6,1.5,25,25,15,6,900,0,0,0,1,0,3,1,1
37,287,1,FSP,1,1,1,10,10,5,10,10,10,0,0.8,1.5,20,20,15,7,900,0,0,0,1,0,3,1,1
37,288,1,FSP,1,1,1,10,10,5,15,15,10,0,0.8,1.5,25,25,15,8,900,0,0,0,1,0,3,1,1
38,289,3,PUP,1,1,1,10,10,5,10,10,10,0,0.6,0.8,20,20,15,1,1800,0,0,0,1,0,4,1,2
38,290,3,PUP,1,1,1,10,10,5,15,15,10,0,0.6,0.8,25,25,15,2,1800,0,0,0,1,0,4,1,2
38,291,3,PUP,1,1,1,15,10,5,15,10,10,0,0.8,0.8,30,20,15,3,1800,0,0,0,1,0,4,1,2
38,292,3,PUP,1,1,1,15,10,5,10,15,10,0,0.8,0.8,25,25,15,4,1800,0,0,0,1,0,4,1,2
38,293,3,PUP,1,1,1,15,10,5,15,10,10,0,0.6,1.5,30,20,15,5,1800,0,0,0,1,0,4,1,2
38,294,3,PUP,1,1,1,15,10,5,10,15,10,0,0.6,1.5,25,25,15,6,1800,0,0,0,1,0,4,1,2
38,295,3,PUP,1,1,1,10,10,5,10,10,10,0,0.8,1.5,20,20,15,7,1800,0,0,0,1,0,4,1,2
38,296,3,PUP,1,1,1,10,10,5,15,15,10,0,0.8,1.5,25,25,15,8,1800,0,0,0,1,0,4,1,2
39,297,1,FSP,1,1,1,10,10,5,10,10,10,0,0.6,0.8,20,20,15,1,900,1,0,0,1,0,2,1,1
39,298,1,FSP,1,1,1,10,10,5,15,15,10,0,0.6,0.8,25,25,15,2,900,1,0,0,1,0,2,1,1
39,299,1,FSP,1,1,1,15,10,5,15,10,10,0,0.8,0.8,30,20,15,3,900,1,0,0,1,0,2,1,1
39,300,1,FSP,1,1,1,15,10,5,10,15,10,0,0.8,0.8,25,25,15,4,900,1,0,0,1,0,2,1,1
39,301,1,FSP,1,1,1,15,10,5,15,10,10,0,0.6,1.5,30,20,15,5,900,1,0,0,1,0,2,1,1
39,302,1,FSP,1,1,1,15,10,5,10,15,10,0,0.6,1.5,25,25,15,6,900,1,0,0,1,0,2,1,1
39,303,1,FSP,1,1,1,10,10,5,10,10,10,0,0.8,1.5,20,20,15,7,900,1,0,0,1,0,2,1,1
39,304,1,FSP,1,1,1,10,10,5,15,15,10,0,0.8,1.5,25,25,15,8,900,1,0,0,1,0,2,1,1
40,305,3,PUP,1,1,1,10,10,5,10,10,10,0,0.6,0.8,20,20,15,1,3000,0,0,0,1,0,5,1,3
40,306,3,PUP,1,1,1,10,10,5,15,15,10,0,0.6,0.8,25,25,15,2,3000,0,0,0,1,0,5,1,3
40,307,3,PUP,1,1,1,15,10,5,15,10,10,0,0.8,0.8,30,20,15,3,3000,0,0,0,1,0,5,1,3
40,308,3,PUP,1,1,1,15,10,5,10,15,10,0,0.8,0.8,25,25,15,4,3000,0,0,0,1,0,5,1,3
40,309,2,PSP,1,1,1,15,10,5,15,10,10,0,0.6,1.5,30,20,15,5,3000,0,0,0,1,0,5,1,3
40,310,1,FSP,1,1,1,15,10,5,10,15,10,0,0.6,1.5,25,25,15,6,3000,0,0,0,1,0,5,1,3
40,311,1,FSP,1,1,1,10,10,5,10,10,10,0,0.8,1.5,20,20,15,7,3000,0,0,0,1,0,5,1,3
40,312,1,FSP,1,1,1,10,10,5,15,15,10,0,0.8,1.5,25,25,15,8,3000,0,0,0,1,0,5,1,3
41,313,1,FSP,1,1,1,10,10,5,10,10,10,0,0.6,0.8,20,20,15,1,300,0,1,1,1,1,2,1,1
41,314,1,FSP,1,1,1,10,10,5,15,15,10,0,0.6,0.8,25,25,15,2,300,0,1,1,1,1,2,1,1
41,315,1,FSP,1,1,1,15,10,5,15,10,10,0,0.8,0.8,30,20,15,3,300,0,1,1,1,1,2,1,1
41,316,1,FSP,1,1,1,15,10,5,10,15,10,0,0.8,0.8,25,25,15,4,300,0,1,1,1,1,2,1,1
41,317,1,FSP,1,1,1,15,10,5,15,10,10,0,0.6,1.5,30,20,15,5,300,0,1,1,1,1,2,1,1
41,318,1,FSP,1,1,1,15,10,5,10,15,10,0,0.6,1.5,25,25,15,6,300,0,1,1,1,1,2,1,1
41,319,1,FSP,1,1,1,10,10,5,10,10,10,0,0.8,1.5,20,20,15,7,300,0,1,1,1,1,2,1,1
41,320,1,FSP,1,1,1,10,10,5,15,15,10,0,0.8,1.5,25,25,15,8,300,0,1,1,1,1,2,1,1
42,321,1,FSP,1,1,1,10,10,5,10,10,10,0,0.6,0.8,20,20,15,1,300,0,0,0,1,0,3,1,1
42,322,1,FSP,1,1,1,10,10,5,15,15,10,0,0.6,0.8,25,25,15,2,300,0,0,0,1,0,3,1,1
42,323,1,FSP,1,1,1,15,10,5,15,10,10,0,0.8,0.8,30,20,15,3,300,0,0,0,1,0,3,1,1
42,324,1,FSP,1,1,1,15,10,5,10,15,10,0,0.8,0.8,25,25,15,4,300,0,0,0,1,0,3,1,1
42,325,1,FSP,1,1,1,15,10,5,15,10,10,0,0.6,1.5,30,20,15,5,300,0,0,0,1,0,3,1,1
42,326,1,FSP,1,1,1,15,10,5,10,15,10,0,0.6,1.5,25,25,15,6,300,0,0,0,1,0,3,1,1
42,327,1,FSP,1,1,1,10,10,5,10,10,10,0,0.8,1.5,20,20,15,7,300,0,0,0,1,0,3,1,1
42,328,1,FSP,1,1,1,10,10,5,15,15,10,0,0.8,1.5,25,25,15,8,300,0,0,0,1,0,3,1,1
43,329,3,PUP,1,1,1,10,10,5,10,10,10,0,0.6,0.8,20,20,15,1,900,0,0,0,1,0,5,1,1
43,330,3,PUP,1,1,1,10,10,5,15,15,10,0,0.6,0.8,25,25,15,2,900,0,0,0,1,0,5,1,1
43,331,3,PUP,1,1,1,15,10,5,15,10,10,0,0.8,0.8,30,20,15,3,900,0,0,0,1,0,5,1,1
43,332,3,PUP,1,1,1,15,10,5,10,15,10,0,0.8,0.8,25,25,15,4,900,0,0,0,1,0,5,1,1
43,333,1,FSP,1,1,1,15,10,5,15,10,10,0,0.6,1.5,30,20,15,5,900,0,0,0,1,0,5,1,1
43,334,1,FSP,1,1,1,15,10,5,10,15,10,0,0.6,1.5,25,25,15,6,900,0,0,0,1,0,5,1,1
43,335,1,FSP,1,1,1,10,10,5,10,10,10,0,0.8,1.5,20,20,15,7,900,0,0,0,1,0,5,1,1
43,336,1,FSP,1,1,1,10,10,5,15,15,10,0,0.8,1.5,25,25,15,8,900,0,0,0,1,0,5,1,1
44,337,3,PUP,1,1,1,10,10,5,10,10,10,0,0.6,0.8,20,20,15,1,1800,0,0,1,0,0,3,1,2
44,338,3,PUP,1,1,1,10,10,5,15,15,10,0,0.6,0.8,25,25,15,2,1800,0,0,1,0,0,3,1,2
44,339,3,PUP,1,1,1,15,10,5,15,10,10,0,0.8,0.8,30,20,15,3,1800,0,0,1,0,0,3,1,2
44,340,3,PUP,1,1,1,15,10,5,10,15,10,0,0.8,0.8,25,25,15,4,1800,0,0,1,0,0,3,1,2
44,341,3,PUP,1,1,1,15,10,5,15,10,10,0,0.6,1.5,30,20,15,5,1800,0,0,1,0,0,3,1,2
44,342,3,PUP,1,1,1,15,10,5,10,15,10,0,0.6,1.5,25,25,15,6,1800,0,0,1,0,0,3,1,2
44,343,3,PUP,1,1,1,10,10,5,10,10,10,0,0.8,1.5,20,20,15,7,1800,0,0,1,0,0,3,1,2
44,344,3,PUP,1,1,1,10,10,5,15,15,10,0,0.8,1.5,25,25,15,8,1800,0,0,1,0,0,3,1,2
45,345,1,FSP,1,1,1,10,10,5,10,10,10,0,0.6,0.8,20,20,15,1,900,0,1,1,1,1,4,1,1
45,346,1,FSP,1,1,1,10,10,5,15,15,10,0,0.6,0.8,25,25,15,2,900,0,1,1,1,1,4,1,1
45,347,1,FSP,1,1,1,15,10,5,15,10,10,0,0.8,0.8,30,20,15,3,900,0,1,1,1,1,4,1,1
45,348,1,FSP,1,1,1,15,10,5,10,15,10,0,0.8,0.8,25,25,15,4,900,0,1,1,1,1,4,1,1
45,349,1,FSP,1,1,1,15,10,5,15,10,10,0,0.6,1.5,30,20,15,5,900,0,1,1,1,1,4,1,1
45,350,1,FSP,1,1,1,15,10,5,10,15,10,0,0.6,1.5,25,25,15,6,900,0,1,1,1,1,4,1,1
45,351,1,FSP,1,1,1,10,10,5,10,10,10,0,0.8,1.5,20,20,15,7,900,0,1,1,1,1,4,1,1
45,352,1,FSP,1,1,1,10,10,5,15,15,10,0,0.8,1.5,25,25,15,8,900,0,1,1,1,1,4,1,1
46,353,3,PUP,1,1,1,10,10,5,10,10,10,0,0.6,0.8,20,20,15,1,900,0,1,1,1,1,5,1,1
46,354,3,PUP,1,1,1,10,10,5,15,15,10,0,0.6,0.8,25,25,15,2,900,0,1,1,1,1,5,1,1
46,355,3,PUP,1,1,1,15,10,5,15,10,10,0,0.8,0.8,30,20,15,3,900,0,1,1,1,1,5,1,1
46,356,3,PUP,1,1,1,15,10,5,10,15,10,0,0.8,0.8,25,25,15,4,900,0,1,1,1,1,5,1,1
46,357,2,PSP,1,1,1,15,10,5,15,10,10,0,0.6,1.5,30,20,15,5,900,0,1,1,1,1,5,1,1
46,358,1,FSP,1,1,1,15,10,5,10,15,10,0,0.6,1.5,25,25,15,6,900,0,1,1,1,1,5,1,1
46,359,1,FSP,1,1,1,10,10,5,10,10,10,0,0.8,1.5,20,20,15,7,900,0,1,1,1,1,5,1,1
46,360,1,FSP,1,1,1,10,10,5,15,15,10,0,0.8,1.5,25,25,15,8,900,0,1,1,1,1,5,1,1
47,361,3,PUP,1,1,1,10,10,5,10,10,10,0,0.6,0.8,20,20,15,1,3000,0,0,0,0,0,5,1,3
47,362,3,PUP,1,1,1,10,10,5,15,15,10,0,0.6,0.8,25,25,15,2,3000,0,0,0,0,0,5,1,3
47,363,3,PUP,1,1,1,15,10,5,15,10,10,0,0.8,0.8,30,20,15,3,3000,0,0,0,0,0,5,1,3
47,364,3,PUP,1,1,1,15,10,5,10,15,10,0,0.8,0.8,25,25,15,4,3000,0,0,0,0,0,5,1,3
47,365,3,PUP,1,1,1,15,10,5,15,10,10,0,0.6,1.5,30,20,15,5,3000,0,0,0,0,0,5,1,3
47,366,3,PUP,1,1,1,15,10,5,10,15,10,0,0.6,1.5,25,25,15,6,3000,0,0,0,0,0,5,1,3
47,367,3,PUP,1,1,1,10,10,5,10,10,10,0,0.8,1.5,20,20,15,7,3000,0,0,0,0,0,5,1,3
47,368,3,PUP,1,1,1,10,10,5,15,15,10,0,0.8,1.5,25,25,15,8,3000,0,0,0,0,0,5,1,3
48,369,3,PUP,1,1,1,10,10,5,10,10,10,0,0.6,0.8,20,20,15,1,3000,0,0,0,1,0,2,1,3
48,370,3,PUP,1,1,1,10,10,5,15,15,10,0,0.6,0.8,25,25,15,2,3000,0,0,0,1,0,2,1,3
48,371,3,PUP,1,1,1,15,10,5,15,10,10,0,0.8,0.8,30,20,15,3,3000,0,0,0,1,0,2,1,3
48,372,3,PUP,1,1,1,15,10,5,10,15,10,0,0.8,0.8,25,25,15,4,3000,0,0,0,1,0,2,1,3
48,373,3,PUP,1,1,1,15,10,5,15,10,10,0,0.6,1.5,30,20,15,5,3000,0,0,0,1,0,2,1,3
48,374,3,PUP,1,1,1,15,10,5,10,15,10,0,0.6,1.5,25,25,15,6,3000,0,0,0,1,0,2,1,3
48,375,3,PUP,1,1,1,10,10,5,10,10,10,0,0.8,1.5,20,20,15,7,3000,0,0,0,1,0,2,1,3
48,376,3,PUP,1,1,1,10,10,5,15,15,10,0,0.8,1.5,25,25,15,8,3000,0,0,0,1,0,2,1,3
49,377,3,PUP,1,1,1,10,10,5,10,10,10,0,0.6,0.8,20,20,15,1,900,1,0,0,1,0,4,1,1
49,378,3,PUP,1,1,1,10,10,5,15,15,10,0,0.6,0.8,25,25,15,2,900,1,0,0,1,0,4,1,1
49,379,3,PUP,1,1,1,15,10,5,15,10,10,0,0.8,0.8,30,20,15,3,900,1,0,0,1,0,4,1,1
49,380,3,PUP,1,1,1,15,10,5,10,15,10,0,0.8,0.8,25,25,15,4,900,1,0,0,1,0,4,1,1
49,381,1,FSP,1,1,1,15,10,5,15,10,10,0,0.6,1.5,30,20,15,5,900,1,0,0,1,0,4,1,1
49,382,1,FSP,1,1,1,15,10,5,10,15,10,0,0.6,1.5,25,25,15,6,900,1,0,0,1,0,4,1,1
49,383,1,FSP,1,1,1,10,10,5,10,10,10,0,0.8,1.5,20,20,15,7,900,1,0,0,1,0,4,1,1
49,384,1,FSP,1,1,1,10,10,5,15,15,10,0,0.8,1.5,25,25,15,8,900,1,0,0,1,0,4,1,1
50,385,3,PUP,1,1,1,10,10,5,10,10,10,0,0.6,0.8,20,20,15,1,300,0,1,1,1,1,6,1,1
50,386,3,PUP,1,1,1,10,10,5,15,15,10,0,0.6,0.8,25,25,15,2,300,0,1,1,1,1,6,1,1
50,387,3,PUP,1,1,1,15,10,5,15,10,10,0,0.8,0.8,30,20,15,3,300,0,1,1,1,1,6,1,1
50,388,3,PUP,1,1,1,15,10,5,10,15,10,0,0.8,0.8,25,25,15,4,300,0,1,1,1,1,6,1,1
50,389,2,PSP,1,1,1,15,10,5,15,10,10,0,0.6,1.5,30,20,15,5,300,0,1,1,1,1,6,1,1
50,390,2,PSP,1,1,1,15,10,5,10,15,10,0,0.6,1.5,25,25,15,6,300,0,1,1,1,1,6,1,1
50,391,1,FSP,1,1,1,10,10,5,10,10,10,0,0.8,1.5,20,20,15,7,300,0,1,1,1,1,6,1,1
50,392,1,FSP,1,1,1,10,10,5,15,15,10,0,0.8,1.5,25,25,15,8,300,0,1,1,1,1,6,1,1
51,393,3,PUP,1,1,1,10,10,5,10,10,10,0,0.6,0.8,20,20,15,1,3000,0,0,0,1,0,4,1,3
51,394,3,PUP,1,1,1,10,10,5,15,15,10,0,0.6,0.8,25,25,15,2,3000,0,0,0,1,0,4,1,3
51,395,3,PUP,1,1,1,15,10,5,15,10,10,0,0.8,0.8,30,20,15,3,3000,0,0,0,1,0,4,1,3
51,396,3,PUP,1,1,1,15,10,5,10,15,10,0,0.8,0.8,25,25,15,4,3000,0,0,0,1,0,4,1,3
51,397,2,PSP,1,1,1,15,10,5,15,10,10,0,0.6,1.5,30,20,15,5,3000,0,0,0,1,0,4,1,3
51,398,2,PSP,1,1,1,15,10,5,10,15,10,0,0.6,1.5,25,25,15,6,3000,0,0,0,1,0,4,1,3
51,399,1,FSP,1,1,1,10,10,5,10,10,10,0,0.8,1.5,20,20,15,7,3000,0,0,0,1,0,4,1,3
51,400,1,FSP,1,1,1,10,10,5,15,15,10,0,0.8,1.5,25,25,15,8,3000,0,0,0,1,0,4,1,3
52,401,1,FSP,1,1,1,10,10,5,10,10,10,0,0.6,0.8,20,20,15,1,300,0,0,0,1,0,2,2,1
52,402,1,FSP,1,1,1,10,10,5,15,15,10,0,0.6,0.8,25,25,15,2,300,0,0,0,1,0,2,2,1
52,403,1,FSP,1,1,1,15,10,5,15,10,10,0,0.8,0.8,30,20,15,3,300,0,0,0,1,0,2,2,1
52,404,1,FSP,1,1,1,15,10,5,10,15,10,0,0.8,0.8,25,25,15,4,300,0,0,0,1,0,2,2,1
52,405,1,FSP,1,1,1,15,10,5,15,10,10,0,0.6,1.5,30,20,15,5,300,0,0,0,1,0,2,2,1
52,406,1,FSP,1,1,1,15,10,5,10,15,10,0,0.6,1.5,25,25,15,6,300,0,0,0,1,0,2,2,1
52,407,1,FSP,1,1,1,10,10,5,10,10,10,0,0.8,1.5,20,20,15,7,300,0,0,0,1,0,2,2,1
52,408,1,FSP,1,1,1,10,10,5,15,15,10,0,0.8,1.5,25,25,15,8,300,0,0,0,1,0,2,2,1
53,409,3,PUP,1,1,1,10,10,5,10,10,10,0,0.6,0.8,20,20,15,1,1800,0,0,0,1,0,4,1,2
53,410,3,PUP,1,1,1,10,10,5,15,15,10,0,0.6,0.8,25,25,15,2,1800,0,0,0,1,0,4,1,2
53,411,3,PUP,1,1,1,15,10,5,15,10,10,0,0.8,0.8,30,20,15,3,1800,0,0,0,1,0,4,1,2
53,412,3,PUP,1,1,1,15,10,5,10,15,10,0,0.8,0.8,25,25,15,4,1800,0,0,0,1,0,4,1,2
53,413,3,PUP,1,1,1,15,10,5,15,10,10,0,0.6,1.5,30,20,15,5,1800,0,0,0,1,0,4,1,2
53,414,3,PUP,1,1,1,15,10,5,10,15,10,0,0.6,1.5,25,25,15,6,1800,0,0,0,1,0,4,1,2
53,415,3,PUP,1,1,1,10,10,5,10,10,10,0,0.8,1.5,20,20,15,7,1800,0,0,0,1,0,4,1,2
53,416,3,PUP,1,1,1,10,10,5,15,15,10,0,0.8,1.5,25,25,15,8,1800,0,0,0,1,0,4,1,2
54,417,3,PUP,1,1,1,10,10,5,10,10,10,0,0.6,0.8,20,20,15,1,900,0,1,1,1,1,3,1,1
54,418,3,PUP,1,1,1,10,10,5,15,15,10,0,0.6,0.8,25,25,15,2,900,0,1,1,1,1,3,1,1
54,419,3,PUP,1,1,1,15,10,5,15,10,10,0,0.8,0.8,30,20,15,3,900,0,1,1,1,1,3,1,1
54,420,3,PUP,1,1,1,15,10,5,10,15,10,0,0.8,0.8,25,25,15,4,900,0,1,1,1,1,3,1,1
54,421,1,FSP,1,1,1,15,10,5,15,10,10,0,0.6,1.5,30,20,15,5,900,0,1,1,1,1,3,1,1
54,422,1,FSP,1,1,1,15,10,5,10,15,10,0,0.6,1.5,25,25,15,6,900,0,1,1,1,1,3,1,1
54,423,1,FSP,1,1,1,10,10,5,10,10,10,0,0.8,1.5,20,20,15,7,900,0,1,1,1,1,3,1,1
54,424,1,FSP,1,1,1,10,10,5,15,15,10,0,0.8,1.5,25,25,15,8,900,0,1,1,1,1,3,1,1
55,425,3,PUP,1,1,1,10,10,5,10,10,10,0,0.6,0.8,20,20,15,1,900,0,1,1,1,1,2,1,1
55,426,3,PUP,1,1,1,10,10,5,15,15,10,0,0.6,0.8,25,25,15,2,900,0,1,1,1,1,2,1,1
55,427,3,PUP,1,1,1,15,10,5,15,10,10,0,0.8,0.8,30,20,15,3,900,0,1,1,1,1,2,1,1
55,428,3,PUP,1,1,1,15,10,5,10,15,10,0,0.8,0.8,25,25,15,4,900,0,1,1,1,1,2,1,1
55,429,2,PSP,1,1,1,15,10,5,15,10,10,0,0.6,1.5,30,20,15,5,900,0,1,1,1,1,2,1,1
55,430,2,PSP,1,1,1,15,10,5,10,15,10,0,0.6,1.5,25,25,15,6,900,0,1,1,1,1,2,1,1
55,431,1,FSP,1,1,1,10,10,5,10,10,10,0,0.8,1.5,20,20,15,7,900,0,1,1,1,1,2,1,1
55,432,1,FSP,1,1,1,10,10,5,15,15,10,0,0.8,1.5,25,25,15,8,900,0,1,1,1,1,2,1,1
56,433,1,FSP,1,1,1,10,10,5,10,10,10,0,0.6,0.8,20,20,15,1,900,0,0,0,1,0,4,1,1
56,434,1,FSP,1,1,1,10,10,5,15,15,10,0,0.6,0.8,25,25,15,2,900,0,0,0,1,0,4,1,1
56,435,1,FSP,1,1,1,15,10,5,15,10,10,0,0.8,0.8,30,20,15,3,900,0,0,0,1,0,4,1,1
56,436,1,FSP,1,1,1,15,10,5,10,15,10,0,0.8,0.8,25,25,15,4,900,0,0,0,1,0,4,1,1
56,437,1,FSP,1,1,1,15,10,5,15,10,10,0,0.6,1.5,30,20,15,5,900,0,0,0,1,0,4,1,1
56,438,1,FSP,1,1,1,15,10,5,10,15,10,0,0.6,1.5,25,25,15,6,900,0,0,0,1,0,4,1,1
56,439,1,FSP,1,1,1,10,10,5,10,10,10,0,0.8,1.5,20,20,15,7,900,0,0,0,1,0,4,1,1
56,440,1,FSP,1,1,1,10,10,5,15,15,10,0,0.8,1.5,25,25,15,8,900,0,0,0,1,0,4,1,1
57,441,3,PUP,1,1,1,10,10,5,10,10,10,0,0.6,0.8,20,20,15,1,900,0,0,0,1,0,4,1,1
57,442,3,PUP,1,1,1,10,10,5,15,15,10,0,0.6,0.8,25,25,15,2,900,0,0,0,1,0,4,1,1
57,443,3,PUP,1,1,1,15,10,5,15,10,10,0,0.8,0.8,30,20,15,3,900,0,0,0,1,0,4,1,1
57,444,3,PUP,1,1,1,15,10,5,10,15,10,0,0.8,0.8,25,25,15,4,900,0,0,0,1,0,4,1,1
57,445,1,FSP,1,1,1,15,10,5,15,10,10,0,0.6,1.5,30,20,15,5,900,0,0,0,1,0,4,1,1
57,446,1,FSP,1,1,1,15,10,5,10,15,10,0,0.6,1.5,25,25,15,6,900,0,0,0,1,0,4,1,1
57,447,1,FSP,1,1,1,10,10,5,10,10,10,0,0.8,1.5,20,20,15,7,900,0,0,0,1,0,4,1,1
57,448,1,FSP,1,1,1,10,10,5,15,15,10,0,0.8,1.5,25,25,15,8,900,0,0,0,1,0,4,1,1
58,449,1,FSP,1,1,1,10,10,5,10,10,10,0,0.6,0.8,20,20,15,1,900,1,0,0,1,0,3,1,1
58,450,1,FSP,1,1,1,10,10,5,15,15,10,0,0.6,0.8,25,25,15,2,900,1,0,0,1,0,3,1,1
58,451,1,FSP,1,1,1,15,10,5,15,10,10,0,0.8,0.8,30,20,15,3,900,1,0,0,1,0,3,1,1
58,452,1,FSP,1,1,1,15,10,5,10,15,10,0,0.8,0.8,25,25,15,4,900,1,0,0,1,0,3,1,1
58,453,1,FSP,1,1,1,15,10,5,15,10,10,0,0.6,1.5,30,20,15,5,900,1,0,0,1,0,3,1,1
58,454,1,FSP,1,1,1,15,10,5,10,15,10,0,0.6,1.5,25,25,15,6,900,1,0,0,1,0,3,1,1
58,455,1,FSP,1,1,1,10,10,5,10,10,10,0,0.8,1.5,20,20,15,7,900,1,0,0,1,0,3,1,1
58,456,1,FSP,1,1,1,10,10,5,15,15,10,0,0.8,1.5,25,25,15,8,900,1,0,0,1,0,3,1,1
59,457,3,PUP,1,1,1,10,10,5,10,10,10,0,0.6,0.8,20,20,15,1,900,0,1,1,1,1,5,1,1
59,458,3,PUP,1,1,1,10,10,5,15,15,10,0,0.6,0.8,25,25,15,2,900,0,1,1,1,1,5,1,1
59,459,3,PUP,1,1,1,15,10,5,15,10,10,0,0.8,0.8,30,20,15,3,900,0,1,1,1,1,5,1,1
59,460,3,PUP,1,1,1,15,10,5,10,15,10,0,0.8,0.8,25,25,15,4,900,0,1,1,1,1,5,1,1
59,461,2,PSP,1,1,1,15,10,5,15,10,10,0,0.6,1.5,30,20,15,5,900,0,1,1,1,1,5,1,1
59,462,2,PSP,1,1,1,15,10,5,10,15,10,0,0.6,1.5,25,25,15,6,900,0,1,1,1,1,5,1,1
59,463,1,FSP,1,1,1,10,10,5,10,10,10,0,0.8,1.5,20,20,15,7,900,0,1,1,1,1,5,1,1
59,464,1,FSP,1,1,1,10,10,5,15,15,10,0,0.8,1.5,25,25,15,8,900,0,1,1,1,1,5,1,1
60,465,1,FSP,1,1,1,10,10,5,10,10,10,0,0.6,0.8,20,20,15,1,900,0,1,1,1,1,2,1,1
60,466,1,FSP,1,1,1,10,10,5,15,15,10,0,0.6,0.8,25,25,15,2,900,0,1,1,1,1,2,1,1
60,467,1,FSP,1,1,1,15,10,5,15,10,10,0,0.8,0.8,30,20,15,3,900,0,1,1,1,1,2,1,1
60,468,1,FSP,1,1,1,15,10,5,10,15,10,0,0.8,0.8,25,25,15,4,900,0,1,1,1,1,2,1,1
60,469,1,FSP,1,1,1,15,10,5,15,10,10,0,0.6,1.5,30,20,15,5,900,0,1,1,1,1,2,1,1
60,470,1,FSP,1,1,1,15,10,5,10,15,10,0,0.6,1.5,25,25,15,6,900,0,1,1,1,1,2,1,1
60,471,1,FSP,1,1,1,10,10,5,10,10,10,0,0.8,1.5,20,20,15,7,900,0,1,1,1,1,2,1,1
60,472,1,FSP,1,1,1,10,10,5,15,15,10,0,0.8,1.5,25,25,15,8,900,0,1,1,1,1,2,1,1
61,473,3,PUP,1,1,1,10,10,5,10,10,10,0,0.6,0.8,20,20,15,1,900,0,1,1,1,1,1,1,1
61,474,3,PUP,1,1,1,10,10,5,15,15,10,0,0.6,0.8,25,25,15,2,900,0,1,1,1,1,1,1,1
61,475,3,PUP,1,1,1,15,10,5,15,10,10,0,0.8,0.8,30,20,15,3,900,0,1,1,1,1,1,1,1
61,476,3,PUP,1,1,1,15,10,5,10,15,10,0,0.8,0.8,25,25,15,4,900,0,1,1,1,1,1,1,1
61,477,1,FSP,1,1,1,15,10,5,15,10,10,0,0.6,1.5,30,20,15,5,900,0,1,1,1,1,1,1,1
61,478,1,FSP,1,1,1,15,10,5,10,15,10,0,0.6,1.5,25,25,15,6,900,0,1,1,1,1,1,1,1
61,479,1,FSP,1,1,1,10,10,5,10,10,10,0,0.8,1.5,20,20,15,7,900,0,1,1,1,1,1,1,1
61,480,1,FSP,1,1,1,10,10,5,15,15,10,0,0.8,1.5,25,25,15,8,900,0,1,1,1,1,1,1,1
62,481,1,FSP,1,1,1,10,10,5,10,10,10,0,0.6,0.8,20,20,15,1,900,1,0,0,1,0,2,1,1
62,482,1,FSP,1,1,1,10,10,5,15,15,10,0,0.6,0.8,25,25,15,2,900,1,0,0,1,0,2,1,1
62,483,1,FSP,1,1,1,15,10,5,15,10,10,0,0.8,0.8,30,20,15,3,900,1,0,0,1,0,2,1,1
62,484,1,FSP,1,1,1,15,10,5,10,15,10,0,0.8,0.8,25,25,15,4,900,1,0,0,1,0,2,1,1
62,485,1,FSP,1,1,1,15,10,5,15,10,10,0,0.6,1.5,30,20,15,5,900,1,0,0,1,0,2,1,1
62,486,1,FSP,1,1,1,15,10,5,10,15,10,0,0.6,1.5,25,25,15,6,900,1,0,0,1,0,2,1,1
62,487,1,FSP,1,1,1,10,10,5,10,10,10,0,0.8,1.5,20,20,15,7,900,1,0,0,1,0,2,1,1
62,488,1,FSP,1,1,1,10,10,5,15,15,10,0,0.8,1.5,25,25,15,8,900,1,0,0,1,0,2,1,1
63,489,1,FSP,1,1,1,10,10,5,10,10,10,0,0.6,0.8,20,20,15,1,900,0,1,0,1,0,2,2,1
63,490,1,FSP,1,1,1,10,10,5,15,15,10,0,0.6,0.8,25,25,15,2,900,0,1,0,1,0,2,2,1
63,491,1,FSP,1,1,1,15,10,5,15,10,10,0,0.8,0.8,30,20,15,3,900,0,1,0,1,0,2,2,1
63,492,1,FSP,1,1,1,15,10,5,10,15,10,0,0.8,0.8,25,25,15,4,900,0,1,0,1,0,2,2,1
63,493,1,FSP,1,1,1,15,10,5,15,10,10,0,0.6,1.5,30,20,15,5,900,0,1,0,1,0,2,2,1
63,494,1,FSP,1,1,1,15,10,5,10,15,10,0,0.6,1.5,25,25,15,6,900,0,1,0,1,0,2,2,1
63,495,1,FSP,1,1,1,10,10,5,10,10,10,0,0.8,1.5,20,20,15,7,900,0,1,0,1,0,2,2,1
63,496,1,FSP,1,1,1,10,10,5,15,15,10,0,0.8,1.5,25,25,15,8,900,0,1,0,1,0,2,2,1
64,497,3,PUP,1,1,1,10,10,5,10,10,10,0,0.6,0.8,20,20,15,1,900,0,0,1,1,1,2,1,1
64,498,3,PUP,1,1,1,10,10,5,15,15,10,0,0.6,0.8,25,25,15,2,900,0,0,1,1,1,2,1,1
64,499,3,PUP,1,1,1,15,10,5,15,10,10,0,0.8,0.8,30,20,15,3,900,0,0,1,1,1,2,1,1
64,500,3,PUP,1,1,1,15,10,5,10,15,10,0,0.8,0.8,25,25,15,4,900,0,0,1,1,1,2,1,1
64,501,2,PSP,1,1,1,15,10,5,15,10,10,0,0.6,1.5,30,20,15,5,900,0,0,1,1,1,2,1,1
64,502,2,PSP,1,1,1,15,10,5,10,15,10,0,0.6,1.5,25,25,15,6,900,0,0,1,1,1,2,1,1
64,503,1,FSP,1,1,1,10,10,5,10,10,10,0,0.8,1.5,20,20,15,7,900,0,0,1,1,1,2,1,1
64,504,1,FSP,1,1,1,10,10,5,15,15,10,0,0.8,1.5,25,25,15,8,900,0,0,1,1,1,2,1,1
65,505,3,PUP,1,1,1,10,10,5,10,10,10,0,0.6,0.8,20,20,15,1,3000,1,1,1,0,0,2,1,3
65,506,3,PUP,1,1,1,10,10,5,15,15,10,0,0.6,0.8,25,25,15,2,3000,1,1,1,0,0,2,1,3
65,507,3,PUP,1,1,1,15,10,5,15,10,10,0,0.8,0.8,30,20,15,3,3000,1,1,1,0,0,2,1,3
65,508,3,PUP,1,1,1,15,10,5,10,15,10,0,0.8,0.8,25,25,15,4,3000,1,1,1,0,0,2,1,3
65,509,1,FSP,1,1,1,15,10,5,15,10,10,0,0.6,1.5,30,20,15,5,3000,1,1,1,0,0,2,1,3
65,510,1,FSP,1,1,1,15,10,5,10,15,10,0,0.6,1.5,25,25,15,6,3000,1,1,1,0,0,2,1,3
65,511,1,FSP,1,1,1,10,10,5,10,10,10,0,0.8,1.5,20,20,15,7,3000,1,1,1,0,0,2,1,3
65,512,1,FSP,1,1,1,10,10,5,15,15,10,0,0.8,1.5,25,25,15,8,3000,1,1,1,0,0,2,1,3
66,513,3,PUP,1,1,1,10,10,5,10,10,10,0,0.6,0.8,20,20,15,1,900,1,1,1,0,0,3,1,1
66,514,3,PUP,1,1,1,10,10,5,15,15,10,0,0.6,0.8,25,25,15,2,900,1,1,1,0,0,3,1,1
66,515,3,PUP,1,1,1,15,10,5,15,10,10,0,0.8,0.8,30,20,15,3,900,1,1,1,0,0,3,1,1
66,516,3,PUP,1,1,1,15,10,5,10,15,10,0,0.8,0.8,25,25,15,4,900,1,1,1,0,0,3,1,1
66,517,3,PUP,1,1,1,15,10,5,15,10,10,0,0.6,1.5,30,20,15,5,900,1,1,1,0,0,3,1,1
66,518,3,PUP,1,1,1,15,10,5,10,15,10,0,0.6,1.5,25,25,15,6,900,1,1,1,0,0,3,1,1
66,519,3,PUP,1,1,1,10,10,5,10,10,10,0,0.8,1.5,20,20,15,7,900,1,1,1,0,0,3,1,1
66,520,3,PUP,1,1,1,10,10,5,15,15,10,0,0.8,1.5,25,25,15,8,900,1,1,1,0,0,3,1,1
67,521,1,FSP,1,1,1,10,10,5,10,10,10,0,0.6,0.8,20,20,15,1,1800,0,1,1,0,0,3,1,2
67,522,1,FSP,1,1,1,10,10,5,15,15,10,0,0.6,0.8,25,25,15,2,1800,0,1,1,0,0,3,1,2
67,523,1,FSP,1,1,1,15,10,5,15,10,10,0,0.8,0.8,30,20,15,3,1800,0,1,1,0,0,3,1,2
67,524,1,FSP,1,1,1,15,10,5,10,15,10,0,0.8,0.8,25,25,15,4,1800,0,1,1,0,0,3,1,2
67,525,1,FSP,1,1,1,15,10,5,15,10,10,0,0.6,1.5,30,20,15,5,1800,0,1,1,0,0,3,1,2
67,526,1,FSP,1,1,1,15,10,5,10,15,10,0,0.6,1.5,25,25,15,6,1800,0,1,1,0,0,3,1,2
67,527,1,FSP,1,1,1,10,10,5,10,10,10,0,0.8,1.5,20,20,15,7,1800,0,1,1,0,0,3,1,2
67,528,1,FSP,1,1,1,10,10,5,15,15,10,0,0.8,1.5,25,25,15,8,1800,0,1,1,0,0,3,1,2
68,529,1,FSP,1,1,1,10,10,5,10,10,10,0,0.6,0.8,20,20,15,1,900,0,0,0,1,0,2,1,1
68,530,1,FSP,1,1,1,10,10,5,15,15,10,0,0.6,0.8,25,25,15,2,900,0,0,0,1,0,2,1,1
68,531,1,FSP,1,1,1,15,10,5,15,10,10,0,0.8,0.8,30,20,15,3,900,0,0,0,1,0,2,1,1
68,532,1,FSP,1,1,1,15,10,5,10,15,10,0,0.8,0.8,25,25,15,4,900,0,0,0,1,0,2,1,1
68,533,1,FSP,1,1,1,15,10,5,15,10,10,0,0.6,1.5,30,20,15,5,900,0,0,0,1,0,2,1,1
68,534,1,FSP,1,1,1,15,10,5,10,15,10,0,0.6,1.5,25,25,15,6,900,0,0,0,1,0,2,1,1
68,535,1,FSP,1,1,1,10,10,5,10,10,10,0,0.8,1.5,20,20,15,7,900,0,0,0,1,0,2,1,1
68,536,1,FSP,1,1,1,10,10,5,15,15,10,0,0.8,1.5,25,25,15,8,900,0,0,0,1,0,2,1,1
69,537,3,PUP,1,1,1,10,10,5,10,10,10,0,0.6,0.8,20,20,15,1,900,1,1,1,1,1,3,1,1
69,538,3,PUP,1,1,1,10,10,5,15,15,10,0,0.6,0.8,25,25,15,2,900,1,1,1,1,1,3,1,1
69,539,3,PUP,1,1,1,15,10,5,15,10,10,0,0.8,0.8,30,20,15,3,900,1,1,1,1,1,3,1,1
69,540,3,PUP,1,1,1,15,10,5,10,15,10,0,0.8,0.8,25,25,15,4,900,1,1,1,1,1,3,1,1
69,541,1,FSP,1,1,1,15,10,5,15,10,10,0,0.6,1.5,30,20,15,5,900,1,1,1,1,1,3,1,1
69,542,1,FSP,1,1,1,15,10,5,10,15,10,0,0.6,1.5,25,25,15,6,900,1,1,1,1,1,3,1,1
69,543,1,FSP,1,1,1,10,10,5,10,10,10,0,0.8,1.5,20,20,15,7,900,1,1,1,1,1,3,1,1
69,544,1,FSP,1,1,1,10,10,5,15,15,10,0,0.8,1.5,25,25,15,8,900,1,1,1,1,1,3,1,1
70,545,3,PUP,1,1,1,10,10,5,10,10,10,0,0.6,0.8,20,20,15,1,900,0,0,1,0,0,4,1,1
70,546,3,PUP,1,1,1,10,10,5,15,15,10,0,0.6,0.8,25,25,15,2,900,0,0,1,0,0,4,1,1
70,547,3,PUP,1,1,1,15,10,5,15,10,10,0,0.8,0.8,30,20,15,3,900,0,0,1,0,0,4,1,1
70,548,3,PUP,1,1,1,15,10,5,10,15,10,0,0.8,0.8,25,25,15,4,900,0,0,1,0,0,4,1,1
70,549,1,FSP,1,1,1,15,10,5,15,10,10,0,0.6,1.5,30,20,15,5,900,0,0,1,0,0,4,1,1
70,550,1,FSP,1,1,1,15,10,5,10,15,10,0,0.6,1.5,25,25,15,6,900,0,0,1,0,0,4,1,1
70,551,1,FSP,1,1,1,10,10,5,10,10,10,0,0.8,1.5,20,20,15,7,900,0,0,1,0,0,4,1,1
70,552,1,FSP,1,1,1,10,10,5,15,15,10,0,0.8,1.5,25,25,15,8,900,0,0,1,0,0,4,1,1
71,553,3,PUP,1,1,1,10,10,5,10,10,10,0,0.6,0.8,20,20,15,1,900,0,0,1,0,0,3,1,1
71,554,3,PUP,1,1,1,10,10,5,15,15,10,0,0.6,0.8,25,25,15,2,900,0,0,1,0,0,3,1,1
71,555,3,PUP,1,1,1,15,10,5,15,10,10,0,0.8,0.8,30,20,15,3,900,0,0,1,0,0,3,1,1
71,556,3,PUP,1,1,1,15,10,5,10,15,10,0,0.8,0.8,25,25,15,4,900,0,0,1,0,0,3,1,1
71,557,1,FSP,1,1,1,15,10,5,15,10,10,0,0.6,1.5,30,20,15,5,900,0,0,1,0,0,3,1,1
71,558,1,FSP,1,1,1,15,10,5,10,15,10,0,0.6,1.5,25,25,15,6,900,0,0,1,0,0,3,1,1
71,559,1,FSP,1,1,1,10,10,5,10,10,10,0,0.8,1.5,20,20,15,7,900,0,0,1,0,0,3,1,1
71,560,1,FSP,1,1,1,10,10,5,15,15,10,0,0.8,1.5,25,25,15,8,900,0,0,1,0,0,3,1,1
72,561,3,PUP,1,1,1,10,10,5,10,10,10,0,0.6,0.8,20,20,15,1,3000,1,1,1,0,0,4,1,3
72,562,3,PUP,1,1,1,10,10,5,15,15,10,0,0.6,0.8,25,25,15,2,3000,1,1,1,0,0,4,1,3
72,563,3,PUP,1,1,1,15,10,5,15,10,10,0,0.8,0.8,30,20,15,3,3000,1,1,1,0,0,4,1,3
72,564,3,PUP,1,1,1,15,10,5,10,15,10,0,0.8,0.8,25,25,15,4,3000,1,1,1,0,0,4,1,3
72,565,1,FSP,1,1,1,15,10,5,15,10,10,0,0.6,1.5,30,20,15,5,3000,1,1,1,0,0,4,1,3
72,566,1,FSP,1,1,1,15,10,5,10,15,10,0,0.6,1.5,25,25,15,6,3000,1,1,1,0,0,4,1,3
72,567,1,FSP,1,1,1,10,10,5,10,10,10,0,0.8,1.5,20,20,15,7,3000,1,1,1,0,0,4,1,3
72,568,1,FSP,1,1,1,10,10,5,15,15,10,0,0.8,1.5,25,25,15,8,3000,1,1,1,0,0,4,1,3
73,569,3,PUP,1,1,1,10,10,5,10,10,10,0,0.6,0.8,20,20,15,1,900,0,1,1,1,1,3,1,1
73,570,3,PUP,1,1,1,10,10,5,15,15,10,0,0.6,0.8,25,25,15,2,900,0,1,1,1,1,3,1,1
73,571,3,PUP,1,1,1,15,10,5,15,10,10,0,0.8,0.8,30,20,15,3,900,0,1,1,1,1,3,1,1
73,572,3,PUP,1,1,1,15,10,5,10,15,10,0,0.8,0.8,25,25,15,4,900,0,1,1,1,1,3,1,1
73,573,1,FSP,1,1,1,15,10,5,15,10,10,0,0.6,1.5,30,20,15,5,900,0,1,1,1,1,3,1,1
73,574,1,FSP,1,1,1,15,10,5,10,15,10,0,0.6,1.5,25,25,15,6,900,0,1,1,1,1,3,1,1
73,575,1,FSP,1,1,1,10,10,5,10,10,10,0,0.8,1.5,20,20,15,7,900,0,1,1,1,1,3,1,1
73,576,1,FSP,1,1,1,10,10,5,15,15,10,0,0.8,1.5,25,25,15,8,900,0,1,1,1,1,3,1,1
74,577,3,PUP,1,1,1,10,10,5,10,10,10,0,0.6,0.8,20,20,15,1,900,0,0,0,1,0,3,1,1
74,578,3,PUP,1,1,1,10,10,5,15,15,10,0,0.6,0.8,25,25,15,2,900,0,0,0,1,0,3,1,1
74,579,3,PUP,1,1,1,15,10,5,15,10,10,0,0.8,0.8,30,20,15,3,900,0,0,0,1,0,3,1,1
74,580,3,PUP,1,1,1,15,10,5,10,15,10,0,0.8,0.8,25,25,15,4,900,0,0,0,1,0,3,1,1
74,581,1,FSP,1,1,1,15,10,5,15,10,10,0,0.6,1.5,30,20,15,5,900,0,0,0,1,0,3,1,1
74,582,1,FSP,1,1,1,15,10,5,10,15,10,0,0.6,1.5,25,25,15,6,900,0,0,0,1,0,3,1,1
74,583,1,FSP,1,1,1,10,10,5,10,10,10,0,0.8,1.5,20,20,15,7,900,0,0,0,1,0,3,1,1
74,584,1,FSP,1,1,1,10,10,5,15,15,10,0,0.8,1.5,25,25,15,8,900,0,0,0,1,0,3,1,1
75,585,1,FSP,1,1,1,10,10,5,10,10,10,0,0.6,0.8,20,20,15,1,300,1,0,1,0,0,4,1,1
75,586,1,FSP,1,1,1,10,10,5,15,15,10,0,0.6,0.8,25,25,15,2,300,1,0,1,0,0,4,1,1
75,587,1,FSP,1,1,1,15,10,5,15,10,10,0,0.8,0.8,30,20,15,3,300,1,0,1,0,0,4,1,1
75,588,1,FSP,1,1,1,15,10,5,10,15,10,0,0.8,0.8,25,25,15,4,300,1,0,1,0,0,4,1,1
75,589,1,FSP,1,1,1,15,10,5,15,10,10,0,0.6,1.5,30,20,15,5,300,1,0,1,0,0,4,1,1
75,590,1,FSP,1,1,1,15,10,5,10,15,10,0,0.6,1.5,25,25,15,6,300,1,0,1,0,0,4,1,1
75,591,1,FSP,1,1,1,10,10,5,10,10,10,0,0.8,1.5,20,20,15,7,300,1,0,1,0,0,4,1,1
75,592,1,FSP,1,1,1,10,10,5,15,15,10,0,0.8,1.5,25,25,15,8,300,1,0,1,0,0,4,1,1
76,593,3,PUP,1,1,1,10,10,5,10,10,10,0,0.6,0.8,20,20,15,1,3000,0,1,1,1,1,4,1,3
76,594,3,PUP,1,1,1,10,10,5,15,15,10,0,0.6,0.8,25,25,15,2,3000,0,1,1,1,1,4,1,3
76,595,3,PUP,1,1,1,15,10,5,15,10,10,0,0.8,0.8,30,20,15,3,3000,0,1,1,1,1,4,1,3
76,596,3,PUP,1,1,1,15,10,5,10,15,10,0,0.8,0.8,25,25,15,4,3000,0,1,1,1,1,4,1,3
76,597,1,FSP,1,1,1,15,10,5,15,10,10,0,0.6,1.5,30,20,15,5,3000,0,1,1,1,1,4,1,3
76,598,1,FSP,1,1,1,15,10,5,10,15,10,0,0.6,1.5,25,25,15,6,3000,0,1,1,1,1,4,1,3
76,599,1,FSP,1,1,1,10,10,5,10,10,10,0,0.8,1.5,20,20,15,7,3000,0,1,1,1,1,4,1,3
76,600,1,FSP,1,1,1,10,10,5,15,15,10,0,0.8,1.5,25,25,15,8,3000,0,1,1,1,1,4,1,3
77,601,1,FSP,1,1,1,10,10,5,10,10,10,0,0.6,0.8,20,20,15,1,3000,0,1,0,1,0,4,1,3
77,602,1,FSP,1,1,1,10,10,5,15,15,10,0,0.6,0.8,25,25,15,2,3000,0,1,0,1,0,4,1,3
77,603,1,FSP,1,1,1,15,10,5,15,10,10,0,0.8,0.8,30,20,15,3,3000,0,1,0,1,0,4,1,3
77,604,1,FSP,1,1,1,15,10,5,10,15,10,0,0.8,0.8,25,25,15,4,3000,0,1,0,1,0,4,1,3
77,605,1,FSP,1,1,1,15,10,5,15,10,10,0,0.6,1.5,30,20,15,5,3000,0,1,0,1,0,4,1,3
77,606,1,FSP,1,1,1,15,10,5,10,15,10,0,0.6,1.5,25,25,15,6,3000,0,1,0,1,0,4,1,3
77,607,1,FSP,1,1,1,10,10,5,10,10,10,0,0.8,1.5,20,20,15,7,3000,0,1,0,1,0,4,1,3
77,608,1,FSP,1,1,1,10,10,5,15,15,10,0,0.8,1.5,25,25,15,8,3000,0,1,0,1,0,4,1,3
78,609,1,FSP,1,1,1,10,10,5,10,10,10,0,0.6,0.8,20,20,15,1,900,1,1,0,1,0,3,1,1
78,610,1,FSP,1,1,1,10,10,5,15,15,10,0,0.6,0.8,25,25,15,2,900,1,1,0,1,0,3,1,1
78,611,1,FSP,1,1,1,15,10,5,15,10,10,0,0.8,0.8,30,20,15,3,900,1,1,0,1,0,3,1,1
78,612,1,FSP,1,1,1,15,10,5,10,15,10,0,0.8,0.8,25,25,15,4,900,1,1,0,1,0,3,1,1
78,613,1,FSP,1,1,1,15,10,5,15,10,10,0,0.6,1.5,30,20,15,5,900,1,1,0,1,0,3,1,1
78,614,1,FSP,1,1,1,15,10,5,10,15,10,0,0.6,1.5,25,25,15,6,900,1,1,0,1,0,3,1,1
78,615,1,FSP,1,1,1,10,10,5,10,10,10,0,0.8,1.5,20,20,15,7,900,1,1,0,1,0,3,1,1
78,616,1,FSP,1,1,1,10,10,5,15,15,10,0,0.8,1.5,25,25,15,8,900,1,1,0,1,0,3,1,1
79,617,3,PUP,1,1,1,10,10,5,10,10,10,0,0.6,0.8,20,20,15,1,1800,0,0,1,0,0,3,1,2
79,618,3,PUP,1,1,1,10,10,5,15,15,10,0,0.6,0.8,25,25,15,2,1800,0,0,1,0,0,3,1,2
79,619,3,PUP,1,1,1,15,10,5,15,10,10,0,0.8,0.8,30,20,15,3,1800,0,0,1,0,0,3,1,2
79,620,3,PUP,1,1,1,15,10,5,10,15,10,0,0.8,0.8,25,25,15,4,1800,0,0,1,0,0,3,1,2
79,621,2,PSP,1,1,1,15,10,5,15,10,10,0,0.6,1.5,30,20,15,5,1800,0,0,1,0,0,3,1,2
79,622,2,PSP,1,1,1,15,10,5,10,15,10,0,0.6,1.5,25,25,15,6,1800,0,0,1,0,0,3,1,2
79,623,1,FSP,1,1,1,10,10,5,10,10,10,0,0.8,1.5,20,20,15,7,1800,0,0,1,0,0,3,1,2
79,624,1,FSP,1,1,1,10,10,5,15,15,10,0,0.8,1.5,25,25,15,8,1800,0,0,1,0,0,3,1,2
80,625,3,PUP,1,1,1,10,10,5,10,10,10,0,0.6,0.8,20,20,15,1,900,1,0,0,1,0,3,1,1
80,626,3,PUP,1,1,1,10,10,5,15,15,10,0,0.6,0.8,25,25,15,2,900,1,0,0,1,0,3,1,1
80,627,3,PUP,1,1,1,15,10,5,15,10,10,0,0.8,0.8,30,20,15,3,900,1,0,0,1,0,3,1,1
80,628,3,PUP,1,1,1,15,10,5,10,15,10,0,0.8,0.8,25,25,15,4,900,1,0,0,1,0,3,1,1
80,629,1,FSP,1,1,1,15,10,5,15,10,10,0,0.6,1.5,30,20,15,5,900,1,0,0,1,0,3,1,1
80,630,1,FSP,1,1,1,15,10,5,10,15,10,0,0.6,1.5,25,25,15,6,900,1,0,0,1,0,3,1,1
80,631,1,FSP,1,1,1,10,10,5,10,10,10,0,0.8,1.5,20,20,15,7,900,1,0,0,1,0,3,1,1
80,632,1,FSP,1,1,1,10,10,5,15,15,10,0,0.8,1.5,25,25,15,8,900,1,0,0,1,0,3,1,1
81,633,1,FSP,1,1,1,10,10,5,10,10,10,0,0.6,0.8,20,20,15,1,900,0,1,1,1,1,4,1,1
81,634,1,FSP,1,1,1,10,10,5,15,15,10,0,0.6,0.8,25,25,15,2,900,0,1,1,1,1,4,1,1
81,635,1,FSP,1,1,1,15,10,5,15,10,10,0,0.8,0.8,30,20,15,3,900,0,1,1,1,1,4,1,1
81,636,1,FSP,1,1,1,15,10,5,10,15,10,0,0.8,0.8,25,25,15,4,900,0,1,1,1,1,4,1,1
81,637,1,FSP,1,1,1,15,10,5,15,10,10,0,0.6,1.5,30,20,15,5,900,0,1,1,1,1,4,1,1
81,638,1,FSP,1,1,1,15,10,5,10,15,10,0,0.6,1.5,25,25,15,6,900,0,1,1,1,1,4,1,1
81,639,1,FSP,1,1,1,10,10,5,10,10,10,0,0.8,1.5,20,20,15,7,900,0,1,1,1,1,4,1,1
81,640,1,FSP,1,1,1,10,10,5,15,15,10,0,0.8,1.5,25,25,15,8,900,0,1,1,1,1,4,1,1
82,641,3,PUP,1,1,1,10,10,5,10,10,10,0,0.6,0.8,20,20,15,1,900,1,1,0,1,0,3,1,1
82,642,3,PUP,1,1,1,10,10,5,15,15,10,0,0.6,0.8,25,25,15,2,900,1,1,0,1,0,3,1,1
82,643,3,PUP,1,1,1,15,10,5,15,10,10,0,0.8,0.8,30,20,15,3,900,1,1,0,1,0,3,1,1
82,644,3,PUP,1,1,1,15,10,5,10,15,10,0,0.8,0.8,25,25,15,4,900,1,1,0,1,0,3,1,1
82,645,1,FSP,1,1,1,15,10,5,15,10,10,0,0.6,1.5,30,20,15,5,900,1,1,0,1,0,3,1,1
82,646,1,FSP,1,1,1,15,10,5,10,15,10,0,0.6,1.5,25,25,15,6,900,1,1,0,1,0,3,1,1
82,647,1,FSP,1,1,1,10,10,5,10,10,10,0,0.8,1.5,20,20,15,7,900,1,1,0,1,0,3,1,1
82,648,1,FSP,1,1,1,10,10,5,15,15,10,0,0.8,1.5,25,25,15,8,900,1,1,0,1,0,3,1,1
83,649,1,FSP,1,1,1,10,10,5,10,10,10,0,0.6,0.8,20,20,15,1,900,0,1,1,1,1,4,1,1
83,650,1,FSP,1,1,1,10,10,5,15,15,10,0,0.6,0.8,25,25,15,2,900,0,1,1,1,1,4,1,1
83,651,1,FSP,1,1,1,15,10,5,15,10,10,0,0.8,0.8,30,20,15,3,900,0,1,1,1,1,4,1,1
83,652,1,FSP,1,1,1,15,10,5,10,15,10,0,0.8,0.8,25,25,15,4,900,0,1,1,1,1,4,1,1
83,653,1,FSP,1,1,1,15,10,5,15,10,10,0,0.6,1.5,30,20,15,5,900,0,1,1,1,1,4,1,1
83,654,1,FSP,1,1,1,15,10,5,10,15,10,0,0.6,1.5,25,25,15,6,900,0,1,1,1,1,4,1,1
83,655,1,FSP,1,1,1,10,10,5,10,10,10,0,0.8,1.5,20,20,15,7,900,0,1,1,1,1,4,1,1
83,656,1,FSP,1,1,1,10,10,5,15,15,10,0,0.8,1.5,25,25,15,8,900,0,1,1,1,1,4,1,1
84,657,3,PUP,1,1,1,10,10,5,10,10,10,0,0.6,0.8,20,20,15,1,900,1,0,1,0,0,4,1,1
84,658,3,PUP,1,1,1,10,10,5,15,15,10,0,0.6,0.8,25,25,15,2,900,1,0,1,0,0,4,1,1
84,659,3,PUP,1,1,1,15,10,5,15,10,10,0,0.8,0.8,30,20,15,3,900,1,0,1,0,0,4,1,1
84,660,3,PUP,1,1,1,15,10,5,10,15,10,0,0.8,0.8,25,25,15,4,900,1,0,1,0,0,4,1,1
84,661,1,FSP,1,1,1,15,10,5,15,10,10,0,0.6,1.5,30,20,15,5,900,1,0,1,0,0,4,1,1
84,662,1,FSP,1,1,1,15,10,5,10,15,10,0,0.6,1.5,25,25,15,6,900,1,0,1,0,0,4,1,1
84,663,1,FSP,1,1,1,10,10,5,10,10,10,0,0.8,1.5,20,20,15,7,900,1,0,1,0,0,4,1,1
84,664,1,FSP,1,1,1,10,10,5,15,15,10,0,0.8,1.5,25,25,15,8,900,1,0,1,0,0,4,1,1
85,665,3,PUP,1,1,1,10,10,5,10,10,10,0,0.6,0.8,20,20,15,1,900,1,0,0,1,0,4,1,1
85,666,3,PUP,1,1,1,10,10,5,15,15,10,0,0.6,0.8,25,25,15,2,900,1,0,0,1,0,4,1,1
85,667,3,PUP,1,1,1,15,10,5,15,10,10,0,0.8,0.8,30,20,15,3,900,1,0,0,1,0,4,1,1
85,668,3,PUP,1,1,1,15,10,5,10,15,10,0,0.8,0.8,25,25,15,4,900,1,0,0,1,0,4,1,1
85,669,2,PSP,1,1,1,15,10,5,15,10,10,0,0.6,1.5,30,20,15,5,900,1,0,0,1,0,4,1,1
85,670,2,PSP,1,1,1,15,10,5,10,15,10,0,0.6,1.5,25,25,15,6,900,1,0,0,1,0,4,1,1
85,671,1,FSP,1,1,1,10,10,5,10,10,10,0,0.8,1.5,20,20,15,7,900,1,0,0,1,0,4,1,1
85,672,1,FSP,1,1,1,10,10,5,15,15,10,0,0.8,1.5,25,25,15,8,900,1,0,0,1,0,4,1,1
86,673,3,PUP,1,1,1,10,10,5,10,10,10,0,0.6,0.8,20,20,15,1,900,0,1,0,1,0,2,1,1
86,674,3,PUP,1,1,1,10,10,5,15,15,10,0,0.6,0.8,25,25,15,2,900,0,1,0,1,0,2,1,1
86,675,3,PUP,1,1,1,15,10,5,15,10,10,0,0.8,0.8,30,20,15,3,900,0,1,0,1,0,2,1,1
86,676,3,PUP,1,1,1,15,10,5,10,15,10,0,0.8,0.8,25,25,15,4,900,0,1,0,1,0,2,1,1
86,677,1,FSP,1,1,1,15,10,5,15,10,10,0,0.6,1.5,30,20,15,5,900,0,1,0,1,0,2,1,1
86,678,1,FSP,1,1,1,15,10,5,10,15,10,0,0.6,1.5,25,25,15,6,900,0,1,0,1,0,2,1,1
86,679,1,FSP,1,1,1,10,10,5,10,10,10,0,0.8,1.5,20,20,15,7,900,0,1,0,1,0,2,1,1
86,680,1,FSP,1,1,1,10,10,5,15,15,10,0,0.8,1.5,25,25,15,8,900,0,1,0,1,0,2,1,1
87,681,3,PUP,1,1,1,10,10,5,10,10,10,0,0.6,0.8,20,20,15,1,900,1,1,1,1,1,2,2,1
87,682,3,PUP,1,1,1,10,10,5,15,15,10,0,0.6,0.8,25,25,15,2,900,1,1,1,1,1,2,2,1
87,683,3,PUP,1,1,1,15,10,5,15,10,10,0,0.8,0.8,30,20,15,3,900,1,1,1,1,1,2,2,1
87,684,3,PUP,1,1,1,15,10,5,10,15,10,0,0.8,0.8,25,25,15,4,900,1,1,1,1,1,2,2,1
87,685,2,PSP,1,1,1,15,10,5,15,10,10,0,0.6,1.5,30,20,15,5,900,1,1,1,1,1,2,2,1
87,686,2,PSP,1,1,1,15,10,5,10,15,10,0,0.6,1.5,25,25,15,6,900,1,1,1,1,1,2,2,1
87,687,1,FSP,1,1,1,10,10,5,10,10,10,0,0.8,1.5,20,20,15,7,900,1,1,1,1,1,2,2,1
87,688,1,FSP,1,1,1,10,10,5,15,15,10,0,0.8,1.5,25,25,15,8,900,1,1,1,1,1,2,2,1
89,689,3,PUP,1,1,1,10,10,5,10,10,10,0,0.6,0.8,20,20,15,1,3000,0,0,1,0,0,4,1,3
89,690,3,PUP,1,1,1,10,10,5,15,15,10,0,0.6,0.8,25,25,15,2,3000,0,0,1,0,0,4,1,3
89,691,3,PUP,1,1,1,15,10,5,15,10,10,0,0.8,0.8,30,20,15,3,3000,0,0,1,0,0,4,1,3
89,692,3,PUP,1,1,1,15,10,5,10,15,10,0,0.8,0.8,25,25,15,4,3000,0,0,1,0,0,4,1,3
89,693,1,FSP,1,1,1,15,10,5,15,10,10,0,0.6,1.5,30,20,15,5,3000,0,0,1,0,0,4,1,3
89,694,1,FSP,1,1,1,15,10,5,10,15,10,0,0.6,1.5,25,25,15,6,3000,0,0,1,0,0,4,1,3
89,695,1,FSP,1,1,1,10,10,5,10,10,10,0,0.8,1.5,20,20,15,7,3000,0,0,1,0,0,4,1,3
89,696,1,FSP,1,1,1,10,10,5,15,15,10,0,0.8,1.5,25,25,15,8,3000,0,0,1,0,0,4,1,3
90,697,1,FSP,1,1,1,10,10,5,10,10,10,0,0.6,0.8,20,20,15,1,1800,0,1,1,1,1,2,1,2
90,698,1,FSP,1,1,1,10,10,5,15,15,10,0,0.6,0.8,25,25,15,2,1800,0,1,1,1,1,2,1,2
90,699,1,FSP,1,1,1,15,10,5,15,10,10,0,0.8,0.8,30,20,15,3,1800,0,1,1,1,1,2,1,2
90,700,1,FSP,1,1,1,15,10,5,10,15,10,0,0.8,0.8,25,25,15,4,1800,0,1,1,1,1,2,1,2
90,701,1,FSP,1,1,1,15,10,5,15,10,10,0,0.6,1.5,30,20,15,5,1800,0,1,1,1,1,2,1,2
90,702,1,FSP,1,1,1,15,10,5,10,15,10,0,0.6,1.5,25,25,15,6,1800,0,1,1,1,1,2,1,2
90,703,1,FSP,1,1,1,10,10,5,10,10,10,0,0.8,1.5,20,20,15,7,1800,0,1,1,1,1,2,1,2
90,704,1,FSP,1,1,1,10,10,5,15,15,10,0,0.8,1.5,25,25,15,8,1800,0,1,1,1,1,2,1,2
91,705,1,FSP,1,1,1,10,10,5,10,10,10,0,0.6,0.8,20,20,15,1,900,0,1,1,0,0,3,2,1
91,706,1,FSP,1,1,1,10,10,5,15,15,10,0,0.6,0.8,25,25,15,2,900,0,1,1,0,0,3,2,1
91,707,1,FSP,1,1,1,15,10,5,15,10,10,0,0.8,0.8,30,20,15,3,900,0,1,1,0,0,3,2,1
91,708,1,FSP,1,1,1,15,10,5,10,15,10,0,0.8,0.8,25,25,15,4,900,0,1,1,0,0,3,2,1
91,709,1,FSP,1,1,1,15,10,5,15,10,10,0,0.6,1.5,30,20,15,5,900,0,1,1,0,0,3,2,1
91,710,1,FSP,1,1,1,15,10,5,10,15,10,0,0.6,1.5,25,25,15,6,900,0,1,1,0,0,3,2,1
91,711,1,FSP,1,1,1,10,10,5,10,10,10,0,0.8,1.5,20,20,15,7,900,0,1,1,0,0,3,2,1
91,712,1,FSP,1,1,1,10,10,5,15,15,10,0,0.8,1.5,25,25,15,8,900,0,1,1,0,0,3,2,1
92,713,3,PUP,1,1,1,10,10,5,10,10,10,0,0.6,0.8,20,20,15,1,1800,0,1,0,1,0,6,1,2
92,714,3,PUP,1,1,1,10,10,5,15,15,10,0,0.6,0.8,25,25,15,2,1800,0,1,0,1,0,6,1,2
92,715,3,PUP,1,1,1,15,10,5,15,10,10,0,0.8,0.8,30,20,15,3,1800,0,1,0,1,0,6,1,2
92,716,3,PUP,1,1,1,15,10,5,10,15,10,0,0.8,0.8,25,25,15,4,1800,0,1,0,1,0,6,1,2
92,717,1,FSP,1,1,1,15,10,5,15,10,10,0,0.6,1.5,30,20,15,5,1800,0,1,0,1,0,6,1,2
92,718,1,FSP,1,1,1,15,10,5,10,15,10,0,0.6,1.5,25,25,15,6,1800,0,1,0,1,0,6,1,2
92,719,1,FSP,1,1,1,10,10,5,10,10,10,0,0.8,1.5,20,20,15,7,1800,0,1,0,1,0,6,1,2
92,720,1,FSP,1,1,1,10,10,5,15,15,10,0,0.8,1.5,25,25,15,8,1800,0,1,0,1,0,6,1,2
93,721,3,PUP,1,1,1,10,10,5,10,10,10,0,0.6,0.8,20,20,15,1,900,0,1,1,1,1,1,1,1
93,722,3,PUP,1,1,1,10,10,5,15,15,10,0,0.6,0.8,25,25,15,2,900,0,1,1,1,1,1,1,1
93,723,3,PUP,1,1,1,15,10,5,15,10,10,0,0.8,0.8,30,20,15,3,900,0,1,1,1,1,1,1,1
93,724,3,PUP,1,1,1,15,10,5,10,15,10,0,0.8,0.8,25,25,15,4,900,0,1,1,1,1,1,1,1
93,725,1,FSP,1,1,1,15,10,5,15,10,10,0,0.6,1.5,30,20,15,5,900,0,1,1,1,1,1,1,1
93,726,1,FSP,1,1,1,15,10,5,10,15,10,0,0.6,1.5,25,25,15,6,900,0,1,1,1,1,1,1,1
93,727,1,FSP,1,1,1,10,10,5,10,10,10,0,0.8,1.5,20,20,15,7,900,0,1,1,1,1,1,1,1
93,728,1,FSP,1,1,1,10,10,5,15,15,10,0,0.8,1.5,25,25,15,8,900,0,1,1,1,1,1,1,1
94,729,1,FSP,1,1,1,10,10,5,10,10,10,0,0.6,0.8,20,20,15,1,900,1,1,1,1,1,2,1,1
94,730,1,FSP,1,1,1,10,10,5,15,15,10,0,0.6,0.8,25,25,15,2,900,1,1,1,1,1,2,1,1
94,731,1,FSP,1,1,1,15,10,5,15,10,10,0,0.8,0.8,30,20,15,3,900,1,1,1,1,1,2,1,1
94,732,1,FSP,1,1,1,15,10,5,10,15,10,0,0.8,0.8,25,25,15,4,900,1,1,1,1,1,2,1,1
94,733,1,FSP,1,1,1,15,10,5,15,10,10,0,0.6,1.5,30,20,15,5,900,1,1,1,1,1,2,1,1
94,734,1,FSP,1,1,1,15,10,5,10,15,10,0,0.6,1.5,25,25,15,6,900,1,1,1,1,1,2,1,1
94,735,1,FSP,1,1,1,10,10,5,10,10,10,0,0.8,1.5,20,20,15,7,900,1,1,1,1,1,2,1,1
94,736,1,FSP,1,1,1,10,10,5,15,15,10,0,0.8,1.5,25,25,15,8,900,1,1,1,1,1,2,1,1
95,737,1,FSP,1,1,1,10,10,5,10,10,10,0,0.6,0.8,20,20,15,1,300,1,1,0,1,0,2,1,1
95,738,1,FSP,1,1,1,10,10,5,15,15,10,0,0.6,0.8,25,25,15,2,300,1,1,0,1,0,2,1,1
95,739,1,FSP,1,1,1,15,10,5,15,10,10,0,0.8,0.8,30,20,15,3,300,1,1,0,1,0,2,1,1
95,740,1,FSP,1,1,1,15,10,5,10,15,10,0,0.8,0.8,25,25,15,4,300,1,1,0,1,0,2,1,1
95,741,1,FSP,1,1,1,15,10,5,15,10,10,0,0.6,1.5,30,20,15,5,300,1,1,0,1,0,2,1,1
95,742,1,FSP,1,1,1,15,10,5,10,15,10,0,0.6,1.5,25,25,15,6,300,1,1,0,1,0,2,1,1
95,743,1,FSP,1,1,1,10,10,5,10,10,10,0,0.8,1.5,20,20,15,7,300,1,1,0,1,0,2,1,1
95,744,1,FSP,1,1,1,10,10,5,15,15,10,0,0.8,1.5,25,25,15,8,300,1,1,0,1,0,2,1,1
96,745,3,PUP,1,1,1,10,10,5,10,10,10,0,0.6,0.8,20,20,15,1,3000,1,0,0,1,0,5,1,3
96,746,3,PUP,1,1,1,10,10,5,15,15,10,0,0.6,0.8,25,25,15,2,3000,1,0,0,1,0,5,1,3
96,747,3,PUP,1,1,1,15,10,5,15,10,10,0,0.8,0.8,30,20,15,3,3000,1,0,0,1,0,5,1,3
96,748,3,PUP,1,1,1,15,10,5,10,15,10,0,0.8,0.8,25,25,15,4,3000,1,0,0,1,0,5,1,3
96,749,1,FSP,1,1,1,15,10,5,15,10,10,0,0.6,1.5,30,20,15,5,3000,1,0,0,1,0,5,1,3
96,750,1,FSP,1,1,1,15,10,5,10,15,10,0,0.6,1.5,25,25,15,6,3000,1,0,0,1,0,5,1,3
96,751,1,FSP,1,1,1,10,10,5,10,10,10,0,0.8,1.5,20,20,15,7,3000,1,0,0,1,0,5,1,3
96,752,1,FSP,1,1,1,10,10,5,15,15,10,0,0.8,1.5,25,25,15,8,3000,1,0,0,1,0,5,1,3
97,753,1,FSP,1,1,1,10,10,5,10,10,10,0,0.6,0.8,20,20,15,1,900,0,1,1,1,1,2,1,1
97,754,1,FSP,1,1,1,10,10,5,15,15,10,0,0.6,0.8,25,25,15,2,900,0,1,1,1,1,2,1,1
97,755,1,FSP,1,1,1,15,10,5,15,10,10,0,0.8,0.8,30,20,15,3,900,0,1,1,1,1,2,1,1
97,756,1,FSP,1,1,1,15,10,5,10,15,10,0,0.8,0.8,25,25,15,4,900,0,1,1,1,1,2,1,1
97,757,1,FSP,1,1,1,15,10,5,15,10,10,0,0.6,1.5,30,20,15,5,900,0,1,1,1,1,2,1,1
97,758,1,FSP,1,1,1,15,10,5,10,15,10,0,0.6,1.5,25,25,15,6,900,0,1,1,1,1,2,1,1
97,759,1,FSP,1,1,1,10,10,5,10,10,10,0,0.8,1.5,20,20,15,7,900,0,1,1,1,1,2,1,1
97,760,1,FSP,1,1,1,10,10,5,15,15,10,0,0.8,1.5,25,25,15,8,900,0,1,1,1,1,2,1,1
98,761,3,PUP,1,1,1,10,10,5,10,10,10,0,0.6,0.8,20,20,15,1,900,1,0,1,0,0,2,1,1
98,762,3,PUP,1,1,1,10,10,5,15,15,10,0,0.6,0.8,25,25,15,2,900,1,0,1,0,0,2,1,1
98,763,3,PUP,1,1,1,15,10,5,15,10,10,0,0.8,0.8,30,20,15,3,900,1,0,1,0,0,2,1,1
98,764,3,PUP,1,1,1,15,10,5,10,15,10,0,0.8,0.8,25,25,15,4,900,1,0,1,0,0,2,1,1
98,765,2,PSP,1,1,1,15,10,5,15,10,10,0,0.6,1.5,30,20,15,5,900,1,0,1,0,0,2,1,1
98,766,2,PSP,1,1,1,15,10,5,10,15,10,0,0.6,1.5,25,25,15,6,900,1,0,1,0,0,2,1,1
98,767,1,FSP,1,1,1,10,10,5,10,10,10,0,0.8,1.5,20,20,15,7,900,1,0,1,0,0,2,1,1
98,768,1,FSP,1,1,1,10,10,5,15,15,10,0,0.8,1.5,25,25,15,8,900,1,0,1,0,0,2,1,1
99,769,1,FSP,1,1,1,10,10,5,10,10,10,0,0.6,0.8,20,20,15,1,3000,1,0,0,1,0,3,1,3
99,770,1,FSP,1,1,1,10,10,5,15,15,10,0,0.6,0.8,25,25,15,2,3000,1,0,0,1,0,3,1,3
99,771,1,FSP,1,1,1,15,10,5,15,10,10,0,0.8,0.8,30,20,15,3,3000,1,0,0,1,0,3,1,3
99,772,1,FSP,1,1,1,15,10,5,10,15,10,0,0.8,0.8,25,25,15,4,3000,1,0,0,1,0,3,1,3
99,773,1,FSP,1,1,1,15,10,5,15,10,10,0,0.6,1.5,30,20,15,5,3000,1,0,0,1,0,3,1,3
99,774,1,FSP,1,1,1,15,10,5,10,15,10,0,0.6,1.5,25,25,15,6,3000,1,0,0,1,0,3,1,3
99,775,1,FSP,1,1,1,10,10,5,10,10,10,0,0.8,1.5,20,20,15,7,3000,1,0,0,1,0,3,1,3
99,776,1,FSP,1,1,1,10,10,5,15,15,10,0,0.8,1.5,25,25,15,8,3000,1,0,0,1,0,3,1,3
100,777,3,PUP,1,1,1,10,10,5,10,10,10,0,0.6,0.8,20,20,15,1,300,0,0,0,1,0,1,1,1
100,778,3,PUP,1,1,1,10,10,5,15,15,10,0,0.6,0.8,25,25,15,2,300,0,0,0,1,0,1,1,1
100,779,3,PUP,1,1,1,15,10,5,15,10,10,0,0.8,0.8,30,20,15,3,300,0,0,0,1,0,1,1,1
100,780,3,PUP,1,1,1,15,10,5,10,15,10,0,0.8,0.8,25,25,15,4,300,0,0,0,1,0,1,1,1
100,781,1,FSP,1,1,1,15,10,5,15,10,10,0,0.6,1.5,30,20,15,5,300,0,0,0,1,0,1,1,1
100,782,1,FSP,1,1,1,15,10,5,10,15,10,0,0.6,1.5,25,25,15,6,300,0,0,0,1,0,1,1,1
100,783,1,FSP,1,1,1,10,10,5,10,10,10,0,0.8,1.5,20,20,15,7,300,0,0,0,1,0,1,1,1
100,784,1,FSP,1,1,1,10,10,5,15,15,10,0,0.8,1.5,25,25,15,8,300,0,0,0,1,0,1,1,1
101,785,3,PUP,1,1,1,10,10,5,10,10,10,0,0.6,0.8,20,20,15,1,900,1,1,1,0,0,3,1,1
101,786,3,PUP,1,1,1,10,10,5,15,15,10,0,0.6,0.8,25,25,15,2,900,1,1,1,0,0,3,1,1
101,787,3,PUP,1,1,1,15,10,5,15,10,10,0,0.8,0.8,30,20,15,3,900,1,1,1,0,0,3,1,1
101,788,3,PUP,1,1,1,15,10,5,10,15,10,0,0.8,0.8,25,25,15,4,900,1,1,1,0,0,3,1,1
101,789,3,PUP,1,1,1,15,10,5,15,10,10,0,0.6,1.5,30,20,15,5,900,1,1,1,0,0,3,1,1
101,790,3,PUP,1,1,1,15,10,5,10,15,10,0,0.6,1.5,25,25,15,6,900,1,1,1,0,0,3,1,1
101,791,3,PUP,1,1,1,10,10,5,10,10,10,0,0.8,1.5,20,20,15,7,900,1,1,1,0,0,3,1,1
101,792,3,PUP,1,1,1,10,10,5,15,15,10,0,0.8,1.5,25,25,15,8,900,1,1,1,0,0,3,1,1
102,793,3,PUP,1,1,1,10,10,5,10,10,10,0,0.6,0.8,20,20,15,1,3000,0,0,0,1,0,1,1,3
102,794,3,PUP,1,1,1,10,10,5,15,15,10,0,0.6,0.8,25,25,15,2,3000,0,0,0,1,0,1,1,3
102,795,3,PUP,1,1,1,15,10,5,15,10,10,0,0.8,0.8,30,20,15,3,3000,0,0,0,1,0,1,1,3
102,796,3,PUP,1,1,1,15,10,5,10,15,10,0,0.8,0.8,25,25,15,4,3000,0,0,0,1,0,1,1,3
102,797,2,PSP,1,1,1,15,10,5,15,10,10,0,0.6,1.5,30,20,15,5,3000,0,0,0,1,0,1,1,3
102,798,2,PSP,1,1,1,15,10,5,10,15,10,0,0.6,1.5,25,25,15,6,3000,0,0,0,1,0,1,1,3
102,799,1,FSP,1,1,1,10,10,5,10,10,10,0,0.8,1.5,20,20,15,7,3000,0,0,0,1,0,1,1,3
102,800,1,FSP,1,1,1,10,10,5,15,15,10,0,0.8,1.5,25,25,15,8,3000,0,0,0,1,0,1,1,3
103,801,3,PUP,1,1,1,10,10,5,10,10,10,0,0.6,0.8,20,20,15,1,3000,0,0,0,1,0,6,1,3
103,802,3,PUP,1,1,1,10,10,5,15,15,10,0,0.6,0.8,25,25,15,2,3000,0,0,0,1,0,6,1,3
103,803,3,PUP,1,1,1,15,10,5,15,10,10,0,0.8,0.8,30,20,15,3,3000,0,0,0,1,0,6,1,3
103,804,3,PUP,1,1,1,15,10,5,10,15,10,0,0.8,0.8,25,25,15,4,3000,0,0,0,1,0,6,1,3
103,805,2,PSP,1,1,1,15,10,5,15,10,10,0,0.6,1.5,30,20,15,5,3000,0,0,0,1,0,6,1,3
103,806,2,PSP,1,1,1,15,10,5,10,15,10,0,0.6,1.5,25,25,15,6,3000,0,0,0,1,0,6,1,3
103,807,1,FSP,1,1,1,10,10,5,10,10,10,0,0.8,1.5,20,20,15,7,3000,0,0,0,1,0,6,1,3
103,808,1,FSP,1,1,1,10,10,5,15,15,10,0,0.8,1.5,25,25,15,8,3000,0,0,0,1,0,6,1,3
104,809,1,FSP,1,1,1,10,10,5,10,10,10,0,0.6,0.8,20,20,15,1,900,0,1,1,1,1,2,1,1
104,810,1,FSP,1,1,1,10,10,5,15,15,10,0,0.6,0.8,25,25,15,2,900,0,1,1,1,1,2,1,1
104,811,1,FSP,1,1,1,15,10,5,15,10,10,0,0.8,0.8,30,20,15,3,900,0,1,1,1,1,2,1,1
104,812,1,FSP,1,1,1,15,10,5,10,15,10,0,0.8,0.8,25,25,15,4,900,0,1,1,1,1,2,1,1
104,813,1,FSP,1,1,1,15,10,5,15,10,10,0,0.6,1.5,30,20,15,5,900,0,1,1,1,1,2,1,1
104,814,1,FSP,1,1,1,15,10,5,10,15,10,0,0.6,1.5,25,25,15,6,900,0,1,1,1,1,2,1,1
104,815,1,FSP,1,1,1,10,10,5,10,10,10,0,0.8,1.5,20,20,15,7,900,0,1,1,1,1,2,1,1
104,816,1,FSP,1,1,1,10,10,5,15,15,10,0,0.8,1.5,25,25,15,8,900,0,1,1,1,1,2,1,1
105,817,3,PUP,1,1,1,10,10,5,10,10,10,0,0.6,0.8,20,20,15,1,900,0,0,0,1,0,2,1,1
105,818,3,PUP,1,1,1,10,10,5,15,15,10,0,0.6,0.8,25,25,15,2,900,0,0,0,1,0,2,1,1
105,819,3,PUP,1,1,1,15,10,5,15,10,10,0,0.8,0.8,30,20,15,3,900,0,0,0,1,0,2,1,1
105,820,3,PUP,1,1,1,15,10,5,10,15,10,0,0.8,0.8,25,25,15,4,900,0,0,0,1,0,2,1,1
105,821,1,FSP,1,1,1,15,10,5,15,10,10,0,0.6,1.5,30,20,15,5,900,0,0,0,1,0,2,1,1
105,822,1,FSP,1,1,1,15,10,5,10,15,10,0,0.6,1.5,25,25,15,6,900,0,0,0,1,0,2,1,1
105,823,1,FSP,1,1,1,10,10,5,10,10,10,0,0.8,1.5,20,20,15,7,900,0,0,0,1,0,2,1,1
105,824,1,FSP,1,1,1,10,10,5,15,15,10,0,0.8,1.5,25,25,15,8,900,0,0,0,1,0,2,1,1
106,825,1,FSP,1,1,1,10,10,5,10,10,10,0,0.6,0.8,20,20,15,1,300,1,1,1,1,1,3,1,1
106,826,1,FSP,1,1,1,10,10,5,15,15,10,0,0.6,0.8,25,25,15,2,300,1,1,1,1,1,3,1,1
106,827,1,FSP,1,1,1,15,10,5,15,10,10,0,0.8,0.8,30,20,15,3,300,1,1,1,1,1,3,1,1
106,828,1,FSP,1,1,1,15,10,5,10,15,10,0,0.8,0.8,25,25,15,4,300,1,1,1,1,1,3,1,1
106,829,1,FSP,1,1,1,15,10,5,15,10,10,0,0.6,1.5,30,20,15,5,300,1,1,1,1,1,3,1,1
106,830,1,FSP,1,1,1,15,10,5,10,15,10,0,0.6,1.5,25,25,15,6,300,1,1,1,1,1,3,1,1
106,831,1,FSP,1,1,1,10,10,5,10,10,10,0,0.8,1.5,20,20,15,7,300,1,1,1,1,1,3,1,1
106,832,1,FSP,1,1,1,10,10,5,15,15,10,0,0.8,1.5,25,25,15,8,300,1,1,1,1,1,3,1,1
107,833,3,PUP,1,1,1,10,10,5,10,10,10,0,0.6,0.8,20,20,15,1,900,0,0,1,0,0,3,1,1
107,834,3,PUP,1,1,1,10,10,5,15,15,10,0,0.6,0.8,25,25,15,2,900,0,0,1,0,0,3,1,1
107,835,3,PUP,1,1,1,15,10,5,15,10,10,0,0.8,0.8,30,20,15,3,900,0,0,1,0,0,3,1,1
107,836,3,PUP,1,1,1,15,10,5,10,15,10,0,0.8,0.8,25,25,15,4,900,0,0,1,0,0,3,1,1
107,837,1,FSP,1,1,1,15,10,5,15,10,10,0,0.6,1.5,30,20,15,5,900,0,0,1,0,0,3,1,1
107,838,1,FSP,1,1,1,15,10,5,10,15,10,0,0.6,1.5,25,25,15,6,900,0,0,1,0,0,3,1,1
107,839,1,FSP,1,1,1,10,10,5,10,10,10,0,0.8,1.5,20,20,15,7,900,0,0,1,0,0,3,1,1
107,840,1,FSP,1,1,1,10,10,5,15,15,10,0,0.8,1.5,25,25,15,8,900,0,0,1,0,0,3,1,1
109,841,3,PUP,1,1,1,10,10,5,10,10,10,0,0.6,0.8,20,20,15,1,3000,0,0,0,1,0,5,1,3
109,842,3,PUP,1,1,1,10,10,5,15,15,10,0,0.6,0.8,25,25,15,2,3000,0,0,0,1,0,5,1,3
109,843,3,PUP,1,1,1,15,10,5,15,10,10,0,0.8,0.8,30,20,15,3,3000,0,0,0,1,0,5,1,3
109,844,3,PUP,1,1,1,15,10,5,10,15,10,0,0.8,0.8,25,25,15,4,3000,0,0,0,1,0,5,1,3
109,845,3,PUP,1,1,1,15,10,5,15,10,10,0,0.6,1.5,30,20,15,5,3000,0,0,0,1,0,5,1,3
109,846,3,PUP,1,1,1,15,10,5,10,15,10,0,0.6,1.5,25,25,15,6,3000,0,0,0,1,0,5,1,3
109,847,3,PUP,1,1,1,10,10,5,10,10,10,0,0.8,1.5,20,20,15,7,3000,0,0,0,1,0,5,1,3
109,848,3,PUP,1,1,1,10,10,5,15,15,10,0,0.8,1.5,25,25,15,8,3000,0,0,0,1,0,5,1,3
110,849,1,FSP,1,1,1,10,10,5,10,10,10,0,0.6,0.8,20,20,15,1,300,1,1,1,1,1,1,1,1
110,850,1,FSP,1,1,1,10,10,5,15,15,10,0,0.6,0.8,25,25,15,2,300,1,1,1,1,1,1,1,1
110,851,1,FSP,1,1,1,15,10,5,15,10,10,0,0.8,0.8,30,20,15,3,300,1,1,1,1,1,1,1,1
110,852,1,FSP,1,1,1,15,10,5,10,15,10,0,0.8,0.8,25,25,15,4,300,1,1,1,1,1,1,1,1
110,853,1,FSP,1,1,1,15,10,5,15,10,10,0,0.6,1.5,30,20,15,5,300,1,1,1,1,1,1,1,1
110,854,1,FSP,1,1,1,15,10,5,10,15,10,0,0.6,1.5,25,25,15,6,300,1,1,1,1,1,1,1,1
110,855,1,FSP,1,1,1,10,10,5,10,10,10,0,0.8,1.5,20,20,15,7,300,1,1,1,1,1,1,1,1
110,856,1,FSP,1,1,1,10,10,5,15,15,10,0,0.8,1.5,25,25,15,8,300,1,1,1,1,1,1,1,1
111,857,1,FSP,1,1,1,10,10,5,10,10,10,0,0.6,0.8,20,20,15,1,1800,0,0,0,1,0,5,1,2
111,858,1,FSP,1,1,1,10,10,5,15,15,10,0,0.6,0.8,25,25,15,2,1800,0,0,0,1,0,5,1,2
111,859,2,PSP,1,1,1,15,10,5,15,10,10,0,0.8,0.8,30,20,15,3,1800,0,0,0,1,0,5,1,2
111,860,3,PUP,1,1,1,15,10,5,10,15,10,0,0.8,0.8,25,25,15,4,1800,0,0,0,1,0,5,1,2
111,861,2,PSP,1,1,1,15,10,5,15,10,10,0,0.6,1.5,30,20,15,5,1800,0,0,0,1,0,5,1,2
111,862,2,PSP,1,1,1,15,10,5,10,15,10,0,0.6,1.5,25,25,15,6,1800,0,0,0,1,0,5,1,2
111,863,1,FSP,1,1,1,10,10,5,10,10,10,0,0.8,1.5,20,20,15,7,1800,0,0,0,1,0,5,1,2
111,864,1,FSP,1,1,1,10,10,5,15,15,10,0,0.8,1.5,25,25,15,8,1800,0,0,0,1,0,5,1,2
112,865,1,FSP,1,1,1,10,10,5,10,10,10,0,0.6,0.8,20,20,15,1,900,1,1,1,1,1,2,1,1
112,866,3,PUP,1,1,1,10,10,5,15,15,10,0,0.6,0.8,25,25,15,2,900,1,1,1,1,1,2,1,1
112,867,3,PUP,1,1,1,15,10,5,15,10,10,0,0.8,0.8,30,20,15,3,900,1,1,1,1,1,2,1,1
112,868,3,PUP,1,1,1,15,10,5,10,15,10,0,0.8,0.8,25,25,15,4,900,1,1,1,1,1,2,1,1
112,869,2,PSP,1,1,1,15,10,5,15,10,10,0,0.6,1.5,30,20,15,5,900,1,1,1,1,1,2,1,1
112,870,1,FSP,1,1,1,15,10,5,10,15,10,0,0.6,1.5,25,25,15,6,900,1,1,1,1,1,2,1,1
112,871,1,FSP,1,1,1,10,10,5,10,10,10,0,0.8,1.5,20,20,15,7,900,1,1,1,1,1,2,1,1
112,872,1,FSP,1,1,1,10,10,5,15,15,10,0,0.8,1.5,25,25,15,8,900,1,1,1,1,1,2,1,1
113,873,3,PUP,1,1,1,10,10,5,10,10,10,0,0.6,0.8,20,20,15,1,900,0,0,0,1,0,1,1,1
113,874,3,PUP,1,1,1,10,10,5,15,15,10,0,0.6,0.8,25,25,15,2,900,0,0,0,1,0,1,1,1
113,875,3,PUP,1,1,1,15,10,5,15,10,10,0,0.8,0.8,30,20,15,3,900,0,0,0,1,0,1,1,1
113,876,3,PUP,1,1,1,15,10,5,10,15,10,0,0.8,0.8,25,25,15,4,900,0,0,0,1,0,1,1,1
113,877,3,PUP,1,1,1,15,10,5,15,10,10,0,0.6,1.5,30,20,15,5,900,0,0,0,1,0,1,1,1
113,878,3,PUP,1,1,1,15,10,5,10,15,10,0,0.6,1.5,25,25,15,6,900,0,0,0,1,0,1,1,1
113,879,1,FSP,1,1,1,10,10,5,10,10,10,0,0.8,1.5,20,20,15,7,900,0,0,0,1,0,1,1,1
113,880,3,PUP,1,1,1,10,10,5,15,15,10,0,0.8,1.5,25,25,15,8,900,0,0,0,1,0,1,1,1
114,881,3,PUP,1,1,1,10,10,5,10,10,10,0,0.6,0.8,20,20,15,1,1800,0,1,1,1,1,5,1,2
114,882,3,PUP,1,1,1,10,10,5,15,15,10,0,0.6,0.8,25,25,15,2,1800,0,1,1,1,1,5,1,2
114,883,3,PUP,1,1,1,15,10,5,15,10,10,0,0.8,0.8,30,20,15,3,1800,0,1,1,1,1,5,1,2
114,884,3,PUP,1,1,1,15,10,5,10,15,10,0,0.8,0.8,25,25,15,4,1800,0,1,1,1,1,5,1,2
114,885,3,PUP,1,1,1,15,10,5,15,10,10,0,0.6,1.5,30,20,15,5,1800,0,1,1,1,1,5,1,2
114,886,3,PUP,1,1,1,15,10,5,10,15,10,0,0.6,1.5,25,25,15,6,1800,0,1,1,1,1,5,1,2
114,887,1,FSP,1,1,1,10,10,5,10,10,10,0,0.8,1.5,20,20,15,7,1800,0,1,1,1,1,5,1,2
114,888,1,FSP,1,1,1,10,10,5,15,15,10,0,0.8,1.5,25,25,15,8,1800,0,1,1,1,1,5,1,2
115,889,3,PUP,1,1,1,10,10,5,10,10,10,0,0.6,0.8,20,20,15,1,900,1,0,0,1,0,1,1,1
115,890,3,PUP,1,1,1,10,10,5,15,15,10,0,0.6,0.8,25,25,15,2,900,1,0,0,1,0,1,1,1
115,891,3,PUP,1,1,1,15,10,5,15,10,10,0,0.8,0.8,30,20,15,3,900,1,0,0,1,0,1,1,1
115,892,3,PUP,1,1,1,15,10,5,10,15,10,0,0.8,0.8,25,25,15,4,900,1,0,0,1,0,1,1,1
115,893,2,PSP,1,1,1,15,10,5,15,10,10,0,0.6,1.5,30,20,15,5,900,1,0,0,1,0,1,1,1
115,894,1,FSP,1,1,1,15,10,5,10,15,10,0,0.6,1.5,25,25,15,6,900,1,0,0,1,0,1,1,1
115,895,1,FSP,1,1,1,10,10,5,10,10,10,0,0.8,1.5,20,20,15,7,900,1,0,0,1,0,1,1,1
115,896,3,PUP,1,1,1,10,10,5,15,15,10,0,0.8,1.5,25,25,15,8,900,1,0,0,1,0,1,1,1
116,897,1,FSP,1,1,1,10,10,5,10,10,10,0,0.6,0.8,20,20,15,1,900,0,1,1,1,1,5,1,1
116,898,1,FSP,1,1,1,10,10,5,15,15,10,0,0.6,0.8,25,25,15,2,900,0,1,1,1,1,5,1,1
116,899,1,FSP,1,1,1,15,10,5,15,10,10,0,0.8,0.8,30,20,15,3,900,0,1,1,1,1,5,1,1
116,900,1,FSP,1,1,1,15,10,5,10,15,10,0,0.8,0.8,25,25,15,4,900,0,1,1,1,1,5,1,1
116,901,1,FSP,1,1,1,15,10,5,15,10,10,0,0.6,1.5,30,20,15,5,900,0,1,1,1,1,5,1,1
116,902,1,FSP,1,1,1,15,10,5,10,15,10,0,0.6,1.5,25,25,15,6,900,0,1,1,1,1,5,1,1
116,903,1,FSP,1,1,1,10,10,5,10,10,10,0,0.8,1.5,20,20,15,7,900,0,1,1,1,1,5,1,1
116,904,1,FSP,1,1,1,10,10,5,15,15,10,0,0.8,1.5,25,25,15,8,900,0,1,1,1,1,5,1,1
117,905,3,PUP,1,1,1,10,10,5,10,10,10,0,0.6,0.8,20,20,15,1,900,0,0,1,0,0,3,1,1
117,906,3,PUP,1,1,1,10,10,5,15,15,10,0,0.6,0.8,25,25,15,2,900,0,0,1,0,0,3,1,1
117,907,3,PUP,1,1,1,15,10,5,15,10,10,0,0.8,0.8,30,20,15,3,900,0,0,1,0,0,3,1,1
117,908,3,PUP,1,1,1,15,10,5,10,15,10,0,0.8,0.8,25,25,15,4,900,0,0,1,0,0,3,1,1
117,909,2,PSP,1,1,1,15,10,5,15,10,10,0,0.6,1.5,30,20,15,5,900,0,0,1,0,0,3,1,1
117,910,3,PUP,1,1,1,15,10,5,10,15,10,0,0.6,1.5,25,25,15,6,900,0,0,1,0,0,3,1,1
117,911,1,FSP,1,1,1,10,10,5,10,10,10,0,0.8,1.5,20,20,15,7,900,0,0,1,0,0,3,1,1
117,912,3,PUP,1,1,1,10,10,5,15,15,10,0,0.8,1.5,25,25,15,8,900,0,0,1,0,0,3,1,1
118,913,1,FSP,1,1,1,10,10,5,10,10,10,0,0.6,0.8,20,20,15,1,900,0,1,1,1,1,5,1,1
118,914,1,FSP,1,1,1,10,10,5,15,15,10,0,0.6,0.8,25,25,15,2,900,0,1,1,1,1,5,1,1
118,915,1,FSP,1,1,1,15,10,5,15,10,10,0,0.8,0.8,30,20,15,3,900,0,1,1,1,1,5,1,1
118,916,1,FSP,1,1,1,15,10,5,10,15,10,0,0.8,0.8,25,25,15,4,900,0,1,1,1,1,5,1,1
118,917,1,FSP,1,1,1,15,10,5,15,10,10,0,0.6,1.5,30,20,15,5,900,0,1,1,1,1,5,1,1
118,918,1,FSP,1,1,1,15,10,5,10,15,10,0,0.6,1.5,25,25,15,6,900,0,1,1,1,1,5,1,1
118,919,1,FSP,1,1,1,10,10,5,10,10,10,0,0.8,1.5,20,20,15,7,900,0,1,1,1,1,5,1,1
118,920,1,FSP,1,1,1,10,10,5,15,15,10,0,0.8,1.5,25,25,15,8,900,0,1,1,1,1,5,1,1
119,921,3,PUP,1,1,1,10,10,5,10,10,10,0,0.6,0.8,20,20,15,1,900,0,1,1,1,1,2,1,1
119,922,3,PUP,1,1,1,10,10,5,15,15,10,0,0.6,0.8,25,25,15,2,900,0,1,1,1,1,2,1,1
119,923,3,PUP,1,1,1,15,10,5,15,10,10,0,0.8,0.8,30,20,15,3,900,0,1,1,1,1,2,1,1
119,924,3,PUP,1,1,1,15,10,5,10,15,10,0,0.8,0.8,25,25,15,4,900,0,1,1,1,1,2,1,1
119,925,1,FSP,1,1,1,15,10,5,15,10,10,0,0.6,1.5,30,20,15,5,900,0,1,1,1,1,2,1,1
119,926,1,FSP,1,1,1,15,10,5,10,15,10,0,0.6,1.5,25,25,15,6,900,0,1,1,1,1,2,1,1
119,927,1,FSP,1,1,1,10,10,5,10,10,10,0,0.8,1.5,20,20,15,7,900,0,1,1,1,1,2,1,1
119,928,1,FSP,1,1,1,10,10,5,15,15,10,0,0.8,1.5,25,25,15,8,900,0,1,1,1,1,2,1,1
120,929,3,PUP,1,1,1,10,10,5,10,10,10,0,0.6,0.8,20,20,15,1,300,0,0,1,0,0,6,1,1
120,930,3,PUP,1,1,1,10,10,5,15,15,10,0,0.6,0.8,25,25,15,2,300,0,0,1,0,0,6,1,1
120,931,3,PUP,1,1,1,15,10,5,15,10,10,0,0.8,0.8,30,20,15,3,300,0,0,1,0,0,6,1,1
120,932,3,PUP,1,1,1,15,10,5,10,15,10,0,0.8,0.8,25,25,15,4,300,0,0,1,0,0,6,1,1
120,933,3,PUP,1,1,1,15,10,5,15,10,10,0,0.6,1.5,30,20,15,5,300,0,0,1,0,0,6,1,1
120,934,3,PUP,1,1,1,15,10,5,10,15,10,0,0.6,1.5,25,25,15,6,300,0,0,1,0,0,6,1,1
120,935,1,FSP,1,1,1,10,10,5,10,10,10,0,0.8,1.5,20,20,15,7,300,0,0,1,0,0,6,1,1
120,936,3,PUP,1,1,1,10,10,5,15,15,10,0,0.8,1.5,25,25,15,8,300,0,0,1,0,0,6,1,1
121,937,3,PUP,1,1,1,10,10,5,10,10,10,0,0.6,0.8,20,20,15,1,1800,0,0,0,1,0,5,1,2
121,938,3,PUP,1,1,1,10,10,5,15,15,10,0,0.6,0.8,25,25,15,2,1800,0,0,0,1,0,5,1,2
121,939,3,PUP,1,1,1,15,10,5,15,10,10,0,0.8,0.8,30,20,15,3,1800,0,0,0,1,0,5,1,2
121,940,3,PUP,1,1,1,15,10,5,10,15,10,0,0.8,0.8,25,25,15,4,1800,0,0,0,1,0,5,1,2
121,941,2,PSP,1,1,1,15,10,5,15,10,10,0,0.6,1.5,30,20,15,5,1800,0,0,0,1,0,5,1,2
121,942,3,PUP,1,1,1,15,10,5,10,15,10,0,0.6,1.5,25,25,15,6,1800,0,0,0,1,0,5,1,2
121,943,1,FSP,1,1,1,10,10,5,10,10,10,0,0.8,1.5,20,20,15,7,1800,0,0,0,1,0,5,1,2
121,944,3,PUP,1,1,1,10,10,5,15,15,10,0,0.8,1.5,25,25,15,8,1800,0,0,0,1,0,5,1,2
122,945,3,PUP,1,1,1,10,10,5,10,10,10,0,0.6,0.8,20,20,15,1,900,1,0,0,1,0,3,1,1
122,946,3,PUP,1,1,1,10,10,5,15,15,10,0,0.6,0.8,25,25,15,2,900,1,0,0,1,0,3,1,1
122,947,3,PUP,1,1,1,15,10,5,15,10,10,0,0.8,0.8,30,20,15,3,900,1,0,0,1,0,3,1,1
122,948,3,PUP,1,1,1,15,10,5,10,15,10,0,0.8,0.8,25,25,15,4,900,1,0,0,1,0,3,1,1
122,949,3,PUP,1,1,1,15,10,5,15,10,10,0,0.6,1.5,30,20,15,5,900,1,0,0,1,0,3,1,1
122,950,3,PUP,1,1,1,15,10,5,10,15,10,0,0.6,1.5,25,25,15,6,900,1,0,0,1,0,3,1,1
122,951,3,PUP,1,1,1,10,10,5,10,10,10,0,0.8,1.5,20,20,15,7,900,1,0,0,1,0,3,1,1
122,952,3,PUP,1,1,1,10,10,5,15,15,10,0,0.8,1.5,25,25,15,8,900,1,0,0,1,0,3,1,1
123,953,1,FSP,1,1,1,10,10,5,10,10,10,0,0.6,0.8,20,20,15,1,3000,0,0,0,0,0,5,1,3
123,954,1,FSP,1,1,1,10,10,5,15,15,10,0,0.6,0.8,25,25,15,2,3000,0,0,0,0,0,5,1,3
123,955,1,FSP,1,1,1,15,10,5,15,10,10,0,0.8,0.8,30,20,15,3,3000,0,0,0,0,0,5,1,3
123,956,1,FSP,1,1,1,15,10,5,10,15,10,0,0.8,0.8,25,25,15,4,3000,0,0,0,0,0,5,1,3
123,957,1,FSP,1,1,1,15,10,5,15,10,10,0,0.6,1.5,30,20,15,5,3000,0,0,0,0,0,5,1,3
123,958,1,FSP,1,1,1,15,10,5,10,15,10,0,0.6,1.5,25,25,15,6,3000,0,0,0,0,0,5,1,3
123,959,1,FSP,1,1,1,10,10,5,10,10,10,0,0.8,1.5,20,20,15,7,3000,0,0,0,0,0,5,1,3
123,960,1,FSP,1,1,1,10,10,5,15,15,10,0,0.8,1.5,25,25,15,8,3000,0,0,0,0,0,5,1,3
124,961,1,FSP,1,1,1,10,10,5,10,10,10,0,0.6,0.8,20,20,15,1,900,1,1,0,1,0,4,1,1
124,962,1,FSP,1,1,1,10,10,5,15,15,10,0,0.6,0.8,25,25,15,2,900,1,1,0,1,0,4,1,1
124,963,1,FSP,1,1,1,15,10,5,15,10,10,0,0.8,0.8,30,20,15,3,900,1,1,0,1,0,4,1,1
124,964,1,FSP,1,1,1,15,10,5,10,15,10,0,0.8,0.8,25,25,15,4,900,1,1,0,1,0,4,1,1
124,965,1,FSP,1,1,1,15,10,5,15,10,10,0,0.6,1.5,30,20,15,5,900,1,1,0,1,0,4,1,1
124,966,1,FSP,1,1,1,15,10,5,10,15,10,0,0.6,1.5,25,25,15,6,900,1,1,0,1,0,4,1,1
124,967,1,FSP,1,1,1,10,10,5,10,10,10,0,0.8,1.5,20,20,15,7,900,1,1,0,1,0,4,1,1
124,968,1,FSP,1,1,1,10,10,5,15,15,10,0,0.8,1.5,25,25,15,8,900,1,1,0,1,0,4,1,1
125,969,3,PUP,1,1,1,10,10,5,10,10,10,0,0.6,0.8,20,20,15,1,300,0,0,0,1,0,6,1,1
125,970,3,PUP,1,1,1,10,10,5,15,15,10,0,0.6,0.8,25,25,15,2,300,0,0,0,1,0,6,1,1
125,971,3,PUP,1,1,1,15,10,5,15,10,10,0,0.8,0.8,30,20,15,3,300,0,0,0,1,0,6,1,1
125,972,3,PUP,1,1,1,15,10,5,10,15,10,0,0.8,0.8,25,25,15,4,300,0,0,0,1,0,6,1,1
125,973,2,PSP,1,1,1,15,10,5,15,10,10,0,0.6,1.5,30,20,15,5,300,0,0,0,1,0,6,1,1
125,974,3,PUP,1,1,1,15,10,5,10,15,10,0,0.6,1.5,25,25,15,6,300,0,0,0,1,0,6,1,1
125,975,1,FSP,1,1,1,10,10,5,10,10,10,0,0.8,1.5,20,20,15,7,300,0,0,0,1,0,6,1,1
125,976,3,PUP,1,1,1,10,10,5,15,15,10,0,0.8,1.5,25,25,15,8,300,0,0,0,1,0,6,1,1
126,977,3,PUP,1,1,1,10,10,5,10,10,10,0,0.6,0.8,20,20,15,1,1800,1,0,0,1,0,3,1,2
126,978,3,PUP,1,1,1,10,10,5,15,15,10,0,0.6,0.8,25,25,15,2,1800,1,0,0,1,0,3,1,2
126,979,3,PUP,1,1,1,15,10,5,15,10,10,0,0.8,0.8,30,20,15,3,1800,1,0,0,1,0,3,1,2
126,980,3,PUP,1,1,1,15,10,5,10,15,10,0,0.8,0.8,25,25,15,4,1800,1,0,0,1,0,3,1,2
126,981,2,PSP,1,1,1,15,10,5,15,10,10,0,0.6,1.5,30,20,15,5,1800,1,0,0,1,0,3,1,2
126,982,2,PSP,1,1,1,15,10,5,10,15,10,0,0.6,1.5,25,25,15,6,1800,1,0,0,1,0,3,1,2
126,983,1,FSP,1,1,1,10,10,5,10,10,10,0,0.8,1.5,20,20,15,7,1800,1,0,0,1,0,3,1,2
126,984,1,FSP,1,1,1,10,10,5,15,15,10,0,0.8,1.5,25,25,15,8,1800,1,0,0,1,0,3,1,2
127,985,3,PUP,1,1,1,10,10,5,10,10,10,0,0.6,0.8,20,20,15,1,900,1,1,0,1,0,5,1,1
127,986,3,PUP,1,1,1,10,10,5,15,15,10,0,0.6,0.8,25,25,15,2,900,1,1,0,1,0,5,1,1
127,987,3,PUP,1,1,1,15,10,5,15,10,10,0,0.8,0.8,30,20,15,3,900,1,1,0,1,0,5,1,1
127,988,3,PUP,1,1,1,15,10,5,10,15,10,0,0.8,0.8,25,25,15,4,900,1,1,0,1,0,5,1,1
127,989,2,PSP,1,1,1,15,10,5,15,10,10,0,0.6,1.5,30,20,15,5,900,1,1,0,1,0,5,1,1
127,990,1,FSP,1,1,1,15,10,5,10,15,10,0,0.6,1.5,25,25,15,6,900,1,1,0,1,0,5,1,1
127,991,1,FSP,1,1,1,10,10,5,10,10,10,0,0.8,1.5,20,20,15,7,900,1,1,0,1,0,5,1,1
127,992,1,FSP,1,1,1,10,10,5,15,15,10,0,0.8,1.5,25,25,15,8,900,1,1,0,1,0,5,1,1
128,993,1,FSP,1,1,1,10,10,5,10,10,10,0,0.6,0.8,20,20,15,1,900,0,0,0,1,0,2,1,1
128,994,1,FSP,1,1,1,10,10,5,15,15,10,0,0.6,0.8,25,25,15,2,900,0,0,0,1,0,2,1,1
128,995,1,FSP,1,1,1,15,10,5,15,10,10,0,0.8,0.8,30,20,15,3,900,0,0,0,1,0,2,1,1
128,996,1,FSP,1,1,1,15,10,5,10,15,10,0,0.8,0.8,25,25,15,4,900,0,0,0,1,0,2,1,1
128,997,1,FSP,1,1,1,15,10,5,15,10,10,0,0.6,1.5,30,20,15,5,900,0,0,0,1,0,2,1,1
128,998,1,FSP,1,1,1,15,10,5,10,15,10,0,0.6,1.5,25,25,15,6,900,0,0,0,1,0,2,1,1
128,999,1,FSP,1,1,1,10,10,5,10,10,10,0,0.8,1.5,20,20,15,7,900,0,0,0,1,0,2,1,1
128,1000,1,FSP,1,1,1,10,10,5,15,15,10,0,0.8,1.5,25,25,15,8,900,0,0,0,1,0,2,1,1
129,1001,3,PUP,1,1,1,10,10,5,10,10,10,0,0.6,0.8,20,20,15,1,1800,0,0,0,1,0,4,1,2
129,1002,3,PUP,1,1,1,10,10,5,15,15,10,0,0.6,0.8,25,25,15,2,1800,0,0,0,1,0,4,1,2
129,1003,3,PUP,1,1,1,15,10,5,15,10,10,0,0.8,0.8,30,20,15,3,1800,0,0,0,1,0,4,1,2
129,1004,3,PUP,1,1,1,15,10,5,10,15,10,0,0.8,0.8,25,25,15,4,1800,0,0,0,1,0,4,1,2
129,1005,3,PUP,1,1,1,15,10,5,15,10,10,0,0.6,1.5,30,20,15,5,1800,0,0,0,1,0,4,1,2
129,1006,3,PUP,1,1,1,15,10,5,10,15,10,0,0.6,1.5,25,25,15,6,1800,0,0,0,1,0,4,1,2
129,1007,3,PUP,1,1,1,10,10,5,10,10,10,0,0.8,1.5,20,20,15,7,1800,0,0,0,1,0,4,1,2
129,1008,3,PUP,1,1,1,10,10,5,15,15,10,0,0.8,1.5,25,25,15,8,1800,0,0,0,1,0,4,1,2
130,1009,3,PUP,1,1,1,10,10,5,10,10,10,0,0.6,0.8,20,20,15,1,1800,0,1,1,1,1,6,1,2
130,1010,3,PUP,1,1,1,10,10,5,15,15,10,0,0.6,0.8,25,25,15,2,1800,0,1,1,1,1,6,1,2
130,1011,3,PUP,1,1,1,15,10,5,15,10,10,0,0.8,0.8,30,20,15,3,1800,0,1,1,1,1,6,1,2
130,1012,3,PUP,1,1,1,15,10,5,10,15,10,0,0.8,0.8,25,25,15,4,1800,0,1,1,1,1,6,1,2
130,1013,3,PUP,1,1,1,15,10,5,15,10,10,0,0.6,1.5,30,20,15,5,1800,0,1,1,1,1,6,1,2
130,1014,3,PUP,1,1,1,15,10,5,10,15,10,0,0.6,1.5,25,25,15,6,1800,0,1,1,1,1,6,1,2
130,1015,3,PUP,1,1,1,10,10,5,10,10,10,0,0.8,1.5,20,20,15,7,1800,0,1,1,1,1,6,1,2
130,1016,3,PUP,1,1,1,10,10,5,15,15,10,0,0.8,1.5,25,25,15,8,1800,0,1,1,1,1,6,1,2
131,1017,3,PUP,1,1,1,10,10,5,10,10,10,0,0.6,0.8,20,20,15,1,1800,0,1,0,1,0,5,2,2
131,1018,3,PUP,1,1,1,10,10,5,15,15,10,0,0.6,0.8,25,25,15,2,1800,0,1,0,1,0,5,2,2
131,1019,3,PUP,1,1,1,15,10,5,15,10,10,0,0.8,0.8,30,20,15,3,1800,0,1,0,1,0,5,2,2
131,1020,3,PUP,1,1,1,15,10,5,10,15,10,0,0.8,0.8,25,25,15,4,1800,0,1,0,1,0,5,2,2
131,1021,2,PSP,1,1,1,15,10,5,15,10,10,0,0.6,1.5,30,20,15,5,1800,0,1,0,1,0,5,2,2
131,1022,2,PSP,1,1,1,15,10,5,10,15,10,0,0.6,1.5,25,25,15,6,1800,0,1,0,1,0,5,2,2
131,1023,1,FSP,1,1,1,10,10,5,10,10,10,0,0.8,1.5,20,20,15,7,1800,0,1,0,1,0,5,2,2
131,1024,1,FSP,1,1,1,10,10,5,15,15,10,0,0.8,1.5,25,25,15,8,1800,0,1,0,1,0,5,2,2
132,1025,3,PUP,1,1,1,10,10,5,10,10,10,0,0.6,0.8,20,20,15,1,3000,0,0,0,1,0,5,1,3
132,1026,3,PUP,1,1,1,10,10,5,15,15,10,0,0.6,0.8,25,25,15,2,3000,0,0,0,1,0,5,1,3
132,1027,3,PUP,1,1,1,15,10,5,15,10,10,0,0.8,0.8,30,20,15,3,3000,0,0,0,1,0,5,1,3
132,1028,3,PUP,1,1,1,15,10,5,10,15,10,0,0.8,0.8,25,25,15,4,3000,0,0,0,1,0,5,1,3
132,1029,3,PUP,1,1,1,15,10,5,15,10,10,0,0.6,1.5,30,20,15,5,3000,0,0,0,1,0,5,1,3
132,1030,3,PUP,1,1,1,15,10,5,10,15,10,0,0.6,1.5,25,25,15,6,3000,0,0,0,1,0,5,1,3
132,1031,3,PUP,1,1,1,10,10,5,10,10,10,0,0.8,1.5,20,20,15,7,3000,0,0,0,1,0,5,1,3
132,1032,3,PUP,1,1,1,10,10,5,15,15,10,0,0.8,1.5,25,25,15,8,3000,0,0,0,1,0,5,1,3
133,1033,1,FSP,1,1,1,10,10,5,10,10,10,0,0.6,0.8,20,20,15,1,900,0,1,0,1,0,5,1,1
133,1034,1,FSP,1,1,1,10,10,5,15,15,10,0,0.6,0.8,25,25,15,2,900,0,1,0,1,0,5,1,1
133,1035,1,FSP,1,1,1,15,10,5,15,10,10,0,0.8,0.8,30,20,15,3,900,0,1,0,1,0,5,1,1
133,1036,1,FSP,1,1,1,15,10,5,10,15,10,0,0.8,0.8,25,25,15,4,900,0,1,0,1,0,5,1,1
133,1037,1,FSP,1,1,1,15,10,5,15,10,10,0,0.6,1.5,30,20,15,5,900,0,1,0,1,0,5,1,1
133,1038,1,FSP,1,1,1,15,10,5,10,15,10,0,0.6,1.5,25,25,15,6,900,0,1,0,1,0,5,1,1
133,1039,1,FSP,1,1,1,10,10,5,10,10,10,0,0.8,1.5,20,20,15,7,900,0,1,0,1,0,5,1,1
133,1040,1,FSP,1,1,1,10,10,5,15,15,10,0,0.8,1.5,25,25,15,8,900,0,1,0,1,0,5,1,1
134,1041,3,PUP,1,1,1,10,10,5,10,10,10,0,0.6,0.8,20,20,15,1,1800,0,0,0,1,0,5,1,2
134,1042,3,PUP,1,1,1,10,10,5,15,15,10,0,0.6,0.8,25,25,15,2,1800,0,0,0,1,0,5,1,2
134,1043,3,PUP,1,1,1,15,10,5,15,10,10,0,0.8,0.8,30,20,15,3,1800,0,0,0,1,0,5,1,2
134,1044,3,PUP,1,1,1,15,10,5,10,15,10,0,0.8,0.8,25,25,15,4,1800,0,0,0,1,0,5,1,2
134,1045,2,PSP,1,1,1,15,10,5,15,10,10,0,0.6,1.5,30,20,15,5,1800,0,0,0,1,0,5,1,2
134,1046,3,PUP,1,1,1,15,10,5,10,15,10,0,0.6,1.5,25,25,15,6,1800,0,0,0,1,0,5,1,2
134,1047,3,PUP,1,1,1,10,10,5,10,10,10,0,0.8,1.5,20,20,15,7,1800,0,0,0,1,0,5,1,2
134,1048,3,PUP,1,1,1,10,10,5,15,15,10,0,0.8,1.5,25,25,15,8,1800,0,0,0,1,0,5,1,2
135,1049,3,PUP,1,1,1,10,10,5,10,10,10,0,0.6,0.8,20,20,15,1,300,0,1,1,1,1,2,1,1
135,1050,3,PUP,1,1,1,10,10,5,15,15,10,0,0.6,0.8,25,25,15,2,300,0,1,1,1,1,2,1,1
135,1051,3,PUP,1,1,1,15,10,5,15,10,10,0,0.8,0.8,30,20,15,3,300,0,1,1,1,1,2,1,1
135,1052,3,PUP,1,1,1,15,10,5,10,15,10,0,0.8,0.8,25,25,15,4,300,0,1,1,1,1,2,1,1
135,1053,2,PSP,1,1,1,15,10,5,15,10,10,0,0.6,1.5,30,20,15,5,300,0,1,1,1,1,2,1,1
135,1054,2,PSP,1,1,1,15,10,5,10,15,10,0,0.6,1.5,25,25,15,6,300,0,1,1,1,1,2,1,1
135,1055,1,FSP,1,1,1,10,10,5,10,10,10,0,0.8,1.5,20,20,15,7,300,0,1,1,1,1,2,1,1
135,1056,1,FSP,1,1,1,10,10,5,15,15,10,0,0.8,1.5,25,25,15,8,300,0,1,1,1,1,2,1,1
136,1057,2,PSP,1,1,1,10,10,5,10,10,10,0,0.6,0.8,20,20,15,1,1800,0,0,0,1,0,5,1,2
136,1058,3,PUP,1,1,1,10,10,5,15,15,10,0,0.6,0.8,25,25,15,2,1800,0,0,0,1,0,5,1,2
136,1059,2,PSP,1,1,1,15,10,5,15,10,10,0,0.8,0.8,30,20,15,3,1800,0,0,0,1,0,5,1,2
136,1060,3,PUP,1,1,1,15,10,5,10,15,10,0,0.8,0.8,25,25,15,4,1800,0,0,0,1,0,5,1,2
136,1061,2,PSP,1,1,1,15,10,5,15,10,10,0,0.6,1.5,30,20,15,5,1800,0,0,0,1,0,5,1,2
136,1062,3,PUP,1,1,1,15,10,5,10,15,10,0,0.6,1.5,25,25,15,6,1800,0,0,0,1,0,5,1,2
136,1063,1,FSP,1,1,1,10,10,5,10,10,10,0,0.8,1.5,20,20,15,7,1800,0,0,0,1,0,5,1,2
136,1064,3,PUP,1,1,1,10,10,5,15,15,10,0,0.8,1.5,25,25,15,8,1800,0,0,0,1,0,5,1,2
137,1065,3,PUP,1,1,1,10,10,5,10,10,10,0,0.6,0.8,20,20,15,1,900,0,0,0,1,0,1,1,1
137,1066,3,PUP,1,1,1,10,10,5,15,15,10,0,0.6,0.8,25,25,15,2,900,0,0,0,1,0,1,1,1
137,1067,3,PUP,1,1,1,15,10,5,15,10,10,0,0.8,0.8,30,20,15,3,900,0,0,0,1,0,1,1,1
137,1068,3,PUP,1,1,1,15,10,5,10,15,10,0,0.8,0.8,25,25,15,4,900,0,0,0,1,0,1,1,1
137,1069,2,PSP,1,1,1,15,10,5,15,10,10,0,0.6,1.5,30,20,15,5,900,0,0,0,1,0,1,1,1
137,1070,2,PSP,1,1,1,15,10,5,10,15,10,0,0.6,1.5,25,25,15,6,900,0,0,0,1,0,1,1,1
137,1071,1,FSP,1,1,1,10,10,5,10,10,10,0,0.8,1.5,20,20,15,7,900,0,0,0,1,0,1,1,1
137,1072,1,FSP,1,1,1,10,10,5,15,15,10,0,0.8,1.5,25,25,15,8,900,0,0,0,1,0,1,1,1
138,1073,3,PUP,1,1,1,10,10,5,10,10,10,0,0.6,0.8,20,20,15,1,900,0,0,0,1,0,6,2,1
138,1074,3,PUP,1,1,1,10,10,5,15,15,10,0,0.6,0.8,25,25,15,2,900,0,0,0,1,0,6,2,1
138,1075,3,PUP,1,1,1,15,10,5,15,10,10,0,0.8,0.8,30,20,15,3,900,0,0,0,1,0,6,2,1
138,1076,3,PUP,1,1,1,15,10,5,10,15,10,0,0.8,0.8,25,25,15,4,900,0,0,0,1,0,6,2,1
138,1077,2,PSP,1,1,1,15,10,5,15,10,10,0,0.6,1.5,30,20,15,5,900,0,0,0,1,0,6,2,1
138,1078,3,PUP,1,1,1,15,10,5,10,15,10,0,0.6,1.5,25,25,15,6,900,0,0,0,1,0,6,2,1
138,1079,1,FSP,1,1,1,10,10,5,10,10,10,0,0.8,1.5,20,20,15,7,900,0,0,0,1,0,6,2,1
138,1080,3,PUP,1,1,1,10,10,5,15,15,10,0,0.8,1.5,25,25,15,8,900,0,0,0,1,0,6,2,1
139,1081,1,FSP,1,1,1,10,10,5,10,10,10,0,0.6,0.8,20,20,15,1,300,0,1,1,1,1,2,1,1
139,1082,1,FSP,1,1,1,10,10,5,15,15,10,0,0.6,0.8,25,25,15,2,300,0,1,1,1,1,2,1,1
139,1083,1,FSP,1,1,1,15,10,5,15,10,10,0,0.8,0.8,30,20,15,3,300,0,1,1,1,1,2,1,1
139,1084,1,FSP,1,1,1,15,10,5,10,15,10,0,0.8,0.8,25,25,15,4,300,0,1,1,1,1,2,1,1
139,1085,1,FSP,1,1,1,15,10,5,15,10,10,0,0.6,1.5,30,20,15,5,300,0,1,1,1,1,2,1,1
139,1086,1,FSP,1,1,1,15,10,5,10,15,10,0,0.6,1.5,25,25,15,6,300,0,1,1,1,1,2,1,1
139,1087,1,FSP,1,1,1,10,10,5,10,10,10,0,0.8,1.5,20,20,15,7,300,0,1,1,1,1,2,1,1
139,1088,1,FSP,1,1,1,10,10,5,15,15,10,0,0.8,1.5,25,25,15,8,300,0,1,1,1,1,2,1,1
140,1089,3,PUP,1,1,1,10,10,5,10,10,10,0,0.6,0.8,20,20,15,1,300,0,0,0,1,0,1,1,1
140,1090,3,PUP,1,1,1,10,10,5,15,15,10,0,0.6,0.8,25,25,15,2,300,0,0,0,1,0,1,1,1
140,1091,3,PUP,1,1,1,15,10,5,15,10,10,0,0.8,0.8,30,20,15,3,300,0,0,0,1,0,1,1,1
140,1092,3,PUP,1,1,1,15,10,5,10,15,10,0,0.8,0.8,25,25,15,4,300,0,0,0,1,0,1,1,1
140,1093,3,PUP,1,1,1,15,10,5,15,10,10,0,0.6,1.5,30,20,15,5,300,0,0,0,1,0,1,1,1
140,1094,3,PUP,1,1,1,15,10,5,10,15,10,0,0.6,1.5,25,25,15,6,300,0,0,0,1,0,1,1,1
140,1095,3,PUP,1,1,1,10,10,5,10,10,10,0,0.8,1.5,20,20,15,7,300,0,0,0,1,0,1,1,1
140,1096,3,PUP,1,1,1,10,10,5,15,15,10,0,0.8,1.5,25,25,15,8,300,0,0,0,1,0,1,1,1
141,1097,3,PUP,1,1,1,10,10,5,10,10,10,0,0.6,0.8,20,20,15,1,900,0,1,0,1,0,3,2,1
141,1098,3,PUP,1,1,1,10,10,5,15,15,10,0,0.6,0.8,25,25,15,2,900,0,1,0,1,0,3,2,1
141,1099,3,PUP,1,1,1,15,10,5,15,10,10,0,0.8,0.8,30,20,15,3,900,0,1,0,1,0,3,2,1
141,1100,3,PUP,1,1,1,15,10,5,10,15,10,0,0.8,0.8,25,25,15,4,900,0,1,0,1,0,3,2,1
141,1101,2,PSP,1,1,1,15,10,5,15,10,10,0,0.6,1.5,30,20,15,5,900,0,1,0,1,0,3,2,1
141,1102,1,FSP,1,1,1,15,10,5,10,15,10,0,0.6,1.5,25,25,15,6,900,0,1,0,1,0,3,2,1
141,1103,1,FSP,1,1,1,10,10,5,10,10,10,0,0.8,1.5,20,20,15,7,900,0,1,0,1,0,3,2,1
141,1104,1,FSP,1,1,1,10,10,5,15,15,10,0,0.8,1.5,25,25,15,8,900,0,1,0,1,0,3,2,1
142,1105,1,FSP,1,1,1,10,10,5,10,10,10,0,0.6,0.8,20,20,15,1,300,1,0,0,1,0,6,1,1
142,1106,1,FSP,1,1,1,10,10,5,15,15,10,0,0.6,0.8,25,25,15,2,300,1,0,0,1,0,6,1,1
142,1107,1,FSP,1,1,1,15,10,5,15,10,10,0,0.8,0.8,30,20,15,3,300,1,0,0,1,0,6,1,1
142,1108,1,FSP,1,1,1,15,10,5,10,15,10,0,0.8,0.8,25,25,15,4,300,1,0,0,1,0,6,1,1
142,1109,1,FSP,1,1,1,15,10,5,15,10,10,0,0.6,1.5,30,20,15,5,300,1,0,0,1,0,6,1,1
142,1110,1,FSP,1,1,1,15,10,5,10,15,10,0,0.6,1.5,25,25,15,6,300,1,0,0,1,0,6,1,1
142,1111,1,FSP,1,1,1,10,10,5,10,10,10,0,0.8,1.5,20,20,15,7,300,1,0,0,1,0,6,1,1
142,1112,1,FSP,1,1,1,10,10,5,15,15,10,0,0.8,1.5,25,25,15,8,300,1,0,0,1,0,6,1,1
143,1113,3,PUP,1,1,1,10,10,5,10,10,10,0,0.6,0.8,20,20,15,1,300,1,1,1,1,1,3,1,1
143,1114,3,PUP,1,1,1,10,10,5,15,15,10,0,0.6,0.8,25,25,15,2,300,1,1,1,1,1,3,1,1
143,1115,3,PUP,1,1,1,15,10,5,15,10,10,0,0.8,0.8,30,20,15,3,300,1,1,1,1,1,3,1,1
143,1116,3,PUP,1,1,1,15,10,5,10,15,10,0,0.8,0.8,25,25,15,4,300,1,1,1,1,1,3,1,1
143,1117,1,FSP,1,1,1,15,10,5,15,10,10,0,0.6,1.5,30,20,15,5,300,1,1,1,1,1,3,1,1
143,1118,1,FSP,1,1,1,15,10,5,10,15,10,0,0.6,1.5,25,25,15,6,300,1,1,1,1,1,3,1,1
143,1119,1,FSP,1,1,1,10,10,5,10,10,10,0,0.8,1.5,20,20,15,7,300,1,1,1,1,1,3,1,1
143,1120,1,FSP,1,1,1,10,10,5,15,15,10,0,0.8,1.5,25,25,15,8,300,1,1,1,1,1,3,1,1
144,1121,1,FSP,1,1,1,10,10,5,10,10,10,0,0.6,0.8,20,20,15,1,900,1,1,1,1,1,4,1,1
144,1122,1,FSP,1,1,1,10,10,5,15,15,10,0,0.6,0.8,25,25,15,2,900,1,1,1,1,1,4,1,1
144,1123,1,FSP,1,1,1,15,10,5,15,10,10,0,0.8,0.8,30,20,15,3,900,1,1,1,1,1,4,1,1
144,1124,1,FSP,1,1,1,15,10,5,10,15,10,0,0.8,0.8,25,25,15,4,900,1,1,1,1,1,4,1,1
144,1125,1,FSP,1,1,1,15,10,5,15,10,10,0,0.6,1.5,30,20,15,5,900,1,1,1,1,1,4,1,1
144,1126,1,FSP,1,1,1,15,10,5,10,15,10,0,0.6,1.5,25,25,15,6,900,1,1,1,1,1,4,1,1
144,1127,1,FSP,1,1,1,10,10,5,10,10,10,0,0.8,1.5,20,20,15,7,900,1,1,1,1,1,4,1,1
144,1128,1,FSP,1,1,1,10,10,5,15,15,10,0,0.8,1.5,25,25,15,8,900,1,1,1,1,1,4,1,1
145,1129,3,PUP,1,1,1,10,10,5,10,10,10,0,0.6,0.8,20,20,15,1,900,0,0,0,1,0,2,1,1
145,1130,3,PUP,1,1,1,10,10,5,15,15,10,0,0.6,0.8,25,25,15,2,900,0,0,0,1,0,2,1,1
145,1131,3,PUP,1,1,1,15,10,5,15,10,10,0,0.8,0.8,30,20,15,3,900,0,0,0,1,0,2,1,1
145,1132,3,PUP,1,1,1,15,10,5,10,15,10,0,0.8,0.8,25,25,15,4,900,0,0,0,1,0,2,1,1
145,1133,1,FSP,1,1,1,15,10,5,15,10,10,0,0.6,1.5,30,20,15,5,900,0,0,0,1,0,2,1,1
145,1134,1,FSP,1,1,1,15,10,5,10,15,10,0,0.6,1.5,25,25,15,6,900,0,0,0,1,0,2,1,1
145,1135,1,FSP,1,1,1,10,10,5,10,10,10,0,0.8,1.5,20,20,15,7,900,0,0,0,1,0,2,1,1
145,1136,1,FSP,1,1,1,10,10,5,15,15,10,0,0.8,1.5,25,25,15,8,900,0,0,0,1,0,2,1,1
146,1137,3,PUP,1,1,1,10,10,5,10,10,10,0,0.6,0.8,20,20,15,1,900,0,0,0,1,0,2,1,1
146,1138,3,PUP,1,1,1,10,10,5,15,15,10,0,0.6,0.8,25,25,15,2,900,0,0,0,1,0,2,1,1
146,1139,3,PUP,1,1,1,15,10,5,15,10,10,0,0.8,0.8,30,20,15,3,900,0,0,0,1,0,2,1,1
146,1140,3,PUP,1,1,1,15,10,5,10,15,10,0,0.8,0.8,25,25,15,4,900,0,0,0,1,0,2,1,1
146,1141,2,PSP,1,1,1,15,10,5,15,10,10,0,0.6,1.5,30,20,15,5,900,0,0,0,1,0,2,1,1
146,1142,2,PSP,1,1,1,15,10,5,10,15,10,0,0.6,1.5,25,25,15,6,900,0,0,0,1,0,2,1,1
146,1143,1,FSP,1,1,1,10,10,5,10,10,10,0,0.8,1.5,20,20,15,7,900,0,0,0,1,0,2,1,1
146,1144,1,FSP,1,1,1,10,10,5,15,15,10,0,0.8,1.5,25,25,15,8,900,0,0,0,1,0,2,1,1
147,1145,3,PUP,1,1,1,10,10,5,10,10,10,0,0.6,0.8,20,20,15,1,900,1,1,1,1,1,2,2,1
147,1146,3,PUP,1,1,1,10,10,5,15,15,10,0,0.6,0.8,25,25,15,2,900,1,1,1,1,1,2,2,1
147,1147,3,PUP,1,1,1,15,10,5,15,10,10,0,0.8,0.8,30,20,15,3,900,1,1,1,1,1,2,2,1
147,1148,3,PUP,1,1,1,15,10,5,10,15,10,0,0.8,0.8,25,25,15,4,900,1,1,1,1,1,2,2,1
147,1149,3,PUP,1,1,1,15,10,5,15,10,10,0,0.6,1.5,30,20,15,5,900,1,1,1,1,1,2,2,1
147,1150,3,PUP,1,1,1,15,10,5,10,15,10,0,0.6,1.5,25,25,15,6,900,1,1,1,1,1,2,2,1
147,1151,3,PUP,1,1,1,10,10,5,10,10,10,0,0.8,1.5,20,20,15,7,900,1,1,1,1,1,2,2,1
147,1152,3,PUP,1,1,1,10,10,5,15,15,10,0,0.8,1.5,25,25,15,8,900,1,1,1,1,1,2,2,1
148,1153,1,FSP,1,1,1,10,10,5,10,10,10,0,0.6,0.8,20,20,15,1,1800,0,1,1,1,1,4,1,2
148,1154,1,FSP,1,1,1,10,10,5,15,15,10,0,0.6,0.8,25,25,15,2,1800,0,1,1,1,1,4,1,2
148,1155,1,FSP,1,1,1,15,10,5,15,10,10,0,0.8,0.8,30,20,15,3,1800,0,1,1,1,1,4,1,2
148,1156,1,FSP,1,1,1,15,10,5,10,15,10,0,0.8,0.8,25,25,15,4,1800,0,1,1,1,1,4,1,2
148,1157,1,FSP,1,1,1,15,10,5,15,10,10,0,0.6,1.5,30,20,15,5,1800,0,1,1,1,1,4,1,2
148,1158,1,FSP,1,1,1,15,10,5,10,15,10,0,0.6,1.5,25,25,15,6,1800,0,1,1,1,1,4,1,2
148,1159,1,FSP,1,1,1,10,10,5,10,10,10,0,0.8,1.5,20,20,15,7,1800,0,1,1,1,1,4,1,2
148,1160,1,FSP,1,1,1,10,10,5,15,15,10,0,0.8,1.5,25,25,15,8,1800,0,1,1,1,1,4,1,2
149,1161,1,FSP,1,1,1,10,10,5,10,10,10,0,0.6,0.8,20,20,15,1,900,0,1,1,1,1,4,1,1
149,1162,1,FSP,1,1,1,10,10,5,15,15,10,0,0.6,0.8,25,25,15,2,900,0,1,1,1,1,4,1,1
149,1163,1,FSP,1,1,1,15,10,5,15,10,10,0,0.8,0.8,30,20,15,3,900,0,1,1,1,1,4,1,1
149,1164,1,FSP,1,1,1,15,10,5,10,15,10,0,0.8,0.8,25,25,15,4,900,0,1,1,1,1,4,1,1
149,1165,1,FSP,1,1,1,15,10,5,15,10,10,0,0.6,1.5,30,20,15,5,900,0,1,1,1,1,4,1,1
149,1166,1,FSP,1,1,1,15,10,5,10,15,10,0,0.6,1.5,25,25,15,6,900,0,1,1,1,1,4,1,1
149,1167,1,FSP,1,1,1,10,10,5,10,10,10,0,0.8,1.5,20,20,15,7,900,0,1,1,1,1,4,1,1
149,1168,1,FSP,1,1,1,10,10,5,15,15,10,0,0.8,1.5,25,25,15,8,900,0,1,1,1,1,4,1,1
150,1169,1,FSP,1,1,1,10,10,5,10,10,10,0,0.6,0.8,20,20,15,1,3000,0,0,1,0,0,6,2,3
150,1170,1,FSP,1,1,1,10,10,5,15,15,10,0,0.6,0.8,25,25,15,2,3000,0,0,1,0,0,6,2,3
150,1171,1,FSP,1,1,1,15,10,5,15,10,10,0,0.8,0.8,30,20,15,3,3000,0,0,1,0,0,6,2,3
150,1172,1,FSP,1,1,1,15,10,5,10,15,10,0,0.8,0.8,25,25,15,4,3000,0,0,1,0,0,6,2,3
150,1173,1,FSP,1,1,1,15,10,5,15,10,10,0,0.6,1.5,30,20,15,5,3000,0,0,1,0,0,6,2,3
150,1174,1,FSP,1,1,1,15,10,5,10,15,10,0,0.6,1.5,25,25,15,6,3000,0,0,1,0,0,6,2,3
150,1175,1,FSP,1,1,1,10,10,5,10,10,10,0,0.8,1.5,20,20,15,7,3000,0,0,1,0,0,6,2,3
150,1176,1,FSP,1,1,1,10,10,5,15,15,10,0,0.8,1.5,25,25,15,8,3000,0,0,1,0,0,6,2,3
151,1177,3,PUP,1,1,1,10,10,5,10,10,10,0,0.6,0.8,20,20,15,1,3000,0,1,0,1,0,4,1,3
151,1178,3,PUP,1,1,1,10,10,5,15,15,10,0,0.6,0.8,25,25,15,2,3000,0,1,0,1,0,4,1,3
151,1179,3,PUP,1,1,1,15,10,5,15,10,10,0,0.8,0.8,30,20,15,3,3000,0,1,0,1,0,4,1,3
151,1180,3,PUP,1,1,1,15,10,5,10,15,10,0,0.8,0.8,25,25,15,4,3000,0,1,0,1,0,4,1,3
151,1181,1,FSP,1,1,1,15,10,5,15,10,10,0,0.6,1.5,30,20,15,5,3000,0,1,0,1,0,4,1,3
151,1182,1,FSP,1,1,1,15,10,5,10,15,10,0,0.6,1.5,25,25,15,6,3000,0,1,0,1,0,4,1,3
151,1183,1,FSP,1,1,1,10,10,5,10,10,10,0,0.8,1.5,20,20,15,7,3000,0,1,0,1,0,4,1,3
151,1184,1,FSP,1,1,1,10,10,5,15,15,10,0,0.8,1.5,25,25,15,8,3000,0,1,0,1,0,4,1,3
152,1185,3,PUP,1,1,1,10,10,5,10,10,10,0,0.6,0.8,20,20,15,1,300,0,1,1,1,1,1,1,1
152,1186,3,PUP,1,1,1,10,10,5,15,15,10,0,0.6,0.8,25,25,15,2,300,0,1,1,1,1,1,1,1
152,1187,3,PUP,1,1,1,15,10,5,15,10,10,0,0.8,0.8,30,20,15,3,300,0,1,1,1,1,1,1,1
152,1188,3,PUP,1,1,1,15,10,5,10,15,10,0,0.8,0.8,25,25,15,4,300,0,1,1,1,1,1,1,1
152,1189,1,FSP,1,1,1,15,10,5,15,10,10,0,0.6,1.5,30,20,15,5,300,0,1,1,1,1,1,1,1
152,1190,1,FSP,1,1,1,15,10,5,10,15,10,0,0.6,1.5,25,25,15,6,300,0,1,1,1,1,1,1,1
152,1191,1,FSP,1,1,1,10,10,5,10,10,10,0,0.8,1.5,20,20,15,7,300,0,1,1,1,1,1,1,1
152,1192,1,FSP,1,1,1,10,10,5,15,15,10,0,0.8,1.5,25,25,15,8,300,0,1,1,1,1,1,1,1
153,1193,3,PUP,1,1,1,10,10,5,10,10,10,0,0.6,0.8,20,20,15,1,1800,0,1,1,0,0,3,1,2
153,1194,3,PUP,1,1,1,10,10,5,15,15,10,0,0.6,0.8,25,25,15,2,1800,0,1,1,0,0,3,1,2
153,1195,3,PUP,1,1,1,15,10,5,15,10,10,0,0.8,0.8,30,20,15,3,1800,0,1,1,0,0,3,1,2
153,1196,3,PUP,1,1,1,15,10,5,10,15,10,0,0.8,0.8,25,25,15,4,1800,0,1,1,0,0,3,1,2
153,1197,3,PUP,1,1,1,15,10,5,15,10,10,0,0.6,1.5,30,20,15,5,1800,0,1,1,0,0,3,1,2
153,1198,3,PUP,1,1,1,15,10,5,10,15,10,0,0.6,1.5,25,25,15,6,1800,0,1,1,0,0,3,1,2
153,1199,3,PUP,1,1,1,10,10,5,10,10,10,0,0.8,1.5,20,20,15,7,1800,0,1,1,0,0,3,1,2
153,1200,3,PUP,1,1,1,10,10,5,15,15,10,0,0.8,1.5,25,25,15,8,1800,0,1,1,0,0,3,1,2
154,1201,3,PUP,1,1,1,10,10,5,10,10,10,0,0.6,0.8,20,20,15,1,1800,0,1,0,0,0,5,1,2
154,1202,3,PUP,1,1,1,10,10,5,15,15,10,0,0.6,0.8,25,25,15,2,1800,0,1,0,0,0,5,1,2
154,1203,3,PUP,1,1,1,15,10,5,15,10,10,0,0.8,0.8,30,20,15,3,1800,0,1,0,0,0,5,1,2
154,1204,3,PUP,1,1,1,15,10,5,10,15,10,0,0.8,0.8,25,25,15,4,1800,0,1,0,0,0,5,1,2
154,1205,1,FSP,1,1,1,15,10,5,15,10,10,0,0.6,1.5,30,20,15,5,1800,0,1,0,0,0,5,1,2
154,1206,1,FSP,1,1,1,15,10,5,10,15,10,0,0.6,1.5,25,25,15,6,1800,0,1,0,0,0,5,1,2
154,1207,1,FSP,1,1,1,10,10,5,10,10,10,0,0.8,1.5,20,20,15,7,1800,0,1,0,0,0,5,1,2
154,1208,1,FSP,1,1,1,10,10,5,15,15,10,0,0.8,1.5,25,25,15,8,1800,0,1,0,0,0,5,1,2
155,1209,3,PUP,1,1,1,10,10,5,10,10,10,0,0.6,0.8,20,20,15,1,900,1,0,0,0,0,2,1,1
155,1210,3,PUP,1,1,1,10,10,5,15,15,10,0,0.6,0.8,25,25,15,2,900,1,0,0,0,0,2,1,1
155,1211,3,PUP,1,1,1,15,10,5,15,10,10,0,0.8,0.8,30,20,15,3,900,1,0,0,0,0,2,1,1
155,1212,3,PUP,1,1,1,15,10,5,10,15,10,0,0.8,0.8,25,25,15,4,900,1,0,0,0,0,2,1,1
155,1213,2,PSP,1,1,1,15,10,5,15,10,10,0,0.6,1.5,30,20,15,5,900,1,0,0,0,0,2,1,1
155,1214,1,FSP,1,1,1,15,10,5,10,15,10,0,0.6,1.5,25,25,15,6,900,1,0,0,0,0,2,1,1
155,1215,1,FSP,1,1,1,10,10,5,10,10,10,0,0.8,1.5,20,20,15,7,900,1,0,0,0,0,2,1,1
155,1216,1,FSP,1,1,1,10,10,5,15,15,10,0,0.8,1.5,25,25,15,8,900,1,0,0,0,0,2,1,1
156,1217,3,PUP,1,1,1,10,10,5,10,10,10,0,0.6,0.8,20,20,15,1,900,0,0,0,0,0,3,1,1
156,1218,3,PUP,1,1,1,10,10,5,15,15,10,0,0.6,0.8,25,25,15,2,900,0,0,0,0,0,3,1,1
156,1219,3,PUP,1,1,1,15,10,5,15,10,10,0,0.8,0.8,30,20,15,3,900,0,0,0,0,0,3,1,1
156,1220,3,PUP,1,1,1,15,10,5,10,15,10,0,0.8,0.8,25,25,15,4,900,0,0,0,0,0,3,1,1
156,1221,3,PUP,1,1,1,15,10,5,15,10,10,0,0.6,1.5,30,20,15,5,900,0,0,0,0,0,3,1,1
156,1222,3,PUP,1,1,1,15,10,5,10,15,10,0,0.6,1.5,25,25,15,6,900,0,0,0,0,0,3,1,1
156,1223,1,FSP,1,1,1,10,10,5,10,10,10,0,0.8,1.5,20,20,15,7,900,0,0,0,0,0,3,1,1
156,1224,1,FSP,1,1,1,10,10,5,15,15,10,0,0.8,1.5,25,25,15,8,900,0,0,0,0,0,3,1,1
157,1225,3,PUP,1,1,1,10,10,5,10,10,10,0,0.6,0.8,20,20,15,1,900,1,1,0,1,0,3,1,1
157,1226,3,PUP,1,1,1,10,10,5,15,15,10,0,0.6,0.8,25,25,15,2,900,1,1,0,1,0,3,1,1
157,1227,3,PUP,1,1,1,15,10,5,15,10,10,0,0.8,0.8,30,20,15,3,900,1,1,0,1,0,3,1,1
157,1228,3,PUP,1,1,1,15,10,5,10,15,10,0,0.8,0.8,25,25,15,4,900,1,1,0,1,0,3,1,1
157,1229,1,FSP,1,1,1,15,10,5,15,10,10,0,0.6,1.5,30,20,15,5,900,1,1,0,1,0,3,1,1
157,1230,1,FSP,1,1,1,15,10,5,10,15,10,0,0.6,1.5,25,25,15,6,900,1,1,0,1,0,3,1,1
157,1231,1,FSP,1,1,1,10,10,5,10,10,10,0,0.8,1.5,20,20,15,7,900,1,1,0,1,0,3,1,1
157,1232,1,FSP,1,1,1,10,10,5,15,15,10,0,0.8,1.5,25,25,15,8,900,1,1,0,1,0,3,1,1
158,1233,3,PUP,1,1,1,10,10,5,10,10,10,0,0.6,0.8,20,20,15,1,300,0,1,0,1,0,1,1,1
158,1234,3,PUP,1,1,1,10,10,5,15,15,10,0,0.6,0.8,25,25,15,2,300,0,1,0,1,0,1,1,1
158,1235,3,PUP,1,1,1,15,10,5,15,10,10,0,0.8,0.8,30,20,15,3,300,0,1,0,1,0,1,1,1
158,1236,3,PUP,1,1,1,15,10,5,10,15,10,0,0.8,0.8,25,25,15,4,300,0,1,0,1,0,1,1,1
158,1237,1,FSP,1,1,1,15,10,5,15,10,10,0,0.6,1.5,30,20,15,5,300,0,1,0,1,0,1,1,1
158,1238,1,FSP,1,1,1,15,10,5,10,15,10,0,0.6,1.5,25,25,15,6,300,0,1,0,1,0,1,1,1
158,1239,1,FSP,1,1,1,10,10,5,10,10,10,0,0.8,1.5,20,20,15,7,300,0,1,0,1,0,1,1,1
158,1240,1,FSP,1,1,1,10,10,5,15,15,10,0,0.8,1.5,25,25,15,8,300,0,1,0,1,0,1,1,1
159,1241,3,PUP,1,1,1,10,10,5,10,10,10,0,0.6,0.8,20,20,15,1,900,0,1,1,1,1,2,1,1
159,1242,3,PUP,1,1,1,10,10,5,15,15,10,0,0.6,0.8,25,25,15,2,900,0,1,1,1,1,2,1,1
159,1243,3,PUP,1,1,1,15,10,5,15,10,10,0,0.8,0.8,30,20,15,3,900,0,1,1,1,1,2,1,1
159,1244,3,PUP,1,1,1,15,10,5,10,15,10,0,0.8,0.8,25,25,15,4,900,0,1,1,1,1,2,1,1
159,1245,1,FSP,1,1,1,15,10,5,15,10,10,0,0.6,1.5,30,20,15,5,900,0,1,1,1,1,2,1,1
159,1246,1,FSP,1,1,1,15,10,5,10,15,10,0,0.6,1.5,25,25,15,6,900,0,1,1,1,1,2,1,1
159,1247,1,FSP,1,1,1,10,10,5,10,10,10,0,0.8,1.5,20,20,15,7,900,0,1,1,1,1,2,1,1
159,1248,1,FSP,1,1,1,10,10,5,15,15,10,0,0.8,1.5,25,25,15,8,900,0,1,1,1,1,2,1,1
160,1249,3,PUP,1,1,1,10,10,5,10,10,10,0,0.6,0.8,20,20,15,1,300,0,1,1,1,1,2,2,1
160,1250,3,PUP,1,1,1,10,10,5,15,15,10,0,0.6,0.8,25,25,15,2,300,0,1,1,1,1,2,2,1
160,1251,3,PUP,1,1,1,15,10,5,15,10,10,0,0.8,0.8,30,20,15,3,300,0,1,1,1,1,2,2,1
160,1252,3,PUP,1,1,1,15,10,5,10,15,10,0,0.8,0.8,25,25,15,4,300,0,1,1,1,1,2,2,1
160,1253,3,PUP,1,1,1,15,10,5,15,10,10,0,0.6,1.5,30,20,15,5,300,0,1,1,1,1,2,2,1
160,1254,3,PUP,1,1,1,15,10,5,10,15,10,0,0.6,1.5,25,25,15,6,300,0,1,1,1,1,2,2,1
160,1255,3,PUP,1,1,1,10,10,5,10,10,10,0,0.8,1.5,20,20,15,7,300,0,1,1,1,1,2,2,1
160,1256,3,PUP,1,1,1,10,10,5,15,15,10,0,0.8,1.5,25,25,15,8,300,0,1,1,1,1,2,2,1
161,1257,3,PUP,1,1,1,10,10,5,10,10,10,0,0.6,0.8,20,20,15,1,300,1,0,1,1,1,2,1,1
161,1258,3,PUP,1,1,1,10,10,5,15,15,10,0,0.6,0.8,25,25,15,2,300,1,0,1,1,1,2,1,1
161,1259,3,PUP,1,1,1,15,10,5,15,10,10,0,0.8,0.8,30,20,15,3,300,1,0,1,1,1,2,1,1
161,1260,3,PUP,1,1,1,15,10,5,10,15,10,0,0.8,0.8,25,25,15,4,300,1,0,1,1,1,2,1,1
161,1261,3,PUP,1,1,1,15,10,5,15,10,10,0,0.6,1.5,30,20,15,5,300,1,0,1,1,1,2,1,1
161,1262,3,PUP,1,1,1,15,10,5,10,15,10,0,0.6,1.5,25,25,15,6,300,1,0,1,1,1,2,1,1
161,1263,1,FSP,1,1,1,10,10,5,10,10,10,0,0.8,1.5,20,20,15,7,300,1,0,1,1,1,2,1,1
161,1264,3,PUP,1,1,1,10,10,5,15,15,10,0,0.8,1.5,25,25,15,8,300,1,0,1,1,1,2,1,1
162,1265,3,PUP,1,1,1,10,10,5,10,10,10,0,0.6,0.8,20,20,15,1,900,0,1,0,1,0,2,1,1
162,1266,3,PUP,1,1,1,10,10,5,15,15,10,0,0.6,0.8,25,25,15,2,900,0,1,0,1,0,2,1,1
162,1267,3,PUP,1,1,1,15,10,5,15,10,10,0,0.8,0.8,30,20,15,3,900,0,1,0,1,0,2,1,1
162,1268,3,PUP,1,1,1,15,10,5,10,15,10,0,0.8,0.8,25,25,15,4,900,0,1,0,1,0,2,1,1
162,1269,1,FSP,1,1,1,15,10,5,15,10,10,0,0.6,1.5,30,20,15,5,900,0,1,0,1,0,2,1,1
162,1270,1,FSP,1,1,1,15,10,5,10,15,10,0,0.6,1.5,25,25,15,6,900,0,1,0,1,0,2,1,1
162,1271,1,FSP,1,1,1,10,10,5,10,10,10,0,0.8,1.5,20,20,15,7,900,0,1,0,1,0,2,1,1
162,1272,1,FSP,1,1,1,10,10,5,15,15,10,0,0.8,1.5,25,25,15,8,900,0,1,0,1,0,2,1,1
163,1273,3,PUP,1,1,1,10,10,5,10,10,10,0,0.6,0.8,20,20,15,1,1800,0,0,0,1,0,5,1,2
163,1274,3,PUP,1,1,1,10,10,5,15,15,10,0,0.6,0.8,25,25,15,2,1800,0,0,0,1,0,5,1,2
163,1275,3,PUP,1,1,1,15,10,5,15,10,10,0,0.8,0.8,30,20,15,3,1800,0,0,0,1,0,5,1,2
163,1276,3,PUP,1,1,1,15,10,5,10,15,10,0,0.8,0.8,25,25,15,4,1800,0,0,0,1,0,5,1,2
163,1277,3,PUP,1,1,1,15,10,5,15,10,10,0,0.6,1.5,30,20,15,5,1800,0,0,0,1,0,5,1,2
163,1278,3,PUP,1,1,1,15,10,5,10,15,10,0,0.6,1.5,25,25,15,6,1800,0,0,0,1,0,5,1,2
163,1279,1,FSP,1,1,1,10,10,5,10,10,10,0,0.8,1.5,20,20,15,7,1800,0,0,0,1,0,5,1,2
163,1280,3,PUP,1,1,1,10,10,5,15,15,10,0,0.8,1.5,25,25,15,8,1800,0,0,0,1,0,5,1,2
164,1281,1,FSP,1,1,1,10,10,5,10,10,10,0,0.6,0.8,20,20,15,1,900,0,1,0,1,0,2,1,1
164,1282,1,FSP,1,1,1,10,10,5,15,15,10,0,0.6,0.8,25,25,15,2,900,0,1,0,1,0,2,1,1
164,1283,1,FSP,1,1,1,15,10,5,15,10,10,0,0.8,0.8,30,20,15,3,900,0,1,0,1,0,2,1,1
164,1284,1,FSP,1,1,1,15,10,5,10,15,10,0,0.8,0.8,25,25,15,4,900,0,1,0,1,0,2,1,1
164,1285,1,FSP,1,1,1,15,10,5,15,10,10,0,0.6,1.5,30,20,15,5,900,0,1,0,1,0,2,1,1
164,1286,1,FSP,1,1,1,15,10,5,10,15,10,0,0.6,1.5,25,25,15,6,900,0,1,0,1,0,2,1,1
164,1287,1,FSP,1,1,1,10,10,5,10,10,10,0,0.8,1.5,20,20,15,7,900,0,1,0,1,0,2,1,1
164,1288,1,FSP,1,1,1,10,10,5,15,15,10,0,0.8,1.5,25,25,15,8,900,0,1,0,1,0,2,1,1
165,1289,3,PUP,1,1,1,10,10,5,10,10,10,0,0.6,0.8,20,20,15,1,900,0,1,1,1,1,4,1,1
165,1290,3,PUP,1,1,1,10,10,5,15,15,10,0,0.6,0.8,25,25,15,2,900,0,1,1,1,1,4,1,1
165,1291,3,PUP,1,1,1,15,10,5,15,10,10,0,0.8,0.8,30,20,15,3,900,0,1,1,1,1,4,1,1
165,1292,3,PUP,1,1,1,15,10,5,10,15,10,0,0.8,0.8,25,25,15,4,900,0,1,1,1,1,4,1,1
165,1293,1,FSP,1,1,1,15,10,5,15,10,10,0,0.6,1.5,30,20,15,5,900,0,1,1,1,1,4,1,1
165,1294,1,FSP,1,1,1,15,10,5,10,15,10,0,0.6,1.5,25,25,15,6,900,0,1,1,1,1,4,1,1
165,1295,1,FSP,1,1,1,10,10,5,10,10,10,0,0.8,1.5,20,20,15,7,900,0,1,1,1,1,4,1,1
165,1296,1,FSP,1,1,1,10,10,5,15,15,10,0,0.8,1.5,25,25,15,8,900,0,1,1,1,1,4,1,1
166,1297,1,FSP,1,1,1,10,10,5,10,10,10,0,0.6,0.8,20,20,15,1,1800,0,1,0,1,0,4,1,2
166,1298,1,FSP,1,1,1,10,10,5,15,15,10,0,0.6,0.8,25,25,15,2,1800,0,1,0,1,0,4,1,2
166,1299,1,FSP,1,1,1,15,10,5,15,10,10,0,0.8,0.8,30,20,15,3,1800,0,1,0,1,0,4,1,2
166,1300,1,FSP,1,1,1,15,10,5,10,15,10,0,0.8,0.8,25,25,15,4,1800,0,1,0,1,0,4,1,2
166,1301,1,FSP,1,1,1,15,10,5,15,10,10,0,0.6,1.5,30,20,15,5,1800,0,1,0,1,0,4,1,2
166,1302,1,FSP,1,1,1,15,10,5,10,15,10,0,0.6,1.5,25,25,15,6,1800,0,1,0,1,0,4,1,2
166,1303,1,FSP,1,1,1,10,10,5,10,10,10,0,0.8,1.5,20,20,15,7,1800,0,1,0,1,0,4,1,2
166,1304,1,FSP,1,1,1,10,10,5,15,15,10,0,0.8,1.5,25,25,15,8,1800,0,1,0,1,0,4,1,2
167,1305,3,PUP,1,1,1,10,10,5,10,10,10,0,0.6,0.8,20,20,15,1,900,0,0,0,1,0,4,2,1
167,1306,3,PUP,1,1,1,10,10,5,15,15,10,0,0.6,0.8,25,25,15,2,900,0,0,0,1,0,4,2,1
167,1307,3,PUP,1,1,1,15,10,5,15,10,10,0,0.8,0.8,30,20,15,3,900,0,0,0,1,0,4,2,1
167,1308,3,PUP,1,1,1,15,10,5,10,15,10,0,0.8,0.8,25,25,15,4,900,0,0,0,1,0,4,2,1
167,1309,1,FSP,1,1,1,15,10,5,15,10,10,0,0.6,1.5,30,20,15,5,900,0,0,0,1,0,4,2,1
167,1310,1,FSP,1,1,1,15,10,5,10,15,10,0,0.6,1.5,25,25,15,6,900,0,0,0,1,0,4,2,1
167,1311,1,FSP,1,1,1,10,10,5,10,10,10,0,0.8,1.5,20,20,15,7,900,0,0,0,1,0,4,2,1
167,1312,1,FSP,1,1,1,10,10,5,15,15,10,0,0.8,1.5,25,25,15,8,900,0,0,0,1,0,4,2,1
168,1313,1,FSP,1,1,1,10,10,5,10,10,10,0,0.6,0.8,20,20,15,1,300,1,1,1,1,1,4,1,1
168,1314,1,FSP,1,1,1,10,10,5,15,15,10,0,0.6,0.8,25,25,15,2,300,1,1,1,1,1,4,1,1
168,1315,1,FSP,1,1,1,15,10,5,15,10,10,0,0.8,0.8,30,20,15,3,300,1,1,1,1,1,4,1,1
168,1316,1,FSP,1,1,1,15,10,5,10,15,10,0,0.8,0.8,25,25,15,4,300,1,1,1,1,1,4,1,1
168,1317,1,FSP,1,1,1,15,10,5,15,10,10,0,0.6,1.5,30,20,15,5,300,1,1,1,1,1,4,1,1
168,1318,1,FSP,1,1,1,15,10,5,10,15,10,0,0.6,1.5,25,25,15,6,300,1,1,1,1,1,4,1,1
168,1319,1,FSP,1,1,1,10,10,5,10,10,10,0,0.8,1.5,20,20,15,7,300,1,1,1,1,1,4,1,1
168,1320,1,FSP,1,1,1,10,10,5,15,15,10,0,0.8,1.5,25,25,15,8,300,1,1,1,1,1,4,1,1
169,1321,3,PUP,1,1,1,10,10,5,10,10,10,0,0.6,0.8,20,20,15,1,900,0,1,1,1,1,5,1,1
169,1322,3,PUP,1,1,1,10,10,5,15,15,10,0,0.6,0.8,25,25,15,2,900,0,1,1,1,1,5,1,1
169,1323,3,PUP,1,1,1,15,10,5,15,10,10,0,0.8,0.8,30,20,15,3,900,0,1,1,1,1,5,1,1
169,1324,3,PUP,1,1,1,15,10,5,10,15,10,0,0.8,0.8,25,25,15,4,900,0,1,1,1,1,5,1,1
169,1325,3,PUP,1,1,1,15,10,5,15,10,10,0,0.6,1.5,30,20,15,5,900,0,1,1,1,1,5,1,1
169,1326,3,PUP,1,1,1,15,10,5,10,15,10,0,0.6,1.5,25,25,15,6,900,0,1,1,1,1,5,1,1
169,1327,1,FSP,1,1,1,10,10,5,10,10,10,0,0.8,1.5,20,20,15,7,900,0,1,1,1,1,5,1,1
169,1328,3,PUP,1,1,1,10,10,5,15,15,10,0,0.8,1.5,25,25,15,8,900,0,1,1,1,1,5,1,1
170,1329,3,PUP,1,1,1,10,10,5,10,10,10,0,0.6,0.8,20,20,15,1,1800,0,1,1,0,0,2,1,2
170,1330,3,PUP,1,1,1,10,10,5,15,15,10,0,0.6,0.8,25,25,15,2,1800,0,1,1,0,0,2,1,2
170,1331,3,PUP,1,1,1,15,10,5,15,10,10,0,0.8,0.8,30,20,15,3,1800,0,1,1,0,0,2,1,2
170,1332,3,PUP,1,1,1,15,10,5,10,15,10,0,0.8,0.8,25,25,15,4,1800,0,1,1,0,0,2,1,2
170,1333,2,PSP,1,1,1,15,10,5,15,10,10,0,0.6,1.5,30,20,15,5,1800,0,1,1,0,0,2,1,2
170,1334,2,PSP,1,1,1,15,10,5,10,15,10,0,0.6,1.5,25,25,15,6,1800,0,1,1,0,0,2,1,2
170,1335,2,PSP,1,1,1,10,10,5,10,10,10,0,0.8,1.5,20,20,15,7,1800,0,1,1,0,0,2,1,2
170,1336,2,PSP,1,1,1,10,10,5,15,15,10,0,0.8,1.5,25,25,15,8,1800,0,1,1,0,0,2,1,2
171,1337,3,PUP,1,1,1,10,10,5,10,10,10,0,0.6,0.8,20,20,15,1,300,0,1,1,0,0,3,1,1
171,1338,3,PUP,1,1,1,10,10,5,15,15,10,0,0.6,0.8,25,25,15,2,300,0,1,1,0,0,3,1,1
171,1339,3,PUP,1,1,1,15,10,5,15,10,10,0,0.8,0.8,30,20,15,3,300,0,1,1,0,0,3,1,1
171,1340,3,PUP,1,1,1,15,10,5,10,15,10,0,0.8,0.8,25,25,15,4,300,0,1,1,0,0,3,1,1
171,1341,1,FSP,1,1,1,15,10,5,15,10,10,0,0.6,1.5,30,20,15,5,300,0,1,1,0,0,3,1,1
171,1342,1,FSP,1,1,1,15,10,5,10,15,10,0,0.6,1.5,25,25,15,6,300,0,1,1,0,0,3,1,1
171,1343,1,FSP,1,1,1,10,10,5,10,10,10,0,0.8,1.5,20,20,15,7,300,0,1,1,0,0,3,1,1
171,1344,1,FSP,1,1,1,10,10,5,15,15,10,0,0.8,1.5,25,25,15,8,300,0,1,1,0,0,3,1,1
172,1345,3,PUP,1,1,1,10,10,5,10,10,10,0,0.6,0.8,20,20,15,1,1800,0,1,1,1,1,5,1,2
172,1346,3,PUP,1,1,1,10,10,5,15,15,10,0,0.6,0.8,25,25,15,2,1800,0,1,1,1,1,5,1,2
172,1347,3,PUP,1,1,1,15,10,5,15,10,10,0,0.8,0.8,30,20,15,3,1800,0,1,1,1,1,5,1,2
172,1348,3,PUP,1,1,1,15,10,5,10,15,10,0,0.8,0.8,25,25,15,4,1800,0,1,1,1,1,5,1,2
172,1349,1,FSP,1,1,1,15,10,5,15,10,10,0,0.6,1.5,30,20,15,5,1800,0,1,1,1,1,5,1,2
172,1350,1,FSP,1,1,1,15,10,5,10,15,10,0,0.6,1.5,25,25,15,6,1800,0,1,1,1,1,5,1,2
172,1351,1,FSP,1,1,1,10,10,5,10,10,10,0,0.8,1.5,20,20,15,7,1800,0,1,1,1,1,5,1,2
172,1352,1,FSP,1,1,1,10,10,5,15,15,10,0,0.8,1.5,25,25,15,8,1800,0,1,1,1,1,5,1,2
173,1353,3,PUP,1,1,1,10,10,5,10,10,10,0,0.6,0.8,20,20,15,1,900,1,0,0,1,0,3,1,1
173,1354,3,PUP,1,1,1,10,10,5,15,15,10,0,0.6,0.8,25,25,15,2,900,1,0,0,1,0,3,1,1
173,1355,3,PUP,1,1,1,15,10,5,15,10,10,0,0.8,0.8,30,20,15,3,900,1,0,0,1,0,3,1,1
173,1356,3,PUP,1,1,1,15,10,5,10,15,10,0,0.8,0.8,25,25,15,4,900,1,0,0,1,0,3,1,1
173,1357,2,PSP,1,1,1,15,10,5,15,10,10,0,0.6,1.5,30,20,15,5,900,1,0,0,1,0,3,1,1
173,1358,1,FSP,1,1,1,15,10,5,10,15,10,0,0.6,1.5,25,25,15,6,900,1,0,0,1,0,3,1,1
173,1359,1,FSP,1,1,1,10,10,5,10,10,10,0,0.8,1.5,20,20,15,7,900,1,0,0,1,0,3,1,1
173,1360,1,FSP,1,1,1,10,10,5,15,15,10,0,0.8,1.5,25,25,15,8,900,1,0,0,1,0,3,1,1
174,1361,3,PUP,1,1,1,10,10,5,10,10,10,0,0.6,0.8,20,20,15,1,1800,0,1,0,1,0,3,1,2
174,1362,3,PUP,1,1,1,10,10,5,15,15,10,0,0.6,0.8,25,25,15,2,1800,0,1,0,1,0,3,1,2
174,1363,3,PUP,1,1,1,15,10,5,15,10,10,0,0.8,0.8,30,20,15,3,1800,0,1,0,1,0,3,1,2
174,1364,3,PUP,1,1,1,15,10,5,10,15,10,0,0.8,0.8,25,25,15,4,1800,0,1,0,1,0,3,1,2
174,1365,3,PUP,1,1,1,15,10,5,15,10,10,0,0.6,1.5,30,20,15,5,1800,0,1,0,1,0,3,1,2
174,1366,3,PUP,1,1,1,15,10,5,10,15,10,0,0.6,1.5,25,25,15,6,1800,0,1,0,1,0,3,1,2
174,1367,3,PUP,1,1,1,10,10,5,10,10,10,0,0.8,1.5,20,20,15,7,1800,0,1,0,1,0,3,1,2
174,1368,3,PUP,1,1,1,10,10,5,15,15,10,0,0.8,1.5,25,25,15,8,1800,0,1,0,1,0,3,1,2
175,1369,3,PUP,1,1,1,10,10,5,10,10,10,0,0.6,0.8,20,20,15,1,900,1,1,1,1,1,3,1,1
175,1370,3,PUP,1,1,1,10,10,5,15,15,10,0,0.6,0.8,25,25,15,2,900,1,1,1,1,1,3,1,1
175,1371,3,PUP,1,1,1,15,10,5,15,10,10,0,0.8,0.8,30,20,15,3,900,1,1,1,1,1,3,1,1
175,1372,3,PUP,1,1,1,15,10,5,10,15,10,0,0.8,0.8,25,25,15,4,900,1,1,1,1,1,3,1,1
175,1373,3,PUP,1,1,1,15,10,5,15,10,10,0,0.6,1.5,30,20,15,5,900,1,1,1,1,1,3,1,1
175,1374,3,PUP,1,1,1,15,10,5,10,15,10,0,0.6,1.5,25,25,15,6,900,1,1,1,1,1,3,1,1
175,1375,3,PUP,1,1,1,10,10,5,10,10,10,0,0.8,1.5,20,20,15,7,900,1,1,1,1,1,3,1,1
175,1376,3,PUP,1,1,1,10,10,5,15,15,10,0,0.8,1.5,25,25,15,8,900,1,1,1,1,1,3,1,1
176,1377,3,PUP,1,1,1,10,10,5,10,10,10,0,0.6,0.8,20,20,15,1,300,1,1,1,1,1,2,1,1
176,1378,3,PUP,1,1,1,10,10,5,15,15,10,0,0.6,0.8,25,25,15,2,300,1,1,1,1,1,2,1,1
176,1379,3,PUP,1,1,1,15,10,5,15,10,10,0,0.8,0.8,30,20,15,3,300,1,1,1,1,1,2,1,1
176,1380,3,PUP,1,1,1,15,10,5,10,15,10,0,0.8,0.8,25,25,15,4,300,1,1,1,1,1,2,1,1
176,1381,1,FSP,1,1,1,15,10,5,15,10,10,0,0.6,1.5,30,20,15,5,300,1,1,1,1,1,2,1,1
176,1382,1,FSP,1,1,1,15,10,5,10,15,10,0,0.6,1.5,25,25,15,6,300,1,1,1,1,1,2,1,1
176,1383,1,FSP,1,1,1,10,10,5,10,10,10,0,0.8,1.5,20,20,15,7,300,1,1,1,1,1,2,1,1
176,1384,1,FSP,1,1,1,10,10,5,15,15,10,0,0.8,1.5,25,25,15,8,300,1,1,1,1,1,2,1,1
177,1385,1,FSP,1,1,1,10,10,5,10,10,10,0,0.6,0.8,20,20,15,1,300,1,1,0,1,0,3,1,1
177,1386,1,FSP,1,1,1,10,10,5,15,15,10,0,0.6,0.8,25,25,15,2,300,1,1,0,1,0,3,1,1
177,1387,1,FSP,1,1,1,15,10,5,15,10,10,0,0.8,0.8,30,20,15,3,300,1,1,0,1,0,3,1,1
177,1388,1,FSP,1,1,1,15,10,5,10,15,10,0,0.8,0.8,25,25,15,4,300,1,1,0,1,0,3,1,1
177,1389,1,FSP,1,1,1,15,10,5,15,10,10,0,0.6,1.5,30,20,15,5,300,1,1,0,1,0,3,1,1
177,1390,1,FSP,1,1,1,15,10,5,10,15,10,0,0.6,1.5,25,25,15,6,300,1,1,0,1,0,3,1,1
177,1391,1,FSP,1,1,1,10,10,5,10,10,10,0,0.8,1.5,20,20,15,7,300,1,1,0,1,0,3,1,1
177,1392,1,FSP,1,1,1,10,10,5,15,15,10,0,0.8,1.5,25,25,15,8,300,1,1,0,1,0,3,1,1
178,1393,1,FSP,1,1,1,10,10,5,10,10,10,0,0.6,0.8,20,20,15,1,900,1,1,0,1,0,2,1,1
178,1394,1,FSP,1,1,1,10,10,5,15,15,10,0,0.6,0.8,25,25,15,2,900,1,1,0,1,0,2,1,1
178,1395,1,FSP,1,1,1,15,10,5,15,10,10,0,0.8,0.8,30,20,15,3,900,1,1,0,1,0,2,1,1
178,1396,1,FSP,1,1,1,15,10,5,10,15,10,0,0.8,0.8,25,25,15,4,900,1,1,0,1,0,2,1,1
178,1397,1,FSP,1,1,1,15,10,5,15,10,10,0,0.6,1.5,30,20,15,5,900,1,1,0,1,0,2,1,1
178,1398,1,FSP,1,1,1,15,10,5,10,15,10,0,0.6,1.5,25,25,15,6,900,1,1,0,1,0,2,1,1
178,1399,1,FSP,1,1,1,10,10,5,10,10,10,0,0.8,1.5,20,20,15,7,900,1,1,0,1,0,2,1,1
178,1400,1,FSP,1,1,1,10,10,5,15,15,10,0,0.8,1.5,25,25,15,8,900,1,1,0,1,0,2,1,1
179,1401,3,PUP,1,1,1,10,10,5,10,10,10,0,0.6,0.8,20,20,15,1,1800,0,0,0,1,0,3,1,2
179,1402,3,PUP,1,1,1,10,10,5,15,15,10,0,0.6,0.8,25,25,15,2,1800,0,0,0,1,0,3,1,2
179,1403,3,PUP,1,1,1,15,10,5,15,10,10,0,0.8,0.8,30,20,15,3,1800,0,0,0,1,0,3,1,2
179,1404,3,PUP,1,1,1,15,10,5,10,15,10,0,0.8,0.8,25,25,15,4,1800,0,0,0,1,0,3,1,2
179,1405,1,FSP,1,1,1,15,10,5,15,10,10,0,0.6,1.5,30,20,15,5,1800,0,0,0,1,0,3,1,2
179,1406,1,FSP,1,1,1,15,10,5,10,15,10,0,0.6,1.5,25,25,15,6,1800,0,0,0,1,0,3,1,2
179,1407,1,FSP,1,1,1,10,10,5,10,10,10,0,0.8,1.5,20,20,15,7,1800,0,0,0,1,0,3,1,2
179,1408,1,FSP,1,1,1,10,10,5,15,15,10,0,0.8,1.5,25,25,15,8,1800,0,0,0,1,0,3,1,2
180,1409,1,FSP,1,1,1,10,10,5,10,10,10,0,0.6,0.8,20,20,15,1,1800,0,1,1,0,0,3,1,2
180,1410,1,FSP,1,1,1,10,10,5,15,15,10,0,0.6,0.8,25,25,15,2,1800,0,1,1,0,0,3,1,2
180,1411,1,FSP,1,1,1,15,10,5,15,10,10,0,0.8,0.8,30,20,15,3,1800,0,1,1,0,0,3,1,2
180,1412,1,FSP,1,1,1,15,10,5,10,15,10,0,0.8,0.8,25,25,15,4,1800,0,1,1,0,0,3,1,2
180,1413,1,FSP,1,1,1,15,10,5,15,10,10,0,0.6,1.5,30,20,15,5,1800,0,1,1,0,0,3,1,2
180,1414,1,FSP,1,1,1,15,10,5,10,15,10,0,0.6,1.5,25,25,15,6,1800,0,1,1,0,0,3,1,2
180,1415,1,FSP,1,1,1,10,10,5,10,10,10,0,0.8,1.5,20,20,15,7,1800,0,1,1,0,0,3,1,2
180,1416,1,FSP,1,1,1,10,10,5,15,15,10,0,0.8,1.5,25,25,15,8,1800,0,1,1,0,0,3,1,2
181,1417,3,PUP,1,1,1,10,10,5,10,10,10,0,0.6,0.8,20,20,15,1,900,0,1,0,0,0,2,1,1
181,1418,3,PUP,1,1,1,10,10,5,15,15,10,0,0.6,0.8,25,25,15,2,900,0,1,0,0,0,2,1,1
181,1419,3,PUP,1,1,1,15,10,5,15,10,10,0,0.8,0.8,30,20,15,3,900,0,1,0,0,0,2,1,1
181,1420,3,PUP,1,1,1,15,10,5,10,15,10,0,0.8,0.8,25,25,15,4,900,0,1,0,0,0,2,1,1
181,1421,2,PSP,1,1,1,15,10,5,15,10,10,0,0.6,1.5,30,20,15,5,900,0,1,0,0,0,2,1,1
181,1422,1,FSP,1,1,1,15,10,5,10,15,10,0,0.6,1.5,25,25,15,6,900,0,1,0,0,0,2,1,1
181,1423,1,FSP,1,1,1,10,10,5,10,10,10,0,0.8,1.5,20,20,15,7,900,0,1,0,0,0,2,1,1
181,1424,1,FSP,1,1,1,10,10,5,15,15,10,0,0.8,1.5,25,25,15,8,900,0,1,0,0,0,2,1,1
182,1425,1,FSP,1,1,1,10,10,5,10,10,10,0,0.6,0.8,20,20,15,1,1800,0,1,1,1,1,3,1,2
182,1426,1,FSP,1,1,1,10,10,5,15,15,10,0,0.6,0.8,25,25,15,2,1800,0,1,1,1,1,3,1,2
182,1427,1,FSP,1,1,1,15,10,5,15,10,10,0,0.8,0.8,30,20,15,3,1800,0,1,1,1,1,3,1,2
182,1428,1,FSP,1,1,1,15,10,5,10,15,10,0,0.8,0.8,25,25,15,4,1800,0,1,1,1,1,3,1,2
182,1429,1,FSP,1,1,1,15,10,5,15,10,10,0,0.6,1.5,30,20,15,5,1800,0,1,1,1,1,3,1,2
182,1430,1,FSP,1,1,1,15,10,5,10,15,10,0,0.6,1.5,25,25,15,6,1800,0,1,1,1,1,3,1,2
182,1431,1,FSP,1,1,1,10,10,5,10,10,10,0,0.8,1.5,20,20,15,7,1800,0,1,1,1,1,3,1,2
182,1432,1,FSP,1,1,1,10,10,5,15,15,10,0,0.8,1.5,25,25,15,8,1800,0,1,1,1,1,3,1,2
184,1433,3,PUP,1,1,1,10,10,5,10,10,10,0,0.6,0.8,20,20,15,1,1800,0,1,1,1,1,2,1,2
184,1434,3,PUP,1,1,1,10,10,5,15,15,10,0,0.6,0.8,25,25,15,2,1800,0,1,1,1,1,2,1,2
184,1435,3,PUP,1,1,1,15,10,5,15,10,10,0,0.8,0.8,30,20,15,3,1800,0,1,1,1,1,2,1,2
184,1436,3,PUP,1,1,1,15,10,5,10,15,10,0,0.8,0.8,25,25,15,4,1800,0,1,1,1,1,2,1,2
184,1437,1,FSP,1,1,1,15,10,5,15,10,10,0,0.6,1.5,30,20,15,5,1800,0,1,1,1,1,2,1,2
184,1438,1,FSP,1,1,1,15,10,5,10,15,10,0,0.6,1.5,25,25,15,6,1800,0,1,1,1,1,2,1,2
184,1439,1,FSP,1,1,1,10,10,5,10,10,10,0,0.8,1.5,20,20,15,7,1800,0,1,1,1,1,2,1,2
184,1440,1,FSP,1,1,1,10,10,5,15,15,10,0,0.8,1.5,25,25,15,8,1800,0,1,1,1,1,2,1,2
185,1441,1,FSP,1,1,1,10,10,5,10,10,10,0,0.6,0.8,20,20,15,1,1800,0,1,1,1,1,5,1,2
185,1442,1,FSP,1,1,1,10,10,5,15,15,10,0,0.6,0.8,25,25,15,2,1800,0,1,1,1,1,5,1,2
185,1443,1,FSP,1,1,1,15,10,5,15,10,10,0,0.8,0.8,30,20,15,3,1800,0,1,1,1,1,5,1,2
185,1444,1,FSP,1,1,1,15,10,5,10,15,10,0,0.8,0.8,25,25,15,4,1800,0,1,1,1,1,5,1,2
185,1445,1,FSP,1,1,1,15,10,5,15,10,10,0,0.6,1.5,30,20,15,5,1800,0,1,1,1,1,5,1,2
185,1446,1,FSP,1,1,1,15,10,5,10,15,10,0,0.6,1.5,25,25,15,6,1800,0,1,1,1,1,5,1,2
185,1447,1,FSP,1,1,1,10,10,5,10,10,10,0,0.8,1.5,20,20,15,7,1800,0,1,1,1,1,5,1,2
185,1448,1,FSP,1,1,1,10,10,5,15,15,10,0,0.8,1.5,25,25,15,8,1800,0,1,1,1,1,5,1,2
186,1449,3,PUP,1,1,1,10,10,5,10,10,10,0,0.6,0.8,20,20,15,1,1800,0,0,0,1,0,5,2,2
186,1450,3,PUP,1,1,1,10,10,5,15,15,10,0,0.6,0.8,25,25,15,2,1800,0,0,0,1,0,5,2,2
186,1451,3,PUP,1,1,1,15,10,5,15,10,10,0,0.8,0.8,30,20,15,3,1800,0,0,0,1,0,5,2,2
186,1452,3,PUP,1,1,1,15,10,5,10,15,10,0,0.8,0.8,25,25,15,4,1800,0,0,0,1,0,5,2,2
186,1453,3,PUP,1,1,1,15,10,5,15,10,10,0,0.6,1.5,30,20,15,5,1800,0,0,0,1,0,5,2,2
186,1454,3,PUP,1,1,1,15,10,5,10,15,10,0,0.6,1.5,25,25,15,6,1800,0,0,0,1,0,5,2,2
186,1455,3,PUP,1,1,1,10,10,5,10,10,10,0,0.8,1.5,20,20,15,7,1800,0,0,0,1,0,5,2,2
186,1456,3,PUP,1,1,1,10,10,5,15,15,10,0,0.8,1.5,25,25,15,8,1800,0,0,0,1,0,5,2,2
187,1457,3,PUP,1,1,1,10,10,5,10,10,10,0,0.6,0.8,20,20,15,1,300,0,0,0,1,0,1,1,1
187,1458,3,PUP,1,1,1,10,10,5,15,15,10,0,0.6,0.8,25,25,15,2,300,0,0,0,1,0,1,1,1
187,1459,3,PUP,1,1,1,15,10,5,15,10,10,0,0.8,0.8,30,20,15,3,300,0,0,0,1,0,1,1,1
187,1460,3,PUP,1,1,1,15,10,5,10,15,10,0,0.8,0.8,25,25,15,4,300,0,0,0,1,0,1,1,1
187,1461,3,PUP,1,1,1,15,10,5,15,10,10,0,0.6,1.5,30,20,15,5,300,0,0,0,1,0,1,1,1
187,1462,3,PUP,1,1,1,15,10,5,10,15,10,0,0.6,1.5,25,25,15,6,300,0,0,0,1,0,1,1,1
187,1463,3,PUP,1,1,1,10,10,5,10,10,10,0,0.8,1.5,20,20,15,7,300,0,0,0,1,0,1,1,1
187,1464,3,PUP,1,1,1,10,10,5,15,15,10,0,0.8,1.5,25,25,15,8,300,0,0,0,1,0,1,1,1
188,1465,1,FSP,1,1,1,10,10,5,10,10,10,0,0.6,0.8,20,20,15,1,300,0,1,0,1,0,1,1,1
188,1466,1,FSP,1,1,1,10,10,5,15,15,10,0,0.6,0.8,25,25,15,2,300,0,1,0,1,0,1,1,1
188,1467,1,FSP,1,1,1,15,10,5,15,10,10,0,0.8,0.8,30,20,15,3,300,0,1,0,1,0,1,1,1
188,1468,1,FSP,1,1,1,15,10,5,10,15,10,0,0.8,0.8,25,25,15,4,300,0,1,0,1,0,1,1,1
188,1469,1,FSP,1,1,1,15,10,5,15,10,10,0,0.6,1.5,30,20,15,5,300,0,1,0,1,0,1,1,1
188,1470,1,FSP,1,1,1,15,10,5,10,15,10,0,0.6,1.5,25,25,15,6,300,0,1,0,1,0,1,1,1
188,1471,1,FSP,1,1,1,10,10,5,10,10,10,0,0.8,1.5,20,20,15,7,300,0,1,0,1,0,1,1,1
188,1472,1,FSP,1,1,1,10,10,5,15,15,10,0,0.8,1.5,25,25,15,8,300,0,1,0,1,0,1,1,1
189,1473,3,PUP,1,1,1,10,10,5,10,10,10,0,0.6,0.8,20,20,15,1,1800,1,0,0,1,0,3,1,2
189,1474,3,PUP,1,1,1,10,10,5,15,15,10,0,0.6,0.8,25,25,15,2,1800,1,0,0,1,0,3,1,2
189,1475,3,PUP,1,1,1,15,10,5,15,10,10,0,0.8,0.8,30,20,15,3,1800,1,0,0,1,0,3,1,2
189,1476,3,PUP,1,1,1,15,10,5,10,15,10,0,0.8,0.8,25,25,15,4,1800,1,0,0,1,0,3,1,2
189,1477,3,PUP,1,1,1,15,10,5,15,10,10,0,0.6,1.5,30,20,15,5,1800,1,0,0,1,0,3,1,2
189,1478,3,PUP,1,1,1,15,10,5,10,15,10,0,0.6,1.5,25,25,15,6,1800,1,0,0,1,0,3,1,2
189,1479,3,PUP,1,1,1,10,10,5,10,10,10,0,0.8,1.5,20,20,15,7,1800,1,0,0,1,0,3,1,2
189,1480,3,PUP,1,1,1,10,10,5,15,15,10,0,0.8,1.5,25,25,15,8,1800,1,0,0,1,0,3,1,2
190,1481,1,FSP,1,1,1,10,10,5,10,10,10,0,0.6,0.8,20,20,15,1,900,1,1,1,1,1,4,1,1
190,1482,1,FSP,1,1,1,10,10,5,15,15,10,0,0.6,0.8,25,25,15,2,900,1,1,1,1,1,4,1,1
190,1483,1,FSP,1,1,1,15,10,5,15,10,10,0,0.8,0.8,30,20,15,3,900,1,1,1,1,1,4,1,1
190,1484,1,FSP,1,1,1,15,10,5,10,15,10,0,0.8,0.8,25,25,15,4,900,1,1,1,1,1,4,1,1
190,1485,1,FSP,1,1,1,15,10,5,15,10,10,0,0.6,1.5,30,20,15,5,900,1,1,1,1,1,4,1,1
190,1486,1,FSP,1,1,1,15,10,5,10,15,10,0,0.6,1.5,25,25,15,6,900,1,1,1,1,1,4,1,1
190,1487,1,FSP,1,1,1,10,10,5,10,10,10,0,0.8,1.5,20,20,15,7,900,1,1,1,1,1,4,1,1
190,1488,1,FSP,1,1,1,10,10,5,15,15,10,0,0.8,1.5,25,25,15,8,900,1,1,1,1,1,4,1,1
191,1489,3,PUP,1,1,1,10,10,5,10,10,10,0,0.6,0.8,20,20,15,1,900,0,1,1,1,1,5,2,1
191,1490,3,PUP,1,1,1,10,10,5,15,15,10,0,0.6,0.8,25,25,15,2,900,0,1,1,1,1,5,2,1
191,1491,3,PUP,1,1,1,15,10,5,15,10,10,0,0.8,0.8,30,20,15,3,900,0,1,1,1,1,5,2,1
191,1492,3,PUP,1,1,1,15,10,5,10,15,10,0,0.8,0.8,25,25,15,4,900,0,1,1,1,1,5,2,1
191,1493,3,PUP,1,1,1,15,10,5,15,10,10,0,0.6,1.5,30,20,15,5,900,0,1,1,1,1,5,2,1
191,1494,3,PUP,1,1,1,15,10,5,10,15,10,0,0.6,1.5,25,25,15,6,900,0,1,1,1,1,5,2,1
191,1495,3,PUP,1,1,1,10,10,5,10,10,10,0,0.8,1.5,20,20,15,7,900,0,1,1,1,1,5,2,1
191,1496,3,PUP,1,1,1,10,10,5,15,15,10,0,0.8,1.5,25,25,15,8,900,0,1,1,1,1,5,2,1
192,1497,1,FSP,1,1,1,10,10,5,10,10,10,0,0.6,0.8,20,20,15,1,900,0,0,0,1,0,3,1,1
192,1498,1,FSP,1,1,1,10,10,5,15,15,10,0,0.6,0.8,25,25,15,2,900,0,0,0,1,0,3,1,1
192,1499,1,FSP,1,1,1,15,10,5,15,10,10,0,0.8,0.8,30,20,15,3,900,0,0,0,1,0,3,1,1
192,1500,1,FSP,1,1,1,15,10,5,10,15,10,0,0.8,0.8,25,25,15,4,900,0,0,0,1,0,3,1,1
192,1501,1,FSP,1,1,1,15,10,5,15,10,10,0,0.6,1.5,30,20,15,5,900,0,0,0,1,0,3,1,1
192,1502,1,FSP,1,1,1,15,10,5,10,15,10,0,0.6,1.5,25,25,15,6,900,0,0,0,1,0,3,1,1
192,1503,1,FSP,1,1,1,10,10,5,10,10,10,0,0.8,1.5,20,20,15,7,900,0,0,0,1,0,3,1,1
192,1504,1,FSP,1,1,1,10,10,5,15,15,10,0,0.8,1.5,25,25,15,8,900,0,0,0,1,0,3,1,1
193,1505,3,PUP,1,1,1,10,10,5,10,10,10,0,0.6,0.8,20,20,15,1,900,1,1,0,1,0,3,1,1
193,1506,3,PUP,1,1,1,10,10,5,15,15,10,0,0.6,0.8,25,25,15,2,900,1,1,0,1,0,3,1,1
193,1507,3,PUP,1,1,1,15,10,5,15,10,10,0,0.8,0.8,30,20,15,3,900,1,1,0,1,0,3,1,1
193,1508,3,PUP,1,1,1,15,10,5,10,15,10,0,0.8,0.8,25,25,15,4,900,1,1,0,1,0,3,1,1
193,1509,3,PUP,1,1,1,15,10,5,15,10,10,0,0.6,1.5,30,20,15,5,900,1,1,0,1,0,3,1,1
193,1510,3,PUP,1,1,1,15,10,5,10,15,10,0,0.6,1.5,25,25,15,6,900,1,1,0,1,0,3,1,1
193,1511,3,PUP,1,1,1,10,10,5,10,10,10,0,0.8,1.5,20,20,15,7,900,1,1,0,1,0,3,1,1
193,1512,3,PUP,1,1,1,10,10,5,15,15,10,0,0.8,1.5,25,25,15,8,900,1,1,0,1,0,3,1,1
194,1513,1,FSP,1,1,1,10,10,5,10,10,10,0,0.6,0.8,20,20,15,1,300,0,0,0,1,0,1,1,1
194,1514,1,FSP,1,1,1,10,10,5,15,15,10,0,0.6,0.8,25,25,15,2,300,0,0,0,1,0,1,1,1
194,1515,1,FSP,1,1,1,15,10,5,15,10,10,0,0.8,0.8,30,20,15,3,300,0,0,0,1,0,1,1,1
194,1516,1,FSP,1,1,1,15,10,5,10,15,10,0,0.8,0.8,25,25,15,4,300,0,0,0,1,0,1,1,1
194,1517,1,FSP,1,1,1,15,10,5,15,10,10,0,0.6,1.5,30,20,15,5,300,0,0,0,1,0,1,1,1
194,1518,1,FSP,1,1,1,15,10,5,10,15,10,0,0.6,1.5,25,25,15,6,300,0,0,0,1,0,1,1,1
194,1519,1,FSP,1,1,1,10,10,5,10,10,10,0,0.8,1.5,20,20,15,7,300,0,0,0,1,0,1,1,1
194,1520,1,FSP,1,1,1,10,10,5,15,15,10,0,0.8,1.5,25,25,15,8,300,0,0,0,1,0,1,1,1
195,1521,3,PUP,1,1,1,10,10,5,10,10,10,0,0.6,0.8,20,20,15,1,1800,0,1,1,1,1,6,2,2
195,1522,3,PUP,1,1,1,10,10,5,15,15,10,0,0.6,0.8,25,25,15,2,1800,0,1,1,1,1,6,2,2
195,1523,3,PUP,1,1,1,15,10,5,15,10,10,0,0.8,0.8,30,20,15,3,1800,0,1,1,1,1,6,2,2
195,1524,3,PUP,1,1,1,15,10,5,10,15,10,0,0.8,0.8,25,25,15,4,1800,0,1,1,1,1,6,2,2
195,1525,3,PUP,1,1,1,15,10,5,15,10,10,0,0.6,1.5,30,20,15,5,1800,0,1,1,1,1,6,2,2
195,1526,3,PUP,1,1,1,15,10,5,10,15,10,0,0.6,1.5,25,25,15,6,1800,0,1,1,1,1,6,2,2
195,1527,3,PUP,1,1,1,10,10,5,10,10,10,0,0.8,1.5,20,20,15,7,1800,0,1,1,1,1,6,2,2
195,1528,3,PUP,1,1,1,10,10,5,15,15,10,0,0.8,1.5,25,25,15,8,1800,0,1,1,1,1,6,2,2
196,1529,1,FSP,1,1,1,10,10,5,10,10,10,0,0.6,0.8,20,20,15,1,900,0,0,1,0,0,3,1,1
196,1530,1,FSP,1,1,1,10,10,5,15,15,10,0,0.6,0.8,25,25,15,2,900,0,0,1,0,0,3,1,1
196,1531,1,FSP,1,1,1,15,10,5,15,10,10,0,0.8,0.8,30,20,15,3,900,0,0,1,0,0,3,1,1
196,1532,1,FSP,1,1,1,15,10,5,10,15,10,0,0.8,0.8,25,25,15,4,900,0,0,1,0,0,3,1,1
196,1533,1,FSP,1,1,1,15,10,5,15,10,10,0,0.6,1.5,30,20,15,5,900,0,0,1,0,0,3,1,1
196,1534,1,FSP,1,1,1,15,10,5,10,15,10,0,0.6,1.5,25,25,15,6,900,0,0,1,0,0,3,1,1
196,1535,1,FSP,1,1,1,10,10,5,10,10,10,0,0.8,1.5,20,20,15,7,900,0,0,1,0,0,3,1,1
196,1536,1,FSP,1,1,1,10,10,5,15,15,10,0,0.8,1.5,25,25,15,8,900,0,0,1,0,0,3,1,1
197,1537,3,PUP,1,1,1,10,10,5,10,10,10,0,0.6,0.8,20,20,15,1,1800,0,1,1,1,1,5,1,2
197,1538,3,PUP,1,1,1,10,10,5,15,15,10,0,0.6,0.8,25,25,15,2,1800,0,1,1,1,1,5,1,2
197,1539,3,PUP,1,1,1,15,10,5,15,10,10,0,0.8,0.8,30,20,15,3,1800,0,1,1,1,1,5,1,2
197,1540,3,PUP,1,1,1,15,10,5,10,15,10,0,0.8,0.8,25,25,15,4,1800,0,1,1,1,1,5,1,2
197,1541,3,PUP,1,1,1,15,10,5,15,10,10,0,0.6,1.5,30,20,15,5,1800,0,1,1,1,1,5,1,2
197,1542,3,PUP,1,1,1,15,10,5,10,15,10,0,0.6,1.5,25,25,15,6,1800,0,1,1,1,1,5,1,2
197,1543,3,PUP,1,1,1,10,10,5,10,10,10,0,0.8,1.5,20,20,15,7,1800,0,1,1,1,1,5,1,2
197,1544,3,PUP,1,1,1,10,10,5,15,15,10,0,0.8,1.5,25,25,15,8,1800,0,1,1,1,1,5,1,2
198,1545,3,PUP,1,1,1,10,10,5,10,10,10,0,0.6,0.8,20,20,15,1,900,0,1,0,1,0,5,1,1
198,1546,3,PUP,1,1,1,10,10,5,15,15,10,0,0.6,0.8,25,25,15,2,900,0,1,0,1,0,5,1,1
198,1547,3,PUP,1,1,1,15,10,5,15,10,10,0,0.8,0.8,30,20,15,3,900,0,1,0,1,0,5,1,1
198,1548,3,PUP,1,1,1,15,10,5,10,15,10,0,0.8,0.8,25,25,15,4,900,0,1,0,1,0,5,1,1
198,1549,1,FSP,1,1,1,15,10,5,15,10,10,0,0.6,1.5,30,20,15,5,900,0,1,0,1,0,5,1,1
198,1550,1,FSP,1,1,1,15,10,5,10,15,10,0,0.6,1.5,25,25,15,6,900,0,1,0,1,0,5,1,1
198,1551,1,FSP,1,1,1,10,10,5,10,10,10,0,0.8,1.5,20,20,15,7,900,0,1,0,1,0,5,1,1
198,1552,1,FSP,1,1,1,10,10,5,15,15,10,0,0.8,1.5,25,25,15,8,900,0,1,0,1,0,5,1,1
199,1553,3,PUP,1,1,1,10,10,5,10,10,10,0,0.6,0.8,20,20,15,1,900,0,0,0,1,0,2,1,1
199,1554,3,PUP,1,1,1,10,10,5,15,15,10,0,0.6,0.8,25,25,15,2,900,0,0,0,1,0,2,1,1
199,1555,3,PUP,1,1,1,15,10,5,15,10,10,0,0.8,0.8,30,20,15,3,900,0,0,0,1,0,2,1,1
199,1556,3,PUP,1,1,1,15,10,5,10,15,10,0,0.8,0.8,25,25,15,4,900,0,0,0,1,0,2,1,1
199,1557,3,PUP,1,1,1,15,10,5,15,10,10,0,0.6,1.5,30,20,15,5,900,0,0,0,1,0,2,1,1
199,1558,3,PUP,1,1,1,15,10,5,10,15,10,0,0.6,1.5,25,25,15,6,900,0,0,0,1,0,2,1,1
199,1559,3,PUP,1,1,1,10,10,5,10,10,10,0,0.8,1.5,20,20,15,7,900,0,0,0,1,0,2,1,1
199,1560,3,PUP,1,1,1,10,10,5,15,15,10,0,0.8,1.5,25,25,15,8,900,0,0,0,1,0,2,1,1
200,1561,3,PUP,1,1,1,10,10,5,10,10,10,0,0.6,0.8,20,20,15,1,300,0,0,1,0,0,2,1,1
200,1562,3,PUP,1,1,1,10,10,5,15,15,10,0,0.6,0.8,25,25,15,2,300,0,0,1,0,0,2,1,1
200,1563,3,PUP,1,1,1,15,10,5,15,10,10,0,0.8,0.8,30,20,15,3,300,0,0,1,0,0,2,1,1
200,1564,3,PUP,1,1,1,15,10,5,10,15,10,0,0.8,0.8,25,25,15,4,300,0,0,1,0,0,2,1,1
200,1565,2,PSP,1,1,1,15,10,5,15,10,10,0,0.6,1.5,30,20,15,5,300,0,0,1,0,0,2,1,1
200,1566,1,FSP,1,1,1,15,10,5,10,15,10,0,0.6,1.5,25,25,15,6,300,0,0,1,0,0,2,1,1
200,1567,1,FSP,1,1,1,10,10,5,10,10,10,0,0.8,1.5,20,20,15,7,300,0,0,1,0,0,2,1,1
200,1568,1,FSP,1,1,1,10,10,5,15,15,10,0,0.8,1.5,25,25,15,8,300,0,0,1,0,0,2,1,1
201,1569,3,PUP,1,1,1,10,10,5,10,10,10,0,0.6,0.8,20,20,15,1,300,0,0,0,1,0,2,1,1
201,1570,3,PUP,1,1,1,10,10,5,15,15,10,0,0.6,0.8,25,25,15,2,300,0,0,0,1,0,2,1,1
201,1571,3,PUP,1,1,1,15,10,5,15,10,10,0,0.8,0.8,30,20,15,3,300,0,0,0,1,0,2,1,1
201,1572,3,PUP,1,1,1,15,10,5,10,15,10,0,0.8,0.8,25,25,15,4,300,0,0,0,1,0,2,1,1
201,1573,3,PUP,1,1,1,15,10,5,15,10,10,0,0.6,1.5,30,20,15,5,300,0,0,0,1,0,2,1,1
201,1574,1,FSP,1,1,1,15,10,5,10,15,10,0,0.6,1.5,25,25,15,6,300,0,0,0,1,0,2,1,1
201,1575,3,PUP,1,1,1,10,10,5,10,10,10,0,0.8,1.5,20,20,15,7,300,0,0,0,1,0,2,1,1
201,1576,3,PUP,1,1,1,10,10,5,15,15,10,0,0.8,1.5,25,25,15,8,300,0,0,0,1,0,2,1,1
