id,obs_id,choice,chosen_alt,av_1,av_2,tt1,tt2,tc1,tc2,hw1,hw2,ch1,ch2,hh_inc_abs,car_availability,purpose,business
2439,1,2,alt2,1,1,58,50,7,8,30,30,1,0,1,1,1.0,0
2439,2,1,alt1,1,1,30,41,8,7,60,15,0,2,1,1,1.0,0
2439,3,1,alt1,1,1,41,34,7,8,30,15,0,2,1,1,1.0,0
2439,4,1,alt1,1,1,44,52,10,9,60,60,1,2,1,1,1.0,0
2439,5,2,alt2,1,1,43,34,9,10,60,30,0,0,1,1,1.0,0
2439,6,2,alt2,1,1,36,43,8,7,60,15,1,1,1,1,1.0,0
2439,7,2,alt2,1,1,30,43,8,7,60,15,0,0,1,1,1.0,0
2439,8,1,alt1,1,1,43,30,8,9,30,60,1,0,1,1,1.0,0
2439,9,1,alt1,1,1,41,58,8,7,30,60,2,0,1,1,1.0,0
5641,10,1,alt1,1,1,77,110,19,16,15,60,1,1,0,0,3.0,0
5641,11,2,alt2,1,1,94,125,23,18,60,15,1,0,0,0,3.0,0
5641,12,2,alt2,1,1,82,91,18,15,60,30,2,0,0,0,3.0,0
5641,13,2,alt2,1,1,101,86,15,20,60,15,0,0,0,0,3.0,0
5641,14,1,alt1,1,1,99,110,18,16,15,15,0,0,0,0,3.0,0
5641,15,1,alt1,1,1,91,101,18,16,30,15,1,0,0,0,3.0,0
5641,16,1,alt1,1,1,91,73,16,19,15,15,2,2,0,0,3.0,0
5641,17,1,alt1,1,1,68,91,20,18,30,60,2,2,0,0,3.0,0
5641,18,2,alt2,1,1,86,60,21,27,30,15,2,1,0,0,3.0,0
9364,19,2,alt2,1,1,15,11,4,5,60,15,2,1,0,1,3.0,0
9364,20,2,alt2,1,1,12,14,6,5,60,60,1,1,0,1,3.0,0
9364,21,1,alt1,1,1,14,11,4,5,60,30,0,2,0,1,3.0,0
9364,22,1,alt1,1,1,15,11,5,6,30,15,0,1,0,1,3.0,0
9364,23,2,alt2,1,1,15,11,5,6,30,15,2,1,0,1,3.0,0
9364,24,2,alt2,1,1,12,17,8,6,30,15,2,2,0,1,3.0,0
9364,25,2,alt2,1,1,13,17,6,5,60,15,0,2,0,1,3.0,0
9364,26,2,alt2,1,1,21,16,6,7,30,15,0,1,0,1,3.0,0
9364,27,1,alt1,1,1,14,10,4,5,15,30,1,1,0,1,3.0,0
10213,28,2,alt2,1,1,62,53,7,8,30,30,1,0,1,0,1.0,0
10213,29,2,alt2,1,1,43,32,7,8,15,60,2,0,1,0,1.0,0
10213,30,2,alt2,1,1,37,43,9,7,15,30,2,0,1,0,1.0,0
10213,31,2,alt2,1,1,55,47,9,10,60,60,2,1,1,0,1.0,0
10213,32,1,alt1,1,1,36,46,10,9,30,60,0,0,1,0,1.0,0
10213,33,1,alt1,1,1,39,46,8,7,60,15,1,1,1,0,1.0,0
10213,34,1,alt1,1,1,32,46,8,7,60,15,0,0,1,0,1.0,0
10213,35,2,alt2,1,1,46,32,8,9,30,60,1,0,1,0,1.0,0
10213,36,1,alt1,1,1,44,62,8,7,30,60,2,0,1,0,1.0,0
11429,37,2,alt2,1,1,34,29,4,5,30,30,1,0,2,1,3.0,0
11429,38,2,alt2,1,1,18,23,5,4,60,15,0,2,2,1,3.0,0
11429,39,2,alt2,1,1,20,23,5,4,15,30,2,0,2,1,3.0,0
11429,40,2,alt2,1,1,30,25,5,6,60,60,2,1,2,1,3.0,0
11429,41,2,alt2,1,1,25,20,5,6,60,30,0,0,2,1,3.0,0
11429,42,1,alt1,1,1,25,21,4,5,15,60,1,1,2,1,3.0,0
11429,43,1,alt1,1,1,25,17,4,5,15,60,0,0,2,1,3.0,0
11429,44,2,alt2,1,1,25,17,4,5,30,60,1,0,2,1,3.0,0
11429,45,1,alt1,1,1,24,34,5,4,30,60,2,0,2,1,3.0,0
11934,46,1,alt1,1,1,39,29,13,15,15,15,1,2,4,0,1.0,0
11934,47,1,alt1,1,1,31,21,10,13,60,60,0,2,4,0,1.0,0
11934,48,1,alt1,1,1,23,32,14,12,15,60,0,0,4,0,1.0,0
11934,49,1,alt1,1,1,44,35,10,11,15,15,1,2,4,0,1.0,0
11934,50,2,alt2,1,1,29,39,13,10,60,30,2,0,4,0,1.0,0
11934,51,2,alt2,1,1,32,24,10,13,15,30,1,1,4,0,1.0,0
11934,52,1,alt1,1,1,29,36,13,11,15,30,1,0,4,0,1.0,0
11934,53,1,alt1,1,1,31,39,13,10,30,30,0,2,4,0,1.0,0
11934,54,2,alt2,1,1,36,27,10,12,60,15,1,1,4,0,1.0,0
12049,55,1,alt1,1,1,43,51,35,32,30,30,0,1,4,1,1.0,0
12049,56,1,alt1,1,1,26,35,36,32,60,15,0,2,4,1,1.0,0
12049,57,2,alt2,1,1,35,30,32,38,30,15,0,2,4,1,1.0,0
12049,58,2,alt2,1,1,45,38,38,42,60,60,2,1,4,1,1.0,0
12049,59,2,alt2,1,1,37,30,40,46,60,30,0,0,4,1,1.0,0
12049,60,2,alt2,1,1,31,37,35,30,60,15,1,1,4,1,1.0,0
12049,61,1,alt1,1,1,37,26,30,36,15,60,0,0,4,1,1.0,0
12049,62,1,alt1,1,1,26,37,39,35,60,30,0,1,4,1,1.0,0
12049,63,2,alt2,1,1,51,35,32,36,60,30,0,2,4,1,1.0,0
12063,64,2,alt2,1,1,19,14,3,4,60,15,2,1,0,0,1.0,0
12063,65,1,alt1,1,1,18,14,3,4,60,60,1,1,0,0,1.0,0
12063,66,2,alt2,1,1,14,18,4,3,30,60,2,0,0,0,1.0,0
12063,67,1,alt1,1,1,19,14,3,4,30,15,0,1,0,0,1.0,0
12063,68,2,alt2,1,1,13,19,4,3,15,30,1,2,0,0,1.0,0
12063,69,2,alt2,1,1,15,21,5,3,30,15,2,2,0,0,1.0,0
12063,70,1,alt1,1,1,21,16,3,4,15,60,2,0,0,0,1.0,0
12063,71,1,alt1,1,1,26,20,3,4,30,15,0,1,0,0,1.0,0
12063,72,1,alt1,1,1,18,13,3,4,15,30,1,1,0,0,1.0,0
12083,73,2,alt2,1,1,57,43,20,22,60,15,2,1,1,0,3.0,0
12083,74,1,alt1,1,1,54,43,21,28,60,60,1,1,1,0,3.0,0
12083,75,1,alt1,1,1,54,41,20,22,60,30,0,2,1,0,3.0,0
12083,76,1,alt1,1,1,57,43,21,28,30,15,0,1,1,0,3.0,0
12083,77,2,alt2,1,1,57,40,21,23,30,15,2,1,1,0,3.0,0
12083,78,2,alt2,1,1,44,63,34,25,30,15,2,2,1,0,3.0,0
12083,79,2,alt2,1,1,63,47,21,24,15,60,2,0,1,0,3.0,0
12083,80,2,alt2,1,1,78,59,25,29,30,15,0,1,1,0,3.0,0
12083,81,2,alt2,1,1,54,38,20,23,15,30,1,1,1,0,3.0,0
12359,82,2,alt2,1,1,26,35,12,10,15,15,2,1,3,0,1.0,0
12359,83,1,alt1,1,1,27,19,8,10,60,60,0,2,3,0,1.0,0
12359,84,2,alt2,1,1,29,20,10,11,60,15,0,0,3,0,1.0,0
12359,85,1,alt1,1,1,39,31,8,9,15,15,1,2,3,0,1.0,0
12359,86,2,alt2,1,1,26,35,10,8,60,30,2,0,3,0,1.0,0
12359,87,2,alt2,1,1,21,29,10,8,30,15,1,1,3,0,1.0,0
12359,88,2,alt2,1,1,31,25,9,10,30,15,0,1,3,0,1.0,0
12359,89,2,alt2,1,1,35,28,8,10,30,30,2,0,3,0,1.0,0
12359,90,1,alt1,1,1,24,31,9,8,15,60,1,1,3,0,1.0,0
12375,91,2,alt2,1,1,20,17,2,3,30,30,1,0,3,0,1.0,0
12375,92,2,alt2,1,1,14,10,2,3,15,60,2,0,3,0,1.0,0
12375,93,1,alt1,1,1,11,14,3,2,15,30,2,0,3,0,1.0,0
12375,94,2,alt2,1,1,17,15,3,4,60,60,2,1,3,0,1.0,0
12375,95,2,alt2,1,1,14,11,3,4,60,30,0,0,3,0,1.0,0
12375,96,2,alt2,1,1,12,14,3,2,60,15,1,1,3,0,1.0,0
12375,97,2,alt2,1,1,10,14,3,2,60,15,0,0,3,0,1.0,0
12375,98,1,alt1,1,1,10,14,3,2,60,30,0,1,3,0,1.0,0
12375,99,2,alt2,1,1,14,20,3,2,30,60,2,0,3,0,1.0,0
12407,100,1,alt1,1,1,9,6,4,5,15,30,0,1,2,0,1.0,0
12407,101,1,alt1,1,1,8,6,4,5,30,60,1,2,2,0,1.0,0
12407,102,2,alt2,1,1,10,7,3,4,15,15,2,0,2,0,1.0,0
12407,103,2,alt2,1,1,7,5,4,5,30,30,1,0,2,0,1.0,0
12407,104,2,alt2,1,1,6,8,6,4,30,15,1,0,2,0,1.0,0
12407,105,2,alt2,1,1,6,7,5,4,15,15,2,2,2,0,1.0,0
12407,106,2,alt2,1,1,7,6,3,4,30,30,2,1,2,0,1.0,0
12407,107,1,alt1,1,1,6,7,5,4,15,60,0,1,2,0,1.0,0
12407,108,2,alt2,1,1,7,8,5,4,15,15,2,1,2,0,1.0,0
12409,109,2,alt2,1,1,8,6,8,9,60,15,2,1,1,1,3.0,0
12409,110,1,alt1,1,1,7,6,9,12,60,60,1,1,1,1,3.0,0
12409,111,1,alt1,1,1,7,5,8,9,60,30,0,2,1,1,3.0,0
12409,112,1,alt1,1,1,8,6,9,12,30,15,0,1,1,1,3.0,0
12409,113,1,alt1,1,1,5,8,10,9,15,30,1,2,1,1,3.0,0
12409,114,1,alt1,1,1,8,6,10,14,15,30,2,2,1,1,3.0,0
12409,115,2,alt2,1,1,8,6,9,10,15,60,2,0,1,1,3.0,0
12409,116,2,alt2,1,1,8,10,12,10,15,30,1,0,1,1,3.0,0
12409,117,1,alt1,1,1,7,5,8,9,15,30,1,1,1,1,3.0,0
12423,118,2,alt2,1,1,47,40,6,7,30,30,1,0,0,1,3.0,0
12423,119,1,alt1,1,1,24,32,7,6,60,15,0,2,0,1,3.0,0
12423,120,2,alt2,1,1,28,32,8,6,15,30,2,0,0,1,3.0,0
12423,121,1,alt1,1,1,35,41,9,8,60,60,1,2,0,1,3.0,0
12423,122,1,alt1,1,1,27,34,9,8,30,60,0,0,0,1,3.0,0
12423,123,1,alt1,1,1,29,34,7,6,60,15,1,1,0,1,3.0,0
12423,124,2,alt2,1,1,34,24,6,7,15,60,0,0,0,1,3.0,0
12423,125,1,alt1,1,1,24,34,8,7,60,30,0,1,0,1,3.0,0
12423,126,1,alt1,1,1,47,33,6,7,60,30,0,2,0,1,3.0,0
12445,127,2,alt2,1,1,80,60,13,14,60,15,2,1,2,1,1.0,0
12445,128,1,alt1,1,1,60,76,18,14,60,60,1,1,2,1,1.0,0
12445,129,1,alt1,1,1,57,76,14,13,30,60,2,0,2,1,1.0,0
12445,130,2,alt2,1,1,60,80,18,14,15,30,1,0,2,1,1.0,0
12445,131,1,alt1,1,1,56,80,15,14,15,30,1,2,2,1,1.0,0
12445,132,2,alt2,1,1,62,88,22,17,30,15,2,2,2,1,1.0,0
12445,133,1,alt1,1,1,66,88,16,14,60,15,0,2,2,1,1.0,0
12445,134,1,alt1,1,1,82,109,19,17,15,30,1,0,2,1,1.0,0
12445,135,2,alt2,1,1,53,76,15,13,30,15,1,1,2,1,1.0,0
12505,136,1,alt1,1,1,60,70,16,14,30,30,0,1,1,1,3.0,0
12505,137,1,alt1,1,1,36,49,16,14,60,15,0,2,1,1,3.0,0
12505,138,1,alt1,1,1,49,41,14,17,30,15,0,2,1,1,3.0,0
12505,139,2,alt2,1,1,62,53,17,19,60,60,2,1,1,1,3.0,0
12505,140,1,alt1,1,1,41,51,21,18,30,60,0,0,1,1,3.0,0
12505,141,1,alt1,1,1,51,44,14,16,15,60,1,1,1,1,3.0,0
12505,142,2,alt2,1,1,51,36,14,16,15,60,0,0,1,1,3.0,0
12505,143,1,alt1,1,1,36,51,17,16,60,30,0,1,1,1,3.0,0
12505,144,2,alt2,1,1,70,49,14,16,60,30,0,2,1,1,3.0,0
12534,145,1,alt1,1,1,150,177,39,35,30,30,0,1,0,0,3.0,0
12534,146,1,alt1,1,1,92,122,41,35,60,15,0,2,0,0,3.0,0
12534,147,1,alt1,1,1,104,122,43,35,15,30,2,0,0,0,3.0,0
12534,148,1,alt1,1,1,133,156,47,43,60,60,1,2,0,0,3.0,0
12534,149,2,alt2,1,1,103,129,51,45,30,60,0,0,0,0,3.0,0
12534,150,1,alt1,1,1,110,129,39,34,60,15,1,1,0,0,3.0,0
12534,151,1,alt1,1,1,129,90,34,40,15,60,0,0,0,0,3.0,0
12534,152,2,alt2,1,1,129,90,39,43,30,60,1,0,0,0,3.0,0
12534,153,2,alt2,1,1,177,124,35,41,60,30,0,2,0,0,3.0,0
12640,154,2,alt2,1,1,49,42,49,54,30,30,1,0,4,0,4.0,1
12640,155,2,alt2,1,1,26,34,57,49,60,15,0,2,4,0,4.0,1
12640,156,2,alt2,1,1,29,34,59,49,15,30,2,0,4,0,4.0,1
12640,157,2,alt2,1,1,44,37,60,66,60,60,2,1,4,0,4.0,1
12640,158,1,alt1,1,1,36,29,62,72,60,30,0,0,4,0,4.0,1
12640,159,1,alt1,1,1,36,31,47,54,15,60,1,1,4,0,4.0,1
12640,160,1,alt1,1,1,36,25,47,56,15,60,0,0,4,0,4.0,1
12640,161,2,alt2,1,1,25,36,60,55,60,30,0,1,4,0,4.0,1
12640,162,2,alt2,1,1,35,49,57,49,30,60,2,0,4,0,4.0,1
12670,163,1,alt1,1,1,21,30,9,8,15,60,1,1,3,0,3.0,0
12670,164,1,alt1,1,1,34,25,8,11,15,60,0,1,3,0,3.0,0
12670,165,1,alt1,1,1,25,22,7,8,30,60,0,2,3,0,3.0,0
12670,166,2,alt2,1,1,27,23,7,9,60,15,0,0,3,0,3.0,0
12670,167,1,alt1,1,1,30,27,8,9,15,15,0,0,3,0,3.0,0
12670,168,2,alt2,1,1,25,27,9,8,30,15,1,0,3,0,3.0,0
12670,169,2,alt2,1,1,20,25,9,8,15,15,2,2,3,0,3.0,0
12670,170,1,alt1,1,1,19,25,9,8,30,60,2,2,3,0,3.0,0
12670,171,2,alt2,1,1,23,16,10,12,30,15,2,1,3,0,3.0,0
12712,172,2,alt2,1,1,9,13,9,8,15,15,2,1,4,1,1.0,0
12712,173,2,alt2,1,1,7,10,8,6,60,60,2,0,4,1,1.0,0
12712,174,1,alt1,1,1,7,10,9,7,15,60,0,0,4,1,1.0,0
12712,175,1,alt1,1,1,14,11,6,7,15,15,1,2,4,1,1.0,0
12712,176,1,alt1,1,1,13,9,6,8,30,60,0,2,4,1,1.0,0
12712,177,1,alt1,1,1,10,8,6,8,15,30,1,1,4,1,1.0,0
12712,178,1,alt1,1,1,9,12,8,7,15,30,1,0,4,1,1.0,0
12712,179,2,alt2,1,1,13,10,6,8,30,30,2,0,4,1,1.0,0
12712,180,1,alt1,1,1,9,12,7,6,15,60,1,1,4,1,1.0,0
12713,181,2,alt2,1,1,124,87,30,35,60,15,1,1,3,0,3.0,0
12713,182,2,alt2,1,1,105,140,44,34,60,15,1,0,3,0,3.0,0
12713,183,2,alt2,1,1,92,103,33,29,60,30,2,0,3,0,3.0,0
12713,184,1,alt1,1,1,96,113,37,29,15,60,0,0,3,0,3.0,0
12713,185,2,alt2,1,1,112,124,33,30,15,15,0,0,3,0,3.0,0
12713,186,1,alt1,1,1,113,102,30,33,15,30,0,1,3,0,3.0,0
12713,187,2,alt2,1,1,103,82,30,36,15,15,2,2,3,0,3.0,0
12713,188,1,alt1,1,1,77,103,37,34,30,60,2,2,3,0,3.0,0
12713,189,2,alt2,1,1,97,68,38,50,30,15,2,1,3,0,3.0,0
12729,190,1,alt1,1,1,27,38,9,8,15,60,1,1,3,0,1.0,0
12729,191,1,alt1,1,1,43,32,8,11,15,60,0,1,3,0,1.0,0
12729,192,1,alt1,1,1,31,28,7,8,30,60,0,2,3,0,1.0,0
12729,193,1,alt1,1,1,29,35,9,7,15,60,0,0,3,0,1.0,0
12729,194,2,alt2,1,1,38,34,8,9,15,15,0,0,3,0,1.0,0
12729,195,2,alt2,1,1,31,35,9,8,30,15,1,0,3,0,1.0,0
12729,196,1,alt1,1,1,25,31,9,8,15,15,2,2,3,0,1.0,0
12729,197,1,alt1,1,1,24,31,9,8,30,60,2,2,3,0,1.0,0
12729,198,1,alt1,1,1,21,30,12,9,15,30,1,2,3,0,1.0,0
12741,199,2,alt2,1,1,129,90,34,39,60,15,1,1,1,0,3.0,0
12741,200,1,alt1,1,1,146,109,38,49,15,60,0,1,1,0,3.0,0
12741,201,2,alt2,1,1,96,106,37,32,60,30,2,0,1,0,3.0,0
12741,202,2,alt2,1,1,100,118,42,32,15,60,0,0,1,0,3.0,0
12741,203,1,alt1,1,1,116,129,38,34,15,15,0,0,1,0,3.0,0
12741,204,1,alt1,1,1,118,106,34,38,15,30,0,1,1,0,3.0,0
12741,205,2,alt2,1,1,85,106,41,34,15,15,2,2,1,0,3.0,0
12741,206,1,alt1,1,1,80,106,42,38,30,60,2,2,1,0,3.0,0
12741,207,2,alt2,1,1,71,101,56,43,15,30,1,2,1,0,3.0,0
12748,208,2,alt2,1,1,33,44,26,22,15,15,2,1,1,0,3.0,0
12748,209,2,alt2,1,1,24,34,23,18,60,60,2,0,1,0,3.0,0
12748,210,2,alt2,1,1,36,25,21,24,60,15,0,0,1,0,3.0,0
12748,211,1,alt1,1,1,49,40,17,18,15,15,1,2,1,0,3.0,0
12748,212,1,alt1,1,1,44,33,17,22,30,60,0,2,1,0,3.0,0
12748,213,1,alt1,1,1,36,27,18,23,15,30,1,1,1,0,3.0,0
12748,214,1,alt1,1,1,40,32,19,22,30,15,0,1,1,0,3.0,0
12748,215,1,alt1,1,1,44,35,17,22,30,30,2,0,1,0,3.0,0
12748,216,2,alt2,1,1,30,40,20,17,15,60,1,1,1,0,3.0,0
12901,217,1,alt1,1,1,19,22,11,10,30,30,0,1,1,0,2.0,0
12901,218,1,alt1,1,1,15,11,10,12,15,60,2,0,1,0,2.0,0
12901,219,1,alt1,1,1,15,13,10,13,30,15,0,2,1,0,2.0,0
12901,220,2,alt2,1,1,20,17,13,14,60,60,2,1,1,0,2.0,0
12901,221,2,alt2,1,1,16,13,13,15,60,30,0,0,1,0,2.0,0
12901,222,2,alt2,1,1,16,14,10,11,15,60,1,1,1,0,2.0,0
12901,223,2,alt2,1,1,11,16,12,10,60,15,0,0,1,0,2.0,0
12901,224,1,alt1,1,1,16,11,12,13,30,60,1,0,1,0,2.0,0
12901,225,2,alt2,1,1,22,15,10,12,60,30,0,2,1,0,2.0,0
12931,226,1,alt1,1,1,68,98,47,39,30,15,1,0,1,1,4.0,1
12931,227,1,alt1,1,1,62,89,50,45,60,30,2,1,1,1,4.0,1
12931,228,2,alt2,1,1,110,77,34,46,15,15,2,0,1,1,4.0,1
12931,229,1,alt1,1,1,57,77,52,43,30,30,0,1,1,1,4.0,1
12931,230,2,alt2,1,1,69,81,61,45,30,15,1,0,1,1,4.0,1
12931,231,1,alt1,1,1,65,77,45,39,15,15,2,2,1,1,4.0,1
12931,232,2,alt2,1,1,77,69,34,39,30,30,2,1,1,1,4.0,1
12931,233,1,alt1,1,1,69,77,53,39,15,60,0,1,1,1,4.0,1
12931,234,1,alt1,1,1,81,73,43,56,15,15,1,2,1,1,4.0,1
13034,235,2,alt2,1,1,31,27,4,5,30,30,1,0,2,0,1.0,0
13034,236,1,alt1,1,1,16,22,5,4,60,15,0,2,2,0,1.0,0
13034,237,1,alt1,1,1,22,18,4,5,30,15,0,2,2,0,1.0,0
13034,238,1,alt1,1,1,23,28,6,5,60,60,1,2,2,0,1.0,0
13034,239,1,alt1,1,1,18,23,6,5,30,60,0,0,2,0,1.0,0
13034,240,1,alt1,1,1,23,19,4,5,15,60,1,1,2,0,1.0,0
13034,241,1,alt1,1,1,23,16,4,5,15,60,0,0,2,0,1.0,0
13034,242,1,alt1,1,1,16,23,5,4,60,30,0,1,2,0,1.0,0
13034,243,1,alt1,1,1,31,22,4,5,60,30,0,2,2,0,1.0,0
13062,244,2,alt2,1,1,20,14,3,4,60,15,1,1,4,1,1.0,0
13062,245,1,alt1,1,1,22,17,3,4,15,60,0,1,4,1,1.0,0
13062,246,1,alt1,1,1,16,15,3,4,30,60,0,2,4,1,1.0,0
13062,247,2,alt2,1,1,18,15,3,4,60,15,0,0,4,1,1.0,0
13062,248,2,alt2,1,1,18,20,4,3,15,15,0,0,4,1,1.0,0
13062,249,2,alt2,1,1,16,18,4,3,30,15,1,0,4,1,1.0,0
13062,250,2,alt2,1,1,13,16,4,3,15,15,2,2,4,1,1.0,0
13062,251,2,alt2,1,1,12,16,4,3,30,60,2,2,4,1,1.0,0
13062,252,1,alt1,1,1,11,15,5,4,15,30,1,2,4,1,1.0,0
13181,253,1,alt1,1,1,61,81,22,20,15,60,1,2,3,0,3.0,0
13181,254,2,alt2,1,1,61,77,28,21,60,60,1,1,3,0,3.0,0
13181,255,2,alt2,1,1,57,77,22,20,30,60,2,0,3,0,3.0,0
13181,256,1,alt1,1,1,81,61,21,28,30,15,0,1,3,0,3.0,0
13181,257,1,alt1,1,1,57,81,23,21,15,30,1,2,3,0,3.0,0
13181,258,1,alt1,1,1,89,62,25,34,15,30,2,2,3,0,3.0,0
13181,259,1,alt1,1,1,67,89,24,21,60,15,0,2,3,0,3.0,0
13181,260,1,alt1,1,1,110,83,25,29,30,15,0,1,3,0,3.0,0
13181,261,2,alt2,1,1,54,77,23,20,30,15,1,1,3,0,3.0,0
13199,262,1,alt1,1,1,83,62,6,7,15,15,1,2,0,0,1.0,0
13199,263,1,alt1,1,1,65,45,4,6,60,60,0,2,0,0,1.0,0
13199,264,2,alt2,1,1,68,48,5,6,60,15,0,0,0,0,1.0,0
13199,265,1,alt1,1,1,75,94,5,4,15,15,2,1,0,0,1.0,0
13199,266,2,alt2,1,1,62,83,6,4,60,30,2,0,0,0,1.0,0
13199,267,1,alt1,1,1,51,68,6,4,30,15,1,1,0,0,1.0,0
13199,268,2,alt2,1,1,76,60,5,6,30,15,0,1,0,0,1.0,0
13199,269,2,alt2,1,1,83,66,4,5,30,30,2,0,0,0,1.0,0
13199,270,1,alt1,1,1,57,76,5,4,15,60,1,1,0,0,1.0,0
13214,271,1,alt1,1,1,54,72,62,54,15,15,2,1,4,1,4.0,1
13214,272,2,alt2,1,1,57,40,43,56,60,60,0,2,4,1,4.0,1
13214,273,2,alt2,1,1,60,42,52,60,60,15,0,0,4,1,4.0,1
13214,274,2,alt2,1,1,82,66,41,45,15,15,1,2,4,1,4.0,1
13214,275,2,alt2,1,1,72,54,41,55,30,60,0,2,4,1,4.0,1
13214,276,1,alt1,1,1,45,60,56,43,30,15,1,1,4,1,4.0,1
13214,277,2,alt2,1,1,53,66,54,47,15,30,1,0,4,1,4.0,1
13214,278,2,alt2,1,1,72,58,41,53,30,30,2,0,4,1,4.0,1
13214,279,2,alt2,1,1,66,50,41,49,60,15,1,1,4,1,4.0,1
13389,280,1,alt1,1,1,46,66,21,18,15,60,1,1,2,0,3.0,0
13389,281,1,alt1,1,1,74,56,20,26,15,60,0,1,2,0,3.0,0
13389,282,1,alt1,1,1,54,49,17,20,30,60,0,2,2,0,3.0,0
13389,283,1,alt1,1,1,51,60,22,17,15,60,0,0,2,0,3.0,0
13389,284,1,alt1,1,1,66,59,18,20,15,15,0,0,2,0,3.0,0
13389,285,1,alt1,1,1,60,54,18,20,15,30,0,1,2,0,3.0,0
13389,286,1,alt1,1,1,54,43,18,22,15,15,2,2,2,0,3.0,0
13389,287,2,alt2,1,1,54,41,20,22,60,30,2,2,2,0,3.0,0
13389,288,1,alt1,1,1,36,51,30,23,15,30,1,2,2,0,3.0,0
13506,289,2,alt2,1,1,62,43,16,19,15,30,0,1,4,0,3.0,0
13506,290,1,alt1,1,1,57,40,18,20,30,60,1,2,4,0,3.0,0
13506,291,2,alt2,1,1,70,49,14,18,15,15,2,0,4,0,3.0,0
13506,292,2,alt2,1,1,49,36,17,21,30,30,1,0,4,0,3.0,0
13506,293,2,alt2,1,1,44,51,24,18,30,15,1,0,4,0,3.0,0
13506,294,1,alt1,1,1,49,41,16,18,15,15,2,2,4,0,3.0,0
13506,295,2,alt2,1,1,49,44,14,16,30,30,2,1,4,0,3.0,0
13506,296,2,alt2,1,1,49,44,16,21,60,15,1,0,4,0,3.0,0
13506,297,1,alt1,1,1,51,46,17,22,15,15,1,2,4,0,3.0,0
13508,298,2,alt2,1,1,24,35,7,6,30,15,1,0,2,1,3.0,0
13508,299,1,alt1,1,1,31,22,7,8,30,60,1,2,2,1,3.0,0
13508,300,2,alt2,1,1,39,27,5,7,15,15,2,0,2,1,3.0,0
13508,301,2,alt2,1,1,27,20,7,8,30,30,1,0,2,1,3.0,0
13508,302,2,alt2,1,1,24,29,9,7,30,15,1,0,2,1,3.0,0
13508,303,1,alt1,1,1,23,27,7,6,15,15,2,2,2,1,3.0,0
13508,304,1,alt1,1,1,24,27,6,5,30,30,1,2,2,1,3.0,0
13508,305,2,alt2,1,1,27,24,6,8,60,15,1,0,2,1,3.0,0
13508,306,2,alt2,1,1,26,29,9,7,15,15,2,1,2,1,3.0,0
13602,307,1,alt1,1,1,11,14,2,1,15,60,1,2,3,0,1.0,0
13602,308,2,alt2,1,1,14,11,2,3,60,60,1,1,3,0,1.0,0
13602,309,1,alt1,1,1,14,10,1,2,60,30,0,2,3,0,1.0,0
13602,310,2,alt2,1,1,11,14,3,2,15,30,1,0,3,0,1.0,0
13602,311,2,alt2,1,1,14,10,2,3,30,15,2,1,3,0,1.0,0
13602,312,1,alt1,1,1,16,11,2,3,15,30,2,2,3,0,1.0,0
13602,313,1,alt1,1,1,12,16,3,2,60,15,0,2,3,0,1.0,0
13602,314,2,alt2,1,1,15,20,3,2,15,30,1,0,3,0,1.0,0
13602,315,2,alt2,1,1,9,14,2,1,30,15,1,1,3,0,1.0,0
13607,316,1,alt1,1,1,31,36,8,7,30,30,0,1,4,0,3.0,0
13607,317,2,alt2,1,1,25,19,7,8,15,60,2,0,4,0,3.0,0
13607,318,1,alt1,1,1,25,21,7,9,30,15,0,2,4,0,3.0,0
13607,319,1,alt1,1,1,27,32,10,9,60,60,1,2,4,0,3.0,0
13607,320,2,alt2,1,1,27,21,9,10,60,30,0,0,4,0,3.0,0
13607,321,1,alt1,1,1,27,23,7,8,15,60,1,1,4,0,3.0,0
13607,322,1,alt1,1,1,27,19,7,8,15,60,0,0,4,0,3.0,0
13607,323,1,alt1,1,1,19,27,9,8,60,30,0,1,4,0,3.0,0
13607,324,1,alt1,1,1,36,25,7,8,60,30,0,2,4,0,3.0,0
13608,325,1,alt1,1,1,37,49,6,5,15,15,2,1,2,1,1.0,0
13608,326,1,alt1,1,1,39,27,4,5,60,60,0,2,2,1,1.0,0
13608,327,1,alt1,1,1,29,41,5,4,15,60,0,0,2,1,1.0,0
13608,328,1,alt1,1,1,56,45,4,5,15,15,1,2,2,1,1.0,0
13608,329,1,alt1,1,1,49,37,4,5,30,60,0,2,2,1,1.0,0
13608,330,1,alt1,1,1,41,31,4,5,15,30,1,1,2,1,1.0,0
13608,331,1,alt1,1,1,36,45,5,4,15,30,1,0,2,1,1.0,0
13608,332,1,alt1,1,1,40,49,5,4,30,30,0,2,2,1,1.0,0
13608,333,2,alt2,1,1,45,34,4,5,60,15,1,1,2,1,1.0,0
13718,334,1,alt1,1,1,116,166,35,30,15,60,1,1,1,0,3.0,0
13718,335,1,alt1,1,1,187,140,33,43,15,60,0,1,1,0,3.0,0
13718,336,2,alt2,1,1,123,137,33,28,60,30,2,0,1,0,3.0,0
13718,337,2,alt2,1,1,151,129,28,37,60,15,0,0,1,0,3.0,0
13718,338,1,alt1,1,1,149,166,33,30,15,15,0,0,1,0,3.0,0
13718,339,2,alt2,1,1,136,151,33,30,30,15,1,0,1,0,3.0,0
13718,340,2,alt2,1,1,137,109,30,36,15,15,2,2,1,0,3.0,0
13718,341,2,alt2,1,1,137,103,33,36,60,30,2,2,1,0,3.0,0
13718,342,1,alt1,1,1,91,130,49,38,15,30,1,2,1,0,3.0,0
13784,343,2,alt2,1,1,14,18,3,2,15,15,2,1,0,1,3.0,0
13784,344,2,alt2,1,1,10,14,3,2,60,60,2,0,0,1,3.0,0
13784,345,1,alt1,1,1,15,11,2,3,60,15,0,0,0,1,3.0,0
13784,346,1,alt1,1,1,21,17,1,2,15,15,1,2,0,1,3.0,0
13784,347,1,alt1,1,1,18,14,1,2,30,60,0,2,0,1,3.0,0
13784,348,1,alt1,1,1,15,11,2,3,15,30,1,1,0,1,3.0,0
13784,349,2,alt2,1,1,13,17,3,2,15,30,1,0,0,1,3.0,0
13784,350,1,alt1,1,1,15,18,2,1,30,30,0,2,0,1,3.0,0
13784,351,2,alt2,1,1,17,13,1,2,60,15,1,1,0,1,3.0,0
13831,352,2,alt2,1,1,41,59,10,9,30,15,1,0,2,0,1.0,0
13831,353,1,alt1,1,1,54,37,10,11,30,60,1,2,2,0,1.0,0
13831,354,2,alt2,1,1,66,46,7,10,15,15,2,0,2,0,1.0,0
13831,355,2,alt2,1,1,46,34,9,11,30,30,1,0,2,0,1.0,0
13831,356,2,alt2,1,1,41,48,13,10,30,15,1,0,2,0,1.0,0
13831,357,1,alt1,1,1,39,46,10,9,15,15,2,2,2,0,1.0,0
13831,358,1,alt1,1,1,41,46,8,7,30,30,1,2,2,0,1.0,0
13831,359,2,alt2,1,1,46,41,9,11,60,15,1,0,2,0,1.0,0
13831,360,2,alt2,1,1,44,48,12,9,15,15,2,1,2,0,1.0,0
13863,361,1,alt1,1,1,38,28,15,17,15,15,1,2,4,0,3.0,0
13863,362,2,alt2,1,1,21,30,15,12,60,60,2,0,4,0,3.0,0
13863,363,1,alt1,1,1,31,22,14,16,60,15,0,0,4,0,3.0,0
13863,364,2,alt2,1,1,34,43,12,11,15,15,2,1,4,0,3.0,0
13863,365,2,alt2,1,1,28,38,15,11,60,30,2,0,4,0,3.0,0
13863,366,1,alt1,1,1,31,24,12,15,15,30,1,1,4,0,3.0,0
13863,367,2,alt2,1,1,28,35,15,13,15,30,1,0,4,0,3.0,0
13863,368,1,alt1,1,1,38,30,11,15,30,30,2,0,4,0,3.0,0
13863,369,2,alt2,1,1,26,35,13,11,15,60,1,1,4,0,3.0,0
13869,370,2,alt2,1,1,136,102,65,71,60,15,2,1,4,1,4.0,1
13869,371,2,alt2,1,1,129,103,68,92,60,60,1,1,4,1,4.0,1
13869,372,1,alt1,1,1,97,129,71,65,30,60,2,0,4,1,4.0,1
13869,373,2,alt2,1,1,136,102,68,92,30,15,0,1,4,1,4.0,1
13869,374,1,alt1,1,1,95,136,75,68,15,30,1,2,4,1,4.0,1
13869,375,1,alt1,1,1,150,105,83,111,15,30,2,2,4,1,4.0,1
13869,376,2,alt2,1,1,150,113,68,78,15,60,2,0,4,1,4.0,1
13869,377,2,alt2,1,1,186,139,83,95,30,15,0,1,4,1,4.0,1
13869,378,2,alt2,1,1,129,90,65,74,15,30,1,1,4,1,4.0,1
13883,379,1,alt1,1,1,163,232,66,55,30,15,1,0,3,1,3.0,0
13883,380,1,alt1,1,1,148,212,69,62,60,30,2,1,3,1,3.0,0
13883,381,1,alt1,1,1,184,263,63,47,15,15,0,2,3,1,3.0,0
13883,382,2,alt2,1,1,182,136,60,72,30,30,1,0,3,1,3.0,0
13883,383,2,alt2,1,1,163,192,84,62,30,15,1,0,3,1,3.0,0
13883,384,1,alt1,1,1,182,155,55,63,15,15,2,2,3,1,3.0,0
13883,385,1,alt1,1,1,164,182,54,47,30,30,1,2,3,1,3.0,0
13883,386,1,alt1,1,1,164,182,74,55,15,60,0,1,3,1,3.0,0
13883,387,1,alt1,1,1,192,173,60,78,15,15,1,2,3,1,3.0,0
13902,388,2,alt2,1,1,187,131,43,51,15,30,0,1,0,0,3.0,0
13902,389,1,alt1,1,1,120,171,53,49,60,30,2,1,0,0,3.0,0
13902,390,2,alt2,1,1,212,148,36,49,15,15,2,0,0,0,3.0,0
13902,391,1,alt1,1,1,110,147,56,47,30,30,0,1,0,0,3.0,0
13902,392,2,alt2,1,1,132,155,66,49,30,15,1,0,0,0,3.0,0
13902,393,1,alt1,1,1,125,147,49,43,15,15,2,2,0,0,3.0,0
13902,394,1,alt1,1,1,132,147,42,36,30,30,1,2,0,0,3.0,0
13902,395,2,alt2,1,1,132,147,57,43,15,60,0,1,0,0,3.0,0
13902,396,2,alt2,1,1,139,155,61,47,15,15,2,1,0,0,3.0,0
13916,397,1,alt1,1,1,33,23,5,6,15,30,0,1,0,0,3.0,0
13916,398,1,alt1,1,1,21,30,7,6,60,30,2,1,0,0,3.0,0
13916,399,1,alt1,1,1,26,38,6,5,15,15,0,2,0,0,3.0,0
13916,400,1,alt1,1,1,20,26,7,6,30,30,0,1,0,0,3.0,0
13916,401,2,alt2,1,1,23,28,8,6,30,15,1,0,0,0,3.0,0
13916,402,2,alt2,1,1,26,22,5,6,15,15,2,2,0,0,3.0,0
13916,403,1,alt1,1,1,23,26,6,5,30,30,1,2,0,0,3.0,0
13916,404,1,alt1,1,1,23,26,7,5,15,60,0,1,0,0,3.0,0
13916,405,2,alt2,1,1,25,28,7,6,15,15,2,1,0,0,3.0,0
13922,406,1,alt1,1,1,28,21,9,10,15,15,1,2,1,1,3.0,0
13922,407,2,alt2,1,1,15,22,9,7,60,60,2,0,1,1,3.0,0
13922,408,2,alt2,1,1,23,16,9,10,60,15,0,0,1,1,3.0,0
13922,409,2,alt2,1,1,25,31,8,7,15,15,2,1,1,1,3.0,0
13922,410,2,alt2,1,1,21,28,9,7,60,30,2,0,1,1,3.0,0
13922,411,1,alt1,1,1,23,17,7,9,15,30,1,1,1,1,3.0,0
13922,412,2,alt2,1,1,20,25,9,8,15,30,1,0,1,1,3.0,0
13922,413,2,alt2,1,1,28,22,7,9,30,30,2,0,1,1,3.0,0
13922,414,2,alt2,1,1,25,19,7,8,60,15,1,1,1,1,3.0,0
13972,415,2,alt2,1,1,71,101,33,28,30,15,1,0,1,1,3.0,0
13972,416,2,alt2,1,1,65,92,35,32,60,30,2,1,1,1,3.0,0
13972,417,2,alt2,1,1,114,80,24,32,15,15,2,0,1,1,3.0,0
13972,418,1,alt1,1,1,59,79,37,30,30,30,0,1,1,1,3.0,0
13972,419,2,alt2,1,1,71,84,43,32,30,15,1,0,1,1,3.0,0
13972,420,2,alt2,1,1,79,67,28,32,15,15,2,2,1,1,3.0,0
13972,421,1,alt1,1,1,71,79,27,24,30,30,1,2,1,1,3.0,0
13972,422,2,alt2,1,1,79,71,28,38,60,15,1,0,1,1,3.0,0
13972,423,1,alt1,1,1,84,75,30,40,15,15,1,2,1,1,3.0,0
14010,424,2,alt2,1,1,90,76,25,28,30,30,1,0,0,0,1.0,0
14010,425,1,alt1,1,1,47,62,29,25,60,15,0,2,0,0,1.0,0
14010,426,1,alt1,1,1,62,53,25,30,30,15,0,2,0,0,1.0,0
14010,427,1,alt1,1,1,67,79,34,30,60,60,1,2,0,0,1.0,0
14010,428,2,alt2,1,1,66,52,32,37,60,30,0,0,0,0,1.0,0
14010,429,2,alt2,1,1,56,66,27,24,60,15,1,1,0,0,1.0,0
14010,430,2,alt2,1,1,46,66,29,24,60,15,0,0,0,0,1.0,0
14010,431,2,alt2,1,1,66,46,28,31,30,60,1,0,0,0,1.0,0
14010,432,2,alt2,1,1,63,90,29,25,30,60,2,0,0,0,1.0,0
14023,433,2,alt2,1,1,38,29,5,6,60,15,2,1,1,0,1.0,0
14023,434,2,alt2,1,1,36,29,6,8,60,60,1,1,1,0,1.0,0
14023,435,1,alt1,1,1,36,27,5,6,60,30,0,2,1,0,1.0,0
14023,436,1,alt1,1,1,38,29,6,8,30,15,0,1,1,0,1.0,0
14023,437,2,alt2,1,1,38,27,6,7,30,15,2,1,1,0,1.0,0
14023,438,1,alt1,1,1,29,42,9,7,30,15,2,2,1,0,1.0,0
14023,439,1,alt1,1,1,32,42,7,6,60,15,0,2,1,0,1.0,0
14023,440,2,alt2,1,1,52,39,7,8,30,15,0,1,1,0,1.0,0
14023,441,2,alt2,1,1,36,25,5,6,15,30,1,1,1,0,1.0,0
14041,442,2,alt2,1,1,24,32,2,1,15,15,2,1,2,1,2.0,0
14041,443,2,alt2,1,1,18,25,2,1,60,60,2,0,2,1,2.0,0
14041,444,2,alt2,1,1,27,19,1,2,60,15,0,0,2,1,2.0,0
14041,445,2,alt2,1,1,36,29,1,2,15,15,1,2,2,1,2.0,0
14041,446,1,alt1,1,1,32,24,1,2,30,60,0,2,2,1,2.0,0
14041,447,2,alt2,1,1,20,27,2,1,30,15,1,1,2,1,2.0,0
14041,448,1,alt1,1,1,24,29,2,1,15,30,1,0,2,1,2.0,0
14041,449,2,alt2,1,1,32,26,1,2,30,30,2,0,2,1,2.0,0
14041,450,2,alt2,1,1,29,22,1,2,60,15,1,1,2,1,2.0,0
14074,451,1,alt1,1,1,258,344,92,80,15,15,2,1,0,0,3.0,0
14074,452,1,alt1,1,1,269,188,63,82,60,60,0,2,0,0,3.0,0
14074,453,1,alt1,1,1,199,284,88,77,15,60,0,0,0,0,3.0,0
14074,454,1,alt1,1,1,389,311,60,66,15,15,1,2,0,0,3.0,0
14074,455,1,alt1,1,1,344,258,60,81,30,60,0,2,0,0,3.0,0
14074,456,2,alt2,1,1,284,213,63,82,15,30,1,1,0,0,3.0,0
14074,457,1,alt1,1,1,251,314,81,70,15,30,1,0,0,0,3.0,0
14074,458,1,alt1,1,1,275,344,78,60,30,30,0,2,0,0,3.0,0
14074,459,2,alt2,1,1,314,235,60,72,60,15,1,1,0,0,3.0,0
14100,460,1,alt1,1,1,82,57,14,17,15,30,0,1,3,0,3.0,0
14100,461,1,alt1,1,1,52,75,18,16,60,30,2,1,3,0,3.0,0
14100,462,1,alt1,1,1,65,92,16,12,15,15,0,2,3,0,3.0,0
14100,463,1,alt1,1,1,48,64,18,15,30,30,0,1,3,0,3.0,0
14100,464,2,alt2,1,1,57,67,22,16,30,15,1,0,3,0,3.0,0
14100,465,1,alt1,1,1,64,54,14,16,15,15,2,2,3,0,3.0,0
14100,466,2,alt2,1,1,64,58,12,14,30,30,2,1,3,0,3.0,0
14100,467,2,alt2,1,1,58,64,19,14,15,60,0,1,3,0,3.0,0
14100,468,2,alt2,1,1,61,67,20,15,15,15,2,1,3,0,3.0,0
14167,469,1,alt1,1,1,22,15,9,11,15,30,0,1,2,1,4.0,1
14167,470,2,alt2,1,1,14,20,11,10,60,30,2,1,2,1,4.0,1
14167,471,2,alt2,1,1,25,17,8,10,15,15,2,0,2,1,4.0,1
14167,472,2,alt2,1,1,17,13,10,12,30,30,1,0,2,1,4.0,1
14167,473,2,alt2,1,1,15,18,14,10,30,15,1,0,2,1,4.0,1
14167,474,1,alt1,1,1,17,15,9,10,15,15,2,2,2,1,4.0,1
14167,475,2,alt2,1,1,17,15,8,9,30,30,2,1,2,1,4.0,1
14167,476,2,alt2,1,1,17,15,9,12,60,15,1,0,2,1,4.0,1
14167,477,1,alt1,1,1,18,16,10,13,15,15,1,2,2,1,4.0,1
14208,478,2,alt2,1,1,9,6,1,2,60,15,1,1,0,0,2.0,0
14208,479,1,alt1,1,1,10,8,2,3,15,60,0,1,0,0,2.0,0
14208,480,1,alt1,1,1,8,7,1,2,30,60,0,2,0,0,2.0,0
14208,481,2,alt2,1,1,8,7,1,2,60,15,0,0,0,0,2.0,0
14208,482,1,alt1,1,1,9,8,1,2,15,15,0,0,0,0,2.0,0
14208,483,2,alt2,1,1,7,8,2,1,30,15,1,0,0,0,2.0,0
14208,484,1,alt1,1,1,8,6,1,2,15,15,2,2,0,0,2.0,0
14208,485,1,alt1,1,1,6,8,3,2,30,60,2,2,0,0,2.0,0
14208,486,1,alt1,1,1,5,7,3,2,15,30,1,2,0,0,2.0,0
14264,487,1,alt1,1,1,28,37,13,12,15,60,1,2,0,0,3.0,0
14264,488,2,alt2,1,1,28,35,17,12,60,60,1,1,0,0,3.0,0
14264,489,2,alt2,1,1,26,35,13,12,30,60,2,0,0,0,3.0,0
14264,490,2,alt2,1,1,28,37,17,12,15,30,1,0,0,0,3.0,0
14264,491,1,alt1,1,1,26,37,14,12,15,30,1,2,0,0,3.0,0
14264,492,2,alt2,1,1,29,41,20,15,30,15,2,2,0,0,3.0,0
14264,493,2,alt2,1,1,41,31,12,14,15,60,2,0,0,0,3.0,0
14264,494,1,alt1,1,1,51,38,15,17,30,15,0,1,0,0,3.0,0
14264,495,1,alt1,1,1,25,35,13,12,30,15,1,1,0,0,3.0,0
14353,496,1,alt1,1,1,23,20,9,10,30,30,1,0,1,0,2.0,0
14353,497,1,alt1,1,1,16,12,9,10,15,60,2,0,1,0,2.0,0
14353,498,2,alt2,1,1,14,16,10,9,15,30,2,0,1,0,2.0,0
14353,499,1,alt1,1,1,21,18,10,11,60,60,2,1,1,0,2.0,0
14353,500,2,alt2,1,1,14,17,12,11,30,60,0,0,1,0,2.0,0
14353,501,2,alt2,1,1,15,17,9,8,60,15,1,1,1,0,2.0,0
14353,502,2,alt2,1,1,12,17,10,8,60,15,0,0,1,0,2.0,0
14353,503,2,alt2,1,1,12,17,10,9,60,30,0,1,1,0,2.0,0
14353,504,2,alt2,1,1,16,23,10,9,30,60,2,0,1,0,2.0,0
14369,505,1,alt1,1,1,63,85,24,22,15,60,1,2,2,0,3.0,0
14369,506,1,alt1,1,1,80,64,23,31,60,60,1,1,2,0,3.0,0
14369,507,2,alt2,1,1,80,60,22,24,60,30,0,2,2,0,3.0,0
14369,508,2,alt2,1,1,63,85,31,23,15,30,1,0,2,0,3.0,0
14369,509,2,alt2,1,1,85,59,23,25,30,15,2,1,2,0,3.0,0
14369,510,1,alt1,1,1,93,65,28,37,15,30,2,2,2,0,3.0,0
14369,511,1,alt1,1,1,70,93,26,23,60,15,0,2,2,0,3.0,0
14369,512,2,alt2,1,1,116,87,28,32,30,15,0,1,2,0,3.0,0
14369,513,2,alt2,1,1,80,56,22,25,15,30,1,1,2,0,3.0,0
14419,514,1,alt1,1,1,5,7,2,1,15,60,1,1,0,0,3.0,0
14419,515,2,alt2,1,1,6,8,2,1,60,15,1,0,0,0,3.0,0
14419,516,1,alt1,1,1,6,5,1,2,30,60,0,2,0,0,3.0,0
14419,517,2,alt2,1,1,6,5,1,2,60,15,0,0,0,0,3.0,0
14419,518,2,alt2,1,1,6,7,2,1,15,15,0,0,0,0,3.0,0
14419,519,1,alt1,1,1,6,5,1,2,15,30,0,1,0,0,3.0,0
14419,520,1,alt1,1,1,6,5,1,2,15,15,2,2,0,0,3.0,0
14419,521,1,alt1,1,1,6,4,1,2,60,30,2,2,0,0,3.0,0
14419,522,2,alt2,1,1,5,4,1,2,30,15,2,1,0,0,3.0,0
14421,523,1,alt1,1,1,150,177,29,26,30,30,0,1,0,0,3.0,0
14421,524,2,alt2,1,1,92,122,30,26,60,15,0,2,0,0,3.0,0
14421,525,1,alt1,1,1,122,104,26,32,30,15,0,2,0,0,3.0,0
14421,526,1,alt1,1,1,133,156,35,32,60,60,1,2,0,0,3.0,0
14421,527,1,alt1,1,1,103,129,38,33,30,60,0,0,0,0,3.0,0
14421,528,1,alt1,1,1,129,110,25,29,15,60,1,1,0,0,3.0,0
14421,529,2,alt2,1,1,90,129,30,25,60,15,0,0,0,0,3.0,0
14421,530,1,alt1,1,1,129,90,29,32,30,60,1,0,0,0,3.0,0
14421,531,1,alt1,1,1,124,177,30,26,30,60,2,0,0,0,3.0,0
14458,532,1,alt1,1,1,6,8,8,7,15,60,1,1,1,0,2.0,0
14458,533,2,alt2,1,1,7,9,10,7,60,15,1,0,1,0,2.0,0
14458,534,1,alt1,1,1,7,6,6,7,30,60,0,2,1,0,2.0,0
14458,535,1,alt1,1,1,6,7,8,6,15,60,0,0,1,0,2.0,0
14458,536,2,alt2,1,1,7,8,8,7,15,15,0,0,1,0,2.0,0
14458,537,1,alt1,1,1,7,6,7,8,15,30,0,1,1,0,2.0,0
14458,538,2,alt2,1,1,5,7,8,7,15,15,2,2,1,0,2.0,0
14458,539,1,alt1,1,1,5,7,8,7,30,60,2,2,1,0,2.0,0
14458,540,1,alt1,1,1,6,4,8,11,30,15,2,1,1,0,2.0,0
14509,541,2,alt2,1,1,39,29,10,11,60,15,2,1,1,1,3.0,0
14509,542,2,alt2,1,1,30,37,14,11,60,60,1,1,1,1,3.0,0
14509,543,2,alt2,1,1,37,28,10,11,60,30,0,2,1,1,3.0,0
14509,544,1,alt1,1,1,29,39,14,11,15,30,1,0,1,1,3.0,0
14509,545,2,alt2,1,1,39,27,11,12,30,15,2,1,1,1,3.0,0
14509,546,2,alt2,1,1,30,43,17,13,30,15,2,2,1,1,3.0,0
14509,547,1,alt1,1,1,43,32,11,12,15,60,2,0,1,1,3.0,0
14509,548,2,alt2,1,1,53,40,13,15,30,15,0,1,1,1,3.0,0
14509,549,1,alt1,1,1,37,26,10,12,15,30,1,1,1,1,3.0,0
14539,550,2,alt2,1,1,186,140,42,48,15,15,1,2,2,1,3.0,0
14539,551,2,alt2,1,1,146,102,33,43,60,60,0,2,2,1,3.0,0
14539,552,1,alt1,1,1,108,154,46,40,15,60,0,0,2,1,3.0,0
14539,553,1,alt1,1,1,168,211,35,31,15,15,2,1,2,1,3.0,0
14539,554,2,alt2,1,1,186,140,31,42,30,60,0,2,2,1,3.0,0
14539,555,1,alt1,1,1,115,154,43,33,30,15,1,1,2,1,3.0,0
14539,556,2,alt2,1,1,136,170,42,37,15,30,1,0,2,1,3.0,0
14539,557,2,alt2,1,1,186,149,31,41,30,30,2,0,2,1,3.0,0
14539,558,2,alt2,1,1,170,128,31,38,60,15,1,1,2,1,3.0,0
14553,559,1,alt1,1,1,17,24,7,6,30,15,1,0,1,0,3.0,0
14553,560,2,alt2,1,1,22,15,7,8,30,60,1,2,1,0,3.0,0
14553,561,2,alt2,1,1,27,19,5,7,15,15,2,0,1,0,3.0,0
14553,562,1,alt1,1,1,14,19,8,6,30,30,0,1,1,0,3.0,0
14553,563,2,alt2,1,1,17,20,9,7,30,15,1,0,1,0,3.0,0
14553,564,2,alt2,1,1,19,16,6,7,15,15,2,2,1,0,3.0,0
14553,565,1,alt1,1,1,17,19,6,5,30,30,1,2,1,0,3.0,0
14553,566,1,alt1,1,1,17,19,8,6,15,60,0,1,1,0,3.0,0
14553,567,2,alt2,1,1,18,20,8,6,15,15,2,1,1,0,3.0,0
14572,568,1,alt1,1,1,58,83,13,12,15,60,1,1,2,1,1.0,0
14572,569,1,alt1,1,1,94,70,13,17,15,60,0,1,2,1,1.0,0
14572,570,2,alt2,1,1,62,68,13,11,60,30,2,0,2,1,1.0,0
14572,571,1,alt1,1,1,64,76,14,11,15,60,0,0,2,1,1.0,0
14572,572,2,alt2,1,1,83,75,12,13,15,15,0,0,2,1,1.0,0
14572,573,1,alt1,1,1,68,76,13,12,30,15,1,0,2,1,1.0,0
14572,574,2,alt2,1,1,55,68,14,12,15,15,2,2,2,1,1.0,0
14572,575,1,alt1,1,1,51,68,14,13,30,60,2,2,2,1,1.0,0
14572,576,2,alt2,1,1,45,65,19,15,15,30,1,2,2,1,1.0,0
14576,577,2,alt2,1,1,21,18,10,11,30,30,1,0,2,0,3.0,0
14576,578,2,alt2,1,1,14,11,10,12,15,60,2,0,2,0,3.0,0
14576,579,1,alt1,1,1,14,12,10,13,30,15,0,2,2,0,3.0,0
14576,580,1,alt1,1,1,16,18,14,13,60,60,1,2,2,0,3.0,0
14576,581,1,alt1,1,1,12,15,15,13,30,60,0,0,2,0,3.0,0
14576,582,1,alt1,1,1,15,13,10,11,15,60,1,1,2,0,3.0,0
14576,583,2,alt2,1,1,11,15,12,10,60,15,0,0,2,0,3.0,0
14576,584,1,alt1,1,1,15,11,12,13,30,60,1,0,2,0,3.0,0
14576,585,2,alt2,1,1,15,21,12,10,30,60,2,0,2,0,3.0,0
14619,586,1,alt1,1,1,3,2,1,2,15,30,0,1,2,0,1.0,0
14619,587,2,alt2,1,1,2,3,2,1,60,30,2,1,2,0,1.0,0
14619,588,2,alt2,1,1,4,3,1,2,15,15,2,0,2,0,1.0,0
14619,589,1,alt1,1,1,3,2,1,2,30,30,1,0,2,0,1.0,0
14619,590,2,alt2,1,1,2,3,2,1,30,15,1,0,2,0,1.0,0
14619,591,1,alt1,1,1,3,2,1,2,15,15,2,2,2,0,1.0,0
14619,592,2,alt2,1,1,3,2,1,2,30,30,2,1,2,0,1.0,0
14619,593,2,alt2,1,1,3,2,1,2,60,15,1,0,2,0,1.0,0
14619,594,1,alt1,1,1,3,2,1,2,15,15,1,2,2,0,1.0,0
14642,595,1,alt1,1,1,92,108,55,50,30,30,0,1,2,1,4.0,1
14642,596,2,alt2,1,1,75,56,50,57,15,60,2,0,2,1,4.0,1
14642,597,1,alt1,1,1,75,63,50,60,30,15,0,2,2,1,4.0,1
14642,598,1,alt1,1,1,81,95,67,60,60,60,1,2,2,1,4.0,1
14642,599,1,alt1,1,1,63,79,73,63,30,60,0,0,2,1,4.0,1
14642,600,2,alt2,1,1,67,79,54,47,60,15,1,1,2,1,4.0,1
14642,601,2,alt2,1,1,79,55,47,57,15,60,0,0,2,1,4.0,1
14642,602,2,alt2,1,1,79,55,55,61,30,60,1,0,2,1,4.0,1
14642,603,1,alt1,1,1,76,108,57,50,30,60,2,0,2,1,4.0,1
14700,604,1,alt1,1,1,109,129,24,22,30,30,0,1,0,0,3.0,0
14700,605,2,alt2,1,1,89,67,22,25,15,60,2,0,0,0,3.0,0
14700,606,1,alt1,1,1,89,76,22,26,30,15,0,2,0,0,3.0,0
14700,607,2,alt2,1,1,114,97,26,29,60,60,2,1,0,0,3.0,0
14700,608,1,alt1,1,1,75,94,31,27,30,60,0,0,0,0,3.0,0
14700,609,1,alt1,1,1,94,80,20,23,15,60,1,1,0,0,3.0,0
14700,610,2,alt2,1,1,94,66,20,25,15,60,0,0,0,0,3.0,0
14700,611,1,alt1,1,1,66,94,26,24,60,30,0,1,0,0,3.0,0
14700,612,2,alt2,1,1,129,90,22,25,60,30,0,2,0,0,3.0,0
14723,613,2,alt2,1,1,14,11,3,4,60,15,2,1,0,0,3.0,0
14723,614,2,alt2,1,1,11,14,4,3,60,60,1,1,0,0,3.0,0
14723,615,2,alt2,1,1,10,14,4,3,30,60,2,0,0,0,3.0,0
14723,616,1,alt1,1,1,14,11,3,4,30,15,0,1,0,0,3.0,0
14723,617,1,alt1,1,1,10,14,4,3,15,30,1,2,0,0,3.0,0
14723,618,1,alt1,1,1,16,11,3,5,15,30,2,2,0,0,3.0,0
14723,619,1,alt1,1,1,12,16,4,3,60,15,0,2,0,0,3.0,0
14723,620,2,alt2,1,1,15,20,4,3,15,30,1,0,0,0,3.0,0
14723,621,1,alt1,1,1,14,9,3,4,15,30,1,1,0,0,3.0,0
14727,622,2,alt2,1,1,111,159,88,74,30,15,1,0,1,1,3.0,0
14727,623,2,alt2,1,1,101,145,93,84,60,30,2,1,1,1,3.0,0
14727,624,2,alt2,1,1,126,179,85,63,15,15,0,2,1,1,3.0,0
14727,625,1,alt1,1,1,124,93,81,97,30,30,1,0,1,1,3.0,0
14727,626,1,alt1,1,1,131,111,84,114,15,30,0,1,1,1,3.0,0
14727,627,1,alt1,1,1,124,106,74,85,15,15,2,2,1,1,3.0,0
14727,628,1,alt1,1,1,124,112,63,73,30,30,2,1,1,1,3.0,0
14727,629,2,alt2,1,1,112,124,99,74,15,60,0,1,1,1,3.0,0
14727,630,1,alt1,1,1,131,118,81,105,15,15,1,2,1,1,3.0,0
14728,631,1,alt1,1,1,12,10,1,2,30,30,1,0,2,0,1.0,0
14728,632,2,alt2,1,1,6,8,2,1,60,15,0,2,2,0,1.0,0
14728,633,1,alt1,1,1,7,8,2,1,15,30,2,0,2,0,1.0,0
14728,634,1,alt1,1,1,10,9,1,2,60,60,2,1,2,0,1.0,0
14728,635,2,alt2,1,1,9,7,1,2,60,30,0,0,2,0,1.0,0
14728,636,1,alt1,1,1,9,7,1,2,15,60,1,1,2,0,1.0,0
14728,637,1,alt1,1,1,9,6,1,2,15,60,0,0,2,0,1.0,0
14728,638,1,alt1,1,1,9,6,1,2,30,60,1,0,2,0,1.0,0
14728,639,1,alt1,1,1,8,12,2,1,30,60,2,0,2,0,1.0,0
14735,640,2,alt2,1,1,28,19,3,4,60,15,1,1,2,0,1.0,0
14735,641,1,alt1,1,1,31,23,4,5,15,60,0,1,2,0,1.0,0
14735,642,1,alt1,1,1,23,21,3,4,30,60,0,2,2,0,1.0,0
14735,643,2,alt2,1,1,25,21,3,4,60,15,0,0,2,0,1.0,0
14735,644,1,alt1,1,1,28,25,3,4,15,15,0,0,2,0,1.0,0
14735,645,1,alt1,1,1,25,23,3,4,15,30,0,1,2,0,1.0,0
14735,646,2,alt2,1,1,18,23,4,3,15,15,2,2,2,0,1.0,0
14735,647,1,alt1,1,1,17,23,5,4,30,60,2,2,2,0,1.0,0
14735,648,1,alt1,1,1,15,22,6,4,15,30,1,2,2,0,1.0,0
14742,649,1,alt1,1,1,66,94,14,12,15,60,1,1,0,0,1.0,0
14742,650,1,alt1,1,1,107,80,14,18,15,60,0,1,0,0,1.0,0
14742,651,2,alt2,1,1,70,78,13,12,60,30,2,0,0,0,1.0,0
14742,652,2,alt2,1,1,73,86,15,12,15,60,0,0,0,0,1.0,0
14742,653,1,alt1,1,1,85,94,13,12,15,15,0,0,0,0,1.0,0
14742,654,1,alt1,1,1,86,77,12,13,15,30,0,1,0,0,1.0,0
14742,655,2,alt2,1,1,62,78,15,12,15,15,2,2,0,0,1.0,0
14742,656,2,alt2,1,1,78,58,14,15,60,30,2,2,0,0,1.0,0
14742,657,2,alt2,1,1,52,74,20,15,15,30,1,2,0,0,1.0,0
14751,658,1,alt1,1,1,20,14,2,3,60,15,1,1,4,0,3.0,0
14751,659,2,alt2,1,1,17,22,3,2,60,15,1,0,4,0,3.0,0
14751,660,2,alt2,1,1,15,16,3,2,60,30,2,0,4,0,3.0,0
14751,661,1,alt1,1,1,18,15,2,3,60,15,0,0,4,0,3.0,0
14751,662,2,alt2,1,1,18,20,3,2,15,15,0,0,4,0,3.0,0
14751,663,2,alt2,1,1,16,18,3,2,30,15,1,0,4,0,3.0,0
14751,664,1,alt1,1,1,16,13,2,3,15,15,2,2,4,0,3.0,0
14751,665,2,alt2,1,1,12,16,3,2,30,60,2,2,4,0,3.0,0
14751,666,2,alt2,1,1,15,11,2,3,30,15,2,1,4,0,3.0,0
14754,667,2,alt2,1,1,130,174,45,39,15,15,2,1,4,0,3.0,0
14754,668,1,alt1,1,1,95,136,40,31,60,60,2,0,4,0,3.0,0
14754,669,2,alt2,1,1,143,100,37,43,60,15,0,0,4,0,3.0,0
14754,670,2,alt2,1,1,157,196,32,29,15,15,2,1,4,0,3.0,0
14754,671,2,alt2,1,1,130,174,39,29,60,30,2,0,4,0,3.0,0
14754,672,1,alt1,1,1,108,143,40,31,30,15,1,1,4,0,3.0,0
14754,673,1,alt1,1,1,159,127,34,39,30,15,0,1,4,0,3.0,0
14754,674,2,alt2,1,1,174,139,29,38,30,30,2,0,4,0,3.0,0
14754,675,1,alt1,1,1,119,159,35,29,15,60,1,1,4,0,3.0,0
14785,676,1,alt1,1,1,12,8,2,3,15,30,0,1,2,0,1.0,0
14785,677,2,alt2,1,1,7,11,4,3,60,30,2,1,2,0,1.0,0
14785,678,1,alt1,1,1,9,13,3,2,15,15,0,2,2,0,1.0,0
14785,679,1,alt1,1,1,7,9,4,3,30,30,0,1,2,0,1.0,0
14785,680,1,alt1,1,1,10,8,3,4,15,30,0,1,2,0,1.0,0
14785,681,2,alt2,1,1,8,9,3,2,15,15,2,2,2,0,1.0,0
14785,682,1,alt1,1,1,8,9,3,2,30,30,1,2,2,0,1.0,0
14785,683,1,alt1,1,1,8,9,3,2,15,60,0,1,2,0,1.0,0
14785,684,2,alt2,1,1,9,10,4,3,15,15,2,1,2,0,1.0,0
14787,685,2,alt2,1,1,117,167,105,87,30,15,1,0,0,0,3.0,0
14787,686,1,alt1,1,1,152,107,100,110,30,60,1,2,0,0,3.0,0
14787,687,1,alt1,1,1,132,189,101,75,15,15,0,2,0,0,3.0,0
14787,688,2,alt2,1,1,131,98,95,115,30,30,1,0,0,0,3.0,0
14787,689,1,alt1,1,1,138,117,100,134,15,30,0,1,0,0,3.0,0
14787,690,1,alt1,1,1,111,131,100,87,15,15,2,2,0,0,3.0,0
14787,691,1,alt1,1,1,117,131,86,75,30,30,1,2,0,0,3.0,0
14787,692,1,alt1,1,1,117,131,118,87,15,60,0,1,0,0,3.0,0
14787,693,2,alt2,1,1,124,138,124,95,15,15,2,1,0,0,3.0,0
14802,694,2,alt2,1,1,39,55,15,12,30,15,1,0,0,0,1.0,0
14802,695,1,alt1,1,1,35,50,15,14,60,30,2,1,0,0,1.0,0
14802,696,1,alt1,1,1,62,44,10,14,15,15,2,0,0,0,1.0,0
14802,697,1,alt1,1,1,32,43,16,13,30,30,0,1,0,0,1.0,0
14802,698,2,alt2,1,1,39,46,19,14,30,15,1,0,0,0,1.0,0
14802,699,1,alt1,1,1,43,37,12,14,15,15,2,2,0,0,1.0,0
14802,700,2,alt2,1,1,39,43,12,10,30,30,1,2,0,0,1.0,0
14802,701,1,alt1,1,1,43,39,12,16,60,15,1,0,0,0,1.0,0
14802,702,1,alt1,1,1,46,41,13,17,15,15,1,2,0,0,1.0,0
14817,703,2,alt2,1,1,53,40,7,8,60,15,2,1,1,0,1.0,0
14817,704,1,alt1,1,1,50,40,8,10,60,60,1,1,1,0,1.0,0
14817,705,2,alt2,1,1,50,38,7,8,60,30,0,2,1,0,1.0,0
14817,706,2,alt2,1,1,53,40,8,10,30,15,0,1,1,0,1.0,0
14817,707,2,alt2,1,1,53,37,8,9,30,15,2,1,1,0,1.0,0
14817,708,1,alt1,1,1,59,41,9,13,15,30,2,2,1,0,1.0,0
14817,709,1,alt1,1,1,44,59,9,8,60,15,0,2,1,0,1.0,0
14817,710,1,alt1,1,1,73,55,9,11,30,15,0,1,1,0,1.0,0
14817,711,1,alt1,1,1,35,50,8,7,30,15,1,1,1,0,1.0,0
14823,712,1,alt1,1,1,46,61,22,20,15,60,1,2,1,1,3.0,0
14823,713,2,alt2,1,1,46,58,28,21,60,60,1,1,1,1,3.0,0
14823,714,2,alt2,1,1,43,58,22,20,30,60,2,0,1,1,3.0,0
14823,715,2,alt2,1,1,46,61,28,21,15,30,1,0,1,1,3.0,0
14823,716,1,alt1,1,1,43,61,23,21,15,30,1,2,1,1,3.0,0
14823,717,2,alt2,1,1,47,67,34,25,30,15,2,2,1,1,3.0,0
14823,718,1,alt1,1,1,50,67,24,21,60,15,0,2,1,1,3.0,0
14823,719,1,alt1,1,1,83,62,25,29,30,15,0,1,1,1,3.0,0
14823,720,1,alt1,1,1,40,58,23,20,30,15,1,1,1,1,3.0,0
14831,721,2,alt2,1,1,167,117,28,32,60,15,1,1,0,0,3.0,0
14831,722,2,alt2,1,1,189,141,31,40,15,60,0,1,0,0,3.0,0
14831,723,2,alt2,1,1,124,138,30,26,60,30,2,0,0,0,3.0,0
14831,724,1,alt1,1,1,129,152,34,26,15,60,0,0,0,0,3.0,0
14831,725,1,alt1,1,1,150,167,31,28,15,15,0,0,0,0,3.0,0
14831,726,1,alt1,1,1,152,137,28,31,15,30,0,1,0,0,3.0,0
14831,727,1,alt1,1,1,110,138,34,28,15,15,2,2,0,0,3.0,0
14831,728,1,alt1,1,1,103,138,34,31,30,60,2,2,0,0,3.0,0
14831,729,1,alt1,1,1,91,131,46,35,15,30,1,2,0,0,3.0,0
14845,730,2,alt2,1,1,39,52,23,20,15,15,2,1,3,1,3.0,0
14845,731,2,alt2,1,1,28,41,21,16,60,60,2,0,3,1,3.0,0
14845,732,1,alt1,1,1,30,43,22,20,15,60,0,0,3,1,3.0,0
14845,733,1,alt1,1,1,58,47,15,17,15,15,1,2,3,1,3.0,0
14845,734,2,alt2,1,1,39,52,21,15,60,30,2,0,3,1,3.0,0
14845,735,1,alt1,1,1,43,32,16,21,15,30,1,1,3,1,3.0,0
14845,736,2,alt2,1,1,38,47,21,18,15,30,1,0,3,1,3.0,0
14845,737,1,alt1,1,1,41,52,20,15,30,30,0,2,3,1,3.0,0
14845,738,1,alt1,1,1,35,47,18,15,15,60,1,1,3,1,3.0,0
14951,739,2,alt2,1,1,22,31,3,2,30,15,1,0,1,0,2.0,0
14951,740,1,alt1,1,1,28,20,3,4,30,60,1,2,1,0,2.0,0
14951,741,2,alt2,1,1,25,35,3,2,15,15,0,2,1,0,2.0,0
14951,742,1,alt1,1,1,24,18,3,4,30,30,1,0,1,0,2.0,0
14951,743,2,alt2,1,1,22,26,4,3,30,15,1,0,1,0,2.0,0
14951,744,2,alt2,1,1,21,24,3,2,15,15,2,2,1,0,2.0,0
14951,745,2,alt2,1,1,24,22,2,3,30,30,2,1,1,0,2.0,0
14951,746,1,alt1,1,1,22,24,3,2,15,60,0,1,1,0,2.0,0
14951,747,1,alt1,1,1,26,23,3,4,15,15,1,2,1,0,2.0,0
14967,748,2,alt2,1,1,20,17,6,7,30,30,1,0,1,0,3.0,0
14967,749,2,alt2,1,1,14,10,6,7,15,60,2,0,1,0,3.0,0
14967,750,1,alt1,1,1,14,11,6,7,30,15,0,2,1,0,3.0,0
14967,751,1,alt1,1,1,15,17,8,7,60,60,1,2,1,0,3.0,0
14967,752,2,alt2,1,1,11,14,9,8,30,60,0,0,1,0,3.0,0
14967,753,1,alt1,1,1,14,12,6,7,15,60,1,1,1,0,3.0,0
14967,754,1,alt1,1,1,14,10,6,7,15,60,0,0,1,0,3.0,0
14967,755,2,alt2,1,1,10,14,8,7,60,30,0,1,1,0,3.0,0
14967,756,1,alt1,1,1,20,14,6,7,60,30,0,2,1,0,3.0,0
14992,757,2,alt2,1,1,15,18,4,3,30,30,0,1,2,1,1.0,0
14992,758,2,alt2,1,1,9,13,4,3,60,15,0,2,2,1,1.0,0
14992,759,2,alt2,1,1,11,13,4,3,15,30,2,0,2,1,1.0,0
14992,760,1,alt1,1,1,16,14,3,4,60,60,2,1,2,1,1.0,0
14992,761,1,alt1,1,1,11,13,4,3,30,60,0,0,2,1,1.0,0
14992,762,1,alt1,1,1,13,11,3,4,15,60,1,1,2,1,1.0,0
14992,763,1,alt1,1,1,13,9,3,4,15,60,0,0,2,1,1.0,0
14992,764,2,alt2,1,1,9,13,4,3,60,30,0,1,2,1,1.0,0
14992,765,2,alt2,1,1,18,13,3,4,60,30,0,2,2,1,1.0,0
15009,766,2,alt2,1,1,9,6,1,2,60,15,1,1,2,1,1.0,0
15009,767,2,alt2,1,1,10,8,1,2,15,60,0,1,2,1,1.0,0
15009,768,1,alt1,1,1,8,7,1,2,30,60,0,2,2,1,1.0,0
15009,769,2,alt2,1,1,8,7,1,2,60,15,0,0,2,1,1.0,0
15009,770,2,alt2,1,1,8,9,2,1,15,15,0,0,2,1,1.0,0
15009,771,2,alt2,1,1,7,8,2,1,30,15,1,0,2,1,1.0,0
15009,772,2,alt2,1,1,8,6,1,2,15,15,2,2,2,1,1.0,0
15009,773,1,alt1,1,1,6,8,2,1,30,60,2,2,2,1,1.0,0
15009,774,2,alt2,1,1,7,5,1,2,30,15,2,1,2,1,1.0,0
15012,775,1,alt1,1,1,100,133,91,79,15,15,2,1,3,1,4.0,1
15012,776,1,alt1,1,1,104,73,63,82,60,60,0,2,3,1,4.0,1
15012,777,2,alt2,1,1,110,77,76,87,60,15,0,0,3,1,4.0,1
15012,778,2,alt2,1,1,151,121,59,65,15,15,1,2,3,1,4.0,1
15012,779,2,alt2,1,1,100,133,80,59,60,30,2,0,3,1,4.0,1
15012,780,2,alt2,1,1,83,110,82,63,30,15,1,1,3,1,4.0,1
15012,781,2,alt2,1,1,122,97,69,80,30,15,0,1,3,1,4.0,1
15012,782,2,alt2,1,1,133,107,59,77,30,30,2,0,3,1,4.0,1
15012,783,1,alt1,1,1,91,122,71,59,15,60,1,1,3,1,4.0,1
15030,784,2,alt2,1,1,150,214,69,60,15,60,1,1,0,1,3.0,0
15030,785,1,alt1,1,1,242,181,66,86,15,60,0,1,0,1,3.0,0
15030,786,2,alt2,1,1,159,177,65,57,60,30,2,0,0,1,3.0,0
15030,787,1,alt1,1,1,195,166,57,74,60,15,0,0,0,1,3.0,0
15030,788,2,alt2,1,1,193,214,66,60,15,15,0,0,0,1,3.0,0
15030,789,1,alt1,1,1,195,176,60,66,15,30,0,1,0,1,3.0,0
15030,790,2,alt2,1,1,141,177,72,60,15,15,2,2,0,1,3.0,0
15030,791,2,alt2,1,1,133,177,73,66,30,60,2,2,0,1,3.0,0
15030,792,2,alt2,1,1,117,167,98,76,15,30,1,2,0,1,3.0,0
15039,793,2,alt2,1,1,37,26,9,10,60,15,1,1,4,0,2.0,0
15039,794,1,alt1,1,1,42,31,10,13,15,60,0,1,4,0,2.0,0
15039,795,1,alt1,1,1,30,27,9,10,30,60,0,2,4,0,2.0,0
15039,796,2,alt2,1,1,29,34,11,9,15,60,0,0,4,0,2.0,0
15039,797,2,alt2,1,1,33,37,10,9,15,15,0,0,4,0,2.0,0
15039,798,1,alt1,1,1,34,30,9,10,15,30,0,1,4,0,2.0,0
15039,799,1,alt1,1,1,30,24,9,11,15,15,2,2,4,0,2.0,0
15039,800,1,alt1,1,1,23,30,11,10,30,60,2,2,4,0,2.0,0
15039,801,1,alt1,1,1,29,20,11,15,30,15,2,1,4,0,2.0,0
15056,802,2,alt2,1,1,51,43,8,9,30,30,1,0,2,1,3.0,0
15056,803,2,alt2,1,1,26,35,10,8,60,15,0,2,2,1,3.0,0
15056,804,2,alt2,1,1,30,35,10,8,15,30,2,0,2,1,3.0,0
15056,805,2,alt2,1,1,38,45,11,10,60,60,1,2,2,1,3.0,0
15056,806,1,alt1,1,1,37,30,11,12,60,30,0,0,2,1,3.0,0
15056,807,2,alt2,1,1,31,37,9,8,60,15,1,1,2,1,3.0,0
15056,808,1,alt1,1,1,26,37,10,8,60,15,0,0,2,1,3.0,0
15056,809,2,alt2,1,1,37,26,9,10,30,60,1,0,2,1,3.0,0
15056,810,1,alt1,1,1,35,51,10,8,30,60,2,0,2,1,3.0,0
15147,811,2,alt2,1,1,58,83,30,25,30,15,1,0,0,1,3.0,0
15147,812,1,alt1,1,1,76,53,28,31,30,60,1,2,0,1,3.0,0
15147,813,2,alt2,1,1,94,66,21,29,15,15,2,0,0,1,3.0,0
15147,814,2,alt2,1,1,65,49,27,32,30,30,1,0,0,1,3.0,0
15147,815,2,alt2,1,1,58,68,38,28,30,15,1,0,0,1,3.0,0
15147,816,2,alt2,1,1,55,65,28,25,15,15,2,2,0,1,3.0,0
15147,817,1,alt1,1,1,58,65,24,21,30,30,1,2,0,1,3.0,0
15147,818,1,alt1,1,1,58,65,33,25,15,60,0,1,0,1,3.0,0
15147,819,1,alt1,1,1,68,62,27,35,15,15,1,2,0,1,3.0,0
15174,820,2,alt2,1,1,104,122,30,27,30,30,0,1,4,0,3.0,0
15174,821,2,alt2,1,1,63,85,31,27,60,15,0,2,4,0,3.0,0
15174,822,2,alt2,1,1,85,72,27,32,30,15,0,2,4,0,3.0,0
15174,823,1,alt1,1,1,92,108,36,33,60,60,1,2,4,0,3.0,0
15174,824,2,alt2,1,1,89,71,34,39,60,30,0,0,4,0,3.0,0
15174,825,2,alt2,1,1,89,76,26,29,15,60,1,1,4,0,3.0,0
15174,826,2,alt2,1,1,89,63,26,31,15,60,0,0,4,0,3.0,0
15174,827,2,alt2,1,1,89,63,30,33,30,60,1,0,4,0,3.0,0
15174,828,1,alt1,1,1,122,86,27,31,60,30,0,2,4,0,3.0,0
15180,829,1,alt1,1,1,112,84,31,35,15,15,1,2,1,0,3.0,0
15180,830,2,alt2,1,1,61,87,32,24,60,60,2,0,1,0,3.0,0
15180,831,1,alt1,1,1,65,92,34,30,15,60,0,0,1,0,3.0,0
15180,832,1,alt1,1,1,126,101,23,25,15,15,1,2,1,0,3.0,0
15180,833,2,alt2,1,1,84,112,31,23,60,30,2,0,1,0,3.0,0
15180,834,1,alt1,1,1,92,69,24,32,15,30,1,1,1,0,3.0,0
15180,835,2,alt2,1,1,102,81,27,31,30,15,0,1,1,0,3.0,0
15180,836,2,alt2,1,1,112,89,23,30,30,30,2,0,1,0,3.0,0
15180,837,1,alt1,1,1,76,102,28,23,15,60,1,1,1,0,3.0,0
15213,838,1,alt1,1,1,69,48,19,23,15,30,0,1,2,0,4.0,1
15213,839,1,alt1,1,1,44,63,24,22,60,30,2,1,2,0,4.0,1
15213,840,1,alt1,1,1,55,78,22,16,15,15,0,2,2,0,4.0,1
15213,841,1,alt1,1,1,41,54,25,21,30,30,0,1,2,0,4.0,1
15213,842,1,alt1,1,1,57,48,22,30,15,30,0,1,2,0,4.0,1
15213,843,1,alt1,1,1,46,54,22,19,15,15,2,2,2,0,4.0,1
15213,844,2,alt2,1,1,54,49,16,19,30,30,2,1,2,0,4.0,1
15213,845,2,alt2,1,1,54,49,19,26,60,15,1,0,2,0,4.0,1
15213,846,2,alt2,1,1,51,57,27,21,15,15,2,1,2,0,4.0,1
15246,847,2,alt2,1,1,29,22,13,14,60,15,2,1,0,0,4.0,1
15246,848,2,alt2,1,1,22,28,18,13,60,60,1,1,0,0,4.0,1
15246,849,1,alt1,1,1,28,21,13,14,60,30,0,2,0,0,4.0,1
15246,850,1,alt1,1,1,29,22,13,18,30,15,0,1,0,0,4.0,1
15246,851,1,alt1,1,1,21,29,15,13,15,30,1,2,0,0,4.0,1
15246,852,2,alt2,1,1,23,33,22,16,30,15,2,2,0,0,4.0,1
15246,853,1,alt1,1,1,33,24,13,15,15,60,2,0,0,0,4.0,1
15246,854,1,alt1,1,1,40,30,16,19,30,15,0,1,0,0,4.0,1
15246,855,2,alt2,1,1,28,20,13,14,15,30,1,1,0,0,4.0,1
15266,856,2,alt2,1,1,30,22,10,12,15,15,1,2,2,0,3.0,0
15266,857,1,alt1,1,1,16,23,10,8,60,60,2,0,2,0,3.0,0
15266,858,2,alt2,1,1,25,17,10,11,60,15,0,0,2,0,3.0,0
15266,859,2,alt2,1,1,34,27,8,9,15,15,1,2,2,0,3.0,0
15266,860,2,alt2,1,1,22,30,10,8,60,30,2,0,2,0,3.0,0
15266,861,1,alt1,1,1,25,19,8,10,15,30,1,1,2,0,3.0,0
15266,862,1,alt1,1,1,27,22,9,10,30,15,0,1,2,0,3.0,0
15266,863,2,alt2,1,1,30,24,8,10,30,30,2,0,2,0,3.0,0
15266,864,2,alt2,1,1,27,20,8,9,60,15,1,1,2,0,3.0,0
15296,865,2,alt2,1,1,81,60,28,32,15,15,1,2,4,1,3.0,0
15296,866,2,alt2,1,1,44,63,28,22,60,60,2,0,4,1,3.0,0
15296,867,2,alt2,1,1,67,47,26,30,60,15,0,0,4,1,3.0,0
15296,868,2,alt2,1,1,91,73,21,23,15,15,1,2,4,1,3.0,0
15296,869,1,alt1,1,1,81,60,21,28,30,60,0,2,4,1,3.0,0
15296,870,2,alt2,1,1,50,67,28,22,30,15,1,1,4,1,3.0,0
15296,871,1,alt1,1,1,74,59,24,28,30,15,0,1,4,1,3.0,0
15296,872,1,alt1,1,1,64,81,27,21,30,30,0,2,4,1,3.0,0
15296,873,2,alt2,1,1,74,55,21,25,60,15,1,1,4,1,3.0,0
15312,874,2,alt2,1,1,53,62,20,18,30,30,0,1,1,1,3.0,0
15312,875,1,alt1,1,1,32,43,21,18,60,15,0,2,1,1,3.0,0
15312,876,1,alt1,1,1,43,37,18,22,30,15,0,2,1,1,3.0,0
15312,877,2,alt2,1,1,55,47,22,24,60,60,2,1,1,1,3.0,0
15312,878,2,alt2,1,1,46,36,23,26,60,30,0,0,1,1,3.0,0
15312,879,2,alt2,1,1,46,39,17,20,15,60,1,1,1,1,3.0,0
15312,880,2,alt2,1,1,32,46,21,17,60,15,0,0,1,1,3.0,0
15312,881,2,alt2,1,1,32,46,22,20,60,30,0,1,1,1,3.0,0
15312,882,2,alt2,1,1,44,62,21,18,30,60,2,0,1,1,3.0,0
15318,883,2,alt2,1,1,15,20,4,3,15,15,2,1,4,1,1.0,0
15318,884,1,alt1,1,1,15,11,3,4,60,60,0,2,4,1,1.0,0
15318,885,2,alt2,1,1,16,11,3,4,60,15,0,0,4,1,1.0,0
15318,886,1,alt1,1,1,22,18,3,4,15,15,1,2,4,1,1.0,0
15318,887,2,alt2,1,1,15,20,4,3,60,30,2,0,4,1,1.0,0
15318,888,2,alt2,1,1,12,16,4,3,30,15,1,1,4,1,1.0,0
15318,889,1,alt1,1,1,18,14,3,4,30,15,0,1,4,1,1.0,0
15318,890,1,alt1,1,1,16,20,4,3,30,30,0,2,4,1,1.0,0
15318,891,2,alt2,1,1,18,13,3,4,60,15,1,1,4,1,1.0,0
15319,892,2,alt2,1,1,32,23,7,8,60,15,1,1,3,0,1.0,0
15319,893,1,alt1,1,1,36,27,7,9,15,60,0,1,3,0,1.0,0
15319,894,1,alt1,1,1,27,24,6,7,30,60,0,2,3,0,1.0,0
15319,895,1,alt1,1,1,25,29,8,6,15,60,0,0,3,0,1.0,0
15319,896,2,alt2,1,1,29,32,8,7,15,15,0,0,3,0,1.0,0
15319,897,2,alt2,1,1,26,29,8,7,30,15,1,0,3,0,1.0,0
15319,898,2,alt2,1,1,27,21,7,8,15,15,2,2,3,0,1.0,0
15319,899,1,alt1,1,1,20,27,8,7,30,60,2,2,3,0,1.0,0
15319,900,1,alt1,1,1,25,18,8,11,30,15,2,1,3,0,1.0,0
15373,901,2,alt2,1,1,99,74,28,31,60,15,2,1,2,1,3.0,0
15373,902,1,alt1,1,1,94,75,30,40,60,60,1,1,2,1,3.0,0
15373,903,1,alt1,1,1,94,70,28,31,60,30,0,2,2,1,3.0,0
15373,904,1,alt1,1,1,99,74,30,40,30,15,0,1,2,1,3.0,0
15373,905,2,alt2,1,1,99,69,30,33,30,15,2,1,2,1,3.0,0
15373,906,1,alt1,1,1,109,76,36,49,15,30,2,2,2,1,3.0,0
15373,907,1,alt1,1,1,82,109,34,30,60,15,0,2,2,1,3.0,0
15373,908,1,alt1,1,1,135,101,36,42,30,15,0,1,2,1,3.0,0
15373,909,1,alt1,1,1,94,66,28,33,15,30,1,1,2,1,3.0,0
15402,910,1,alt1,1,1,22,15,6,8,15,30,0,1,3,0,2.0,0
15402,911,1,alt1,1,1,20,14,7,8,30,60,1,2,3,0,2.0,0
15402,912,2,alt2,1,1,25,17,5,7,15,15,2,0,3,0,2.0,0
15402,913,2,alt2,1,1,17,13,7,8,30,30,1,0,3,0,2.0,0
15402,914,2,alt2,1,1,15,18,10,7,30,15,1,0,3,0,2.0,0
15402,915,1,alt1,1,1,17,15,6,7,15,15,2,2,3,0,2.0,0
15402,916,2,alt2,1,1,17,15,5,6,30,30,2,1,3,0,2.0,0
15402,917,2,alt2,1,1,17,15,6,9,60,15,1,0,3,0,2.0,0
15402,918,1,alt1,1,1,18,16,7,9,15,15,1,2,3,0,2.0,0
15408,919,2,alt2,1,1,51,35,11,12,60,15,1,1,3,1,1.0,0
15408,920,1,alt1,1,1,57,43,12,16,15,60,0,1,3,1,1.0,0
15408,921,2,alt2,1,1,38,42,12,10,60,30,2,0,3,1,1.0,0
15408,922,2,alt2,1,1,46,39,10,13,60,15,0,0,3,1,1.0,0
15408,923,1,alt1,1,1,46,51,12,11,15,15,0,0,3,1,1.0,0
15408,924,2,alt2,1,1,42,46,12,11,30,15,1,0,3,1,1.0,0
15408,925,2,alt2,1,1,42,33,11,13,15,15,2,2,3,1,1.0,0
15408,926,2,alt2,1,1,42,31,12,13,60,30,2,2,3,1,1.0,0
15408,927,1,alt1,1,1,28,40,18,14,15,30,1,2,3,1,1.0,0
15420,928,2,alt2,1,1,70,53,12,13,60,15,2,1,1,0,3.0,0
15420,929,1,alt1,1,1,53,67,17,13,60,60,1,1,1,0,3.0,0
15420,930,1,alt1,1,1,50,67,13,12,30,60,2,0,1,0,3.0,0
15420,931,1,alt1,1,1,53,70,17,13,15,30,1,0,1,0,3.0,0
15420,932,1,alt1,1,1,49,70,14,13,15,30,1,2,1,0,3.0,0
15420,933,2,alt2,1,1,54,78,21,15,30,15,2,2,1,0,3.0,0
15420,934,1,alt1,1,1,58,78,15,13,60,15,0,2,1,0,3.0,0
15420,935,1,alt1,1,1,72,96,18,15,15,30,1,0,1,0,3.0,0
15420,936,1,alt1,1,1,47,67,14,12,30,15,1,1,1,0,3.0,0
15481,937,1,alt1,1,1,17,12,6,7,15,30,0,1,1,1,3.0,0
15481,938,2,alt2,1,1,11,16,8,7,60,30,2,1,1,1,3.0,0
15481,939,1,alt1,1,1,14,20,7,5,15,15,0,2,1,1,3.0,0
15481,940,2,alt2,1,1,14,10,6,8,30,30,1,0,1,1,3.0,0
15481,941,1,alt1,1,1,14,12,7,9,15,30,0,1,1,1,3.0,0
15481,942,2,alt2,1,1,11,14,7,6,15,15,2,2,1,1,3.0,0
15481,943,1,alt1,1,1,12,14,6,5,30,30,1,2,1,1,3.0,0
15481,944,1,alt1,1,1,12,14,8,6,15,60,0,1,1,1,3.0,0
15481,945,2,alt2,1,1,13,14,8,6,15,15,2,1,1,1,3.0,0
15489,946,1,alt1,1,1,50,67,18,17,15,60,1,2,1,1,3.0,0
15489,947,2,alt2,1,1,63,50,18,24,60,60,1,1,1,1,3.0,0
15489,948,2,alt2,1,1,47,63,18,17,30,60,2,0,1,1,3.0,0
15489,949,1,alt1,1,1,50,67,24,18,15,30,1,0,1,1,3.0,0
15489,950,2,alt2,1,1,67,47,18,19,30,15,2,1,1,1,3.0,0
15489,951,1,alt1,1,1,51,74,29,21,30,15,2,2,1,1,3.0,0
15489,952,2,alt2,1,1,55,74,20,18,60,15,0,2,1,1,3.0,0
15489,953,2,alt2,1,1,91,68,21,24,30,15,0,1,1,1,3.0,0
15489,954,2,alt2,1,1,44,63,19,17,30,15,1,1,1,1,3.0,0
15562,955,2,alt2,1,1,56,39,9,11,60,15,1,1,4,0,1.0,0
15562,956,1,alt1,1,1,64,48,10,13,15,60,0,1,4,0,1.0,0
15562,957,1,alt1,1,1,47,42,9,10,30,60,0,2,4,0,1.0,0
15562,958,1,alt1,1,1,44,51,11,9,15,60,0,0,4,0,1.0,0
15562,959,1,alt1,1,1,56,51,9,10,15,15,0,0,4,0,1.0,0
15562,960,2,alt2,1,1,46,51,10,9,30,15,1,0,4,0,1.0,0
15562,961,1,alt1,1,1,37,47,11,9,15,15,2,2,4,0,1.0,0
15562,962,2,alt2,1,1,47,35,10,11,60,30,2,2,4,0,1.0,0
15562,963,1,alt1,1,1,31,44,15,12,15,30,1,2,4,0,1.0,0
15563,964,2,alt2,1,1,100,70,21,24,60,15,1,1,2,1,4.0,1
15563,965,2,alt2,1,1,85,113,30,23,60,15,1,0,2,1,4.0,1
15563,966,2,alt2,1,1,74,83,23,20,60,30,2,0,2,1,4.0,1
15563,967,2,alt2,1,1,91,78,20,26,60,15,0,0,2,1,4.0,1
15563,968,1,alt1,1,1,90,100,23,21,15,15,0,0,2,1,4.0,1
15563,969,1,alt1,1,1,91,82,21,23,15,30,0,1,2,1,4.0,1
15563,970,2,alt2,1,1,83,66,21,25,15,15,2,2,2,1,4.0,1
15563,971,1,alt1,1,1,62,83,25,23,30,60,2,2,2,1,4.0,1
15563,972,2,alt2,1,1,78,55,26,34,30,15,2,1,2,1,4.0,1
15572,973,1,alt1,1,1,46,55,29,26,30,30,0,1,2,0,1.0,0
15572,974,2,alt2,1,1,28,38,30,26,60,15,0,2,2,0,1.0,0
15572,975,1,alt1,1,1,38,32,26,31,30,15,0,2,2,0,1.0,0
15572,976,2,alt2,1,1,48,41,32,35,60,60,2,1,2,0,1.0,0
15572,977,2,alt2,1,1,40,32,33,38,60,30,0,0,2,0,1.0,0
15572,978,2,alt2,1,1,34,40,29,25,60,15,1,1,2,0,1.0,0
15572,979,2,alt2,1,1,40,28,25,30,15,60,0,0,2,0,1.0,0
15572,980,1,alt1,1,1,28,40,32,29,60,30,0,1,2,0,1.0,0
15572,981,2,alt2,1,1,55,38,26,30,60,30,0,2,2,0,1.0,0
15597,982,2,alt2,1,1,60,45,9,10,15,15,1,2,0,0,3.0,0
15597,983,1,alt1,1,1,47,33,7,9,60,60,0,2,0,0,3.0,0
15597,984,2,alt2,1,1,49,35,9,10,60,15,0,0,0,0,3.0,0
15597,985,1,alt1,1,1,54,68,8,7,15,15,2,1,0,0,3.0,0
15597,986,1,alt1,1,1,60,45,7,9,30,60,0,2,0,0,3.0,0
15597,987,2,alt2,1,1,49,37,7,9,15,30,1,1,0,0,3.0,0
15597,988,2,alt2,1,1,44,55,9,8,15,30,1,0,0,0,3.0,0
15597,989,1,alt1,1,1,60,48,7,9,30,30,2,0,0,0,3.0,0
15597,990,2,alt2,1,1,55,41,7,8,60,15,1,1,0,0,3.0,0
15603,991,2,alt2,1,1,100,75,16,18,60,15,2,1,2,0,3.0,0
15603,992,1,alt1,1,1,76,95,23,17,60,60,1,1,2,0,3.0,0
15603,993,1,alt1,1,1,95,71,16,18,60,30,0,2,2,0,3.0,0
15603,994,1,alt1,1,1,100,75,17,23,30,15,0,1,2,0,3.0,0
15603,995,2,alt2,1,1,100,70,17,19,30,15,2,1,2,0,3.0,0
15603,996,2,alt2,1,1,110,77,21,28,15,30,2,2,2,0,3.0,0
15603,997,1,alt1,1,1,83,110,20,17,60,15,0,2,2,0,3.0,0
15603,998,2,alt2,1,1,102,137,24,21,15,30,1,0,2,0,3.0,0
15603,999,1,alt1,1,1,66,95,19,16,30,15,1,1,2,0,3.0,0
15662,1000,1,alt1,1,1,15,20,10,9,15,60,1,2,1,1,3.0,0
15662,1001,2,alt2,1,1,19,15,10,13,60,60,1,1,1,1,3.0,0
15662,1002,1,alt1,1,1,19,14,9,10,60,30,0,2,1,1,3.0,0
15662,1003,2,alt2,1,1,15,20,13,10,15,30,1,0,1,1,3.0,0
15662,1004,2,alt2,1,1,20,14,10,11,30,15,2,1,1,1,3.0,0
15662,1005,1,alt1,1,1,22,15,12,16,15,30,2,2,1,1,3.0,0
15662,1006,1,alt1,1,1,22,17,10,11,15,60,2,0,1,1,3.0,0
15662,1007,1,alt1,1,1,20,27,14,12,15,30,1,0,1,1,3.0,0
15662,1008,1,alt1,1,1,19,13,9,11,15,30,1,1,1,1,3.0,0
15704,1009,2,alt2,1,1,140,119,9,10,30,30,1,0,4,1,4.0,1
15704,1010,1,alt1,1,1,73,97,10,9,60,15,0,2,4,1,4.0,1
15704,1011,2,alt2,1,1,83,97,10,9,15,30,2,0,4,1,4.0,1
15704,1012,2,alt2,1,1,124,106,11,12,60,60,2,1,4,1,4.0,1
15704,1013,1,alt1,1,1,82,103,13,11,30,60,0,0,4,1,4.0,1
15704,1014,1,alt1,1,1,103,87,8,10,15,60,1,1,4,1,4.0,1
15704,1015,2,alt2,1,1,103,72,8,10,15,60,0,0,4,1,4.0,1
15704,1016,2,alt2,1,1,103,72,10,11,30,60,1,0,4,1,4.0,1
15704,1017,1,alt1,1,1,98,140,10,9,30,60,2,0,4,1,4.0,1
15707,1018,1,alt1,1,1,38,50,12,11,15,60,1,2,4,1,1.0,0
15707,1019,2,alt2,1,1,48,38,11,15,60,60,1,1,4,1,1.0,0
15707,1020,1,alt1,1,1,36,48,12,11,30,60,2,0,4,1,1.0,0
15707,1021,2,alt2,1,1,50,38,11,15,30,15,0,1,4,1,1.0,0
15707,1022,1,alt1,1,1,35,50,12,11,15,30,1,2,4,1,1.0,0
15707,1023,2,alt2,1,1,56,39,14,18,15,30,2,2,4,1,1.0,0
15707,1024,1,alt1,1,1,42,56,13,11,60,15,0,2,4,1,1.0,0
15707,1025,1,alt1,1,1,69,52,14,16,30,15,0,1,4,1,1.0,0
15707,1026,2,alt2,1,1,48,33,11,12,15,30,1,1,4,1,1.0,0
15780,1027,1,alt1,1,1,70,82,17,15,30,30,0,1,2,1,1.0,0
15780,1028,2,alt2,1,1,57,43,15,17,15,60,2,0,2,1,1.0,0
15780,1029,2,alt2,1,1,48,57,18,15,15,30,2,0,2,1,1.0,0
15780,1030,1,alt1,1,1,72,62,18,20,60,60,2,1,2,1,1.0,0
15780,1031,1,alt1,1,1,60,48,19,22,60,30,0,0,2,1,1.0,0
15780,1032,1,alt1,1,1,60,51,14,17,15,60,1,1,2,1,1.0,0
15780,1033,1,alt1,1,1,60,42,14,17,15,60,0,0,2,1,1.0,0
15780,1034,2,alt2,1,1,60,42,17,18,30,60,1,0,2,1,1.0,0
15780,1035,2,alt2,1,1,82,57,15,17,60,30,0,2,2,1,1.0,0
15792,1036,1,alt1,1,1,4,6,2,1,15,60,1,1,0,0,3.0,0
15792,1037,1,alt1,1,1,7,5,1,2,15,60,0,1,0,0,3.0,0
15792,1038,1,alt1,1,1,5,4,1,2,30,60,0,2,0,0,3.0,0
15792,1039,2,alt2,1,1,5,4,1,2,60,15,0,0,0,0,3.0,0
15792,1040,1,alt1,1,1,6,5,1,2,15,15,0,0,0,0,3.0,0
15792,1041,2,alt2,1,1,4,5,2,1,30,15,1,0,0,0,3.0,0
15792,1042,1,alt1,1,1,5,4,1,2,15,15,2,2,0,0,3.0,0
15792,1043,1,alt1,1,1,4,5,2,1,30,60,2,2,0,0,3.0,0
15792,1044,2,alt2,1,1,5,3,1,2,30,15,2,1,0,0,3.0,0
15805,1045,2,alt2,1,1,95,127,50,43,15,15,2,1,0,0,3.0,0
15805,1046,1,alt1,1,1,69,99,45,34,60,60,2,0,0,0,3.0,0
15805,1047,2,alt2,1,1,105,73,42,48,60,15,0,0,0,0,3.0,0
15805,1048,2,alt2,1,1,143,114,32,36,15,15,1,2,0,0,3.0,0
15805,1049,2,alt2,1,1,95,127,44,32,60,30,2,0,0,0,3.0,0
15805,1050,2,alt2,1,1,78,105,45,34,30,15,1,1,0,0,3.0,0
15805,1051,2,alt2,1,1,92,115,44,38,15,30,1,0,0,0,3.0,0
15805,1052,1,alt1,1,1,101,127,42,32,30,30,0,2,0,0,3.0,0
15805,1053,1,alt1,1,1,87,115,39,32,15,60,1,1,0,0,3.0,0
15814,1054,2,alt2,1,1,54,77,24,20,30,15,1,0,2,0,3.0,0
15814,1055,2,alt2,1,1,49,70,25,23,60,30,2,1,2,0,3.0,0
15814,1056,2,alt2,1,1,87,61,17,23,15,15,2,0,2,0,3.0,0
15814,1057,2,alt2,1,1,45,60,26,22,30,30,0,1,2,0,3.0,0
15814,1058,2,alt2,1,1,54,64,31,23,30,15,1,0,2,0,3.0,0
15814,1059,1,alt1,1,1,60,51,20,23,15,15,2,2,2,0,3.0,0
15814,1060,1,alt1,1,1,60,54,17,20,30,30,2,1,2,0,3.0,0
15814,1061,1,alt1,1,1,60,54,20,27,60,15,1,0,2,0,3.0,0
15814,1062,1,alt1,1,1,64,57,22,28,15,15,1,2,2,0,3.0,0
15827,1063,2,alt2,1,1,46,39,6,7,30,30,1,0,2,0,3.0,0
15827,1064,1,alt1,1,1,24,32,7,6,60,15,0,2,2,0,3.0,0
15827,1065,1,alt1,1,1,32,27,6,7,30,15,0,2,2,0,3.0,0
15827,1066,1,alt1,1,1,34,40,8,7,60,60,1,2,2,0,3.0,0
15827,1067,1,alt1,1,1,27,33,9,8,30,60,0,0,2,0,3.0,0
15827,1068,1,alt1,1,1,28,33,7,6,60,15,1,1,2,0,3.0,0
15827,1069,2,alt2,1,1,23,33,7,6,60,15,0,0,2,0,3.0,0
15827,1070,2,alt2,1,1,33,23,7,8,30,60,1,0,2,0,3.0,0
15827,1071,2,alt2,1,1,32,46,7,6,30,60,2,0,2,0,3.0,0
15904,1072,1,alt1,1,1,13,18,4,3,15,60,1,1,1,0,1.0,0
15904,1073,1,alt1,1,1,21,16,3,4,15,60,0,1,1,0,1.0,0
15904,1074,2,alt2,1,1,14,15,4,3,60,30,2,0,1,0,1.0,0
15904,1075,2,alt2,1,1,17,14,3,4,60,15,0,0,1,0,1.0,0
15904,1076,1,alt1,1,1,18,17,3,4,15,15,0,0,1,0,1.0,0
15904,1077,2,alt2,1,1,15,17,4,3,30,15,1,0,1,0,1.0,0
15904,1078,2,alt2,1,1,12,15,4,3,15,15,2,2,1,0,1.0,0
15904,1079,1,alt1,1,1,15,11,3,4,60,30,2,2,1,0,1.0,0
15904,1080,2,alt2,1,1,14,10,3,4,30,15,2,1,1,0,1.0,0
15948,1081,1,alt1,1,1,40,53,8,7,15,60,1,2,4,1,3.0,0
15948,1082,1,alt1,1,1,40,50,10,8,60,60,1,1,4,1,3.0,0
15948,1083,2,alt2,1,1,50,38,7,8,60,30,0,2,4,1,3.0,0
15948,1084,2,alt2,1,1,53,40,8,10,30,15,0,1,4,1,3.0,0
15948,1085,2,alt2,1,1,53,37,8,9,30,15,2,1,4,1,3.0,0
15948,1086,2,alt2,1,1,41,59,13,9,30,15,2,2,4,1,3.0,0
15948,1087,1,alt1,1,1,59,44,8,9,15,60,2,0,4,1,3.0,0
15948,1088,1,alt1,1,1,55,73,11,9,15,30,1,0,4,1,3.0,0
15948,1089,2,alt2,1,1,35,50,8,7,30,15,1,1,4,1,3.0,0
15970,1090,2,alt2,1,1,52,39,7,8,60,15,2,1,0,1,3.0,0
15970,1091,1,alt1,1,1,50,40,7,10,60,60,1,1,0,1,3.0,0
15970,1092,1,alt1,1,1,37,50,8,7,30,60,2,0,0,1,3.0,0
15970,1093,1,alt1,1,1,52,39,7,10,30,15,0,1,0,1,3.0,0
15970,1094,2,alt2,1,1,52,37,7,8,30,15,2,1,0,1,3.0,0
15970,1095,1,alt1,1,1,58,40,9,12,15,30,2,2,0,1,3.0,0
15970,1096,2,alt2,1,1,58,43,7,8,15,60,2,0,0,1,3.0,0
15970,1097,2,alt2,1,1,72,54,9,10,30,15,0,1,0,1,3.0,0
15970,1098,1,alt1,1,1,35,50,8,7,30,15,1,1,0,1,3.0,0
15978,1099,1,alt1,1,1,33,44,18,16,15,60,1,2,3,1,4.0,1
15978,1100,2,alt2,1,1,41,33,17,23,60,60,1,1,3,1,4.0,1
15978,1101,2,alt2,1,1,41,31,16,18,60,30,0,2,3,1,4.0,1
15978,1102,1,alt1,1,1,33,44,23,17,15,30,1,0,3,1,4.0,1
15978,1103,1,alt1,1,1,31,44,19,17,15,30,1,2,3,1,4.0,1
15978,1104,1,alt1,1,1,34,48,28,21,30,15,2,2,3,1,4.0,1
15978,1105,1,alt1,1,1,48,36,17,20,15,60,2,0,3,1,4.0,1
15978,1106,1,alt1,1,1,45,60,24,21,15,30,1,0,3,1,4.0,1
15978,1107,2,alt2,1,1,41,29,16,19,15,30,1,1,3,1,4.0,1
15982,1108,2,alt2,1,1,7,9,10,8,15,15,2,1,2,0,3.0,0
15982,1109,2,alt2,1,1,5,7,9,7,60,60,2,0,2,0,3.0,0
15982,1110,1,alt1,1,1,8,5,8,9,60,15,0,0,2,0,3.0,0
15982,1111,1,alt1,1,1,10,8,6,7,15,15,1,2,2,0,3.0,0
15982,1112,1,alt1,1,1,9,7,6,9,30,60,0,2,2,0,3.0,0
15982,1113,1,alt1,1,1,8,6,7,9,15,30,1,1,2,0,3.0,0
15982,1114,1,alt1,1,1,8,7,7,8,30,15,0,1,2,0,3.0,0
15982,1115,1,alt1,1,1,7,9,8,6,30,30,0,2,2,0,3.0,0
15982,1116,2,alt2,1,1,6,8,8,6,15,60,1,1,2,0,3.0,0
16020,1117,2,alt2,1,1,203,172,29,31,30,30,1,0,4,1,3.0,0
16020,1118,2,alt2,1,1,105,140,33,29,60,15,0,2,4,1,3.0,0
16020,1119,1,alt1,1,1,119,140,34,29,15,30,2,0,4,1,3.0,0
16020,1120,2,alt2,1,1,179,152,35,38,60,60,2,1,4,1,3.0,0
16020,1121,1,alt1,1,1,119,148,42,36,30,60,0,0,4,1,3.0,0
16020,1122,1,alt1,1,1,148,126,27,31,15,60,1,1,4,1,3.0,0
16020,1123,2,alt2,1,1,104,148,33,27,60,15,0,0,4,1,3.0,0
16020,1124,2,alt2,1,1,104,148,35,32,60,30,0,1,4,1,3.0,0
16020,1125,1,alt1,1,1,142,203,33,29,30,60,2,0,4,1,3.0,0
16060,1126,1,alt1,1,1,110,158,47,41,15,60,1,1,1,0,3.0,0
16060,1127,2,alt2,1,1,134,178,59,45,60,15,1,0,1,0,3.0,0
16060,1128,1,alt1,1,1,130,117,39,45,30,60,0,2,1,0,3.0,0
16060,1129,1,alt1,1,1,144,122,39,50,60,15,0,0,1,0,3.0,0
16060,1130,2,alt2,1,1,142,158,45,41,15,15,0,0,1,0,3.0,0
16060,1131,2,alt2,1,1,129,144,45,41,30,15,1,0,1,0,3.0,0
16060,1132,2,alt2,1,1,104,130,49,41,15,15,2,2,1,0,3.0,0
16060,1133,2,alt2,1,1,130,98,45,50,60,30,2,2,1,0,3.0,0
16060,1134,1,alt1,1,1,86,123,67,52,15,30,1,2,1,0,3.0,0
16090,1135,1,alt1,1,1,5,3,1,2,15,15,1,2,2,1,1.0,0
16090,1136,2,alt2,1,1,3,4,2,1,60,60,2,0,2,1,1.0,0
16090,1137,2,alt2,1,1,4,3,1,2,60,15,0,0,2,1,1.0,0
16090,1138,2,alt2,1,1,4,5,2,1,15,15,2,1,2,1,1.0,0
16090,1139,2,alt2,1,1,3,5,2,1,60,30,2,0,2,1,1.0,0
16090,1140,1,alt1,1,1,4,3,1,2,15,30,1,1,2,1,1.0,0
16090,1141,1,alt1,1,1,4,3,1,2,30,15,0,1,2,1,1.0,0
16090,1142,2,alt2,1,1,5,4,1,2,30,30,2,0,2,1,1.0,0
16090,1143,2,alt2,1,1,4,3,1,2,60,15,1,1,2,1,1.0,0
16101,1144,2,alt2,1,1,27,20,13,14,60,15,2,1,4,1,1.0,0
16101,1145,1,alt1,1,1,25,20,13,18,60,60,1,1,4,1,1.0,0
16101,1146,2,alt2,1,1,19,25,14,13,30,60,2,0,4,1,1.0,0
16101,1147,2,alt2,1,1,20,27,18,13,15,30,1,0,4,1,1.0,0
16101,1148,1,alt1,1,1,19,27,15,13,15,30,1,2,4,1,1.0,0
16101,1149,1,alt1,1,1,29,21,16,22,15,30,2,2,4,1,1.0,0
16101,1150,1,alt1,1,1,22,29,15,13,60,15,0,2,4,1,1.0,0
16101,1151,1,alt1,1,1,36,27,16,19,30,15,0,1,4,1,1.0,0
16101,1152,2,alt2,1,1,18,25,14,13,30,15,1,1,4,1,1.0,0
16102,1153,2,alt2,1,1,35,30,4,5,30,30,1,0,2,1,1.0,0
16102,1154,2,alt2,1,1,24,18,4,5,15,60,2,0,2,1,1.0,0
16102,1155,2,alt2,1,1,21,24,5,4,15,30,2,0,2,1,1.0,0
16102,1156,2,alt2,1,1,31,26,4,5,60,60,2,1,2,1,1.0,0
16102,1157,1,alt1,1,1,21,26,5,4,30,60,0,0,2,1,1.0,0
16102,1158,2,alt2,1,1,22,26,4,3,60,15,1,1,2,1,1.0,0
16102,1159,1,alt1,1,1,26,18,3,4,15,60,0,0,2,1,1.0,0
16102,1160,2,alt2,1,1,18,26,5,4,60,30,0,1,2,1,1.0,0
16102,1161,1,alt1,1,1,35,25,4,5,60,30,0,2,2,1,1.0,0
16106,1162,2,alt2,1,1,12,14,3,2,30,30,0,1,1,0,3.0,0
16106,1163,1,alt1,1,1,10,7,2,3,15,60,2,0,1,0,3.0,0
16106,1164,2,alt2,1,1,8,10,3,2,15,30,2,0,1,0,3.0,0
16106,1165,2,alt2,1,1,11,13,4,3,60,60,1,2,1,0,3.0,0
16106,1166,2,alt2,1,1,8,10,4,3,30,60,0,0,1,0,3.0,0
16106,1167,2,alt2,1,1,9,10,3,2,60,15,1,1,1,0,3.0,0
16106,1168,2,alt2,1,1,7,10,3,2,60,15,0,0,1,0,3.0,0
16106,1169,2,alt2,1,1,7,10,3,2,60,30,0,1,1,0,3.0,0
16106,1170,2,alt2,1,1,10,14,3,2,30,60,2,0,1,0,3.0,0
16116,1171,1,alt1,1,1,15,22,7,6,15,60,1,1,4,1,3.0,0
16116,1172,1,alt1,1,1,25,19,7,9,15,60,0,1,4,1,3.0,0
16116,1173,2,alt2,1,1,16,18,7,6,60,30,2,0,4,1,3.0,0
16116,1174,1,alt1,1,1,17,20,8,6,15,60,0,0,4,1,3.0,0
16116,1175,2,alt2,1,1,20,22,7,6,15,15,0,0,4,1,3.0,0
16116,1176,1,alt1,1,1,20,18,6,7,15,30,0,1,4,1,3.0,0
16116,1177,1,alt1,1,1,14,18,8,6,15,15,2,2,4,1,3.0,0
16116,1178,2,alt2,1,1,18,14,7,8,60,30,2,2,4,1,3.0,0
16116,1179,2,alt2,1,1,17,12,8,11,30,15,2,1,4,1,3.0,0
16117,1180,1,alt1,1,1,130,185,188,163,15,60,1,1,3,0,3.0,0
16117,1181,1,alt1,1,1,209,157,181,235,15,60,0,1,3,0,3.0,0
16117,1182,1,alt1,1,1,153,138,155,178,30,60,0,2,3,0,3.0,0
16117,1183,2,alt2,1,1,144,169,201,155,15,60,0,0,3,0,3.0,0
16117,1184,1,alt1,1,1,185,167,163,180,15,15,0,0,3,0,3.0,0
16117,1185,2,alt2,1,1,152,169,180,163,30,15,1,0,3,0,3.0,0
16117,1186,2,alt2,1,1,153,122,163,196,15,15,2,2,3,0,3.0,0
16117,1187,2,alt2,1,1,153,115,181,199,60,30,2,2,3,0,3.0,0
16117,1188,2,alt2,1,1,145,101,206,268,30,15,2,1,3,0,3.0,0
16169,1189,1,alt1,1,1,6,8,8,6,30,15,1,0,0,0,2.0,0
16169,1190,2,alt2,1,1,5,7,8,7,60,30,2,1,0,0,2.0,0
16169,1191,2,alt2,1,1,9,6,5,7,15,15,2,0,0,0,2.0,0
16169,1192,1,alt1,1,1,6,5,7,8,30,30,1,0,0,0,2.0,0
16169,1193,1,alt1,1,1,7,6,7,10,15,30,0,1,0,0,2.0,0
16169,1194,1,alt1,1,1,5,6,7,6,15,15,2,2,0,0,2.0,0
16169,1195,1,alt1,1,1,5,6,6,5,30,30,1,2,0,0,2.0,0
16169,1196,1,alt1,1,1,5,6,9,6,15,60,0,1,0,0,2.0,0
16169,1197,1,alt1,1,1,7,6,7,9,15,15,1,2,0,0,2.0,0
16176,1198,2,alt2,1,1,32,43,15,13,15,15,2,1,4,0,1.0,0
16176,1199,2,alt2,1,1,23,33,14,10,60,60,2,0,4,0,1.0,0
16176,1200,2,alt2,1,1,35,25,13,15,60,15,0,0,4,0,1.0,0
16176,1201,2,alt2,1,1,38,48,11,10,15,15,2,1,4,0,1.0,0
16176,1202,2,alt2,1,1,32,43,13,10,60,30,2,0,4,0,1.0,0
16176,1203,1,alt1,1,1,26,35,14,10,30,15,1,1,4,0,1.0,0
16176,1204,2,alt2,1,1,39,31,12,13,30,15,0,1,4,0,1.0,0
16176,1205,2,alt2,1,1,43,34,10,13,30,30,2,0,4,0,1.0,0
16176,1206,1,alt1,1,1,29,39,12,10,15,60,1,1,4,0,1.0,0
16178,1207,1,alt1,1,1,114,162,59,49,30,15,1,0,0,1,3.0,0
16178,1208,1,alt1,1,1,148,104,56,62,30,60,1,2,0,1,3.0,0
16178,1209,2,alt2,1,1,183,128,42,57,15,15,2,0,0,1,3.0,0
16178,1210,1,alt1,1,1,127,95,54,65,30,30,1,0,0,1,3.0,0
16178,1211,2,alt2,1,1,134,114,56,76,15,30,0,1,0,1,3.0,0
16178,1212,2,alt2,1,1,108,127,57,49,15,15,2,2,0,1,3.0,0
16178,1213,1,alt1,1,1,114,127,49,42,30,30,1,2,0,1,3.0,0
16178,1214,2,alt2,1,1,114,127,67,49,15,60,0,1,0,1,3.0,0
16178,1215,2,alt2,1,1,121,134,70,54,15,15,2,1,0,1,3.0,0
16184,1216,2,alt2,1,1,129,90,78,94,15,30,0,1,1,1,4.0,1
16184,1217,2,alt2,1,1,82,118,98,89,60,30,2,1,1,1,4.0,1
16184,1218,2,alt2,1,1,102,146,90,67,15,15,0,2,1,1,4.0,1
16184,1219,2,alt2,1,1,76,101,103,85,30,30,0,1,1,1,4.0,1
16184,1220,2,alt2,1,1,90,106,120,89,30,15,1,0,1,1,4.0,1
16184,1221,2,alt2,1,1,86,101,90,78,15,15,2,2,1,1,4.0,1
16184,1222,1,alt1,1,1,101,91,67,77,30,30,2,1,1,1,4.0,1
16184,1223,2,alt2,1,1,101,91,78,105,60,15,1,0,1,1,4.0,1
16184,1224,2,alt2,1,1,96,106,111,85,15,15,2,1,1,1,4.0,1
16188,1225,2,alt2,1,1,18,13,2,3,60,15,1,1,0,0,1.0,0
16188,1226,2,alt2,1,1,16,21,3,2,60,15,1,0,0,0,1.0,0
16188,1227,2,alt2,1,1,14,15,3,2,60,30,2,0,0,0,1.0,0
16188,1228,2,alt2,1,1,17,14,2,3,60,15,0,0,0,0,1.0,0
16188,1229,2,alt2,1,1,17,18,3,2,15,15,0,0,0,0,1.0,0
16188,1230,1,alt1,1,1,17,15,2,3,15,30,0,1,0,0,1.0,0
16188,1231,2,alt2,1,1,12,15,3,2,15,15,2,2,0,0,1.0,0
16188,1232,1,alt1,1,1,11,15,3,2,30,60,2,2,0,0,1.0,0
16188,1233,2,alt2,1,1,14,10,3,4,30,15,2,1,0,0,1.0,0
16195,1234,2,alt2,1,1,26,19,3,4,60,15,1,1,0,0,3.0,0
16195,1235,2,alt2,1,1,22,30,5,4,60,15,1,0,0,0,3.0,0
16195,1236,2,alt2,1,1,20,22,4,3,60,30,2,0,0,0,3.0,0
16195,1237,1,alt1,1,1,21,24,4,3,15,60,0,0,0,0,3.0,0
16195,1238,2,alt2,1,1,24,26,4,3,15,15,0,0,0,0,3.0,0
16195,1239,2,alt2,1,1,22,24,4,3,30,15,1,0,0,0,3.0,0
16195,1240,2,alt2,1,1,22,17,3,4,15,15,2,2,0,0,3.0,0
16195,1241,2,alt2,1,1,22,16,4,5,60,30,2,2,0,0,3.0,0
16195,1242,2,alt2,1,1,21,14,4,5,30,15,2,1,0,0,3.0,0
16204,1243,1,alt1,1,1,37,28,13,15,15,15,1,2,2,0,3.0,0
16204,1244,2,alt2,1,1,20,29,14,10,60,60,2,0,2,0,3.0,0
16204,1245,1,alt1,1,1,21,30,15,13,15,60,0,0,2,0,3.0,0
16204,1246,2,alt2,1,1,33,42,11,10,15,15,2,1,2,0,3.0,0
16204,1247,1,alt1,1,1,37,28,10,13,30,60,0,2,2,0,3.0,0
16204,1248,1,alt1,1,1,30,23,10,14,15,30,1,1,2,0,3.0,0
16204,1249,2,alt2,1,1,27,34,13,12,15,30,1,0,2,0,3.0,0
16204,1250,2,alt2,1,1,37,29,10,13,30,30,2,0,2,0,3.0,0
16204,1251,2,alt2,1,1,34,25,10,12,60,15,1,1,2,0,3.0,0
16298,1252,1,alt1,1,1,44,31,8,9,15,30,0,1,1,1,3.0,0
16298,1253,1,alt1,1,1,40,28,9,10,30,60,1,2,1,1,3.0,0
16298,1254,2,alt2,1,1,49,35,7,9,15,15,2,0,1,1,3.0,0
16298,1255,1,alt1,1,1,26,34,10,9,30,30,0,1,1,1,3.0,0
16298,1256,1,alt1,1,1,36,31,9,12,15,30,0,1,1,1,3.0,0
16298,1257,1,alt1,1,1,29,34,9,8,15,15,2,2,1,1,3.0,0
16298,1258,1,alt1,1,1,34,31,7,8,30,30,2,1,1,1,3.0,0
16298,1259,1,alt1,1,1,34,31,8,11,60,15,1,0,1,1,3.0,0
16298,1260,1,alt1,1,1,36,32,9,11,15,15,1,2,1,1,3.0,0
16448,1261,1,alt1,1,1,18,21,2,1,30,30,0,1,1,0,2.0,0
16448,1262,2,alt2,1,1,11,14,2,1,60,15,0,2,1,0,2.0,0
16448,1263,2,alt2,1,1,14,12,1,2,30,15,0,2,1,0,2.0,0
16448,1264,1,alt1,1,1,16,18,3,2,60,60,1,2,1,0,2.0,0
16448,1265,1,alt1,1,1,12,15,3,2,30,60,0,0,1,0,2.0,0
16448,1266,2,alt2,1,1,13,15,2,1,60,15,1,1,1,0,2.0,0
16448,1267,1,alt1,1,1,15,11,1,2,15,60,0,0,1,0,2.0,0
16448,1268,1,alt1,1,1,15,11,2,3,30,60,1,0,1,0,2.0,0
16448,1269,2,alt2,1,1,21,15,1,2,60,30,0,2,1,0,2.0,0
16454,1270,1,alt1,1,1,22,31,5,4,15,60,1,1,3,0,4.0,1
16454,1271,1,alt1,1,1,35,26,5,6,15,60,0,1,3,0,4.0,1
16454,1272,1,alt1,1,1,26,23,4,5,30,60,0,2,3,0,4.0,1
16454,1273,1,alt1,1,1,24,28,5,4,15,60,0,0,3,0,4.0,1
16454,1274,2,alt2,1,1,31,28,4,5,15,15,0,0,3,0,4.0,1
16454,1275,2,alt2,1,1,26,28,5,4,30,15,1,0,3,0,4.0,1
16454,1276,2,alt2,1,1,26,21,4,5,15,15,2,2,3,0,4.0,1
16454,1277,2,alt2,1,1,26,19,5,6,60,30,2,2,3,0,4.0,1
16454,1278,2,alt2,1,1,24,17,6,7,30,15,2,1,3,0,4.0,1
16461,1279,2,alt2,1,1,35,30,5,6,30,30,1,0,0,0,1.0,0
16461,1280,2,alt2,1,1,18,24,6,5,60,15,0,2,0,0,1.0,0
16461,1281,2,alt2,1,1,21,24,6,5,15,30,2,0,0,0,1.0,0
16461,1282,2,alt2,1,1,31,26,6,7,60,60,2,1,0,0,1.0,0
16461,1283,2,alt2,1,1,26,21,6,7,60,30,0,0,0,0,1.0,0
16461,1284,1,alt1,1,1,26,22,5,6,15,60,1,1,0,0,1.0,0
16461,1285,1,alt1,1,1,26,18,5,6,15,60,0,0,0,0,1.0,0
16461,1286,1,alt1,1,1,26,18,5,6,30,60,1,0,0,0,1.0,0
16461,1287,2,alt2,1,1,25,35,6,5,30,60,2,0,0,0,1.0,0
16480,1288,1,alt1,1,1,95,127,39,34,15,15,2,1,3,1,1.0,0
16480,1289,1,alt1,1,1,69,99,35,27,60,60,2,0,3,1,1.0,0
16480,1290,1,alt1,1,1,73,105,37,32,15,60,0,0,3,1,1.0,0
16480,1291,2,alt2,1,1,143,114,25,28,15,15,1,2,3,1,1.0,0
16480,1292,1,alt1,1,1,95,127,34,25,60,30,2,0,3,1,1.0,0
16480,1293,1,alt1,1,1,78,105,35,27,30,15,1,1,3,1,1.0,0
16480,1294,1,alt1,1,1,92,115,34,30,15,30,1,0,3,1,1.0,0
16480,1295,1,alt1,1,1,101,127,33,25,30,30,0,2,3,1,1.0,0
16480,1296,1,alt1,1,1,87,115,30,25,15,60,1,1,3,1,1.0,0
16489,1297,2,alt2,1,1,54,38,12,14,60,15,1,1,1,0,3.0,0
16489,1298,1,alt1,1,1,46,61,17,13,60,15,1,0,1,0,3.0,0
16489,1299,2,alt2,1,1,40,45,13,11,60,30,2,0,1,0,3.0,0
16489,1300,2,alt2,1,1,42,49,15,11,15,60,0,0,1,0,3.0,0
16489,1301,1,alt1,1,1,49,54,13,12,15,15,0,0,1,0,3.0,0
16489,1302,1,alt1,1,1,49,44,12,13,15,30,0,1,1,0,3.0,0
16489,1303,2,alt2,1,1,45,36,12,14,15,15,2,2,1,0,3.0,0
16489,1304,2,alt2,1,1,33,45,14,13,30,60,2,2,1,0,3.0,0
16489,1305,1,alt1,1,1,42,30,15,20,30,15,2,1,1,0,3.0,0
16493,1306,1,alt1,1,1,48,64,11,10,15,15,2,1,0,0,1.0,0
16493,1307,1,alt1,1,1,35,50,10,8,60,60,2,0,0,0,1.0,0
16493,1308,2,alt2,1,1,53,37,9,11,60,15,0,0,0,0,1.0,0
16493,1309,2,alt2,1,1,73,58,7,8,15,15,1,2,0,0,1.0,0
16493,1310,2,alt2,1,1,48,64,10,7,60,30,2,0,0,0,1.0,0
16493,1311,2,alt2,1,1,53,40,8,10,15,30,1,1,0,0,1.0,0
16493,1312,2,alt2,1,1,59,47,9,10,30,15,0,1,0,0,1.0,0
16493,1313,2,alt2,1,1,64,52,7,9,30,30,2,0,0,0,1.0,0
16493,1314,2,alt2,1,1,59,44,7,9,60,15,1,1,0,0,1.0,0
16497,1315,1,alt1,1,1,44,63,8,7,15,60,1,1,0,0,3.0,0
16497,1316,1,alt1,1,1,72,54,8,11,15,60,0,1,0,0,3.0,0
16497,1317,2,alt2,1,1,47,52,8,7,60,30,2,0,0,0,3.0,0
16497,1318,1,alt1,1,1,49,58,9,7,15,60,0,0,0,0,3.0,0
16497,1319,1,alt1,1,1,63,57,7,8,15,15,0,0,0,0,3.0,0
16497,1320,1,alt1,1,1,58,52,7,8,15,30,0,1,0,0,3.0,0
16497,1321,2,alt2,1,1,52,42,7,9,15,15,2,2,0,0,3.0,0
16497,1322,2,alt2,1,1,52,39,8,9,60,30,2,2,0,0,3.0,0
16497,1323,2,alt2,1,1,50,35,9,12,30,15,2,1,0,0,3.0,0
16569,1324,1,alt1,1,1,55,65,9,8,30,30,0,1,3,0,4.0,1
16569,1325,1,alt1,1,1,45,34,8,9,15,60,2,0,3,0,4.0,1
16569,1326,2,alt2,1,1,45,38,8,9,30,15,0,2,3,0,4.0,1
16569,1327,2,alt2,1,1,58,49,9,10,60,60,2,1,3,0,4.0,1
16569,1328,2,alt2,1,1,48,38,9,11,60,30,0,0,3,0,4.0,1
16569,1329,2,alt2,1,1,40,48,8,7,60,15,1,1,3,0,4.0,1
16569,1330,2,alt2,1,1,48,33,7,9,15,60,0,0,3,0,4.0,1
16569,1331,1,alt1,1,1,33,48,9,8,60,30,0,1,3,0,4.0,1
16569,1332,2,alt2,1,1,65,46,8,9,60,30,0,2,3,0,4.0,1
16590,1333,1,alt1,1,1,59,41,23,27,15,30,0,1,3,1,3.0,0
16590,1334,2,alt2,1,1,37,54,28,26,60,30,2,1,3,1,3.0,0
16590,1335,1,alt1,1,1,46,66,26,19,15,15,0,2,3,1,3.0,0
16590,1336,2,alt2,1,1,46,34,25,30,30,30,1,0,3,1,3.0,0
16590,1337,1,alt1,1,1,48,41,26,35,15,30,0,1,3,1,3.0,0
16590,1338,1,alt1,1,1,46,39,23,26,15,15,2,2,3,1,3.0,0
16590,1339,2,alt2,1,1,46,41,19,22,30,30,2,1,3,1,3.0,0
16590,1340,1,alt1,1,1,41,46,30,23,15,60,0,1,3,1,3.0,0
16590,1341,1,alt1,1,1,48,44,25,32,15,15,1,2,3,1,3.0,0
16617,1342,2,alt2,1,1,327,385,69,62,30,30,0,1,1,1,3.0,0
16617,1343,2,alt2,1,1,200,266,72,62,60,15,0,2,1,1,3.0,0
16617,1344,1,alt1,1,1,266,226,62,75,30,15,0,2,1,1,3.0,0
16617,1345,1,alt1,1,1,289,340,83,76,60,60,1,2,1,1,3.0,0
16617,1346,1,alt1,1,1,281,225,79,91,60,30,0,0,1,1,3.0,0
16617,1347,1,alt1,1,1,281,239,59,68,15,60,1,1,1,1,3.0,0
16617,1348,2,alt2,1,1,281,197,59,71,15,60,0,0,1,1,3.0,0
16617,1349,1,alt1,1,1,197,281,76,69,60,30,0,1,1,1,3.0,0
16617,1350,1,alt1,1,1,269,385,72,62,30,60,2,0,1,1,3.0,0
16684,1351,1,alt1,1,1,95,127,43,39,15,60,1,2,3,0,1.0,0
16684,1352,2,alt2,1,1,121,96,41,56,60,60,1,1,3,0,1.0,0
16684,1353,2,alt2,1,1,121,90,39,43,60,30,0,2,3,0,1.0,0
16684,1354,1,alt1,1,1,95,127,56,41,15,30,1,0,3,0,1.0,0
16684,1355,2,alt2,1,1,127,89,41,45,30,15,2,1,3,0,1.0,0
16684,1356,2,alt2,1,1,141,98,50,68,15,30,2,2,3,0,1.0,0
16684,1357,1,alt1,1,1,106,141,48,41,60,15,0,2,3,0,1.0,0
16684,1358,2,alt2,1,1,174,131,50,58,30,15,0,1,3,0,1.0,0
16684,1359,2,alt2,1,1,121,84,39,45,15,30,1,1,3,0,1.0,0
16690,1360,1,alt1,1,1,34,46,4,3,15,60,1,2,4,0,1.0,0
16690,1361,1,alt1,1,1,35,43,4,3,60,60,1,1,4,0,1.0,0
16690,1362,1,alt1,1,1,43,32,3,4,60,30,0,2,4,0,1.0,0
16690,1363,1,alt1,1,1,34,46,4,3,15,30,1,0,4,0,1.0,0
16690,1364,1,alt1,1,1,32,46,4,3,15,30,1,2,4,0,1.0,0
16690,1365,2,alt2,1,1,35,50,5,4,30,15,2,2,4,0,1.0,0
16690,1366,2,alt2,1,1,50,38,3,4,15,60,2,0,4,0,1.0,0
16690,1367,2,alt2,1,1,62,47,4,5,30,15,0,1,4,0,1.0,0
16690,1368,2,alt2,1,1,43,30,3,4,15,30,1,1,4,0,1.0,0
16863,1369,1,alt1,1,1,7,10,6,5,15,60,1,2,0,1,3.0,0
16863,1370,2,alt2,1,1,7,9,7,5,60,60,1,1,0,1,3.0,0
16863,1371,1,alt1,1,1,9,7,5,6,60,30,0,2,0,1,3.0,0
16863,1372,1,alt1,1,1,10,7,5,7,30,15,0,1,0,1,3.0,0
16863,1373,1,alt1,1,1,7,10,6,5,15,30,1,2,0,1,3.0,0
16863,1374,2,alt2,1,1,7,11,9,6,30,15,2,2,0,1,3.0,0
16863,1375,1,alt1,1,1,8,11,6,5,60,15,0,2,0,1,3.0,0
16863,1376,1,alt1,1,1,13,10,6,7,30,15,0,1,0,1,3.0,0
16863,1377,2,alt2,1,1,6,9,6,5,30,15,1,1,0,1,3.0,0
16907,1378,2,alt2,1,1,8,12,3,2,30,15,1,0,0,0,1.0,0
16907,1379,2,alt2,1,1,7,11,3,2,60,30,2,1,0,0,1.0,0
16907,1380,1,alt1,1,1,9,13,2,1,15,15,0,2,0,0,1.0,0
16907,1381,1,alt1,1,1,7,9,3,2,30,30,0,1,0,0,1.0,0
16907,1382,2,alt2,1,1,8,10,3,2,30,15,1,0,0,0,1.0,0
16907,1383,2,alt2,1,1,8,9,3,2,15,15,2,2,0,0,1.0,0
16907,1384,2,alt2,1,1,9,8,1,2,30,30,2,1,0,0,1.0,0
16907,1385,2,alt2,1,1,9,8,2,3,60,15,1,0,0,0,1.0,0
16907,1386,2,alt2,1,1,9,10,3,2,15,15,2,1,0,0,1.0,0
16926,1387,1,alt1,1,1,85,121,42,35,30,15,1,0,0,0,3.0,0
16926,1388,1,alt1,1,1,110,77,40,44,30,60,1,2,0,0,3.0,0
16926,1389,1,alt1,1,1,96,137,41,30,15,15,0,2,0,0,3.0,0
16926,1390,2,alt2,1,1,95,71,39,46,30,30,1,0,0,0,3.0,0
16926,1391,1,alt1,1,1,85,100,54,40,30,15,1,0,0,0,3.0,0
16926,1392,1,alt1,1,1,80,95,40,35,15,15,2,2,0,0,3.0,0
16926,1393,1,alt1,1,1,85,95,35,30,30,30,1,2,0,0,3.0,0
16926,1394,2,alt2,1,1,95,85,35,47,60,15,1,0,0,0,3.0,0
16926,1395,2,alt2,1,1,90,100,50,39,15,15,2,1,0,0,3.0,0
16927,1396,2,alt2,1,1,56,39,15,18,15,30,0,1,3,1,4.0,1
16927,1397,1,alt1,1,1,51,36,17,19,30,60,1,2,3,1,4.0,1
16927,1398,2,alt2,1,1,64,45,13,17,15,15,2,0,3,1,4.0,1
16927,1399,1,alt1,1,1,33,44,20,17,30,30,0,1,3,1,4.0,1
16927,1400,1,alt1,1,1,47,40,17,23,15,30,0,1,3,1,4.0,1
16927,1401,2,alt2,1,1,37,44,17,15,15,15,2,2,3,1,4.0,1
16927,1402,1,alt1,1,1,40,44,15,13,30,30,1,2,3,1,4.0,1
16927,1403,2,alt2,1,1,44,40,15,20,60,15,1,0,3,1,4.0,1
16927,1404,1,alt1,1,1,47,42,17,22,15,15,1,2,3,1,4.0,1
16929,1405,1,alt1,1,1,39,29,13,15,15,15,1,2,0,0,1.0,0
16929,1406,1,alt1,1,1,21,31,14,10,60,60,2,0,0,0,1.0,0
16929,1407,2,alt2,1,1,32,23,13,15,60,15,0,0,0,0,1.0,0
16929,1408,2,alt2,1,1,35,44,11,10,15,15,2,1,0,0,1.0,0
16929,1409,2,alt2,1,1,29,39,13,10,60,30,2,0,0,0,1.0,0
16929,1410,2,alt2,1,1,24,32,14,10,30,15,1,1,0,0,1.0,0
16929,1411,1,alt1,1,1,29,36,13,12,15,30,1,0,0,0,1.0,0
16929,1412,1,alt1,1,1,31,39,13,10,30,30,0,2,0,0,1.0,0
16929,1413,1,alt1,1,1,27,36,12,10,15,60,1,1,0,0,1.0,0
16930,1414,1,alt1,1,1,39,29,6,7,15,15,1,2,0,0,3.0,0
16930,1415,2,alt2,1,1,21,31,7,5,60,60,2,0,0,0,3.0,0
16930,1416,1,alt1,1,1,23,32,7,6,15,60,0,0,0,0,3.0,0
16930,1417,1,alt1,1,1,44,35,5,6,15,15,1,2,0,0,3.0,0
16930,1418,1,alt1,1,1,39,29,5,7,30,60,0,2,0,0,3.0,0
16930,1419,1,alt1,1,1,32,24,5,7,15,30,1,1,0,0,3.0,0
16930,1420,1,alt1,1,1,29,36,7,6,15,30,1,0,0,0,3.0,0
16930,1421,1,alt1,1,1,31,39,6,5,30,30,0,2,0,0,3.0,0
16930,1422,2,alt2,1,1,36,27,5,6,60,15,1,1,0,0,3.0,0
16971,1423,2,alt2,1,1,47,35,8,9,60,15,2,1,1,0,1.0,0
16971,1424,1,alt1,1,1,44,35,9,12,60,60,1,1,1,0,1.0,0
16971,1425,1,alt1,1,1,44,33,8,9,60,30,0,2,1,0,1.0,0
16971,1426,2,alt2,1,1,35,47,12,9,15,30,1,0,1,0,1.0,0
16971,1427,1,alt1,1,1,33,47,10,9,15,30,1,2,1,0,1.0,0
16971,1428,2,alt2,1,1,36,51,14,10,30,15,2,2,1,0,1.0,0
16971,1429,1,alt1,1,1,51,39,9,10,15,60,2,0,1,0,1.0,0
16971,1430,2,alt2,1,1,64,48,10,12,30,15,0,1,1,0,1.0,0
16971,1431,1,alt1,1,1,31,44,9,8,30,15,1,1,1,0,1.0,0
16989,1432,1,alt1,1,1,31,36,6,5,30,30,0,1,0,0,1.0,0
16989,1433,2,alt2,1,1,25,19,5,6,15,60,2,0,0,0,1.0,0
16989,1434,1,alt1,1,1,25,21,5,6,30,15,0,2,0,0,1.0,0
16989,1435,1,alt1,1,1,27,32,7,6,60,60,1,2,0,0,1.0,0
16989,1436,1,alt1,1,1,27,21,7,8,60,30,0,0,0,0,1.0,0
16989,1437,1,alt1,1,1,27,23,5,6,15,60,1,1,0,0,1.0,0
16989,1438,1,alt1,1,1,19,27,6,5,60,15,0,0,0,0,1.0,0
16989,1439,2,alt2,1,1,27,19,6,7,30,60,1,0,0,0,1.0,0
16989,1440,1,alt1,1,1,36,25,5,6,60,30,0,2,0,0,1.0,0
17037,1441,2,alt2,1,1,26,22,8,9,30,30,1,0,2,1,3.0,0
17037,1442,2,alt2,1,1,18,14,8,9,15,60,2,0,2,1,3.0,0
17037,1443,2,alt2,1,1,15,18,10,8,15,30,2,0,2,1,3.0,0
17037,1444,1,alt1,1,1,20,23,11,10,60,60,1,2,2,1,3.0,0
17037,1445,1,alt1,1,1,15,19,12,10,30,60,0,0,2,1,3.0,0
17037,1446,2,alt2,1,1,16,19,9,8,60,15,1,1,2,1,3.0,0
17037,1447,1,alt1,1,1,19,13,8,9,15,60,0,0,2,1,3.0,0
17037,1448,1,alt1,1,1,13,19,10,9,60,30,0,1,2,1,3.0,0
17037,1449,2,alt2,1,1,26,18,8,9,60,30,0,2,2,1,3.0,0
17107,1450,2,alt2,1,1,6,4,1,2,15,15,1,2,0,0,1.0,0
17107,1451,1,alt1,1,1,5,3,1,2,60,60,0,2,0,0,1.0,0
17107,1452,2,alt2,1,1,5,3,1,2,60,15,0,0,0,0,1.0,0
17107,1453,2,alt2,1,1,5,7,2,1,15,15,2,1,0,0,1.0,0
17107,1454,1,alt1,1,1,6,4,1,2,30,60,0,2,0,0,1.0,0
17107,1455,1,alt1,1,1,5,4,1,2,15,30,1,1,0,0,1.0,0
17107,1456,1,alt1,1,1,5,4,1,2,30,15,0,1,0,0,1.0,0
17107,1457,1,alt1,1,1,5,6,2,1,30,30,0,2,0,0,1.0,0
17107,1458,2,alt2,1,1,5,4,1,2,60,15,1,1,0,0,1.0,0
17159,1459,1,alt1,1,1,14,20,4,3,15,60,1,1,0,0,1.0,0
17159,1460,2,alt2,1,1,17,22,4,3,60,15,1,0,0,0,1.0,0
17159,1461,1,alt1,1,1,16,15,3,4,30,60,0,2,0,0,1.0,0
17159,1462,2,alt2,1,1,18,15,3,4,60,15,0,0,0,0,1.0,0
17159,1463,2,alt2,1,1,18,20,4,3,15,15,0,0,0,0,1.0,0
17159,1464,1,alt1,1,1,18,16,3,4,15,30,0,1,0,0,1.0,0
17159,1465,2,alt2,1,1,13,16,4,3,15,15,2,2,0,0,1.0,0
17159,1466,1,alt1,1,1,12,16,4,3,30,60,2,2,0,0,1.0,0
17159,1467,1,alt1,1,1,11,15,5,3,15,30,1,2,0,0,1.0,0
17169,1468,2,alt2,1,1,23,31,9,8,15,15,2,1,1,0,3.0,0
17169,1469,2,alt2,1,1,17,24,8,6,60,60,2,0,1,0,3.0,0
17169,1470,2,alt2,1,1,26,18,7,9,60,15,0,0,1,0,3.0,0
17169,1471,2,alt2,1,1,28,35,7,6,15,15,2,1,1,0,3.0,0
17169,1472,2,alt2,1,1,23,31,8,6,60,30,2,0,1,0,3.0,0
17169,1473,1,alt1,1,1,19,26,8,6,30,15,1,1,1,0,3.0,0
17169,1474,2,alt2,1,1,23,28,8,7,15,30,1,0,1,0,3.0,0
17169,1475,2,alt2,1,1,31,25,6,8,30,30,2,0,1,0,3.0,0
17169,1476,1,alt1,1,1,21,28,7,6,15,60,1,1,1,0,3.0,0
17177,1477,1,alt1,1,1,92,131,29,24,30,15,1,0,1,0,4.0,1
17177,1478,2,alt2,1,1,120,84,27,30,30,60,1,2,1,0,4.0,1
17177,1479,2,alt2,1,1,148,104,21,28,15,15,2,0,1,0,4.0,1
17177,1480,2,alt2,1,1,103,77,26,31,30,30,1,0,1,0,4.0,1
17177,1481,1,alt1,1,1,108,92,27,37,15,30,0,1,1,0,4.0,1
17177,1482,2,alt2,1,1,103,87,24,28,15,15,2,2,1,0,4.0,1
17177,1483,2,alt2,1,1,103,92,21,24,30,30,2,1,1,0,4.0,1
17177,1484,2,alt2,1,1,103,92,24,32,60,15,1,0,1,0,4.0,1
17177,1485,2,alt2,1,1,97,108,34,26,15,15,2,1,1,0,4.0,1
17187,1486,1,alt1,1,1,274,233,41,45,30,30,1,0,1,0,3.0,0
17187,1487,2,alt2,1,1,190,142,41,47,15,60,2,0,1,0,3.0,0
17187,1488,2,alt2,1,1,161,190,49,41,15,30,2,0,1,0,3.0,0
17187,1489,2,alt2,1,1,243,206,49,54,60,60,2,1,1,0,3.0,0
17187,1490,2,alt2,1,1,200,160,52,59,60,30,0,0,1,0,3.0,0
17187,1491,2,alt2,1,1,170,200,45,39,60,15,1,1,1,0,3.0,0
17187,1492,1,alt1,1,1,200,140,39,46,15,60,0,0,1,0,3.0,0
17187,1493,2,alt2,1,1,200,140,45,50,30,60,1,0,1,0,3.0,0
17187,1494,1,alt1,1,1,274,192,41,47,60,30,0,2,1,0,3.0,0
17190,1495,1,alt1,1,1,12,9,2,3,15,15,1,2,0,0,1.0,0
17190,1496,1,alt1,1,1,9,6,1,2,60,60,0,2,0,0,1.0,0
17190,1497,2,alt2,1,1,10,7,1,2,60,15,0,0,0,0,1.0,0
17190,1498,1,alt1,1,1,13,10,1,2,15,15,1,2,0,0,1.0,0
17190,1499,2,alt2,1,1,9,12,2,1,60,30,2,0,0,0,1.0,0
17190,1500,1,alt1,1,1,10,7,1,2,15,30,1,1,0,0,1.0,0
17190,1501,2,alt2,1,1,8,11,2,1,15,30,1,0,0,0,1.0,0
17190,1502,2,alt2,1,1,9,12,2,1,30,30,0,2,0,0,1.0,0
17190,1503,1,alt1,1,1,8,11,2,1,15,60,1,1,0,0,1.0,0
17230,1504,2,alt2,1,1,82,57,25,29,60,15,1,1,0,0,3.0,0
17230,1505,1,alt1,1,1,92,69,28,36,15,60,0,1,0,0,3.0,0
17230,1506,2,alt2,1,1,61,67,27,24,60,30,2,0,0,0,3.0,0
17230,1507,2,alt2,1,1,75,63,24,31,60,15,0,0,0,0,3.0,0
17230,1508,2,alt2,1,1,73,82,28,25,15,15,0,0,0,0,3.0,0
17230,1509,2,alt2,1,1,67,75,28,25,30,15,1,0,0,0,3.0,0
17230,1510,1,alt1,1,1,67,54,25,30,15,15,2,2,0,0,3.0,0
17230,1511,1,alt1,1,1,51,67,31,28,30,60,2,2,0,0,3.0,0
17230,1512,2,alt2,1,1,64,45,32,41,30,15,2,1,0,0,3.0,0
17443,1513,2,alt2,1,1,94,71,20,22,60,15,2,1,0,0,3.0,0
17443,1514,1,alt1,1,1,89,71,22,29,60,60,1,1,0,0,3.0,0
17443,1515,1,alt1,1,1,89,67,20,22,60,30,0,2,0,0,3.0,0
17443,1516,1,alt1,1,1,94,71,22,29,30,15,0,1,0,0,3.0,0
17443,1517,1,alt1,1,1,66,94,24,22,15,30,1,2,0,0,3.0,0
17443,1518,2,alt2,1,1,73,104,35,26,30,15,2,2,0,0,3.0,0
17443,1519,1,alt1,1,1,78,104,25,22,60,15,0,2,0,0,3.0,0
17443,1520,2,alt2,1,1,129,97,26,30,30,15,0,1,0,0,3.0,0
17443,1521,2,alt2,1,1,89,62,20,23,15,30,1,1,0,0,3.0,0
17525,1522,1,alt1,1,1,18,25,2,1,15,60,1,1,3,1,1.0,0
17525,1523,2,alt2,1,1,21,29,3,2,60,15,1,0,3,1,1.0,0
17525,1524,1,alt1,1,1,21,19,1,2,30,60,0,2,3,1,1.0,0
17525,1525,1,alt1,1,1,20,23,2,1,15,60,0,0,3,1,1.0,0
17525,1526,1,alt1,1,1,25,23,1,2,15,15,0,0,3,1,1.0,0
17525,1527,2,alt2,1,1,21,23,2,1,30,15,1,0,3,1,1.0,0
17525,1528,2,alt2,1,1,21,17,1,2,15,15,2,2,3,1,1.0,0
17525,1529,1,alt1,1,1,16,21,3,2,30,60,2,2,3,1,1.0,0
17525,1530,2,alt2,1,1,20,14,2,3,30,15,2,1,3,1,1.0,0
17600,1531,1,alt1,1,1,98,73,40,46,15,15,1,2,1,0,3.0,0
17600,1532,1,alt1,1,1,77,54,31,41,60,60,0,2,1,0,3.0,0
17600,1533,2,alt2,1,1,81,57,38,44,60,15,0,0,1,0,3.0,0
17600,1534,1,alt1,1,1,88,110,33,30,15,15,2,1,1,0,3.0,0
17600,1535,1,alt1,1,1,98,73,30,40,30,60,0,2,1,0,3.0,0
17600,1536,2,alt2,1,1,61,81,41,31,30,15,1,1,1,0,3.0,0
17600,1537,2,alt2,1,1,71,89,40,35,15,30,1,0,1,0,3.0,0
17600,1538,1,alt1,1,1,78,98,39,30,30,30,0,2,1,0,3.0,0
17600,1539,2,alt2,1,1,89,67,30,36,60,15,1,1,1,0,3.0,0
17609,1540,1,alt1,1,1,57,82,23,19,30,15,1,0,1,1,3.0,0
17609,1541,1,alt1,1,1,75,52,22,24,30,60,1,2,1,1,3.0,0
17609,1542,2,alt2,1,1,92,65,17,22,15,15,2,0,1,1,3.0,0
17609,1543,1,alt1,1,1,48,64,26,21,30,30,0,1,1,1,3.0,0
17609,1544,2,alt2,1,1,57,67,30,22,30,15,1,0,1,1,3.0,0
17609,1545,1,alt1,1,1,64,54,19,22,15,15,2,2,1,1,3.0,0
17609,1546,2,alt2,1,1,64,58,17,19,30,30,2,1,1,1,3.0,0
17609,1547,1,alt1,1,1,58,64,26,19,15,60,0,1,1,1,3.0,0
17609,1548,1,alt1,1,1,67,61,21,28,15,15,1,2,1,1,3.0,0
17645,1549,2,alt2,1,1,48,41,6,7,30,30,1,0,2,1,3.0,0
17645,1550,2,alt2,1,1,25,33,7,6,60,15,0,2,2,1,3.0,0
17645,1551,2,alt2,1,1,28,33,7,6,15,30,2,0,2,1,3.0,0
17645,1552,1,alt1,1,1,36,43,8,7,60,60,1,2,2,1,3.0,0
17645,1553,2,alt2,1,1,35,28,7,9,60,30,0,0,2,1,3.0,0
17645,1554,2,alt2,1,1,35,30,6,7,15,60,1,1,2,1,3.0,0
17645,1555,2,alt2,1,1,35,25,6,7,15,60,0,0,2,1,3.0,0
17645,1556,2,alt2,1,1,25,35,8,7,60,30,0,1,2,1,3.0,0
17645,1557,2,alt2,1,1,48,34,6,7,60,30,0,2,2,1,3.0,0
17655,1558,2,alt2,1,1,62,83,37,32,15,15,2,1,4,0,3.0,0
17655,1559,2,alt2,1,1,45,65,33,26,60,60,2,0,4,0,3.0,0
17655,1560,1,alt1,1,1,48,68,36,31,15,60,0,0,4,0,3.0,0
17655,1561,1,alt1,1,1,94,75,24,27,15,15,1,2,4,0,3.0,0
17655,1562,2,alt2,1,1,62,83,33,24,60,30,2,0,4,0,3.0,0
17655,1563,1,alt1,1,1,51,68,33,26,30,15,1,1,4,0,3.0,0
17655,1564,2,alt2,1,1,60,76,33,28,15,30,1,0,4,0,3.0,0
17655,1565,1,alt1,1,1,66,83,32,24,30,30,0,2,4,0,3.0,0
17655,1566,1,alt1,1,1,57,76,29,24,15,60,1,1,4,0,3.0,0
17669,1567,1,alt1,1,1,2,3,2,1,15,60,1,2,1,0,3.0,0
17669,1568,2,alt2,1,1,2,3,2,1,60,60,1,1,1,0,3.0,0
17669,1569,2,alt2,1,1,2,3,2,1,30,60,2,0,1,0,3.0,0
17669,1570,2,alt2,1,1,2,3,2,1,15,30,1,0,1,0,3.0,0
17669,1571,2,alt2,1,1,3,2,1,2,30,15,2,1,1,0,3.0,0
17669,1572,2,alt2,1,1,2,3,2,1,30,15,2,2,1,0,3.0,0
17669,1573,2,alt2,1,1,3,2,1,2,15,60,2,0,1,0,3.0,0
17669,1574,1,alt1,1,1,4,3,1,2,30,15,0,1,1,0,3.0,0
17669,1575,1,alt1,1,1,3,2,1,2,15,30,1,1,1,0,3.0,0
17710,1576,2,alt2,1,1,35,46,13,11,15,15,2,1,1,0,1.0,0
17710,1577,1,alt1,1,1,36,25,9,11,60,60,0,2,1,0,1.0,0
17710,1578,2,alt2,1,1,38,27,10,12,60,15,0,0,1,0,1.0,0
17710,1579,1,alt1,1,1,52,42,8,9,15,15,1,2,1,0,1.0,0
17710,1580,2,alt2,1,1,35,46,11,8,60,30,2,0,1,0,1.0,0
17710,1581,1,alt1,1,1,38,29,9,11,15,30,1,1,1,0,1.0,0
17710,1582,2,alt2,1,1,42,34,10,11,30,15,0,1,1,0,1.0,0
17710,1583,2,alt2,1,1,46,37,8,11,30,30,2,0,1,0,1.0,0
17710,1584,1,alt1,1,1,32,42,10,8,15,60,1,1,1,0,1.0,0
17717,1585,2,alt2,1,1,82,57,14,16,60,15,1,1,1,1,3.0,0
17717,1586,1,alt1,1,1,92,69,16,21,15,60,0,1,1,1,3.0,0
17717,1587,2,alt2,1,1,61,67,16,14,60,30,2,0,1,1,3.0,0
17717,1588,1,alt1,1,1,75,63,14,18,60,15,0,0,1,1,3.0,0
17717,1589,1,alt1,1,1,82,73,14,16,15,15,0,0,1,1,3.0,0
17717,1590,1,alt1,1,1,75,67,14,16,15,30,0,1,1,1,3.0,0
17717,1591,2,alt2,1,1,54,67,17,14,15,15,2,2,1,1,3.0,0
17717,1592,1,alt1,1,1,51,67,17,16,30,60,2,2,1,1,3.0,0
17717,1593,1,alt1,1,1,64,45,18,24,30,15,2,1,1,1,3.0,0
17727,1594,1,alt1,1,1,57,82,16,14,15,60,1,1,0,1,3.0,0
17727,1595,2,alt2,1,1,92,69,16,21,15,60,0,1,0,1,3.0,0
17727,1596,1,alt1,1,1,67,61,14,16,30,60,0,2,0,1,3.0,0
17727,1597,1,alt1,1,1,63,75,18,14,15,60,0,0,0,1,3.0,0
17727,1598,1,alt1,1,1,73,82,16,14,15,15,0,0,0,1,3.0,0
17727,1599,2,alt2,1,1,67,75,16,14,30,15,1,0,0,1,3.0,0
17727,1600,2,alt2,1,1,67,54,14,17,15,15,2,2,0,1,3.0,0
17727,1601,1,alt1,1,1,51,67,17,16,30,60,2,2,0,1,3.0,0
17727,1602,1,alt1,1,1,45,64,24,18,15,30,1,2,0,1,3.0,0
17739,1603,1,alt1,1,1,205,143,59,71,15,30,0,1,2,0,3.0,0
17739,1604,2,alt2,1,1,131,187,74,67,60,30,2,1,2,0,3.0,0
17739,1605,2,alt2,1,1,231,162,50,68,15,15,2,0,2,0,3.0,0
17739,1606,1,alt1,1,1,120,160,77,64,30,30,0,1,2,0,3.0,0
17739,1607,1,alt1,1,1,169,144,67,91,15,30,0,1,2,0,3.0,0
17739,1608,1,alt1,1,1,160,136,59,68,15,15,2,2,2,0,3.0,0
17739,1609,2,alt2,1,1,160,144,50,58,30,30,2,1,2,0,3.0,0
17739,1610,1,alt1,1,1,160,144,59,79,60,15,1,0,2,0,3.0,0
17739,1611,2,alt2,1,1,152,169,84,64,15,15,2,1,2,0,3.0,0
17779,1612,1,alt1,1,1,41,55,21,19,15,60,1,2,1,1,3.0,0
17779,1613,1,alt1,1,1,52,42,20,27,60,60,1,1,1,1,3.0,0
17779,1614,1,alt1,1,1,52,39,19,21,60,30,0,2,1,1,3.0,0
17779,1615,2,alt2,1,1,41,55,27,20,15,30,1,0,1,1,3.0,0
17779,1616,2,alt2,1,1,55,39,20,22,30,15,2,1,1,1,3.0,0
17779,1617,1,alt1,1,1,61,43,24,32,15,30,2,2,1,1,3.0,0
17779,1618,2,alt2,1,1,61,46,20,23,15,60,2,0,1,1,3.0,0
17779,1619,1,alt1,1,1,75,57,24,28,30,15,0,1,1,1,3.0,0
17779,1620,2,alt2,1,1,37,52,22,19,30,15,1,1,1,1,3.0,0
17788,1621,2,alt2,1,1,91,122,27,24,15,15,2,1,1,0,3.0,0
17788,1622,2,alt2,1,1,67,95,24,19,60,60,2,0,1,0,3.0,0
17788,1623,1,alt1,1,1,70,101,26,23,15,60,0,0,1,0,3.0,0
17788,1624,2,alt2,1,1,110,138,20,18,15,15,2,1,1,0,3.0,0
17788,1625,2,alt2,1,1,91,122,24,18,60,30,2,0,1,0,3.0,0
17788,1626,2,alt2,1,1,76,101,24,19,30,15,1,1,1,0,3.0,0
17788,1627,1,alt1,1,1,89,111,24,21,15,30,1,0,1,0,3.0,0
17788,1628,2,alt2,1,1,122,98,18,23,30,30,2,0,1,0,3.0,0
17788,1629,1,alt1,1,1,83,111,21,18,15,60,1,1,1,0,3.0,0
17834,1630,1,alt1,1,1,40,47,5,4,30,30,0,1,1,0,1.0,0
17834,1631,1,alt1,1,1,24,32,5,4,60,15,0,2,1,0,1.0,0
17834,1632,1,alt1,1,1,32,28,4,5,30,15,0,2,1,0,1.0,0
17834,1633,2,alt2,1,1,41,35,5,6,60,60,2,1,1,0,1.0,0
17834,1634,2,alt2,1,1,34,27,5,6,60,30,0,0,1,0,1.0,0
17834,1635,1,alt1,1,1,34,29,4,5,15,60,1,1,1,0,1.0,0
17834,1636,2,alt2,1,1,24,34,5,4,60,15,0,0,1,0,1.0,0
17834,1637,1,alt1,1,1,24,34,5,4,60,30,0,1,1,0,1.0,0
17834,1638,2,alt2,1,1,33,47,5,4,30,60,2,0,1,0,1.0,0
17876,1639,2,alt2,1,1,55,78,30,25,30,15,1,0,2,1,3.0,0
17876,1640,1,alt1,1,1,71,50,29,32,30,60,1,2,2,1,3.0,0
17876,1641,1,alt1,1,1,62,88,29,22,15,15,0,2,2,1,3.0,0
17876,1642,2,alt2,1,1,61,46,28,33,30,30,1,0,2,1,3.0,0
17876,1643,1,alt1,1,1,65,55,29,39,15,30,0,1,2,1,3.0,0
17876,1644,2,alt2,1,1,61,52,25,29,15,15,2,2,2,1,3.0,0
17876,1645,2,alt2,1,1,61,55,22,25,30,30,2,1,2,1,3.0,0
17876,1646,1,alt1,1,1,55,61,34,25,15,60,0,1,2,1,3.0,0
17876,1647,2,alt2,1,1,58,65,36,28,15,15,2,1,2,1,3.0,0
17906,1648,2,alt2,1,1,14,11,5,6,60,15,2,1,1,0,2.0,0
17906,1649,2,alt2,1,1,11,14,7,5,60,60,1,1,1,0,2.0,0
17906,1650,2,alt2,1,1,10,14,6,5,30,60,2,0,1,0,2.0,0
17906,1651,1,alt1,1,1,14,11,5,7,30,15,0,1,1,0,2.0,0
17906,1652,1,alt1,1,1,10,14,6,5,15,30,1,2,1,0,2.0,0
17906,1653,2,alt2,1,1,11,16,8,6,30,15,2,2,1,0,2.0,0
17906,1654,1,alt1,1,1,12,16,6,5,60,15,0,2,1,0,2.0,0
17906,1655,2,alt2,1,1,15,20,7,6,15,30,1,0,1,0,2.0,0
17906,1656,1,alt1,1,1,9,14,6,5,30,15,1,1,1,0,2.0,0
17926,1657,1,alt1,1,1,46,61,9,8,15,15,2,1,0,0,3.0,0
17926,1658,1,alt1,1,1,48,33,6,8,60,60,0,2,0,0,3.0,0
17926,1659,2,alt2,1,1,50,35,7,9,60,15,0,0,0,0,3.0,0
17926,1660,1,alt1,1,1,69,55,6,7,15,15,1,2,0,0,3.0,0
17926,1661,2,alt2,1,1,46,61,8,6,60,30,2,0,0,0,3.0,0
17926,1662,1,alt1,1,1,50,38,6,8,15,30,1,1,0,0,3.0,0
17926,1663,1,alt1,1,1,45,56,8,7,15,30,1,0,0,0,3.0,0
17926,1664,1,alt1,1,1,49,61,8,6,30,30,0,2,0,0,3.0,0
17926,1665,2,alt2,1,1,56,42,6,7,60,15,1,1,0,0,3.0,0
17937,1666,1,alt1,1,1,64,91,22,19,15,60,1,1,1,1,3.0,0
17937,1667,2,alt2,1,1,103,77,22,28,15,60,0,1,1,1,3.0,0
17937,1668,2,alt2,1,1,68,75,21,18,60,30,2,0,1,1,3.0,0
17937,1669,2,alt2,1,1,83,71,18,24,60,15,0,0,1,1,3.0,0
17937,1670,2,alt2,1,1,91,82,19,21,15,15,0,0,1,1,3.0,0
17937,1671,2,alt2,1,1,75,83,21,19,30,15,1,0,1,1,3.0,0
17937,1672,2,alt2,1,1,60,75,23,19,15,15,2,2,1,1,3.0,0
17937,1673,2,alt2,1,1,75,56,22,24,60,30,2,2,1,1,3.0,0
17937,1674,2,alt2,1,1,50,71,32,25,15,30,1,2,1,1,3.0,0
17971,1675,1,alt1,1,1,151,105,75,90,15,30,0,1,2,1,3.0,0
17971,1676,2,alt2,1,1,96,138,95,86,60,30,2,1,2,1,3.0,0
17971,1677,1,alt1,1,1,119,170,87,65,15,15,0,2,2,1,3.0,0
17971,1678,1,alt1,1,1,88,118,99,83,30,30,0,1,2,1,3.0,0
17971,1679,1,alt1,1,1,124,106,86,116,15,30,0,1,2,1,3.0,0
17971,1680,2,alt2,1,1,100,118,87,75,15,15,2,2,2,1,3.0,0
17971,1681,2,alt2,1,1,118,106,65,74,30,30,2,1,2,1,3.0,0
17971,1682,1,alt1,1,1,106,118,102,75,15,60,0,1,2,1,3.0,0
17971,1683,2,alt2,1,1,112,124,107,83,15,15,2,1,2,1,3.0,0
17975,1684,2,alt2,1,1,82,61,28,31,60,15,2,1,1,0,3.0,0
17975,1685,2,alt2,1,1,62,77,40,30,60,60,1,1,1,0,3.0,0
17975,1686,1,alt1,1,1,77,58,28,31,60,30,0,2,1,0,3.0,0
17975,1687,2,alt2,1,1,82,61,30,40,30,15,0,1,1,0,3.0,0
17975,1688,2,alt2,1,1,82,57,30,33,30,15,2,1,1,0,3.0,0
17975,1689,2,alt2,1,1,63,90,49,36,30,15,2,2,1,0,3.0,0
17975,1690,1,alt1,1,1,68,90,34,30,60,15,0,2,1,0,3.0,0
17975,1691,2,alt2,1,1,112,84,36,42,30,15,0,1,1,0,3.0,0
17975,1692,2,alt2,1,1,77,54,28,33,15,30,1,1,1,0,3.0,0
18040,1693,2,alt2,1,1,9,6,1,2,60,15,2,1,4,0,3.0,0
18040,1694,1,alt1,1,1,8,6,1,2,60,60,1,1,4,0,3.0,0
18040,1695,1,alt1,1,1,8,6,1,2,60,30,0,2,4,0,3.0,0
18040,1696,1,alt1,1,1,9,6,1,2,30,15,0,1,4,0,3.0,0
18040,1697,2,alt2,1,1,9,6,1,2,30,15,2,1,4,0,3.0,0
18040,1698,1,alt1,1,1,9,7,1,2,15,30,2,2,4,0,3.0,0
18040,1699,2,alt2,1,1,7,9,2,1,60,15,0,2,4,0,3.0,0
18040,1700,1,alt1,1,1,12,9,1,2,30,15,0,1,4,0,3.0,0
18040,1701,2,alt2,1,1,6,8,2,1,30,15,1,1,4,0,3.0,0
18219,1702,1,alt1,1,1,33,23,11,13,15,30,0,1,3,1,1.0,0
18219,1703,2,alt2,1,1,21,30,14,13,60,30,2,1,3,1,1.0,0
18219,1704,1,alt1,1,1,38,26,9,13,15,15,2,0,3,1,1.0,0
18219,1705,1,alt1,1,1,26,20,12,14,30,30,1,0,3,1,1.0,0
18219,1706,1,alt1,1,1,28,23,13,17,15,30,0,1,3,1,1.0,0
18219,1707,1,alt1,1,1,26,22,11,13,15,15,2,2,3,1,1.0,0
18219,1708,1,alt1,1,1,26,23,9,11,30,30,2,1,3,1,1.0,0
18219,1709,2,alt2,1,1,23,26,15,11,15,60,0,1,3,1,1.0,0
18219,1710,1,alt1,1,1,28,25,12,16,15,15,1,2,3,1,1.0,0
18251,1711,2,alt2,1,1,33,23,6,7,60,15,1,1,3,0,1.0,0
18251,1712,1,alt1,1,1,38,28,7,9,15,60,0,1,3,0,1.0,0
18251,1713,1,alt1,1,1,28,25,6,7,30,60,0,2,3,0,1.0,0
18251,1714,1,alt1,1,1,26,30,8,6,15,60,0,0,3,0,1.0,0
18251,1715,1,alt1,1,1,33,30,6,7,15,15,0,0,3,0,1.0,0
18251,1716,2,alt2,1,1,27,30,7,6,30,15,1,0,3,0,1.0,0
18251,1717,1,alt1,1,1,22,28,8,6,15,15,2,2,3,0,1.0,0
18251,1718,2,alt2,1,1,28,21,7,8,60,30,2,2,3,0,1.0,0
18251,1719,1,alt1,1,1,18,26,10,8,15,30,1,2,3,0,1.0,0
18255,1720,2,alt2,1,1,31,24,5,6,60,15,2,1,1,0,3.0,0
18255,1721,1,alt1,1,1,24,30,6,5,60,60,1,1,1,0,3.0,0
18255,1722,2,alt2,1,1,22,30,6,5,30,60,2,0,1,0,3.0,0
18255,1723,2,alt2,1,1,24,31,6,5,15,30,1,0,1,0,3.0,0
18255,1724,1,alt1,1,1,22,31,6,5,15,30,1,2,1,0,3.0,0
18255,1725,2,alt2,1,1,24,35,8,6,30,15,2,2,1,0,3.0,0
18255,1726,2,alt2,1,1,35,26,5,6,15,60,2,0,1,0,3.0,0
18255,1727,1,alt1,1,1,32,43,7,6,15,30,1,0,1,0,3.0,0
18255,1728,2,alt2,1,1,21,30,6,5,30,15,1,1,1,0,3.0,0
18272,1729,2,alt2,1,1,71,53,22,25,15,15,1,2,2,1,3.0,0
18272,1730,1,alt1,1,1,39,56,22,17,60,60,2,0,2,1,3.0,0
18272,1731,2,alt2,1,1,59,41,21,24,60,15,0,0,2,1,3.0,0
18272,1732,2,alt2,1,1,81,64,16,18,15,15,1,2,2,1,3.0,0
18272,1733,1,alt1,1,1,53,71,22,16,60,30,2,0,2,1,3.0,0
18272,1734,2,alt2,1,1,59,44,17,22,15,30,1,1,2,1,3.0,0
18272,1735,1,alt1,1,1,52,65,22,19,15,30,1,0,2,1,3.0,0
18272,1736,2,alt2,1,1,71,57,16,21,30,30,2,0,2,1,3.0,0
18272,1737,1,alt1,1,1,49,65,19,16,15,60,1,1,2,1,3.0,0
18509,1738,2,alt2,1,1,22,15,4,5,60,15,1,1,2,0,2.0,0
18509,1739,1,alt1,1,1,25,19,4,5,15,60,0,1,2,0,2.0,0
18509,1740,1,alt1,1,1,18,16,3,4,30,60,0,2,2,0,2.0,0
18509,1741,1,alt1,1,1,17,20,4,3,15,60,0,0,2,0,2.0,0
18509,1742,1,alt1,1,1,22,20,4,5,15,15,0,0,2,0,2.0,0
18509,1743,2,alt2,1,1,18,20,5,4,30,15,1,0,2,0,2.0,0
18509,1744,2,alt2,1,1,14,18,5,4,15,15,2,2,2,0,2.0,0
18509,1745,2,alt2,1,1,18,14,4,5,60,30,2,2,2,0,2.0,0
18509,1746,1,alt1,1,1,12,17,6,5,15,30,1,2,2,0,2.0,0
18557,1747,1,alt1,1,1,69,48,28,33,15,30,0,1,1,0,3.0,0
18557,1748,2,alt2,1,1,44,63,35,32,60,30,2,1,1,0,3.0,0
18557,1749,2,alt2,1,1,78,55,24,32,15,15,2,0,1,0,3.0,0
18557,1750,1,alt1,1,1,41,54,37,30,30,30,0,1,1,0,3.0,0
18557,1751,1,alt1,1,1,57,48,32,43,15,30,0,1,1,0,3.0,0
18557,1752,2,alt2,1,1,46,54,32,28,15,15,2,2,1,0,3.0,0
18557,1753,2,alt2,1,1,54,49,24,27,30,30,2,1,1,0,3.0,0
18557,1754,1,alt1,1,1,49,54,38,28,15,60,0,1,1,0,3.0,0
18557,1755,2,alt2,1,1,51,57,40,30,15,15,2,1,1,0,3.0,0
18614,1756,1,alt1,1,1,94,110,22,20,30,30,0,1,3,0,3.0,0
18614,1757,1,alt1,1,1,57,77,23,20,60,15,0,2,3,0,3.0,0
18614,1758,1,alt1,1,1,77,65,20,24,30,15,0,2,3,0,3.0,0
18614,1759,1,alt1,1,1,83,98,26,24,60,60,1,2,3,0,3.0,0
18614,1760,1,alt1,1,1,81,65,25,29,60,30,0,0,3,0,3.0,0
18614,1761,1,alt1,1,1,81,69,19,21,15,60,1,1,3,0,3.0,0
18614,1762,1,alt1,1,1,81,57,19,22,15,60,0,0,3,0,3.0,0
18614,1763,2,alt2,1,1,81,57,22,24,30,60,1,0,3,0,3.0,0
18614,1764,1,alt1,1,1,77,110,23,20,30,60,2,0,3,0,3.0,0
18650,1765,1,alt1,1,1,137,103,11,13,15,15,1,2,2,1,3.0,0
18650,1766,2,alt2,1,1,75,107,11,9,60,60,2,0,2,1,3.0,0
18650,1767,1,alt1,1,1,79,113,12,11,15,60,0,0,2,1,3.0,0
18650,1768,2,alt2,1,1,155,124,8,9,15,15,1,2,2,1,3.0,0
18650,1769,1,alt1,1,1,137,103,8,11,30,60,0,2,2,1,3.0,0
18650,1770,1,alt1,1,1,113,85,9,11,15,30,1,1,2,1,3.0,0
18650,1771,1,alt1,1,1,100,125,11,10,15,30,1,0,2,1,3.0,0
18650,1772,1,alt1,1,1,109,137,11,8,30,30,0,2,2,1,3.0,0
18650,1773,2,alt2,1,1,125,94,8,10,60,15,1,1,2,1,3.0,0
18674,1774,1,alt1,1,1,76,109,40,35,15,60,1,1,0,1,3.0,0
18674,1775,1,alt1,1,1,93,123,50,38,60,15,1,0,0,1,3.0,0
18674,1776,1,alt1,1,1,90,81,33,38,30,60,0,2,0,1,3.0,0
18674,1777,1,alt1,1,1,85,100,43,33,15,60,0,0,0,1,3.0,0
18674,1778,2,alt2,1,1,98,109,38,35,15,15,0,0,0,1,3.0,0
18674,1779,1,alt1,1,1,100,90,35,38,15,30,0,1,0,1,3.0,0
18674,1780,1,alt1,1,1,72,90,42,35,15,15,2,2,0,1,3.0,0
18674,1781,1,alt1,1,1,68,90,42,38,30,60,2,2,0,1,3.0,0
18674,1782,2,alt2,1,1,86,60,44,57,30,15,2,1,0,1,3.0,0
18697,1783,1,alt1,1,1,59,84,21,17,30,15,1,0,1,0,3.0,0
18697,1784,1,alt1,1,1,77,54,20,22,30,60,1,2,1,0,3.0,0
18697,1785,2,alt2,1,1,95,66,15,20,15,15,2,0,1,0,3.0,0
18697,1786,1,alt1,1,1,49,66,23,19,30,30,0,1,1,0,3.0,0
18697,1787,1,alt1,1,1,69,59,20,27,15,30,0,1,1,0,3.0,0
18697,1788,2,alt2,1,1,66,56,17,20,15,15,2,2,1,0,3.0,0
18697,1789,2,alt2,1,1,66,59,15,17,30,30,2,1,1,0,3.0,0
18697,1790,2,alt2,1,1,66,59,17,23,60,15,1,0,1,0,3.0,0
18697,1791,2,alt2,1,1,62,69,25,19,15,15,2,1,1,0,3.0,0
18762,1792,1,alt1,1,1,31,45,7,6,15,60,1,1,1,0,1.0,0
18762,1793,1,alt1,1,1,51,38,7,9,15,60,0,1,1,0,1.0,0
18762,1794,2,alt2,1,1,33,37,7,6,60,30,2,0,1,0,1.0,0
18762,1795,2,alt2,1,1,41,35,6,7,60,15,0,0,1,0,1.0,0
18762,1796,1,alt1,1,1,45,40,6,7,15,15,0,0,1,0,1.0,0
18762,1797,2,alt2,1,1,37,41,7,6,30,15,1,0,1,0,1.0,0
18762,1798,2,alt2,1,1,30,37,7,6,15,15,2,2,1,0,1.0,0
18762,1799,2,alt2,1,1,37,28,7,8,60,30,2,2,1,0,1.0,0
18762,1800,1,alt1,1,1,25,35,10,8,15,30,1,2,1,0,1.0,0
18778,1801,2,alt2,1,1,20,29,8,6,30,15,1,0,3,1,1.0,0
18778,1802,1,alt1,1,1,26,18,7,8,30,60,1,2,3,1,1.0,0
18778,1803,2,alt2,1,1,33,23,5,7,15,15,2,0,3,1,1.0,0
18778,1804,1,alt1,1,1,17,23,8,7,30,30,0,1,3,1,1.0,0
18778,1805,1,alt1,1,1,24,20,7,10,15,30,0,1,3,1,1.0,0
18778,1806,2,alt2,1,1,23,19,6,7,15,15,2,2,3,1,1.0,0
18778,1807,2,alt2,1,1,23,20,5,6,30,30,2,1,3,1,1.0,0
18778,1808,2,alt2,1,1,23,20,6,9,60,15,1,0,3,1,1.0,0
18778,1809,1,alt1,1,1,24,21,7,9,15,15,1,2,3,1,1.0,0
18785,1810,1,alt1,1,1,53,76,15,12,30,15,1,0,2,0,3.0,0
18785,1811,1,alt1,1,1,49,69,16,14,60,30,2,1,2,0,3.0,0
18785,1812,2,alt2,1,1,86,60,11,14,15,15,2,0,2,0,3.0,0
18785,1813,2,alt2,1,1,59,45,14,16,30,30,1,0,2,0,3.0,0
18785,1814,2,alt2,1,1,53,63,19,14,30,15,1,0,2,0,3.0,0
18785,1815,1,alt1,1,1,59,50,12,14,15,15,2,2,2,0,3.0,0
18785,1816,2,alt2,1,1,59,53,11,12,30,30,2,1,2,0,3.0,0
18785,1817,2,alt2,1,1,59,53,12,17,60,15,1,0,2,0,3.0,0
18785,1818,2,alt2,1,1,56,63,18,14,15,15,2,1,2,0,3.0,0
18790,1819,1,alt1,1,1,35,47,5,4,15,60,1,2,4,1,1.0,0
18790,1820,1,alt1,1,1,35,44,6,4,60,60,1,1,4,1,1.0,0
18790,1821,1,alt1,1,1,44,33,4,5,60,30,0,2,4,1,1.0,0
18790,1822,2,alt2,1,1,35,47,6,4,15,30,1,0,4,1,1.0,0
18790,1823,2,alt2,1,1,47,33,4,5,30,15,2,1,4,1,1.0,0
18790,1824,2,alt2,1,1,51,36,5,7,15,30,2,2,4,1,1.0,0
18790,1825,1,alt1,1,1,39,51,5,4,60,15,0,2,4,1,1.0,0
18790,1826,2,alt2,1,1,64,48,5,6,30,15,0,1,4,1,1.0,0
18790,1827,2,alt2,1,1,44,31,4,5,15,30,1,1,4,1,1.0,0
18805,1828,1,alt1,1,1,42,49,8,7,30,30,0,1,1,1,1.0,0
18805,1829,2,alt2,1,1,26,34,8,7,60,15,0,2,1,1,1.0,0
18805,1830,1,alt1,1,1,34,29,7,8,30,15,0,2,1,1,1.0,0
18805,1831,1,alt1,1,1,37,44,9,8,60,60,1,2,1,1,1.0,0
18805,1832,1,alt1,1,1,29,36,10,9,30,60,0,0,1,1,1.0,0
18805,1833,1,alt1,1,1,36,31,6,7,15,60,1,1,1,1,1.0,0
18805,1834,2,alt2,1,1,25,36,8,6,60,15,0,0,1,1,1.0,0
18805,1835,2,alt2,1,1,25,36,9,8,60,30,0,1,1,1,1.0,0
18805,1836,2,alt2,1,1,49,35,7,8,60,30,0,2,1,1,1.0,0
18852,1837,2,alt2,1,1,9,13,9,7,30,15,1,0,2,0,3.0,0
18852,1838,2,alt2,1,1,8,12,9,8,60,30,2,1,2,0,3.0,0
18852,1839,1,alt1,1,1,10,14,9,6,15,15,0,2,2,0,3.0,0
18852,1840,1,alt1,1,1,10,7,8,10,30,30,1,0,2,0,3.0,0
18852,1841,1,alt1,1,1,10,9,8,11,15,30,0,1,2,0,3.0,0
18852,1842,1,alt1,1,1,10,8,7,8,15,15,2,2,2,0,3.0,0
18852,1843,2,alt2,1,1,10,9,6,7,30,30,2,1,2,0,3.0,0
18852,1844,2,alt2,1,1,10,9,7,10,60,15,1,0,2,0,3.0,0
18852,1845,1,alt1,1,1,10,9,8,10,15,15,1,2,2,0,3.0,0
18859,1846,1,alt1,1,1,17,13,7,8,15,15,1,2,2,1,3.0,0
18859,1847,1,alt1,1,1,14,9,5,7,60,60,0,2,2,1,3.0,0
18859,1848,2,alt2,1,1,14,10,6,7,60,15,0,0,2,1,3.0,0
18859,1849,1,alt1,1,1,20,16,5,6,15,15,1,2,2,1,3.0,0
18859,1850,1,alt1,1,1,17,13,5,7,30,60,0,2,2,1,3.0,0
18859,1851,1,alt1,1,1,14,11,5,7,15,30,1,1,2,1,3.0,0
18859,1852,1,alt1,1,1,13,16,7,6,15,30,1,0,2,1,3.0,0
18859,1853,2,alt2,1,1,17,14,5,6,30,30,2,0,2,1,3.0,0
18859,1854,1,alt1,1,1,12,16,6,5,15,60,1,1,2,1,3.0,0
18875,1855,1,alt1,1,1,40,47,10,9,30,30,0,1,0,1,1.0,0
18875,1856,1,alt1,1,1,32,24,9,10,15,60,2,0,0,1,1.0,0
18875,1857,1,alt1,1,1,32,28,9,10,30,15,0,2,0,1,1.0,0
18875,1858,2,alt2,1,1,41,35,10,11,60,60,2,1,0,1,1.0,0
18875,1859,2,alt2,1,1,34,27,11,12,60,30,0,0,0,1,1.0,0
18875,1860,1,alt1,1,1,34,29,8,9,15,60,1,1,0,1,1.0,0
18875,1861,2,alt2,1,1,24,34,10,8,60,15,0,0,0,1,1.0,0
18875,1862,2,alt2,1,1,34,24,9,10,30,60,1,0,0,1,1.0,0
18875,1863,1,alt1,1,1,47,33,9,10,60,30,0,2,0,1,1.0,0
18878,1864,1,alt1,1,1,27,31,5,4,30,30,0,1,2,0,1.0,0
18878,1865,1,alt1,1,1,16,22,5,4,60,15,0,2,2,0,1.0,0
18878,1866,2,alt2,1,1,18,22,5,4,15,30,2,0,2,0,1.0,0
18878,1867,2,alt2,1,1,28,23,4,5,60,60,2,1,2,0,1.0,0
18878,1868,1,alt1,1,1,18,23,6,5,30,60,0,0,2,0,1.0,0
18878,1869,2,alt2,1,1,19,23,5,4,60,15,1,1,2,0,1.0,0
18878,1870,2,alt2,1,1,16,23,5,4,60,15,0,0,2,0,1.0,0
18878,1871,1,alt1,1,1,16,23,5,4,60,30,0,1,2,0,1.0,0
18878,1872,1,alt1,1,1,31,22,4,5,60,30,0,2,2,0,1.0,0
18893,1873,2,alt2,1,1,28,40,17,14,30,15,1,0,1,0,2.0,0
18893,1874,2,alt2,1,1,26,37,18,16,60,30,2,1,1,0,2.0,0
18893,1875,1,alt1,1,1,32,46,16,12,15,15,0,2,1,0,2.0,0
18893,1876,1,alt1,1,1,24,32,19,16,30,30,0,1,1,0,2.0,0
18893,1877,2,alt2,1,1,28,33,22,16,30,15,1,0,1,0,2.0,0
18893,1878,2,alt2,1,1,27,32,16,14,15,15,2,2,1,0,2.0,0
18893,1879,1,alt1,1,1,28,32,14,12,30,30,1,2,1,0,2.0,0
18893,1880,1,alt1,1,1,28,32,19,14,15,60,0,1,1,0,2.0,0
18893,1881,1,alt1,1,1,33,30,16,20,15,15,1,2,1,0,2.0,0
18942,1882,1,alt1,1,1,33,39,10,9,30,30,0,1,1,0,2.0,0
18942,1883,1,alt1,1,1,20,27,10,9,60,15,0,2,1,0,2.0,0
18942,1884,2,alt2,1,1,23,27,10,9,15,30,2,0,1,0,2.0,0
18942,1885,1,alt1,1,1,29,35,11,10,60,60,1,2,1,0,2.0,0
18942,1886,1,alt1,1,1,23,29,12,11,30,60,0,0,1,0,2.0,0
18942,1887,1,alt1,1,1,29,24,8,9,15,60,1,1,1,0,2.0,0
18942,1888,2,alt2,1,1,20,29,10,8,60,15,0,0,1,0,2.0,0
18942,1889,2,alt2,1,1,29,20,9,10,30,60,1,0,1,0,2.0,0
18942,1890,1,alt1,1,1,39,27,9,10,60,30,0,2,1,0,2.0,0
18967,1891,2,alt2,1,1,18,13,2,3,60,15,1,1,4,0,2.0,0
18967,1892,1,alt1,1,1,21,16,3,4,15,60,0,1,4,0,2.0,0
18967,1893,1,alt1,1,1,15,14,2,3,30,60,0,2,4,0,2.0,0
18967,1894,1,alt1,1,1,14,17,3,2,15,60,0,0,4,0,2.0,0
18967,1895,1,alt1,1,1,18,17,2,3,15,15,0,0,4,0,2.0,0
18967,1896,2,alt2,1,1,15,17,3,2,30,15,1,0,4,0,2.0,0
18967,1897,1,alt1,1,1,15,12,2,3,15,15,2,2,4,0,2.0,0
18967,1898,1,alt1,1,1,11,15,4,3,30,60,2,2,4,0,2.0,0
18967,1899,1,alt1,1,1,10,14,4,3,15,30,1,2,4,0,2.0,0
18968,1900,2,alt2,1,1,32,24,5,6,60,15,2,1,4,1,1.0,0
18968,1901,1,alt1,1,1,24,31,8,6,60,60,1,1,4,1,1.0,0
18968,1902,2,alt2,1,1,23,31,6,5,30,60,2,0,4,1,1.0,0
18968,1903,2,alt2,1,1,24,32,8,6,15,30,1,0,4,1,1.0,0
18968,1904,1,alt1,1,1,23,32,7,6,15,30,1,2,4,1,1.0,0
18968,1905,2,alt2,1,1,36,25,7,9,15,30,2,2,4,1,1.0,0
18968,1906,1,alt1,1,1,27,36,7,6,60,15,0,2,4,1,1.0,0
18968,1907,1,alt1,1,1,44,33,7,8,30,15,0,1,4,1,1.0,0
18968,1908,2,alt2,1,1,31,21,5,6,15,30,1,1,4,1,1.0,0
18991,1909,1,alt1,1,1,26,37,6,5,15,60,1,1,1,0,2.0,0
18991,1910,2,alt2,1,1,31,42,8,6,60,15,1,0,1,0,2.0,0
18991,1911,1,alt1,1,1,30,27,5,6,30,60,0,2,1,0,2.0,0
18991,1912,2,alt2,1,1,34,29,5,7,60,15,0,0,1,0,2.0,0
18991,1913,1,alt1,1,1,33,37,6,5,15,15,0,0,1,0,2.0,0
18991,1914,2,alt2,1,1,30,34,6,5,30,15,1,0,1,0,2.0,0
18991,1915,1,alt1,1,1,24,30,6,5,15,15,2,2,1,0,2.0,0
18991,1916,2,alt2,1,1,30,23,6,7,60,30,2,2,1,0,2.0,0
18991,1917,1,alt1,1,1,20,29,9,7,15,30,1,2,1,0,2.0,0
18997,1918,2,alt2,1,1,132,93,75,86,60,15,1,1,4,1,3.0,0
18997,1919,1,alt1,1,1,150,112,83,108,15,60,0,1,4,1,3.0,0
18997,1920,2,alt2,1,1,98,109,82,71,60,30,2,0,4,1,3.0,0
18997,1921,2,alt2,1,1,103,121,92,71,15,60,0,0,4,1,3.0,0
18997,1922,2,alt2,1,1,119,132,83,75,15,15,0,0,4,1,3.0,0
18997,1923,2,alt2,1,1,109,121,83,75,30,15,1,0,4,1,3.0,0
18997,1924,1,alt1,1,1,109,87,75,90,15,15,2,2,4,1,3.0,0
18997,1925,2,alt2,1,1,109,82,83,91,60,30,2,2,4,1,3.0,0
18997,1926,1,alt1,1,1,72,104,123,95,15,30,1,2,4,1,3.0,0
19001,1927,1,alt1,1,1,16,22,4,3,15,60,1,2,3,1,1.0,0
19001,1928,2,alt2,1,1,21,17,3,4,60,60,1,1,3,1,1.0,0
19001,1929,2,alt2,1,1,16,21,4,3,30,60,2,0,3,1,1.0,0
19001,1930,1,alt1,1,1,22,16,3,4,30,15,0,1,3,1,1.0,0
19001,1931,1,alt1,1,1,15,22,4,3,15,30,1,2,3,1,1.0,0
19001,1932,1,alt1,1,1,17,24,5,4,30,15,2,2,3,1,1.0,0
19001,1933,1,alt1,1,1,18,24,4,3,60,15,0,2,3,1,1.0,0
19001,1934,1,alt1,1,1,30,22,4,5,30,15,0,1,3,1,1.0,0
19001,1935,2,alt2,1,1,14,21,4,3,30,15,1,1,3,1,1.0,0
19002,1936,2,alt2,1,1,21,18,4,5,30,30,1,0,1,0,2.0,0
19002,1937,2,alt2,1,1,14,11,4,5,15,60,2,0,1,0,2.0,0
19002,1938,1,alt1,1,1,14,12,4,5,30,15,0,2,1,0,2.0,0
19002,1939,1,alt1,1,1,18,16,5,6,60,60,2,1,1,0,2.0,0
19002,1940,1,alt1,1,1,15,12,5,6,60,30,0,0,1,0,2.0,0
19002,1941,1,alt1,1,1,15,13,4,5,15,60,1,1,1,0,2.0,0
19002,1942,2,alt2,1,1,11,15,5,4,60,15,0,0,1,0,2.0,0
19002,1943,1,alt1,1,1,15,11,5,6,30,60,1,0,1,0,2.0,0
19002,1944,1,alt1,1,1,21,15,4,5,60,30,0,2,1,0,2.0,0
19028,1945,1,alt1,1,1,167,196,92,83,30,30,0,1,3,1,4.0,1
19028,1946,1,alt1,1,1,102,136,96,83,60,15,0,2,3,1,4.0,1
19028,1947,1,alt1,1,1,136,116,83,100,30,15,0,2,3,1,4.0,1
19028,1948,2,alt2,1,1,174,148,101,111,60,60,2,1,3,1,4.0,1
19028,1949,1,alt1,1,1,115,143,121,105,30,60,0,0,3,1,4.0,1
19028,1950,1,alt1,1,1,143,122,79,91,15,60,1,1,3,1,4.0,1
19028,1951,1,alt1,1,1,100,143,95,79,60,15,0,0,3,1,4.0,1
19028,1952,2,alt2,1,1,143,100,92,101,30,60,1,0,3,1,4.0,1
19028,1953,2,alt2,1,1,196,137,83,96,60,30,0,2,3,1,4.0,1
19203,1954,1,alt1,1,1,92,131,38,32,30,15,1,0,2,1,3.0,0
19203,1955,2,alt2,1,1,120,84,36,40,30,60,1,2,2,1,3.0,0
19203,1956,2,alt2,1,1,148,104,27,37,15,15,2,0,2,1,3.0,0
19203,1957,1,alt1,1,1,77,103,42,35,30,30,0,1,2,1,3.0,0
19203,1958,2,alt2,1,1,92,108,49,36,30,15,1,0,2,1,3.0,0
19203,1959,2,alt2,1,1,103,87,32,37,15,15,2,2,2,1,3.0,0
19203,1960,2,alt2,1,1,103,92,27,31,30,30,2,1,2,1,3.0,0
19203,1961,1,alt1,1,1,92,103,43,32,15,60,0,1,2,1,3.0,0
19203,1962,1,alt1,1,1,108,97,35,45,15,15,1,2,2,1,3.0,0
19237,1963,1,alt1,1,1,155,109,49,59,15,30,0,1,1,1,3.0,0
19237,1964,2,alt2,1,1,99,142,62,56,60,30,2,1,1,1,3.0,0
19237,1965,2,alt2,1,1,176,123,42,57,15,15,2,0,1,1,3.0,0
19237,1966,2,alt2,1,1,122,91,54,65,30,30,1,0,1,1,3.0,0
19237,1967,1,alt1,1,1,128,109,56,76,15,30,0,1,1,1,3.0,0
19237,1968,1,alt1,1,1,122,103,49,57,15,15,2,2,1,1,3.0,0
19237,1969,2,alt2,1,1,122,109,42,49,30,30,2,1,1,1,3.0,0
19237,1970,2,alt2,1,1,122,109,49,67,60,15,1,0,1,1,3.0,0
19237,1971,2,alt2,1,1,115,128,70,54,15,15,2,1,1,1,3.0,0
19239,1972,2,alt2,1,1,120,84,20,23,60,15,1,1,1,0,3.0,0
19239,1973,1,alt1,1,1,135,101,23,29,15,60,0,1,1,0,3.0,0
19239,1974,1,alt1,1,1,99,89,19,22,30,60,0,2,1,0,3.0,0
19239,1975,2,alt2,1,1,93,109,25,19,15,60,0,0,1,0,3.0,0
19239,1976,2,alt2,1,1,120,108,20,22,15,15,0,0,1,0,3.0,0
19239,1977,2,alt2,1,1,98,109,22,20,30,15,1,0,1,0,3.0,0
19239,1978,1,alt1,1,1,99,79,20,25,15,15,2,2,1,0,3.0,0
19239,1979,1,alt1,1,1,74,99,25,23,30,60,2,2,1,0,3.0,0
19239,1980,2,alt2,1,1,66,94,34,26,15,30,1,2,1,0,3.0,0
19251,1981,2,alt2,1,1,19,14,2,3,60,15,2,1,1,1,1.0,0
19251,1982,2,alt2,1,1,18,14,2,3,60,60,1,1,1,1,1.0,0
19251,1983,2,alt2,1,1,14,18,3,2,30,60,2,0,1,1,1.0,0
19251,1984,1,alt1,1,1,19,14,2,3,30,15,0,1,1,1,1.0,0
19251,1985,2,alt2,1,1,19,13,2,3,30,15,2,1,1,1,1.0,0
19251,1986,1,alt1,1,1,21,15,2,3,15,30,2,2,1,1,1.0,0
19251,1987,2,alt2,1,1,21,16,2,3,15,60,2,0,1,1,1.0,0
19251,1988,2,alt2,1,1,20,26,3,2,15,30,1,0,1,1,1.0,0
19251,1989,2,alt2,1,1,18,13,2,3,15,30,1,1,1,1,1.0,0
19295,1990,2,alt2,1,1,24,17,7,8,15,30,0,1,0,0,2.0,0
19295,1991,1,alt1,1,1,15,22,9,8,60,30,2,1,0,0,2.0,0
19295,1992,1,alt1,1,1,19,27,8,6,15,15,0,2,0,0,2.0,0
19295,1993,1,alt1,1,1,19,14,7,9,30,30,1,0,0,0,2.0,0
19295,1994,1,alt1,1,1,20,17,8,11,15,30,0,1,0,0,2.0,0
19295,1995,1,alt1,1,1,19,16,7,8,15,15,2,2,0,0,2.0,0
19295,1996,2,alt2,1,1,19,17,6,7,30,30,2,1,0,0,2.0,0
19295,1997,1,alt1,1,1,17,19,9,7,15,60,0,1,0,0,2.0,0
19295,1998,2,alt2,1,1,18,20,10,7,15,15,2,1,0,0,2.0,0
19353,1999,2,alt2,1,1,12,16,9,8,15,15,2,1,1,1,3.0,0
19353,2000,1,alt1,1,1,13,9,6,8,60,60,0,2,1,1,3.0,0
19353,2001,1,alt1,1,1,9,13,9,7,15,60,0,0,1,1,3.0,0
19353,2002,2,alt2,1,1,15,18,7,6,15,15,2,1,1,1,3.0,0
19353,2003,2,alt2,1,1,12,16,8,6,60,30,2,0,1,1,3.0,0
19353,2004,2,alt2,1,1,10,13,8,6,30,15,1,1,1,1,3.0,0
19353,2005,1,alt1,1,1,15,12,7,8,30,15,0,1,1,1,3.0,0
19353,2006,1,alt1,1,1,13,16,8,6,30,30,0,2,1,1,3.0,0
19353,2007,1,alt1,1,1,11,15,7,6,15,60,1,1,1,1,3.0,0
19398,2008,1,alt1,1,1,63,85,20,18,15,60,1,2,3,0,3.0,0
19398,2009,1,alt1,1,1,80,64,19,26,60,60,1,1,3,0,3.0,0
19398,2010,1,alt1,1,1,60,80,20,18,30,60,2,0,3,0,3.0,0
19398,2011,2,alt2,1,1,85,63,19,26,30,15,0,1,3,0,3.0,0
19398,2012,1,alt1,1,1,59,85,21,19,15,30,1,2,3,0,3.0,0
19398,2013,2,alt2,1,1,93,65,24,32,15,30,2,2,3,0,3.0,0
19398,2014,2,alt2,1,1,70,93,22,19,60,15,0,2,3,0,3.0,0
19398,2015,1,alt1,1,1,87,116,27,24,15,30,1,0,3,0,3.0,0
19398,2016,1,alt1,1,1,56,80,21,18,30,15,1,1,3,0,3.0,0
19401,2017,1,alt1,1,1,6,4,6,8,15,30,0,1,2,0,2.0,0
19401,2018,1,alt1,1,1,5,4,7,8,30,60,1,2,2,0,2.0,0
19401,2019,2,alt2,1,1,5,7,7,5,15,15,0,2,2,0,2.0,0
19401,2020,2,alt2,1,1,5,3,7,8,30,30,1,0,2,0,2.0,0
19401,2021,2,alt2,1,1,4,5,10,7,30,15,1,0,2,0,2.0,0
19401,2022,2,alt2,1,1,4,5,7,6,15,15,2,2,2,0,2.0,0
19401,2023,1,alt1,1,1,4,5,6,5,30,30,1,2,2,0,2.0,0
19401,2024,2,alt2,1,1,5,4,6,9,60,15,1,0,2,0,2.0,0
19401,2025,2,alt2,1,1,4,5,9,7,15,15,2,1,2,0,2.0,0
19409,2026,1,alt1,1,1,79,56,17,21,15,30,0,1,4,1,3.0,0
19409,2027,2,alt2,1,1,51,72,22,20,60,30,2,1,4,1,3.0,0
19409,2028,2,alt2,1,1,90,63,15,20,15,15,2,0,4,1,3.0,0
19409,2029,2,alt2,1,1,62,47,19,23,30,30,1,0,4,1,3.0,0
19409,2030,1,alt1,1,1,66,56,20,27,15,30,0,1,4,1,3.0,0
19409,2031,2,alt2,1,1,62,53,17,20,15,15,2,2,4,1,3.0,0
19409,2032,2,alt2,1,1,62,56,15,17,30,30,2,1,4,1,3.0,0
19409,2033,2,alt2,1,1,62,56,17,23,60,15,1,0,4,1,3.0,0
19409,2034,2,alt2,1,1,59,66,25,19,15,15,2,1,4,1,3.0,0
19422,2035,2,alt2,1,1,19,25,8,7,15,15,2,1,4,1,3.0,0
19422,2036,1,alt1,1,1,20,14,5,7,60,60,0,2,4,1,3.0,0
19422,2037,2,alt2,1,1,21,15,7,8,60,15,0,0,4,1,3.0,0
19422,2038,2,alt2,1,1,23,29,6,5,15,15,2,1,4,1,3.0,0
19422,2039,1,alt1,1,1,25,19,5,7,30,60,0,2,4,1,3.0,0
19422,2040,1,alt1,1,1,21,16,5,7,15,30,1,1,4,1,3.0,0
19422,2041,1,alt1,1,1,23,18,6,7,30,15,0,1,4,1,3.0,0
19422,2042,2,alt2,1,1,25,20,5,7,30,30,2,0,4,1,3.0,0
19422,2043,2,alt2,1,1,23,17,5,6,60,15,1,1,4,1,3.0,0
19438,2044,2,alt2,1,1,3,5,4,3,30,15,1,0,1,0,3.0,0
19438,2045,2,alt2,1,1,3,4,5,4,60,30,2,1,1,0,3.0,0
19438,2046,1,alt1,1,1,4,5,4,3,15,15,0,2,1,0,3.0,0
19438,2047,1,alt1,1,1,3,4,4,3,30,30,0,1,1,0,3.0,0
19438,2048,2,alt2,1,1,3,4,5,4,30,15,1,0,1,0,3.0,0
19438,2049,2,alt2,1,1,3,4,4,3,15,15,2,2,1,0,3.0,0
19438,2050,2,alt2,1,1,4,3,3,4,30,30,2,1,1,0,3.0,0
19438,2051,2,alt2,1,1,4,3,3,4,60,15,1,0,1,0,3.0,0
19438,2052,2,alt2,1,1,3,4,4,3,15,15,2,1,1,0,3.0,0
19470,2053,1,alt1,1,1,78,105,71,62,15,15,2,1,3,1,4.0,1
19470,2054,2,alt2,1,1,82,57,49,64,60,60,0,2,3,1,4.0,1
19470,2055,1,alt1,1,1,61,86,69,60,15,60,0,0,3,1,4.0,1
19470,2056,1,alt1,1,1,95,118,51,47,15,15,2,1,3,1,4.0,1
19470,2057,2,alt2,1,1,105,78,47,63,30,60,0,2,3,1,4.0,1
19470,2058,2,alt2,1,1,86,65,49,64,15,30,1,1,3,1,4.0,1
19470,2059,1,alt1,1,1,76,96,63,54,15,30,1,0,3,1,4.0,1
19470,2060,2,alt2,1,1,105,84,47,61,30,30,2,0,3,1,4.0,1
19470,2061,2,alt2,1,1,96,72,47,56,60,15,1,1,3,1,4.0,1
19539,2062,2,alt2,1,1,34,26,10,11,60,15,2,1,1,1,3.0,0
19539,2063,2,alt2,1,1,26,32,14,10,60,60,1,1,1,1,3.0,0
19539,2064,2,alt2,1,1,32,24,10,11,60,30,0,2,1,1,3.0,0
19539,2065,1,alt1,1,1,34,26,10,14,30,15,0,1,1,1,3.0,0
19539,2066,2,alt2,1,1,34,24,10,11,30,15,2,1,1,1,3.0,0
19539,2067,2,alt2,1,1,26,38,17,13,30,15,2,2,1,1,3.0,0
19539,2068,1,alt1,1,1,28,38,12,10,60,15,0,2,1,1,3.0,0
19539,2069,1,alt1,1,1,47,35,13,15,30,15,0,1,1,1,3.0,0
19539,2070,2,alt2,1,1,23,32,11,10,30,15,1,1,1,1,3.0,0
19646,2071,2,alt2,1,1,97,139,79,66,30,15,1,0,1,1,3.0,0
19646,2072,2,alt2,1,1,89,127,83,76,60,30,2,1,1,1,3.0,0
19646,2073,1,alt1,1,1,110,157,77,57,15,15,0,2,1,1,3.0,0
19646,2074,2,alt2,1,1,109,82,72,87,30,30,1,0,1,1,3.0,0
19646,2075,1,alt1,1,1,115,98,76,102,15,30,0,1,1,1,3.0,0
19646,2076,1,alt1,1,1,109,93,66,76,15,15,2,2,1,1,3.0,0
19646,2077,1,alt1,1,1,109,98,57,65,30,30,2,1,1,1,3.0,0
19646,2078,2,alt2,1,1,109,98,66,89,60,15,1,0,1,1,3.0,0
19646,2079,2,alt2,1,1,103,115,94,72,15,15,2,1,1,1,3.0,0
19691,2080,1,alt1,1,1,17,24,19,16,15,60,1,1,1,0,1.0,0
19691,2081,1,alt1,1,1,27,20,18,23,15,60,0,1,1,0,1.0,0
19691,2082,2,alt2,1,1,18,20,18,15,60,30,2,0,1,0,1.0,0
19691,2083,1,alt1,1,1,19,22,20,15,15,60,0,0,1,0,1.0,0
19691,2084,1,alt1,1,1,22,24,18,16,15,15,0,0,1,0,1.0,0
19691,2085,2,alt2,1,1,20,22,18,16,30,15,1,0,1,0,1.0,0
19691,2086,2,alt2,1,1,16,20,19,16,15,15,2,2,1,0,1.0,0
19691,2087,2,alt2,1,1,20,15,18,20,60,30,2,2,1,0,1.0,0
19691,2088,1,alt1,1,1,13,19,27,20,15,30,1,2,1,0,1.0,0
19712,2089,1,alt1,1,1,113,85,25,29,15,15,1,2,1,0,3.0,0
19712,2090,1,alt1,1,1,88,62,20,26,60,60,0,2,1,0,3.0,0
19712,2091,2,alt2,1,1,93,65,24,28,60,15,0,0,1,0,3.0,0
19712,2092,2,alt2,1,1,102,127,21,19,15,15,2,1,1,0,3.0,0
19712,2093,1,alt1,1,1,113,85,19,26,30,60,0,2,1,0,3.0,0
19712,2094,2,alt2,1,1,93,70,20,26,15,30,1,1,1,0,3.0,0
19712,2095,2,alt2,1,1,82,103,25,22,15,30,1,0,1,0,3.0,0
19712,2096,2,alt2,1,1,113,90,19,25,30,30,2,0,1,0,3.0,0
19712,2097,2,alt2,1,1,103,77,19,23,60,15,1,1,1,0,3.0,0
19745,2098,2,alt2,1,1,194,165,48,52,30,30,1,0,3,1,4.0,1
19745,2099,2,alt2,1,1,134,101,48,55,15,60,2,0,3,1,4.0,1
19745,2100,1,alt1,1,1,114,134,57,48,15,30,2,0,3,1,4.0,1
19745,2101,2,alt2,1,1,171,146,58,63,60,60,2,1,3,1,4.0,1
19745,2102,1,alt1,1,1,113,142,69,60,30,60,0,0,3,1,4.0,1
19745,2103,1,alt1,1,1,142,120,45,52,15,60,1,1,3,1,4.0,1
19745,2104,1,alt1,1,1,99,142,54,45,60,15,0,0,3,1,4.0,1
19745,2105,2,alt2,1,1,142,99,52,58,30,60,1,0,3,1,4.0,1
19745,2106,1,alt1,1,1,136,194,55,48,30,60,2,0,3,1,4.0,1
19855,2107,1,alt1,1,1,22,31,11,10,15,60,1,1,4,0,1.0,0
19855,2108,1,alt1,1,1,35,26,11,14,15,60,0,1,4,0,1.0,0
19855,2109,1,alt1,1,1,26,23,9,11,30,60,0,2,4,0,1.0,0
19855,2110,1,alt1,1,1,24,28,12,9,15,60,0,0,4,0,1.0,0
19855,2111,2,alt2,1,1,28,31,11,10,15,15,0,0,4,0,1.0,0
19855,2112,2,alt2,1,1,26,28,11,10,30,15,1,0,4,0,1.0,0
19855,2113,1,alt1,1,1,26,21,10,12,15,15,2,2,4,0,1.0,0
19855,2114,1,alt1,1,1,19,26,12,11,30,60,2,2,4,0,1.0,0
19855,2115,2,alt2,1,1,24,17,13,16,30,15,2,1,4,0,1.0,0
19868,2116,2,alt2,1,1,14,12,4,5,30,30,1,0,2,1,2.0,0
19868,2117,2,alt2,1,1,7,10,5,4,60,15,0,2,2,1,2.0,0
19868,2118,2,alt2,1,1,8,10,5,4,15,30,2,0,2,1,2.0,0
19868,2119,2,alt2,1,1,13,11,5,6,60,60,2,1,2,1,2.0,0
19868,2120,2,alt2,1,1,10,8,5,6,60,30,0,0,2,1,2.0,0
19868,2121,2,alt2,1,1,9,10,5,4,60,15,1,1,2,1,2.0,0
19868,2122,1,alt1,1,1,10,7,4,5,15,60,0,0,2,1,2.0,0
19868,2123,2,alt2,1,1,10,7,5,6,30,60,1,0,2,1,2.0,0
19868,2124,2,alt2,1,1,10,14,5,4,30,60,2,0,2,1,2.0,0
19888,2125,2,alt2,1,1,43,58,36,31,15,15,2,1,2,0,3.0,0
19888,2126,2,alt2,1,1,32,45,32,25,60,60,2,0,2,0,3.0,0
19888,2127,2,alt2,1,1,48,33,30,34,60,15,0,0,2,0,3.0,0
19888,2128,2,alt2,1,1,52,65,26,23,15,15,2,1,2,0,3.0,0
19888,2129,1,alt1,1,1,58,43,23,31,30,60,0,2,2,0,3.0,0
19888,2130,1,alt1,1,1,48,36,25,32,15,30,1,1,2,0,3.0,0
19888,2131,2,alt2,1,1,52,42,27,31,30,15,0,1,2,0,3.0,0
19888,2132,1,alt1,1,1,46,58,30,23,30,30,0,2,2,0,3.0,0
19888,2133,2,alt2,1,1,52,39,23,28,60,15,1,1,2,0,3.0,0
19890,2134,1,alt1,1,1,5,3,2,3,15,15,1,2,2,0,2.0,0
19890,2135,1,alt1,1,1,4,3,2,3,60,60,0,2,2,0,2.0,0
19890,2136,1,alt1,1,1,3,4,3,2,15,60,0,0,2,0,2.0,0
19890,2137,2,alt2,1,1,4,5,3,2,15,15,2,1,2,0,2.0,0
19890,2138,1,alt1,1,1,5,3,2,3,30,60,0,2,2,0,2.0,0
19890,2139,1,alt1,1,1,4,3,2,3,15,30,1,1,2,0,2.0,0
19890,2140,2,alt2,1,1,3,4,3,2,15,30,1,0,2,0,2.0,0
19890,2141,2,alt2,1,1,5,4,2,3,30,30,2,0,2,0,2.0,0
19890,2142,2,alt2,1,1,4,3,2,3,60,15,1,1,2,0,2.0,0
19901,2143,1,alt1,1,1,39,27,7,8,15,30,0,1,0,0,1.0,0
19901,2144,2,alt2,1,1,25,36,9,8,60,30,2,1,0,0,1.0,0
19901,2145,1,alt1,1,1,31,44,8,6,15,15,0,2,0,0,1.0,0
19901,2146,2,alt2,1,1,31,23,7,9,30,30,1,0,0,0,1.0,0
19901,2147,1,alt1,1,1,32,27,8,10,15,30,0,1,0,0,1.0,0
19901,2148,1,alt1,1,1,26,31,8,7,15,15,2,2,0,0,1.0,0
19901,2149,2,alt2,1,1,31,28,6,7,30,30,2,1,0,0,1.0,0
19901,2150,2,alt2,1,1,28,31,9,7,15,60,0,1,0,0,1.0,0
19901,2151,1,alt1,1,1,32,29,7,10,15,15,1,2,0,0,1.0,0
19902,2152,2,alt2,1,1,19,26,5,4,30,15,1,0,0,0,3.0,0
19902,2153,1,alt1,1,1,24,17,4,5,30,60,1,2,0,0,3.0,0
19902,2154,1,alt1,1,1,21,30,4,3,15,15,0,2,0,0,3.0,0
19902,2155,2,alt2,1,1,21,16,4,5,30,30,1,0,0,0,3.0,0
19902,2156,1,alt1,1,1,22,19,4,6,15,30,0,1,0,0,3.0,0
19902,2157,1,alt1,1,1,21,18,4,5,15,15,2,2,0,0,3.0,0
19902,2158,2,alt2,1,1,21,19,3,4,30,30,2,1,0,0,3.0,0
19902,2159,1,alt1,1,1,19,21,5,4,15,60,0,1,0,0,3.0,0
19902,2160,2,alt2,1,1,20,22,5,4,15,15,2,1,0,0,3.0,0
19904,2161,2,alt2,1,1,122,104,59,65,30,30,1,0,2,1,4.0,1
19904,2162,1,alt1,1,1,63,85,68,59,60,15,0,2,2,1,4.0,1
19904,2163,1,alt1,1,1,85,72,59,70,30,15,0,2,2,1,4.0,1
19904,2164,2,alt2,1,1,108,92,71,78,60,60,2,1,2,1,4.0,1
19904,2165,1,alt1,1,1,89,71,74,85,60,30,0,0,2,1,4.0,1
19904,2166,2,alt2,1,1,76,89,64,56,60,15,1,1,2,1,4.0,1
19904,2167,1,alt1,1,1,63,89,67,56,60,15,0,0,2,1,4.0,1
19904,2168,2,alt2,1,1,89,63,65,71,30,60,1,0,2,1,4.0,1
19904,2169,1,alt1,1,1,86,122,68,59,30,60,2,0,2,1,4.0,1
20010,2170,2,alt2,1,1,113,85,31,34,60,15,2,1,1,1,3.0,0
20010,2171,2,alt2,1,1,86,107,44,33,60,60,1,1,1,1,3.0,0
20010,2172,2,alt2,1,1,80,107,34,31,30,60,2,0,1,1,3.0,0
20010,2173,2,alt2,1,1,85,113,44,33,15,30,1,0,1,1,3.0,0
20010,2174,1,alt1,1,1,113,79,33,36,30,15,2,1,1,1,3.0,0
20010,2175,1,alt1,1,1,125,87,40,54,15,30,2,2,1,1,3.0,0
20010,2176,2,alt2,1,1,94,125,38,33,60,15,0,2,1,1,3.0,0
20010,2177,2,alt2,1,1,116,155,46,40,15,30,1,0,1,1,3.0,0
20010,2178,2,alt2,1,1,75,107,36,31,30,15,1,1,1,1,3.0,0
20063,2179,2,alt2,1,1,135,115,18,20,30,30,1,0,2,0,3.0,0
20063,2180,1,alt1,1,1,94,70,18,21,15,60,2,0,2,0,3.0,0
20063,2181,2,alt2,1,1,80,94,22,18,15,30,2,0,2,0,3.0,0
20063,2182,1,alt1,1,1,120,102,22,24,60,60,2,1,2,0,3.0,0
20063,2183,2,alt2,1,1,79,99,26,23,30,60,0,0,2,0,3.0,0
20063,2184,2,alt2,1,1,84,99,20,17,60,15,1,1,2,0,3.0,0
20063,2185,2,alt2,1,1,69,99,21,17,60,15,0,0,2,0,3.0,0
20063,2186,2,alt2,1,1,99,69,20,22,30,60,1,0,2,0,3.0,0
20063,2187,2,alt2,1,1,95,135,21,18,30,60,2,0,2,0,3.0,0
20094,2188,1,alt1,1,1,72,102,33,28,30,15,1,0,4,0,3.0,0
20094,2189,1,alt1,1,1,65,93,35,32,60,30,2,1,4,0,3.0,0
20094,2190,1,alt1,1,1,81,116,32,24,15,15,0,2,4,0,3.0,0
20094,2191,1,alt1,1,1,60,80,37,30,30,30,0,1,4,0,3.0,0
20094,2192,1,alt1,1,1,85,72,32,43,15,30,0,1,4,0,3.0,0
20094,2193,1,alt1,1,1,68,80,32,28,15,15,2,2,4,0,3.0,0
20094,2194,1,alt1,1,1,72,80,27,24,30,30,1,2,4,0,3.0,0
20094,2195,1,alt1,1,1,72,80,38,28,15,60,0,1,4,0,3.0,0
20094,2196,2,alt2,1,1,76,85,40,30,15,15,2,1,4,0,3.0,0
20100,2197,1,alt1,1,1,56,79,21,19,15,60,1,1,0,0,3.0,0
20100,2198,1,alt1,1,1,67,90,27,20,60,15,1,0,0,0,3.0,0
20100,2199,1,alt1,1,1,66,59,18,20,30,60,0,2,0,0,3.0,0
20100,2200,1,alt1,1,1,72,62,18,23,60,15,0,0,0,0,3.0,0
20100,2201,1,alt1,1,1,71,79,20,19,15,15,0,0,0,0,3.0,0
20100,2202,1,alt1,1,1,72,65,19,20,15,30,0,1,0,0,3.0,0
20100,2203,1,alt1,1,1,66,52,19,22,15,15,2,2,0,0,3.0,0
20100,2204,2,alt2,1,1,66,49,20,23,60,30,2,2,0,0,3.0,0
20100,2205,1,alt1,1,1,62,43,23,30,30,15,2,1,0,0,3.0,0
20108,2206,1,alt1,1,1,12,9,2,3,15,15,1,2,4,0,1.0,0
20108,2207,2,alt2,1,1,6,9,3,2,60,60,2,0,4,0,1.0,0
20108,2208,1,alt1,1,1,10,7,2,3,60,15,0,0,4,0,1.0,0
20108,2209,2,alt2,1,1,10,13,3,2,15,15,2,1,4,0,1.0,0
20108,2210,2,alt2,1,1,9,12,3,2,60,30,2,0,4,0,1.0,0
20108,2211,2,alt2,1,1,7,10,3,2,30,15,1,1,4,0,1.0,0
20108,2212,2,alt2,1,1,8,11,3,2,15,30,1,0,4,0,1.0,0
20108,2213,1,alt1,1,1,9,12,3,2,30,30,0,2,4,0,1.0,0
20108,2214,1,alt1,1,1,8,11,3,2,15,60,1,1,4,0,1.0,0
20109,2215,1,alt1,1,1,14,20,4,3,15,60,1,1,0,1,1.0,0
20109,2216,1,alt1,1,1,22,17,4,5,15,60,0,1,0,1,1.0,0
20109,2217,2,alt2,1,1,15,16,4,3,60,30,2,0,0,1,1.0,0
20109,2218,1,alt1,1,1,15,18,4,3,15,60,0,0,0,1,1.0,0
20109,2219,1,alt1,1,1,20,18,3,4,15,15,0,0,0,1,1.0,0
20109,2220,1,alt1,1,1,18,16,3,4,15,30,0,1,0,1,1.0,0
20109,2221,2,alt2,1,1,16,13,3,4,15,15,2,2,0,1,1.0,0
20109,2222,1,alt1,1,1,12,16,5,4,30,60,2,2,0,1,1.0,0
20109,2223,1,alt1,1,1,11,15,6,4,15,30,1,2,0,1,1.0,0
20128,2224,2,alt2,1,1,29,39,7,6,15,15,2,1,2,1,3.0,0
20128,2225,2,alt2,1,1,21,31,7,5,60,60,2,0,2,1,3.0,0
20128,2226,2,alt2,1,1,32,23,6,7,60,15,0,0,2,1,3.0,0
20128,2227,1,alt1,1,1,44,35,5,6,15,15,1,2,2,1,3.0,0
20128,2228,1,alt1,1,1,39,29,5,7,30,60,0,2,2,1,3.0,0
20128,2229,1,alt1,1,1,32,24,5,7,15,30,1,1,2,1,3.0,0
20128,2230,2,alt2,1,1,29,36,7,6,15,30,1,0,2,1,3.0,0
20128,2231,1,alt1,1,1,31,39,6,5,30,30,0,2,2,1,3.0,0
20128,2232,2,alt2,1,1,36,27,5,6,60,15,1,1,2,1,3.0,0
20149,2233,1,alt1,1,1,18,14,3,4,15,15,1,2,2,0,3.0,0
20149,2234,1,alt1,1,1,14,10,2,3,60,60,0,2,2,0,3.0,0
20149,2235,1,alt1,1,1,11,15,4,3,15,60,0,0,2,0,3.0,0
20149,2236,1,alt1,1,1,21,17,2,3,15,15,1,2,2,0,3.0,0
20149,2237,2,alt2,1,1,14,18,3,2,60,30,2,0,2,0,3.0,0
20149,2238,1,alt1,1,1,15,11,2,3,15,30,1,1,2,0,3.0,0
20149,2239,1,alt1,1,1,13,17,4,3,15,30,1,0,2,0,3.0,0
20149,2240,1,alt1,1,1,15,18,3,2,30,30,0,2,2,0,3.0,0
20149,2241,2,alt2,1,1,17,13,2,3,60,15,1,1,2,0,3.0,0
20161,2242,2,alt2,1,1,14,12,4,5,30,30,1,0,2,1,2.0,0
20161,2243,2,alt2,1,1,7,10,5,4,60,15,0,2,2,1,2.0,0
20161,2244,1,alt1,1,1,10,8,4,5,30,15,0,2,2,1,2.0,0
20161,2245,2,alt2,1,1,13,11,5,6,60,60,2,1,2,1,2.0,0
20161,2246,2,alt2,1,1,10,8,5,6,60,30,0,0,2,1,2.0,0
20161,2247,1,alt1,1,1,10,9,4,5,15,60,1,1,2,1,2.0,0
20161,2248,2,alt2,1,1,7,10,5,4,60,15,0,0,2,1,2.0,0
20161,2249,1,alt1,1,1,10,7,5,6,30,60,1,0,2,1,2.0,0
20161,2250,2,alt2,1,1,10,14,5,4,30,60,2,0,2,1,2.0,0
20298,2251,1,alt1,1,1,89,127,18,15,30,15,1,0,4,0,3.0,0
20298,2252,1,alt1,1,1,81,115,18,17,60,30,2,1,4,0,3.0,0
20298,2253,1,alt1,1,1,100,143,17,13,15,15,0,2,4,0,3.0,0
20298,2254,1,alt1,1,1,74,99,19,16,30,30,0,1,4,0,3.0,0
20298,2255,2,alt2,1,1,89,105,23,17,30,15,1,0,4,0,3.0,0
20298,2256,1,alt1,1,1,84,99,17,15,15,15,2,2,4,0,3.0,0
20298,2257,2,alt2,1,1,99,89,13,14,30,30,2,1,4,0,3.0,0
20298,2258,1,alt1,1,1,89,99,20,15,15,60,0,1,4,0,3.0,0
20298,2259,1,alt1,1,1,105,94,16,21,15,15,1,2,4,0,3.0,0
20304,2260,2,alt2,1,1,224,157,73,84,60,15,1,1,2,1,3.0,0
20304,2261,1,alt1,1,1,253,190,81,105,15,60,0,1,2,1,3.0,0
20304,2262,1,alt1,1,1,185,167,69,79,30,60,0,2,2,1,3.0,0
20304,2263,2,alt2,1,1,174,205,90,69,15,60,0,0,2,1,3.0,0
20304,2264,1,alt1,1,1,224,202,73,80,15,15,0,0,2,1,3.0,0
20304,2265,2,alt2,1,1,184,205,80,73,30,15,1,0,2,1,3.0,0
20304,2266,2,alt2,1,1,148,185,88,73,15,15,2,2,2,1,3.0,0
20304,2267,2,alt2,1,1,185,139,81,89,60,30,2,2,2,1,3.0,0
20304,2268,1,alt1,1,1,176,123,92,120,30,15,2,1,2,1,3.0,0
20323,2269,1,alt1,1,1,29,39,12,10,15,15,2,1,0,0,3.0,0
20323,2270,2,alt2,1,1,31,21,8,11,60,60,0,2,0,0,3.0,0
20323,2271,1,alt1,1,1,23,32,12,10,15,60,0,0,0,0,3.0,0
20323,2272,2,alt2,1,1,44,35,8,9,15,15,1,2,0,0,3.0,0
20323,2273,1,alt1,1,1,29,39,11,8,60,30,2,0,0,0,3.0,0
20323,2274,2,alt2,1,1,32,24,8,11,15,30,1,1,0,0,3.0,0
20323,2275,1,alt1,1,1,36,29,9,11,30,15,0,1,0,0,3.0,0
20323,2276,1,alt1,1,1,31,39,10,8,30,30,0,2,0,0,3.0,0
20323,2277,2,alt2,1,1,36,27,8,9,60,15,1,1,0,0,3.0,0
20352,2278,2,alt2,1,1,13,18,26,22,30,15,1,0,1,1,3.0,0
20352,2279,2,alt2,1,1,12,17,28,25,60,30,2,1,1,1,3.0,0
20352,2280,1,alt1,1,1,15,21,26,19,15,15,0,2,1,1,3.0,0
20352,2281,2,alt2,1,1,11,14,29,24,30,30,0,1,1,1,3.0,0
20352,2282,2,alt2,1,1,13,15,34,25,30,15,1,0,1,1,3.0,0
20352,2283,2,alt2,1,1,12,14,25,22,15,15,2,2,1,1,3.0,0
20352,2284,2,alt2,1,1,14,13,19,22,30,30,2,1,1,1,3.0,0
20352,2285,2,alt2,1,1,13,14,30,22,15,60,0,1,1,1,3.0,0
20352,2286,2,alt2,1,1,15,14,24,31,15,15,1,2,1,1,3.0,0
20391,2287,2,alt2,1,1,29,20,8,9,60,15,1,1,2,0,2.0,0
20391,2288,2,alt2,1,1,24,33,12,9,60,15,1,0,2,0,2.0,0
20391,2289,1,alt1,1,1,24,21,8,9,30,60,0,2,2,0,2.0,0
20391,2290,2,alt2,1,1,22,26,10,8,15,60,0,0,2,0,2.0,0
20391,2291,2,alt2,1,1,26,29,9,8,15,15,0,0,2,0,2.0,0
20391,2292,2,alt2,1,1,24,26,9,8,30,15,1,0,2,0,2.0,0
20391,2293,1,alt1,1,1,24,19,8,10,15,15,2,2,2,0,2.0,0
20391,2294,2,alt2,1,1,24,18,9,10,60,30,2,2,2,0,2.0,0
20391,2295,2,alt2,1,1,23,16,10,13,30,15,2,1,2,0,2.0,0
20455,2296,2,alt2,1,1,185,139,43,50,15,15,1,2,4,1,3.0,0
20455,2297,2,alt2,1,1,101,145,44,34,60,60,2,0,4,1,3.0,0
20455,2298,2,alt2,1,1,153,107,41,48,60,15,0,0,4,1,3.0,0
20455,2299,2,alt2,1,1,209,167,32,36,15,15,1,2,4,1,3.0,0
20455,2300,1,alt1,1,1,185,139,32,44,30,60,0,2,4,1,3.0,0
20455,2301,2,alt2,1,1,153,115,34,44,15,30,1,1,4,1,3.0,0
20455,2302,2,alt2,1,1,169,135,38,43,30,15,0,1,4,1,3.0,0
20455,2303,1,alt1,1,1,148,185,42,32,30,30,0,2,4,1,3.0,0
20455,2304,2,alt2,1,1,169,127,32,39,60,15,1,1,4,1,3.0,0
20469,2305,2,alt2,1,1,101,86,28,31,30,30,1,0,0,0,3.0,0
20469,2306,2,alt2,1,1,70,53,28,32,15,60,2,0,0,0,3.0,0
20469,2307,1,alt1,1,1,70,60,28,34,30,15,0,2,0,0,3.0,0
20469,2308,1,alt1,1,1,76,90,37,34,60,60,1,2,0,0,3.0,0
20469,2309,1,alt1,1,1,74,59,35,41,60,30,0,0,0,0,3.0,0
20469,2310,2,alt2,1,1,63,74,31,27,60,15,1,1,0,0,3.0,0
20469,2311,1,alt1,1,1,74,52,27,32,15,60,0,0,0,0,3.0,0
20469,2312,2,alt2,1,1,74,52,31,34,30,60,1,0,0,0,3.0,0
20469,2313,1,alt1,1,1,71,101,32,28,30,60,2,0,0,0,3.0,0
20521,2314,1,alt1,1,1,21,29,9,8,15,60,1,2,1,0,1.0,0
20521,2315,2,alt2,1,1,22,27,11,8,60,60,1,1,1,0,1.0,0
20521,2316,2,alt2,1,1,20,27,9,8,30,60,2,0,1,0,1.0,0
20521,2317,1,alt1,1,1,29,21,8,11,30,15,0,1,1,0,1.0,0
20521,2318,1,alt1,1,1,20,29,9,8,15,30,1,2,1,0,1.0,0
20521,2319,1,alt1,1,1,31,22,10,13,15,30,2,2,1,0,1.0,0
20521,2320,2,alt2,1,1,31,24,8,9,15,60,2,0,1,0,1.0,0
20521,2321,2,alt2,1,1,29,39,11,10,15,30,1,0,1,0,1.0,0
20521,2322,1,alt1,1,1,27,19,8,9,15,30,1,1,1,0,1.0,0
20572,2323,2,alt2,1,1,17,12,3,4,60,15,1,1,3,0,1.0,0
20572,2324,1,alt1,1,1,20,15,3,4,15,60,0,1,3,0,1.0,0
20572,2325,2,alt2,1,1,13,14,3,2,60,30,2,0,3,0,1.0,0
20572,2326,2,alt2,1,1,16,13,2,3,60,15,0,0,3,0,1.0,0
20572,2327,2,alt2,1,1,16,17,4,3,15,15,0,0,3,0,1.0,0
20572,2328,2,alt2,1,1,14,16,4,3,30,15,1,0,3,0,1.0,0
20572,2329,1,alt1,1,1,14,11,3,4,15,15,2,2,3,0,1.0,0
20572,2330,2,alt2,1,1,14,11,3,4,60,30,2,2,3,0,1.0,0
20572,2331,1,alt1,1,1,9,14,4,3,15,30,1,2,3,0,1.0,0
20597,2332,1,alt1,1,1,22,31,6,5,15,60,1,1,1,0,3.0,0
20597,2333,2,alt2,1,1,26,35,7,5,60,15,1,0,1,0,3.0,0
20597,2334,1,alt1,1,1,26,23,5,6,30,60,0,2,1,0,3.0,0
20597,2335,1,alt1,1,1,24,28,6,5,15,60,0,0,1,0,3.0,0
20597,2336,2,alt2,1,1,31,28,5,6,15,15,0,0,1,0,3.0,0
20597,2337,2,alt2,1,1,26,28,6,5,30,15,1,0,1,0,3.0,0
20597,2338,2,alt2,1,1,26,21,5,6,15,15,2,2,1,0,3.0,0
20597,2339,2,alt2,1,1,26,19,5,6,60,30,2,2,1,0,3.0,0
20597,2340,1,alt1,1,1,17,24,8,6,15,30,1,2,1,0,3.0,0
20676,2341,1,alt1,1,1,71,83,11,10,30,30,0,1,0,1,3.0,0
20676,2342,1,alt1,1,1,43,58,12,10,60,15,0,2,0,1,3.0,0
20676,2343,2,alt2,1,1,49,58,12,10,15,30,2,0,0,1,3.0,0
20676,2344,2,alt2,1,1,74,63,13,14,60,60,2,1,0,1,3.0,0
20676,2345,1,alt1,1,1,49,61,15,13,30,60,0,0,0,1,3.0,0
20676,2346,2,alt2,1,1,52,61,11,10,60,15,1,1,0,1,3.0,0
20676,2347,2,alt2,1,1,43,61,12,10,60,15,0,0,0,1,3.0,0
20676,2348,1,alt1,1,1,43,61,13,11,60,30,0,1,0,1,3.0,0
20676,2349,1,alt1,1,1,83,58,10,12,60,30,0,2,0,1,3.0,0
20696,2350,1,alt1,1,1,16,23,6,5,15,60,1,1,4,0,1.0,0
20696,2351,1,alt1,1,1,26,20,6,8,15,60,0,1,4,0,1.0,0
20696,2352,2,alt2,1,1,17,19,6,5,60,30,2,0,4,0,1.0,0
20696,2353,1,alt1,1,1,18,21,6,5,15,60,0,0,4,0,1.0,0
20696,2354,1,alt1,1,1,23,21,5,6,15,15,0,0,4,0,1.0,0
20696,2355,1,alt1,1,1,21,19,5,6,15,30,0,1,4,0,1.0,0
20696,2356,2,alt2,1,1,19,15,5,6,15,15,2,2,4,0,1.0,0
20696,2357,1,alt1,1,1,14,19,7,6,30,60,2,2,4,0,1.0,0
20696,2358,2,alt2,1,1,18,13,7,9,30,15,2,1,4,0,1.0,0
20697,2359,1,alt1,1,1,11,15,3,2,15,60,1,2,2,0,1.0,0
20697,2360,1,alt1,1,1,14,12,2,3,60,60,1,1,2,0,1.0,0
20697,2361,1,alt1,1,1,14,11,2,3,60,30,0,2,2,0,1.0,0
20697,2362,1,alt1,1,1,15,11,2,3,30,15,0,1,2,0,1.0,0
20697,2363,2,alt2,1,1,15,11,2,3,30,15,2,1,2,0,1.0,0
20697,2364,1,alt1,1,1,17,12,3,4,15,30,2,2,2,0,1.0,0
20697,2365,1,alt1,1,1,17,13,2,3,15,60,2,0,2,0,1.0,0
20697,2366,1,alt1,1,1,21,16,3,4,30,15,0,1,2,0,1.0,0
20697,2367,2,alt2,1,1,10,14,3,2,30,15,1,1,2,0,1.0,0
20808,2368,1,alt1,1,1,25,36,9,8,15,60,1,1,1,0,4.0,1
20808,2369,1,alt1,1,1,40,30,8,11,15,60,0,1,1,0,4.0,1
20808,2370,2,alt2,1,1,27,29,8,7,60,30,2,0,1,0,4.0,1
20808,2371,2,alt2,1,1,33,28,7,9,60,15,0,0,1,0,4.0,1
20808,2372,2,alt2,1,1,32,36,9,8,15,15,0,0,1,0,4.0,1
20808,2373,2,alt2,1,1,29,33,9,8,30,15,1,0,1,0,4.0,1
20808,2374,1,alt1,1,1,29,24,8,9,15,15,2,2,1,0,4.0,1
20808,2375,2,alt2,1,1,29,22,8,9,60,30,2,2,1,0,4.0,1
20808,2376,2,alt2,1,1,20,28,12,9,15,30,1,2,1,0,4.0,1
20818,2377,2,alt2,1,1,12,8,2,3,60,15,1,1,2,1,2.0,0
20818,2378,1,alt1,1,1,13,10,2,3,15,60,0,1,2,1,2.0,0
20818,2379,2,alt2,1,1,9,10,3,2,60,30,2,0,2,1,2.0,0
20818,2380,1,alt1,1,1,9,11,3,2,15,60,0,0,2,1,2.0,0
20818,2381,1,alt1,1,1,12,10,2,3,15,15,0,0,2,1,2.0,0
20818,2382,1,alt1,1,1,11,9,2,3,15,30,0,1,2,1,2.0,0
20818,2383,2,alt2,1,1,8,10,3,2,15,15,2,2,2,1,2.0,0
20818,2384,2,alt2,1,1,10,7,2,3,60,30,2,2,2,1,2.0,0
20818,2385,2,alt2,1,1,9,6,2,3,30,15,2,1,2,1,2.0,0
20836,2386,1,alt1,1,1,45,53,12,11,30,30,0,1,0,0,1.0,0
20836,2387,2,alt2,1,1,37,28,11,12,15,60,2,0,0,0,1.0,0
20836,2388,2,alt2,1,1,31,37,13,11,15,30,2,0,0,0,1.0,0
20836,2389,1,alt1,1,1,40,47,14,13,60,60,1,2,0,0,1.0,0
20836,2390,2,alt2,1,1,31,39,15,13,30,60,0,0,0,0,1.0,0
20836,2391,2,alt2,1,1,33,39,12,10,60,15,1,1,0,0,1.0,0
20836,2392,2,alt2,1,1,39,27,10,12,15,60,0,0,0,0,1.0,0
20836,2393,2,alt2,1,1,27,39,13,12,60,30,0,1,0,0,1.0,0
20836,2394,2,alt2,1,1,53,37,11,12,60,30,0,2,0,0,1.0,0
21044,2395,1,alt1,1,1,38,51,16,15,15,60,1,2,1,0,3.0,0
21044,2396,1,alt1,1,1,49,39,16,21,60,60,1,1,1,0,3.0,0
21044,2397,2,alt2,1,1,36,49,16,15,30,60,2,0,1,0,3.0,0
21044,2398,2,alt2,1,1,38,51,21,16,15,30,1,0,1,0,3.0,0
21044,2399,2,alt2,1,1,51,36,16,17,30,15,2,1,1,0,3.0,0
21044,2400,1,alt1,1,1,57,40,19,26,15,30,2,2,1,0,3.0,0
21044,2401,2,alt2,1,1,57,43,16,18,15,60,2,0,1,0,3.0,0
21044,2402,1,alt1,1,1,70,53,19,22,30,15,0,1,1,0,3.0,0
21044,2403,1,alt1,1,1,34,49,17,15,30,15,1,1,1,0,3.0,0
21120,2404,1,alt1,1,1,12,9,11,12,15,15,1,2,3,0,1.0,0
21120,2405,1,alt1,1,1,9,6,9,11,60,60,0,2,3,0,1.0,0
21120,2406,1,alt1,1,1,10,7,10,12,60,15,0,0,3,0,1.0,0
21120,2407,1,alt1,1,1,13,10,8,9,15,15,1,2,3,0,1.0,0
21120,2408,1,alt1,1,1,12,9,8,11,30,60,0,2,3,0,1.0,0
21120,2409,2,alt2,1,1,7,10,11,9,30,15,1,1,3,0,1.0,0
21120,2410,1,alt1,1,1,11,8,9,11,30,15,0,1,3,0,1.0,0
21120,2411,2,alt2,1,1,12,9,8,11,30,30,2,0,3,0,1.0,0
21120,2412,2,alt2,1,1,8,11,10,8,15,60,1,1,3,0,1.0,0
21146,2413,2,alt2,1,1,64,54,7,8,30,30,1,0,0,0,3.0,0
21146,2414,2,alt2,1,1,44,33,7,8,15,60,2,0,0,0,3.0,0
21146,2415,2,alt2,1,1,37,44,8,7,15,30,2,0,0,0,3.0,0
21146,2416,2,alt2,1,1,56,48,8,9,60,60,2,1,0,0,3.0,0
21146,2417,2,alt2,1,1,47,37,9,10,60,30,0,0,0,0,3.0,0
21146,2418,2,alt2,1,1,47,40,6,7,15,60,1,1,0,0,3.0,0
21146,2419,2,alt2,1,1,47,33,6,8,15,60,0,0,0,0,3.0,0
21146,2420,1,alt1,1,1,33,47,9,8,60,30,0,1,0,0,3.0,0
21146,2421,1,alt1,1,1,45,64,8,7,30,60,2,0,0,0,3.0,0
21199,2422,1,alt1,1,1,69,48,18,22,15,30,0,1,1,1,3.0,0
21199,2423,2,alt2,1,1,63,44,21,23,30,60,1,2,1,1,3.0,0
21199,2424,1,alt1,1,1,55,78,21,16,15,15,0,2,1,1,3.0,0
21199,2425,1,alt1,1,1,41,54,24,20,30,30,0,1,1,1,3.0,0
21199,2426,2,alt2,1,1,48,57,28,21,30,15,1,0,1,1,3.0,0
21199,2427,1,alt1,1,1,54,46,18,21,15,15,2,2,1,1,3.0,0
21199,2428,1,alt1,1,1,49,54,18,16,30,30,1,2,1,1,3.0,0
21199,2429,1,alt1,1,1,49,54,25,18,15,60,0,1,1,1,3.0,0
21199,2430,2,alt2,1,1,51,57,26,20,15,15,2,1,1,1,3.0,0
21289,2431,1,alt1,1,1,158,186,25,23,30,30,0,1,3,1,3.0,0
21289,2432,1,alt1,1,1,97,129,27,23,60,15,0,2,3,1,3.0,0
21289,2433,2,alt2,1,1,109,129,28,23,15,30,2,0,3,1,3.0,0
21289,2434,1,alt1,1,1,140,164,31,28,60,60,1,2,3,1,3.0,0
21289,2435,2,alt2,1,1,136,109,29,34,60,30,0,0,3,1,3.0,0
21289,2436,2,alt2,1,1,115,136,25,22,60,15,1,1,3,1,3.0,0
21289,2437,2,alt2,1,1,95,136,26,22,60,15,0,0,3,1,3.0,0
21289,2438,2,alt2,1,1,136,95,26,28,30,60,1,0,3,1,3.0,0
21289,2439,1,alt1,1,1,186,130,23,27,60,30,0,2,3,1,3.0,0
21458,2440,2,alt2,1,1,57,68,15,13,30,30,0,1,1,1,3.0,0
21458,2441,2,alt2,1,1,47,35,13,15,15,60,2,0,1,1,3.0,0
21458,2442,2,alt2,1,1,40,47,16,13,15,30,2,0,1,1,3.0,0
21458,2443,1,alt1,1,1,51,60,18,16,60,60,1,2,1,1,3.0,0
21458,2444,2,alt2,1,1,49,40,17,19,60,30,0,0,1,1,3.0,0
21458,2445,1,alt1,1,1,49,42,13,14,15,60,1,1,1,1,3.0,0
21458,2446,1,alt1,1,1,35,49,15,13,60,15,0,0,1,1,3.0,0
21458,2447,1,alt1,1,1,35,49,16,15,60,30,0,1,1,1,3.0,0
21458,2448,2,alt2,1,1,47,68,15,13,30,60,2,0,1,1,3.0,0
21492,2449,1,alt1,1,1,13,17,5,4,15,60,1,2,1,0,3.0,0
21492,2450,1,alt1,1,1,16,13,4,5,60,60,1,1,1,0,3.0,0
21492,2451,1,alt1,1,1,16,12,4,5,60,30,0,2,1,0,3.0,0
21492,2452,2,alt2,1,1,13,17,5,4,15,30,1,0,1,0,3.0,0
21492,2453,2,alt2,1,1,17,12,4,5,30,15,2,1,1,0,3.0,0
21492,2454,1,alt1,1,1,19,13,5,7,15,30,2,2,1,0,3.0,0
21492,2455,2,alt2,1,1,19,14,4,5,15,60,2,0,1,0,3.0,0
21492,2456,1,alt1,1,1,23,18,5,6,30,15,0,1,1,0,3.0,0
21492,2457,2,alt2,1,1,11,16,5,4,30,15,1,1,1,0,3.0,0
21500,2458,2,alt2,1,1,41,54,33,29,15,15,2,1,3,0,3.0,0
21500,2459,1,alt1,1,1,42,30,23,30,60,60,0,2,3,0,3.0,0
21500,2460,2,alt2,1,1,45,31,28,32,60,15,0,0,3,0,3.0,0
21500,2461,1,alt1,1,1,61,49,22,24,15,15,1,2,3,0,3.0,0
21500,2462,1,alt1,1,1,54,41,22,29,30,60,0,2,3,0,3.0,0
21500,2463,2,alt2,1,1,45,33,23,30,15,30,1,1,3,0,3.0,0
21500,2464,2,alt2,1,1,39,49,29,25,15,30,1,0,3,0,3.0,0
21500,2465,1,alt1,1,1,43,54,28,22,30,30,0,2,3,0,3.0,0
21500,2466,1,alt1,1,1,37,49,26,22,15,60,1,1,3,0,3.0,0
21509,2467,1,alt1,1,1,41,31,16,19,15,15,1,2,1,0,3.0,0
21509,2468,2,alt2,1,1,23,32,17,13,60,60,2,0,1,0,3.0,0
21509,2469,2,alt2,1,1,34,24,16,18,60,15,0,0,1,0,3.0,0
21509,2470,1,alt1,1,1,47,37,12,13,15,15,1,2,1,0,3.0,0
21509,2471,1,alt1,1,1,41,31,12,16,30,60,0,2,1,0,3.0,0
21509,2472,1,alt1,1,1,34,26,13,17,15,30,1,1,1,0,3.0,0
21509,2473,1,alt1,1,1,38,30,14,16,30,15,0,1,1,0,3.0,0
21509,2474,1,alt1,1,1,33,41,16,12,30,30,0,2,1,0,3.0,0
21509,2475,2,alt2,1,1,28,38,15,12,15,60,1,1,1,0,3.0,0
21577,2476,2,alt2,1,1,39,55,23,19,30,15,1,0,4,1,3.0,0
21577,2477,2,alt2,1,1,35,50,24,22,60,30,2,1,4,1,3.0,0
21577,2478,2,alt2,1,1,62,44,17,22,15,15,2,0,4,1,3.0,0
21577,2479,2,alt2,1,1,43,32,21,26,30,30,1,0,4,1,3.0,0
21577,2480,2,alt2,1,1,39,46,30,22,30,15,1,0,4,1,3.0,0
21577,2481,1,alt1,1,1,43,37,19,22,15,15,2,2,4,1,3.0,0
21577,2482,2,alt2,1,1,43,39,17,19,30,30,2,1,4,1,3.0,0
21577,2483,2,alt2,1,1,43,39,19,26,60,15,1,0,4,1,3.0,0
21577,2484,2,alt2,1,1,41,46,28,21,15,15,2,1,4,1,3.0,0
21589,2485,2,alt2,1,1,107,75,28,32,60,15,1,1,4,0,4.0,1
21589,2486,2,alt2,1,1,91,121,40,31,60,15,1,0,4,0,4.0,1
21589,2487,1,alt1,1,1,88,80,27,31,30,60,0,2,4,0,4.0,1
21589,2488,2,alt2,1,1,83,98,35,27,15,60,0,0,4,0,4.0,1
21589,2489,1,alt1,1,1,96,107,31,28,15,15,0,0,4,0,4.0,1
21589,2490,1,alt1,1,1,98,88,28,31,15,30,0,1,4,0,4.0,1
21589,2491,2,alt2,1,1,71,88,34,28,15,15,2,2,4,0,4.0,1
21589,2492,2,alt2,1,1,88,66,31,34,60,30,2,2,4,0,4.0,1
21589,2493,1,alt1,1,1,59,84,46,35,15,30,1,2,4,0,4.0,1
21619,2494,1,alt1,1,1,140,165,40,36,30,30,0,1,0,0,3.0,0
21619,2495,2,alt2,1,1,114,86,36,42,15,60,2,0,0,0,3.0,0
21619,2496,1,alt1,1,1,114,97,36,43,30,15,0,2,0,0,3.0,0
21619,2497,1,alt1,1,1,124,146,48,44,60,60,1,2,0,0,3.0,0
21619,2498,1,alt1,1,1,97,121,52,46,30,60,0,0,0,0,3.0,0
21619,2499,2,alt2,1,1,103,121,39,34,60,15,1,1,0,0,3.0,0
21619,2500,2,alt2,1,1,84,121,41,34,60,15,0,0,0,0,3.0,0
21619,2501,2,alt2,1,1,121,84,40,44,30,60,1,0,0,0,3.0,0
21619,2502,1,alt1,1,1,165,116,36,42,60,30,0,2,0,0,3.0,0
21620,2503,1,alt1,1,1,47,35,14,17,15,15,1,2,0,1,3.0,0
21620,2504,2,alt2,1,1,26,37,15,11,60,60,2,0,0,1,3.0,0
21620,2505,1,alt1,1,1,27,39,16,14,15,60,0,0,0,1,3.0,0
21620,2506,1,alt1,1,1,43,53,12,11,15,15,2,1,0,1,3.0,0
21620,2507,1,alt1,1,1,47,35,11,15,30,60,0,2,0,1,3.0,0
21620,2508,2,alt2,1,1,29,39,15,11,30,15,1,1,0,1,3.0,0
21620,2509,2,alt2,1,1,43,34,13,14,30,15,0,1,0,1,3.0,0
21620,2510,2,alt2,1,1,47,38,11,14,30,30,2,0,0,1,3.0,0
21620,2511,1,alt1,1,1,32,43,13,11,15,60,1,1,0,1,3.0,0
21623,2512,2,alt2,1,1,148,212,70,58,30,15,1,0,0,0,3.0,0
21623,2513,2,alt2,1,1,193,135,67,73,30,60,1,2,0,0,3.0,0
21623,2514,2,alt2,1,1,239,167,50,67,15,15,2,0,0,0,3.0,0
21623,2515,2,alt2,1,1,166,124,64,77,30,30,1,0,0,0,3.0,0
21623,2516,2,alt2,1,1,175,149,67,90,15,30,0,1,0,0,3.0,0
21623,2517,2,alt2,1,1,141,166,67,58,15,15,2,2,0,0,3.0,0
21623,2518,1,alt1,1,1,149,166,57,50,30,30,1,2,0,0,3.0,0
21623,2519,2,alt2,1,1,149,166,79,58,15,60,0,1,0,0,3.0,0
21623,2520,1,alt1,1,1,175,157,64,83,15,15,1,2,0,0,3.0,0
21694,2521,2,alt2,1,1,90,76,12,13,30,30,1,0,3,0,1.0,0
21694,2522,1,alt1,1,1,47,62,13,12,60,15,0,2,3,0,1.0,0
21694,2523,2,alt2,1,1,53,62,14,12,15,30,2,0,3,0,1.0,0
21694,2524,1,alt1,1,1,67,79,16,14,60,60,1,2,3,0,1.0,0
21694,2525,2,alt2,1,1,66,52,15,17,60,30,0,0,3,0,1.0,0
21694,2526,1,alt1,1,1,66,56,11,13,15,60,1,1,3,0,1.0,0
21694,2527,2,alt2,1,1,66,46,11,13,15,60,0,0,3,0,1.0,0
21694,2528,1,alt1,1,1,46,66,14,13,60,30,0,1,3,0,1.0,0
21694,2529,2,alt2,1,1,90,63,12,13,60,30,0,2,3,0,1.0,0
21712,2530,2,alt2,1,1,22,29,7,6,15,15,2,1,3,1,1.0,0
21712,2531,2,alt2,1,1,16,23,6,4,60,60,2,0,3,1,1.0,0
21712,2532,2,alt2,1,1,24,17,5,6,60,15,0,0,3,1,1.0,0
21712,2533,2,alt2,1,1,26,33,5,4,15,15,2,1,3,1,1.0,0
21712,2534,1,alt1,1,1,29,22,4,6,30,60,0,2,3,1,1.0,0
21712,2535,2,alt2,1,1,24,18,4,6,15,30,1,1,3,1,1.0,0
21712,2536,2,alt2,1,1,21,26,6,5,15,30,1,0,3,1,1.0,0
21712,2537,2,alt2,1,1,29,23,4,5,30,30,2,0,3,1,1.0,0
21712,2538,1,alt1,1,1,20,26,5,4,15,60,1,1,3,1,1.0,0
21749,2539,1,alt1,1,1,55,65,16,15,30,30,0,1,2,1,3.0,0
21749,2540,2,alt2,1,1,45,34,15,17,15,60,2,0,2,1,3.0,0
21749,2541,1,alt1,1,1,45,38,15,18,30,15,0,2,2,1,3.0,0
21749,2542,2,alt2,1,1,58,49,18,20,60,60,2,1,2,1,3.0,0
21749,2543,2,alt2,1,1,48,38,19,21,60,30,0,0,2,1,3.0,0
21749,2544,2,alt2,1,1,48,40,14,16,15,60,1,1,2,1,3.0,0
21749,2545,2,alt2,1,1,33,48,17,14,60,15,0,0,2,1,3.0,0
21749,2546,2,alt2,1,1,48,33,16,18,30,60,1,0,2,1,3.0,0
21749,2547,1,alt1,1,1,65,46,15,17,60,30,0,2,2,1,3.0,0
21756,2548,2,alt2,1,1,48,36,13,14,60,15,2,1,2,0,3.0,0
21756,2549,1,alt1,1,1,45,36,13,18,60,60,1,1,2,0,3.0,0
21756,2550,1,alt1,1,1,34,45,14,13,30,60,2,0,2,0,3.0,0
21756,2551,1,alt1,1,1,48,36,13,18,30,15,0,1,2,0,3.0,0
21756,2552,1,alt1,1,1,33,48,15,13,15,30,1,2,2,0,3.0,0
21756,2553,1,alt1,1,1,52,37,16,22,15,30,2,2,2,0,3.0,0
21756,2554,1,alt1,1,1,52,39,13,15,15,60,2,0,2,0,3.0,0
21756,2555,1,alt1,1,1,49,65,19,16,15,30,1,0,2,0,3.0,0
21756,2556,1,alt1,1,1,45,32,13,14,15,30,1,1,2,0,3.0,0
21818,2557,2,alt2,1,1,68,47,15,17,60,15,1,1,2,1,1.0,0
21818,2558,2,alt2,1,1,58,77,21,16,60,15,1,0,2,1,1.0,0
21818,2559,2,alt2,1,1,50,56,16,14,60,30,2,0,2,1,1.0,0
21818,2560,1,alt1,1,1,53,62,18,14,15,60,0,0,2,1,1.0,0
21818,2561,1,alt1,1,1,61,68,16,15,15,15,0,0,2,1,1.0,0
21818,2562,1,alt1,1,1,62,56,15,16,15,30,0,1,2,1,1.0,0
21818,2563,2,alt2,1,1,56,45,15,18,15,15,2,2,2,1,1.0,0
21818,2564,1,alt1,1,1,42,56,18,16,30,60,2,2,2,1,1.0,0
21818,2565,2,alt2,1,1,53,37,19,24,30,15,2,1,2,1,1.0,0
21835,2566,2,alt2,1,1,156,117,28,31,60,15,2,1,2,0,3.0,0
21835,2567,1,alt1,1,1,148,118,30,40,60,60,1,1,2,0,3.0,0
21835,2568,2,alt2,1,1,148,111,28,31,60,30,0,2,2,0,3.0,0
21835,2569,2,alt2,1,1,117,156,40,30,15,30,1,0,2,0,3.0,0
21835,2570,2,alt2,1,1,156,109,30,33,30,15,2,1,2,0,3.0,0
21835,2571,1,alt1,1,1,172,121,36,48,15,30,2,2,2,0,3.0,0
21835,2572,2,alt2,1,1,129,172,34,30,60,15,0,2,2,0,3.0,0
21835,2573,2,alt2,1,1,213,160,36,41,30,15,0,1,2,0,3.0,0
21835,2574,2,alt2,1,1,148,103,28,32,15,30,1,1,2,0,3.0,0
21846,2575,1,alt1,1,1,45,34,16,18,15,15,1,2,0,0,3.0,0
21846,2576,1,alt1,1,1,35,25,12,16,60,60,0,2,0,0,3.0,0
21846,2577,1,alt1,1,1,37,26,15,17,60,15,0,0,0,0,3.0,0
21846,2578,1,alt1,1,1,51,41,12,13,15,15,1,2,0,0,3.0,0
21846,2579,2,alt2,1,1,34,45,16,12,60,30,2,0,0,0,3.0,0
21846,2580,1,alt1,1,1,37,28,12,16,15,30,1,1,0,0,3.0,0
21846,2581,1,alt1,1,1,41,33,14,16,30,15,0,1,0,0,3.0,0
21846,2582,1,alt1,1,1,36,45,15,12,30,30,0,2,0,0,3.0,0
21846,2583,1,alt1,1,1,31,41,14,12,15,60,1,1,0,0,3.0,0
21857,2584,1,alt1,1,1,31,23,4,5,15,15,1,2,3,0,1.0,0
21857,2585,1,alt1,1,1,24,17,3,4,60,60,0,2,3,0,1.0,0
21857,2586,2,alt2,1,1,26,18,4,5,60,15,0,0,3,0,1.0,0
21857,2587,2,alt2,1,1,28,35,4,3,15,15,2,1,3,0,1.0,0
21857,2588,1,alt1,1,1,31,23,3,4,30,60,0,2,3,0,1.0,0
21857,2589,1,alt1,1,1,19,26,4,3,30,15,1,1,3,0,1.0,0
21857,2590,2,alt2,1,1,28,23,4,5,30,15,0,1,3,0,1.0,0
21857,2591,1,alt1,1,1,25,31,4,3,30,30,0,2,3,0,1.0,0
21857,2592,2,alt2,1,1,28,21,3,4,60,15,1,1,3,0,1.0,0
21912,2593,2,alt2,1,1,95,81,37,41,30,30,1,0,1,0,4.0,1
21912,2594,1,alt1,1,1,49,66,43,37,60,15,0,2,1,0,4.0,1
21912,2595,1,alt1,1,1,66,56,37,44,30,15,0,2,1,0,4.0,1
21912,2596,1,alt1,1,1,71,84,49,45,60,60,1,2,1,0,4.0,1
21912,2597,2,alt2,1,1,69,55,47,54,60,30,0,0,1,0,4.0,1
21912,2598,1,alt1,1,1,59,69,40,35,60,15,1,1,1,0,4.0,1
21912,2599,1,alt1,1,1,49,69,42,35,60,15,0,0,1,0,4.0,1
21912,2600,1,alt1,1,1,49,69,45,41,60,30,0,1,1,0,4.0,1
21912,2601,2,alt2,1,1,95,66,37,43,60,30,0,2,1,0,4.0,1
21922,2602,1,alt1,1,1,181,154,49,54,30,30,1,0,0,1,3.0,0
21922,2603,2,alt2,1,1,125,94,49,57,15,60,2,0,0,1,3.0,0
21922,2604,1,alt1,1,1,125,106,49,59,30,15,0,2,0,1,3.0,0
21922,2605,2,alt2,1,1,136,160,66,60,60,60,1,2,0,1,3.0,0
21922,2606,1,alt1,1,1,106,132,72,62,30,60,0,0,0,1,3.0,0
21922,2607,1,alt1,1,1,132,112,47,54,15,60,1,1,0,1,3.0,0
21922,2608,1,alt1,1,1,132,92,47,56,15,60,0,0,0,1,3.0,0
21922,2609,2,alt2,1,1,92,132,60,55,60,30,0,1,0,1,3.0,0
21922,2610,1,alt1,1,1,126,181,57,49,30,60,2,0,0,1,3.0,0
21947,2611,2,alt2,1,1,228,159,55,63,60,15,1,1,1,0,3.0,0
21947,2612,1,alt1,1,1,257,193,61,79,15,60,0,1,1,0,3.0,0
21947,2613,2,alt2,1,1,169,188,60,52,60,30,2,0,1,0,3.0,0
21947,2614,1,alt1,1,1,208,177,52,68,60,15,0,0,1,0,3.0,0
21947,2615,1,alt1,1,1,228,205,55,61,15,15,0,0,1,0,3.0,0
21947,2616,2,alt2,1,1,187,208,61,55,30,15,1,0,1,0,3.0,0
21947,2617,1,alt1,1,1,188,150,55,66,15,15,2,2,1,0,3.0,0
21947,2618,2,alt2,1,1,188,141,61,67,60,30,2,2,1,0,3.0,0
21947,2619,1,alt1,1,1,178,125,70,90,30,15,2,1,1,0,3.0,0
21952,2620,1,alt1,1,1,57,82,23,20,15,60,1,1,3,0,3.0,0
21952,2621,2,alt2,1,1,69,92,29,23,60,15,1,0,3,0,3.0,0
21952,2622,2,alt2,1,1,61,67,22,19,60,30,2,0,3,0,3.0,0
21952,2623,1,alt1,1,1,63,75,25,19,15,60,0,0,3,0,3.0,0
21952,2624,2,alt2,1,1,82,73,20,22,15,15,0,0,3,0,3.0,0
21952,2625,2,alt2,1,1,67,75,22,20,30,15,1,0,3,0,3.0,0
21952,2626,2,alt2,1,1,67,54,20,25,15,15,2,2,3,0,3.0,0
21952,2627,2,alt2,1,1,67,51,23,25,60,30,2,2,3,0,3.0,0
21952,2628,1,alt1,1,1,45,64,34,26,15,30,1,2,3,0,3.0,0
21955,2629,2,alt2,1,1,196,167,59,65,30,30,1,0,2,0,4.0,1
21955,2630,1,alt1,1,1,102,136,68,59,60,15,0,2,2,0,4.0,1
21955,2631,1,alt1,1,1,136,116,59,71,30,15,0,2,2,0,4.0,1
21955,2632,2,alt2,1,1,174,148,71,78,60,60,2,1,2,0,4.0,1
21955,2633,1,alt1,1,1,143,115,74,86,60,30,0,0,2,0,4.0,1
21955,2634,1,alt1,1,1,143,122,56,64,15,60,1,1,2,0,4.0,1
21955,2635,2,alt2,1,1,100,143,67,56,60,15,0,0,2,0,4.0,1
21955,2636,2,alt2,1,1,143,100,65,72,30,60,1,0,2,0,4.0,1
21955,2637,1,alt1,1,1,137,196,68,59,30,60,2,0,2,0,4.0,1
22003,2638,2,alt2,1,1,21,14,3,4,60,15,1,1,1,1,1.0,0
22003,2639,2,alt2,1,1,18,23,5,4,60,15,1,0,1,1,1.0,0
22003,2640,1,alt1,1,1,17,15,3,4,30,60,0,2,1,1,1.0,0
22003,2641,1,alt1,1,1,16,19,4,3,15,60,0,0,1,1,1.0,0
22003,2642,1,alt1,1,1,21,19,3,4,15,15,0,0,1,1,1.0,0
22003,2643,1,alt1,1,1,19,17,3,4,15,30,0,1,1,1,1.0,0
22003,2644,1,alt1,1,1,17,14,3,4,15,15,2,2,1,1,1.0,0
22003,2645,2,alt2,1,1,17,13,4,5,60,30,2,2,1,1,1.0,0
22003,2646,1,alt1,1,1,11,16,5,4,15,30,1,2,1,1,1.0,0
22035,2647,1,alt1,1,1,36,48,7,6,15,60,1,2,0,0,3.0,0
22035,2648,2,alt2,1,1,45,36,7,9,60,60,1,1,0,0,3.0,0
22035,2649,2,alt2,1,1,34,45,7,6,30,60,2,0,0,0,3.0,0
22035,2650,2,alt2,1,1,48,36,7,9,30,15,0,1,0,0,3.0,0
22035,2651,1,alt1,1,1,33,48,8,7,15,30,1,2,0,0,3.0,0
22035,2652,1,alt1,1,1,37,52,11,8,30,15,2,2,0,0,3.0,0
22035,2653,2,alt2,1,1,52,39,7,8,15,60,2,0,0,0,3.0,0
22035,2654,1,alt1,1,1,65,49,8,9,30,15,0,1,0,0,3.0,0
22035,2655,1,alt1,1,1,45,32,6,7,15,30,1,1,0,0,3.0,0
22067,2656,2,alt2,1,1,7,5,1,2,60,15,2,1,1,0,2.0,0
22067,2657,2,alt2,1,1,5,6,2,1,60,60,1,1,1,0,2.0,0
22067,2658,1,alt1,1,1,6,5,1,2,60,30,0,2,1,0,2.0,0
22067,2659,2,alt2,1,1,5,7,2,1,15,30,1,0,1,0,2.0,0
22067,2660,1,alt1,1,1,5,7,2,1,15,30,1,2,1,0,2.0,0
22067,2661,1,alt1,1,1,7,5,1,2,15,30,2,2,1,0,2.0,0
22067,2662,1,alt1,1,1,6,7,2,1,60,15,0,2,1,0,2.0,0
22067,2663,1,alt1,1,1,9,7,1,2,30,15,0,1,1,0,2.0,0
22067,2664,1,alt1,1,1,6,4,1,2,15,30,1,1,1,0,2.0,0
22092,2665,2,alt2,1,1,38,51,8,7,15,15,2,1,1,1,1.0,0
22092,2666,1,alt1,1,1,40,28,5,7,60,60,0,2,1,1,1.0,0
22092,2667,2,alt2,1,1,42,29,6,7,60,15,0,0,1,1,1.0,0
22092,2668,1,alt1,1,1,57,46,5,6,15,15,1,2,1,1,1.0,0
22092,2669,2,alt2,1,1,38,51,7,5,60,30,2,0,1,1,1.0,0
22092,2670,1,alt1,1,1,42,31,5,7,15,30,1,1,1,1,1.0,0
22092,2671,2,alt2,1,1,46,37,6,7,30,15,0,1,1,1,1.0,0
22092,2672,1,alt1,1,1,40,51,6,5,30,30,0,2,1,1,1.0,0
22092,2673,1,alt1,1,1,35,46,6,5,15,60,1,1,1,1,1.0,0
22169,2674,1,alt1,1,1,86,115,19,18,15,60,1,2,1,0,3.0,0
22169,2675,2,alt2,1,1,109,87,19,25,60,60,1,1,1,0,3.0,0
22169,2676,2,alt2,1,1,109,82,18,19,60,30,0,2,1,0,3.0,0
22169,2677,2,alt2,1,1,115,86,19,25,30,15,0,1,1,0,3.0,0
22169,2678,1,alt1,1,1,80,115,20,19,15,30,1,2,1,0,3.0,0
22169,2679,1,alt1,1,1,89,127,30,22,30,15,2,2,1,0,3.0,0
22169,2680,2,alt2,1,1,127,95,19,21,15,60,2,0,1,0,3.0,0
22169,2681,1,alt1,1,1,118,157,26,22,15,30,1,0,1,0,3.0,0
22169,2682,1,alt1,1,1,76,109,20,18,30,15,1,1,1,0,3.0,0
22186,2683,1,alt1,1,1,16,22,13,11,15,15,2,1,2,1,2.0,0
22186,2684,2,alt2,1,1,17,12,9,11,60,60,0,2,2,1,2.0,0
22186,2685,1,alt1,1,1,13,18,12,11,15,60,0,0,2,1,2.0,0
22186,2686,1,alt1,1,1,20,25,9,8,15,15,2,1,2,1,2.0,0
22186,2687,2,alt2,1,1,16,22,11,8,60,30,2,0,2,1,2.0,0
22186,2688,1,alt1,1,1,18,14,9,11,15,30,1,1,2,1,2.0,0
22186,2689,1,alt1,1,1,16,20,11,10,15,30,1,0,2,1,2.0,0
22186,2690,2,alt2,1,1,22,17,8,11,30,30,2,0,2,1,2.0,0
22186,2691,2,alt2,1,1,20,15,8,10,60,15,1,1,2,1,2.0,0
22208,2692,1,alt1,1,1,159,227,114,99,15,60,1,1,1,1,3.0,0
22208,2693,1,alt1,1,1,256,192,110,143,15,60,0,1,1,1,3.0,0
22208,2694,2,alt2,1,1,168,187,108,94,60,30,2,0,1,1,3.0,0
22208,2695,2,alt2,1,1,176,207,122,94,15,60,0,0,1,1,3.0,0
22208,2696,2,alt2,1,1,227,204,99,109,15,15,0,0,1,1,3.0,0
22208,2697,1,alt1,1,1,207,186,99,109,15,30,0,1,1,1,3.0,0
22208,2698,1,alt1,1,1,187,150,99,119,15,15,2,2,1,1,3.0,0
22208,2699,1,alt1,1,1,140,187,121,110,30,60,2,2,1,1,3.0,0
22208,2700,1,alt1,1,1,124,177,163,125,15,30,1,2,1,1,3.0,0
22220,2701,2,alt2,1,1,9,13,3,2,30,15,1,0,4,1,1.0,0
22220,2702,2,alt2,1,1,8,12,4,3,60,30,2,1,4,1,1.0,0
22220,2703,1,alt1,1,1,10,14,3,2,15,15,0,2,4,1,1.0,0
22220,2704,1,alt1,1,1,7,10,4,3,30,30,0,1,4,1,1.0,0
22220,2705,2,alt2,1,1,9,10,4,3,30,15,1,0,4,1,1.0,0
22220,2706,2,alt2,1,1,8,10,3,2,15,15,2,2,4,1,1.0,0
22220,2707,1,alt1,1,1,9,10,3,2,30,30,1,2,4,1,1.0,0
22220,2708,1,alt1,1,1,9,10,3,2,15,60,0,1,4,1,1.0,0
22220,2709,1,alt1,1,1,10,9,3,4,15,15,1,2,4,1,1.0,0
22265,2710,1,alt1,1,1,57,68,16,14,30,30,0,1,2,0,3.0,0
22265,2711,2,alt2,1,1,47,35,14,16,15,60,2,0,2,0,3.0,0
22265,2712,2,alt2,1,1,40,47,17,14,15,30,2,0,2,0,3.0,0
22265,2713,1,alt1,1,1,51,60,19,17,60,60,1,2,2,0,3.0,0
22265,2714,1,alt1,1,1,49,40,18,21,60,30,0,0,2,0,3.0,0
22265,2715,1,alt1,1,1,49,42,14,16,15,60,1,1,2,0,3.0,0
22265,2716,2,alt2,1,1,49,35,14,16,15,60,0,0,2,0,3.0,0
22265,2717,2,alt2,1,1,49,35,16,17,30,60,1,0,2,0,3.0,0
22265,2718,1,alt1,1,1,68,47,14,16,60,30,0,2,2,0,3.0,0
22277,2719,1,alt1,1,1,53,62,14,12,30,30,0,1,1,0,3.0,0
22277,2720,1,alt1,1,1,32,43,14,12,60,15,0,2,1,0,3.0,0
22277,2721,1,alt1,1,1,43,37,12,15,30,15,0,2,1,0,3.0,0
22277,2722,1,alt1,1,1,47,55,16,15,60,60,1,2,1,0,3.0,0
22277,2723,2,alt2,1,1,46,36,16,18,60,30,0,0,1,0,3.0,0
22277,2724,2,alt2,1,1,46,39,12,13,15,60,1,1,1,0,3.0,0
22277,2725,1,alt1,1,1,32,46,14,12,60,15,0,0,1,0,3.0,0
22277,2726,2,alt2,1,1,46,32,14,15,30,60,1,0,1,0,3.0,0
22277,2727,2,alt2,1,1,44,62,14,12,30,60,2,0,1,0,3.0,0
22278,2728,1,alt1,1,1,24,17,9,11,15,30,0,1,4,0,3.0,0
22278,2729,1,alt1,1,1,22,15,10,11,30,60,1,2,4,0,3.0,0
22278,2730,2,alt2,1,1,19,27,10,8,15,15,0,2,4,0,3.0,0
22278,2731,2,alt2,1,1,14,19,12,10,30,30,0,1,4,0,3.0,0
22278,2732,2,alt2,1,1,17,20,14,10,30,15,1,0,4,0,3.0,0
22278,2733,2,alt2,1,1,16,19,10,9,15,15,2,2,4,0,3.0,0
22278,2734,1,alt1,1,1,19,17,8,9,30,30,2,1,4,0,3.0,0
22278,2735,1,alt1,1,1,19,17,9,12,60,15,1,0,4,0,3.0,0
22278,2736,2,alt2,1,1,18,20,13,10,15,15,2,1,4,0,3.0,0
22309,2737,1,alt1,1,1,25,30,13,12,30,30,0,1,1,1,1.0,0
22309,2738,1,alt1,1,1,21,16,12,14,15,60,2,0,1,1,1.0,0
22309,2739,2,alt2,1,1,21,18,12,15,30,15,0,2,1,1,1.0,0
22309,2740,1,alt1,1,1,22,26,16,15,60,60,1,2,1,1,1.0,0
22309,2741,1,alt1,1,1,17,22,18,15,30,60,0,0,1,1,1.0,0
22309,2742,1,alt1,1,1,22,19,12,13,15,60,1,1,1,1,1.0,0
22309,2743,2,alt2,1,1,15,22,14,12,60,15,0,0,1,1,1.0,0
22309,2744,2,alt2,1,1,15,22,15,13,60,30,0,1,1,1,1.0,0
22309,2745,2,alt2,1,1,21,30,14,12,30,60,2,0,1,1,1.0,0
22321,2746,2,alt2,1,1,21,28,5,4,15,15,2,1,2,0,3.0,0
22321,2747,2,alt2,1,1,15,22,4,3,60,60,2,0,2,0,3.0,0
22321,2748,1,alt1,1,1,16,23,4,3,15,60,0,0,2,0,3.0,0
22321,2749,1,alt1,1,1,31,25,3,4,15,15,1,2,2,0,3.0,0
22321,2750,1,alt1,1,1,28,21,3,4,30,60,0,2,2,0,3.0,0
22321,2751,1,alt1,1,1,23,17,3,4,15,30,1,1,2,0,3.0,0
22321,2752,2,alt2,1,1,20,25,4,3,15,30,1,0,2,0,3.0,0
22321,2753,2,alt2,1,1,28,22,3,4,30,30,2,0,2,0,3.0,0
22321,2754,1,alt1,1,1,19,25,4,3,15,60,1,1,2,0,3.0,0
22377,2755,1,alt1,1,1,121,161,55,47,15,15,2,1,1,1,3.0,0
22377,2756,1,alt1,1,1,88,126,49,38,60,60,2,0,1,1,3.0,0
22377,2757,1,alt1,1,1,93,133,52,45,15,60,0,0,1,1,3.0,0
22377,2758,2,alt2,1,1,182,146,36,39,15,15,1,2,1,1,3.0,0
22377,2759,1,alt1,1,1,121,161,48,36,60,30,2,0,1,1,3.0,0
22377,2760,2,alt2,1,1,100,133,49,38,30,15,1,1,1,1,3.0,0
22377,2761,2,alt2,1,1,147,118,41,48,30,15,0,1,1,1,3.0,0
22377,2762,1,alt1,1,1,129,161,46,36,30,30,0,2,1,1,3.0,0
22377,2763,2,alt2,1,1,147,110,36,43,60,15,1,1,1,1,3.0,0
22384,2764,2,alt2,1,1,25,19,4,5,60,15,2,1,1,0,1.0,0
22384,2765,1,alt1,1,1,23,19,4,6,60,60,1,1,1,0,1.0,0
22384,2766,1,alt1,1,1,18,23,5,4,30,60,2,0,1,0,1.0,0
22384,2767,1,alt1,1,1,25,19,4,6,30,15,0,1,1,0,1.0,0
22384,2768,1,alt1,1,1,17,25,5,4,15,30,1,2,1,0,1.0,0
22384,2769,1,alt1,1,1,27,19,5,7,15,30,2,2,1,0,1.0,0
22384,2770,2,alt2,1,1,20,27,5,4,60,15,0,2,1,0,1.0,0
22384,2771,2,alt2,1,1,25,34,6,5,15,30,1,0,1,0,1.0,0
22384,2772,2,alt2,1,1,16,23,5,4,30,15,1,1,1,0,1.0,0
22403,2773,2,alt2,1,1,27,23,3,4,30,30,1,0,0,0,1.0,0
22403,2774,2,alt2,1,1,19,14,3,4,15,60,2,0,0,0,1.0,0
22403,2775,2,alt2,1,1,16,19,4,3,15,30,2,0,0,0,1.0,0
22403,2776,2,alt2,1,1,24,21,3,4,60,60,2,1,0,0,1.0,0
22403,2777,1,alt1,1,1,16,20,5,4,30,60,0,0,0,0,1.0,0
22403,2778,2,alt2,1,1,17,20,4,3,60,15,1,1,0,0,1.0,0
22403,2779,2,alt2,1,1,14,20,4,3,60,15,0,0,0,0,1.0,0
22403,2780,1,alt1,1,1,14,20,4,3,60,30,0,1,0,0,1.0,0
22403,2781,1,alt1,1,1,19,27,4,3,30,60,2,0,0,0,1.0,0
22410,2782,1,alt1,1,1,20,14,3,4,15,30,0,1,1,0,1.0,0
22410,2783,2,alt2,1,1,12,18,5,4,60,30,2,1,1,0,1.0,0
22410,2784,2,alt2,1,1,22,15,3,4,15,15,2,0,1,0,1.0,0
22410,2785,2,alt2,1,1,15,11,4,5,30,30,1,0,1,0,1.0,0
22410,2786,2,alt2,1,1,14,16,5,4,30,15,1,0,1,0,1.0,0
22410,2787,2,alt2,1,1,13,15,4,3,15,15,2,2,1,0,1.0,0
22410,2788,1,alt1,1,1,15,14,3,4,30,30,2,1,1,0,1.0,0
22410,2789,2,alt2,1,1,15,14,3,5,60,15,1,0,1,0,1.0,0
22410,2790,2,alt2,1,1,15,16,5,4,15,15,2,1,1,0,1.0,0
22439,2791,2,alt2,1,1,133,93,50,57,60,15,1,1,1,0,4.0,1
22439,2792,1,alt1,1,1,113,151,72,55,60,15,1,0,1,0,4.0,1
22439,2793,1,alt1,1,1,110,99,47,54,30,60,0,2,1,0,4.0,1
22439,2794,2,alt2,1,1,122,104,47,62,60,15,0,0,1,0,4.0,1
22439,2795,2,alt2,1,1,133,120,50,55,15,15,0,0,1,0,4.0,1
22439,2796,1,alt1,1,1,122,110,50,55,15,30,0,1,1,0,4.0,1
22439,2797,1,alt1,1,1,88,110,60,50,15,15,2,2,1,0,4.0,1
22439,2798,2,alt2,1,1,110,83,55,61,60,30,2,2,1,0,4.0,1
22439,2799,2,alt2,1,1,104,73,63,82,30,15,2,1,1,0,4.0,1
22455,2800,1,alt1,1,1,100,143,54,45,30,15,1,0,0,0,3.0,0
22455,2801,2,alt2,1,1,91,130,56,51,60,30,2,1,0,0,3.0,0
22455,2802,1,alt1,1,1,113,161,52,39,15,15,0,2,0,0,3.0,0
22455,2803,1,alt1,1,1,84,112,59,49,30,30,0,1,0,0,3.0,0
22455,2804,1,alt1,1,1,118,100,51,69,15,30,0,1,0,0,3.0,0
22455,2805,1,alt1,1,1,112,95,45,52,15,15,2,2,0,0,3.0,0
22455,2806,2,alt2,1,1,112,100,39,44,30,30,2,1,0,0,3.0,0
22455,2807,2,alt2,1,1,112,100,45,61,60,15,1,0,0,0,3.0,0
22455,2808,2,alt2,1,1,106,118,64,49,15,15,2,1,0,0,3.0,0
22473,2809,1,alt1,1,1,112,78,23,28,15,30,0,1,0,0,3.0,0
22473,2810,1,alt1,1,1,102,71,26,29,30,60,1,2,0,0,3.0,0
22473,2811,1,alt1,1,1,88,126,27,20,15,15,0,2,0,0,3.0,0
22473,2812,2,alt2,1,1,87,65,25,30,30,30,1,0,0,0,3.0,0
22473,2813,1,alt1,1,1,92,78,26,36,15,30,0,1,0,0,3.0,0
22473,2814,2,alt2,1,1,74,87,27,23,15,15,2,2,0,0,3.0,0
22473,2815,2,alt2,1,1,87,79,20,23,30,30,2,1,0,0,3.0,0
22473,2816,1,alt1,1,1,79,87,31,23,15,60,0,1,0,0,3.0,0
22473,2817,1,alt1,1,1,92,83,25,33,15,15,1,2,0,0,3.0,0
22498,2818,1,alt1,1,1,13,16,5,4,30,30,0,1,4,1,1.0,0
22498,2819,1,alt1,1,1,11,8,4,5,15,60,2,0,4,1,1.0,0
22498,2820,1,alt1,1,1,9,11,5,4,15,30,2,0,4,1,1.0,0
22498,2821,1,alt1,1,1,12,14,6,5,60,60,1,2,4,1,1.0,0
22498,2822,1,alt1,1,1,9,11,6,5,30,60,0,0,4,1,1.0,0
22498,2823,2,alt2,1,1,10,11,5,4,60,15,1,1,4,1,1.0,0
22498,2824,2,alt2,1,1,8,11,5,4,60,15,0,0,4,1,1.0,0
22498,2825,2,alt2,1,1,8,11,6,5,60,30,0,1,4,1,1.0,0
22498,2826,1,alt1,1,1,11,16,5,4,30,60,2,0,4,1,1.0,0
22506,2827,1,alt1,1,1,39,56,12,10,30,15,1,0,0,0,1.0,0
22506,2828,2,alt2,1,1,36,51,13,12,60,30,2,1,0,0,1.0,0
22506,2829,2,alt2,1,1,64,45,9,12,15,15,2,0,0,0,1.0,0
22506,2830,1,alt1,1,1,33,44,13,11,30,30,0,1,0,0,1.0,0
22506,2831,2,alt2,1,1,40,47,16,12,30,15,1,0,0,0,1.0,0
22506,2832,1,alt1,1,1,37,44,12,10,15,15,2,2,0,0,1.0,0
22506,2833,2,alt2,1,1,40,44,10,9,30,30,1,2,0,0,1.0,0
22506,2834,1,alt1,1,1,40,44,14,10,15,60,0,1,0,0,1.0,0
22506,2835,2,alt2,1,1,42,47,14,11,15,15,2,1,0,0,1.0,0
22580,2836,2,alt2,1,1,39,52,25,23,15,60,1,2,1,0,3.0,0
22580,2837,1,alt1,1,1,50,40,24,33,60,60,1,1,1,0,3.0,0
22580,2838,1,alt1,1,1,50,37,23,25,60,30,0,2,1,0,3.0,0
22580,2839,2,alt2,1,1,39,52,33,24,15,30,1,0,1,0,3.0,0
22580,2840,1,alt1,1,1,52,37,24,27,30,15,2,1,1,0,3.0,0
22580,2841,1,alt1,1,1,40,58,40,29,30,15,2,2,1,0,3.0,0
22580,2842,1,alt1,1,1,43,58,28,24,60,15,0,2,1,0,3.0,0
22580,2843,2,alt2,1,1,54,72,34,29,15,30,1,0,1,0,3.0,0
22580,2844,1,alt1,1,1,35,50,26,23,30,15,1,1,1,0,3.0,0
22583,2845,2,alt2,1,1,98,68,32,36,60,15,1,1,4,0,4.0,1
22583,2846,1,alt1,1,1,83,110,45,35,60,15,1,0,4,0,4.0,1
22583,2847,1,alt1,1,1,81,73,30,34,30,60,0,2,4,0,4.0,1
22583,2848,2,alt2,1,1,89,76,30,39,60,15,0,0,4,0,4.0,1
22583,2849,2,alt2,1,1,98,88,32,35,15,15,0,0,4,0,4.0,1
22583,2850,2,alt2,1,1,80,89,35,32,30,15,1,0,4,0,4.0,1
22583,2851,2,alt2,1,1,81,65,32,38,15,15,2,2,4,0,4.0,1
22583,2852,2,alt2,1,1,81,61,35,38,60,30,2,2,4,0,4.0,1
22583,2853,2,alt2,1,1,77,54,40,52,30,15,2,1,4,0,4.0,1
22586,2854,2,alt2,1,1,13,9,3,4,60,15,1,1,1,1,1.0,0
22586,2855,1,alt1,1,1,14,11,3,4,15,60,0,1,1,1,1.0,0
22586,2856,2,alt2,1,1,9,10,3,2,60,30,2,0,1,1,1.0,0
22586,2857,1,alt1,1,1,10,12,3,2,15,60,0,0,1,1,1.0,0
22586,2858,1,alt1,1,1,13,11,3,4,15,15,0,0,1,1,1.0,0
22586,2859,1,alt1,1,1,12,10,3,4,15,30,0,1,1,1,1.0,0
22586,2860,1,alt1,1,1,10,8,3,4,15,15,2,2,1,1,1.0,0
22586,2861,2,alt2,1,1,10,8,3,4,60,30,2,2,1,1,1.0,0
22586,2862,1,alt1,1,1,7,10,4,3,15,30,1,2,1,1,1.0,0
22599,2863,2,alt2,1,1,75,52,8,10,60,15,1,1,0,0,1.0,0
22599,2864,1,alt1,1,1,85,63,9,12,15,60,0,1,0,0,1.0,0
22599,2865,2,alt2,1,1,56,62,9,8,60,30,2,0,0,0,1.0,0
22599,2866,2,alt2,1,1,68,58,8,10,60,15,0,0,0,0,1.0,0
22599,2867,2,alt2,1,1,75,67,8,9,15,15,0,0,0,0,1.0,0
22599,2868,1,alt1,1,1,68,61,8,9,15,30,0,1,0,0,1.0,0
22599,2869,1,alt1,1,1,49,62,10,8,15,15,2,2,0,0,1.0,0
22599,2870,2,alt2,1,1,62,46,9,10,60,30,2,2,0,0,1.0,0
22599,2871,1,alt1,1,1,41,59,14,11,15,30,1,2,0,0,1.0,0
22616,2872,1,alt1,1,1,23,32,12,10,15,60,1,1,1,1,3.0,0
22616,2873,1,alt1,1,1,36,27,12,15,15,60,0,1,1,1,3.0,0
22616,2874,2,alt2,1,1,24,27,11,10,60,30,2,0,1,1,3.0,0
22616,2875,1,alt1,1,1,25,29,13,10,15,60,0,0,1,1,3.0,0
22616,2876,2,alt2,1,1,29,32,11,10,15,15,0,0,1,1,3.0,0
22616,2877,1,alt1,1,1,29,26,10,11,15,30,0,1,1,1,3.0,0
22616,2878,1,alt1,1,1,21,27,13,10,15,15,2,2,1,1,3.0,0
22616,2879,2,alt2,1,1,27,20,12,13,60,30,2,2,1,1,3.0,0
22616,2880,1,alt1,1,1,18,25,17,13,15,30,1,2,1,1,3.0,0
22644,2881,2,alt2,1,1,6,8,3,2,15,15,2,1,2,0,2.0,0
22644,2882,2,alt2,1,1,4,6,2,1,60,60,2,0,2,0,2.0,0
22644,2883,1,alt1,1,1,5,7,3,2,15,60,0,0,2,0,2.0,0
22644,2884,1,alt1,1,1,9,7,1,2,15,15,1,2,2,0,2.0,0
22644,2885,2,alt2,1,1,6,8,2,1,60,30,2,0,2,0,2.0,0
22644,2886,2,alt2,1,1,5,7,2,1,30,15,1,1,2,0,2.0,0
22644,2887,1,alt1,1,1,6,7,3,2,15,30,1,0,2,0,2.0,0
22644,2888,2,alt2,1,1,6,8,2,1,30,30,0,2,2,0,2.0,0
22644,2889,1,alt1,1,1,7,6,1,2,60,15,1,1,2,0,2.0,0
22662,2890,2,alt2,1,1,10,14,2,1,15,15,2,1,0,1,3.0,0
22662,2891,1,alt1,1,1,11,8,1,2,60,60,0,2,0,1,3.0,0
22662,2892,2,alt2,1,1,11,8,1,2,60,15,0,0,0,1,3.0,0
22662,2893,1,alt1,1,1,16,12,1,2,15,15,1,2,0,1,3.0,0
22662,2894,1,alt1,1,1,14,10,1,2,30,60,0,2,0,1,3.0,0
22662,2895,2,alt2,1,1,9,11,2,1,30,15,1,1,0,1,3.0,0
22662,2896,2,alt2,1,1,10,13,2,1,15,30,1,0,0,1,3.0,0
22662,2897,2,alt2,1,1,14,11,1,2,30,30,2,0,0,1,3.0,0
22662,2898,2,alt2,1,1,13,9,1,2,60,15,1,1,0,1,3.0,0
22682,2899,1,alt1,1,1,18,15,2,3,30,30,1,0,1,0,1.0,0
22682,2900,2,alt2,1,1,13,9,2,3,15,60,2,0,1,0,1.0,0
22682,2901,1,alt1,1,1,13,11,2,3,30,15,0,2,1,0,1.0,0
22682,2902,2,alt2,1,1,16,14,3,4,60,60,2,1,1,0,1.0,0
22682,2903,1,alt1,1,1,11,13,4,3,30,60,0,0,1,0,1.0,0
22682,2904,1,alt1,1,1,13,11,2,3,15,60,1,1,1,0,1.0,0
22682,2905,2,alt2,1,1,9,13,3,2,60,15,0,0,1,0,1.0,0
22682,2906,2,alt2,1,1,9,13,3,2,60,30,0,1,1,0,1.0,0
22682,2907,2,alt2,1,1,13,18,3,2,30,60,2,0,1,0,1.0,0
22762,2908,2,alt2,1,1,16,23,6,5,30,15,1,0,4,1,1.0,0
22762,2909,2,alt2,1,1,15,21,6,5,60,30,2,1,4,1,1.0,0
22762,2910,1,alt1,1,1,18,26,5,4,15,15,0,2,4,1,1.0,0
22762,2911,1,alt1,1,1,14,18,6,5,30,30,0,1,4,1,1.0,0
22762,2912,2,alt2,1,1,16,19,7,5,30,15,1,0,4,1,1.0,0
22762,2913,1,alt1,1,1,18,15,5,6,15,15,2,2,4,1,1.0,0
22762,2914,1,alt1,1,1,16,18,5,4,30,30,1,2,4,1,1.0,0
22762,2915,2,alt2,1,1,18,16,5,6,60,15,1,0,4,1,1.0,0
22762,2916,1,alt1,1,1,19,17,5,7,15,15,1,2,4,1,1.0,0
22779,2917,1,alt1,1,1,10,15,3,2,15,60,1,1,3,0,3.0,0
22779,2918,1,alt1,1,1,17,13,2,3,15,60,0,1,3,0,3.0,0
22779,2919,2,alt2,1,1,11,12,3,2,60,30,2,0,3,0,3.0,0
22779,2920,1,alt1,1,1,12,14,3,2,15,60,0,0,3,0,3.0,0
22779,2921,1,alt1,1,1,15,13,2,3,15,15,0,0,3,0,3.0,0
22779,2922,2,alt2,1,1,12,14,3,2,30,15,1,0,3,0,3.0,0
22779,2923,1,alt1,1,1,12,10,2,3,15,15,2,2,3,0,3.0,0
22779,2924,2,alt2,1,1,12,9,2,3,60,30,2,2,3,0,3.0,0
22779,2925,1,alt1,1,1,8,12,3,2,15,30,1,2,3,0,3.0,0
22820,2926,2,alt2,1,1,20,27,5,4,15,60,1,2,4,1,1.0,0
22820,2927,2,alt2,1,1,25,20,4,5,60,60,1,1,4,1,1.0,0
22820,2928,1,alt1,1,1,19,25,5,4,30,60,2,0,4,1,1.0,0
22820,2929,1,alt1,1,1,20,27,5,4,15,30,1,0,4,1,1.0,0
22820,2930,2,alt2,1,1,27,19,4,5,30,15,2,1,4,1,1.0,0
22820,2931,2,alt2,1,1,21,29,7,5,30,15,2,2,4,1,1.0,0
22820,2932,2,alt2,1,1,29,22,4,5,15,60,2,0,4,1,1.0,0
22820,2933,2,alt2,1,1,36,27,5,6,30,15,0,1,4,1,1.0,0
22820,2934,2,alt2,1,1,25,18,4,5,15,30,1,1,4,1,1.0,0
22881,2935,2,alt2,1,1,18,15,5,6,30,30,1,0,0,0,3.0,0
22881,2936,1,alt1,1,1,9,13,6,5,60,15,0,2,0,0,3.0,0
22881,2937,2,alt2,1,1,11,13,6,5,15,30,2,0,0,0,3.0,0
22881,2938,1,alt1,1,1,14,16,7,6,60,60,1,2,0,0,3.0,0
22881,2939,1,alt1,1,1,11,13,8,7,30,60,0,0,0,0,3.0,0
22881,2940,2,alt2,1,1,11,13,6,5,60,15,1,1,0,0,3.0,0
22881,2941,2,alt2,1,1,9,13,6,5,60,15,0,0,0,0,3.0,0
22881,2942,2,alt2,1,1,9,13,7,6,60,30,0,1,0,0,3.0,0
22881,2943,1,alt1,1,1,18,13,5,6,60,30,0,2,0,0,3.0,0
22930,2944,2,alt2,1,1,9,13,3,2,15,15,2,1,4,0,1.0,0
22930,2945,1,alt1,1,1,10,7,1,2,60,60,0,2,4,0,1.0,0
22930,2946,1,alt1,1,1,7,10,3,2,15,60,0,0,4,0,1.0,0
22930,2947,2,alt2,1,1,11,14,2,1,15,15,2,1,4,0,1.0,0
22930,2948,2,alt2,1,1,9,13,2,1,60,30,2,0,4,0,1.0,0
22930,2949,1,alt1,1,1,10,8,1,2,15,30,1,1,4,0,1.0,0
22930,2950,1,alt1,1,1,12,9,2,3,30,15,0,1,4,0,1.0,0
22930,2951,1,alt1,1,1,13,10,1,2,30,30,2,0,4,0,1.0,0
22930,2952,2,alt2,1,1,12,9,1,2,60,15,1,1,4,0,1.0,0
22933,2953,2,alt2,1,1,176,149,30,33,30,30,1,0,1,1,3.0,0
22933,2954,1,alt1,1,1,91,122,35,30,60,15,0,2,1,1,3.0,0
22933,2955,2,alt2,1,1,103,122,36,30,15,30,2,0,1,1,3.0,0
22933,2956,1,alt1,1,1,132,155,40,36,60,60,1,2,1,1,3.0,0
22933,2957,2,alt2,1,1,103,128,44,38,30,60,0,0,1,1,3.0,0
22933,2958,2,alt2,1,1,109,128,33,28,60,15,1,1,1,1,3.0,0
22933,2959,2,alt2,1,1,90,128,34,28,60,15,0,0,1,1,3.0,0
22933,2960,2,alt2,1,1,128,90,33,36,30,60,1,0,1,1,3.0,0
22933,2961,2,alt2,1,1,176,123,30,35,60,30,0,2,1,1,3.0,0
22961,2962,2,alt2,1,1,9,13,3,2,15,15,2,1,0,0,3.0,0
22961,2963,2,alt2,1,1,7,10,3,2,60,60,2,0,0,0,3.0,0
22961,2964,2,alt2,1,1,7,10,3,2,15,60,0,0,0,0,3.0,0
22961,2965,1,alt1,1,1,14,11,2,3,15,15,1,2,0,0,3.0,0
22961,2966,1,alt1,1,1,9,13,3,2,60,30,2,0,0,0,3.0,0
22961,2967,2,alt2,1,1,8,10,3,2,30,15,1,1,0,0,3.0,0
22961,2968,2,alt2,1,1,9,12,3,2,15,30,1,0,0,0,3.0,0
22961,2969,1,alt1,1,1,10,13,3,2,30,30,0,2,0,0,3.0,0
22961,2970,1,alt1,1,1,12,9,2,3,60,15,1,1,0,0,3.0,0
23024,2971,2,alt2,1,1,13,9,7,8,60,15,1,1,1,0,1.0,0
23024,2972,1,alt1,1,1,14,11,8,10,15,60,0,1,1,0,1.0,0
23024,2973,1,alt1,1,1,10,9,7,8,30,60,0,2,1,0,1.0,0
23024,2974,1,alt1,1,1,10,12,9,7,15,60,0,0,1,0,1.0,0
23024,2975,1,alt1,1,1,13,11,7,8,15,15,0,0,1,0,1.0,0
23024,2976,1,alt1,1,1,12,10,7,8,15,30,0,1,1,0,1.0,0
23024,2977,2,alt2,1,1,8,10,9,7,15,15,2,2,1,0,1.0,0
23024,2978,1,alt1,1,1,8,10,9,8,30,60,2,2,1,0,1.0,0
23024,2979,2,alt2,1,1,7,10,12,9,15,30,1,2,1,0,1.0,0
23062,2980,1,alt1,1,1,25,33,19,17,15,60,1,2,0,0,4.0,1
23062,2981,1,alt1,1,1,32,25,18,24,60,60,1,1,0,0,4.0,1
23062,2982,2,alt2,1,1,24,32,19,17,30,60,2,0,0,0,4.0,1
23062,2983,1,alt1,1,1,33,25,18,24,30,15,0,1,0,0,4.0,1
23062,2984,2,alt2,1,1,33,23,18,20,30,15,2,1,0,0,4.0,1
23062,2985,1,alt1,1,1,37,26,22,29,15,30,2,2,0,0,4.0,1
23062,2986,1,alt1,1,1,28,37,21,18,60,15,0,2,0,0,4.0,1
23062,2987,1,alt1,1,1,46,34,22,25,30,15,0,1,0,0,4.0,1
23062,2988,2,alt2,1,1,22,32,20,17,30,15,1,1,0,0,4.0,1
23066,2989,2,alt2,1,1,17,13,3,4,60,15,2,1,3,1,1.0,0
23066,2990,1,alt1,1,1,13,16,4,3,60,60,1,1,3,1,1.0,0
23066,2991,1,alt1,1,1,12,16,4,3,30,60,2,0,3,1,1.0,0
23066,2992,2,alt2,1,1,17,13,3,4,30,15,0,1,3,1,1.0,0
23066,2993,2,alt2,1,1,12,17,4,3,15,30,1,2,3,1,1.0,0
23066,2994,2,alt2,1,1,13,19,5,4,30,15,2,2,3,1,1.0,0
23066,2995,1,alt1,1,1,19,14,3,4,15,60,2,0,3,1,1.0,0
23066,2996,1,alt1,1,1,18,23,5,4,15,30,1,0,3,1,1.0,0
23066,2997,1,alt1,1,1,16,11,3,4,15,30,1,1,3,1,1.0,0
23147,2998,1,alt1,1,1,6,7,4,3,30,30,0,1,1,0,2.0,0
23147,2999,1,alt1,1,1,3,5,4,3,60,15,0,2,1,0,2.0,0
23147,3000,1,alt1,1,1,4,5,4,3,15,30,2,0,1,0,2.0,0
23147,3001,1,alt1,1,1,6,5,3,4,60,60,2,1,1,0,2.0,0
23147,3002,1,alt1,1,1,4,5,5,4,30,60,0,0,1,0,2.0,0
23147,3003,1,alt1,1,1,5,4,3,4,15,60,1,1,1,0,2.0,0
23147,3004,1,alt1,1,1,5,3,3,4,15,60,0,0,1,0,2.0,0
23147,3005,2,alt2,1,1,5,3,3,4,30,60,1,0,1,0,2.0,0
23147,3006,2,alt2,1,1,5,7,4,3,30,60,2,0,1,0,2.0,0
23157,3007,2,alt2,1,1,126,95,37,41,60,15,2,1,2,0,3.0,0
23157,3008,2,alt2,1,1,96,120,53,39,60,60,1,1,2,0,3.0,0
23157,3009,1,alt1,1,1,90,120,41,37,30,60,2,0,2,0,3.0,0
23157,3010,1,alt1,1,1,95,126,53,39,15,30,1,0,2,0,3.0,0
23157,3011,1,alt1,1,1,88,126,43,39,15,30,1,2,2,0,3.0,0
23157,3012,2,alt2,1,1,98,140,64,47,30,15,2,2,2,0,3.0,0
23157,3013,2,alt2,1,1,105,140,45,39,60,15,0,2,2,0,3.0,0
23157,3014,1,alt1,1,1,130,173,54,47,15,30,1,0,2,0,3.0,0
23157,3015,1,alt1,1,1,84,120,42,37,30,15,1,1,2,0,3.0,0
23197,3016,2,alt2,1,1,73,98,29,25,15,15,2,1,1,0,3.0,0
23197,3017,2,alt2,1,1,54,77,26,20,60,60,2,0,1,0,3.0,0
23197,3018,1,alt1,1,1,57,81,27,24,15,60,0,0,1,0,3.0,0
23197,3019,2,alt2,1,1,88,110,20,19,15,15,2,1,1,0,3.0,0
23197,3020,1,alt1,1,1,98,73,19,25,30,60,0,2,1,0,3.0,0
23197,3021,2,alt2,1,1,81,61,20,26,15,30,1,1,1,0,3.0,0
23197,3022,1,alt1,1,1,89,71,22,25,30,15,0,1,1,0,3.0,0
23197,3023,2,alt2,1,1,98,78,19,24,30,30,2,0,1,0,3.0,0
23197,3024,1,alt1,1,1,67,89,22,19,15,60,1,1,1,0,3.0,0
23205,3025,2,alt2,1,1,43,32,8,9,15,15,1,2,3,1,1.0,0
23205,3026,2,alt2,1,1,23,33,8,6,60,60,2,0,3,1,1.0,0
23205,3027,2,alt2,1,1,25,35,8,7,15,60,0,0,3,1,1.0,0
23205,3028,2,alt2,1,1,48,38,6,7,15,15,1,2,3,1,1.0,0
23205,3029,2,alt2,1,1,32,43,8,6,60,30,2,0,3,1,1.0,0
23205,3030,2,alt2,1,1,35,26,6,8,15,30,1,1,3,1,1.0,0
23205,3031,2,alt2,1,1,39,31,7,8,30,15,0,1,3,1,1.0,0
23205,3032,2,alt2,1,1,34,43,7,6,30,30,0,2,3,1,1.0,0
23205,3033,2,alt2,1,1,29,39,7,6,15,60,1,1,3,1,1.0,0
23220,3034,2,alt2,1,1,19,26,7,5,30,15,1,0,3,1,3.0,0
23220,3035,2,alt2,1,1,17,24,7,6,60,30,2,1,3,1,3.0,0
23220,3036,1,alt1,1,1,21,30,6,5,15,15,0,2,3,1,3.0,0
23220,3037,1,alt1,1,1,16,21,7,6,30,30,0,1,3,1,3.0,0
23220,3038,2,alt2,1,1,19,22,8,6,30,15,1,0,3,1,3.0,0
23220,3039,2,alt2,1,1,18,21,6,5,15,15,2,2,3,1,3.0,0
23220,3040,2,alt2,1,1,21,19,5,6,30,30,2,1,3,1,3.0,0
23220,3041,2,alt2,1,1,21,19,5,7,60,15,1,0,3,1,3.0,0
23220,3042,2,alt2,1,1,20,22,8,6,15,15,2,1,3,1,3.0,0
23233,3043,1,alt1,1,1,94,110,7,6,30,30,0,1,2,1,3.0,0
23233,3044,2,alt2,1,1,77,57,6,7,15,60,2,0,2,1,3.0,0
23233,3045,2,alt2,1,1,65,77,7,6,15,30,2,0,2,1,3.0,0
23233,3046,2,alt2,1,1,98,83,7,8,60,60,2,1,2,1,3.0,0
23233,3047,1,alt1,1,1,65,81,9,8,30,60,0,0,2,1,3.0,0
23233,3048,2,alt2,1,1,69,81,7,6,60,15,1,1,2,1,3.0,0
23233,3049,2,alt2,1,1,81,57,6,7,15,60,0,0,2,1,3.0,0
23233,3050,1,alt1,1,1,57,81,8,7,60,30,0,1,2,1,3.0,0
23233,3051,2,alt2,1,1,110,77,6,7,60,30,0,2,2,1,3.0,0
23321,3052,2,alt2,1,1,27,38,24,21,15,60,1,1,1,0,2.0,0
23321,3053,2,alt2,1,1,32,43,30,23,60,15,1,0,1,0,2.0,0
23321,3054,1,alt1,1,1,31,28,20,23,30,60,0,2,1,0,2.0,0
23321,3055,2,alt2,1,1,29,35,26,20,15,60,0,0,1,0,2.0,0
23321,3056,1,alt1,1,1,38,34,21,23,15,15,0,0,1,0,2.0,0
23321,3057,1,alt1,1,1,35,31,21,23,15,30,0,1,1,0,2.0,0
23321,3058,1,alt1,1,1,31,25,21,25,15,15,2,2,1,0,2.0,0
23321,3059,2,alt2,1,1,24,31,25,23,30,60,2,2,1,0,2.0,0
23321,3060,2,alt2,1,1,21,30,34,26,15,30,1,2,1,0,2.0,0
23352,3061,2,alt2,1,1,83,58,31,36,60,15,1,1,1,0,4.0,1
23352,3062,2,alt2,1,1,94,70,34,44,15,60,0,1,1,0,4.0,1
23352,3063,2,alt2,1,1,62,68,34,29,60,30,2,0,1,0,4.0,1
23352,3064,2,alt2,1,1,76,64,29,38,60,15,0,0,1,0,4.0,1
23352,3065,1,alt1,1,1,75,83,34,31,15,15,0,0,1,0,4.0,1
23352,3066,2,alt2,1,1,68,76,34,31,30,15,1,0,1,0,4.0,1
23352,3067,2,alt2,1,1,68,55,31,37,15,15,2,2,1,0,4.0,1
23352,3068,1,alt1,1,1,51,68,38,34,30,60,2,2,1,0,4.0,1
23352,3069,1,alt1,1,1,45,65,51,39,15,30,1,2,1,0,4.0,1
23362,3070,1,alt1,1,1,20,23,3,2,30,30,0,1,0,0,1.0,0
23362,3071,1,alt1,1,1,12,16,3,2,60,15,0,2,0,0,1.0,0
23362,3072,2,alt2,1,1,14,16,3,2,15,30,2,0,0,0,1.0,0
23362,3073,1,alt1,1,1,18,21,4,3,60,60,1,2,0,0,1.0,0
23362,3074,2,alt2,1,1,17,14,3,4,60,30,0,0,0,0,1.0,0
23362,3075,1,alt1,1,1,17,15,2,3,15,60,1,1,0,0,1.0,0
23362,3076,2,alt2,1,1,12,17,3,2,60,15,0,0,0,0,1.0,0
23362,3077,2,alt2,1,1,17,12,3,4,30,60,1,0,0,0,1.0,0
23362,3078,2,alt2,1,1,16,23,3,2,30,60,2,0,0,0,1.0,0
23372,3079,2,alt2,1,1,7,9,6,5,15,15,2,1,1,0,3.0,0
23372,3080,1,alt1,1,1,7,5,4,6,60,60,0,2,1,0,3.0,0
23372,3081,1,alt1,1,1,5,8,6,5,15,60,0,0,1,0,3.0,0
23372,3082,2,alt2,1,1,8,10,5,4,15,15,2,1,1,0,3.0,0
23372,3083,2,alt2,1,1,7,9,5,4,60,30,2,0,1,0,3.0,0
23372,3084,1,alt1,1,1,8,6,4,6,15,30,1,1,1,0,3.0,0
23372,3085,1,alt1,1,1,8,7,5,6,30,15,0,1,1,0,3.0,0
23372,3086,2,alt2,1,1,9,7,4,5,30,30,2,0,1,0,3.0,0
23372,3087,2,alt2,1,1,8,6,4,5,60,15,1,1,1,0,3.0,0
23386,3088,1,alt1,1,1,10,15,2,1,15,60,1,1,2,0,3.0,0
23386,3089,2,alt2,1,1,13,17,3,2,60,15,1,0,2,0,3.0,0
23386,3090,2,alt2,1,1,11,12,2,1,60,30,2,0,2,0,3.0,0
23386,3091,2,alt2,1,1,14,12,1,2,60,15,0,0,2,0,3.0,0
23386,3092,2,alt2,1,1,13,15,2,1,15,15,0,0,2,0,3.0,0
23386,3093,1,alt1,1,1,14,12,1,2,15,30,0,1,2,0,3.0,0
23386,3094,1,alt1,1,1,12,10,1,2,15,15,2,2,2,0,3.0,0
23386,3095,1,alt1,1,1,9,12,3,2,30,60,2,2,2,0,3.0,0
23386,3096,1,alt1,1,1,8,12,3,2,15,30,1,2,2,0,3.0,0
23464,3097,2,alt2,1,1,4,6,4,3,30,15,1,0,0,0,3.0,0
23464,3098,2,alt2,1,1,4,5,5,4,60,30,2,1,0,0,3.0,0
23464,3099,2,alt2,1,1,7,5,3,4,15,15,2,0,0,0,3.0,0
23464,3100,2,alt2,1,1,5,3,3,4,30,30,1,0,0,0,3.0,0
23464,3101,2,alt2,1,1,4,5,5,4,30,15,1,0,0,0,3.0,0
23464,3102,2,alt2,1,1,4,5,4,3,15,15,2,2,0,0,3.0,0
23464,3103,1,alt1,1,1,4,5,4,3,30,30,1,2,0,0,3.0,0
23464,3104,2,alt2,1,1,5,4,3,4,60,15,1,0,0,0,3.0,0
23464,3105,2,alt2,1,1,4,5,4,3,15,15,2,1,0,0,3.0,0
23480,3106,2,alt2,1,1,12,16,12,10,15,15,2,1,0,0,3.0,0
23480,3107,1,alt1,1,1,13,9,8,10,60,60,0,2,0,0,3.0,0
23480,3108,1,alt1,1,1,9,13,11,10,15,60,0,0,0,0,3.0,0
23480,3109,2,alt2,1,1,15,18,9,8,15,15,2,1,0,0,3.0,0
23480,3110,1,alt1,1,1,16,12,8,10,30,60,0,2,0,0,3.0,0
23480,3111,1,alt1,1,1,13,10,8,10,15,30,1,1,0,0,3.0,0
23480,3112,2,alt2,1,1,15,12,9,10,30,15,0,1,0,0,3.0,0
23480,3113,2,alt2,1,1,16,13,8,10,30,30,2,0,0,0,3.0,0
23480,3114,2,alt2,1,1,15,11,8,9,60,15,1,1,0,0,3.0,0
23497,3115,1,alt1,1,1,103,121,21,19,30,30,0,1,2,1,1.0,0
23497,3116,2,alt2,1,1,84,63,19,22,15,60,2,0,2,1,1.0,0
23497,3117,2,alt2,1,1,71,84,23,19,15,30,2,0,2,1,1.0,0
23497,3118,1,alt1,1,1,91,107,25,23,60,60,1,2,2,1,1.0,0
23497,3119,1,alt1,1,1,71,88,28,24,30,60,0,0,2,1,1.0,0
23497,3120,1,alt1,1,1,75,88,21,18,60,15,1,1,2,1,1.0,0
23497,3121,2,alt2,1,1,88,62,18,22,15,60,0,0,2,1,1.0,0
23497,3122,2,alt2,1,1,88,62,21,23,30,60,1,0,2,1,1.0,0
23497,3123,2,alt2,1,1,121,85,19,22,60,30,0,2,2,1,1.0,0
23507,3124,1,alt1,1,1,42,49,32,29,30,30,0,1,3,0,4.0,1
23507,3125,2,alt2,1,1,34,26,29,34,15,60,2,0,3,0,4.0,1
23507,3126,2,alt2,1,1,29,34,35,29,15,30,2,0,3,0,4.0,1
23507,3127,1,alt1,1,1,37,44,39,36,60,60,1,2,3,0,4.0,1
23507,3128,2,alt2,1,1,36,29,37,43,60,30,0,0,3,0,4.0,1
23507,3129,2,alt2,1,1,31,36,32,28,60,15,1,1,3,0,4.0,1
23507,3130,1,alt1,1,1,36,25,28,33,15,60,0,0,3,0,4.0,1
23507,3131,2,alt2,1,1,36,25,32,36,30,60,1,0,3,0,4.0,1
23507,3132,1,alt1,1,1,49,35,29,34,60,30,0,2,3,0,4.0,1
23586,3133,1,alt1,1,1,85,114,31,27,15,15,2,1,4,0,3.0,0
23586,3134,1,alt1,1,1,89,62,22,28,60,60,0,2,4,0,3.0,0
23586,3135,2,alt2,1,1,94,66,26,30,60,15,0,0,4,0,3.0,0
23586,3136,2,alt2,1,1,129,103,20,22,15,15,1,2,4,0,3.0,0
23586,3137,1,alt1,1,1,114,85,20,28,30,60,0,2,4,0,3.0,0
23586,3138,1,alt1,1,1,71,94,28,22,30,15,1,1,4,0,3.0,0
23586,3139,2,alt2,1,1,83,104,27,24,15,30,1,0,4,0,3.0,0
23586,3140,1,alt1,1,1,91,114,27,20,30,30,0,2,4,0,3.0,0
23586,3141,2,alt2,1,1,104,78,20,25,60,15,1,1,4,0,3.0,0
23629,3142,2,alt2,1,1,23,31,3,2,15,15,2,1,2,1,3.0,0
23629,3143,2,alt2,1,1,17,24,3,2,60,60,2,0,2,1,3.0,0
23629,3144,1,alt1,1,1,18,26,3,2,15,60,0,0,2,1,3.0,0
23629,3145,2,alt2,1,1,28,35,3,2,15,15,2,1,2,1,3.0,0
23629,3146,2,alt2,1,1,23,31,3,2,60,30,2,0,2,1,3.0,0
23629,3147,2,alt2,1,1,19,26,3,2,30,15,1,1,2,1,3.0,0
23629,3148,1,alt1,1,1,23,28,3,2,15,30,1,0,2,1,3.0,0
23629,3149,1,alt1,1,1,25,31,3,2,30,30,0,2,2,1,3.0,0
23629,3150,1,alt1,1,1,21,28,3,2,15,60,1,1,2,1,3.0,0
23885,3151,2,alt2,1,1,196,167,86,94,30,30,1,0,1,0,3.0,0
23885,3152,1,alt1,1,1,102,136,99,86,60,15,0,2,1,0,3.0,0
23885,3153,1,alt1,1,1,116,136,103,86,15,30,2,0,1,0,3.0,0
23885,3154,1,alt1,1,1,148,174,114,104,60,60,1,2,1,0,3.0,0
23885,3155,2,alt2,1,1,143,115,108,124,60,30,0,0,1,0,3.0,0
23885,3156,1,alt1,1,1,122,143,93,81,60,15,1,1,1,0,3.0,0
23885,3157,1,alt1,1,1,100,143,97,81,60,15,0,0,1,0,3.0,0
23885,3158,1,alt1,1,1,100,143,104,95,60,30,0,1,1,0,3.0,0
23885,3159,1,alt1,1,1,137,196,99,86,30,60,2,0,1,0,3.0,0
23934,3160,1,alt1,1,1,15,10,2,3,15,30,0,1,2,1,1.0,0
23934,3161,1,alt1,1,1,14,10,2,3,30,60,1,2,2,1,1.0,0
23934,3162,1,alt1,1,1,12,17,3,2,15,15,0,2,2,1,1.0,0
23934,3163,2,alt2,1,1,12,9,2,3,30,30,1,0,2,1,1.0,0
23934,3164,1,alt1,1,1,12,10,2,3,15,30,0,1,2,1,1.0,0
23934,3165,2,alt2,1,1,12,10,2,3,15,15,2,2,2,1,1.0,0
23934,3166,2,alt2,1,1,12,11,2,3,30,30,2,1,2,1,1.0,0
23934,3167,2,alt2,1,1,12,11,2,3,60,15,1,0,2,1,1.0,0
23934,3168,2,alt2,1,1,11,12,3,2,15,15,2,1,2,1,1.0,0
23939,3169,1,alt1,1,1,83,111,22,20,15,60,1,2,0,0,3.0,0
23939,3170,1,alt1,1,1,105,84,21,28,60,60,1,1,0,0,3.0,0
23939,3171,2,alt2,1,1,79,105,22,20,30,60,2,0,0,0,3.0,0
23939,3172,2,alt2,1,1,83,111,28,21,15,30,1,0,0,0,3.0,0
23939,3173,1,alt1,1,1,78,111,23,21,15,30,1,2,0,0,3.0,0
23939,3174,2,alt2,1,1,86,123,34,25,30,15,2,2,0,0,3.0,0
23939,3175,1,alt1,1,1,92,123,24,21,60,15,0,2,0,0,3.0,0
23939,3176,2,alt2,1,1,114,152,29,25,15,30,1,0,0,0,3.0,0
23939,3177,1,alt1,1,1,105,74,20,23,15,30,1,1,0,0,3.0,0
24281,3178,2,alt2,1,1,89,128,45,38,30,15,1,0,1,0,3.0,0
24281,3179,2,alt2,1,1,82,117,47,43,60,30,2,1,1,0,3.0,0
24281,3180,2,alt2,1,1,144,101,32,43,15,15,2,0,1,0,3.0,0
24281,3181,2,alt2,1,1,100,75,41,49,30,30,1,0,1,0,3.0,0
24281,3182,1,alt1,1,1,90,105,58,43,30,15,1,0,1,0,3.0,0
24281,3183,2,alt2,1,1,100,85,38,43,15,15,2,2,1,0,3.0,0
24281,3184,2,alt2,1,1,100,90,32,37,30,30,2,1,1,0,3.0,0
24281,3185,1,alt1,1,1,90,100,51,38,15,60,0,1,1,0,3.0,0
24281,3186,2,alt2,1,1,95,105,54,41,15,15,2,1,1,0,3.0,0
24286,3187,1,alt1,1,1,17,24,11,10,15,60,1,1,1,1,3.0,0
24286,3188,1,alt1,1,1,27,20,11,14,15,60,0,1,1,1,3.0,0
24286,3189,1,alt1,1,1,20,18,9,11,30,60,0,2,1,1,3.0,0
24286,3190,2,alt2,1,1,22,19,9,12,60,15,0,0,1,1,3.0,0
24286,3191,1,alt1,1,1,24,22,10,11,15,15,0,0,1,1,3.0,0
24286,3192,2,alt2,1,1,20,22,11,10,30,15,1,0,1,1,3.0,0
24286,3193,1,alt1,1,1,20,16,10,12,15,15,2,2,1,1,3.0,0
24286,3194,1,alt1,1,1,15,20,12,11,30,60,2,2,1,1,3.0,0
24286,3195,1,alt1,1,1,13,19,16,13,15,30,1,2,1,1,3.0,0
24440,3196,1,alt1,1,1,94,110,34,31,30,30,0,1,1,0,1.0,0
24440,3197,2,alt2,1,1,77,57,31,36,15,60,2,0,1,0,1.0,0
24440,3198,1,alt1,1,1,77,65,31,38,30,15,0,2,1,0,1.0,0
24440,3199,1,alt1,1,1,83,98,42,38,60,60,1,2,1,0,1.0,0
24440,3200,1,alt1,1,1,65,81,46,40,30,60,0,0,1,0,1.0,0
24440,3201,2,alt2,1,1,69,81,34,30,60,15,1,1,1,0,1.0,0
24440,3202,1,alt1,1,1,57,81,36,30,60,15,0,0,1,0,1.0,0
24440,3203,2,alt2,1,1,81,57,35,38,30,60,1,0,1,0,1.0,0
24440,3204,2,alt2,1,1,110,77,31,36,60,30,0,2,1,0,1.0,0
24487,3205,2,alt2,1,1,17,24,9,8,30,15,1,0,0,0,3.0,0
24487,3206,2,alt2,1,1,15,22,10,9,60,30,2,1,0,0,3.0,0
24487,3207,1,alt1,1,1,19,27,9,7,15,15,0,2,0,0,3.0,0
24487,3208,1,alt1,1,1,14,19,10,9,30,30,0,1,0,0,3.0,0
24487,3209,1,alt1,1,1,20,17,9,12,15,30,0,1,0,0,3.0,0
24487,3210,1,alt1,1,1,19,16,8,9,15,15,2,2,0,0,3.0,0
24487,3211,2,alt2,1,1,19,17,7,8,30,30,2,1,0,0,3.0,0
24487,3212,1,alt1,1,1,17,19,11,8,15,60,0,1,0,0,3.0,0
24487,3213,1,alt1,1,1,20,18,9,11,15,15,1,2,0,0,3.0,0
24525,3214,2,alt2,1,1,26,22,6,7,30,30,1,0,3,1,3.0,0
24525,3215,1,alt1,1,1,14,18,7,6,60,15,0,2,3,1,3.0,0
24525,3216,1,alt1,1,1,18,15,6,7,30,15,0,2,3,1,3.0,0
24525,3217,1,alt1,1,1,20,23,8,7,60,60,1,2,3,1,3.0,0
24525,3218,2,alt2,1,1,19,15,7,8,60,30,0,0,3,1,3.0,0
24525,3219,1,alt1,1,1,19,16,5,6,15,60,1,1,3,1,3.0,0
24525,3220,1,alt1,1,1,19,13,5,6,15,60,0,0,3,1,3.0,0
24525,3221,2,alt2,1,1,19,13,6,7,30,60,1,0,3,1,3.0,0
24525,3222,2,alt2,1,1,18,26,7,6,30,60,2,0,3,1,3.0,0
24627,3223,2,alt2,1,1,166,116,45,51,60,15,1,1,0,0,3.0,0
24627,3224,2,alt2,1,1,187,140,49,64,15,60,0,1,0,0,3.0,0
24627,3225,2,alt2,1,1,123,137,49,42,60,30,2,0,0,0,3.0,0
24627,3226,1,alt1,1,1,129,151,55,42,15,60,0,0,0,0,3.0,0
24627,3227,2,alt2,1,1,166,149,45,49,15,15,0,0,0,0,3.0,0
24627,3228,2,alt2,1,1,151,136,45,49,15,30,0,1,0,0,3.0,0
24627,3229,2,alt2,1,1,109,137,54,45,15,15,2,2,0,0,3.0,0
24627,3230,2,alt2,1,1,137,103,49,54,60,30,2,2,0,0,3.0,0
24627,3231,1,alt1,1,1,130,91,56,73,30,15,2,1,0,0,3.0,0
24785,3232,1,alt1,1,1,63,74,20,18,30,30,0,1,4,0,4.0,1
24785,3233,2,alt2,1,1,51,38,18,21,15,60,2,0,4,0,4.0,1
24785,3234,2,alt2,1,1,44,51,22,18,15,30,2,0,4,0,4.0,1
24785,3235,1,alt1,1,1,56,66,24,22,60,60,1,2,4,0,4.0,1
24785,3236,1,alt1,1,1,43,54,26,23,30,60,0,0,4,0,4.0,1
24785,3237,2,alt2,1,1,46,54,20,17,60,15,1,1,4,0,4.0,1
24785,3238,2,alt2,1,1,54,38,17,21,15,60,0,0,4,0,4.0,1
24785,3239,1,alt1,1,1,38,54,22,20,60,30,0,1,4,0,4.0,1
24785,3240,2,alt2,1,1,74,52,18,21,60,30,0,2,4,0,4.0,1
25041,3241,2,alt2,1,1,29,41,8,6,30,15,1,0,0,0,3.0,0
25041,3242,1,alt1,1,1,26,38,8,7,60,30,2,1,0,0,3.0,0
25041,3243,2,alt2,1,1,47,33,5,7,15,15,2,0,0,0,3.0,0
25041,3244,1,alt1,1,1,24,32,8,7,30,30,0,1,0,0,3.0,0
25041,3245,1,alt1,1,1,34,29,7,10,15,30,0,1,0,0,3.0,0
25041,3246,2,alt2,1,1,28,32,7,6,15,15,2,2,0,0,3.0,0
25041,3247,2,alt2,1,1,29,32,6,5,30,30,1,2,0,0,3.0,0
25041,3248,2,alt2,1,1,29,32,9,6,15,60,0,1,0,0,3.0,0
25041,3249,1,alt1,1,1,34,31,7,9,15,15,1,2,0,0,3.0,0
25043,3250,2,alt2,1,1,16,11,2,3,15,30,0,1,0,0,2.0,0
25043,3251,2,alt2,1,1,15,10,2,3,30,60,1,2,0,0,2.0,0
25043,3252,2,alt2,1,1,18,13,2,3,15,15,2,0,0,0,2.0,0
25043,3253,1,alt1,1,1,9,13,3,2,30,30,0,1,0,0,2.0,0
25043,3254,1,alt1,1,1,13,11,2,3,15,30,0,1,0,0,2.0,0
25043,3255,1,alt1,1,1,13,11,2,3,15,15,2,2,0,0,2.0,0
25043,3256,1,alt1,1,1,13,11,2,3,30,30,2,1,0,0,2.0,0
25043,3257,1,alt1,1,1,11,13,3,2,15,60,0,1,0,0,2.0,0
25043,3258,2,alt2,1,1,12,13,3,2,15,15,2,1,0,0,2.0,0
73901,3259,2,alt2,1,1,56,42,13,15,15,15,1,2,2,0,1.0,0
73901,3260,1,alt1,1,1,44,31,10,14,60,60,0,2,2,0,1.0,0
73901,3261,2,alt2,1,1,47,33,13,15,60,15,0,0,2,0,1.0,0
73901,3262,1,alt1,1,1,51,64,11,10,15,15,2,1,2,0,1.0,0
73901,3263,1,alt1,1,1,56,42,10,13,30,60,0,2,2,0,1.0,0
73901,3264,2,alt2,1,1,35,47,14,10,30,15,1,1,2,0,1.0,0
73901,3265,2,alt2,1,1,51,41,12,13,30,15,0,1,2,0,1.0,0
73901,3266,1,alt1,1,1,45,56,13,10,30,30,0,2,2,0,1.0,0
73901,3267,2,alt2,1,1,51,39,10,12,60,15,1,1,2,0,1.0,0
75131,3268,1,alt1,1,1,104,78,104,120,15,15,1,2,3,1,4.0,1
75131,3269,1,alt1,1,1,81,57,82,107,60,60,0,2,3,1,4.0,1
75131,3270,2,alt2,1,1,86,60,100,115,60,15,0,0,3,1,4.0,1
75131,3271,2,alt2,1,1,94,117,86,78,15,15,2,1,3,1,4.0,1
75131,3272,1,alt1,1,1,104,78,78,105,30,60,0,2,3,1,4.0,1
75131,3273,2,alt2,1,1,64,86,107,82,30,15,1,1,3,1,4.0,1
75131,3274,2,alt2,1,1,94,76,91,105,30,15,0,1,3,1,4.0,1
75131,3275,1,alt1,1,1,83,104,102,78,30,30,0,2,3,1,4.0,1
75131,3276,2,alt2,1,1,94,71,78,94,60,15,1,1,3,1,4.0,1
76584,3277,2,alt2,1,1,10,14,5,4,15,15,2,1,2,1,3.0,0
76584,3278,2,alt2,1,1,8,11,4,3,60,60,2,0,2,1,3.0,0
76584,3279,1,alt1,1,1,11,8,4,5,60,15,0,0,2,1,3.0,0
76584,3280,1,alt1,1,1,16,12,3,4,15,15,1,2,2,1,3.0,0
76584,3281,1,alt1,1,1,14,10,3,4,30,60,0,2,2,1,3.0,0
76584,3282,1,alt1,1,1,11,9,3,4,15,30,1,1,2,1,3.0,0
76584,3283,1,alt1,1,1,13,10,4,5,30,15,0,1,2,1,3.0,0
76584,3284,2,alt2,1,1,14,11,3,4,30,30,2,0,2,1,3.0,0
76584,3285,1,alt1,1,1,9,13,4,3,15,60,1,1,2,1,3.0,0
76862,3286,1,alt1,1,1,38,32,10,11,30,30,1,0,0,0,2.0,0
76862,3287,1,alt1,1,1,20,26,11,10,60,15,0,2,0,0,2.0,0
76862,3288,1,alt1,1,1,22,26,12,10,15,30,2,0,0,0,2.0,0
76862,3289,1,alt1,1,1,33,28,12,13,60,60,2,1,0,0,2.0,0
76862,3290,2,alt2,1,1,28,22,12,14,60,30,0,0,0,0,2.0,0
76862,3291,1,alt1,1,1,28,23,9,10,15,60,1,1,0,0,2.0,0
76862,3292,2,alt2,1,1,28,19,9,11,15,60,0,0,0,0,2.0,0
76862,3293,2,alt2,1,1,28,19,11,12,30,60,1,0,0,0,2.0,0
76862,3294,2,alt2,1,1,26,38,11,10,30,60,2,0,0,0,2.0,0
77275,3295,2,alt2,1,1,36,27,6,7,60,15,2,1,4,1,4.0,1
77275,3296,2,alt2,1,1,27,34,9,7,60,60,1,1,4,1,4.0,1
77275,3297,2,alt2,1,1,26,34,7,6,30,60,2,0,4,1,4.0,1
77275,3298,2,alt2,1,1,27,36,9,7,15,30,1,0,4,1,4.0,1
77275,3299,2,alt2,1,1,36,25,7,8,30,15,2,1,4,1,4.0,1
77275,3300,2,alt2,1,1,40,28,8,11,15,30,2,2,4,1,4.0,1
77275,3301,2,alt2,1,1,40,30,7,8,15,60,2,0,4,1,4.0,1
77275,3302,2,alt2,1,1,37,49,9,8,15,30,1,0,4,1,4.0,1
77275,3303,2,alt2,1,1,34,24,6,7,15,30,1,1,4,1,4.0,1
77558,3304,1,alt1,1,1,18,14,2,3,15,15,1,2,3,0,1.0,0
77558,3305,1,alt1,1,1,14,10,2,3,60,60,0,2,3,0,1.0,0
77558,3306,2,alt2,1,1,15,11,2,3,60,15,0,0,3,0,1.0,0
77558,3307,1,alt1,1,1,21,17,2,3,15,15,1,2,3,0,1.0,0
77558,3308,2,alt2,1,1,14,18,3,2,60,30,2,0,3,0,1.0,0
77558,3309,2,alt2,1,1,11,15,3,2,30,15,1,1,3,0,1.0,0
77558,3310,1,alt1,1,1,17,13,2,3,30,15,0,1,3,0,1.0,0
77558,3311,1,alt1,1,1,15,18,3,2,30,30,0,2,3,0,1.0,0
77558,3312,2,alt2,1,1,17,13,2,3,60,15,1,1,3,0,1.0,0
77581,3313,2,alt2,1,1,6,9,2,1,15,60,1,1,0,0,3.0,0
77581,3314,1,alt1,1,1,10,8,1,2,15,60,0,1,0,0,3.0,0
77581,3315,2,alt2,1,1,7,8,2,1,60,30,2,0,0,0,3.0,0
77581,3316,1,alt1,1,1,7,8,2,1,15,60,0,0,0,0,3.0,0
77581,3317,2,alt2,1,1,8,9,2,1,15,15,0,0,0,0,3.0,0
77581,3318,2,alt2,1,1,7,8,2,1,30,15,1,0,0,0,3.0,0
77581,3319,2,alt2,1,1,6,8,2,1,15,15,2,2,0,0,3.0,0
77581,3320,2,alt2,1,1,6,8,2,1,30,60,2,2,0,0,3.0,0
77581,3321,2,alt2,1,1,7,5,2,3,30,15,2,1,0,0,3.0,0
77919,3322,1,alt1,1,1,15,20,5,4,15,60,1,2,4,1,3.0,0
77919,3323,2,alt2,1,1,19,15,4,5,60,60,1,1,4,1,3.0,0
77919,3324,1,alt1,1,1,14,19,5,4,30,60,2,0,4,1,3.0,0
77919,3325,1,alt1,1,1,15,20,5,4,15,30,1,0,4,1,3.0,0
77919,3326,2,alt2,1,1,20,14,4,5,30,15,2,1,4,1,3.0,0
77919,3327,2,alt2,1,1,15,22,6,5,30,15,2,2,4,1,3.0,0
77919,3328,2,alt2,1,1,17,22,5,4,60,15,0,2,4,1,3.0,0
77919,3329,2,alt2,1,1,27,20,5,6,30,15,0,1,4,1,3.0,0
77919,3330,2,alt2,1,1,13,19,5,4,30,15,1,1,4,1,3.0,0
78194,3331,1,alt1,1,1,97,68,18,22,15,30,0,1,1,0,3.0,0
78194,3332,2,alt2,1,1,62,88,23,21,60,30,2,1,1,0,3.0,0
78194,3333,1,alt1,1,1,76,109,21,15,15,15,0,2,1,0,3.0,0
78194,3334,2,alt2,1,1,76,57,20,24,30,30,1,0,1,0,3.0,0
78194,3335,1,alt1,1,1,80,68,21,28,15,30,0,1,1,0,3.0,0
78194,3336,2,alt2,1,1,76,64,18,21,15,15,2,2,1,0,3.0,0
78194,3337,2,alt2,1,1,76,68,15,18,30,30,2,1,1,0,3.0,0
78194,3338,2,alt2,1,1,76,68,18,24,60,15,1,0,1,0,3.0,0
78194,3339,1,alt1,1,1,80,72,20,26,15,15,1,2,1,0,3.0,0
78677,3340,2,alt2,1,1,34,26,16,18,60,15,2,1,2,0,3.0,0
78677,3341,2,alt2,1,1,26,32,23,17,60,60,1,1,2,0,3.0,0
78677,3342,1,alt1,1,1,32,24,16,18,60,30,0,2,2,0,3.0,0
78677,3343,2,alt2,1,1,26,34,23,17,15,30,1,0,2,0,3.0,0
78677,3344,2,alt2,1,1,34,24,17,19,30,15,2,1,2,0,3.0,0
78677,3345,1,alt1,1,1,38,26,21,28,15,30,2,2,2,0,3.0,0
78677,3346,1,alt1,1,1,28,38,20,17,60,15,0,2,2,0,3.0,0
78677,3347,2,alt2,1,1,35,47,24,21,15,30,1,0,2,0,3.0,0
78677,3348,1,alt1,1,1,32,23,16,19,15,30,1,1,2,0,3.0,0
79045,3349,1,alt1,1,1,13,17,4,3,15,60,1,2,2,1,3.0,0
79045,3350,2,alt2,1,1,16,13,3,4,60,60,1,1,2,1,3.0,0
79045,3351,2,alt2,1,1,12,16,4,3,30,60,2,0,2,1,3.0,0
79045,3352,2,alt2,1,1,13,17,4,3,15,30,1,0,2,1,3.0,0
79045,3353,1,alt1,1,1,12,17,4,3,15,30,1,2,2,1,3.0,0
79045,3354,2,alt2,1,1,19,13,3,5,15,30,2,2,2,1,3.0,0
79045,3355,2,alt2,1,1,19,14,3,4,15,60,2,0,2,1,3.0,0
79045,3356,1,alt1,1,1,23,18,3,4,30,15,0,1,2,1,3.0,0
79045,3357,2,alt2,1,1,11,16,4,3,30,15,1,1,2,1,3.0,0
79386,3358,2,alt2,1,1,24,32,8,7,15,15,2,1,1,0,3.0,0
79386,3359,2,alt2,1,1,18,25,7,5,60,60,2,0,1,0,3.0,0
79386,3360,2,alt2,1,1,27,19,6,7,60,15,0,0,1,0,3.0,0
79386,3361,1,alt1,1,1,36,29,5,6,15,15,1,2,1,0,3.0,0
79386,3362,1,alt1,1,1,32,24,5,7,30,60,0,2,1,0,3.0,0
79386,3363,1,alt1,1,1,27,20,5,7,15,30,1,1,1,0,3.0,0
79386,3364,1,alt1,1,1,29,24,6,7,30,15,0,1,1,0,3.0,0
79386,3365,1,alt1,1,1,26,32,6,5,30,30,0,2,1,0,3.0,0
79386,3366,2,alt2,1,1,29,22,5,6,60,15,1,1,1,0,3.0,0
79809,3367,1,alt1,1,1,59,69,48,44,30,30,0,1,1,1,4.0,1
79809,3368,2,alt2,1,1,48,36,44,50,15,60,2,0,1,1,4.0,1
79809,3369,1,alt1,1,1,48,41,44,52,30,15,0,2,1,1,4.0,1
79809,3370,2,alt2,1,1,61,52,53,58,60,60,2,1,1,1,4.0,1
79809,3371,2,alt2,1,1,50,40,55,63,60,30,0,0,1,1,4.0,1
79809,3372,1,alt1,1,1,50,43,41,48,15,60,1,1,1,1,4.0,1
79809,3373,1,alt1,1,1,35,50,50,41,60,15,0,0,1,1,4.0,1
79809,3374,1,alt1,1,1,50,35,48,53,30,60,1,0,1,1,4.0,1
79809,3375,2,alt2,1,1,69,48,44,50,60,30,0,2,1,1,4.0,1
80438,3376,1,alt1,1,1,82,96,23,21,30,30,0,1,0,0,3.0,0
80438,3377,1,alt1,1,1,50,67,24,21,60,15,0,2,0,0,3.0,0
80438,3378,1,alt1,1,1,67,57,21,25,30,15,0,2,0,0,3.0,0
80438,3379,1,alt1,1,1,72,85,28,25,60,60,1,2,0,0,3.0,0
80438,3380,1,alt1,1,1,56,70,30,26,30,60,0,0,0,0,3.0,0
80438,3381,2,alt2,1,1,60,70,23,20,60,15,1,1,0,0,3.0,0
80438,3382,2,alt2,1,1,70,49,20,24,15,60,0,0,0,0,3.0,0
80438,3383,2,alt2,1,1,70,49,23,25,30,60,1,0,0,0,3.0,0
80438,3384,2,alt2,1,1,96,67,21,24,60,30,0,2,0,0,3.0,0
80546,3385,1,alt1,1,1,31,41,6,5,15,60,1,2,3,1,3.0,0
80546,3386,1,alt1,1,1,39,31,5,7,60,60,1,1,3,1,3.0,0
80546,3387,1,alt1,1,1,29,39,6,5,30,60,2,0,3,1,3.0,0
80546,3388,1,alt1,1,1,31,41,7,5,15,30,1,0,3,1,3.0,0
80546,3389,1,alt1,1,1,41,29,5,6,30,15,2,1,3,1,3.0,0
80546,3390,2,alt2,1,1,32,45,9,6,30,15,2,2,3,1,3.0,0
80546,3391,2,alt2,1,1,34,45,6,5,60,15,0,2,3,1,3.0,0
80546,3392,2,alt2,1,1,56,42,6,7,30,15,0,1,3,1,3.0,0
80546,3393,2,alt2,1,1,27,39,6,5,30,15,1,1,3,1,3.0,0
80781,3394,2,alt2,1,1,52,44,12,13,30,30,1,0,0,0,3.0,0
80781,3395,1,alt1,1,1,27,36,14,12,60,15,0,2,0,0,3.0,0
80781,3396,2,alt2,1,1,31,36,14,12,15,30,2,0,0,0,3.0,0
80781,3397,1,alt1,1,1,39,46,16,14,60,60,1,2,0,0,3.0,0
80781,3398,2,alt2,1,1,30,38,17,15,30,60,0,0,0,0,3.0,0
80781,3399,2,alt2,1,1,32,38,13,11,60,15,1,1,0,0,3.0,0
80781,3400,1,alt1,1,1,38,27,11,14,15,60,0,0,0,0,3.0,0
80781,3401,1,alt1,1,1,27,38,15,13,60,30,0,1,0,0,3.0,0
80781,3402,1,alt1,1,1,52,36,12,14,60,30,0,2,0,0,3.0,0
81503,3403,2,alt2,1,1,196,147,42,48,15,15,1,2,2,1,4.0,1
81503,3404,2,alt2,1,1,153,107,33,43,60,60,0,2,2,1,4.0,1
81503,3405,2,alt2,1,1,162,113,40,46,60,15,0,0,2,1,4.0,1
81503,3406,1,alt1,1,1,177,221,34,31,15,15,2,1,2,1,4.0,1
81503,3407,1,alt1,1,1,196,147,31,42,30,60,0,2,2,1,4.0,1
81503,3408,2,alt2,1,1,121,162,43,33,30,15,1,1,2,1,4.0,1
81503,3409,2,alt2,1,1,178,143,37,42,30,15,0,1,2,1,4.0,1
81503,3410,1,alt1,1,1,156,196,41,31,30,30,0,2,2,1,4.0,1
81503,3411,2,alt2,1,1,178,134,31,38,60,15,1,1,2,1,4.0,1
82028,3412,1,alt1,1,1,94,135,78,67,15,60,1,1,0,0,3.0,0
82028,3413,1,alt1,1,1,152,114,75,97,15,60,0,1,0,0,3.0,0
82028,3414,1,alt1,1,1,111,100,64,73,30,60,0,2,0,0,3.0,0
82028,3415,1,alt1,1,1,104,123,83,64,15,60,0,0,0,0,3.0,0
82028,3416,1,alt1,1,1,135,121,67,74,15,15,0,0,0,0,3.0,0
82028,3417,2,alt2,1,1,111,123,74,67,30,15,1,0,0,0,3.0,0
82028,3418,2,alt2,1,1,89,111,81,67,15,15,2,2,0,0,3.0,0
82028,3419,1,alt1,1,1,83,111,82,75,30,60,2,2,0,0,3.0,0
82028,3420,1,alt1,1,1,74,105,111,85,15,30,1,2,0,0,3.0,0
82040,3421,1,alt1,1,1,15,18,5,4,30,30,0,1,1,0,1.0,0
82040,3422,1,alt1,1,1,13,9,4,5,15,60,2,0,1,0,1.0,0
82040,3423,2,alt2,1,1,13,11,4,5,30,15,0,2,1,0,1.0,0
82040,3424,2,alt2,1,1,16,14,5,6,60,60,2,1,1,0,1.0,0
82040,3425,1,alt1,1,1,13,11,5,6,60,30,0,0,1,0,1.0,0
82040,3426,2,alt2,1,1,11,13,5,4,60,15,1,1,1,0,1.0,0
82040,3427,1,alt1,1,1,13,9,4,5,15,60,0,0,1,0,1.0,0
82040,3428,2,alt2,1,1,9,13,6,5,60,30,0,1,1,0,1.0,0
82040,3429,1,alt1,1,1,18,13,4,5,60,30,0,2,1,0,1.0,0
82401,3430,2,alt2,1,1,64,85,72,62,15,15,2,1,0,0,3.0,0
82401,3431,2,alt2,1,1,47,67,64,49,60,60,2,0,0,0,3.0,0
82401,3432,1,alt1,1,1,70,49,60,69,60,15,0,0,0,0,3.0,0
82401,3433,1,alt1,1,1,96,77,47,51,15,15,1,2,0,0,3.0,0
82401,3434,2,alt2,1,1,64,85,63,47,60,30,2,0,0,0,3.0,0
82401,3435,2,alt2,1,1,53,70,64,49,30,15,1,1,0,0,3.0,0
82401,3436,2,alt2,1,1,62,78,63,55,15,30,1,0,0,0,3.0,0
82401,3437,1,alt1,1,1,68,85,61,47,30,30,0,2,0,0,3.0,0
82401,3438,2,alt2,1,1,58,78,56,47,15,60,1,1,0,0,3.0,0
82559,3439,1,alt1,1,1,161,121,49,57,15,15,1,2,2,0,4.0,1
82559,3440,1,alt1,1,1,126,88,39,51,60,60,0,2,2,0,4.0,1
82559,3441,2,alt2,1,1,133,93,47,54,60,15,0,0,2,0,4.0,1
82559,3442,2,alt2,1,1,182,146,37,41,15,15,1,2,2,0,4.0,1
82559,3443,2,alt2,1,1,161,121,37,50,30,60,0,2,2,0,4.0,1
82559,3444,1,alt1,1,1,100,133,51,39,30,15,1,1,2,0,4.0,1
82559,3445,2,alt2,1,1,147,118,43,50,30,15,0,1,2,0,4.0,1
82559,3446,1,alt1,1,1,129,161,48,37,30,30,0,2,2,0,4.0,1
82559,3447,1,alt1,1,1,110,147,44,37,15,60,1,1,2,0,4.0,1
82613,3448,1,alt1,1,1,97,130,30,26,15,15,2,1,1,0,1.0,0
82613,3449,1,alt1,1,1,71,102,27,21,60,60,2,0,1,0,1.0,0
82613,3450,1,alt1,1,1,75,107,29,25,15,60,0,0,1,0,1.0,0
82613,3451,1,alt1,1,1,118,147,22,20,15,15,2,1,1,0,1.0,0
82613,3452,2,alt2,1,1,130,97,20,27,30,60,0,2,1,0,1.0,0
82613,3453,1,alt1,1,1,107,81,21,27,15,30,1,1,1,0,1.0,0
82613,3454,2,alt2,1,1,119,95,23,27,30,15,0,1,1,0,1.0,0
82613,3455,1,alt1,1,1,130,104,20,26,30,30,2,0,1,0,1.0,0
82613,3456,1,alt1,1,1,89,119,24,20,15,60,1,1,1,0,1.0,0
84197,3457,2,alt2,1,1,70,49,4,5,60,15,1,1,2,1,1.0,0
84197,3458,1,alt1,1,1,79,59,4,5,15,60,0,1,2,1,1.0,0
84197,3459,1,alt1,1,1,58,52,4,5,30,60,0,2,2,1,1.0,0
84197,3460,1,alt1,1,1,54,64,5,4,15,60,0,0,2,1,1.0,0
84197,3461,2,alt2,1,1,63,70,5,4,15,15,0,0,2,1,1.0,0
84197,3462,1,alt1,1,1,64,58,4,5,15,30,0,1,2,1,1.0,0
84197,3463,1,alt1,1,1,46,58,5,4,15,15,2,2,2,1,1.0,0
84197,3464,2,alt2,1,1,58,43,4,5,60,30,2,2,2,1,1.0,0
84197,3465,2,alt2,1,1,55,38,5,6,30,15,2,1,2,1,1.0,0
84391,3466,1,alt1,1,1,70,82,18,16,30,30,0,1,3,0,3.0,0
84391,3467,2,alt2,1,1,57,43,16,19,15,60,2,0,3,0,3.0,0
84391,3468,1,alt1,1,1,57,48,16,19,30,15,0,2,3,0,3.0,0
84391,3469,2,alt2,1,1,72,62,20,22,60,60,2,1,3,0,3.0,0
84391,3470,2,alt2,1,1,60,48,21,24,60,30,0,0,3,0,3.0,0
84391,3471,2,alt2,1,1,51,60,18,15,60,15,1,1,3,0,3.0,0
84391,3472,1,alt1,1,1,60,42,15,18,15,60,0,0,3,0,3.0,0
84391,3473,1,alt1,1,1,42,60,20,18,60,30,0,1,3,0,3.0,0
84391,3474,1,alt1,1,1,82,57,16,19,60,30,0,2,3,0,3.0,0
84392,3475,1,alt1,1,1,28,33,18,16,30,30,0,1,2,0,2.0,0
84392,3476,2,alt2,1,1,17,23,19,16,60,15,0,2,2,0,2.0,0
84392,3477,1,alt1,1,1,23,19,16,19,30,15,0,2,2,0,2.0,0
84392,3478,1,alt1,1,1,24,29,22,20,60,60,1,2,2,0,2.0,0
84392,3479,1,alt1,1,1,19,24,23,20,30,60,0,0,2,0,2.0,0
84392,3480,1,alt1,1,1,24,20,15,18,15,60,1,1,2,0,2.0,0
84392,3481,2,alt2,1,1,17,24,18,15,60,15,0,0,2,0,2.0,0
84392,3482,1,alt1,1,1,24,17,18,20,30,60,1,0,2,0,2.0,0
84392,3483,1,alt1,1,1,23,33,19,16,30,60,2,0,2,0,2.0,0
84525,3484,2,alt2,1,1,24,17,3,4,60,15,1,1,1,0,1.0,0
84525,3485,1,alt1,1,1,27,20,4,5,15,60,0,1,1,0,1.0,0
84525,3486,1,alt1,1,1,20,18,3,4,30,60,0,2,1,0,1.0,0
84525,3487,1,alt1,1,1,19,22,4,3,15,60,0,0,1,0,1.0,0
84525,3488,1,alt1,1,1,22,24,4,3,15,15,0,0,1,0,1.0,0
84525,3489,1,alt1,1,1,22,20,3,4,15,30,0,1,1,0,1.0,0
84525,3490,1,alt1,1,1,20,16,3,4,15,15,2,2,1,0,1.0,0
84525,3491,2,alt2,1,1,20,15,4,5,60,30,2,2,1,0,1.0,0
84525,3492,1,alt1,1,1,13,19,5,4,15,30,1,2,1,0,1.0,0
