id,obs_id,choice,chosen_alt,train_av,sm_av,car_av,train_tt_scaled,sm_tt_scaled,car_tt_scaled,train_cost_scaled,sm_cost_scaled,car_co_scaled,train_he_scaled,sm_he_scaled,sm_seats_scaled,purpose,first,ticket,who,luggage,age,male,income,ga,origin,dest
1,1,2,SM,1,1,1,1.12,0.63,1.17,0.48,0.52,0.65,1.2,0.2,0.0,1,0,1,1,0,3,0,2,0,2,1
1,2,2,SM,1,1,1,1.03,0.6,1.17,0.48,0.49,0.84,0.3,0.1,0.0,1,0,1,1,0,3,0,2,0,2,1
1,3,2,SM,1,1,1,1.3,0.67,1.17,0.48,0.58,0.52,0.6,0.3,0.0,1,0,1,1,0,3,0,2,0,2,1
1,4,2,SM,1,1,1,1.03,0.63,0.72,0.4,0.52,0.52,0.3,0.2,0.0,1,0,1,1,0,3,0,2,0,2,1
1,5,2,SM,1,1,1,1.3,0.63,0.9,0.36,0.42,0.84,0.6,0.2,0.0,1,0,1,1,0,3,0,2,0,2,1
1,6,2,SM,1,1,1,1.12,0.6,0.9,0.36,0.49,0.52,1.2,0.1,0.0,1,0,1,1,0,3,0,2,0,2,1
1,7,2,SM,1,1,1,1.03,0.67,0.72,0.48,0.58,0.65,1.2,0.1,0.0,1,0,1,1,0,3,0,2,0,2,1
1,8,1,TRAIN,1,1,1,1.03,0.67,0.9,0.36,0.43,0.65,0.3,0.3,0.0,1,0,1,1,0,3,0,2,0,2,1
1,9,2,SM,1,1,1,1.3,0.6,0.72,0.4,0.46,0.65,0.6,0.1,0.0,1,0,1,1,0,3,0,2,0,2,1
2,10,2,SM,1,1,0,1.84,0.76,0.0,0.62,0.7,0.0,1.2,0.2,0.0,1,0,1,1,1,2,0,1,0,22,1
2,11,2,SM,1,1,0,1.7,0.7,0.0,0.62,0.66,0.0,0.3,0.1,0.0,1,0,1,1,1,2,0,1,0,22,1
2,12,2,SM,1,1,0,2.13,0.84,0.0,0.62,0.82,0.0,0.6,0.3,0.0,1,0,1,1,1,2,0,1,0,22,1
2,13,2,SM,1,1,0,1.7,0.76,0.0,0.52,0.72,0.0,0.3,0.2,0.0,1,0,1,1,1,2,0,1,0,22,1
2,14,2,SM,1,1,0,2.13,0.76,0.0,0.47,0.53,0.0,0.6,0.2,0.0,1,0,1,1,1,2,0,1,0,22,1
2,15,2,SM,1,1,0,1.84,0.7,0.0,0.47,0.66,0.0,1.2,0.1,0.0,1,0,1,1,1,2,0,1,0,22,1
2,16,2,SM,1,1,0,1.7,0.84,0.0,0.62,0.82,0.0,1.2,0.1,0.0,1,0,1,1,1,2,0,1,0,22,1
2,17,2,SM,1,1,0,1.7,0.84,0.0,0.47,0.57,0.0,0.3,0.3,0.0,1,0,1,1,1,2,0,1,0,22,1
2,18,2,SM,1,1,0,2.13,0.7,0.0,0.52,0.62,0.0,0.6,0.1,0.0,1,0,1,1,1,2,0,1,0,22,1
3,19,2,SM,1,1,1,0.58,0.29,1.05,0.32,0.35,0.4,0.3,0.1,0.0,1,0,1,1,1,2,1,2,0,10,25
3,20,2,SM,1,1,1,0.58,0.25,1.36,0.29,0.38,0.5,0.3,0.2,0.0,1,0,1,1,1,2,1,2,0,10,25
3,21,2,SM,1,1,1,0.58,0.27,1.36,0.32,0.4,0.65,1.2,0.1,1.0,1,0,1,1,1,2,1,2,0,10,25
3,22,2,SM,1,1,1,0.47,0.25,0.84,0.29,0.38,0.65,0.6,0.3,1.0,1,0,1,1,1,2,1,2,0,10,25
3,23,2,SM,1,1,1,0.51,0.25,1.36,0.32,0.36,0.4,0.3,0.3,1.0,1,0,1,1,1,2,1,2,0,10,25
3,24,2,SM,1,1,1,0.51,0.25,0.84,0.38,0.42,0.4,0.6,0.2,0.0,1,0,1,1,1,2,1,2,0,10,25
3,25,2,SM,1,1,1,0.51,0.27,0.84,0.29,0.32,0.5,0.3,0.1,1.0,1,0,1,1,1,2,1,2,0,10,25
3,26,2,SM,1,1,1,0.51,0.27,1.05,0.32,0.4,0.5,0.6,0.3,0.0,1,0,1,1,1,2,1,2,0,10,25
3,27,2,SM,1,1,1,0.58,0.27,0.84,0.38,0.42,0.65,0.3,0.3,0.0,1,0,1,1,1,2,1,2,0,10,25
4,28,2,SM,1,1,1,1.38,0.65,1.35,0.4,0.45,0.8,0.3,0.1,0.0,1,0,1,1,1,2,1,3,0,19,2
4,29,2,SM,1,1,1,1.38,0.61,1.75,0.4,0.52,1.3,1.2,0.1,1.0,1,0,1,1,1,2,1,3,0,19,2
4,30,2,SM,1,1,1,1.38,0.58,1.75,0.36,0.49,1.0,0.3,0.2,0.0,1,0,1,1,1,2,1,3,0,19,2
4,31,2,SM,1,1,1,1.05,0.58,1.08,0.36,0.49,1.3,0.6,0.3,1.0,1,0,1,1,1,2,1,3,0,19,2
4,32,2,SM,1,1,1,1.16,0.58,1.75,0.4,0.46,0.8,0.3,0.3,1.0,1,0,1,1,1,2,1,3,0,19,2
4,33,2,SM,1,1,1,1.16,0.61,1.08,0.36,0.42,1.0,0.3,0.1,1.0,1,0,1,1,1,2,1,3,0,19,2
4,34,2,SM,1,1,1,1.16,0.58,1.08,0.48,0.5,0.8,0.6,0.2,0.0,1,0,1,1,1,2,1,3,0,19,2
4,35,2,SM,1,1,1,1.38,0.61,1.08,0.48,0.52,1.3,0.3,0.3,0.0,1,0,1,1,1,2,1,3,0,19,2
4,36,2,SM,1,1,1,1.16,0.61,1.35,0.4,0.52,1.0,0.6,0.3,0.0,1,0,1,1,1,2,1,3,0,19,2
5,37,2,SM,1,1,0,2.69,2.16,0.0,0.7,0.72,0.0,1.2,0.2,0.0,1,0,1,1,1,2,1,3,0,21,17
5,38,2,SM,1,1,0,2.43,2.13,0.0,0.7,0.7,0.0,0.3,0.1,0.0,1,0,1,1,1,2,1,3,0,21,17
5,39,2,SM,1,1,0,3.2,2.2,0.0,0.7,0.74,0.0,0.6,0.3,0.0,1,0,1,1,1,2,1,3,0,21,17
5,40,2,SM,1,1,0,2.43,2.16,0.0,0.58,0.66,0.0,0.3,0.2,0.0,1,0,1,1,1,2,1,3,0,21,17
5,41,2,SM,1,1,0,3.2,2.16,0.0,0.52,0.57,0.0,0.6,0.2,0.0,1,0,1,1,1,2,1,3,0,21,17
5,42,2,SM,1,1,0,2.69,2.13,0.0,0.52,0.62,0.0,1.2,0.1,0.0,1,0,1,1,1,2,1,3,0,21,17
5,43,2,SM,1,1,0,2.43,2.2,0.0,0.7,0.74,0.0,1.2,0.1,0.0,1,0,1,1,1,2,1,3,0,21,17
5,44,2,SM,1,1,0,2.43,2.2,0.0,0.52,0.57,0.0,0.3,0.3,0.0,1,0,1,1,1,2,1,3,0,21,17
5,45,2,SM,1,1,0,3.2,2.13,0.0,0.58,0.64,0.0,0.6,0.1,0.0,1,0,1,1,1,2,1,3,0,21,17
6,46,2,SM,1,1,1,1.16,0.46,0.7,0.35,0.38,0.35,1.2,0.3,1.0,1,0,1,1,1,3,0,3,0,9,17
6,47,2,SM,1,1,1,0.95,0.49,0.91,0.26,0.29,0.28,1.2,0.3,0.0,1,0,1,1,1,3,0,3,0,9,17
6,48,2,SM,1,1,1,1.16,0.53,0.56,0.26,0.32,0.28,1.2,0.2,1.0,1,0,1,1,1,3,0,3,0,9,17
6,49,2,SM,1,1,1,1.02,0.53,0.91,0.26,0.32,0.45,0.6,0.1,0.0,1,0,1,1,1,3,0,3,0,9,17
6,50,2,SM,1,1,1,1.02,0.53,0.56,0.29,0.32,0.45,1.2,0.3,0.0,1,0,1,1,1,3,0,3,0,9,17
6,51,2,SM,1,1,1,0.95,0.53,0.91,0.29,0.32,0.35,0.6,0.2,1.0,1,0,1,1,1,3,0,3,0,9,17
6,52,2,SM,1,1,1,0.95,0.49,0.7,0.35,0.4,0.28,0.6,0.1,1.0,1,0,1,1,1,3,0,3,0,9,17
6,53,2,SM,1,1,1,0.95,0.46,0.7,0.29,0.35,0.45,1.2,0.2,0.0,1,0,1,1,1,3,0,3,0,9,17
6,54,2,SM,1,1,1,1.02,0.53,0.7,0.35,0.46,0.45,0.3,0.2,1.0,1,0,1,1,1,3,0,3,0,9,17
7,55,2,SM,1,1,1,0.87,0.32,1.17,0.42,0.49,1.4,1.2,0.2,0.0,1,0,1,1,1,3,1,1,0,1,2
7,56,2,SM,1,1,1,0.8,0.29,1.17,0.42,0.46,1.82,0.3,0.1,0.0,1,0,1,1,1,3,1,1,0,1,2
7,57,2,SM,1,1,1,1.01,0.36,1.17,0.42,0.56,1.12,0.6,0.3,0.0,1,0,1,1,1,3,1,1,0,1,2
7,58,2,SM,1,1,1,0.8,0.32,0.72,0.35,0.49,1.12,0.3,0.2,0.0,1,0,1,1,1,3,1,1,0,1,2
7,59,2,SM,1,1,1,1.01,0.32,0.9,0.31,0.38,1.82,0.6,0.2,0.0,1,0,1,1,1,3,1,1,0,1,2
7,60,2,SM,1,1,1,0.87,0.29,0.9,0.31,0.46,1.12,1.2,0.1,0.0,1,0,1,1,1,3,1,1,0,1,2
7,61,1,TRAIN,1,1,1,0.8,0.36,0.72,0.42,0.56,1.4,1.2,0.1,0.0,1,0,1,1,1,3,1,1,0,1,2
7,62,2,SM,1,1,1,0.8,0.36,0.9,0.31,0.4,1.4,0.3,0.3,0.0,1,0,1,1,1,3,1,1,0,1,2
7,63,2,SM,1,1,1,1.01,0.29,0.72,0.35,0.43,1.4,0.6,0.1,0.0,1,0,1,1,1,3,1,1,0,1,2
8,64,2,SM,1,1,1,1.09,0.56,1.3,0.26,0.34,0.3,1.2,0.2,0.0,1,0,1,1,1,4,1,3,0,1,17
8,65,2,SM,1,1,1,1.0,0.53,1.3,0.26,0.32,0.39,0.3,0.1,0.0,1,0,1,1,1,4,1,3,0,1,17
8,66,2,SM,1,1,1,1.26,0.6,1.3,0.26,0.4,0.24,0.6,0.3,0.0,1,0,1,1,1,4,1,3,0,1,17
8,67,3,CAR,1,1,1,1.0,0.56,0.8,0.22,0.35,0.24,0.3,0.2,0.0,1,0,1,1,1,4,1,3,0,1,17
8,68,2,SM,1,1,1,1.26,0.56,1.0,0.2,0.24,0.39,0.6,0.2,0.0,1,0,1,1,1,4,1,3,0,1,17
8,69,3,CAR,1,1,1,1.09,0.53,1.0,0.2,0.32,0.24,1.2,0.1,0.0,1,0,1,1,1,4,1,3,0,1,17
8,70,3,CAR,1,1,1,1.0,0.6,0.8,0.26,0.4,0.3,1.2,0.1,0.0,1,0,1,1,1,4,1,3,0,1,17
8,71,2,SM,1,1,1,1.0,0.6,1.0,0.2,0.26,0.3,0.3,0.3,0.0,1,0,1,1,1,4,1,3,0,1,17
8,72,2,SM,1,1,1,1.26,0.53,0.8,0.22,0.28,0.3,0.6,0.1,0.0,1,0,1,1,1,4,1,3,0,1,17
9,73,2,SM,1,1,1,1.16,0.53,0.6,0.24,0.28,0.32,0.3,0.1,0.0,1,0,1,1,1,2,1,2,0,17,1
9,74,2,SM,1,1,1,1.16,0.46,0.78,0.22,0.32,0.4,0.3,0.2,0.0,1,0,1,1,1,2,1,2,0,17,1
9,75,2,SM,1,1,1,1.16,0.49,0.78,0.24,0.36,0.52,1.2,0.1,1.0,1,0,1,1,1,2,1,2,0,17,1
9,76,2,SM,1,1,1,0.95,0.46,0.48,0.22,0.32,0.52,0.6,0.3,1.0,1,0,1,1,1,2,1,2,0,17,1
9,77,2,SM,1,1,1,1.02,0.46,0.78,0.24,0.29,0.32,0.3,0.3,1.0,1,0,1,1,1,2,1,2,0,17,1
9,78,2,SM,1,1,1,1.02,0.46,0.48,0.29,0.32,0.32,0.6,0.2,0.0,1,0,1,1,1,2,1,2,0,17,1
9,79,2,SM,1,1,1,1.02,0.49,0.48,0.22,0.25,0.4,0.3,0.1,1.0,1,0,1,1,1,2,1,2,0,17,1
9,80,2,SM,1,1,1,1.02,0.49,0.6,0.24,0.36,0.4,0.6,0.3,0.0,1,0,1,1,1,2,1,2,0,17,1
9,81,2,SM,1,1,1,1.16,0.49,0.48,0.29,0.35,0.52,0.3,0.3,0.0,1,0,1,1,1,2,1,2,0,17,1
10,82,2,SM,1,1,0,1.31,0.59,0.0,0.42,0.46,0.0,1.2,0.3,1.0,1,0,1,2,1,2,0,1,0,2,1
10,83,1,TRAIN,1,1,0,1.1,0.62,0.0,0.31,0.38,0.0,1.2,0.3,0.0,1,0,1,2,1,2,0,1,0,2,1
10,84,2,SM,1,1,0,1.31,0.66,0.0,0.31,0.4,0.0,1.2,0.2,1.0,1,0,1,2,1,2,0,1,0,2,1
10,85,2,SM,1,1,0,1.17,0.66,0.0,0.31,0.4,0.0,0.6,0.1,0.0,1,0,1,2,1,2,0,1,0,2,1
10,86,2,SM,1,1,0,1.17,0.66,0.0,0.35,0.42,0.0,1.2,0.3,0.0,1,0,1,2,1,2,0,1,0,2,1
10,87,2,SM,1,1,0,1.1,0.66,0.0,0.35,0.42,0.0,0.6,0.2,1.0,1,0,1,2,1,2,0,1,0,2,1
10,88,2,SM,1,1,0,1.1,0.62,0.0,0.42,0.49,0.0,0.6,0.1,1.0,1,0,1,2,1,2,0,1,0,2,1
10,89,2,SM,1,1,0,1.1,0.59,0.0,0.35,0.43,0.0,1.2,0.2,0.0,1,0,1,2,1,2,0,1,0,2,1
10,90,1,TRAIN,1,1,0,1.17,0.66,0.0,0.42,0.56,0.0,0.3,0.2,1.0,1,0,1,2,1,2,0,1,0,2,1
11,91,2,SM,1,1,0,1.16,0.52,0.0,0.32,0.38,0.0,0.3,0.1,0.0,1,0,1,2,1,2,1,2,0,17,19
11,92,2,SM,1,1,0,1.16,0.48,0.0,0.32,0.43,0.0,1.2,0.1,1.0,1,0,1,2,1,2,1,2,0,17,19
11,93,2,SM,1,1,0,1.16,0.45,0.0,0.29,0.4,0.0,0.3,0.2,0.0,1,0,1,2,1,2,1,2,0,17,19
11,94,2,SM,1,1,0,0.93,0.45,0.0,0.29,0.4,0.0,0.6,0.3,1.0,1,0,1,2,1,2,1,2,0,17,19
11,95,2,SM,1,1,0,1.01,0.45,0.0,0.32,0.4,0.0,0.3,0.3,1.0,1,0,1,2,1,2,1,2,0,17,19
11,96,2,SM,1,1,0,1.01,0.48,0.0,0.29,0.34,0.0,0.3,0.1,1.0,1,0,1,2,1,2,1,2,0,17,19
11,97,2,SM,1,1,0,1.01,0.45,0.0,0.38,0.43,0.0,0.6,0.2,0.0,1,0,1,2,1,2,1,2,0,17,19
11,98,2,SM,1,1,0,1.16,0.48,0.0,0.38,0.45,0.0,0.3,0.3,0.0,1,0,1,2,1,2,1,2,0,17,19
11,99,2,SM,1,1,0,1.01,0.48,0.0,0.32,0.43,0.0,0.6,0.3,0.0,1,0,1,2,1,2,1,2,0,17,19
12,100,2,SM,1,1,0,1.31,0.66,0.0,0.36,0.42,0.0,0.3,0.1,0.0,1,0,1,2,1,3,0,2,0,1,2
12,101,2,SM,1,1,0,1.31,0.62,0.0,0.36,0.5,0.0,1.2,0.1,1.0,1,0,1,2,1,3,0,2,0,1,2
12,102,2,SM,1,1,0,1.31,0.59,0.0,0.32,0.48,0.0,0.3,0.2,0.0,1,0,1,2,1,3,0,2,0,1,2
12,103,2,SM,1,1,0,1.1,0.59,0.0,0.32,0.48,0.0,0.6,0.3,1.0,1,0,1,2,1,3,0,2,0,1,2
12,104,2,SM,1,1,0,1.17,0.59,0.0,0.36,0.45,0.0,0.3,0.3,1.0,1,0,1,2,1,3,0,2,0,1,2
12,105,2,SM,1,1,0,1.17,0.62,0.0,0.32,0.38,0.0,0.3,0.1,1.0,1,0,1,2,1,3,0,2,0,1,2
12,106,2,SM,1,1,0,1.17,0.59,0.0,0.43,0.48,0.0,0.6,0.2,0.0,1,0,1,2,1,3,0,2,0,1,2
12,107,2,SM,1,1,0,1.31,0.62,0.0,0.43,0.49,0.0,0.3,0.3,0.0,1,0,1,2,1,3,0,2,0,1,2
12,108,2,SM,1,1,0,1.17,0.62,0.0,0.36,0.5,0.0,0.6,0.3,0.0,1,0,1,2,1,3,0,2,0,1,2
13,109,2,SM,1,1,0,1.68,0.86,0.0,0.37,0.4,0.0,1.2,0.3,1.0,1,0,1,2,1,3,1,1,0,1,17
13,110,2,SM,1,1,0,1.29,0.89,0.0,0.28,0.32,0.0,1.2,0.3,0.0,1,0,1,2,1,3,1,1,0,1,17
13,111,2,SM,1,1,0,1.68,0.93,0.0,0.28,0.32,0.0,1.2,0.2,1.0,1,0,1,2,1,3,1,1,0,1,17
13,112,2,SM,1,1,0,1.42,0.93,0.0,0.28,0.32,0.0,0.6,0.1,0.0,1,0,1,2,1,3,1,1,0,1,17
13,113,2,SM,1,1,0,1.42,0.93,0.0,0.31,0.34,0.0,1.2,0.3,0.0,1,0,1,2,1,3,1,1,0,1,17
13,114,1,TRAIN,1,1,0,1.29,0.93,0.0,0.31,0.34,0.0,0.6,0.2,1.0,1,0,1,2,1,3,1,1,0,1,17
13,115,1,TRAIN,1,1,0,1.29,0.89,0.0,0.37,0.42,0.0,0.6,0.1,1.0,1,0,1,2,1,3,1,1,0,1,17
13,116,2,SM,1,1,0,1.29,0.86,0.0,0.31,0.36,0.0,1.2,0.2,0.0,1,0,1,2,1,3,1,1,0,1,17
13,117,2,SM,1,1,0,1.42,0.93,0.0,0.37,0.46,0.0,0.3,0.2,1.0,1,0,1,2,1,3,1,1,0,1,17
14,118,2,SM,1,1,1,1.3,0.77,0.91,0.31,0.38,1.0,1.2,0.2,0.0,1,0,1,2,1,3,1,2,0,1,17
14,119,2,SM,1,1,1,1.18,0.74,0.91,0.31,0.36,1.3,0.3,0.1,0.0,1,0,1,2,1,3,1,2,0,1,17
14,120,2,SM,1,1,1,1.53,0.81,0.91,0.31,0.43,0.8,0.6,0.3,0.0,1,0,1,2,1,3,1,2,0,1,17
14,121,1,TRAIN,1,1,1,1.18,0.77,0.56,0.26,0.38,0.8,0.3,0.2,0.0,1,0,1,2,1,3,1,2,0,1,17
14,122,2,SM,1,1,1,1.53,0.77,0.7,0.23,0.28,1.3,0.6,0.2,0.0,1,0,1,2,1,3,1,2,0,1,17
14,123,2,SM,1,1,1,1.3,0.74,0.7,0.23,0.35,0.8,1.2,0.1,0.0,1,0,1,2,1,3,1,2,0,1,17
14,124,2,SM,1,1,1,1.18,0.81,0.56,0.31,0.43,1.0,1.2,0.1,0.0,1,0,1,2,1,3,1,2,0,1,17
14,125,1,TRAIN,1,1,1,1.18,0.81,0.7,0.23,0.29,1.0,0.3,0.3,0.0,1,0,1,2,1,3,1,2,0,1,17
14,126,2,SM,1,1,1,1.53,0.74,0.56,0.26,0.32,1.0,0.6,0.1,0.0,1,0,1,2,1,3,1,2,0,1,17
15,127,2,SM,1,1,0,1.11,0.41,0.0,0.26,0.31,0.0,1.2,0.3,1.0,1,0,1,2,1,3,1,2,0,17,1
15,128,2,SM,1,1,0,1.11,0.48,0.0,0.2,0.26,0.0,1.2,0.2,1.0,1,0,1,2,1,3,1,2,0,17,1
15,129,2,SM,1,1,0,0.9,0.44,0.0,0.2,0.24,0.0,1.2,0.3,0.0,1,0,1,2,1,3,1,2,0,17,1
15,130,2,SM,1,1,0,0.97,0.48,0.0,0.2,0.26,0.0,0.6,0.1,0.0,1,0,1,2,1,3,1,2,0,17,1
15,131,2,SM,1,1,0,0.97,0.48,0.0,0.22,0.26,0.0,1.2,0.3,0.0,1,0,1,2,1,3,1,2,0,17,1
15,132,2,SM,1,1,0,0.9,0.48,0.0,0.22,0.26,0.0,0.6,0.2,1.0,1,0,1,2,1,3,1,2,0,17,1
15,133,2,SM,1,1,0,0.9,0.44,0.0,0.26,0.32,0.0,0.6,0.1,1.0,1,0,1,2,1,3,1,2,0,17,1
15,134,2,SM,1,1,0,0.9,0.41,0.0,0.22,0.28,0.0,1.2,0.2,0.0,1,0,1,2,1,3,1,2,0,17,1
15,135,1,TRAIN,1,1,0,0.97,0.48,0.0,0.26,0.4,0.0,0.3,0.2,1.0,1,0,1,2,1,3,1,2,0,17,1
16,136,2,SM,1,1,1,2.08,0.79,1.9,0.62,0.66,0.8,0.3,0.1,0.0,1,0,1,2,1,3,1,2,0,25,1
16,137,2,SM,1,1,1,2.08,0.71,2.47,0.62,0.8,1.3,1.2,0.1,1.0,1,0,1,2,1,3,1,2,0,25,1
16,138,2,SM,1,1,1,2.08,0.65,2.47,0.56,0.74,1.0,0.3,0.2,0.0,1,0,1,2,1,3,1,2,0,25,1
16,139,2,SM,1,1,1,1.65,0.65,1.52,0.56,0.74,1.3,0.6,0.3,1.0,1,0,1,2,1,3,1,2,0,25,1
16,140,2,SM,1,1,1,1.79,0.65,2.47,0.62,0.7,0.8,0.3,0.3,1.0,1,0,1,2,1,3,1,2,0,25,1
16,141,2,SM,1,1,1,1.79,0.71,1.52,0.56,0.62,1.0,0.3,0.1,1.0,1,0,1,2,1,3,1,2,0,25,1
16,142,2,SM,1,1,1,1.79,0.65,1.52,0.74,0.78,0.8,0.6,0.2,0.0,1,0,1,2,1,3,1,2,0,25,1
16,143,2,SM,1,1,1,2.08,0.71,1.52,0.74,0.8,1.3,0.3,0.3,0.0,1,0,1,2,1,3,1,2,0,25,1
16,144,2,SM,1,1,1,1.79,0.71,1.9,0.62,0.8,1.0,0.6,0.3,0.0,1,0,1,2,1,3,1,2,0,25,1
17,145,2,SM,1,1,1,1.32,0.61,0.9,0.23,0.26,0.2,0.3,0.1,0.0,1,0,2,1,0,1,1,2,0,1,2
17,146,2,SM,1,1,1,1.32,0.57,1.17,0.23,0.31,0.32,1.2,0.1,1.0,1,0,2,1,0,1,1,2,0,1,2
17,147,2,SM,1,1,1,1.32,0.54,1.17,0.21,0.28,0.25,0.3,0.2,0.0,1,0,2,1,0,1,1,2,0,1,2
17,148,2,SM,1,1,1,1.02,0.54,0.72,0.21,0.28,0.32,0.6,0.3,1.0,1,0,2,1,0,1,1,2,0,1,2
17,149,2,SM,1,1,1,1.12,0.54,1.17,0.23,0.28,0.2,0.3,0.3,1.0,1,0,2,1,0,1,1,2,0,1,2
17,150,2,SM,1,1,1,1.12,0.57,0.72,0.21,0.24,0.25,0.3,0.1,1.0,1,0,2,1,0,1,1,2,0,1,2
17,151,2,SM,1,1,1,1.12,0.54,0.72,0.28,0.3,0.2,0.6,0.2,0.0,1,0,2,1,0,1,1,2,0,1,2
17,152,2,SM,1,1,1,1.32,0.57,0.72,0.28,0.31,0.32,0.3,0.3,0.0,1,0,2,1,0,1,1,2,0,1,2
17,153,2,SM,1,1,1,1.12,0.57,0.9,0.23,0.31,0.25,0.6,0.3,0.0,1,0,2,1,0,1,1,2,0,1,2
18,154,2,SM,1,1,1,1.86,0.95,1.1,0.24,0.27,0.32,0.3,0.1,0.0,1,0,2,1,0,3,1,3,0,2,25
18,155,2,SM,1,1,1,1.86,0.89,1.43,0.24,0.32,0.52,1.2,0.1,1.0,1,0,2,1,0,3,1,3,0,2,25
18,156,2,SM,1,1,1,1.86,0.84,1.43,0.22,0.3,0.4,0.3,0.2,0.0,1,0,2,1,0,3,1,3,0,2,25
18,157,2,SM,1,1,1,1.54,0.84,0.88,0.22,0.3,0.52,0.6,0.3,1.0,1,0,2,1,0,3,1,3,0,2,25
18,158,2,SM,1,1,1,1.65,0.84,1.43,0.24,0.28,0.32,0.3,0.3,1.0,1,0,2,1,0,3,1,3,0,2,25
18,159,2,SM,1,1,1,1.65,0.89,0.88,0.22,0.25,0.4,0.3,0.1,1.0,1,0,2,1,0,3,1,3,0,2,25
18,160,2,SM,1,1,1,1.65,0.84,0.88,0.29,0.3,0.32,0.6,0.2,0.0,1,0,2,1,0,3,1,3,0,2,25
18,161,2,SM,1,1,1,1.86,0.89,0.88,0.29,0.32,0.52,0.3,0.3,0.0,1,0,2,1,0,3,1,3,0,2,25
18,162,2,SM,1,1,1,1.65,0.89,1.1,0.24,0.32,0.4,0.6,0.3,0.0,1,0,2,1,0,3,1,3,0,2,25
19,163,3,CAR,1,1,1,2.12,1.21,12.0,0.26,0.27,0.1,1.2,0.3,1.0,1,0,2,1,1,1,0,1,0,1,17
19,164,1,TRAIN,1,1,1,1.77,1.28,15.6,0.2,0.23,0.13,0.6,0.1,0.0,1,0,2,1,1,1,0,1,0,1,17
19,165,3,CAR,1,1,1,1.59,1.24,15.6,0.2,0.22,0.08,1.2,0.3,0.0,1,0,2,1,1,1,0,1,0,1,17
19,166,3,CAR,1,1,1,2.12,1.28,9.6,0.2,0.23,0.08,1.2,0.2,1.0,1,0,2,1,1,1,0,1,0,1,17
19,167,1,TRAIN,1,1,1,1.77,1.28,9.6,0.22,0.24,0.13,1.2,0.3,0.0,1,0,2,1,1,1,0,1,0,1,17
19,168,1,TRAIN,1,1,1,1.59,1.28,15.6,0.22,0.24,0.1,0.6,0.2,1.0,1,0,2,1,1,1,0,1,0,1,17
19,169,2,SM,1,1,1,1.59,1.24,12.0,0.26,0.28,0.08,0.6,0.1,1.0,1,0,2,1,1,1,0,1,0,1,17
19,170,2,SM,1,1,1,1.59,1.21,12.0,0.22,0.25,0.13,1.2,0.2,0.0,1,0,2,1,1,1,0,1,0,1,17
19,171,1,TRAIN,1,1,1,1.77,1.28,12.0,0.26,0.31,0.13,0.3,0.2,1.0,1,0,2,1,1,1,0,1,0,1,17
20,172,2,SM,1,1,1,1.79,0.96,1.1,0.31,0.32,0.3,1.2,0.3,1.0,1,0,2,2,1,2,0,1,0,1,2
20,173,2,SM,1,1,1,1.37,0.99,1.43,0.23,0.27,0.24,1.2,0.3,0.0,1,0,2,2,1,2,0,1,0,1,2
20,174,3,CAR,1,1,1,1.79,1.03,0.88,0.23,0.28,0.24,1.2,0.2,1.0,1,0,2,2,1,2,0,1,0,1,2
20,175,2,SM,1,1,1,1.51,1.03,1.43,0.23,0.28,0.39,0.6,0.1,0.0,1,0,2,2,1,2,0,1,0,1,2
20,176,2,SM,1,1,1,1.51,1.03,0.88,0.26,0.28,0.39,1.2,0.3,0.0,1,0,2,2,1,2,0,1,0,1,2
20,177,2,SM,1,1,1,1.37,1.03,1.43,0.26,0.28,0.3,0.6,0.2,1.0,1,0,2,2,1,2,0,1,0,1,2
20,178,2,SM,1,1,1,1.37,0.99,1.1,0.31,0.34,0.24,0.6,0.1,1.0,1,0,2,2,1,2,0,1,0,1,2
20,179,2,SM,1,1,1,1.37,0.96,1.1,0.26,0.3,0.39,1.2,0.2,0.0,1,0,2,2,1,2,0,1,0,1,2
20,180,2,SM,1,1,1,1.51,1.03,1.1,0.31,0.38,0.39,0.3,0.2,1.0,1,0,2,2,1,2,0,1,0,1,2
21,181,2,SM,1,1,0,1.33,0.57,0.0,0.96,1.06,0.0,1.2,0.2,0.0,1,0,3,1,0,2,1,4,0,25,2
21,182,2,SM,1,1,0,1.22,0.52,0.0,0.96,0.99,0.0,0.3,0.1,0.0,1,0,3,1,0,2,1,4,0,25,2
21,183,1,TRAIN,1,1,0,1.54,0.63,0.0,0.96,1.23,0.0,0.6,0.3,0.0,1,0,3,1,0,2,1,4,0,25,2
21,184,2,SM,1,1,0,1.22,0.57,0.0,0.8,1.06,0.0,0.3,0.2,0.0,1,0,3,1,0,2,1,4,0,25,2
21,185,2,SM,1,1,0,1.54,0.57,0.0,0.72,0.83,0.0,0.6,0.2,0.0,1,0,3,1,0,2,1,4,0,25,2
21,186,2,SM,1,1,0,1.33,0.52,0.0,0.72,0.99,0.0,1.2,0.1,0.0,1,0,3,1,0,2,1,4,0,25,2
21,187,2,SM,1,1,0,1.22,0.63,0.0,0.96,1.23,0.0,1.2,0.1,0.0,1,0,3,1,0,2,1,4,0,25,2
21,188,2,SM,1,1,0,1.22,0.63,0.0,0.72,0.86,0.0,0.3,0.3,0.0,1,0,3,1,0,2,1,4,0,25,2
21,189,2,SM,1,1,0,1.54,0.52,0.0,0.8,0.91,0.0,0.6,0.1,0.0,1,0,3,1,0,2,1,4,0,25,2
22,190,3,CAR,1,1,1,1.08,0.43,0.7,0.52,0.62,0.36,0.3,0.1,0.0,1,0,3,2,0,5,1,3,0,22,2
22,191,1,TRAIN,1,1,1,1.08,0.39,0.91,0.52,0.8,0.58,1.2,0.1,1.0,1,0,3,2,0,5,1,3,0,22,2
22,192,1,TRAIN,1,1,1,1.08,0.36,0.91,0.47,0.71,0.45,0.3,0.2,0.0,1,0,3,2,0,5,1,3,0,22,2
22,193,1,TRAIN,1,1,1,0.87,0.36,0.56,0.47,0.71,0.58,0.6,0.3,1.0,1,0,3,2,0,5,1,3,0,22,2
22,194,3,CAR,1,1,1,0.94,0.36,0.91,0.52,0.65,0.36,0.3,0.3,1.0,1,0,3,2,0,5,1,3,0,22,2
22,195,1,TRAIN,1,1,1,0.94,0.39,0.56,0.47,0.57,0.45,0.3,0.1,1.0,1,0,3,2,0,5,1,3,0,22,2
22,196,3,CAR,1,1,1,0.94,0.36,0.56,0.62,0.71,0.36,0.6,0.2,0.0,1,0,3,2,0,5,1,3,0,22,2
22,197,3,CAR,1,1,1,1.08,0.39,0.56,0.62,0.76,0.58,0.3,0.3,0.0,1,0,3,2,0,5,1,3,0,22,2
22,198,3,CAR,1,1,1,0.94,0.39,0.7,0.52,0.8,0.45,0.6,0.3,0.0,1,0,3,2,0,5,1,3,0,22,2
23,199,2,SM,1,1,1,1.02,0.49,0.78,0.54,0.68,0.5,1.2,0.2,0.0,1,0,3,2,1,2,1,2,0,15,1
23,200,2,SM,1,1,1,0.95,0.46,0.78,0.54,0.63,0.65,0.3,0.1,0.0,1,0,3,2,1,2,1,2,0,15,1
23,201,1,TRAIN,1,1,1,1.16,0.53,0.78,0.54,0.83,0.4,0.6,0.3,0.0,1,0,3,2,1,2,1,2,0,15,1
23,202,1,TRAIN,1,1,1,0.95,0.49,0.48,0.45,0.7,0.4,0.3,0.2,0.0,1,0,3,2,1,2,1,2,0,15,1
23,203,2,SM,1,1,1,1.16,0.49,0.6,0.4,0.5,0.65,0.6,0.2,0.0,1,0,3,2,1,2,1,2,0,15,1
23,204,2,SM,1,1,1,1.02,0.46,0.6,0.4,0.63,0.4,1.2,0.1,0.0,1,0,3,2,1,2,1,2,0,15,1
23,205,1,TRAIN,1,1,1,0.95,0.53,0.48,0.54,0.83,0.5,1.2,0.1,0.0,1,0,3,2,1,2,1,2,0,15,1
23,206,1,TRAIN,1,1,1,0.95,0.53,0.6,0.4,0.52,0.5,0.3,0.3,0.0,1,0,3,2,1,2,1,2,0,15,1
23,207,2,SM,1,1,1,1.16,0.46,0.48,0.45,0.58,0.5,0.6,0.1,0.0,1,0,3,2,1,2,1,2,0,15,1
24,208,2,SM,1,1,0,2.1,0.6,0.0,1.18,1.28,0.0,1.2,0.3,1.0,1,0,3,2,1,3,1,2,0,17,2
24,209,2,SM,1,1,0,1.64,0.66,0.0,0.88,1.03,0.0,1.2,0.3,0.0,1,0,3,2,1,3,1,2,0,17,2
24,210,2,SM,1,1,0,2.1,0.74,0.0,0.88,1.08,0.0,1.2,0.2,1.0,1,0,3,2,1,3,1,2,0,17,2
24,211,2,SM,1,1,0,1.79,0.74,0.0,0.88,1.08,0.0,0.6,0.1,0.0,1,0,3,2,1,3,1,2,0,17,2
24,212,2,SM,1,1,0,1.79,0.74,0.0,0.98,1.11,0.0,1.2,0.3,0.0,1,0,3,2,1,3,1,2,0,17,2
24,213,2,SM,1,1,0,1.64,0.74,0.0,0.98,1.11,0.0,0.6,0.2,1.0,1,0,3,2,1,3,1,2,0,17,2
24,214,2,SM,1,1,0,1.64,0.66,0.0,1.18,1.32,0.0,0.6,0.1,1.0,1,0,3,2,1,3,1,2,0,17,2
24,215,2,SM,1,1,0,1.64,0.6,0.0,0.98,1.16,0.0,1.2,0.2,0.0,1,0,3,2,1,3,1,2,0,17,2
24,216,1,TRAIN,1,1,0,1.79,0.74,0.0,1.18,1.61,0.0,0.3,0.2,1.0,1,0,3,2,1,3,1,2,0,17,2
25,217,3,CAR,1,1,1,1.79,0.66,1.82,1.19,1.39,0.9,1.2,0.2,0.0,1,0,3,2,1,3,1,3,0,2,17
25,218,3,CAR,1,1,1,1.64,0.66,1.12,0.99,1.39,0.72,0.3,0.2,0.0,1,0,3,2,1,3,1,3,0,2,17
25,219,2,SM,1,1,1,1.64,0.6,1.82,1.19,1.28,1.17,0.3,0.1,0.0,1,0,3,2,1,3,1,3,0,2,17
25,220,2,SM,1,1,1,2.1,0.74,1.82,1.19,1.61,0.72,0.6,0.3,0.0,1,0,3,2,1,3,1,3,0,2,17
25,221,2,SM,1,1,1,2.1,0.66,1.4,0.89,1.06,1.17,0.6,0.2,0.0,1,0,3,2,1,3,1,3,0,2,17
25,222,2,SM,1,1,1,1.79,0.6,1.4,0.89,1.28,0.72,1.2,0.1,0.0,1,0,3,2,1,3,1,3,0,2,17
25,223,3,CAR,1,1,1,1.64,0.74,1.12,1.19,1.61,0.9,1.2,0.1,0.0,1,0,3,2,1,3,1,3,0,2,17
25,224,3,CAR,1,1,1,1.64,0.74,1.4,0.89,1.11,0.9,0.3,0.3,0.0,1,0,3,2,1,3,1,3,0,2,17
25,225,3,CAR,1,1,1,2.1,0.6,1.12,0.99,1.23,0.9,0.6,0.1,0.0,1,0,3,2,1,3,1,3,0,2,17
26,226,2,SM,1,1,1,2.33,0.77,1.9,0.74,0.84,0.44,0.3,0.1,0.0,1,0,4,2,0,3,1,2,0,25,1
26,227,2,SM,1,1,1,2.33,0.67,2.47,0.74,1.04,0.71,1.2,0.1,1.0,1,0,4,2,0,3,1,2,0,25,1
26,228,2,SM,1,1,1,2.33,0.59,2.47,0.67,0.97,0.55,0.3,0.2,0.0,1,0,4,2,0,3,1,2,0,25,1
26,229,2,SM,1,1,1,1.77,0.59,1.52,0.67,0.97,0.71,0.6,0.3,1.0,1,0,4,2,0,3,1,2,0,25,1
26,230,2,SM,1,1,1,1.96,0.59,2.47,0.74,0.87,0.44,0.3,0.3,1.0,1,0,4,2,0,3,1,2,0,25,1
26,231,2,SM,1,1,1,1.96,0.67,1.52,0.67,0.77,0.55,0.3,0.1,1.0,1,0,4,2,0,3,1,2,0,25,1
26,232,2,SM,1,1,1,1.96,0.59,1.52,0.89,0.97,0.44,0.6,0.2,0.0,1,0,4,2,0,3,1,2,0,25,1
26,233,2,SM,1,1,1,2.33,0.67,1.52,0.89,1.0,0.71,0.3,0.3,0.0,1,0,4,2,0,3,1,2,0,25,1
26,234,2,SM,1,1,1,1.96,0.67,1.9,0.74,1.04,0.55,0.6,0.3,0.0,1,0,4,2,0,3,1,2,0,25,1
27,235,2,SM,1,1,0,0.86,0.31,0.0,0.36,0.46,0.0,1.2,0.2,0.0,1,0,4,2,1,2,1,2,0,22,2
27,236,2,SM,1,1,0,0.79,0.28,0.0,0.36,0.41,0.0,0.3,0.1,0.0,1,0,4,2,1,2,1,2,0,22,2
27,237,2,SM,1,1,0,1.0,0.35,0.0,0.36,0.52,0.0,0.6,0.3,0.0,1,0,4,2,1,2,1,2,0,22,2
27,238,2,SM,1,1,0,0.79,0.31,0.0,0.3,0.46,0.0,0.3,0.2,0.0,1,0,4,2,1,2,1,2,0,22,2
27,239,2,SM,1,1,0,1.0,0.31,0.0,0.27,0.31,0.0,0.6,0.2,0.0,1,0,4,2,1,2,1,2,0,22,2
27,240,2,SM,1,1,0,0.86,0.28,0.0,0.27,0.41,0.0,1.2,0.1,0.0,1,0,4,2,1,2,1,2,0,22,2
27,241,2,SM,1,1,0,0.79,0.35,0.0,0.36,0.52,0.0,1.2,0.1,0.0,1,0,4,2,1,2,1,2,0,22,2
27,242,2,SM,1,1,0,0.79,0.35,0.0,0.27,0.34,0.0,0.3,0.3,0.0,1,0,4,2,1,2,1,2,0,22,2
27,243,2,SM,1,1,0,1.0,0.28,0.0,0.3,0.38,0.0,0.6,0.1,0.0,1,0,4,2,1,2,1,2,0,22,2
28,244,2,SM,1,1,0,0.92,0.68,0.0,0.6,0.65,0.0,1.2,0.2,0.0,1,0,5,1,1,5,1,1,0,25,23
28,245,2,SM,1,1,0,1.08,0.7,0.0,0.6,0.8,0.0,0.6,0.3,0.0,1,0,5,1,1,5,1,1,0,25,23
28,246,2,SM,1,1,0,0.84,0.66,0.0,0.6,0.6,0.0,0.3,0.1,0.0,1,0,5,1,1,5,1,1,0,25,23
28,247,1,TRAIN,1,1,0,0.84,0.68,0.0,0.5,0.8,0.0,0.3,0.2,0.0,1,0,5,1,1,5,1,1,0,25,23
28,248,2,SM,1,1,0,1.08,0.68,0.0,0.45,0.6,0.0,0.6,0.2,0.0,1,0,5,1,1,5,1,1,0,25,23
28,249,2,SM,1,1,0,0.84,0.7,0.0,0.6,0.8,0.0,1.2,0.1,0.0,1,0,5,1,1,5,1,1,0,25,23
28,250,1,TRAIN,1,1,0,0.92,0.66,0.0,0.45,0.8,0.0,1.2,0.1,0.0,1,0,5,1,1,5,1,1,0,25,23
28,251,2,SM,1,1,0,1.08,0.66,0.0,0.5,0.65,0.0,0.6,0.1,0.0,1,0,5,1,1,5,1,1,0,25,23
28,252,1,TRAIN,1,1,0,0.84,0.7,0.0,0.45,0.65,0.0,0.3,0.3,0.0,1,0,5,1,1,5,1,1,0,25,23
29,253,1,TRAIN,1,1,1,1.1,0.55,0.91,0.6,0.65,0.8,1.2,0.2,0.0,1,0,5,1,1,3,0,2,0,2,22
29,254,2,SM,1,1,1,1.03,0.52,0.91,0.6,0.6,1.04,0.3,0.1,0.0,1,0,5,1,1,3,0,2,0,2,22
29,255,1,TRAIN,1,1,1,1.24,0.59,0.91,0.6,0.8,0.64,0.6,0.3,0.0,1,0,5,1,1,3,0,2,0,2,22
29,256,1,TRAIN,1,1,1,1.03,0.55,0.56,0.5,0.8,0.64,0.3,0.2,0.0,1,0,5,1,1,3,0,2,0,2,22
29,257,1,TRAIN,1,1,1,1.24,0.55,0.7,0.45,0.6,1.04,0.6,0.2,0.0,1,0,5,1,1,3,0,2,0,2,22
29,258,2,SM,1,1,1,1.1,0.52,0.7,0.45,0.8,0.64,1.2,0.1,0.0,1,0,5,1,1,3,0,2,0,2,22
29,259,2,SM,1,1,1,1.03,0.59,0.56,0.6,0.8,0.8,1.2,0.1,0.0,1,0,5,1,1,3,0,2,0,2,22
29,260,1,TRAIN,1,1,1,1.03,0.59,0.7,0.45,0.65,0.8,0.3,0.3,0.0,1,0,5,1,1,3,0,2,0,2,22
29,261,2,SM,1,1,1,1.24,0.52,0.56,0.5,0.65,0.8,0.6,0.1,0.0,1,0,5,1,1,3,0,2,0,2,22
30,262,2,SM,1,1,1,1.18,0.46,0.7,0.6,0.6,0.27,1.2,0.3,1.0,1,0,5,2,1,2,1,2,0,22,2
30,263,2,SM,1,1,1,0.97,0.49,0.91,0.45,0.6,0.22,1.2,0.3,0.0,1,0,5,2,1,2,1,2,0,22,2
30,264,2,SM,1,1,1,1.18,0.53,0.56,0.45,0.65,0.22,1.2,0.2,1.0,1,0,5,2,1,2,1,2,0,22,2
30,265,2,SM,1,1,1,1.04,0.53,0.91,0.45,0.65,0.35,0.6,0.1,0.0,1,0,5,2,1,2,1,2,0,22,2
30,266,2,SM,1,1,1,1.04,0.53,0.56,0.5,0.6,0.35,1.2,0.3,0.0,1,0,5,2,1,2,1,2,0,22,2
30,267,2,SM,1,1,1,0.97,0.53,0.91,0.5,0.6,0.27,0.6,0.2,1.0,1,0,5,2,1,2,1,2,0,22,2
30,268,2,SM,1,1,1,0.97,0.49,0.7,0.6,0.65,0.22,0.6,0.1,1.0,1,0,5,2,1,2,1,2,0,22,2
30,269,2,SM,1,1,1,0.97,0.46,0.7,0.5,0.65,0.35,1.2,0.2,0.0,1,0,5,2,1,2,1,2,0,22,2
30,270,2,SM,1,1,1,1.04,0.53,0.7,0.6,0.8,0.35,0.3,0.2,1.0,1,0,5,2,1,2,1,2,0,22,2
31,271,2,SM,1,1,1,1.82,0.69,1.82,0.6,0.65,0.8,1.2,0.2,0.0,1,0,5,2,1,3,1,3,0,17,2
31,272,2,SM,1,1,1,1.65,0.63,1.82,0.6,0.6,1.04,0.3,0.1,0.0,1,0,5,2,1,3,1,3,0,17,2
31,273,2,SM,1,1,1,2.15,0.77,1.82,0.6,0.8,0.64,0.6,0.3,0.0,1,0,5,2,1,3,1,3,0,17,2
31,274,2,SM,1,1,1,1.65,0.69,1.12,0.5,0.8,0.64,0.3,0.2,0.0,1,0,5,2,1,3,1,3,0,17,2
31,275,2,SM,1,1,1,2.15,0.69,1.4,0.45,0.6,1.04,0.6,0.2,0.0,1,0,5,2,1,3,1,3,0,17,2
31,276,2,SM,1,1,1,1.82,0.63,1.4,0.45,0.8,0.64,1.2,0.1,0.0,1,0,5,2,1,3,1,3,0,17,2
31,277,3,CAR,1,1,1,1.65,0.77,1.12,0.6,0.8,0.8,1.2,0.1,0.0,1,0,5,2,1,3,1,3,0,17,2
31,278,2,SM,1,1,1,1.65,0.77,1.4,0.45,0.65,0.8,0.3,0.3,0.0,1,0,5,2,1,3,1,3,0,17,2
31,279,2,SM,1,1,1,2.15,0.63,1.12,0.5,0.65,0.8,0.6,0.1,0.0,1,0,5,2,1,3,1,3,0,17,2
32,280,2,SM,1,1,0,2.81,1.19,0.0,0.5,0.6,0.0,0.3,0.1,0.0,1,0,5,3,1,2,1,4,0,9,25
32,281,1,TRAIN,1,1,0,2.81,1.09,0.0,0.5,0.8,0.0,1.2,0.1,1.0,1,0,5,3,1,2,1,4,0,9,25
32,282,2,SM,1,1,0,2.81,1.01,0.0,0.45,0.8,0.0,0.3,0.2,0.0,1,0,5,3,1,2,1,4,0,9,25
32,283,2,SM,1,1,0,2.16,1.01,0.0,0.45,0.8,0.0,0.6,0.3,1.0,1,0,5,3,1,2,1,4,0,9,25
32,284,2,SM,1,1,0,2.38,1.01,0.0,0.5,0.65,0.0,0.3,0.3,1.0,1,0,5,3,1,2,1,4,0,9,25
32,285,2,SM,1,1,0,2.38,1.09,0.0,0.45,0.6,0.0,0.3,0.1,1.0,1,0,5,3,1,2,1,4,0,9,25
32,286,2,SM,1,1,0,2.38,1.01,0.0,0.6,0.6,0.0,0.6,0.2,0.0,1,0,5,3,1,2,1,4,0,9,25
32,287,2,SM,1,1,0,2.81,1.09,0.0,0.6,0.65,0.0,0.3,0.3,0.0,1,0,5,3,1,2,1,4,0,9,25
32,288,2,SM,1,1,0,2.38,1.09,0.0,0.5,0.8,0.0,0.6,0.3,0.0,1,0,5,3,1,2,1,4,0,9,25
33,289,2,SM,1,1,0,0.64,0.4,0.0,0.0,0.0,0.0,1.2,0.2,0.0,1,0,6,1,0,2,0,4,1,25,22
33,290,2,SM,1,1,0,0.71,0.42,0.0,0.0,0.0,0.0,0.6,0.3,0.0,1,0,6,1,0,2,0,4,1,25,22
33,291,2,SM,1,1,0,0.61,0.38,0.0,0.0,0.0,0.0,0.3,0.1,0.0,1,0,6,1,0,2,0,4,1,25,22
33,292,1,TRAIN,1,1,0,0.61,0.4,0.0,0.0,0.0,0.0,0.3,0.2,0.0,1,0,6,1,0,2,0,4,1,25,22
33,293,1,TRAIN,1,1,0,0.71,0.4,0.0,0.0,0.0,0.0,0.6,0.2,0.0,1,0,6,1,0,2,0,4,1,25,22
33,294,1,TRAIN,1,1,0,0.64,0.38,0.0,0.0,0.0,0.0,1.2,0.1,0.0,1,0,6,1,0,2,0,4,1,25,22
33,295,2,SM,1,1,0,0.61,0.42,0.0,0.0,0.0,0.0,1.2,0.1,0.0,1,0,6,1,0,2,0,4,1,25,22
33,296,2,SM,1,1,0,0.71,0.38,0.0,0.0,0.0,0.0,0.6,0.1,0.0,1,0,6,1,0,2,0,4,1,25,22
33,297,2,SM,1,1,0,0.61,0.42,0.0,0.0,0.0,0.0,0.3,0.3,0.0,1,0,6,1,0,2,0,4,1,25,22
34,298,2,SM,1,1,0,1.39,0.81,0.0,0.0,0.0,0.0,0.3,0.1,0.0,1,0,6,1,0,3,0,2,1,1,10
34,299,2,SM,1,1,0,1.39,0.77,0.0,0.0,0.0,0.0,1.2,0.1,1.0,1,0,6,1,0,3,0,2,1,1,10
34,300,1,TRAIN,1,1,0,1.39,0.74,0.0,0.0,0.0,0.0,0.3,0.2,0.0,1,0,6,1,0,3,0,2,1,1,10
34,301,1,TRAIN,1,1,0,1.1,0.74,0.0,0.0,0.0,0.0,0.6,0.3,1.0,1,0,6,1,0,3,0,2,1,1,10
34,302,2,SM,1,1,0,1.2,0.74,0.0,0.0,0.0,0.0,0.3,0.3,1.0,1,0,6,1,0,3,0,2,1,1,10
34,303,1,TRAIN,1,1,0,1.2,0.77,0.0,0.0,0.0,0.0,0.3,0.1,1.0,1,0,6,1,0,3,0,2,1,1,10
34,304,2,SM,1,1,0,1.2,0.74,0.0,0.0,0.0,0.0,0.6,0.2,0.0,1,0,6,1,0,3,0,2,1,1,10
34,305,2,SM,1,1,0,1.39,0.77,0.0,0.0,0.0,0.0,0.3,0.3,0.0,1,0,6,1,0,3,0,2,1,1,10
34,306,1,TRAIN,1,1,0,1.2,0.77,0.0,0.0,0.0,0.0,0.6,0.3,0.0,1,0,6,1,0,3,0,2,1,1,10
35,307,2,SM,1,1,0,1.48,0.75,0.0,0.0,0.0,0.0,0.3,0.1,0.0,1,0,6,1,1,2,0,1,1,1,17
35,308,1,TRAIN,1,1,0,1.48,0.68,0.0,0.0,0.0,0.0,0.3,0.2,0.0,1,0,6,1,1,2,0,1,1,1,17
35,309,1,TRAIN,1,1,0,1.48,0.71,0.0,0.0,0.0,0.0,1.2,0.1,1.0,1,0,6,1,1,2,0,1,1,1,17
35,310,1,TRAIN,1,1,0,1.12,0.68,0.0,0.0,0.0,0.0,0.6,0.3,1.0,1,0,6,1,1,2,0,1,1,1,17
35,311,1,TRAIN,1,1,0,1.24,0.68,0.0,0.0,0.0,0.0,0.3,0.3,1.0,1,0,6,1,1,2,0,1,1,1,17
35,312,1,TRAIN,1,1,0,1.24,0.71,0.0,0.0,0.0,0.0,0.3,0.1,1.0,1,0,6,1,1,2,0,1,1,1,17
35,313,2,SM,1,1,0,1.24,0.68,0.0,0.0,0.0,0.0,0.6,0.2,0.0,1,0,6,1,1,2,0,1,1,1,17
35,314,1,TRAIN,1,1,0,1.48,0.71,0.0,0.0,0.0,0.0,0.3,0.3,0.0,1,0,6,1,1,2,0,1,1,1,17
35,315,1,TRAIN,1,1,0,1.24,0.71,0.0,0.0,0.0,0.0,0.6,0.3,0.0,1,0,6,1,1,2,0,1,1,1,17
36,316,2,SM,1,1,0,0.87,0.34,0.0,0.0,0.0,0.0,1.2,0.2,0.0,1,0,6,1,1,2,0,2,1,17,1
36,317,2,SM,1,1,0,0.8,0.31,0.0,0.0,0.0,0.0,0.3,0.1,0.0,1,0,6,1,1,2,0,2,1,17,1
36,318,2,SM,1,1,0,1.01,0.38,0.0,0.0,0.0,0.0,0.6,0.3,0.0,1,0,6,1,1,2,0,2,1,17,1
36,319,2,SM,1,1,0,0.8,0.34,0.0,0.0,0.0,0.0,0.3,0.2,0.0,1,0,6,1,1,2,0,2,1,17,1
36,320,2,SM,1,1,0,1.01,0.34,0.0,0.0,0.0,0.0,0.6,0.2,0.0,1,0,6,1,1,2,0,2,1,17,1
36,321,1,TRAIN,1,1,0,0.87,0.31,0.0,0.0,0.0,0.0,1.2,0.1,0.0,1,0,6,1,1,2,0,2,1,17,1
36,322,2,SM,1,1,0,0.8,0.38,0.0,0.0,0.0,0.0,1.2,0.1,0.0,1,0,6,1,1,2,0,2,1,17,1
36,323,1,TRAIN,1,1,0,0.8,0.38,0.0,0.0,0.0,0.0,0.3,0.3,0.0,1,0,6,1,1,2,0,2,1,17,1
36,324,2,SM,1,1,0,1.01,0.31,0.0,0.0,0.0,0.0,0.6,0.1,0.0,1,0,6,1,1,2,0,2,1,17,1
37,325,2,SM,1,1,1,0.66,0.37,0.5,0.0,0.0,0.32,0.3,0.1,0.0,1,0,6,1,1,2,0,4,1,22,25
37,326,2,SM,1,1,1,0.66,0.35,0.65,0.0,0.0,0.52,1.2,0.1,1.0,1,0,6,1,1,2,0,4,1,22,25
37,327,2,SM,1,1,1,0.66,0.33,0.65,0.0,0.0,0.4,0.3,0.2,0.0,1,0,6,1,1,2,0,4,1,22,25
37,328,2,SM,1,1,1,0.56,0.33,0.4,0.0,0.0,0.52,0.6,0.3,1.0,1,0,6,1,1,2,0,4,1,22,25
37,329,2,SM,1,1,1,0.59,0.33,0.65,0.0,0.0,0.32,0.3,0.3,1.0,1,0,6,1,1,2,0,4,1,22,25
37,330,2,SM,1,1,1,0.59,0.35,0.4,0.0,0.0,0.4,0.3,0.1,1.0,1,0,6,1,1,2,0,4,1,22,25
37,331,2,SM,1,1,1,0.59,0.33,0.4,0.0,0.0,0.32,0.6,0.2,0.0,1,0,6,1,1,2,0,4,1,22,25
37,332,2,SM,1,1,1,0.66,0.35,0.4,0.0,0.0,0.52,0.3,0.3,0.0,1,0,6,1,1,2,0,4,1,22,25
37,333,2,SM,1,1,1,0.59,0.35,0.5,0.0,0.0,0.4,0.6,0.3,0.0,1,0,6,1,1,2,0,4,1,22,25
38,334,2,SM,1,1,0,1.21,0.49,0.0,0.0,0.0,0.0,1.2,0.3,1.0,1,0,6,1,1,2,1,2,1,1,2
38,335,2,SM,1,1,0,1.0,0.52,0.0,0.0,0.0,0.0,1.2,0.3,0.0,1,0,6,1,1,2,1,2,1,1,2
38,336,2,SM,1,1,0,1.21,0.56,0.0,0.0,0.0,0.0,1.2,0.2,1.0,1,0,6,1,1,2,1,2,1,1,2
38,337,2,SM,1,1,0,1.07,0.56,0.0,0.0,0.0,0.0,0.6,0.1,0.0,1,0,6,1,1,2,1,2,1,1,2
38,338,2,SM,1,1,0,1.07,0.56,0.0,0.0,0.0,0.0,1.2,0.3,0.0,1,0,6,1,1,2,1,2,1,1,2
38,339,2,SM,1,1,0,1.0,0.56,0.0,0.0,0.0,0.0,0.6,0.2,1.0,1,0,6,1,1,2,1,2,1,1,2
38,340,2,SM,1,1,0,1.0,0.52,0.0,0.0,0.0,0.0,0.6,0.1,1.0,1,0,6,1,1,2,1,2,1,1,2
38,341,2,SM,1,1,0,1.0,0.49,0.0,0.0,0.0,0.0,1.2,0.2,0.0,1,0,6,1,1,2,1,2,1,1,2
38,342,1,TRAIN,1,1,0,1.07,0.56,0.0,0.0,0.0,0.0,0.3,0.2,1.0,1,0,6,1,1,2,1,2,1,1,2
39,343,2,SM,1,1,0,2.05,0.55,0.0,0.0,0.0,0.0,1.2,0.3,1.0,1,0,6,1,1,2,1,2,1,17,2
39,344,2,SM,1,1,0,1.59,0.61,0.0,0.0,0.0,0.0,1.2,0.3,0.0,1,0,6,1,1,2,1,2,1,17,2
39,345,2,SM,1,1,0,2.05,0.69,0.0,0.0,0.0,0.0,1.2,0.2,1.0,1,0,6,1,1,2,1,2,1,17,2
39,346,2,SM,1,1,0,1.74,0.69,0.0,0.0,0.0,0.0,0.6,0.1,0.0,1,0,6,1,1,2,1,2,1,17,2
39,347,2,SM,1,1,0,1.74,0.69,0.0,0.0,0.0,0.0,1.2,0.3,0.0,1,0,6,1,1,2,1,2,1,17,2
39,348,1,TRAIN,1,1,0,1.59,0.69,0.0,0.0,0.0,0.0,0.6,0.2,1.0,1,0,6,1,1,2,1,2,1,17,2
39,349,2,SM,1,1,0,1.59,0.61,0.0,0.0,0.0,0.0,0.6,0.1,1.0,1,0,6,1,1,2,1,2,1,17,2
39,350,2,SM,1,1,0,1.59,0.55,0.0,0.0,0.0,0.0,1.2,0.2,0.0,1,0,6,1,1,2,1,2,1,17,2
39,351,1,TRAIN,1,1,0,1.74,0.69,0.0,0.0,0.0,0.0,0.3,0.2,1.0,1,0,6,1,1,2,1,2,1,17,2
40,352,2,SM,1,1,0,0.97,0.44,0.0,0.0,0.0,0.0,1.2,0.2,0.0,1,0,6,1,1,3,1,1,1,19,17
40,353,2,SM,1,1,0,0.88,0.41,0.0,0.0,0.0,0.0,0.3,0.1,0.0,1,0,6,1,1,3,1,1,1,19,17
40,354,2,SM,1,1,0,1.14,0.48,0.0,0.0,0.0,0.0,0.6,0.3,0.0,1,0,6,1,1,3,1,1,1,19,17
40,355,2,SM,1,1,0,0.88,0.44,0.0,0.0,0.0,0.0,0.3,0.2,0.0,1,0,6,1,1,3,1,1,1,19,17
40,356,2,SM,1,1,0,1.14,0.44,0.0,0.0,0.0,0.0,0.6,0.2,0.0,1,0,6,1,1,3,1,1,1,19,17
40,357,2,SM,1,1,0,0.97,0.41,0.0,0.0,0.0,0.0,1.2,0.1,0.0,1,0,6,1,1,3,1,1,1,19,17
40,358,2,SM,1,1,0,0.88,0.48,0.0,0.0,0.0,0.0,1.2,0.1,0.0,1,0,6,1,1,3,1,1,1,19,17
40,359,2,SM,1,1,0,0.88,0.48,0.0,0.0,0.0,0.0,0.3,0.3,0.0,1,0,6,1,1,3,1,1,1,19,17
40,360,2,SM,1,1,0,1.14,0.41,0.0,0.0,0.0,0.0,0.6,0.1,0.0,1,0,6,1,1,3,1,1,1,19,17
41,361,2,SM,1,1,1,2.74,1.31,2.1,0.0,0.0,0.48,0.3,0.1,0.0,1,0,6,1,1,3,1,2,1,5,22
41,362,1,TRAIN,1,1,1,2.74,1.23,2.73,0.0,0.0,0.78,1.2,0.1,1.0,1,0,6,1,1,3,1,2,1,5,22
41,363,1,TRAIN,1,1,1,2.74,1.17,2.73,0.0,0.0,0.6,0.3,0.2,0.0,1,0,6,1,1,3,1,2,1,5,22
41,364,1,TRAIN,1,1,1,2.09,1.17,1.68,0.0,0.0,0.78,0.6,0.3,1.0,1,0,6,1,1,3,1,2,1,5,22
41,365,2,SM,1,1,1,2.31,1.17,2.73,0.0,0.0,0.48,0.3,0.3,1.0,1,0,6,1,1,3,1,2,1,5,22
41,366,2,SM,1,1,1,2.31,1.23,1.68,0.0,0.0,0.6,0.3,0.1,1.0,1,0,6,1,1,3,1,2,1,5,22
41,367,2,SM,1,1,1,2.31,1.17,1.68,0.0,0.0,0.48,0.6,0.2,0.0,1,0,6,1,1,3,1,2,1,5,22
41,368,2,SM,1,1,1,2.74,1.23,1.68,0.0,0.0,0.78,0.3,0.3,0.0,1,0,6,1,1,3,1,2,1,5,22
41,369,1,TRAIN,1,1,1,2.31,1.23,2.1,0.0,0.0,0.6,0.6,0.3,0.0,1,0,6,1,1,3,1,2,1,5,22
42,370,2,SM,1,1,1,1.09,0.44,0.9,0.0,0.0,0.4,0.3,0.1,0.0,1,0,6,2,1,2,1,3,1,1,2
42,371,2,SM,1,1,1,1.09,0.4,1.17,0.0,0.0,0.65,1.2,0.1,1.0,1,0,6,2,1,2,1,3,1,1,2
42,372,1,TRAIN,1,1,1,1.09,0.37,1.17,0.0,0.0,0.5,0.3,0.2,0.0,1,0,6,2,1,2,1,3,1,1,2
42,373,2,SM,1,1,1,0.88,0.37,0.72,0.0,0.0,0.65,0.6,0.3,1.0,1,0,6,2,1,2,1,3,1,1,2
42,374,2,SM,1,1,1,0.95,0.37,1.17,0.0,0.0,0.4,0.3,0.3,1.0,1,0,6,2,1,2,1,3,1,1,2
42,375,2,SM,1,1,1,0.95,0.4,0.72,0.0,0.0,0.5,0.3,0.1,1.0,1,0,6,2,1,2,1,3,1,1,2
42,376,2,SM,1,1,1,0.95,0.37,0.72,0.0,0.0,0.4,0.6,0.2,0.0,1,0,6,2,1,2,1,3,1,1,2
42,377,2,SM,1,1,1,1.09,0.4,0.72,0.0,0.0,0.65,0.3,0.3,0.0,1,0,6,2,1,2,1,3,1,1,2
42,378,2,SM,1,1,1,0.95,0.4,0.9,0.0,0.0,0.5,0.6,0.3,0.0,1,0,6,2,1,2,1,3,1,1,2
43,379,2,SM,1,1,0,0.85,0.3,0.0,0.0,0.0,0.0,1.2,0.2,0.0,1,0,6,2,1,3,0,3,1,1,2
43,380,2,SM,1,1,0,0.78,0.27,0.0,0.0,0.0,0.0,0.3,0.1,0.0,1,0,6,2,1,3,0,3,1,1,2
43,381,2,SM,1,1,0,0.99,0.34,0.0,0.0,0.0,0.0,0.6,0.3,0.0,1,0,6,2,1,3,0,3,1,1,2
43,382,2,SM,1,1,0,0.78,0.3,0.0,0.0,0.0,0.0,0.3,0.2,0.0,1,0,6,2,1,3,0,3,1,1,2
43,383,2,SM,1,1,0,0.99,0.3,0.0,0.0,0.0,0.0,0.6,0.2,0.0,1,0,6,2,1,3,0,3,1,1,2
43,384,2,SM,1,1,0,0.85,0.27,0.0,0.0,0.0,0.0,1.2,0.1,0.0,1,0,6,2,1,3,0,3,1,1,2
43,385,2,SM,1,1,0,0.78,0.34,0.0,0.0,0.0,0.0,1.2,0.1,0.0,1,0,6,2,1,3,0,3,1,1,2
43,386,2,SM,1,1,0,0.78,0.34,0.0,0.0,0.0,0.0,0.3,0.3,0.0,1,0,6,2,1,3,0,3,1,1,2
43,387,2,SM,1,1,0,0.99,0.27,0.0,0.0,0.0,0.0,0.6,0.1,0.0,1,0,6,2,1,3,0,3,1,1,2
44,388,2,SM,1,1,1,1.41,0.62,0.9,0.0,0.0,0.55,1.2,0.3,1.0,1,0,6,2,1,3,1,3,1,1,2
44,389,2,SM,1,1,1,1.09,0.65,1.17,0.0,0.0,0.44,1.2,0.3,0.0,1,0,6,2,1,3,1,3,1,1,2
44,390,2,SM,1,1,1,1.41,0.69,0.72,0.0,0.0,0.44,1.2,0.2,1.0,1,0,6,2,1,3,1,3,1,1,2
44,391,2,SM,1,1,1,1.2,0.69,1.17,0.0,0.0,0.71,0.6,0.1,0.0,1,0,6,2,1,3,1,3,1,1,2
44,392,2,SM,1,1,1,1.2,0.69,0.72,0.0,0.0,0.71,1.2,0.3,0.0,1,0,6,2,1,3,1,3,1,1,2
44,393,2,SM,1,1,1,1.09,0.69,1.17,0.0,0.0,0.55,0.6,0.2,1.0,1,0,6,2,1,3,1,3,1,1,2
44,394,2,SM,1,1,1,1.09,0.65,0.9,0.0,0.0,0.44,0.6,0.1,1.0,1,0,6,2,1,3,1,3,1,1,2
44,395,2,SM,1,1,1,1.09,0.62,0.9,0.0,0.0,0.71,1.2,0.2,0.0,1,0,6,2,1,3,1,3,1,1,2
44,396,1,TRAIN,1,1,1,1.2,0.69,0.9,0.0,0.0,0.71,0.3,0.2,1.0,1,0,6,2,1,3,1,3,1,1,2
45,397,2,SM,1,1,1,1.73,0.97,0.9,0.0,0.0,0.48,0.3,0.1,0.0,1,0,6,2,1,3,1,3,1,19,2
45,398,1,TRAIN,1,1,1,1.73,0.93,1.17,0.0,0.0,0.78,1.2,0.1,1.0,1,0,6,2,1,3,1,3,1,19,2
45,399,1,TRAIN,1,1,1,1.73,0.9,1.17,0.0,0.0,0.6,0.3,0.2,0.0,1,0,6,2,1,3,1,3,1,19,2
45,400,1,TRAIN,1,1,1,1.36,0.9,0.72,0.0,0.0,0.78,0.6,0.3,1.0,1,0,6,2,1,3,1,3,1,19,2
45,401,1,TRAIN,1,1,1,1.48,0.9,1.17,0.0,0.0,0.48,0.3,0.3,1.0,1,0,6,2,1,3,1,3,1,19,2
45,402,2,SM,1,1,1,1.48,0.93,0.72,0.0,0.0,0.6,0.3,0.1,1.0,1,0,6,2,1,3,1,3,1,19,2
45,403,2,SM,1,1,1,1.48,0.9,0.72,0.0,0.0,0.48,0.6,0.2,0.0,1,0,6,2,1,3,1,3,1,19,2
45,404,2,SM,1,1,1,1.73,0.93,0.72,0.0,0.0,0.78,0.3,0.3,0.0,1,0,6,2,1,3,1,3,1,19,2
45,405,1,TRAIN,1,1,1,1.48,0.93,0.9,0.0,0.0,0.6,0.6,0.3,0.0,1,0,6,2,1,3,1,3,1,19,2
46,406,2,SM,1,1,0,1.52,0.76,0.0,0.0,0.0,0.0,1.2,0.3,1.0,1,0,6,2,1,3,1,3,1,20,1
46,407,1,TRAIN,1,1,0,1.22,0.79,0.0,0.0,0.0,0.0,1.2,0.3,0.0,1,0,6,2,1,3,1,3,1,20,1
46,408,2,SM,1,1,0,1.52,0.83,0.0,0.0,0.0,0.0,1.2,0.2,1.0,1,0,6,2,1,3,1,3,1,20,1
46,409,2,SM,1,1,0,1.32,0.83,0.0,0.0,0.0,0.0,0.6,0.1,0.0,1,0,6,2,1,3,1,3,1,20,1
46,410,2,SM,1,1,0,1.32,0.83,0.0,0.0,0.0,0.0,1.2,0.3,0.0,1,0,6,2,1,3,1,3,1,20,1
46,411,1,TRAIN,1,1,0,1.22,0.83,0.0,0.0,0.0,0.0,0.6,0.2,1.0,1,0,6,2,1,3,1,3,1,20,1
46,412,2,SM,1,1,0,1.22,0.79,0.0,0.0,0.0,0.0,0.6,0.1,1.0,1,0,6,2,1,3,1,3,1,20,1
46,413,2,SM,1,1,0,1.22,0.76,0.0,0.0,0.0,0.0,1.2,0.2,0.0,1,0,6,2,1,3,1,3,1,20,1
46,414,1,TRAIN,1,1,0,1.32,0.83,0.0,0.0,0.0,0.0,0.3,0.2,1.0,1,0,6,2,1,3,1,3,1,20,1
47,415,2,SM,1,1,1,0.92,0.39,0.78,0.0,0.0,0.3,1.2,0.2,0.0,1,0,6,3,1,2,1,2,1,17,1
47,416,2,SM,1,1,1,0.85,0.36,0.78,0.0,0.0,0.39,0.3,0.1,0.0,1,0,6,3,1,2,1,2,1,17,1
47,417,2,SM,1,1,1,1.06,0.43,0.78,0.0,0.0,0.24,0.6,0.3,0.0,1,0,6,3,1,2,1,2,1,17,1
47,418,2,SM,1,1,1,0.85,0.39,0.48,0.0,0.0,0.24,0.3,0.2,0.0,1,0,6,3,1,2,1,2,1,17,1
47,419,2,SM,1,1,1,1.06,0.39,0.6,0.0,0.0,0.39,0.6,0.2,0.0,1,0,6,3,1,2,1,2,1,17,1
47,420,2,SM,1,1,1,0.92,0.36,0.6,0.0,0.0,0.24,1.2,0.1,0.0,1,0,6,3,1,2,1,2,1,17,1
47,421,2,SM,1,1,1,0.85,0.43,0.48,0.0,0.0,0.3,1.2,0.1,0.0,1,0,6,3,1,2,1,2,1,17,1
47,422,2,SM,1,1,1,0.85,0.43,0.6,0.0,0.0,0.3,0.3,0.3,0.0,1,0,6,3,1,2,1,2,1,17,1
47,423,2,SM,1,1,1,1.06,0.36,0.48,0.0,0.0,0.3,0.6,0.1,0.0,1,0,6,3,1,2,1,2,1,17,1
48,424,2,SM,1,1,1,0.54,0.21,0.4,0.0,0.0,0.84,1.2,0.3,1.0,1,0,6,3,1,3,1,2,1,25,22
48,425,1,TRAIN,1,1,1,0.54,0.25,0.32,0.0,0.0,0.67,1.2,0.2,1.0,1,0,6,3,1,3,1,2,1,25,22
48,426,2,SM,1,1,1,0.44,0.23,0.52,0.0,0.0,0.67,1.2,0.3,0.0,1,0,6,3,1,3,1,2,1,25,22
48,427,1,TRAIN,1,1,1,0.47,0.25,0.52,0.0,0.0,1.09,0.6,0.1,0.0,1,0,6,3,1,3,1,2,1,25,22
48,428,2,SM,1,1,1,0.47,0.25,0.32,0.0,0.0,1.09,1.2,0.3,0.0,1,0,6,3,1,3,1,2,1,25,22
48,429,2,SM,1,1,1,0.44,0.25,0.52,0.0,0.0,0.84,0.6,0.2,1.0,1,0,6,3,1,3,1,2,1,25,22
48,430,2,SM,1,1,1,0.44,0.23,0.4,0.0,0.0,0.67,0.6,0.1,1.0,1,0,6,3,1,3,1,2,1,25,22
48,431,1,TRAIN,1,1,1,0.47,0.25,0.4,0.0,0.0,1.09,0.3,0.2,1.0,1,0,6,3,1,3,1,2,1,25,22
48,432,1,TRAIN,1,1,1,0.44,0.21,0.4,0.0,0.0,1.09,1.2,0.2,0.0,1,0,6,3,1,3,1,2,1,25,22
49,433,2,SM,1,1,1,1.33,0.62,0.75,0.0,0.0,0.4,0.3,0.1,0.0,1,0,6,3,1,3,1,3,1,1,2
49,434,2,SM,1,1,1,1.33,0.58,0.97,0.0,0.0,0.65,1.2,0.1,1.0,1,0,6,3,1,3,1,3,1,1,2
49,435,2,SM,1,1,1,1.33,0.55,0.97,0.0,0.0,0.5,0.3,0.2,0.0,1,0,6,3,1,3,1,3,1,1,2
49,436,2,SM,1,1,1,1.03,0.55,0.6,0.0,0.0,0.65,0.6,0.3,1.0,1,0,6,3,1,3,1,3,1,1,2
49,437,2,SM,1,1,1,1.13,0.55,0.97,0.0,0.0,0.4,0.3,0.3,1.0,1,0,6,3,1,3,1,3,1,1,2
49,438,2,SM,1,1,1,1.13,0.58,0.6,0.0,0.0,0.5,0.3,0.1,1.0,1,0,6,3,1,3,1,3,1,1,2
49,439,2,SM,1,1,1,1.13,0.55,0.6,0.0,0.0,0.4,0.6,0.2,0.0,1,0,6,3,1,3,1,3,1,1,2
49,440,2,SM,1,1,1,1.33,0.58,0.6,0.0,0.0,0.65,0.3,0.3,0.0,1,0,6,3,1,3,1,3,1,1,2
49,441,2,SM,1,1,1,1.13,0.58,0.75,0.0,0.0,0.5,0.6,0.3,0.0,1,0,6,3,1,3,1,3,1,1,2
50,442,2,SM,1,1,1,2.63,1.12,1.5,0.0,0.0,0.75,1.2,0.3,1.0,1,0,6,3,1,4,1,2,1,17,2
50,443,2,SM,1,1,1,2.03,1.18,1.95,0.0,0.0,0.6,1.2,0.3,0.0,1,0,6,3,1,4,1,2,1,17,2
50,444,2,SM,1,1,1,2.63,1.26,1.2,0.0,0.0,0.6,1.2,0.2,1.0,1,0,6,3,1,4,1,2,1,17,2
50,445,2,SM,1,1,1,2.23,1.26,1.95,0.0,0.0,0.97,0.6,0.1,0.0,1,0,6,3,1,4,1,2,1,17,2
50,446,2,SM,1,1,1,2.23,1.26,1.2,0.0,0.0,0.97,1.2,0.3,0.0,1,0,6,3,1,4,1,2,1,17,2
50,447,2,SM,1,1,1,2.03,1.26,1.95,0.0,0.0,0.75,0.6,0.2,1.0,1,0,6,3,1,4,1,2,1,17,2
50,448,2,SM,1,1,1,2.03,1.18,1.5,0.0,0.0,0.6,0.6,0.1,1.0,1,0,6,3,1,4,1,2,1,17,2
50,449,2,SM,1,1,1,2.03,1.12,1.5,0.0,0.0,0.97,1.2,0.2,0.0,1,0,6,3,1,4,1,2,1,17,2
50,450,1,TRAIN,1,1,1,2.23,1.26,1.5,0.0,0.0,0.97,0.3,0.2,1.0,1,0,6,3,1,4,1,2,1,17,2
51,451,2,SM,1,1,1,1.07,0.81,0.9,0.0,0.0,0.44,0.3,0.1,0.0,1,0,6,3,1,4,1,2,1,25,10
51,452,2,SM,1,1,1,1.07,0.79,1.17,0.0,0.0,0.71,1.2,0.1,1.0,1,0,6,3,1,4,1,2,1,25,10
51,453,2,SM,1,1,1,1.07,0.77,1.17,0.0,0.0,0.55,0.3,0.2,0.0,1,0,6,3,1,4,1,2,1,25,10
51,454,2,SM,1,1,1,0.82,0.77,0.72,0.0,0.0,0.71,0.6,0.3,1.0,1,0,6,3,1,4,1,2,1,25,10
51,455,2,SM,1,1,1,0.9,0.77,1.17,0.0,0.0,0.44,0.3,0.3,1.0,1,0,6,3,1,4,1,2,1,25,10
51,456,2,SM,1,1,1,0.9,0.79,0.72,0.0,0.0,0.55,0.3,0.1,1.0,1,0,6,3,1,4,1,2,1,25,10
51,457,2,SM,1,1,1,0.9,0.77,0.72,0.0,0.0,0.44,0.6,0.2,0.0,1,0,6,3,1,4,1,2,1,25,10
51,458,2,SM,1,1,1,1.07,0.79,0.72,0.0,0.0,0.71,0.3,0.3,0.0,1,0,6,3,1,4,1,2,1,25,10
51,459,2,SM,1,1,1,0.9,0.79,0.9,0.0,0.0,0.55,0.6,0.3,0.0,1,0,6,3,1,4,1,2,1,25,10
52,460,2,SM,1,1,0,1.95,0.66,0.0,0.0,0.0,0.0,1.2,0.2,0.0,1,0,6,3,1,2,1,2,1,25,1
52,461,2,SM,1,1,0,1.77,0.58,0.0,0.0,0.0,0.0,0.3,0.1,0.0,1,0,6,3,1,2,1,2,1,25,1
52,462,2,SM,1,1,0,2.31,0.76,0.0,0.0,0.0,0.0,0.6,0.3,0.0,1,0,6,3,1,2,1,2,1,25,1
52,463,1,TRAIN,1,1,0,1.77,0.66,0.0,0.0,0.0,0.0,0.3,0.2,0.0,1,0,6,3,1,2,1,2,1,25,1
52,464,2,SM,1,1,0,2.31,0.66,0.0,0.0,0.0,0.0,0.6,0.2,0.0,1,0,6,3,1,2,1,2,1,25,1
52,465,1,TRAIN,1,1,0,1.95,0.58,0.0,0.0,0.0,0.0,1.2,0.1,0.0,1,0,6,3,1,2,1,2,1,25,1
52,466,2,SM,1,1,0,1.77,0.76,0.0,0.0,0.0,0.0,1.2,0.1,0.0,1,0,6,3,1,2,1,2,1,25,1
52,467,1,TRAIN,1,1,0,1.77,0.76,0.0,0.0,0.0,0.0,0.3,0.3,0.0,1,0,6,3,1,2,1,2,1,25,1
52,468,2,SM,1,1,0,2.31,0.58,0.0,0.0,0.0,0.0,0.6,0.1,0.0,1,0,6,3,1,2,1,2,1,25,1
53,469,2,SM,1,1,1,1.38,0.83,1.04,0.0,0.0,1.6,1.2,0.2,0.0,1,0,6,3,2,2,1,3,1,1,2
53,470,2,SM,1,1,1,1.26,0.8,1.04,0.0,0.0,2.08,0.3,0.1,0.0,1,0,6,3,2,2,1,3,1,1,2
53,471,2,SM,1,1,1,1.63,0.87,1.04,0.0,0.0,1.28,0.6,0.3,0.0,1,0,6,3,2,2,1,3,1,1,2
53,472,1,TRAIN,1,1,1,1.26,0.83,0.64,0.0,0.0,1.28,0.3,0.2,0.0,1,0,6,3,2,2,1,3,1,1,2
53,473,2,SM,1,1,1,1.63,0.83,0.8,0.0,0.0,2.08,0.6,0.2,0.0,1,0,6,3,2,2,1,3,1,1,2
53,474,2,SM,1,1,1,1.38,0.8,0.8,0.0,0.0,1.28,1.2,0.1,0.0,1,0,6,3,2,2,1,3,1,1,2
53,475,2,SM,1,1,1,1.26,0.87,0.64,0.0,0.0,1.6,1.2,0.1,0.0,1,0,6,3,2,2,1,3,1,1,2
53,476,2,SM,1,1,1,1.26,0.87,0.8,0.0,0.0,1.6,0.3,0.3,0.0,1,0,6,3,2,2,1,3,1,1,2
53,477,2,SM,1,1,1,1.63,0.8,0.64,0.0,0.0,1.6,0.6,0.1,0.0,1,0,6,3,2,2,1,3,1,1,2
54,478,2,SM,1,1,0,0.97,0.27,0.0,0.0,0.0,0.0,1.2,0.3,1.0,1,0,7,1,1,2,0,2,1,17,1
54,479,2,SM,1,1,0,0.76,0.3,0.0,0.0,0.0,0.0,1.2,0.3,0.0,1,0,7,1,1,2,0,2,1,17,1
54,480,1,TRAIN,1,1,0,0.97,0.34,0.0,0.0,0.0,0.0,1.2,0.2,1.0,1,0,7,1,1,2,0,2,1,17,1
54,481,1,TRAIN,1,1,0,0.83,0.34,0.0,0.0,0.0,0.0,0.6,0.1,0.0,1,0,7,1,1,2,0,2,1,17,1
54,482,2,SM,1,1,0,0.83,0.34,0.0,0.0,0.0,0.0,1.2,0.3,0.0,1,0,7,1,1,2,0,2,1,17,1
54,483,2,SM,1,1,0,0.76,0.34,0.0,0.0,0.0,0.0,0.6,0.2,1.0,1,0,7,1,1,2,0,2,1,17,1
54,484,2,SM,1,1,0,0.76,0.3,0.0,0.0,0.0,0.0,0.6,0.1,1.0,1,0,7,1,1,2,0,2,1,17,1
54,485,2,SM,1,1,0,0.76,0.27,0.0,0.0,0.0,0.0,1.2,0.2,0.0,1,0,7,1,1,2,0,2,1,17,1
54,486,2,SM,1,1,0,0.83,0.34,0.0,0.0,0.0,0.0,0.3,0.2,1.0,1,0,7,1,1,2,0,2,1,17,1
55,487,2,SM,1,1,0,1.31,0.55,0.0,1.62,1.62,0.0,1.2,0.3,1.0,1,0,8,1,1,1,0,1,0,17,1
55,488,1,TRAIN,1,1,0,1.01,0.58,0.0,1.21,1.62,0.0,1.2,0.3,0.0,1,0,8,1,1,1,0,1,0,17,1
55,489,1,TRAIN,1,1,0,1.31,0.62,0.0,1.21,1.75,0.0,1.2,0.2,1.0,1,0,8,1,1,1,0,1,0,17,1
55,490,1,TRAIN,1,1,0,1.11,0.62,0.0,1.21,1.75,0.0,0.6,0.1,0.0,1,0,8,1,1,1,0,1,0,17,1
55,491,1,TRAIN,1,1,0,1.11,0.62,0.0,1.35,1.62,0.0,1.2,0.3,0.0,1,0,8,1,1,1,0,1,0,17,1
55,492,1,TRAIN,1,1,0,1.01,0.62,0.0,1.35,1.62,0.0,0.6,0.2,1.0,1,0,8,1,1,1,0,1,0,17,1
55,493,2,SM,1,1,0,1.01,0.58,0.0,1.62,1.75,0.0,0.6,0.1,1.0,1,0,8,1,1,1,0,1,0,17,1
55,494,1,TRAIN,1,1,0,1.01,0.55,0.0,1.35,1.75,0.0,1.2,0.2,0.0,1,0,8,1,1,1,0,1,0,17,1
55,495,1,TRAIN,1,1,0,1.11,0.62,0.0,1.62,2.16,0.0,0.3,0.2,1.0,1,0,8,1,1,1,0,1,0,17,1
56,496,2,SM,1,1,1,0.97,0.39,0.5,2.18,2.62,0.28,0.3,0.1,0.0,1,0,8,1,1,2,0,4,0,17,1
56,497,2,SM,1,1,1,0.97,0.36,0.65,2.18,3.49,0.45,1.2,0.1,1.0,1,0,8,1,1,2,0,4,0,17,1
56,498,1,TRAIN,1,1,1,0.97,0.34,0.65,1.96,3.49,0.35,0.3,0.2,0.0,1,0,8,1,1,2,0,4,0,17,1
56,499,1,TRAIN,1,1,1,0.79,0.34,0.4,1.96,3.49,0.45,0.6,0.3,1.0,1,0,8,1,1,2,0,4,0,17,1
56,500,2,SM,1,1,1,0.85,0.34,0.65,2.18,2.83,0.28,0.3,0.3,1.0,1,0,8,1,1,2,0,4,0,17,1
56,501,2,SM,1,1,1,0.85,0.36,0.4,1.96,2.62,0.35,0.3,0.1,1.0,1,0,8,1,1,2,0,4,0,17,1
56,502,2,SM,1,1,1,0.85,0.34,0.4,2.62,2.62,0.28,0.6,0.2,0.0,1,0,8,1,1,2,0,4,0,17,1
56,503,2,SM,1,1,1,0.97,0.36,0.4,2.62,2.83,0.45,0.3,0.3,0.0,1,0,8,1,1,2,0,4,0,17,1
56,504,2,SM,1,1,1,0.85,0.36,0.5,2.18,3.49,0.35,0.6,0.3,0.0,1,0,8,1,1,2,0,4,0,17,1
57,505,2,SM,1,1,1,2.57,1.02,1.6,0.6,0.6,1.05,1.2,0.3,1.0,1,0,8,2,0,3,0,3,0,1,22
57,506,2,SM,1,1,1,1.95,1.08,2.08,0.45,0.6,0.84,1.2,0.3,0.0,1,0,8,2,0,3,0,3,0,1,22
57,507,2,SM,1,1,1,2.57,1.16,1.28,0.45,0.65,0.84,1.2,0.2,1.0,1,0,8,2,0,3,0,3,0,1,22
57,508,2,SM,1,1,1,2.16,1.16,2.08,0.45,0.65,1.36,0.6,0.1,0.0,1,0,8,2,0,3,0,3,0,1,22
57,509,2,SM,1,1,1,2.16,1.16,1.28,0.5,0.6,1.36,1.2,0.3,0.0,1,0,8,2,0,3,0,3,0,1,22
57,510,2,SM,1,1,1,1.95,1.16,2.08,0.5,0.6,1.05,0.6,0.2,1.0,1,0,8,2,0,3,0,3,0,1,22
57,511,2,SM,1,1,1,1.95,1.08,1.6,0.6,0.65,0.84,0.6,0.1,1.0,1,0,8,2,0,3,0,3,0,1,22
57,512,2,SM,1,1,1,1.95,1.02,1.6,0.5,0.65,1.36,1.2,0.2,0.0,1,0,8,2,0,3,0,3,0,1,22
57,513,2,SM,1,1,1,2.16,1.16,1.6,0.6,0.8,1.36,0.3,0.2,1.0,1,0,8,2,0,3,0,3,0,1,22
58,514,2,SM,1,1,1,0.92,0.34,0.6,1.79,2.15,0.24,0.3,0.1,0.0,1,0,8,2,1,1,1,4,0,17,20
58,515,1,TRAIN,1,1,1,0.92,0.31,0.78,1.79,2.86,0.39,1.2,0.1,1.0,1,0,8,2,1,1,1,4,0,17,20
58,516,1,TRAIN,1,1,1,0.92,0.29,0.78,1.61,2.86,0.3,0.3,0.2,0.0,1,0,8,2,1,1,1,4,0,17,20
58,517,1,TRAIN,1,1,1,0.74,0.29,0.48,1.61,2.86,0.39,0.6,0.3,1.0,1,0,8,2,1,1,1,4,0,17,20
58,518,1,TRAIN,1,1,1,0.8,0.29,0.78,1.79,2.33,0.24,0.3,0.3,1.0,1,0,8,2,1,1,1,4,0,17,20
58,519,1,TRAIN,1,1,1,0.8,0.31,0.48,1.61,2.15,0.3,0.3,0.1,1.0,1,0,8,2,1,1,1,4,0,17,20
58,520,2,SM,1,1,1,0.8,0.29,0.48,2.15,2.15,0.24,0.6,0.2,0.0,1,0,8,2,1,1,1,4,0,17,20
58,521,2,SM,1,1,1,0.92,0.31,0.48,2.15,2.33,0.39,0.3,0.3,0.0,1,0,8,2,1,1,1,4,0,17,20
58,522,1,TRAIN,1,1,1,0.8,0.31,0.6,1.79,2.86,0.3,0.6,0.3,0.0,1,0,8,2,1,1,1,4,0,17,20
59,523,2,SM,1,1,1,2.92,0.71,1.9,1.68,1.68,1.1,1.2,0.3,1.0,1,0,8,2,1,3,0,3,0,17,22
59,524,2,SM,1,1,1,2.24,0.8,2.47,1.26,1.68,0.88,1.2,0.3,0.0,1,0,8,2,1,3,0,3,0,17,22
59,525,2,SM,1,1,1,2.92,0.92,1.52,1.26,1.82,0.88,1.2,0.2,1.0,1,0,8,2,1,3,0,3,0,17,22
59,526,2,SM,1,1,1,2.47,0.92,2.47,1.26,1.82,1.43,0.6,0.1,0.0,1,0,8,2,1,3,0,3,0,17,22
59,527,2,SM,1,1,1,2.47,0.92,1.52,1.4,1.68,1.43,1.2,0.3,0.0,1,0,8,2,1,3,0,3,0,17,22
59,528,2,SM,1,1,1,2.24,0.92,2.47,1.4,1.68,1.1,0.6,0.2,1.0,1,0,8,2,1,3,0,3,0,17,22
59,529,2,SM,1,1,1,2.24,0.8,1.9,1.68,1.82,0.88,0.6,0.1,1.0,1,0,8,2,1,3,0,3,0,17,22
59,530,2,SM,1,1,1,2.24,0.71,1.9,1.4,1.82,1.43,1.2,0.2,0.0,1,0,8,2,1,3,0,3,0,17,22
59,531,2,SM,1,1,1,2.47,0.92,1.9,1.68,2.24,1.43,0.3,0.2,1.0,1,0,8,2,1,3,0,3,0,17,22
60,532,3,CAR,1,1,1,1.32,0.54,0.6,2.59,2.59,0.45,1.2,0.3,1.0,1,0,8,2,1,4,1,4,0,1,2
60,533,3,CAR,1,1,1,1.02,0.57,0.78,1.94,2.59,0.36,1.2,0.3,0.0,1,0,8,2,1,4,1,4,0,1,2
60,534,3,CAR,1,1,1,1.32,0.61,0.48,1.94,2.81,0.36,1.2,0.2,1.0,1,0,8,2,1,4,1,4,0,1,2
60,535,3,CAR,1,1,1,1.12,0.61,0.78,1.94,2.81,0.58,0.6,0.1,0.0,1,0,8,2,1,4,1,4,0,1,2
60,536,3,CAR,1,1,1,1.12,0.61,0.48,2.16,2.59,0.58,1.2,0.3,0.0,1,0,8,2,1,4,1,4,0,1,2
60,537,3,CAR,1,1,1,1.02,0.61,0.78,2.16,2.59,0.45,0.6,0.2,1.0,1,0,8,2,1,4,1,4,0,1,2
60,538,3,CAR,1,1,1,1.02,0.57,0.6,2.59,2.81,0.36,0.6,0.1,1.0,1,0,8,2,1,4,1,4,0,1,2
60,539,3,CAR,1,1,1,1.02,0.54,0.6,2.16,2.81,0.58,1.2,0.2,0.0,1,0,8,2,1,4,1,4,0,1,2
60,540,3,CAR,1,1,1,1.12,0.61,0.6,2.59,3.46,0.58,0.3,0.2,1.0,1,0,8,2,1,4,1,4,0,1,2
61,541,2,SM,1,1,1,2.4,0.84,1.6,0.2,0.2,1.15,1.2,0.3,1.0,1,0,10,1,1,3,0,1,0,10,17
61,542,2,SM,1,1,1,1.85,0.9,2.08,0.15,0.2,0.92,1.2,0.3,0.0,1,0,10,1,1,3,0,1,0,10,17
61,543,2,SM,1,1,1,2.4,0.98,1.28,0.15,0.22,0.92,1.2,0.2,1.0,1,0,10,1,1,3,0,1,0,10,17
61,544,2,SM,1,1,1,2.03,0.98,2.08,0.15,0.22,1.49,0.6,0.1,0.0,1,0,10,1,1,3,0,1,0,10,17
61,545,2,SM,1,1,1,2.03,0.98,1.28,0.17,0.2,1.49,1.2,0.3,0.0,1,0,10,1,1,3,0,1,0,10,17
61,546,2,SM,1,1,1,1.85,0.98,2.08,0.17,0.2,1.15,0.6,0.2,1.0,1,0,10,1,1,3,0,1,0,10,17
61,547,2,SM,1,1,1,1.85,0.9,1.6,0.2,0.22,0.92,0.6,0.1,1.0,1,0,10,1,1,3,0,1,0,10,17
61,548,2,SM,1,1,1,1.85,0.84,1.6,0.17,0.22,1.49,1.2,0.2,0.0,1,0,10,1,1,3,0,1,0,10,17
61,549,2,SM,1,1,1,2.03,0.98,1.6,0.2,0.27,1.49,0.3,0.2,1.0,1,0,10,1,1,3,0,1,0,10,17
62,550,2,SM,1,1,1,1.86,1.23,2.1,0.81,0.84,0.88,0.3,0.1,0.0,1,1,1,1,1,2,0,2,0,2,17
62,551,2,SM,1,1,1,1.86,1.19,2.73,0.81,0.92,1.43,1.2,0.1,1.0,1,1,1,1,1,2,0,2,0,2,17
62,552,2,SM,1,1,1,1.86,1.16,2.73,0.73,0.88,1.1,0.3,0.2,0.0,1,1,1,1,1,2,0,2,0,2,17
62,553,2,SM,1,1,1,1.65,1.16,1.68,0.73,0.88,1.43,0.6,0.3,1.0,1,1,1,1,1,2,0,2,0,2,17
62,554,2,SM,1,1,1,1.72,1.16,2.73,0.81,0.88,0.88,0.3,0.3,1.0,1,1,1,1,1,2,0,2,0,2,17
62,555,2,SM,1,1,1,1.72,1.19,1.68,0.73,0.81,1.1,0.3,0.1,1.0,1,1,1,1,1,2,0,2,0,2,17
62,556,2,SM,1,1,1,1.72,1.16,1.68,0.97,0.97,0.88,0.6,0.2,0.0,1,1,1,1,1,2,0,2,0,2,17
62,557,2,SM,1,1,1,1.86,1.19,1.68,0.97,0.99,1.43,0.3,0.3,0.0,1,1,1,1,1,2,0,2,0,2,17
62,558,2,SM,1,1,1,1.72,1.19,2.1,0.81,0.92,1.1,0.6,0.3,0.0,1,1,1,1,1,2,0,2,0,2,17
63,559,2,SM,1,1,1,1.2,0.67,0.78,0.5,0.65,0.35,1.2,0.2,0.0,1,1,1,1,1,3,0,2,0,1,17
63,560,1,TRAIN,1,1,1,1.41,0.71,0.78,0.5,0.74,0.28,0.6,0.3,0.0,1,1,1,1,1,3,0,2,0,1,17
63,561,2,SM,1,1,1,1.09,0.64,0.78,0.5,0.6,0.45,0.3,0.1,0.0,1,1,1,1,1,3,0,2,0,1,17
63,562,2,SM,1,1,1,1.09,0.67,0.48,0.42,0.65,0.28,0.3,0.2,0.0,1,1,1,1,1,3,0,2,0,1,17
63,563,2,SM,1,1,1,1.41,0.67,0.6,0.38,0.46,0.45,0.6,0.2,0.0,1,1,1,1,1,3,0,2,0,1,17
63,564,1,TRAIN,1,1,1,1.2,0.64,0.6,0.38,0.58,0.28,1.2,0.1,0.0,1,1,1,1,1,3,0,2,0,1,17
63,565,1,TRAIN,1,1,1,1.09,0.71,0.48,0.5,0.74,0.35,1.2,0.1,0.0,1,1,1,1,1,3,0,2,0,1,17
63,566,1,TRAIN,1,1,1,1.09,0.71,0.6,0.38,0.48,0.35,0.3,0.3,0.0,1,1,1,1,1,3,0,2,0,1,17
63,567,2,SM,1,1,1,1.41,0.64,0.48,0.42,0.54,0.35,0.6,0.1,0.0,1,1,1,1,1,3,0,2,0,1,17
64,568,2,SM,1,1,1,1.13,0.48,0.8,0.6,0.71,0.4,0.3,0.1,0.0,1,1,1,1,1,3,1,3,0,2,1
64,569,1,TRAIN,1,1,1,1.13,0.44,1.04,0.6,0.84,0.65,1.2,0.1,1.0,1,1,1,1,1,3,1,3,0,2,1
64,570,2,SM,1,1,1,1.13,0.41,1.04,0.54,0.78,0.5,0.3,0.2,0.0,1,1,1,1,1,3,1,3,0,2,1
64,571,2,SM,1,1,1,0.92,0.41,0.64,0.54,0.78,0.65,0.6,0.3,1.0,1,1,1,1,1,3,1,3,0,2,1
64,572,2,SM,1,1,1,0.99,0.41,1.04,0.6,0.74,0.4,0.3,0.3,1.0,1,1,1,1,1,3,1,3,0,2,1
64,573,2,SM,1,1,1,0.99,0.44,0.64,0.54,0.65,0.5,0.3,0.1,1.0,1,1,1,1,1,3,1,3,0,2,1
64,574,2,SM,1,1,1,0.99,0.41,0.64,0.72,0.78,0.4,0.6,0.2,0.0,1,1,1,1,1,3,1,3,0,2,1
64,575,2,SM,1,1,1,1.13,0.44,0.64,0.72,0.84,0.65,0.3,0.3,0.0,1,1,1,1,1,3,1,3,0,2,1
64,576,2,SM,1,1,1,0.99,0.44,0.8,0.6,0.84,0.5,0.6,0.3,0.0,1,1,1,1,1,3,1,3,0,2,1
65,577,2,SM,1,1,1,2.15,0.79,1.4,0.84,0.97,0.72,0.3,0.1,0.0,1,1,1,2,0,4,1,2,0,17,2
65,578,2,SM,1,1,1,2.15,0.65,1.82,0.76,1.09,0.9,0.3,0.2,0.0,1,1,1,2,0,4,1,2,0,17,2
65,579,2,SM,1,1,1,2.15,0.71,1.82,0.84,1.18,1.17,1.2,0.1,1.0,1,1,1,2,0,4,1,2,0,17,2
65,580,2,SM,1,1,1,1.69,0.65,1.12,0.76,1.09,1.17,0.6,0.3,1.0,1,1,1,2,0,4,1,2,0,17,2
65,581,2,SM,1,1,1,1.84,0.65,1.82,0.84,1.05,0.72,0.3,0.3,1.0,1,1,1,2,0,4,1,2,0,17,2
65,582,2,SM,1,1,1,1.84,0.71,1.12,0.76,0.9,0.9,0.3,0.1,1.0,1,1,1,2,0,4,1,2,0,17,2
65,583,2,SM,1,1,1,1.84,0.65,1.12,1.01,1.09,0.72,0.6,0.2,0.0,1,1,1,2,0,4,1,2,0,17,2
65,584,2,SM,1,1,1,2.15,0.71,1.12,1.01,1.18,1.17,0.3,0.3,0.0,1,1,1,2,0,4,1,2,0,17,2
65,585,2,SM,1,1,1,1.84,0.71,1.4,0.84,1.18,0.9,0.6,0.3,0.0,1,1,1,2,0,4,1,2,0,17,2
66,586,2,SM,1,1,1,2.06,1.22,1.35,0.71,0.78,0.56,0.3,0.1,0.0,1,1,1,2,1,2,0,2,0,2,5
66,587,2,SM,1,1,1,2.06,1.18,1.75,0.71,0.92,0.91,1.2,0.1,1.0,1,1,1,2,1,2,0,2,0,2,5
66,588,2,SM,1,1,1,2.06,1.15,1.75,0.64,0.84,0.7,0.3,0.2,0.0,1,1,1,2,1,2,0,2,0,2,5
66,589,2,SM,1,1,1,1.57,1.15,1.08,0.64,0.84,0.91,0.6,0.3,1.0,1,1,1,2,1,2,0,2,0,2,5
66,590,2,SM,1,1,1,1.73,1.15,1.75,0.71,0.81,0.56,0.3,0.3,1.0,1,1,1,2,1,2,0,2,0,2,5
66,591,2,SM,1,1,1,1.73,1.18,1.08,0.64,0.74,0.7,0.3,0.1,1.0,1,1,1,2,1,2,0,2,0,2,5
66,592,2,SM,1,1,1,1.73,1.15,1.08,0.85,0.88,0.56,0.6,0.2,0.0,1,1,1,2,1,2,0,2,0,2,5
66,593,2,SM,1,1,1,2.06,1.18,1.08,0.85,0.92,0.91,0.3,0.3,0.0,1,1,1,2,1,2,0,2,0,2,5
66,594,2,SM,1,1,1,1.73,1.18,1.35,0.71,0.92,0.7,0.6,0.3,0.0,1,1,1,2,1,2,0,2,0,2,5
67,595,2,SM,1,1,1,1.4,0.62,0.9,0.78,0.84,0.6,1.2,0.3,1.0,1,1,1,2,1,2,1,2,0,1,2
67,596,2,SM,1,1,1,1.1,0.65,1.17,0.58,0.68,0.48,1.2,0.3,0.0,1,1,1,2,1,2,1,2,0,1,2
67,597,2,SM,1,1,1,1.4,0.69,0.72,0.58,0.74,0.48,1.2,0.2,1.0,1,1,1,2,1,2,1,2,0,1,2
67,598,2,SM,1,1,1,1.2,0.69,1.17,0.58,0.74,0.78,0.6,0.1,0.0,1,1,1,2,1,2,1,2,0,1,2
67,599,2,SM,1,1,1,1.2,0.69,0.72,0.65,0.74,0.78,1.2,0.3,0.0,1,1,1,2,1,2,1,2,0,1,2
67,600,2,SM,1,1,1,1.1,0.69,1.17,0.65,0.74,0.6,0.6,0.2,1.0,1,1,1,2,1,2,1,2,0,1,2
67,601,1,TRAIN,1,1,1,1.1,0.65,0.9,0.78,0.88,0.48,0.6,0.1,1.0,1,1,1,2,1,2,1,2,0,1,2
67,602,2,SM,1,1,1,1.1,0.62,0.9,0.65,0.78,0.78,1.2,0.2,0.0,1,1,1,2,1,2,1,2,0,1,2
67,603,2,SM,1,1,1,1.2,0.69,0.9,0.78,0.99,0.78,0.3,0.2,1.0,1,1,1,2,1,2,1,2,0,1,2
68,604,2,SM,1,1,1,1.47,0.7,0.6,0.5,0.58,0.35,1.2,0.3,1.0,1,1,1,2,1,2,1,2,0,1,17
68,605,3,CAR,1,1,1,1.16,0.73,0.78,0.38,0.44,0.28,1.2,0.3,0.0,1,1,1,2,1,2,1,2,0,1,17
68,606,3,CAR,1,1,1,1.47,0.77,0.48,0.38,0.48,0.28,1.2,0.2,1.0,1,1,1,2,1,2,1,2,0,1,17
68,607,2,SM,1,1,1,1.26,0.77,0.78,0.38,0.48,0.45,0.6,0.1,0.0,1,1,1,2,1,2,1,2,0,1,17
68,608,2,SM,1,1,1,1.26,0.77,0.48,0.42,0.48,0.45,1.2,0.3,0.0,1,1,1,2,1,2,1,2,0,1,17
68,609,3,CAR,1,1,1,1.16,0.77,0.78,0.42,0.48,0.35,0.6,0.2,1.0,1,1,1,2,1,2,1,2,0,1,17
68,610,3,CAR,1,1,1,1.16,0.73,0.6,0.5,0.6,0.28,0.6,0.1,1.0,1,1,1,2,1,2,1,2,0,1,17
68,611,3,CAR,1,1,1,1.16,0.7,0.6,0.42,0.53,0.45,1.2,0.2,0.0,1,1,1,2,1,2,1,2,0,1,17
68,612,3,CAR,1,1,1,1.26,0.77,0.6,0.5,0.71,0.45,0.3,0.2,1.0,1,1,1,2,1,2,1,2,0,1,17
69,613,2,SM,1,1,1,2.02,1.13,1.5,1.1,1.12,2.4,1.2,0.3,1.0,1,1,1,2,1,2,1,3,0,18,2
69,614,2,SM,1,1,1,2.02,1.2,1.2,0.83,0.94,1.92,1.2,0.2,1.0,1,1,1,2,1,2,1,3,0,18,2
69,615,2,SM,1,1,1,1.55,1.16,1.95,0.83,0.92,1.92,1.2,0.3,0.0,1,1,1,2,1,2,1,3,0,18,2
69,616,2,SM,1,1,1,1.71,1.2,1.95,0.83,0.94,3.12,0.6,0.1,0.0,1,1,1,2,1,2,1,3,0,18,2
69,617,2,SM,1,1,1,1.71,1.2,1.2,0.92,0.99,3.12,1.2,0.3,0.0,1,1,1,2,1,2,1,3,0,18,2
69,618,2,SM,1,1,1,1.55,1.16,1.5,1.1,1.18,1.92,0.6,0.1,1.0,1,1,1,2,1,2,1,3,0,18,2
69,619,2,SM,1,1,1,1.55,1.2,1.95,0.92,0.99,2.4,0.6,0.2,1.0,1,1,1,2,1,2,1,3,0,18,2
69,620,2,SM,1,1,1,1.55,1.13,1.5,0.92,1.05,3.12,1.2,0.2,0.0,1,1,1,2,1,2,1,3,0,18,2
69,621,2,SM,1,1,1,1.71,1.2,1.5,1.1,1.33,3.12,0.3,0.2,1.0,1,1,1,2,1,2,1,3,0,18,2
70,622,2,SM,1,1,1,1.16,0.44,0.6,0.72,0.78,0.5,1.2,0.3,1.0,1,1,1,2,1,3,0,2,0,1,2
70,623,1,TRAIN,1,1,1,0.95,0.47,0.78,0.54,0.65,0.4,1.2,0.3,0.0,1,1,1,2,1,3,0,2,0,1,2
70,624,3,CAR,1,1,1,1.16,0.51,0.48,0.54,0.68,0.4,1.2,0.2,1.0,1,1,1,2,1,3,0,2,0,1,2
70,625,2,SM,1,1,1,1.02,0.51,0.78,0.54,0.68,0.65,0.6,0.1,0.0,1,1,1,2,1,3,0,2,0,1,2
70,626,2,SM,1,1,1,1.02,0.51,0.48,0.6,0.71,0.65,1.2,0.3,0.0,1,1,1,2,1,3,0,2,0,1,2
70,627,2,SM,1,1,1,0.95,0.51,0.78,0.6,0.71,0.5,0.6,0.2,1.0,1,1,1,2,1,3,0,2,0,1,2
70,628,2,SM,1,1,1,0.95,0.47,0.6,0.72,0.84,0.4,0.6,0.1,1.0,1,1,1,2,1,3,0,2,0,1,2
70,629,2,SM,1,1,1,0.95,0.44,0.6,0.6,0.74,0.65,1.2,0.2,0.0,1,1,1,2,1,3,0,2,0,1,2
70,630,3,CAR,1,1,1,1.02,0.51,0.6,0.72,0.94,0.65,0.3,0.2,1.0,1,1,1,2,1,3,0,2,0,1,2
71,631,2,SM,1,1,1,1.77,0.64,1.43,1.01,1.12,0.95,1.2,0.2,0.0,1,1,1,2,1,3,0,3,0,17,2
71,632,2,SM,1,1,1,1.62,0.58,1.43,1.01,1.09,1.23,0.3,0.1,0.0,1,1,1,2,1,3,0,3,0,17,2
71,633,2,SM,1,1,1,2.08,0.72,1.43,1.01,1.37,0.76,0.6,0.3,0.0,1,1,1,2,1,3,0,3,0,17,2
71,634,2,SM,1,1,1,1.62,0.64,0.88,0.84,1.18,0.76,0.3,0.2,0.0,1,1,1,2,1,3,0,3,0,17,2
71,635,2,SM,1,1,1,2.08,0.64,1.1,0.76,0.88,1.23,0.6,0.2,0.0,1,1,1,2,1,3,0,3,0,17,2
71,636,2,SM,1,1,1,1.77,0.58,1.1,0.76,1.09,0.76,1.2,0.1,0.0,1,1,1,2,1,3,0,3,0,17,2
71,637,2,SM,1,1,1,1.62,0.72,0.88,1.01,1.37,0.95,1.2,0.1,0.0,1,1,1,2,1,3,0,3,0,17,2
71,638,2,SM,1,1,1,1.62,0.72,1.1,0.76,0.92,0.95,0.3,0.3,0.0,1,1,1,2,1,3,0,3,0,17,2
71,639,1,TRAIN,1,1,1,2.08,0.58,0.88,0.84,0.99,0.95,0.6,0.1,0.0,1,1,1,2,1,3,0,3,0,17,2
72,640,2,SM,1,1,1,1.27,0.78,1.3,0.85,0.92,1.44,1.2,0.2,0.0,1,1,1,2,1,3,1,2,0,1,2
72,641,2,SM,1,1,1,1.18,0.75,1.3,0.85,0.88,1.87,0.3,0.1,0.0,1,1,1,2,1,3,1,2,0,1,2
72,642,2,SM,1,1,1,1.45,0.82,1.3,0.85,1.05,1.15,0.6,0.3,0.0,1,1,1,2,1,3,1,2,0,1,2
72,643,2,SM,1,1,1,1.18,0.78,0.8,0.71,0.92,1.15,0.3,0.2,0.0,1,1,1,2,1,3,1,2,0,1,2
72,644,2,SM,1,1,1,1.45,0.78,1.0,0.64,0.74,1.87,0.6,0.2,0.0,1,1,1,2,1,3,1,2,0,1,2
72,645,2,SM,1,1,1,1.27,0.75,1.0,0.64,0.84,1.15,1.2,0.1,0.0,1,1,1,2,1,3,1,2,0,1,2
72,646,2,SM,1,1,1,1.18,0.82,0.8,0.85,1.05,1.44,1.2,0.1,0.0,1,1,1,2,1,3,1,2,0,1,2
72,647,2,SM,1,1,1,1.18,0.82,1.0,0.64,0.76,1.44,0.3,0.3,0.0,1,1,1,2,1,3,1,2,0,1,2
72,648,2,SM,1,1,1,1.45,0.75,0.8,0.71,0.84,1.44,0.6,0.1,0.0,1,1,1,2,1,3,1,2,0,1,2
73,649,2,SM,1,1,0,0.91,0.38,0.0,0.46,0.58,0.0,1.2,0.2,0.0,1,1,1,2,1,3,1,3,0,17,1
73,650,2,SM,1,1,0,0.83,0.35,0.0,0.46,0.54,0.0,0.3,0.1,0.0,1,1,1,2,1,3,1,3,0,17,1
73,651,2,SM,1,1,0,1.08,0.42,0.0,0.46,0.68,0.0,0.6,0.3,0.0,1,1,1,2,1,3,1,3,0,17,1
73,652,2,SM,1,1,0,0.83,0.38,0.0,0.38,0.6,0.0,0.3,0.2,0.0,1,1,1,2,1,3,1,3,0,17,1
73,653,2,SM,1,1,0,1.08,0.38,0.0,0.34,0.42,0.0,0.6,0.2,0.0,1,1,1,2,1,3,1,3,0,17,1
73,654,2,SM,1,1,0,0.91,0.35,0.0,0.34,0.54,0.0,1.2,0.1,0.0,1,1,1,2,1,3,1,3,0,17,1
73,655,2,SM,1,1,0,0.83,0.42,0.0,0.46,0.68,0.0,1.2,0.1,0.0,1,1,1,2,1,3,1,3,0,17,1
73,656,2,SM,1,1,0,0.83,0.42,0.0,0.34,0.44,0.0,0.3,0.3,0.0,1,1,1,2,1,3,1,3,0,17,1
73,657,2,SM,1,1,0,1.08,0.35,0.0,0.38,0.5,0.0,0.6,0.1,0.0,1,1,1,2,1,3,1,3,0,17,1
74,658,2,SM,1,1,1,1.02,0.28,1.1,0.72,0.78,0.5,1.2,0.3,1.0,1,1,1,2,1,2,0,4,0,2,1
74,659,2,SM,1,1,1,0.78,0.31,1.43,0.54,0.65,0.4,1.2,0.3,0.0,1,1,1,2,1,2,0,4,0,2,1
74,660,2,SM,1,1,1,1.02,0.35,0.88,0.54,0.68,0.4,1.2,0.2,1.0,1,1,1,2,1,2,0,4,0,2,1
74,661,2,SM,1,1,1,0.86,0.35,1.43,0.54,0.68,0.65,0.6,0.1,0.0,1,1,1,2,1,2,0,4,0,2,1
74,662,2,SM,1,1,1,0.86,0.35,0.88,0.6,0.71,0.65,1.2,0.3,0.0,1,1,1,2,1,2,0,4,0,2,1
74,663,1,TRAIN,1,1,1,0.78,0.35,1.43,0.6,0.71,0.5,0.6,0.2,1.0,1,1,1,2,1,2,0,4,0,2,1
74,664,1,TRAIN,1,1,1,0.78,0.31,1.1,0.72,0.84,0.4,0.6,0.1,1.0,1,1,1,2,1,2,0,4,0,2,1
74,665,2,SM,1,1,1,0.78,0.28,1.1,0.6,0.74,0.65,1.2,0.2,0.0,1,1,1,2,1,2,0,4,0,2,1
74,666,1,TRAIN,1,1,1,0.86,0.35,1.1,0.72,0.94,0.65,0.3,0.2,1.0,1,1,1,2,1,2,0,4,0,2,1
75,667,2,SM,1,1,1,0.98,0.87,1.56,0.48,0.48,0.5,1.2,0.2,0.0,1,1,2,2,2,2,1,2,0,10,25
75,668,2,SM,1,1,1,1.15,0.89,1.56,0.48,0.51,0.4,0.6,0.3,0.0,1,1,2,2,2,2,1,2,0,10,25
75,669,2,SM,1,1,1,0.9,0.85,1.56,0.48,0.47,0.65,0.3,0.1,0.0,1,1,2,2,2,2,1,2,0,10,25
75,670,2,SM,1,1,1,0.9,0.87,0.96,0.4,0.46,0.4,0.3,0.2,0.0,1,1,2,2,2,2,1,2,0,10,25
75,671,2,SM,1,1,1,1.15,0.87,1.2,0.36,0.4,0.65,0.6,0.2,0.0,1,1,2,2,2,2,1,2,0,10,25
75,672,2,SM,1,1,1,0.98,0.85,1.2,0.36,0.42,0.4,1.2,0.1,0.0,1,1,2,2,2,2,1,2,0,10,25
75,673,2,SM,1,1,1,0.9,0.89,0.96,0.48,0.51,0.5,1.2,0.1,0.0,1,1,2,2,2,2,1,2,0,10,25
75,674,2,SM,1,1,1,1.15,0.85,0.96,0.4,0.42,0.5,0.6,0.1,0.0,1,1,2,2,2,2,1,2,0,10,25
75,675,1,TRAIN,1,1,1,0.9,0.89,1.2,0.36,0.4,0.5,0.3,0.3,0.0,1,1,2,2,2,2,1,2,0,10,25
76,676,2,SM,1,1,0,0.62,0.43,0.0,0.76,1.16,0.0,1.2,0.2,0.0,1,1,3,2,0,2,1,3,0,1,17
76,677,2,SM,1,1,0,0.57,0.41,0.0,0.76,1.08,0.0,0.3,0.1,0.0,1,1,3,2,0,2,1,3,0,1,17
76,678,1,TRAIN,1,1,0,0.72,0.46,0.0,0.76,1.36,0.0,0.6,0.3,0.0,1,1,3,2,0,2,1,3,0,1,17
76,679,2,SM,1,1,0,0.57,0.43,0.0,0.63,1.16,0.0,0.3,0.2,0.0,1,1,3,2,0,2,1,3,0,1,17
76,680,2,SM,1,1,0,0.72,0.43,0.0,0.57,0.82,0.0,0.6,0.2,0.0,1,1,3,2,0,2,1,3,0,1,17
76,681,2,SM,1,1,0,0.62,0.41,0.0,0.57,1.06,0.0,1.2,0.1,0.0,1,1,3,2,0,2,1,3,0,1,17
76,682,2,SM,1,1,0,0.57,0.46,0.0,0.76,1.36,0.0,1.2,0.1,0.0,1,1,3,2,0,2,1,3,0,1,17
76,683,2,SM,1,1,0,0.57,0.46,0.0,0.57,0.89,0.0,0.3,0.3,0.0,1,1,3,2,0,2,1,3,0,1,17
76,684,2,SM,1,1,0,0.72,0.41,0.0,0.63,0.97,0.0,0.6,0.1,0.0,1,1,3,2,0,2,1,3,0,1,17
77,685,2,SM,1,1,1,1.26,0.71,1.17,1.56,1.69,0.65,1.2,0.2,0.0,1,1,3,2,0,4,0,2,0,1,2
77,686,2,SM,1,1,1,1.47,0.75,1.17,1.56,1.94,0.52,0.6,0.3,0.0,1,1,3,2,0,4,0,2,0,1,2
77,687,2,SM,1,1,1,1.15,0.68,1.17,1.56,1.62,0.84,0.3,0.1,0.0,1,1,3,2,0,4,0,2,0,1,2
77,688,1,TRAIN,1,1,1,1.15,0.71,0.72,1.3,1.76,0.52,0.3,0.2,0.0,1,1,3,2,0,4,0,2,0,1,2
77,689,2,SM,1,1,1,1.47,0.71,0.9,1.17,1.36,0.84,0.6,0.2,0.0,1,1,3,2,0,4,0,2,0,1,2
77,690,2,SM,1,1,1,1.15,0.75,0.72,1.56,1.94,0.65,1.2,0.1,0.0,1,1,3,2,0,4,0,2,0,1,2
77,691,2,SM,1,1,1,1.26,0.68,0.9,1.17,1.62,0.52,1.2,0.1,0.0,1,1,3,2,0,4,0,2,0,1,2
77,692,2,SM,1,1,1,1.47,0.68,0.72,1.3,1.53,0.65,0.6,0.1,0.0,1,1,3,2,0,4,0,2,0,1,2
77,693,2,SM,1,1,1,1.15,0.75,0.9,1.17,1.42,0.65,0.3,0.3,0.0,1,1,3,2,0,4,0,2,0,1,2
78,694,2,SM,1,1,0,1.35,0.57,0.0,1.56,1.67,0.0,1.2,0.3,1.0,1,1,3,2,1,2,0,3,0,1,2
78,695,2,SM,1,1,0,1.05,0.6,0.0,1.17,1.36,0.0,1.2,0.3,0.0,1,1,3,2,1,2,0,3,0,1,2
78,696,2,SM,1,1,0,1.35,0.64,0.0,1.17,1.47,0.0,1.2,0.2,1.0,1,1,3,2,1,2,0,3,0,1,2
78,697,2,SM,1,1,0,1.15,0.64,0.0,1.17,1.47,0.0,0.6,0.1,0.0,1,1,3,2,1,2,0,3,0,1,2
78,698,2,SM,1,1,0,1.15,0.64,0.0,1.3,1.47,0.0,1.2,0.3,0.0,1,1,3,2,1,2,0,3,0,1,2
78,699,2,SM,1,1,0,1.05,0.64,0.0,1.3,1.47,0.0,0.6,0.2,1.0,1,1,3,2,1,2,0,3,0,1,2
78,700,2,SM,1,1,0,1.05,0.6,0.0,1.56,1.76,0.0,0.6,0.1,1.0,1,1,3,2,1,2,0,3,0,1,2
78,701,2,SM,1,1,0,1.05,0.57,0.0,1.3,1.55,0.0,1.2,0.2,0.0,1,1,3,2,1,2,0,3,0,1,2
78,702,2,SM,1,1,0,1.15,0.64,0.0,1.56,1.98,0.0,0.3,0.2,1.0,1,1,3,2,1,2,0,3,0,1,2
79,703,2,SM,1,1,1,1.22,0.78,0.8,1.45,1.53,0.8,1.2,0.3,1.0,1,1,3,2,1,3,1,3,0,23,25
79,704,2,SM,1,1,1,1.22,0.82,0.64,1.09,1.3,0.64,1.2,0.2,1.0,1,1,3,2,1,3,1,3,0,23,25
79,705,2,SM,1,1,1,0.95,0.8,1.04,1.09,1.19,0.64,1.2,0.3,0.0,1,1,3,2,1,3,1,3,0,23,25
79,706,2,SM,1,1,1,1.04,0.82,1.04,1.09,1.3,1.04,0.6,0.1,0.0,1,1,3,2,1,3,1,3,0,23,25
79,707,2,SM,1,1,1,1.04,0.82,0.64,1.21,1.36,1.04,1.2,0.3,0.0,1,1,3,2,1,3,1,3,0,23,25
79,708,2,SM,1,1,1,0.95,0.8,0.8,1.45,1.55,0.64,0.6,0.1,1.0,1,1,3,2,1,3,1,3,0,23,25
79,709,2,SM,1,1,1,0.95,0.82,1.04,1.21,1.36,0.8,0.6,0.2,1.0,1,1,3,2,1,3,1,3,0,23,25
79,710,3,CAR,1,1,1,1.04,0.82,0.8,1.45,1.67,1.04,0.3,0.2,1.0,1,1,3,2,1,3,1,3,0,23,25
79,711,2,SM,1,1,1,0.95,0.78,0.8,1.21,1.36,1.04,1.2,0.2,0.0,1,1,3,2,1,3,1,3,0,23,25
80,712,2,SM,1,1,0,1.17,0.64,0.0,0.7,0.82,0.0,1.2,0.2,0.0,1,1,4,1,1,4,1,3,0,19,17
80,713,2,SM,1,1,0,1.06,0.61,0.0,0.7,0.79,0.0,0.3,0.1,0.0,1,1,4,1,1,4,1,3,0,19,17
80,714,2,SM,1,1,0,1.39,0.68,0.0,0.7,0.92,0.0,0.6,0.3,0.0,1,1,4,1,1,4,1,3,0,19,17
80,715,1,TRAIN,1,1,0,1.06,0.64,0.0,0.58,0.82,0.0,0.3,0.2,0.0,1,1,4,1,1,4,1,3,0,19,17
80,716,2,SM,1,1,0,1.39,0.64,0.0,0.52,0.6,0.0,0.6,0.2,0.0,1,1,4,1,1,4,1,3,0,19,17
80,717,1,TRAIN,1,1,0,1.17,0.61,0.0,0.52,0.74,0.0,1.2,0.1,0.0,1,1,4,1,1,4,1,3,0,19,17
80,718,1,TRAIN,1,1,0,1.06,0.68,0.0,0.7,0.92,0.0,1.2,0.1,0.0,1,1,4,1,1,4,1,3,0,19,17
80,719,2,SM,1,1,0,1.06,0.68,0.0,0.52,0.63,0.0,0.3,0.3,0.0,1,1,4,1,1,4,1,3,0,19,17
80,720,2,SM,1,1,0,1.39,0.61,0.0,0.58,0.7,0.0,0.6,0.1,0.0,1,1,4,1,1,4,1,3,0,19,17
81,721,2,SM,1,1,1,0.72,0.37,0.4,0.48,0.53,0.15,1.2,0.3,1.0,1,1,4,2,0,2,1,4,0,22,25
81,722,2,SM,1,1,1,0.72,0.41,0.32,0.36,0.43,0.12,1.2,0.2,1.0,1,1,4,2,0,2,1,4,0,22,25
81,723,2,SM,1,1,1,0.59,0.39,0.52,0.36,0.41,0.12,1.2,0.3,0.0,1,1,4,2,0,2,1,4,0,22,25
81,724,2,SM,1,1,1,0.63,0.41,0.52,0.36,0.43,0.19,0.6,0.1,0.0,1,1,4,2,0,2,1,4,0,22,25
81,725,2,SM,1,1,1,0.63,0.41,0.32,0.4,0.45,0.19,1.2,0.3,0.0,1,1,4,2,0,2,1,4,0,22,25
81,726,2,SM,1,1,1,0.59,0.41,0.52,0.4,0.45,0.15,0.6,0.2,1.0,1,1,4,2,0,2,1,4,0,22,25
81,727,1,TRAIN,1,1,1,0.59,0.39,0.4,0.48,0.58,0.12,0.6,0.1,1.0,1,1,4,2,0,2,1,4,0,22,25
81,728,1,TRAIN,1,1,1,0.63,0.41,0.4,0.48,0.67,0.19,0.3,0.2,1.0,1,1,4,2,0,2,1,4,0,22,25
81,729,1,TRAIN,1,1,1,0.59,0.37,0.4,0.4,0.5,0.19,1.2,0.2,0.0,1,1,4,2,0,2,1,4,0,22,25
82,730,2,SM,1,1,1,1.69,0.56,1.95,1.0,1.08,1.4,1.2,0.2,0.0,1,1,5,1,1,3,1,3,0,17,2
82,731,2,SM,1,1,1,1.54,0.5,1.95,1.0,1.0,1.82,0.3,0.1,0.0,1,1,5,1,1,3,1,3,0,17,2
82,732,2,SM,1,1,1,2.0,0.64,1.95,1.0,1.33,1.12,0.6,0.3,0.0,1,1,5,1,1,3,1,3,0,17,2
82,733,2,SM,1,1,1,1.54,0.56,1.2,0.83,1.33,1.12,0.3,0.2,0.0,1,1,5,1,1,3,1,3,0,17,2
82,734,2,SM,1,1,1,2.0,0.56,1.5,0.75,1.0,1.82,0.6,0.2,0.0,1,1,5,1,1,3,1,3,0,17,2
82,735,2,SM,1,1,1,1.69,0.5,1.5,0.75,1.33,1.12,1.2,0.1,0.0,1,1,5,1,1,3,1,3,0,17,2
82,736,2,SM,1,1,1,1.54,0.64,1.2,1.0,1.33,1.4,1.2,0.1,0.0,1,1,5,1,1,3,1,3,0,17,2
82,737,2,SM,1,1,1,1.54,0.64,1.5,0.75,1.08,1.4,0.3,0.3,0.0,1,1,5,1,1,3,1,3,0,17,2
82,738,2,SM,1,1,1,2.0,0.5,1.2,0.83,1.08,1.4,0.6,0.1,0.0,1,1,5,1,1,3,1,3,0,17,2
83,739,2,SM,1,1,1,1.99,0.86,2.08,1.0,1.08,0.9,1.2,0.2,0.0,1,1,5,2,1,2,0,4,0,2,17
83,740,2,SM,1,1,1,2.38,0.94,2.08,1.0,1.33,0.72,0.6,0.3,0.0,1,1,5,2,1,2,0,4,0,2,17
83,741,2,SM,1,1,1,1.8,0.8,2.08,1.0,1.0,1.17,0.3,0.1,0.0,1,1,5,2,1,2,0,4,0,2,17
83,742,1,TRAIN,1,1,1,1.8,0.86,1.28,0.83,1.33,0.72,0.3,0.2,0.0,1,1,5,2,1,2,0,4,0,2,17
83,743,2,SM,1,1,1,2.38,0.86,1.6,0.75,1.0,1.17,0.6,0.2,0.0,1,1,5,2,1,2,0,4,0,2,17
83,744,3,CAR,1,1,1,1.8,0.94,1.28,1.0,1.33,0.9,1.2,0.1,0.0,1,1,5,2,1,2,0,4,0,2,17
83,745,1,TRAIN,1,1,1,1.99,0.8,1.6,0.75,1.33,0.72,1.2,0.1,0.0,1,1,5,2,1,2,0,4,0,2,17
83,746,2,SM,1,1,1,1.8,0.94,1.6,0.75,1.08,0.9,0.3,0.3,0.0,1,1,5,2,1,2,0,4,0,2,17
83,747,2,SM,1,1,1,2.38,0.8,1.28,0.83,1.08,0.9,0.6,0.1,0.0,1,1,5,2,1,2,0,4,0,2,17
84,748,2,SM,1,1,1,2.09,0.63,1.5,1.0,1.0,1.0,1.2,0.3,1.0,1,1,5,2,1,2,1,3,0,22,1
84,749,2,SM,1,1,1,1.61,0.69,1.95,0.75,1.0,0.8,1.2,0.3,0.0,1,1,5,2,1,2,1,3,0,22,1
84,750,2,SM,1,1,1,2.09,0.77,1.2,0.75,1.08,0.8,1.2,0.2,1.0,1,1,5,2,1,2,1,3,0,22,1
84,751,2,SM,1,1,1,1.77,0.77,1.95,0.75,1.08,1.3,0.6,0.1,0.0,1,1,5,2,1,2,1,3,0,22,1
84,752,2,SM,1,1,1,1.77,0.77,1.2,0.83,1.0,1.3,1.2,0.3,0.0,1,1,5,2,1,2,1,3,0,22,1
84,753,2,SM,1,1,1,1.61,0.77,1.95,0.83,1.0,1.0,0.6,0.2,1.0,1,1,5,2,1,2,1,3,0,22,1
84,754,2,SM,1,1,1,1.61,0.69,1.5,1.0,1.08,0.8,0.6,0.1,1.0,1,1,5,2,1,2,1,3,0,22,1
84,755,2,SM,1,1,1,1.61,0.63,1.5,0.83,1.08,1.3,1.2,0.2,0.0,1,1,5,2,1,2,1,3,0,22,1
84,756,2,SM,1,1,1,1.77,0.77,1.5,1.0,1.33,1.3,0.3,0.2,1.0,1,1,5,2,1,2,1,3,0,22,1
85,757,3,CAR,1,1,1,1.11,0.48,0.6,0.83,1.0,0.28,0.3,0.1,0.0,1,1,5,2,1,3,1,3,0,1,17
85,758,3,CAR,1,1,1,1.11,0.44,0.78,0.83,1.33,0.45,1.2,0.1,1.0,1,1,5,2,1,3,1,3,0,1,17
85,759,3,CAR,1,1,1,0.9,0.41,0.48,0.75,1.33,0.45,0.6,0.3,1.0,1,1,5,2,1,3,1,3,0,1,17
85,760,3,CAR,1,1,1,1.11,0.41,0.78,0.75,1.33,0.35,0.3,0.2,0.0,1,1,5,2,1,3,1,3,0,1,17
85,761,3,CAR,1,1,1,0.97,0.41,0.78,0.83,1.08,0.28,0.3,0.3,1.0,1,1,5,2,1,3,1,3,0,1,17
85,762,3,CAR,1,1,1,0.97,0.44,0.48,0.75,1.0,0.35,0.3,0.1,1.0,1,1,5,2,1,3,1,3,0,1,17
85,763,3,CAR,1,1,1,0.97,0.41,0.48,1.0,1.0,0.28,0.6,0.2,0.0,1,1,5,2,1,3,1,3,0,1,17
85,764,3,CAR,1,1,1,1.11,0.44,0.48,1.0,1.08,0.45,0.3,0.3,0.0,1,1,5,2,1,3,1,3,0,1,17
85,765,3,CAR,1,1,1,0.97,0.44,0.6,0.83,1.33,0.35,0.6,0.3,0.0,1,1,5,2,1,3,1,3,0,1,17
86,766,2,SM,1,1,1,2.49,0.76,2.5,1.0,1.0,2.05,1.2,0.3,1.0,1,1,5,2,1,3,1,3,0,25,1
86,767,2,SM,1,1,1,1.95,0.84,3.25,0.75,1.0,1.64,1.2,0.3,0.0,1,1,5,2,1,3,1,3,0,25,1
86,768,2,SM,1,1,1,2.49,0.94,2.0,0.75,1.08,1.64,1.2,0.2,1.0,1,1,5,2,1,3,1,3,0,25,1
86,769,2,SM,1,1,1,2.13,0.94,3.25,0.75,1.08,2.66,0.6,0.1,0.0,1,1,5,2,1,3,1,3,0,25,1
86,770,2,SM,1,1,1,2.13,0.94,2.0,0.83,1.0,2.66,1.2,0.3,0.0,1,1,5,2,1,3,1,3,0,25,1
86,771,2,SM,1,1,1,1.95,0.94,3.25,0.83,1.0,2.05,0.6,0.2,1.0,1,1,5,2,1,3,1,3,0,25,1
86,772,2,SM,1,1,1,1.95,0.84,2.5,1.0,1.08,1.64,0.6,0.1,1.0,1,1,5,2,1,3,1,3,0,25,1
86,773,2,SM,1,1,1,1.95,0.76,2.5,0.83,1.08,2.66,1.2,0.2,0.0,1,1,5,2,1,3,1,3,0,25,1
86,774,2,SM,1,1,1,2.13,0.94,2.5,1.0,1.33,2.66,0.3,0.2,1.0,1,1,5,2,1,3,1,3,0,25,1
87,775,2,SM,1,1,1,1.81,1.26,1.82,1.0,1.08,0.85,1.2,0.2,0.0,1,1,5,2,1,2,1,2,0,20,2
87,776,2,SM,1,1,1,1.64,1.23,1.82,1.0,1.0,1.1,0.3,0.1,0.0,1,1,5,2,1,2,1,2,0,20,2
87,777,1,TRAIN,1,1,1,1.64,1.26,1.12,0.83,1.33,0.68,0.3,0.2,0.0,1,1,5,2,1,2,1,2,0,20,2
87,778,2,SM,1,1,1,2.14,1.3,1.82,1.0,1.33,0.68,0.6,0.3,0.0,1,1,5,2,1,2,1,2,0,20,2
87,779,2,SM,1,1,1,2.14,1.26,1.4,0.75,1.0,1.1,0.6,0.2,0.0,1,1,5,2,1,2,1,2,0,20,2
87,780,3,CAR,1,1,1,1.81,1.23,1.4,0.75,1.33,0.68,1.2,0.1,0.0,1,1,5,2,1,2,1,2,0,20,2
87,781,2,SM,1,1,1,1.64,1.3,1.12,1.0,1.33,0.85,1.2,0.1,0.0,1,1,5,2,1,2,1,2,0,20,2
87,782,1,TRAIN,1,1,1,1.64,1.3,1.4,0.75,1.08,0.85,0.3,0.3,0.0,1,1,5,2,1,2,1,2,0,20,2
87,783,2,SM,1,1,1,2.14,1.23,1.12,0.83,1.08,0.85,0.6,0.1,0.0,1,1,5,2,1,2,1,2,0,20,2
88,784,2,SM,1,1,1,2.07,0.78,2.14,0.0,0.0,1.65,1.2,0.2,0.0,1,1,6,1,1,3,1,3,1,1,25
88,785,2,SM,1,1,1,1.89,0.7,2.14,0.0,0.0,2.14,0.3,0.1,0.0,1,1,6,1,1,3,1,3,1,1,25
88,786,2,SM,1,1,1,2.43,0.88,2.14,0.0,0.0,1.32,0.6,0.3,0.0,1,1,6,1,1,3,1,3,1,1,25
88,787,2,SM,1,1,1,1.89,0.78,1.32,0.0,0.0,1.32,0.3,0.2,0.0,1,1,6,1,1,3,1,3,1,1,25
88,788,2,SM,1,1,1,2.43,0.78,1.65,0.0,0.0,2.14,0.6,0.2,0.0,1,1,6,1,1,3,1,3,1,1,25
88,789,2,SM,1,1,1,2.07,0.7,1.65,0.0,0.0,1.32,1.2,0.1,0.0,1,1,6,1,1,3,1,3,1,1,25
88,790,2,SM,1,1,1,1.89,0.88,1.32,0.0,0.0,1.65,1.2,0.1,0.0,1,1,6,1,1,3,1,3,1,1,25
88,791,2,SM,1,1,1,1.89,0.88,1.65,0.0,0.0,1.65,0.3,0.3,0.0,1,1,6,1,1,3,1,3,1,1,25
88,792,2,SM,1,1,1,2.43,0.7,1.32,0.0,0.0,1.65,0.6,0.1,0.0,1,1,6,1,1,3,1,3,1,1,25
89,793,2,SM,1,1,1,1.33,0.61,1.2,0.0,0.0,0.6,0.3,0.1,0.0,1,1,6,1,1,3,1,3,1,2,1
89,794,2,SM,1,1,1,1.33,0.57,1.56,0.0,0.0,0.97,1.2,0.1,1.0,1,1,6,1,1,3,1,3,1,2,1
89,795,2,SM,1,1,1,1.33,0.54,1.56,0.0,0.0,0.75,0.3,0.2,0.0,1,1,6,1,1,3,1,3,1,2,1
89,796,2,SM,1,1,1,1.02,0.54,0.96,0.0,0.0,0.97,0.6,0.3,1.0,1,1,6,1,1,3,1,3,1,2,1
89,797,2,SM,1,1,1,1.12,0.54,1.56,0.0,0.0,0.6,0.3,0.3,1.0,1,1,6,1,1,3,1,3,1,2,1
89,798,2,SM,1,1,1,1.12,0.57,0.96,0.0,0.0,0.75,0.3,0.1,1.0,1,1,6,1,1,3,1,3,1,2,1
89,799,2,SM,1,1,1,1.12,0.54,0.96,0.0,0.0,0.6,0.6,0.2,0.0,1,1,6,1,1,3,1,3,1,2,1
89,800,2,SM,1,1,1,1.33,0.57,0.96,0.0,0.0,0.97,0.3,0.3,0.0,1,1,6,1,1,3,1,3,1,2,1
89,801,2,SM,1,1,1,1.12,0.57,1.2,0.0,0.0,0.75,0.6,0.3,0.0,1,1,6,1,1,3,1,3,1,2,1
90,802,2,SM,1,1,0,0.97,0.44,0.0,0.0,0.0,0.0,1.2,0.2,0.0,1,1,6,1,1,4,1,1,1,1,17
90,803,2,SM,1,1,0,1.11,0.48,0.0,0.0,0.0,0.0,0.6,0.3,0.0,1,1,6,1,1,4,1,1,1,1,17
90,804,2,SM,1,1,0,0.9,0.41,0.0,0.0,0.0,0.0,0.3,0.1,0.0,1,1,6,1,1,4,1,1,1,1,17
90,805,2,SM,1,1,0,0.9,0.44,0.0,0.0,0.0,0.0,0.3,0.2,0.0,1,1,6,1,1,4,1,1,1,1,17
90,806,2,SM,1,1,0,1.11,0.44,0.0,0.0,0.0,0.0,0.6,0.2,0.0,1,1,6,1,1,4,1,1,1,1,17
90,807,2,SM,1,1,0,0.97,0.41,0.0,0.0,0.0,0.0,1.2,0.1,0.0,1,1,6,1,1,4,1,1,1,1,17
90,808,2,SM,1,1,0,0.9,0.48,0.0,0.0,0.0,0.0,1.2,0.1,0.0,1,1,6,1,1,4,1,1,1,1,17
90,809,2,SM,1,1,0,0.9,0.48,0.0,0.0,0.0,0.0,0.3,0.3,0.0,1,1,6,1,1,4,1,1,1,1,17
90,810,2,SM,1,1,0,1.11,0.41,0.0,0.0,0.0,0.0,0.6,0.1,0.0,1,1,6,1,1,4,1,1,1,1,17
91,811,2,SM,1,1,1,0.77,0.22,1.17,0.0,0.0,1.2,1.2,0.2,0.0,1,1,6,2,1,1,1,2,1,2,1
91,812,2,SM,1,1,1,0.7,0.19,1.17,0.0,0.0,1.56,0.3,0.1,0.0,1,1,6,2,1,1,1,2,1,2,1
91,813,1,TRAIN,1,1,1,0.91,0.26,1.17,0.0,0.0,0.96,0.6,0.3,0.0,1,1,6,2,1,1,1,2,1,2,1
91,814,1,TRAIN,1,1,1,0.7,0.22,0.72,0.0,0.0,0.96,0.3,0.2,0.0,1,1,6,2,1,1,1,2,1,2,1
91,815,1,TRAIN,1,1,1,0.91,0.22,0.9,0.0,0.0,1.56,0.6,0.2,0.0,1,1,6,2,1,1,1,2,1,2,1
91,816,1,TRAIN,1,1,1,0.77,0.19,0.9,0.0,0.0,0.96,1.2,0.1,0.0,1,1,6,2,1,1,1,2,1,2,1
91,817,2,SM,1,1,1,0.7,0.26,0.72,0.0,0.0,1.2,1.2,0.1,0.0,1,1,6,2,1,1,1,2,1,2,1
91,818,1,TRAIN,1,1,1,0.7,0.26,0.9,0.0,0.0,1.2,0.3,0.3,0.0,1,1,6,2,1,1,1,2,1,2,1
91,819,2,SM,1,1,1,0.91,0.19,0.72,0.0,0.0,1.2,0.6,0.1,0.0,1,1,6,2,1,1,1,2,1,2,1
92,820,2,SM,1,1,1,1.17,0.54,0.8,0.0,0.0,0.24,0.3,0.1,0.0,1,1,6,2,1,2,1,2,1,1,17
92,821,2,SM,1,1,1,1.17,0.5,1.04,0.0,0.0,0.39,1.2,0.1,1.0,1,1,6,2,1,2,1,2,1,1,17
92,822,1,TRAIN,1,1,1,1.17,0.47,1.04,0.0,0.0,0.3,0.3,0.2,0.0,1,1,6,2,1,2,1,2,1,1,17
92,823,2,SM,1,1,1,0.96,0.47,0.64,0.0,0.0,0.39,0.6,0.3,1.0,1,1,6,2,1,2,1,2,1,1,17
92,824,2,SM,1,1,1,1.03,0.47,1.04,0.0,0.0,0.24,0.3,0.3,1.0,1,1,6,2,1,2,1,2,1,1,17
92,825,2,SM,1,1,1,1.03,0.5,0.64,0.0,0.0,0.3,0.3,0.1,1.0,1,1,6,2,1,2,1,2,1,1,17
92,826,2,SM,1,1,1,1.03,0.47,0.64,0.0,0.0,0.24,0.6,0.2,0.0,1,1,6,2,1,2,1,2,1,1,17
92,827,2,SM,1,1,1,1.17,0.5,0.64,0.0,0.0,0.39,0.3,0.3,0.0,1,1,6,2,1,2,1,2,1,1,17
92,828,2,SM,1,1,1,1.03,0.5,0.8,0.0,0.0,0.3,0.6,0.3,0.0,1,1,6,2,1,2,1,2,1,1,17
93,829,2,SM,1,1,1,1.36,0.81,1.04,0.0,0.0,0.5,1.2,0.2,0.0,1,1,6,2,1,3,1,3,1,1,2
93,830,2,SM,1,1,1,1.25,0.78,1.04,0.0,0.0,0.65,0.3,0.1,0.0,1,1,6,2,1,3,1,3,1,1,2
93,831,1,TRAIN,1,1,1,1.58,0.85,1.04,0.0,0.0,0.4,0.6,0.3,0.0,1,1,6,2,1,3,1,3,1,1,2
93,832,1,TRAIN,1,1,1,1.25,0.81,0.64,0.0,0.0,0.4,0.3,0.2,0.0,1,1,6,2,1,3,1,3,1,1,2
93,833,1,TRAIN,1,1,1,1.58,0.81,0.8,0.0,0.0,0.65,0.6,0.2,0.0,1,1,6,2,1,3,1,3,1,1,2
93,834,1,TRAIN,1,1,1,1.36,0.78,0.8,0.0,0.0,0.4,1.2,0.1,0.0,1,1,6,2,1,3,1,3,1,1,2
93,835,1,TRAIN,1,1,1,1.25,0.85,0.64,0.0,0.0,0.5,1.2,0.1,0.0,1,1,6,2,1,3,1,3,1,1,2
93,836,1,TRAIN,1,1,1,1.25,0.85,0.8,0.0,0.0,0.5,0.3,0.3,0.0,1,1,6,2,1,3,1,3,1,1,2
93,837,1,TRAIN,1,1,1,1.58,0.78,0.64,0.0,0.0,0.5,0.6,0.1,0.0,1,1,6,2,1,3,1,3,1,1,2
94,838,2,SM,1,1,1,1.02,0.49,0.78,0.0,0.0,1.0,1.2,0.2,0.0,1,1,6,2,1,3,1,3,1,1,17
94,839,2,SM,1,1,1,0.93,0.46,0.78,0.0,0.0,1.3,0.3,0.1,0.0,1,1,6,2,1,3,1,3,1,1,17
94,840,2,SM,1,1,1,1.2,0.53,0.78,0.0,0.0,0.8,0.6,0.3,0.0,1,1,6,2,1,3,1,3,1,1,17
94,841,1,TRAIN,1,1,1,0.93,0.49,0.48,0.0,0.0,0.8,0.3,0.2,0.0,1,1,6,2,1,3,1,3,1,1,17
94,842,2,SM,1,1,1,1.2,0.49,0.6,0.0,0.0,1.3,0.6,0.2,0.0,1,1,6,2,1,3,1,3,1,1,17
94,843,2,SM,1,1,1,1.02,0.46,0.6,0.0,0.0,0.8,1.2,0.1,0.0,1,1,6,2,1,3,1,3,1,1,17
94,844,2,SM,1,1,1,0.93,0.53,0.48,0.0,0.0,1.0,1.2,0.1,0.0,1,1,6,2,1,3,1,3,1,1,17
94,845,2,SM,1,1,1,0.93,0.53,0.6,0.0,0.0,1.0,0.3,0.3,0.0,1,1,6,2,1,3,1,3,1,1,17
94,846,2,SM,1,1,1,1.2,0.46,0.48,0.0,0.0,1.0,0.6,0.1,0.0,1,1,6,2,1,3,1,3,1,1,17
95,847,2,SM,1,1,1,1.07,0.52,1.56,0.0,0.0,0.8,1.2,0.2,0.0,1,1,6,2,1,3,1,3,1,2,1
95,848,2,SM,1,1,1,1.0,0.49,1.56,0.0,0.0,1.04,0.3,0.1,0.0,1,1,6,2,1,3,1,3,1,2,1
95,849,2,SM,1,1,1,1.21,0.56,1.56,0.0,0.0,0.64,0.6,0.3,0.0,1,1,6,2,1,3,1,3,1,2,1
95,850,2,SM,1,1,1,1.0,0.52,0.96,0.0,0.0,0.64,0.3,0.2,0.0,1,1,6,2,1,3,1,3,1,2,1
95,851,2,SM,1,1,1,1.21,0.52,1.2,0.0,0.0,1.04,0.6,0.2,0.0,1,1,6,2,1,3,1,3,1,2,1
95,852,2,SM,1,1,1,1.07,0.49,1.2,0.0,0.0,0.64,1.2,0.1,0.0,1,1,6,2,1,3,1,3,1,2,1
95,853,2,SM,1,1,1,1.0,0.56,0.96,0.0,0.0,0.8,1.2,0.1,0.0,1,1,6,2,1,3,1,3,1,2,1
95,854,2,SM,1,1,1,1.0,0.56,1.2,0.0,0.0,0.8,0.3,0.3,0.0,1,1,6,2,1,3,1,3,1,2,1
95,855,2,SM,1,1,1,1.21,0.49,0.96,0.0,0.0,0.8,0.6,0.1,0.0,1,1,6,2,1,3,1,3,1,2,1
96,856,2,SM,1,1,1,1.26,0.56,1.0,0.0,0.0,1.5,1.2,0.3,1.0,1,1,6,2,1,3,1,3,1,19,17
96,857,2,SM,1,1,1,1.05,0.59,1.3,0.0,0.0,1.2,1.2,0.3,0.0,1,1,6,2,1,3,1,3,1,19,17
96,858,2,SM,1,1,1,1.26,0.63,0.8,0.0,0.0,1.2,1.2,0.2,1.0,1,1,6,2,1,3,1,3,1,19,17
96,859,2,SM,1,1,1,1.12,0.63,1.3,0.0,0.0,1.95,0.6,0.1,0.0,1,1,6,2,1,3,1,3,1,19,17
96,860,2,SM,1,1,1,1.12,0.63,0.8,0.0,0.0,1.95,1.2,0.3,0.0,1,1,6,2,1,3,1,3,1,19,17
96,861,2,SM,1,1,1,1.05,0.63,1.3,0.0,0.0,1.5,0.6,0.2,1.0,1,1,6,2,1,3,1,3,1,19,17
96,862,2,SM,1,1,1,1.05,0.59,1.0,0.0,0.0,1.2,0.6,0.1,1.0,1,1,6,2,1,3,1,3,1,19,17
96,863,2,SM,1,1,1,1.05,0.56,1.0,0.0,0.0,1.95,1.2,0.2,0.0,1,1,6,2,1,3,1,3,1,19,17
96,864,2,SM,1,1,1,1.12,0.63,1.0,0.0,0.0,1.95,0.3,0.2,1.0,1,1,6,2,1,3,1,3,1,19,17
97,865,2,SM,1,1,1,1.32,0.77,1.17,0.0,0.0,0.65,1.2,0.2,0.0,1,1,6,2,1,4,1,3,1,1,2
97,866,2,SM,1,1,1,1.22,0.74,1.17,0.0,0.0,0.84,0.3,0.1,0.0,1,1,6,2,1,4,1,3,1,1,2
97,867,1,TRAIN,1,1,1,1.22,0.77,0.72,0.0,0.0,0.52,0.3,0.2,0.0,1,1,6,2,1,4,1,3,1,1,2
97,868,1,TRAIN,1,1,1,1.52,0.81,1.17,0.0,0.0,0.52,0.6,0.3,0.0,1,1,6,2,1,4,1,3,1,1,2
97,869,2,SM,1,1,1,1.52,0.77,0.9,0.0,0.0,0.84,0.6,0.2,0.0,1,1,6,2,1,4,1,3,1,1,2
97,870,1,TRAIN,1,1,1,1.32,0.74,0.9,0.0,0.0,0.52,1.2,0.1,0.0,1,1,6,2,1,4,1,3,1,1,2
97,871,1,TRAIN,1,1,1,1.22,0.81,0.72,0.0,0.0,0.65,1.2,0.1,0.0,1,1,6,2,1,4,1,3,1,1,2
97,872,1,TRAIN,1,1,1,1.22,0.81,0.9,0.0,0.0,0.65,0.3,0.3,0.0,1,1,6,2,1,4,1,3,1,1,2
97,873,1,TRAIN,1,1,1,1.52,0.74,0.72,0.0,0.0,0.65,0.6,0.1,0.0,1,1,6,2,1,4,1,3,1,1,2
98,874,1,TRAIN,1,1,1,1.67,1.03,0.8,0.0,0.0,1.2,0.3,0.1,0.0,1,1,6,2,2,2,1,3,1,10,1
98,875,2,SM,1,1,1,1.67,0.99,1.04,0.0,0.0,1.95,1.2,0.1,1.0,1,1,6,2,2,2,1,3,1,10,1
98,876,2,SM,1,1,1,1.67,0.96,1.04,0.0,0.0,1.5,0.3,0.2,0.0,1,1,6,2,2,2,1,3,1,10,1
98,877,2,SM,1,1,1,1.26,0.96,0.64,0.0,0.0,1.95,0.6,0.3,1.0,1,1,6,2,2,2,1,3,1,10,1
98,878,2,SM,1,1,1,1.4,0.96,1.04,0.0,0.0,1.2,0.3,0.3,1.0,1,1,6,2,2,2,1,3,1,10,1
98,879,2,SM,1,1,1,1.4,0.99,0.64,0.0,0.0,1.5,0.3,0.1,1.0,1,1,6,2,2,2,1,3,1,10,1
98,880,2,SM,1,1,1,1.4,0.96,0.64,0.0,0.0,1.2,0.6,0.2,0.0,1,1,6,2,2,2,1,3,1,10,1
98,881,2,SM,1,1,1,1.67,0.99,0.64,0.0,0.0,1.95,0.3,0.3,0.0,1,1,6,2,2,2,1,3,1,10,1
98,882,2,SM,1,1,1,1.4,0.99,0.8,0.0,0.0,1.5,0.6,0.3,0.0,1,1,6,2,2,2,1,3,1,10,1
99,883,2,SM,1,1,1,1.36,0.67,0.7,0.0,0.0,0.36,0.3,0.1,0.0,1,1,6,3,1,3,1,3,1,1,17
99,884,1,TRAIN,1,1,1,1.36,0.6,0.91,0.0,0.0,0.45,0.3,0.2,0.0,1,1,6,3,1,3,1,3,1,1,17
99,885,1,TRAIN,1,1,1,1.36,0.63,0.91,0.0,0.0,0.58,1.2,0.1,1.0,1,1,6,3,1,3,1,3,1,1,17
99,886,1,TRAIN,1,1,1,1.06,0.6,0.56,0.0,0.0,0.58,0.6,0.3,1.0,1,1,6,3,1,3,1,3,1,1,17
99,887,2,SM,1,1,1,1.16,0.6,0.91,0.0,0.0,0.36,0.3,0.3,1.0,1,1,6,3,1,3,1,3,1,1,17
99,888,2,SM,1,1,1,1.16,0.6,0.56,0.0,0.0,0.36,0.6,0.2,0.0,1,1,6,3,1,3,1,3,1,1,17
99,889,2,SM,1,1,1,1.16,0.63,0.56,0.0,0.0,0.45,0.3,0.1,1.0,1,1,6,3,1,3,1,3,1,1,17
99,890,2,SM,1,1,1,1.36,0.63,0.56,0.0,0.0,0.58,0.3,0.3,0.0,1,1,6,3,1,3,1,3,1,1,17
99,891,1,TRAIN,1,1,1,1.16,0.63,0.7,0.0,0.0,0.45,0.6,0.3,0.0,1,1,6,3,1,3,1,3,1,1,17
100,892,1,TRAIN,1,1,0,1.03,0.31,0.0,0.0,0.0,0.0,1.2,0.3,1.0,1,1,6,3,1,4,0,3,1,22,2
100,893,1,TRAIN,1,1,0,0.82,0.34,0.0,0.0,0.0,0.0,1.2,0.3,0.0,1,1,6,3,1,4,0,3,1,22,2
100,894,1,TRAIN,1,1,0,1.03,0.38,0.0,0.0,0.0,0.0,1.2,0.2,1.0,1,1,6,3,1,4,0,3,1,22,2
100,895,1,TRAIN,1,1,0,0.89,0.38,0.0,0.0,0.0,0.0,0.6,0.1,0.0,1,1,6,3,1,4,0,3,1,22,2
100,896,1,TRAIN,1,1,0,0.89,0.38,0.0,0.0,0.0,0.0,1.2,0.3,0.0,1,1,6,3,1,4,0,3,1,22,2
100,897,1,TRAIN,1,1,0,0.82,0.38,0.0,0.0,0.0,0.0,0.6,0.2,1.0,1,1,6,3,1,4,0,3,1,22,2
100,898,1,TRAIN,1,1,0,0.82,0.34,0.0,0.0,0.0,0.0,0.6,0.1,1.0,1,1,6,3,1,4,0,3,1,22,2
100,899,1,TRAIN,1,1,0,0.82,0.31,0.0,0.0,0.0,0.0,1.2,0.2,0.0,1,1,6,3,1,4,0,3,1,22,2
100,900,1,TRAIN,1,1,0,0.89,0.38,0.0,0.0,0.0,0.0,0.3,0.2,1.0,1,1,6,3,1,4,0,3,1,22,2
101,901,1,TRAIN,1,1,1,0.94,0.39,0.97,0.0,0.0,0.25,1.2,0.2,0.0,1,1,6,3,1,4,1,4,1,2,1
101,902,1,TRAIN,1,1,1,0.86,0.36,0.97,0.0,0.0,0.32,0.3,0.1,0.0,1,1,6,3,1,4,1,4,1,2,1
101,903,3,CAR,1,1,1,1.11,0.43,0.97,0.0,0.0,0.2,0.6,0.3,0.0,1,1,6,3,1,4,1,4,1,2,1
101,904,1,TRAIN,1,1,1,0.86,0.39,0.6,0.0,0.0,0.2,0.3,0.2,0.0,1,1,6,3,1,4,1,4,1,2,1
101,905,3,CAR,1,1,1,1.11,0.39,0.75,0.0,0.0,0.32,0.6,0.2,0.0,1,1,6,3,1,4,1,4,1,2,1
101,906,3,CAR,1,1,1,0.94,0.36,0.75,0.0,0.0,0.2,1.2,0.1,0.0,1,1,6,3,1,4,1,4,1,2,1
101,907,3,CAR,1,1,1,0.86,0.43,0.6,0.0,0.0,0.25,1.2,0.1,0.0,1,1,6,3,1,4,1,4,1,2,1
101,908,1,TRAIN,1,1,1,0.86,0.43,0.75,0.0,0.0,0.25,0.3,0.3,0.0,1,1,6,3,1,4,1,4,1,2,1
101,909,3,CAR,1,1,1,1.11,0.36,0.6,0.0,0.0,0.25,0.6,0.1,0.0,1,1,6,3,1,4,1,4,1,2,1
102,910,2,SM,1,1,1,1.03,0.33,0.6,1.79,1.79,0.4,1.2,0.3,1.0,1,1,8,1,1,3,0,3,0,1,17
102,911,2,SM,1,1,1,0.82,0.36,0.78,1.34,1.79,0.32,1.2,0.3,0.0,1,1,8,1,1,3,0,3,0,1,17
102,912,2,SM,1,1,1,1.03,0.4,0.48,1.34,1.94,0.32,1.2,0.2,1.0,1,1,8,1,1,3,0,3,0,1,17
102,913,1,TRAIN,1,1,1,0.89,0.4,0.78,1.34,1.94,0.52,0.6,0.1,0.0,1,1,8,1,1,3,0,3,0,1,17
102,914,2,SM,1,1,1,0.89,0.4,0.48,1.49,1.79,0.52,1.2,0.3,0.0,1,1,8,1,1,3,0,3,0,1,17
102,915,2,SM,1,1,1,0.82,0.4,0.78,1.49,1.79,0.4,0.6,0.2,1.0,1,1,8,1,1,3,0,3,0,1,17
102,916,2,SM,1,1,1,0.82,0.36,0.6,1.79,1.94,0.32,0.6,0.1,1.0,1,1,8,1,1,3,0,3,0,1,17
102,917,2,SM,1,1,1,0.82,0.33,0.6,1.49,1.94,0.52,1.2,0.2,0.0,1,1,8,1,1,3,0,3,0,1,17
102,918,1,TRAIN,1,1,1,0.89,0.4,0.6,1.79,2.38,0.52,0.3,0.2,1.0,1,1,8,1,1,3,0,3,0,1,17
103,919,2,SM,1,1,0,0.61,0.28,0.0,2.09,2.09,0.0,1.2,0.3,1.0,1,1,8,2,1,3,0,2,0,25,22
103,920,2,SM,1,1,0,0.61,0.32,0.0,1.57,2.26,0.0,1.2,0.2,1.0,1,1,8,2,1,3,0,2,0,25,22
103,921,2,SM,1,1,0,0.51,0.3,0.0,1.57,2.09,0.0,1.2,0.3,0.0,1,1,8,2,1,3,0,2,0,25,22
103,922,2,SM,1,1,0,0.54,0.32,0.0,1.57,2.26,0.0,0.6,0.1,0.0,1,1,8,2,1,3,0,2,0,25,22
103,923,2,SM,1,1,0,0.54,0.32,0.0,1.74,2.09,0.0,1.2,0.3,0.0,1,1,8,2,1,3,0,2,0,25,22
103,924,2,SM,1,1,0,0.51,0.3,0.0,2.09,2.26,0.0,0.6,0.1,1.0,1,1,8,2,1,3,0,2,0,25,22
103,925,2,SM,1,1,0,0.51,0.32,0.0,1.74,2.09,0.0,0.6,0.2,1.0,1,1,8,2,1,3,0,2,0,25,22
103,926,2,SM,1,1,0,0.54,0.32,0.0,2.09,2.78,0.0,0.3,0.2,1.0,1,1,8,2,1,3,0,2,0,25,22
103,927,2,SM,1,1,0,0.51,0.28,0.0,1.74,2.26,0.0,1.2,0.2,0.0,1,1,8,2,1,3,0,2,0,25,22
104,928,2,SM,1,1,1,0.97,0.44,0.78,2.66,2.89,0.4,1.2,0.2,0.0,1,1,8,2,1,3,1,3,0,17,1
104,929,2,SM,1,1,1,0.9,0.41,0.78,2.66,2.66,0.52,0.3,0.1,0.0,1,1,8,2,1,3,1,3,0,17,1
104,930,2,SM,1,1,1,1.11,0.48,0.78,2.66,3.55,0.32,0.6,0.3,0.0,1,1,8,2,1,3,1,3,0,17,1
104,931,2,SM,1,1,1,0.9,0.44,0.48,2.22,3.55,0.32,0.3,0.2,0.0,1,1,8,2,1,3,1,3,0,17,1
104,932,2,SM,1,1,1,1.11,0.44,0.6,2.0,2.66,0.52,0.6,0.2,0.0,1,1,8,2,1,3,1,3,0,17,1
104,933,2,SM,1,1,1,0.97,0.41,0.6,2.0,3.55,0.32,1.2,0.1,0.0,1,1,8,2,1,3,1,3,0,17,1
104,934,2,SM,1,1,1,0.9,0.48,0.48,2.66,3.55,0.4,1.2,0.1,0.0,1,1,8,2,1,3,1,3,0,17,1
104,935,2,SM,1,1,1,0.9,0.48,0.6,2.0,2.89,0.4,0.3,0.3,0.0,1,1,8,2,1,3,1,3,0,17,1
104,936,2,SM,1,1,1,1.11,0.41,0.48,2.22,2.89,0.4,0.6,0.1,0.0,1,1,8,2,1,3,1,3,0,17,1
105,937,2,SM,1,1,1,1.15,0.91,1.17,2.71,2.94,0.45,1.2,0.2,0.0,1,1,10,2,1,2,0,3,0,25,23
105,938,2,SM,1,1,1,1.31,0.93,1.17,2.71,3.62,0.36,0.6,0.3,0.0,1,1,10,2,1,2,0,3,0,25,23
105,939,2,SM,1,1,1,1.07,0.89,1.17,2.71,2.71,0.58,0.3,0.1,0.0,1,1,10,2,1,2,0,3,0,25,23
105,940,3,CAR,1,1,1,1.07,0.91,0.72,2.26,3.62,0.36,0.3,0.2,0.0,1,1,10,2,1,2,0,3,0,25,23
105,941,2,SM,1,1,1,1.31,0.91,0.9,2.03,2.71,0.58,0.6,0.2,0.0,1,1,10,2,1,2,0,3,0,25,23
105,942,3,CAR,1,1,1,1.07,0.93,0.72,2.71,3.62,0.45,1.2,0.1,0.0,1,1,10,2,1,2,0,3,0,25,23
105,943,2,SM,1,1,1,1.15,0.89,0.9,2.03,3.62,0.36,1.2,0.1,0.0,1,1,10,2,1,2,0,3,0,25,23
105,944,3,CAR,1,1,1,1.31,0.89,0.72,2.26,2.94,0.45,0.6,0.1,0.0,1,1,10,2,1,2,0,3,0,25,23
105,945,3,CAR,1,1,1,1.07,0.93,0.9,2.03,2.94,0.45,0.3,0.3,0.0,1,1,10,2,1,2,0,3,0,25,23
219,946,2,SM,1,1,0,2.29,1.0,0.0,0.77,0.88,0.0,1.2,0.2,0.0,2,0,1,1,0,2,0,2,0,1,25
219,947,2,SM,1,1,0,2.07,0.92,0.0,0.77,0.82,0.0,0.3,0.1,0.0,2,0,1,1,0,2,0,2,0,1,25
219,948,2,SM,1,1,0,2.73,1.1,0.0,0.77,1.02,0.0,0.6,0.3,0.0,2,0,1,1,0,2,0,2,0,1,25
219,949,2,SM,1,1,0,2.07,1.0,0.0,0.64,0.88,0.0,0.3,0.2,0.0,2,0,1,1,0,2,0,2,0,1,25
219,950,2,SM,1,1,0,2.73,1.0,0.0,0.58,0.66,0.0,0.6,0.2,0.0,2,0,1,1,0,2,0,2,0,1,25
219,951,2,SM,1,1,0,2.29,0.92,0.0,0.58,0.82,0.0,1.2,0.1,0.0,2,0,1,1,0,2,0,2,0,1,25
219,952,2,SM,1,1,0,2.07,1.1,0.0,0.77,1.02,0.0,1.2,0.1,0.0,2,0,1,1,0,2,0,2,0,1,25
219,953,2,SM,1,1,0,2.07,1.1,0.0,0.58,0.72,0.0,0.3,0.3,0.0,2,0,1,1,0,2,0,2,0,1,25
219,954,2,SM,1,1,0,2.73,0.92,0.0,0.64,0.78,0.0,0.6,0.1,0.0,2,0,1,1,0,2,0,2,0,1,25
220,955,2,SM,1,1,0,0.54,0.25,0.0,0.18,0.21,0.0,0.3,0.1,0.0,2,0,1,1,0,2,1,2,0,25,22
220,956,2,SM,1,1,0,0.54,0.21,0.0,0.16,0.24,0.0,0.3,0.2,0.0,2,0,1,1,0,2,1,2,0,25,22
220,957,2,SM,1,1,0,0.54,0.23,0.0,0.18,0.26,0.0,1.2,0.1,1.0,2,0,1,1,0,2,1,2,0,25,22
220,958,2,SM,1,1,0,0.44,0.21,0.0,0.16,0.24,0.0,0.6,0.3,1.0,2,0,1,1,0,2,1,2,0,25,22
220,959,2,SM,1,1,0,0.47,0.21,0.0,0.18,0.22,0.0,0.3,0.3,1.0,2,0,1,1,0,2,1,2,0,25,22
220,960,2,SM,1,1,0,0.47,0.21,0.0,0.22,0.25,0.0,0.6,0.2,0.0,2,0,1,1,0,2,1,2,0,25,22
220,961,2,SM,1,1,0,0.47,0.23,0.0,0.16,0.19,0.0,0.3,0.1,1.0,2,0,1,1,0,2,1,2,0,25,22
220,962,2,SM,1,1,0,0.47,0.23,0.0,0.18,0.26,0.0,0.6,0.3,0.0,2,0,1,1,0,2,1,2,0,25,22
220,963,2,SM,1,1,0,0.54,0.23,0.0,0.22,0.26,0.0,0.3,0.3,0.0,2,0,1,1,0,2,1,2,0,25,22
221,964,2,SM,1,1,1,1.03,0.31,0.7,0.3,0.34,0.2,1.2,0.3,1.0,2,0,1,1,0,4,0,2,0,2,22
221,965,2,SM,1,1,1,0.82,0.34,0.91,0.22,0.26,0.16,1.2,0.3,0.0,2,0,1,1,0,4,0,2,0,2,22
221,966,2,SM,1,1,1,1.03,0.38,0.56,0.22,0.28,0.16,1.2,0.2,1.0,2,0,1,1,0,4,0,2,0,2,22
221,967,2,SM,1,1,1,0.89,0.38,0.91,0.22,0.28,0.26,0.6,0.1,0.0,2,0,1,1,0,4,0,2,0,2,22
221,968,2,SM,1,1,1,0.89,0.38,0.56,0.25,0.29,0.26,1.2,0.3,0.0,2,0,1,1,0,4,0,2,0,2,22
221,969,2,SM,1,1,1,0.82,0.38,0.91,0.25,0.29,0.2,0.6,0.2,1.0,2,0,1,1,0,4,0,2,0,2,22
221,970,2,SM,1,1,1,0.82,0.34,0.7,0.3,0.38,0.16,0.6,0.1,1.0,2,0,1,1,0,4,0,2,0,2,22
221,971,2,SM,1,1,1,0.82,0.31,0.7,0.25,0.32,0.26,1.2,0.2,0.0,2,0,1,1,0,4,0,2,0,2,22
221,972,1,TRAIN,1,1,1,0.89,0.38,0.7,0.3,0.43,0.26,0.3,0.2,1.0,2,0,1,1,0,4,0,2,0,2,22
222,973,2,SM,1,1,0,2.27,1.0,0.0,0.79,0.91,0.0,1.2,0.2,0.0,2,0,1,1,0,1,1,1,0,25,1
222,974,2,SM,1,1,0,2.07,0.92,0.0,0.79,0.86,0.0,0.3,0.1,0.0,2,0,1,1,0,1,1,1,0,25,1
222,975,2,SM,1,1,0,2.68,1.1,0.0,0.79,1.05,0.0,0.6,0.3,0.0,2,0,1,1,0,1,1,1,0,25,1
222,976,1,TRAIN,1,1,0,2.07,1.0,0.0,0.66,0.91,0.0,0.3,0.2,0.0,2,0,1,1,0,1,1,1,0,25,1
222,977,2,SM,1,1,0,2.68,1.0,0.0,0.59,0.7,0.0,0.6,0.2,0.0,2,0,1,1,0,1,1,1,0,25,1
222,978,1,TRAIN,1,1,0,2.27,0.92,0.0,0.59,0.82,0.0,1.2,0.1,0.0,2,0,1,1,0,1,1,1,0,25,1
222,979,2,SM,1,1,0,2.07,1.1,0.0,0.79,1.05,0.0,1.2,0.1,0.0,2,0,1,1,0,1,1,1,0,25,1
222,980,2,SM,1,1,0,2.07,1.1,0.0,0.59,0.72,0.0,0.3,0.3,0.0,2,0,1,1,0,1,1,1,0,25,1
222,981,2,SM,1,1,0,2.68,0.92,0.0,0.66,0.78,0.0,0.6,0.1,0.0,2,0,1,1,0,1,1,1,0,25,1
223,982,1,TRAIN,1,1,0,2.8,1.34,0.0,0.57,0.64,0.0,0.3,0.1,0.0,2,0,1,1,0,3,0,1,0,1,22
223,983,2,SM,1,1,0,2.8,1.26,0.0,0.57,0.78,0.0,1.2,0.1,1.0,2,0,1,1,0,3,0,1,0,1,22
223,984,1,TRAIN,1,1,0,2.8,1.2,0.0,0.51,0.72,0.0,0.3,0.2,0.0,2,0,1,1,0,3,0,1,0,1,22
223,985,1,TRAIN,1,1,0,2.11,1.2,0.0,0.51,0.72,0.0,0.6,0.3,1.0,2,0,1,1,0,3,0,1,0,1,22
223,986,1,TRAIN,1,1,0,2.34,1.2,0.0,0.57,0.66,0.0,0.3,0.3,1.0,2,0,1,1,0,3,0,1,0,1,22
223,987,2,SM,1,1,0,2.34,1.26,0.0,0.51,0.58,0.0,0.3,0.1,1.0,2,0,1,1,0,3,0,1,0,1,22
223,988,2,SM,1,1,0,2.34,1.2,0.0,0.68,0.72,0.0,0.6,0.2,0.0,2,0,1,1,0,3,0,1,0,1,22
223,989,2,SM,1,1,0,2.8,1.26,0.0,0.68,0.78,0.0,0.3,0.3,0.0,2,0,1,1,0,3,0,1,0,1,22
223,990,2,SM,1,1,0,2.34,1.26,0.0,0.57,0.78,0.0,0.6,0.3,0.0,2,0,1,1,0,3,0,1,0,1,22
224,991,2,SM,1,1,1,0.75,0.51,1.04,0.35,0.4,0.35,1.2,0.2,0.0,2,0,1,1,0,3,1,2,0,10,25
224,992,2,SM,1,1,1,0.88,0.53,1.04,0.35,0.43,0.28,0.6,0.3,0.0,2,0,1,1,0,3,1,2,0,10,25
224,993,2,SM,1,1,1,0.68,0.49,1.04,0.35,0.38,0.45,0.3,0.1,0.0,2,0,1,1,0,3,1,2,0,10,25
224,994,2,SM,1,1,1,0.68,0.51,0.64,0.29,0.38,0.28,0.3,0.2,0.0,2,0,1,1,0,3,1,2,0,10,25
224,995,2,SM,1,1,1,0.88,0.51,0.8,0.26,0.29,0.45,0.6,0.2,0.0,2,0,1,1,0,3,1,2,0,10,25
224,996,2,SM,1,1,1,0.68,0.53,0.64,0.35,0.43,0.35,1.2,0.1,0.0,2,0,1,1,0,3,1,2,0,10,25
224,997,2,SM,1,1,1,0.75,0.49,0.8,0.26,0.34,0.28,1.2,0.1,0.0,2,0,1,1,0,3,1,2,0,10,25
224,998,2,SM,1,1,1,0.88,0.49,0.64,0.29,0.32,0.35,0.6,0.1,0.0,2,0,1,1,0,3,1,2,0,10,25
224,999,2,SM,1,1,1,0.68,0.53,0.8,0.26,0.31,0.35,0.3,0.3,0.0,2,0,1,1,0,3,1,2,0,10,25
225,1000,1,TRAIN,1,1,0,2.94,1.98,0.0,0.38,0.42,0.0,0.3,0.1,0.0,2,0,1,1,0,2,0,2,0,2,1
225,1001,2,SM,1,1,0,2.94,1.94,0.0,0.38,0.5,0.0,1.2,0.1,1.0,2,0,1,1,0,2,0,2,0,2,1
225,1002,1,TRAIN,1,1,0,2.94,1.91,0.0,0.34,0.48,0.0,0.3,0.2,0.0,2,0,1,1,0,2,0,2,0,2,1
225,1003,1,TRAIN,1,1,0,2.27,1.91,0.0,0.34,0.48,0.0,0.6,0.3,1.0,2,0,1,1,0,2,0,2,0,2,1
225,1004,1,TRAIN,1,1,0,2.49,1.91,0.0,0.38,0.45,0.0,0.3,0.3,1.0,2,0,1,1,0,2,0,2,0,2,1
225,1005,1,TRAIN,1,1,0,2.49,1.94,0.0,0.34,0.4,0.0,0.3,0.1,1.0,2,0,1,1,0,2,0,2,0,2,1
225,1006,1,TRAIN,1,1,0,2.49,1.91,0.0,0.46,0.48,0.0,0.6,0.2,0.0,2,0,1,1,0,2,0,2,0,2,1
225,1007,1,TRAIN,1,1,0,2.94,1.94,0.0,0.46,0.5,0.0,0.3,0.3,0.0,2,0,1,1,0,2,0,2,0,2,1
225,1008,1,TRAIN,1,1,0,2.49,1.94,0.0,0.38,0.5,0.0,0.6,0.3,0.0,2,0,1,1,0,2,0,2,0,2,1
226,1009,2,SM,1,1,0,1.28,0.73,0.0,0.42,0.46,0.0,1.2,0.2,0.0,2,0,1,1,1,1,0,1,0,2,22
226,1010,2,SM,1,1,0,1.16,0.7,0.0,0.42,0.45,0.0,0.3,0.1,0.0,2,0,1,1,1,1,0,1,0,2,22
226,1011,2,SM,1,1,0,1.53,0.77,0.0,0.42,0.5,0.0,0.6,0.3,0.0,2,0,1,1,1,1,0,1,0,2,22
226,1012,1,TRAIN,1,1,0,1.16,0.73,0.0,0.35,0.45,0.0,0.3,0.2,0.0,2,0,1,1,1,1,0,1,0,2,22
226,1013,2,SM,1,1,0,1.53,0.73,0.0,0.31,0.35,0.0,0.6,0.2,0.0,2,0,1,1,1,1,0,1,0,2,22
226,1014,2,SM,1,1,0,1.28,0.7,0.0,0.31,0.42,0.0,1.2,0.1,0.0,2,0,1,1,1,1,0,1,0,2,22
226,1015,1,TRAIN,1,1,0,1.16,0.77,0.0,0.42,0.5,0.0,1.2,0.1,0.0,2,0,1,1,1,1,0,1,0,2,22
226,1016,2,SM,1,1,0,1.16,0.77,0.0,0.31,0.38,0.0,0.3,0.3,0.0,2,0,1,1,1,1,0,1,0,2,22
226,1017,2,SM,1,1,0,1.53,0.7,0.0,0.35,0.42,0.0,0.6,0.1,0.0,2,0,1,1,1,1,0,1,0,2,22
227,1018,2,SM,1,1,0,1.31,0.63,0.0,0.26,0.29,0.0,0.3,0.1,0.0,2,0,1,1,1,1,1,1,0,1,17
227,1019,2,SM,1,1,0,1.31,0.56,0.0,0.23,0.34,0.0,0.3,0.2,0.0,2,0,1,1,1,1,1,1,0,1,17
227,1020,2,SM,1,1,0,1.31,0.59,0.0,0.26,0.38,0.0,1.2,0.1,1.0,2,0,1,1,1,1,1,1,0,1,17
227,1021,2,SM,1,1,0,1.02,0.56,0.0,0.23,0.34,0.0,0.6,0.3,1.0,2,0,1,1,1,1,1,1,0,1,17
227,1022,2,SM,1,1,0,1.12,0.56,0.0,0.26,0.32,0.0,0.3,0.3,1.0,2,0,1,1,1,1,1,1,0,1,17
227,1023,2,SM,1,1,0,1.12,0.56,0.0,0.31,0.35,0.0,0.6,0.2,0.0,2,0,1,1,1,1,1,1,0,1,17
227,1024,2,SM,1,1,0,1.12,0.59,0.0,0.23,0.26,0.0,0.3,0.1,1.0,2,0,1,1,1,1,1,1,0,1,17
227,1025,2,SM,1,1,0,1.12,0.59,0.0,0.26,0.38,0.0,0.6,0.3,0.0,2,0,1,1,1,1,1,1,0,1,17
227,1026,1,TRAIN,1,1,0,1.31,0.59,0.0,0.31,0.38,0.0,0.3,0.3,0.0,2,0,1,1,1,1,1,1,0,1,17
228,1027,2,SM,1,1,0,1.07,0.42,0.0,0.38,0.43,0.0,0.3,0.1,0.0,2,0,1,1,1,1,1,1,0,2,1
228,1028,1,TRAIN,1,1,0,1.07,0.35,0.0,0.34,0.48,0.0,0.3,0.2,0.0,2,0,1,1,1,1,1,1,0,2,1
228,1029,1,TRAIN,1,1,0,1.07,0.38,0.0,0.38,0.52,0.0,1.2,0.1,1.0,2,0,1,1,1,1,1,1,0,2,1
228,1030,1,TRAIN,1,1,0,0.86,0.35,0.0,0.34,0.48,0.0,0.6,0.3,1.0,2,0,1,1,1,1,1,1,0,2,1
228,1031,2,SM,1,1,0,0.93,0.35,0.0,0.38,0.45,0.0,0.3,0.3,1.0,2,0,1,1,1,1,1,1,0,2,1
228,1032,2,SM,1,1,0,0.93,0.35,0.0,0.46,0.48,0.0,0.6,0.2,0.0,2,0,1,1,1,1,1,1,0,2,1
228,1033,2,SM,1,1,0,0.93,0.38,0.0,0.34,0.4,0.0,0.3,0.1,1.0,2,0,1,1,1,1,1,1,0,2,1
228,1034,1,TRAIN,1,1,0,0.93,0.38,0.0,0.38,0.52,0.0,0.6,0.3,0.0,2,0,1,1,1,1,1,1,0,2,1
228,1035,2,SM,1,1,0,1.07,0.38,0.0,0.46,0.5,0.0,0.3,0.3,0.0,2,0,1,1,1,1,1,1,0,2,1
229,1036,2,SM,1,1,0,1.54,0.78,0.0,0.58,0.62,0.0,1.2,0.2,0.0,2,0,1,1,1,1,1,1,0,25,2
229,1037,2,SM,1,1,0,1.4,0.73,0.0,0.58,0.58,0.0,0.3,0.1,0.0,2,0,1,1,1,1,1,1,0,25,2
229,1038,2,SM,1,1,0,1.83,0.84,0.0,0.58,0.7,0.0,0.6,0.3,0.0,2,0,1,1,1,1,1,1,0,25,2
229,1039,1,TRAIN,1,1,0,1.4,0.78,0.0,0.48,0.62,0.0,0.3,0.2,0.0,2,0,1,1,1,1,1,1,0,25,2
229,1040,2,SM,1,1,0,1.83,0.78,0.0,0.43,0.49,0.0,0.6,0.2,0.0,2,0,1,1,1,1,1,1,0,25,2
229,1041,2,SM,1,1,0,1.54,0.73,0.0,0.43,0.57,0.0,1.2,0.1,0.0,2,0,1,1,1,1,1,1,0,25,2
229,1042,2,SM,1,1,0,1.4,0.84,0.0,0.58,0.7,0.0,1.2,0.1,0.0,2,0,1,1,1,1,1,1,0,25,2
229,1043,2,SM,1,1,0,1.4,0.84,0.0,0.43,0.5,0.0,0.3,0.3,0.0,2,0,1,1,1,1,1,1,0,25,2
229,1044,2,SM,1,1,0,1.83,0.73,0.0,0.48,0.54,0.0,0.6,0.1,0.0,2,0,1,1,1,1,1,1,0,25,2
230,1045,2,SM,1,1,0,0.89,0.4,0.0,0.26,0.32,0.0,1.2,0.2,0.0,2,0,1,1,1,2,0,1,0,17,1
230,1046,1,TRAIN,1,1,0,0.83,0.38,0.0,0.26,0.31,0.0,0.3,0.1,0.0,2,0,1,1,1,2,0,1,0,17,1
230,1047,2,SM,1,1,0,1.01,0.43,0.0,0.26,0.38,0.0,0.6,0.3,0.0,2,0,1,1,1,2,0,1,0,17,1
230,1048,1,TRAIN,1,1,0,0.83,0.4,0.0,0.22,0.32,0.0,0.3,0.2,0.0,2,0,1,1,1,2,0,1,0,17,1
230,1049,2,SM,1,1,0,1.01,0.4,0.0,0.2,0.22,0.0,0.6,0.2,0.0,2,0,1,1,1,2,0,1,0,17,1
230,1050,2,SM,1,1,0,0.89,0.38,0.0,0.2,0.29,0.0,1.2,0.1,0.0,2,0,1,1,1,2,0,1,0,17,1
230,1051,2,SM,1,1,0,0.83,0.43,0.0,0.26,0.38,0.0,1.2,0.1,0.0,2,0,1,1,1,2,0,1,0,17,1
230,1052,2,SM,1,1,0,0.83,0.43,0.0,0.2,0.25,0.0,0.3,0.3,0.0,2,0,1,1,1,2,0,1,0,17,1
230,1053,2,SM,1,1,0,1.01,0.38,0.0,0.22,0.26,0.0,0.6,0.1,0.0,2,0,1,1,1,2,0,1,0,17,1
231,1054,2,SM,1,1,1,1.43,0.52,1.1,0.4,0.45,0.52,0.3,0.1,0.0,2,0,1,1,1,2,0,1,0,25,2
231,1055,1,TRAIN,1,1,1,1.43,0.46,1.43,0.4,0.53,0.84,1.2,0.1,1.0,2,0,1,1,1,2,0,1,0,25,2
231,1056,1,TRAIN,1,1,1,1.43,0.41,1.43,0.36,0.5,0.65,0.3,0.2,0.0,2,0,1,1,1,2,0,1,0,25,2
231,1057,1,TRAIN,1,1,1,1.11,0.41,0.88,0.36,0.5,0.84,0.6,0.3,1.0,2,0,1,1,1,2,0,1,0,25,2
231,1058,2,SM,1,1,1,1.22,0.41,1.43,0.4,0.46,0.52,0.3,0.3,1.0,2,0,1,1,1,2,0,1,0,25,2
231,1059,2,SM,1,1,1,1.22,0.46,0.88,0.36,0.42,0.65,0.3,0.1,1.0,2,0,1,1,1,2,0,1,0,25,2
231,1060,2,SM,1,1,1,1.22,0.41,0.88,0.48,0.5,0.52,0.6,0.2,0.0,2,0,1,1,1,2,0,1,0,25,2
231,1061,2,SM,1,1,1,1.43,0.46,0.88,0.48,0.53,0.84,0.3,0.3,0.0,2,0,1,1,1,2,0,1,0,25,2
231,1062,1,TRAIN,1,1,1,1.22,0.46,1.1,0.4,0.53,0.65,0.6,0.3,0.0,2,0,1,1,1,2,0,1,0,25,2
232,1063,2,SM,1,1,0,0.7,0.39,0.0,0.24,0.26,0.0,0.3,0.1,0.0,2,0,1,1,1,2,1,1,0,22,25
232,1064,2,SM,1,1,0,0.7,0.35,0.0,0.22,0.29,0.0,0.3,0.2,0.0,2,0,1,1,1,2,1,1,0,22,25
232,1065,2,SM,1,1,0,0.7,0.37,0.0,0.24,0.32,0.0,1.2,0.1,1.0,2,0,1,1,1,2,1,1,0,22,25
232,1066,2,SM,1,1,0,0.56,0.35,0.0,0.22,0.29,0.0,0.6,0.3,1.0,2,0,1,1,1,2,1,1,0,22,25
232,1067,2,SM,1,1,0,0.61,0.35,0.0,0.24,0.28,0.0,0.3,0.3,1.0,2,0,1,1,1,2,1,1,0,22,25
232,1068,2,SM,1,1,0,0.61,0.35,0.0,0.29,0.32,0.0,0.6,0.2,0.0,2,0,1,1,1,2,1,1,0,22,25
232,1069,2,SM,1,1,0,0.61,0.37,0.0,0.22,0.25,0.0,0.3,0.1,1.0,2,0,1,1,1,2,1,1,0,22,25
232,1070,2,SM,1,1,0,0.61,0.37,0.0,0.24,0.32,0.0,0.6,0.3,0.0,2,0,1,1,1,2,1,1,0,22,25
232,1071,2,SM,1,1,0,0.7,0.37,0.0,0.29,0.34,0.0,0.3,0.3,0.0,2,0,1,1,1,2,1,1,0,22,25
233,1072,2,SM,1,1,0,0.71,0.38,0.0,0.19,0.22,0.0,1.2,0.3,1.0,2,0,1,1,1,2,1,1,0,25,22
233,1073,2,SM,1,1,0,0.71,0.42,0.0,0.14,0.19,0.0,1.2,0.2,1.0,2,0,1,1,1,2,1,1,0,25,22
233,1074,2,SM,1,1,0,0.61,0.4,0.0,0.14,0.18,0.0,1.2,0.3,0.0,2,0,1,1,1,2,1,1,0,25,22
233,1075,2,SM,1,1,0,0.64,0.42,0.0,0.14,0.19,0.0,0.6,0.1,0.0,2,0,1,1,1,2,1,1,0,25,22
233,1076,2,SM,1,1,0,0.64,0.42,0.0,0.16,0.2,0.0,1.2,0.3,0.0,2,0,1,1,1,2,1,1,0,25,22
233,1077,2,SM,1,1,0,0.61,0.42,0.0,0.16,0.2,0.0,0.6,0.2,1.0,2,0,1,1,1,2,1,1,0,25,22
233,1078,2,SM,1,1,0,0.61,0.4,0.0,0.19,0.25,0.0,0.6,0.1,1.0,2,0,1,1,1,2,1,1,0,25,22
233,1079,2,SM,1,1,0,0.64,0.42,0.0,0.19,0.31,0.0,0.3,0.2,1.0,2,0,1,1,1,2,1,1,0,25,22
233,1080,2,SM,1,1,0,0.61,0.38,0.0,0.16,0.21,0.0,1.2,0.2,0.0,2,0,1,1,1,2,1,1,0,25,22
234,1081,2,SM,1,1,0,1.3,0.63,0.0,0.22,0.26,0.0,0.3,0.1,0.0,2,0,1,1,1,2,1,2,0,1,17
234,1082,2,SM,1,1,0,1.3,0.59,0.0,0.22,0.35,0.0,1.2,0.1,1.0,2,0,1,1,1,2,1,2,0,1,17
234,1083,2,SM,1,1,0,1.3,0.56,0.0,0.2,0.32,0.0,0.3,0.2,0.0,2,0,1,1,1,2,1,2,0,1,17
234,1084,2,SM,1,1,0,1.03,0.56,0.0,0.2,0.32,0.0,0.6,0.3,1.0,2,0,1,1,1,2,1,2,0,1,17
234,1085,2,SM,1,1,0,1.12,0.56,0.0,0.22,0.29,0.0,0.3,0.3,1.0,2,0,1,1,1,2,1,2,0,1,17
234,1086,2,SM,1,1,0,1.12,0.59,0.0,0.2,0.25,0.0,0.3,0.1,1.0,2,0,1,1,1,2,1,2,0,1,17
234,1087,2,SM,1,1,0,1.12,0.56,0.0,0.26,0.32,0.0,0.6,0.2,0.0,2,0,1,1,1,2,1,2,0,1,17
234,1088,2,SM,1,1,0,1.3,0.59,0.0,0.26,0.35,0.0,0.3,0.3,0.0,2,0,1,1,1,2,1,2,0,1,17
234,1089,2,SM,1,1,0,1.12,0.59,0.0,0.22,0.35,0.0,0.6,0.3,0.0,2,0,1,1,1,2,1,2,0,1,17
235,1090,2,SM,1,1,1,2.54,1.8,2.21,0.67,0.78,1.0,1.2,0.2,0.0,2,0,1,1,1,2,1,2,0,20,10
235,1091,2,SM,1,1,1,2.34,1.74,2.21,0.67,0.74,1.3,0.3,0.1,0.0,2,0,1,1,1,2,1,2,0,20,10
235,1092,2,SM,1,1,1,2.94,1.88,2.21,0.67,0.88,0.8,0.6,0.3,0.0,2,0,1,1,1,2,1,2,0,20,10
235,1093,2,SM,1,1,1,2.34,1.8,1.36,0.56,0.78,0.8,0.3,0.2,0.0,2,0,1,1,1,2,1,2,0,20,10
235,1094,2,SM,1,1,1,2.94,1.8,1.7,0.5,0.62,1.3,0.6,0.2,0.0,2,0,1,1,1,2,1,2,0,20,10
235,1095,2,SM,1,1,1,2.54,1.74,1.7,0.5,0.72,0.8,1.2,0.1,0.0,2,0,1,1,1,2,1,2,0,20,10
235,1096,2,SM,1,1,1,2.34,1.88,1.36,0.67,0.88,1.0,1.2,0.1,0.0,2,0,1,1,1,2,1,2,0,20,10
235,1097,2,SM,1,1,1,2.34,1.88,1.7,0.5,0.64,1.0,0.3,0.3,0.0,2,0,1,1,1,2,1,2,0,20,10
235,1098,2,SM,1,1,1,2.94,1.74,1.36,0.56,0.7,1.0,0.6,0.1,0.0,2,0,1,1,1,2,1,2,0,20,10
236,1099,2,SM,1,1,0,1.51,0.71,0.0,0.35,0.4,0.0,1.2,0.3,1.0,2,0,1,1,1,3,0,1,0,20,1
236,1100,2,SM,1,1,0,1.15,0.74,0.0,0.26,0.31,0.0,1.2,0.3,0.0,2,0,1,1,1,3,0,1,0,20,1
236,1101,2,SM,1,1,0,1.51,0.78,0.0,0.26,0.32,0.0,1.2,0.2,1.0,2,0,1,1,1,3,0,1,0,20,1
236,1102,2,SM,1,1,0,1.27,0.78,0.0,0.26,0.32,0.0,0.6,0.1,0.0,2,0,1,1,1,3,0,1,0,20,1
236,1103,2,SM,1,1,0,1.27,0.78,0.0,0.29,0.34,0.0,1.2,0.3,0.0,2,0,1,1,1,3,0,1,0,20,1
236,1104,2,SM,1,1,0,1.15,0.78,0.0,0.29,0.34,0.0,0.6,0.2,1.0,2,0,1,1,1,3,0,1,0,20,1
236,1105,2,SM,1,1,0,1.15,0.74,0.0,0.35,0.42,0.0,0.6,0.1,1.0,2,0,1,1,1,3,0,1,0,20,1
236,1106,2,SM,1,1,0,1.15,0.71,0.0,0.29,0.35,0.0,1.2,0.2,0.0,2,0,1,1,1,3,0,1,0,20,1
236,1107,2,SM,1,1,0,1.27,0.78,0.0,0.35,0.46,0.0,0.3,0.2,1.0,2,0,1,1,1,3,0,1,0,20,1
237,1108,2,SM,1,1,1,2.47,0.95,1.6,0.65,0.7,1.0,1.2,0.3,1.0,2,0,1,1,1,3,1,1,0,22,1
237,1109,2,SM,1,1,1,1.9,1.01,2.08,0.49,0.57,0.8,1.2,0.3,0.0,2,0,1,1,1,3,1,1,0,22,1
237,1110,2,SM,1,1,1,2.47,1.09,1.28,0.49,0.62,0.8,1.2,0.2,1.0,2,0,1,1,1,3,1,1,0,22,1
237,1111,1,TRAIN,1,1,1,2.09,1.09,2.08,0.49,0.62,1.3,0.6,0.1,0.0,2,0,1,1,1,3,1,1,0,22,1
237,1112,2,SM,1,1,1,2.09,1.09,1.28,0.54,0.62,1.3,1.2,0.3,0.0,2,0,1,1,1,3,1,1,0,22,1
237,1113,2,SM,1,1,1,1.9,1.09,2.08,0.54,0.62,1.0,0.6,0.2,1.0,2,0,1,1,1,3,1,1,0,22,1
237,1114,1,TRAIN,1,1,1,1.9,1.01,1.6,0.65,0.74,0.8,0.6,0.1,1.0,2,0,1,1,1,3,1,1,0,22,1
237,1115,2,SM,1,1,1,1.9,0.95,1.6,0.54,0.64,1.3,1.2,0.2,0.0,2,0,1,1,1,3,1,1,0,22,1
237,1116,1,TRAIN,1,1,1,2.09,1.09,1.6,0.65,0.86,1.3,0.3,0.2,1.0,2,0,1,1,1,3,1,1,0,22,1
238,1117,1,TRAIN,1,1,1,2.13,0.7,1.9,0.68,0.72,0.95,1.2,0.3,1.0,2,0,1,1,1,3,1,2,0,22,1
238,1118,1,TRAIN,1,1,1,1.7,0.76,2.47,0.51,0.58,0.76,1.2,0.3,0.0,2,0,1,1,1,3,1,2,0,22,1
238,1119,1,TRAIN,1,1,1,2.13,0.84,1.52,0.51,0.62,0.76,1.2,0.2,1.0,2,0,1,1,1,3,1,2,0,22,1
238,1120,1,TRAIN,1,1,1,1.84,0.84,2.47,0.51,0.62,1.23,0.6,0.1,0.0,2,0,1,1,1,3,1,2,0,22,1
238,1121,2,SM,1,1,1,1.84,0.84,1.52,0.57,0.64,1.23,1.2,0.3,0.0,2,0,1,1,1,3,1,2,0,22,1
238,1122,3,CAR,1,1,1,1.7,0.84,2.47,0.57,0.64,0.95,0.6,0.2,1.0,2,0,1,1,1,3,1,2,0,22,1
238,1123,2,SM,1,1,1,1.7,0.76,1.9,0.68,0.78,0.76,0.6,0.1,1.0,2,0,1,1,1,3,1,2,0,22,1
238,1124,2,SM,1,1,1,1.7,0.7,1.9,0.57,0.66,1.23,1.2,0.2,0.0,2,0,1,1,1,3,1,2,0,22,1
238,1125,1,TRAIN,1,1,1,1.84,0.84,1.9,0.68,0.88,1.23,0.3,0.2,1.0,2,0,1,1,1,3,1,2,0,22,1
239,1126,2,SM,1,1,0,1.29,1.05,0.0,0.31,0.38,0.0,1.2,0.2,0.0,2,0,1,1,1,4,0,2,0,22,25
239,1127,2,SM,1,1,0,1.48,1.07,0.0,0.31,0.42,0.0,0.6,0.3,0.0,2,0,1,1,1,4,0,2,0,22,25
239,1128,2,SM,1,1,0,1.2,1.03,0.0,0.31,0.36,0.0,0.3,0.1,0.0,2,0,1,1,1,4,0,2,0,22,25
239,1129,2,SM,1,1,0,1.2,1.05,0.0,0.26,0.36,0.0,0.3,0.2,0.0,2,0,1,1,1,4,0,2,0,22,25
239,1130,2,SM,1,1,0,1.48,1.05,0.0,0.23,0.26,0.0,0.6,0.2,0.0,2,0,1,1,1,4,0,2,0,22,25
239,1131,2,SM,1,1,0,1.2,1.07,0.0,0.31,0.42,0.0,1.2,0.1,0.0,2,0,1,1,1,4,0,2,0,22,25
239,1132,2,SM,1,1,0,1.29,1.03,0.0,0.23,0.32,0.0,1.2,0.1,0.0,2,0,1,1,1,4,0,2,0,22,25
239,1133,2,SM,1,1,0,1.48,1.03,0.0,0.26,0.32,0.0,0.6,0.1,0.0,2,0,1,1,1,4,0,2,0,22,25
239,1134,2,SM,1,1,0,1.2,1.07,0.0,0.23,0.29,0.0,0.3,0.3,0.0,2,0,1,1,1,4,0,2,0,22,25
240,1135,1,TRAIN,1,1,1,0.81,0.52,0.5,0.18,0.2,0.2,0.3,0.1,0.0,2,0,1,1,1,4,0,2,0,22,25
240,1136,1,TRAIN,1,1,1,0.81,0.48,0.65,0.16,0.24,0.25,0.3,0.2,0.0,2,0,1,1,1,4,0,2,0,22,25
240,1137,1,TRAIN,1,1,1,0.81,0.5,0.65,0.18,0.26,0.32,1.2,0.1,1.0,2,0,1,1,1,4,0,2,0,22,25
240,1138,1,TRAIN,1,1,1,0.71,0.48,0.4,0.16,0.24,0.32,0.6,0.3,1.0,2,0,1,1,1,4,0,2,0,22,25
240,1139,2,SM,1,1,1,0.74,0.48,0.65,0.18,0.22,0.2,0.3,0.3,1.0,2,0,1,1,1,4,0,2,0,22,25
240,1140,2,SM,1,1,1,0.74,0.5,0.4,0.16,0.18,0.25,0.3,0.1,1.0,2,0,1,1,1,4,0,2,0,22,25
240,1141,2,SM,1,1,1,0.74,0.48,0.4,0.22,0.24,0.2,0.6,0.2,0.0,2,0,1,1,1,4,0,2,0,22,25
240,1142,1,TRAIN,1,1,1,0.74,0.5,0.5,0.18,0.26,0.25,0.6,0.3,0.0,2,0,1,1,1,4,0,2,0,22,25
240,1143,2,SM,1,1,1,0.81,0.5,0.4,0.22,0.26,0.32,0.3,0.3,0.0,2,0,1,1,1,4,0,2,0,22,25
241,1144,1,TRAIN,1,1,1,2.66,0.93,1.9,0.74,0.78,1.3,1.2,0.3,1.0,2,0,1,1,1,4,0,2,0,25,1
241,1145,1,TRAIN,1,1,1,2.12,1.01,2.47,0.56,0.64,1.04,1.2,0.3,0.0,2,0,1,1,1,4,0,2,0,25,1
241,1146,1,TRAIN,1,1,1,2.66,1.11,1.52,0.56,0.66,1.04,1.2,0.2,1.0,2,0,1,1,1,4,0,2,0,25,1
241,1147,1,TRAIN,1,1,1,2.3,1.11,2.47,0.56,0.66,1.69,0.6,0.1,0.0,2,0,1,1,1,4,0,2,0,25,1
241,1148,1,TRAIN,1,1,1,2.3,1.11,1.52,0.62,0.7,1.69,1.2,0.3,0.0,2,0,1,1,1,4,0,2,0,25,1
241,1149,1,TRAIN,1,1,1,2.12,1.11,2.47,0.62,0.7,1.3,0.6,0.2,1.0,2,0,1,1,1,4,0,2,0,25,1
241,1150,1,TRAIN,1,1,1,2.12,1.01,1.9,0.74,0.82,1.04,0.6,0.1,1.0,2,0,1,1,1,4,0,2,0,25,1
241,1151,1,TRAIN,1,1,1,2.12,0.93,1.9,0.62,0.72,1.69,1.2,0.2,0.0,2,0,1,1,1,4,0,2,0,25,1
241,1152,1,TRAIN,1,1,1,2.3,1.11,1.9,0.74,0.99,1.69,0.3,0.2,1.0,2,0,1,1,1,4,0,2,0,25,1
242,1153,1,TRAIN,1,1,1,0.78,0.45,0.6,0.25,0.28,0.32,0.3,0.1,0.0,2,0,1,1,1,4,0,2,0,25,22
242,1154,1,TRAIN,1,1,1,0.78,0.41,0.78,0.22,0.31,0.4,0.3,0.2,0.0,2,0,1,1,1,4,0,2,0,25,22
242,1155,1,TRAIN,1,1,1,0.78,0.43,0.78,0.25,0.34,0.52,1.2,0.1,1.0,2,0,1,1,1,4,0,2,0,25,22
242,1156,1,TRAIN,1,1,1,0.61,0.41,0.48,0.22,0.31,0.52,0.6,0.3,1.0,2,0,1,1,1,4,0,2,0,25,22
242,1157,1,TRAIN,1,1,1,0.67,0.41,0.78,0.25,0.29,0.32,0.3,0.3,1.0,2,0,1,1,1,4,0,2,0,25,22
242,1158,1,TRAIN,1,1,1,0.67,0.43,0.48,0.22,0.25,0.4,0.3,0.1,1.0,2,0,1,1,1,4,0,2,0,25,22
242,1159,1,TRAIN,1,1,1,0.67,0.41,0.48,0.3,0.32,0.32,0.6,0.2,0.0,2,0,1,1,1,4,0,2,0,25,22
242,1160,1,TRAIN,1,1,1,0.67,0.43,0.6,0.25,0.34,0.4,0.6,0.3,0.0,2,0,1,1,1,4,0,2,0,25,22
242,1161,1,TRAIN,1,1,1,0.78,0.43,0.48,0.3,0.35,0.52,0.3,0.3,0.0,2,0,1,1,1,4,0,2,0,25,22
243,1162,2,SM,1,1,0,1.33,0.68,0.0,0.48,0.52,0.0,0.3,0.1,0.0,2,0,1,1,1,4,0,4,0,1,2
243,1163,2,SM,1,1,0,1.33,0.64,0.0,0.48,0.58,0.0,1.2,0.1,1.0,2,0,1,1,1,4,0,4,0,1,2
243,1164,2,SM,1,1,0,1.33,0.61,0.0,0.43,0.54,0.0,0.3,0.2,0.0,2,0,1,1,1,4,0,4,0,1,2
243,1165,1,TRAIN,1,1,0,1.12,0.61,0.0,0.43,0.54,0.0,0.6,0.3,1.0,2,0,1,1,1,4,0,4,0,1,2
243,1166,1,TRAIN,1,1,0,1.19,0.61,0.0,0.48,0.53,0.0,0.3,0.3,1.0,2,0,1,1,1,4,0,4,0,1,2
243,1167,1,TRAIN,1,1,0,1.19,0.64,0.0,0.43,0.48,0.0,0.3,0.1,1.0,2,0,1,1,1,4,0,4,0,1,2
243,1168,1,TRAIN,1,1,0,1.19,0.61,0.0,0.58,0.57,0.0,0.6,0.2,0.0,2,0,1,1,1,4,0,4,0,1,2
243,1169,1,TRAIN,1,1,0,1.33,0.64,0.0,0.58,0.62,0.0,0.3,0.3,0.0,2,0,1,1,1,4,0,4,0,1,2
243,1170,1,TRAIN,1,1,0,1.19,0.64,0.0,0.48,0.58,0.0,0.6,0.3,0.0,2,0,1,1,1,4,0,4,0,1,2
244,1171,1,TRAIN,1,1,0,1.25,0.95,0.0,0.38,0.42,0.0,1.2,0.3,1.0,2,0,1,1,1,5,0,1,0,10,25
244,1172,2,SM,1,1,0,1.25,0.99,0.0,0.29,0.32,0.0,1.2,0.2,1.0,2,0,1,1,1,5,0,1,0,10,25
244,1173,1,TRAIN,1,1,0,1.0,0.97,0.0,0.29,0.32,0.0,1.2,0.3,0.0,2,0,1,1,1,5,0,1,0,10,25
244,1174,1,TRAIN,1,1,0,1.08,0.99,0.0,0.29,0.32,0.0,0.6,0.1,0.0,2,0,1,1,1,5,0,1,0,10,25
244,1175,1,TRAIN,1,1,0,1.08,0.99,0.0,0.32,0.35,0.0,1.2,0.3,0.0,2,0,1,1,1,5,0,1,0,10,25
244,1176,1,TRAIN,1,1,0,1.0,0.99,0.0,0.32,0.35,0.0,0.6,0.2,1.0,2,0,1,1,1,5,0,1,0,10,25
244,1177,1,TRAIN,1,1,0,1.0,0.97,0.0,0.38,0.42,0.0,0.6,0.1,1.0,2,0,1,1,1,5,0,1,0,10,25
244,1178,1,TRAIN,1,1,0,1.08,0.99,0.0,0.38,0.46,0.0,0.3,0.2,1.0,2,0,1,1,1,5,0,1,0,10,25
244,1179,1,TRAIN,1,1,0,1.0,0.95,0.0,0.32,0.36,0.0,1.2,0.2,0.0,2,0,1,1,1,5,0,1,0,10,25
245,1180,3,CAR,1,1,1,1.61,0.7,0.75,0.4,0.45,0.56,0.3,0.1,0.0,2,0,1,1,1,5,0,1,0,25,2
245,1181,2,SM,1,1,1,1.61,0.64,0.97,0.4,0.53,0.91,1.2,0.1,1.0,2,0,1,1,1,5,0,1,0,25,2
245,1182,2,SM,1,1,1,1.61,0.59,0.97,0.36,0.5,0.7,0.3,0.2,0.0,2,0,1,1,1,5,0,1,0,25,2
245,1183,2,SM,1,1,1,1.29,0.59,0.6,0.36,0.5,0.91,0.6,0.3,1.0,2,0,1,1,1,5,0,1,0,25,2
245,1184,2,SM,1,1,1,1.4,0.59,0.97,0.4,0.46,0.56,0.3,0.3,1.0,2,0,1,1,1,5,0,1,0,25,2
245,1185,2,SM,1,1,1,1.4,0.64,0.6,0.36,0.42,0.7,0.3,0.1,1.0,2,0,1,1,1,5,0,1,0,25,2
245,1186,2,SM,1,1,1,1.4,0.59,0.6,0.48,0.5,0.56,0.6,0.2,0.0,2,0,1,1,1,5,0,1,0,25,2
245,1187,2,SM,1,1,1,1.61,0.64,0.6,0.48,0.53,0.91,0.3,0.3,0.0,2,0,1,1,1,5,0,1,0,25,2
245,1188,2,SM,1,1,1,1.4,0.64,0.75,0.4,0.53,0.7,0.6,0.3,0.0,2,0,1,1,1,5,0,1,0,25,2
246,1189,2,SM,1,1,1,1.44,0.7,1.1,0.48,0.5,0.7,1.2,0.3,1.0,2,0,1,1,1,5,0,2,0,2,1
246,1190,2,SM,1,1,1,1.2,0.73,1.43,0.36,0.42,0.56,1.2,0.3,0.0,2,0,1,1,1,5,0,2,0,2,1
246,1191,2,SM,1,1,1,1.44,0.77,0.88,0.36,0.43,0.56,1.2,0.2,1.0,2,0,1,1,1,5,0,2,0,2,1
246,1192,2,SM,1,1,1,1.28,0.77,1.43,0.36,0.43,0.91,0.6,0.1,0.0,2,0,1,1,1,5,0,2,0,2,1
246,1193,2,SM,1,1,1,1.28,0.77,0.88,0.4,0.45,0.91,1.2,0.3,0.0,2,0,1,1,1,5,0,2,0,2,1
246,1194,2,SM,1,1,1,1.2,0.77,1.43,0.4,0.45,0.7,0.6,0.2,1.0,2,0,1,1,1,5,0,2,0,2,1
246,1195,2,SM,1,1,1,1.2,0.73,1.1,0.48,0.53,0.56,0.6,0.1,1.0,2,0,1,1,1,5,0,2,0,2,1
246,1196,2,SM,1,1,1,1.2,0.7,1.1,0.4,0.48,0.91,1.2,0.2,0.0,2,0,1,1,1,5,0,2,0,2,1
246,1197,2,SM,1,1,1,1.28,0.77,1.1,0.48,0.62,0.91,0.3,0.2,1.0,2,0,1,1,1,5,0,2,0,2,1
247,1198,2,SM,1,1,1,0.98,0.87,1.3,0.38,0.42,0.4,1.2,0.2,0.0,2,0,1,1,1,5,0,4,0,25,10
247,1199,2,SM,1,1,1,0.9,0.85,1.3,0.38,0.42,0.52,0.3,0.1,0.0,2,0,1,1,1,5,0,4,0,25,10
247,1200,1,TRAIN,1,1,1,1.15,0.89,1.3,0.38,0.46,0.32,0.6,0.3,0.0,2,0,1,1,1,5,0,4,0,25,10
247,1201,1,TRAIN,1,1,1,0.9,0.87,0.8,0.32,0.4,0.32,0.3,0.2,0.0,2,0,1,1,1,5,0,4,0,25,10
247,1202,2,SM,1,1,1,1.15,0.87,1.0,0.29,0.32,0.52,0.6,0.2,0.0,2,0,1,1,1,5,0,4,0,25,10
247,1203,1,TRAIN,1,1,1,0.98,0.85,1.0,0.29,0.38,0.32,1.2,0.1,0.0,2,0,1,1,1,5,0,4,0,25,10
247,1204,1,TRAIN,1,1,1,0.9,0.89,0.8,0.38,0.46,0.4,1.2,0.1,0.0,2,0,1,1,1,5,0,4,0,25,10
247,1205,1,TRAIN,1,1,1,0.9,0.89,1.0,0.29,0.32,0.4,0.3,0.3,0.0,2,0,1,1,1,5,0,4,0,25,10
247,1206,2,SM,1,1,1,1.15,0.85,0.8,0.32,0.36,0.4,0.6,0.1,0.0,2,0,1,1,1,5,0,4,0,25,10
248,1207,1,TRAIN,1,1,0,0.96,0.62,0.0,0.26,0.29,0.0,0.3,0.1,0.0,2,0,1,1,1,5,1,1,0,25,10
248,1208,1,TRAIN,1,1,0,0.96,0.58,0.0,0.23,0.32,0.0,0.3,0.2,0.0,2,0,1,1,1,5,1,1,0,25,10
248,1209,1,TRAIN,1,1,0,0.96,0.6,0.0,0.26,0.35,0.0,1.2,0.1,1.0,2,0,1,1,1,5,1,1,0,25,10
248,1210,1,TRAIN,1,1,0,0.78,0.58,0.0,0.23,0.32,0.0,0.6,0.3,1.0,2,0,1,1,1,5,1,1,0,25,10
248,1211,1,TRAIN,1,1,0,0.84,0.58,0.0,0.26,0.31,0.0,0.3,0.3,1.0,2,0,1,1,1,5,1,1,0,25,10
248,1212,1,TRAIN,1,1,0,0.84,0.58,0.0,0.31,0.34,0.0,0.6,0.2,0.0,2,0,1,1,1,5,1,1,0,25,10
248,1213,1,TRAIN,1,1,0,0.84,0.6,0.0,0.23,0.26,0.0,0.3,0.1,1.0,2,0,1,1,1,5,1,1,0,25,10
248,1214,1,TRAIN,1,1,0,0.84,0.6,0.0,0.26,0.35,0.0,0.6,0.3,0.0,2,0,1,1,1,5,1,1,0,25,10
248,1215,1,TRAIN,1,1,0,0.96,0.6,0.0,0.31,0.36,0.0,0.3,0.3,0.0,2,0,1,1,1,5,1,1,0,25,10
249,1216,1,TRAIN,1,1,0,0.74,0.41,0.0,0.24,0.26,0.0,0.3,0.1,0.0,2,0,1,1,1,5,1,2,0,25,22
249,1217,1,TRAIN,1,1,0,0.74,0.37,0.0,0.22,0.29,0.0,0.3,0.2,0.0,2,0,1,1,1,5,1,2,0,25,22
249,1218,1,TRAIN,1,1,0,0.74,0.39,0.0,0.24,0.32,0.0,1.2,0.1,1.0,2,0,1,1,1,5,1,2,0,25,22
249,1219,1,TRAIN,1,1,0,0.58,0.37,0.0,0.22,0.29,0.0,0.6,0.3,1.0,2,0,1,1,1,5,1,2,0,25,22
249,1220,1,TRAIN,1,1,0,0.63,0.37,0.0,0.24,0.28,0.0,0.3,0.3,1.0,2,0,1,1,1,5,1,2,0,25,22
249,1221,1,TRAIN,1,1,0,0.63,0.37,0.0,0.29,0.32,0.0,0.6,0.2,0.0,2,0,1,1,1,5,1,2,0,25,22
249,1222,1,TRAIN,1,1,0,0.63,0.39,0.0,0.22,0.25,0.0,0.3,0.1,1.0,2,0,1,1,1,5,1,2,0,25,22
249,1223,1,TRAIN,1,1,0,0.63,0.39,0.0,0.24,0.32,0.0,0.6,0.3,0.0,2,0,1,1,1,5,1,2,0,25,22
249,1224,1,TRAIN,1,1,0,0.74,0.39,0.0,0.29,0.34,0.0,0.3,0.3,0.0,2,0,1,1,1,5,1,2,0,25,22
250,1225,2,SM,1,1,0,1.01,0.36,0.0,0.35,0.42,0.0,0.3,0.1,0.0,2,0,1,1,1,1,1,1,0,2,1
250,1226,2,SM,1,1,0,1.01,0.32,0.0,0.35,0.49,0.0,1.2,0.1,1.0,2,0,1,1,1,1,1,1,0,2,1
250,1227,2,SM,1,1,0,1.01,0.29,0.0,0.31,0.46,0.0,0.3,0.2,0.0,2,0,1,1,1,1,1,1,0,2,1
250,1228,2,SM,1,1,0,0.8,0.29,0.0,0.31,0.46,0.0,0.6,0.3,1.0,2,0,1,1,1,1,1,1,0,2,1
250,1229,2,SM,1,1,0,0.87,0.29,0.0,0.35,0.43,0.0,0.3,0.3,1.0,2,0,1,1,1,1,1,1,0,2,1
250,1230,2,SM,1,1,0,0.87,0.32,0.0,0.31,0.38,0.0,0.3,0.1,1.0,2,0,1,1,1,1,1,1,0,2,1
250,1231,2,SM,1,1,0,0.87,0.29,0.0,0.42,0.46,0.0,0.6,0.2,0.0,2,0,1,1,1,1,1,1,0,2,1
250,1232,2,SM,1,1,0,1.01,0.32,0.0,0.42,0.49,0.0,0.3,0.3,0.0,2,0,1,1,1,1,1,1,0,2,1
250,1233,2,SM,1,1,0,0.87,0.32,0.0,0.35,0.49,0.0,0.6,0.3,0.0,2,0,1,1,1,1,1,1,0,2,1
251,1234,2,SM,1,1,1,1.25,0.49,1.43,0.48,0.53,0.35,1.2,0.2,0.0,2,0,1,1,1,2,0,3,0,25,2
251,1235,2,SM,1,1,1,1.14,0.44,1.43,0.48,0.5,0.45,0.3,0.1,0.0,2,0,1,1,1,2,0,3,0,25,2
251,1236,2,SM,1,1,1,1.46,0.55,1.43,0.48,0.62,0.28,0.6,0.3,0.0,2,0,1,1,1,2,0,3,0,25,2
251,1237,2,SM,1,1,1,1.14,0.49,0.88,0.4,0.53,0.28,0.3,0.2,0.0,2,0,1,1,1,2,0,3,0,25,2
251,1238,2,SM,1,1,1,1.46,0.49,1.1,0.36,0.42,0.45,0.6,0.2,0.0,2,0,1,1,1,2,0,3,0,25,2
251,1239,2,SM,1,1,1,1.25,0.44,1.1,0.36,0.5,0.28,1.2,0.1,0.0,2,0,1,1,1,2,0,3,0,25,2
251,1240,3,CAR,1,1,1,1.14,0.55,0.88,0.48,0.62,0.35,1.2,0.1,0.0,2,0,1,1,1,2,0,3,0,25,2
251,1241,2,SM,1,1,1,1.14,0.55,1.1,0.36,0.43,0.35,0.3,0.3,0.0,2,0,1,1,1,2,0,3,0,25,2
251,1242,2,SM,1,1,1,1.46,0.44,0.88,0.4,0.46,0.35,0.6,0.1,0.0,2,0,1,1,1,2,0,3,0,25,2
252,1243,2,SM,1,1,1,1.15,0.39,1.43,0.48,0.53,0.65,1.2,0.2,0.0,2,0,1,1,1,2,1,2,0,2,25
252,1244,2,SM,1,1,1,1.36,0.45,1.43,0.48,0.62,0.52,0.6,0.3,0.0,2,0,1,1,1,2,1,2,0,2,25
252,1245,2,SM,1,1,1,1.04,0.34,1.43,0.48,0.5,0.84,0.3,0.1,0.0,2,0,1,1,1,2,1,2,0,2,25
252,1246,2,SM,1,1,1,1.04,0.39,0.88,0.4,0.53,0.52,0.3,0.2,0.0,2,0,1,1,1,2,1,2,0,2,25
252,1247,2,SM,1,1,1,1.36,0.39,1.1,0.36,0.42,0.84,0.6,0.2,0.0,2,0,1,1,1,2,1,2,0,2,25
252,1248,2,SM,1,1,1,1.15,0.34,1.1,0.36,0.5,0.52,1.2,0.1,0.0,2,0,1,1,1,2,1,2,0,2,25
252,1249,2,SM,1,1,1,1.04,0.45,0.88,0.48,0.62,0.65,1.2,0.1,0.0,2,0,1,1,1,2,1,2,0,2,25
252,1250,2,SM,1,1,1,1.36,0.34,0.88,0.4,0.46,0.65,0.6,0.1,0.0,2,0,1,1,1,2,1,2,0,2,25
252,1251,2,SM,1,1,1,1.04,0.45,1.1,0.36,0.43,0.65,0.3,0.3,0.0,2,0,1,1,1,2,1,2,0,2,25
253,1252,2,SM,1,1,0,2.14,0.85,0.0,0.74,0.82,0.0,1.2,0.2,0.0,2,0,1,1,1,2,1,4,0,1,25
253,1253,2,SM,1,1,0,1.94,0.77,0.0,0.74,0.8,0.0,0.3,0.1,0.0,2,0,1,1,1,2,1,4,0,1,25
253,1254,2,SM,1,1,0,2.54,0.95,0.0,0.74,0.99,0.0,0.6,0.3,0.0,2,0,1,1,1,2,1,4,0,1,25
253,1255,2,SM,1,1,0,1.94,0.85,0.0,0.62,0.86,0.0,0.3,0.2,0.0,2,0,1,1,1,2,1,4,0,1,25
253,1256,2,SM,1,1,0,2.54,0.85,0.0,0.56,0.64,0.0,0.6,0.2,0.0,2,0,1,1,1,2,1,4,0,1,25
253,1257,1,TRAIN,1,1,0,2.14,0.77,0.0,0.56,0.8,0.0,1.2,0.1,0.0,2,0,1,1,1,2,1,4,0,1,25
253,1258,2,SM,1,1,0,1.94,0.95,0.0,0.74,0.99,0.0,1.2,0.1,0.0,2,0,1,1,1,2,1,4,0,1,25
253,1259,1,TRAIN,1,1,0,1.94,0.95,0.0,0.56,0.66,0.0,0.3,0.3,0.0,2,0,1,1,1,2,1,4,0,1,25
253,1260,2,SM,1,1,0,2.54,0.77,0.0,0.62,0.72,0.0,0.6,0.1,0.0,2,0,1,1,1,2,1,4,0,1,25
254,1261,2,SM,1,1,0,1.46,0.55,0.0,0.4,0.45,0.0,0.3,0.1,0.0,2,0,1,1,1,3,0,2,0,25,2
254,1262,2,SM,1,1,0,1.46,0.49,0.0,0.4,0.53,0.0,1.2,0.1,1.0,2,0,1,1,1,3,0,2,0,25,2
254,1263,1,TRAIN,1,1,0,1.46,0.44,0.0,0.36,0.5,0.0,0.3,0.2,0.0,2,0,1,1,1,3,0,2,0,25,2
254,1264,2,SM,1,1,0,1.14,0.44,0.0,0.36,0.5,0.0,0.6,0.3,1.0,2,0,1,1,1,3,0,2,0,25,2
254,1265,1,TRAIN,1,1,0,1.25,0.44,0.0,0.4,0.46,0.0,0.3,0.3,1.0,2,0,1,1,1,3,0,2,0,25,2
254,1266,1,TRAIN,1,1,0,1.25,0.49,0.0,0.36,0.42,0.0,0.3,0.1,1.0,2,0,1,1,1,3,0,2,0,25,2
254,1267,2,SM,1,1,0,1.25,0.44,0.0,0.48,0.5,0.0,0.6,0.2,0.0,2,0,1,1,1,3,0,2,0,25,2
254,1268,1,TRAIN,1,1,0,1.46,0.49,0.0,0.48,0.53,0.0,0.3,0.3,0.0,2,0,1,1,1,3,0,2,0,25,2
254,1269,2,SM,1,1,0,1.25,0.49,0.0,0.4,0.53,0.0,0.6,0.3,0.0,2,0,1,1,1,3,0,2,0,25,2
255,1270,2,SM,1,1,1,1.5,0.78,0.8,0.38,0.43,0.4,0.3,0.1,0.0,2,0,1,1,1,3,0,3,0,1,2
255,1271,2,SM,1,1,1,1.5,0.74,1.04,0.38,0.5,0.65,1.2,0.1,1.0,2,0,1,1,1,3,0,3,0,1,2
255,1272,2,SM,1,1,1,1.5,0.71,1.04,0.34,0.48,0.5,0.3,0.2,0.0,2,0,1,1,1,3,0,3,0,1,2
255,1273,2,SM,1,1,1,1.18,0.71,0.64,0.34,0.48,0.65,0.6,0.3,1.0,2,0,1,1,1,3,0,3,0,1,2
255,1274,2,SM,1,1,1,1.29,0.71,1.04,0.38,0.45,0.4,0.3,0.3,1.0,2,0,1,1,1,3,0,3,0,1,2
255,1275,2,SM,1,1,1,1.29,0.74,0.64,0.34,0.4,0.5,0.3,0.1,1.0,2,0,1,1,1,3,0,3,0,1,2
255,1276,2,SM,1,1,1,1.29,0.71,0.64,0.46,0.48,0.4,0.6,0.2,0.0,2,0,1,1,1,3,0,3,0,1,2
255,1277,2,SM,1,1,1,1.5,0.74,0.64,0.46,0.5,0.65,0.3,0.3,0.0,2,0,1,1,1,3,0,3,0,1,2
255,1278,2,SM,1,1,1,1.29,0.74,0.8,0.38,0.5,0.5,0.6,0.3,0.0,2,0,1,1,1,3,0,3,0,1,2
256,1279,2,SM,1,1,1,1.31,0.62,0.7,0.26,0.31,0.53,0.3,0.1,0.0,2,0,1,1,1,3,0,4,0,22,2
256,1280,2,SM,1,1,1,1.31,0.58,0.91,0.26,0.38,0.86,1.2,0.1,1.0,2,0,1,1,1,3,0,4,0,22,2
256,1281,2,SM,1,1,1,1.31,0.55,0.91,0.23,0.35,0.66,0.3,0.2,0.0,2,0,1,1,1,3,0,4,0,22,2
256,1282,2,SM,1,1,1,1.04,0.55,0.56,0.23,0.35,0.86,0.6,0.3,1.0,2,0,1,1,1,3,0,4,0,22,2
256,1283,2,SM,1,1,1,1.13,0.55,0.91,0.26,0.32,0.53,0.3,0.3,1.0,2,0,1,1,1,3,0,4,0,22,2
256,1284,2,SM,1,1,1,1.13,0.58,0.56,0.23,0.26,0.66,0.3,0.1,1.0,2,0,1,1,1,3,0,4,0,22,2
256,1285,2,SM,1,1,1,1.13,0.55,0.56,0.31,0.36,0.53,0.6,0.2,0.0,2,0,1,1,1,3,0,4,0,22,2
256,1286,2,SM,1,1,1,1.31,0.58,0.56,0.31,0.38,0.86,0.3,0.3,0.0,2,0,1,1,1,3,0,4,0,22,2
256,1287,2,SM,1,1,1,1.13,0.58,0.7,0.26,0.38,0.66,0.6,0.3,0.0,2,0,1,1,1,3,0,4,0,22,2
257,1288,2,SM,1,1,1,1.31,0.88,1.43,0.5,0.54,0.7,1.2,0.2,0.0,2,0,1,1,1,4,1,2,0,1,10
257,1289,1,TRAIN,1,1,1,1.21,0.85,1.43,0.5,0.52,0.91,0.3,0.1,0.0,2,0,1,1,1,4,1,2,0,1,10
257,1290,1,TRAIN,1,1,1,1.5,0.92,1.43,0.5,0.62,0.56,0.6,0.3,0.0,2,0,1,1,1,4,1,2,0,1,10
257,1291,1,TRAIN,1,1,1,1.21,0.88,0.88,0.42,0.54,0.56,0.3,0.2,0.0,2,0,1,1,1,4,1,2,0,1,10
257,1292,1,TRAIN,1,1,1,1.5,0.88,1.1,0.38,0.43,0.91,0.6,0.2,0.0,2,0,1,1,1,4,1,2,0,1,10
257,1293,2,SM,1,1,1,1.31,0.85,1.1,0.38,0.5,0.56,1.2,0.1,0.0,2,0,1,1,1,4,1,2,0,1,10
257,1294,2,SM,1,1,1,1.21,0.92,0.88,0.5,0.62,0.7,1.2,0.1,0.0,2,0,1,1,1,4,1,2,0,1,10
257,1295,1,TRAIN,1,1,1,1.21,0.92,1.1,0.38,0.45,0.7,0.3,0.3,0.0,2,0,1,1,1,4,1,2,0,1,10
257,1296,1,TRAIN,1,1,1,1.5,0.85,0.88,0.42,0.48,0.7,0.6,0.1,0.0,2,0,1,1,1,4,1,2,0,1,10
258,1297,1,TRAIN,1,1,0,1.92,0.63,0.0,0.52,0.57,0.0,0.3,0.1,0.0,2,0,1,1,1,3,0,2,0,22,1
258,1298,2,SM,1,1,0,1.92,0.55,0.0,0.52,0.72,0.0,1.2,0.1,1.0,2,0,1,1,1,3,0,2,0,22,1
258,1299,2,SM,1,1,0,1.92,0.49,0.0,0.47,0.66,0.0,0.3,0.2,0.0,2,0,1,1,1,3,0,2,0,22,1
258,1300,2,SM,1,1,0,1.49,0.49,0.0,0.47,0.66,0.0,0.6,0.3,1.0,2,0,1,1,1,3,0,2,0,22,1
258,1301,2,SM,1,1,0,1.63,0.49,0.0,0.52,0.62,0.0,0.3,0.3,1.0,2,0,1,1,1,3,0,2,0,22,1
258,1302,2,SM,1,1,0,1.63,0.55,0.0,0.47,0.53,0.0,0.3,0.1,1.0,2,0,1,1,1,3,0,2,0,22,1
258,1303,2,SM,1,1,0,1.63,0.49,0.0,0.62,0.66,0.0,0.6,0.2,0.0,2,0,1,1,1,3,0,2,0,22,1
258,1304,2,SM,1,1,0,1.92,0.55,0.0,0.62,0.7,0.0,0.3,0.3,0.0,2,0,1,1,1,3,0,2,0,22,1
258,1305,2,SM,1,1,0,1.63,0.55,0.0,0.52,0.72,0.0,0.6,0.3,0.0,2,0,1,1,1,3,0,2,0,22,1
259,1306,2,SM,1,1,1,1.97,1.42,2.34,0.54,0.57,0.65,1.2,0.2,0.0,2,0,1,1,2,2,0,4,0,14,2
259,1307,2,SM,1,1,1,1.77,1.39,2.34,0.54,0.56,0.84,0.3,0.1,0.0,2,0,1,1,2,2,0,4,0,14,2
259,1308,2,SM,1,1,1,2.36,1.46,2.34,0.54,0.66,0.52,0.6,0.3,0.0,2,0,1,1,2,2,0,4,0,14,2
259,1309,3,CAR,1,1,1,1.77,1.42,1.44,0.45,0.57,0.52,0.3,0.2,0.0,2,0,1,1,2,2,0,4,0,14,2
259,1310,2,SM,1,1,1,2.36,1.42,1.8,0.4,0.46,0.84,0.6,0.2,0.0,2,0,1,1,2,2,0,4,0,14,2
259,1311,3,CAR,1,1,1,1.97,1.39,1.8,0.4,0.53,0.52,1.2,0.1,0.0,2,0,1,1,2,2,0,4,0,14,2
259,1312,3,CAR,1,1,1,1.77,1.46,1.44,0.54,0.66,0.65,1.2,0.1,0.0,2,0,1,1,2,2,0,4,0,14,2
259,1313,2,SM,1,1,1,1.77,1.46,1.8,0.4,0.48,0.65,0.3,0.3,0.0,2,0,1,1,2,2,0,4,0,14,2
259,1314,2,SM,1,1,1,2.36,1.39,1.44,0.45,0.52,0.65,0.6,0.1,0.0,2,0,1,1,2,2,0,4,0,14,2
260,1315,2,SM,1,1,0,1.47,0.71,0.0,0.54,0.58,0.0,1.2,0.2,0.0,2,0,1,1,2,3,0,1,0,25,2
260,1316,2,SM,1,1,0,1.33,0.66,0.0,0.54,0.56,0.0,0.3,0.1,0.0,2,0,1,1,2,3,0,1,0,25,2
260,1317,1,TRAIN,1,1,0,1.74,0.77,0.0,0.54,0.66,0.0,0.6,0.3,0.0,2,0,1,1,2,3,0,1,0,25,2
260,1318,1,TRAIN,1,1,0,1.33,0.71,0.0,0.45,0.58,0.0,0.3,0.2,0.0,2,0,1,1,2,3,0,1,0,25,2
260,1319,2,SM,1,1,0,1.74,0.71,0.0,0.4,0.46,0.0,0.6,0.2,0.0,2,0,1,1,2,3,0,1,0,25,2
260,1320,1,TRAIN,1,1,0,1.47,0.66,0.0,0.4,0.54,0.0,1.2,0.1,0.0,2,0,1,1,2,3,0,1,0,25,2
260,1321,1,TRAIN,1,1,0,1.33,0.77,0.0,0.54,0.66,0.0,1.2,0.1,0.0,2,0,1,1,2,3,0,1,0,25,2
260,1322,2,SM,1,1,0,1.33,0.77,0.0,0.4,0.49,0.0,0.3,0.3,0.0,2,0,1,1,2,3,0,1,0,25,2
260,1323,2,SM,1,1,0,1.74,0.66,0.0,0.45,0.52,0.0,0.6,0.1,0.0,2,0,1,1,2,3,0,1,0,25,2
261,1324,2,SM,1,1,0,0.71,0.38,0.0,0.19,0.22,0.0,1.2,0.3,1.0,2,0,1,1,2,4,1,1,0,25,22
261,1325,2,SM,1,1,0,0.71,0.42,0.0,0.14,0.19,0.0,1.2,0.2,1.0,2,0,1,1,2,4,1,1,0,25,22
261,1326,2,SM,1,1,0,0.61,0.4,0.0,0.14,0.18,0.0,1.2,0.3,0.0,2,0,1,1,2,4,1,1,0,25,22
261,1327,1,TRAIN,1,1,0,0.64,0.42,0.0,0.14,0.19,0.0,0.6,0.1,0.0,2,0,1,1,2,4,1,1,0,25,22
261,1328,2,SM,1,1,0,0.64,0.42,0.0,0.16,0.2,0.0,1.2,0.3,0.0,2,0,1,1,2,4,1,1,0,25,22
261,1329,2,SM,1,1,0,0.61,0.42,0.0,0.16,0.2,0.0,0.6,0.2,1.0,2,0,1,1,2,4,1,1,0,25,22
261,1330,2,SM,1,1,0,0.61,0.4,0.0,0.19,0.25,0.0,0.6,0.1,1.0,2,0,1,1,2,4,1,1,0,25,22
261,1331,2,SM,1,1,0,0.64,0.42,0.0,0.19,0.31,0.0,0.3,0.2,1.0,2,0,1,1,2,4,1,1,0,25,22
261,1332,2,SM,1,1,0,0.61,0.38,0.0,0.16,0.21,0.0,1.2,0.2,0.0,2,0,1,1,2,4,1,1,0,25,22
262,1333,1,TRAIN,1,1,0,1.02,0.32,0.0,0.26,0.31,0.0,1.2,0.3,1.0,2,0,1,2,1,1,0,4,0,17,1
262,1334,2,SM,1,1,0,0.81,0.35,0.0,0.2,0.24,0.0,1.2,0.3,0.0,2,0,1,2,1,1,0,4,0,17,1
262,1335,2,SM,1,1,0,1.02,0.39,0.0,0.2,0.26,0.0,1.2,0.2,1.0,2,0,1,2,1,1,0,4,0,17,1
262,1336,1,TRAIN,1,1,0,0.88,0.39,0.0,0.2,0.26,0.0,0.6,0.1,0.0,2,0,1,2,1,1,0,4,0,17,1
262,1337,2,SM,1,1,0,0.88,0.39,0.0,0.22,0.26,0.0,1.2,0.3,0.0,2,0,1,2,1,1,0,4,0,17,1
262,1338,1,TRAIN,1,1,0,0.81,0.39,0.0,0.22,0.26,0.0,0.6,0.2,1.0,2,0,1,2,1,1,0,4,0,17,1
262,1339,1,TRAIN,1,1,0,0.81,0.35,0.0,0.26,0.32,0.0,0.6,0.1,1.0,2,0,1,2,1,1,0,4,0,17,1
262,1340,2,SM,1,1,0,0.81,0.32,0.0,0.22,0.28,0.0,1.2,0.2,0.0,2,0,1,2,1,1,0,4,0,17,1
262,1341,1,TRAIN,1,1,0,0.88,0.39,0.0,0.26,0.4,0.0,0.3,0.2,1.0,2,0,1,2,1,1,0,4,0,17,1
263,1342,2,SM,1,1,0,2.51,0.78,0.0,0.44,0.47,0.0,1.2,0.3,1.0,2,0,2,1,0,1,1,4,0,1,25
263,1343,2,SM,1,1,0,1.97,0.86,0.0,0.33,0.38,0.0,1.2,0.3,0.0,2,0,2,1,0,1,1,4,0,1,25
263,1344,2,SM,1,1,0,2.51,0.96,0.0,0.33,0.4,0.0,1.2,0.2,1.0,2,0,2,1,0,1,1,4,0,1,25
263,1345,2,SM,1,1,0,2.15,0.96,0.0,0.33,0.4,0.0,0.6,0.1,0.0,2,0,2,1,0,1,1,4,0,1,25
263,1346,2,SM,1,1,0,2.15,0.96,0.0,0.37,0.42,0.0,1.2,0.3,0.0,2,0,2,1,0,1,1,4,0,1,25
263,1347,2,SM,1,1,0,1.97,0.96,0.0,0.37,0.42,0.0,0.6,0.2,1.0,2,0,2,1,0,1,1,4,0,1,25
263,1348,2,SM,1,1,0,1.97,0.86,0.0,0.44,0.5,0.0,0.6,0.1,1.0,2,0,2,1,0,1,1,4,0,1,25
263,1349,2,SM,1,1,0,1.97,0.78,0.0,0.37,0.44,0.0,1.2,0.2,0.0,2,0,2,1,0,1,1,4,0,1,25
263,1350,1,TRAIN,1,1,0,2.15,0.96,0.0,0.44,0.6,0.0,0.3,0.2,1.0,2,0,2,1,0,1,1,4,0,1,25
264,1351,2,SM,1,1,0,1.34,0.65,0.0,0.18,0.2,0.0,0.3,0.1,0.0,2,0,2,1,1,2,0,4,0,17,9
264,1352,2,SM,1,1,0,1.34,0.61,0.0,0.18,0.24,0.0,1.2,0.1,1.0,2,0,2,1,1,2,0,4,0,17,9
264,1353,1,TRAIN,1,1,0,1.34,0.58,0.0,0.16,0.23,0.0,0.3,0.2,0.0,2,0,2,1,1,2,0,4,0,17,9
264,1354,1,TRAIN,1,1,0,1.04,0.58,0.0,0.16,0.23,0.0,0.6,0.3,1.0,2,0,2,1,1,2,0,4,0,17,9
264,1355,2,SM,1,1,0,1.14,0.58,0.0,0.18,0.21,0.0,0.3,0.3,1.0,2,0,2,1,1,2,0,4,0,17,9
264,1356,2,SM,1,1,0,1.14,0.61,0.0,0.16,0.18,0.0,0.3,0.1,1.0,2,0,2,1,1,2,0,4,0,17,9
264,1357,2,SM,1,1,0,1.14,0.58,0.0,0.22,0.23,0.0,0.6,0.2,0.0,2,0,2,1,1,2,0,4,0,17,9
264,1358,2,SM,1,1,0,1.34,0.61,0.0,0.22,0.24,0.0,0.3,0.3,0.0,2,0,2,1,1,2,0,4,0,17,9
264,1359,1,TRAIN,1,1,0,1.14,0.61,0.0,0.18,0.24,0.0,0.6,0.3,0.0,2,0,2,1,1,2,0,4,0,17,9
265,1360,1,TRAIN,1,1,1,0.64,0.4,0.91,0.18,0.21,0.6,1.2,0.2,0.0,2,0,2,1,1,4,1,4,0,25,22
265,1361,1,TRAIN,1,1,1,0.76,0.42,0.91,0.18,0.24,0.48,0.6,0.3,0.0,2,0,2,1,1,4,1,4,0,25,22
265,1362,1,TRAIN,1,1,1,0.58,0.38,0.91,0.18,0.2,0.78,0.3,0.1,0.0,2,0,2,1,1,4,1,4,0,25,22
265,1363,1,TRAIN,1,1,1,0.58,0.4,0.56,0.15,0.2,0.48,0.3,0.2,0.0,2,0,2,1,1,4,1,4,0,25,22
265,1364,1,TRAIN,1,1,1,0.76,0.4,0.7,0.13,0.15,0.78,0.6,0.2,0.0,2,0,2,1,1,4,1,4,0,25,22
265,1365,1,TRAIN,1,1,1,0.58,0.42,0.56,0.18,0.24,0.6,1.2,0.1,0.0,2,0,2,1,1,4,1,4,0,25,22
265,1366,1,TRAIN,1,1,1,0.64,0.38,0.7,0.13,0.18,0.48,1.2,0.1,0.0,2,0,2,1,1,4,1,4,0,25,22
265,1367,1,TRAIN,1,1,1,0.76,0.38,0.56,0.15,0.18,0.6,0.6,0.1,0.0,2,0,2,1,1,4,1,4,0,25,22
265,1368,1,TRAIN,1,1,1,0.58,0.42,0.7,0.13,0.16,0.6,0.3,0.3,0.0,2,0,2,1,1,4,1,4,0,25,22
266,1369,2,SM,1,1,1,0.81,0.52,0.6,0.1,0.12,0.08,0.3,0.1,0.0,2,0,2,1,1,5,1,2,0,25,22
266,1370,2,SM,1,1,1,0.81,0.48,0.78,0.09,0.14,0.1,0.3,0.2,0.0,2,0,2,1,1,5,1,2,0,25,22
266,1371,2,SM,1,1,1,0.81,0.5,0.78,0.1,0.16,0.13,1.2,0.1,1.0,2,0,2,1,1,5,1,2,0,25,22
266,1372,1,TRAIN,1,1,1,0.71,0.48,0.48,0.09,0.14,0.13,0.6,0.3,1.0,2,0,2,1,1,5,1,2,0,25,22
266,1373,2,SM,1,1,1,0.74,0.48,0.78,0.1,0.12,0.08,0.3,0.3,1.0,2,0,2,1,1,5,1,2,0,25,22
266,1374,2,SM,1,1,1,0.74,0.48,0.48,0.12,0.14,0.08,0.6,0.2,0.0,2,0,2,1,1,5,1,2,0,25,22
266,1375,2,SM,1,1,1,0.74,0.5,0.48,0.09,0.11,0.1,0.3,0.1,1.0,2,0,2,1,1,5,1,2,0,25,22
266,1376,3,CAR,1,1,1,0.74,0.5,0.6,0.1,0.16,0.1,0.6,0.3,0.0,2,0,2,1,1,5,1,2,0,25,22
266,1377,2,SM,1,1,1,0.81,0.5,0.48,0.12,0.15,0.13,0.3,0.3,0.0,2,0,2,1,1,5,1,2,0,25,22
267,1378,2,SM,1,1,0,1.09,0.44,0.0,0.15,0.18,0.0,0.3,0.1,0.0,2,0,2,1,1,1,0,4,0,2,22
267,1379,1,TRAIN,1,1,0,1.09,0.4,0.0,0.15,0.23,0.0,1.2,0.1,1.0,2,0,2,1,1,1,0,4,0,2,22
267,1380,1,TRAIN,1,1,0,1.09,0.37,0.0,0.13,0.2,0.0,0.3,0.2,0.0,2,0,2,1,1,1,0,4,0,2,22
267,1381,2,SM,1,1,0,0.88,0.37,0.0,0.13,0.2,0.0,0.6,0.3,1.0,2,0,2,1,1,1,0,4,0,2,22
267,1382,1,TRAIN,1,1,0,0.95,0.37,0.0,0.15,0.19,0.0,0.3,0.3,1.0,2,0,2,1,1,1,0,4,0,2,22
267,1383,2,SM,1,1,0,0.95,0.4,0.0,0.13,0.16,0.0,0.3,0.1,1.0,2,0,2,1,1,1,0,4,0,2,22
267,1384,2,SM,1,1,0,0.95,0.37,0.0,0.18,0.2,0.0,0.6,0.2,0.0,2,0,2,1,1,1,0,4,0,2,22
267,1385,2,SM,1,1,0,1.09,0.4,0.0,0.18,0.23,0.0,0.3,0.3,0.0,2,0,2,1,1,1,0,4,0,2,22
267,1386,1,TRAIN,1,1,0,0.95,0.4,0.0,0.15,0.23,0.0,0.6,0.3,0.0,2,0,2,1,1,1,0,4,0,2,22
268,1387,2,SM,1,1,0,0.38,0.14,0.0,0.12,0.15,0.0,1.2,0.2,0.0,2,0,2,1,1,1,1,1,0,25,22
268,1388,2,SM,1,1,0,0.45,0.16,0.0,0.12,0.18,0.0,0.6,0.3,0.0,2,0,2,1,1,1,1,1,0,25,22
268,1389,2,SM,1,1,0,0.35,0.12,0.0,0.12,0.14,0.0,0.3,0.1,0.0,2,0,2,1,1,1,1,1,0,25,22
268,1390,2,SM,1,1,0,0.35,0.14,0.0,0.1,0.16,0.0,0.3,0.2,0.0,2,0,2,1,1,1,1,1,0,25,22
268,1391,2,SM,1,1,0,0.45,0.14,0.0,0.09,0.11,0.0,0.6,0.2,0.0,2,0,2,1,1,1,1,1,0,25,22
268,1392,2,SM,1,1,0,0.38,0.12,0.0,0.09,0.14,0.0,1.2,0.1,0.0,2,0,2,1,1,1,1,1,0,25,22
268,1393,2,SM,1,1,0,0.35,0.16,0.0,0.12,0.18,0.0,1.2,0.1,0.0,2,0,2,1,1,1,1,1,0,25,22
268,1394,2,SM,1,1,0,0.45,0.12,0.0,0.1,0.12,0.0,0.6,0.1,0.0,2,0,2,1,1,1,1,1,0,25,22
268,1395,2,SM,1,1,0,0.35,0.16,0.0,0.09,0.12,0.0,0.3,0.3,0.0,2,0,2,1,1,1,1,1,0,25,22
269,1396,2,SM,1,1,1,1.22,0.45,0.7,0.76,0.83,0.5,1.2,0.3,1.0,2,0,3,1,1,1,0,1,0,22,2
269,1397,2,SM,1,1,1,0.94,0.48,0.91,0.57,0.65,0.4,1.2,0.3,0.0,2,0,3,1,1,1,0,1,0,22,2
269,1398,2,SM,1,1,1,1.22,0.52,0.56,0.57,0.7,0.4,1.2,0.2,1.0,2,0,3,1,1,1,0,1,0,22,2
269,1399,1,TRAIN,1,1,1,1.03,0.52,0.91,0.57,0.7,0.65,0.6,0.1,0.0,2,0,3,1,1,1,0,1,0,22,2
269,1400,2,SM,1,1,1,1.03,0.52,0.56,0.63,0.71,0.65,1.2,0.3,0.0,2,0,3,1,1,1,0,1,0,22,2
269,1401,2,SM,1,1,1,0.94,0.52,0.91,0.63,0.71,0.5,0.6,0.2,1.0,2,0,3,1,1,1,0,1,0,22,2
269,1402,2,SM,1,1,1,0.94,0.48,0.7,0.76,0.86,0.4,0.6,0.1,1.0,2,0,3,1,1,1,0,1,0,22,2
269,1403,2,SM,1,1,1,0.94,0.45,0.7,0.63,0.76,0.65,1.2,0.2,0.0,2,0,3,1,1,1,0,1,0,22,2
269,1404,2,SM,1,1,1,1.03,0.52,0.7,0.76,0.98,0.65,0.3,0.2,1.0,2,0,3,1,1,1,0,1,0,22,2
270,1405,2,SM,1,1,0,1.97,1.11,0.0,1.14,1.16,0.0,1.2,0.3,1.0,2,0,3,1,1,1,0,4,0,1,2
270,1406,2,SM,1,1,0,1.55,1.14,0.0,0.85,0.98,0.0,1.2,0.3,0.0,2,0,3,1,1,1,0,4,0,1,2
270,1407,2,SM,1,1,0,1.97,1.18,0.0,0.85,0.99,0.0,1.2,0.2,1.0,2,0,3,1,1,1,0,4,0,1,2
270,1408,1,TRAIN,1,1,0,1.69,1.18,0.0,0.85,0.99,0.0,0.6,0.1,0.0,2,0,3,1,1,1,0,4,0,1,2
270,1409,1,TRAIN,1,1,0,1.69,1.18,0.0,0.95,1.03,0.0,1.2,0.3,0.0,2,0,3,1,1,1,0,4,0,1,2
270,1410,1,TRAIN,1,1,0,1.55,1.18,0.0,0.95,1.03,0.0,0.6,0.2,1.0,2,0,3,1,1,1,0,4,0,1,2
270,1411,1,TRAIN,1,1,0,1.55,1.14,0.0,1.14,1.23,0.0,0.6,0.1,1.0,2,0,3,1,1,1,0,4,0,1,2
270,1412,1,TRAIN,1,1,0,1.55,1.11,0.0,0.95,1.06,0.0,1.2,0.2,0.0,2,0,3,1,1,1,0,4,0,1,2
270,1413,1,TRAIN,1,1,0,1.69,1.18,0.0,1.14,1.39,0.0,0.3,0.2,1.0,2,0,3,1,1,1,0,4,0,1,2
271,1414,2,SM,1,1,0,1.99,0.86,0.0,1.27,1.44,0.0,1.2,0.2,0.0,2,0,3,1,1,2,1,2,0,17,2
271,1415,2,SM,1,1,0,1.84,0.8,0.0,1.27,1.39,0.0,0.3,0.1,0.0,2,0,3,1,1,2,1,2,0,17,2
271,1416,2,SM,1,1,0,2.3,0.94,0.0,1.27,1.65,0.0,0.6,0.3,0.0,2,0,3,1,1,2,1,2,0,17,2
271,1417,2,SM,1,1,0,1.84,0.86,0.0,1.06,1.44,0.0,0.3,0.2,0.0,2,0,3,1,1,2,1,2,0,17,2
271,1418,2,SM,1,1,0,2.3,0.86,0.0,0.95,1.11,0.0,0.6,0.2,0.0,2,0,3,1,1,2,1,2,0,17,2
271,1419,2,SM,1,1,0,1.99,0.8,0.0,0.95,1.32,0.0,1.2,0.1,0.0,2,0,3,1,1,2,1,2,0,17,2
271,1420,2,SM,1,1,0,1.84,0.94,0.0,1.27,1.65,0.0,1.2,0.1,0.0,2,0,3,1,1,2,1,2,0,17,2
271,1421,2,SM,1,1,0,1.84,0.94,0.0,0.95,1.16,0.0,0.3,0.3,0.0,2,0,3,1,1,2,1,2,0,17,2
271,1422,2,SM,1,1,0,2.3,0.8,0.0,1.06,1.28,0.0,0.6,0.1,0.0,2,0,3,1,1,2,1,2,0,17,2
272,1423,2,SM,1,1,0,1.41,0.94,0.0,0.62,0.8,0.0,1.2,0.3,1.0,2,0,3,1,1,3,0,1,0,1,17
272,1424,1,TRAIN,1,1,0,1.1,0.97,0.0,0.47,0.62,0.0,1.2,0.3,0.0,2,0,3,1,1,3,0,1,0,1,17
272,1425,2,SM,1,1,0,1.41,1.01,0.0,0.47,0.65,0.0,1.2,0.2,1.0,2,0,3,1,1,3,0,1,0,1,17
272,1426,2,SM,1,1,0,1.2,1.01,0.0,0.47,0.65,0.0,0.6,0.1,0.0,2,0,3,1,1,3,0,1,0,1,17
272,1427,2,SM,1,1,0,1.2,1.01,0.0,0.52,0.68,0.0,1.2,0.3,0.0,2,0,3,1,1,3,0,1,0,1,17
272,1428,1,TRAIN,1,1,0,1.1,1.01,0.0,0.52,0.68,0.0,0.6,0.2,1.0,2,0,3,1,1,3,0,1,0,1,17
272,1429,1,TRAIN,1,1,0,1.1,0.97,0.0,0.62,0.83,0.0,0.6,0.1,1.0,2,0,3,1,1,3,0,1,0,1,17
272,1430,1,TRAIN,1,1,0,1.1,0.94,0.0,0.52,0.71,0.0,1.2,0.2,0.0,2,0,3,1,1,3,0,1,0,1,17
272,1431,1,TRAIN,1,1,0,1.2,1.01,0.0,0.62,0.91,0.0,0.3,0.2,1.0,2,0,3,1,1,3,0,1,0,1,17
273,1432,2,SM,1,1,1,1.66,0.9,1.56,0.96,1.08,0.85,1.2,0.2,0.0,2,0,3,1,1,3,0,2,0,25,2
273,1433,2,SM,1,1,1,1.52,0.85,1.56,0.96,1.03,1.1,0.3,0.1,0.0,2,0,3,1,1,3,0,2,0,25,2
273,1434,2,SM,1,1,1,1.94,0.96,1.56,0.96,1.23,0.68,0.6,0.3,0.0,2,0,3,1,1,3,0,2,0,25,2
273,1435,2,SM,1,1,1,1.52,0.9,0.96,0.8,1.08,0.68,0.3,0.2,0.0,2,0,3,1,1,3,0,2,0,25,2
273,1436,2,SM,1,1,1,1.94,0.9,1.2,0.72,0.86,1.1,0.6,0.2,0.0,2,0,3,1,1,3,0,2,0,25,2
273,1437,2,SM,1,1,1,1.66,0.85,1.2,0.72,0.99,0.68,1.2,0.1,0.0,2,0,3,1,1,3,0,2,0,25,2
273,1438,2,SM,1,1,1,1.52,0.96,0.96,0.96,1.23,0.85,1.2,0.1,0.0,2,0,3,1,1,3,0,2,0,25,2
273,1439,2,SM,1,1,1,1.52,0.96,1.2,0.72,0.9,0.85,0.3,0.3,0.0,2,0,3,1,1,3,0,2,0,25,2
273,1440,2,SM,1,1,1,1.94,0.85,0.96,0.8,0.95,0.85,0.6,0.1,0.0,2,0,3,1,1,3,0,2,0,25,2
274,1441,2,SM,1,1,1,1.16,0.46,0.6,0.58,0.65,0.4,1.2,0.3,1.0,2,0,3,1,1,3,0,3,0,15,1
274,1442,1,TRAIN,1,1,1,0.95,0.49,0.78,0.43,0.5,0.32,1.2,0.3,0.0,2,0,3,1,1,3,0,3,0,15,1
274,1443,3,CAR,1,1,1,1.16,0.53,0.48,0.43,0.53,0.32,1.2,0.2,1.0,2,0,3,1,1,3,0,3,0,15,1
274,1444,2,SM,1,1,1,1.02,0.53,0.78,0.43,0.53,0.52,0.6,0.1,0.0,2,0,3,1,1,3,0,3,0,15,1
274,1445,2,SM,1,1,1,1.02,0.53,0.48,0.48,0.53,0.52,1.2,0.3,0.0,2,0,3,1,1,3,0,3,0,15,1
274,1446,3,CAR,1,1,1,0.95,0.53,0.78,0.48,0.53,0.4,0.6,0.2,1.0,2,0,3,1,1,3,0,3,0,15,1
274,1447,3,CAR,1,1,1,0.95,0.49,0.6,0.58,0.7,0.32,0.6,0.1,1.0,2,0,3,1,1,3,0,3,0,15,1
274,1448,2,SM,1,1,1,0.95,0.46,0.6,0.48,0.58,0.52,1.2,0.2,0.0,2,0,3,1,1,3,0,3,0,15,1
274,1449,1,TRAIN,1,1,1,1.02,0.53,0.6,0.58,0.83,0.52,0.3,0.2,1.0,2,0,3,1,1,3,0,3,0,15,1
275,1450,2,SM,1,1,0,1.43,0.81,0.0,0.52,0.62,0.0,0.3,0.1,0.0,2,0,3,1,1,1,0,1,0,17,1
275,1451,2,SM,1,1,0,1.43,0.77,0.0,0.52,0.76,0.0,1.2,0.1,1.0,2,0,3,1,1,1,0,1,0,17,1
275,1452,1,TRAIN,1,1,0,1.43,0.74,0.0,0.47,0.7,0.0,0.3,0.2,0.0,2,0,3,1,1,1,0,1,0,17,1
275,1453,1,TRAIN,1,1,0,1.11,0.74,0.0,0.47,0.7,0.0,0.6,0.3,1.0,2,0,3,1,1,1,0,1,0,17,1
275,1454,1,TRAIN,1,1,0,1.22,0.74,0.0,0.52,0.63,0.0,0.3,0.3,1.0,2,0,3,1,1,1,0,1,0,17,1
275,1455,2,SM,1,1,0,1.22,0.77,0.0,0.47,0.53,0.0,0.3,0.1,1.0,2,0,3,1,1,1,0,1,0,17,1
275,1456,2,SM,1,1,0,1.22,0.74,0.0,0.62,0.71,0.0,0.6,0.2,0.0,2,0,3,1,1,1,0,1,0,17,1
275,1457,2,SM,1,1,0,1.43,0.77,0.0,0.62,0.76,0.0,0.3,0.3,0.0,2,0,3,1,1,1,0,1,0,17,1
275,1458,1,TRAIN,1,1,0,1.22,0.77,0.0,0.52,0.76,0.0,0.6,0.3,0.0,2,0,3,1,1,1,0,1,0,17,1
276,1459,1,TRAIN,1,1,1,0.6,0.36,0.52,0.46,0.57,0.2,1.2,0.2,0.0,2,0,3,1,1,5,0,1,0,22,25
276,1460,1,TRAIN,1,1,1,0.68,0.38,0.52,0.46,0.65,0.16,0.6,0.3,0.0,2,0,3,1,1,5,0,1,0,22,25
276,1461,1,TRAIN,1,1,1,0.56,0.34,0.52,0.46,0.52,0.26,0.3,0.1,0.0,2,0,3,1,1,5,0,1,0,22,25
276,1462,1,TRAIN,1,1,1,0.56,0.36,0.32,0.38,0.57,0.16,0.3,0.2,0.0,2,0,3,1,1,5,0,1,0,22,25
276,1463,1,TRAIN,1,1,1,0.68,0.36,0.4,0.34,0.4,0.26,0.6,0.2,0.0,2,0,3,1,1,5,0,1,0,22,25
276,1464,1,TRAIN,1,1,1,0.56,0.38,0.32,0.46,0.65,0.2,1.2,0.1,0.0,2,0,3,1,1,5,0,1,0,22,25
276,1465,1,TRAIN,1,1,1,0.6,0.34,0.4,0.34,0.52,0.16,1.2,0.1,0.0,2,0,3,1,1,5,0,1,0,22,25
276,1466,1,TRAIN,1,1,1,0.68,0.34,0.32,0.38,0.48,0.2,0.6,0.1,0.0,2,0,3,1,1,5,0,1,0,22,25
276,1467,1,TRAIN,1,1,1,0.56,0.38,0.4,0.34,0.42,0.2,0.3,0.3,0.0,2,0,3,1,1,5,0,1,0,22,25
277,1468,2,SM,1,1,0,2.43,1.06,0.0,1.08,1.23,0.0,0.3,0.1,0.0,2,0,3,1,1,2,0,1,0,1,22
277,1469,2,SM,1,1,0,2.43,0.98,0.0,1.08,1.49,0.0,1.2,0.1,1.0,2,0,3,1,1,2,0,1,0,1,22
277,1470,2,SM,1,1,0,2.43,0.92,0.0,0.97,1.39,0.0,0.3,0.2,0.0,2,0,3,1,1,2,0,1,0,1,22
277,1471,2,SM,1,1,0,1.87,0.92,0.0,0.97,1.39,0.0,0.6,0.3,1.0,2,0,3,1,1,2,0,1,0,1,22
277,1472,2,SM,1,1,0,2.06,0.92,0.0,1.08,1.28,0.0,0.3,0.3,1.0,2,0,3,1,1,2,0,1,0,1,22
277,1473,2,SM,1,1,0,2.06,0.98,0.0,0.97,1.14,0.0,0.3,0.1,1.0,2,0,3,1,1,2,0,1,0,1,22
277,1474,2,SM,1,1,0,2.06,0.92,0.0,1.3,1.39,0.0,0.6,0.2,0.0,2,0,3,1,1,2,0,1,0,1,22
277,1475,2,SM,1,1,0,2.43,0.98,0.0,1.3,1.49,0.0,0.3,0.3,0.0,2,0,3,1,1,2,0,1,0,1,22
277,1476,2,SM,1,1,0,2.06,0.98,0.0,1.08,1.49,0.0,0.6,0.3,0.0,2,0,3,1,1,2,0,1,0,1,22
278,1477,2,SM,1,1,1,1.97,0.68,2.47,1.48,1.65,1.0,1.2,0.2,0.0,2,0,3,1,2,4,0,4,0,25,1
278,1478,2,SM,1,1,1,1.79,0.6,2.47,1.48,1.56,1.3,0.3,0.1,0.0,2,0,3,1,2,4,0,4,0,25,1
278,1479,2,SM,1,1,1,2.33,0.78,2.47,1.48,1.98,0.8,0.6,0.3,0.0,2,0,3,1,2,4,0,4,0,25,1
278,1480,2,SM,1,1,1,1.79,0.68,1.52,1.23,1.72,0.8,0.3,0.2,0.0,2,0,3,1,2,4,0,4,0,25,1
278,1481,2,SM,1,1,1,2.33,0.68,1.9,1.11,1.28,1.3,0.6,0.2,0.0,2,0,3,1,2,4,0,4,0,25,1
278,1482,2,SM,1,1,1,1.97,0.6,1.9,1.11,1.56,0.8,1.2,0.1,0.0,2,0,3,1,2,4,0,4,0,25,1
278,1483,2,SM,1,1,1,1.79,0.78,1.52,1.48,1.98,1.0,1.2,0.1,0.0,2,0,3,1,2,4,0,4,0,25,1
278,1484,2,SM,1,1,1,1.79,0.78,1.9,1.11,1.32,1.0,0.3,0.3,0.0,2,0,3,1,2,4,0,4,0,25,1
278,1485,2,SM,1,1,1,2.33,0.6,1.52,1.23,1.44,1.0,0.6,0.1,0.0,2,0,3,1,2,4,0,4,0,25,1
279,1486,2,SM,1,1,0,2.44,0.71,0.0,1.48,1.61,0.0,1.2,0.3,1.0,2,0,3,1,2,1,1,4,0,25,1
279,1487,2,SM,1,1,0,1.9,0.79,0.0,1.11,1.28,0.0,1.2,0.3,0.0,2,0,3,1,2,1,1,4,0,25,1
279,1488,2,SM,1,1,0,2.44,0.89,0.0,1.11,1.32,0.0,1.2,0.2,1.0,2,0,3,1,2,1,1,4,0,25,1
279,1489,1,TRAIN,1,1,0,2.08,0.89,0.0,1.11,1.32,0.0,0.6,0.1,0.0,2,0,3,1,2,1,1,4,0,25,1
279,1490,2,SM,1,1,0,2.08,0.89,0.0,1.23,1.39,0.0,1.2,0.3,0.0,2,0,3,1,2,1,1,4,0,25,1
279,1491,2,SM,1,1,0,1.9,0.89,0.0,1.23,1.39,0.0,0.6,0.2,1.0,2,0,3,1,2,1,1,4,0,25,1
279,1492,2,SM,1,1,0,1.9,0.79,0.0,1.48,1.65,0.0,0.6,0.1,1.0,2,0,3,1,2,1,1,4,0,25,1
279,1493,2,SM,1,1,0,1.9,0.71,0.0,1.23,1.44,0.0,1.2,0.2,0.0,2,0,3,1,2,1,1,4,0,25,1
279,1494,2,SM,1,1,0,2.08,0.89,0.0,1.48,1.98,0.0,0.3,0.2,1.0,2,0,3,1,2,1,1,4,0,25,1
280,1495,1,TRAIN,1,1,1,0.66,0.37,0.7,0.45,0.52,0.28,0.3,0.1,0.0,2,0,3,1,2,2,0,1,0,25,22
280,1496,1,TRAIN,1,1,1,0.66,0.33,0.91,0.4,0.58,0.35,0.3,0.2,0.0,2,0,3,1,2,2,0,1,0,25,22
280,1497,1,TRAIN,1,1,1,0.66,0.35,0.91,0.45,0.63,0.45,1.2,0.1,1.0,2,0,3,1,2,2,0,1,0,25,22
280,1498,1,TRAIN,1,1,1,0.56,0.33,0.56,0.4,0.58,0.45,0.6,0.3,1.0,2,0,3,1,2,2,0,1,0,25,22
280,1499,1,TRAIN,1,1,1,0.59,0.33,0.91,0.45,0.57,0.28,0.3,0.3,1.0,2,0,3,1,2,2,0,1,0,25,22
280,1500,3,CAR,1,1,1,0.59,0.35,0.56,0.4,0.48,0.35,0.3,0.1,1.0,2,0,3,1,2,2,0,1,0,25,22
280,1501,3,CAR,1,1,1,0.59,0.33,0.56,0.54,0.63,0.28,0.6,0.2,0.0,2,0,3,1,2,2,0,1,0,25,22
280,1502,3,CAR,1,1,1,0.59,0.35,0.7,0.45,0.63,0.35,0.6,0.3,0.0,2,0,3,1,2,2,0,1,0,25,22
280,1503,3,CAR,1,1,1,0.66,0.35,0.56,0.54,0.65,0.45,0.3,0.3,0.0,2,0,3,1,2,2,0,1,0,25,22
281,1504,2,SM,1,1,1,0.53,0.2,0.5,0.44,0.5,0.3,1.2,0.3,1.0,2,0,3,1,2,2,0,2,0,22,25
281,1505,2,SM,1,1,1,0.43,0.22,0.65,0.33,0.38,0.24,1.2,0.3,0.0,2,0,3,1,2,2,0,2,0,22,25
281,1506,2,SM,1,1,1,0.53,0.24,0.4,0.33,0.4,0.24,1.2,0.2,1.0,2,0,3,1,2,2,0,2,0,22,25
281,1507,2,SM,1,1,1,0.46,0.24,0.65,0.33,0.4,0.39,0.6,0.1,0.0,2,0,3,1,2,2,0,2,0,22,25
281,1508,2,SM,1,1,1,0.46,0.24,0.4,0.37,0.42,0.39,1.2,0.3,0.0,2,0,3,1,2,2,0,2,0,22,25
281,1509,2,SM,1,1,1,0.43,0.24,0.65,0.37,0.42,0.3,0.6,0.2,1.0,2,0,3,1,2,2,0,2,0,22,25
281,1510,2,SM,1,1,1,0.43,0.22,0.5,0.44,0.53,0.24,0.6,0.1,1.0,2,0,3,1,2,2,0,2,0,22,25
281,1511,2,SM,1,1,1,0.43,0.2,0.5,0.37,0.43,0.39,1.2,0.2,0.0,2,0,3,1,2,2,0,2,0,22,25
281,1512,1,TRAIN,1,1,1,0.46,0.24,0.5,0.44,0.63,0.39,0.3,0.2,1.0,2,0,3,1,2,2,0,2,0,22,25
282,1513,2,SM,1,1,1,1.14,0.74,0.7,0.68,0.76,0.4,0.3,0.1,0.0,2,0,3,1,2,3,0,1,0,23,25
282,1514,2,SM,1,1,1,1.14,0.7,0.91,0.61,0.76,0.5,0.3,0.2,0.0,2,0,3,1,2,3,0,1,0,23,25
282,1515,2,SM,1,1,1,1.14,0.72,0.91,0.68,0.83,0.65,1.2,0.1,1.0,2,0,3,1,2,3,0,1,0,23,25
282,1516,3,CAR,1,1,1,0.87,0.7,0.56,0.61,0.76,0.65,0.6,0.3,1.0,2,0,3,1,2,3,0,1,0,23,25
282,1517,3,CAR,1,1,1,0.96,0.7,0.91,0.68,0.76,0.4,0.3,0.3,1.0,2,0,3,1,2,3,0,1,0,23,25
282,1518,3,CAR,1,1,1,0.96,0.7,0.56,0.82,0.86,0.4,0.6,0.2,0.0,2,0,3,1,2,3,0,1,0,23,25
282,1519,1,TRAIN,1,1,1,0.96,0.72,0.56,0.61,0.68,0.5,0.3,0.1,1.0,2,0,3,1,2,3,0,1,0,23,25
282,1520,3,CAR,1,1,1,0.96,0.72,0.7,0.68,0.83,0.5,0.6,0.3,0.0,2,0,3,1,2,3,0,1,0,23,25
282,1521,2,SM,1,1,1,1.14,0.72,0.56,0.82,0.9,0.65,0.3,0.3,0.0,2,0,3,1,2,3,0,1,0,23,25
283,1522,1,TRAIN,1,1,1,2.16,1.08,2.21,1.3,1.49,1.0,1.2,0.2,0.0,2,0,3,1,2,2,0,1,0,1,22
283,1523,1,TRAIN,1,1,1,2.02,1.02,2.21,1.3,1.39,1.3,0.3,0.1,0.0,2,0,3,1,2,2,0,1,0,1,22
283,1524,2,SM,1,1,1,2.45,1.16,2.21,1.3,1.72,0.8,0.6,0.3,0.0,2,0,3,1,2,2,0,1,0,1,22
283,1525,2,SM,1,1,1,2.02,1.08,1.36,1.08,1.49,0.8,0.3,0.2,0.0,2,0,3,1,2,2,0,1,0,1,22
283,1526,2,SM,1,1,1,2.45,1.08,1.7,0.97,1.14,1.3,0.6,0.2,0.0,2,0,3,1,2,2,0,1,0,1,22
283,1527,1,TRAIN,1,1,1,2.16,1.02,1.7,0.97,1.39,0.8,1.2,0.1,0.0,2,0,3,1,2,2,0,1,0,1,22
283,1528,3,CAR,1,1,1,2.02,1.16,1.36,1.3,1.72,1.0,1.2,0.1,0.0,2,0,3,1,2,2,0,1,0,1,22
283,1529,2,SM,1,1,1,2.02,1.16,1.7,0.97,1.23,1.0,0.3,0.3,0.0,2,0,3,1,2,2,0,1,0,1,22
283,1530,2,SM,1,1,1,2.45,1.02,1.36,1.08,1.28,1.0,0.6,0.1,0.0,2,0,3,1,2,2,0,1,0,1,22
284,1531,2,SM,1,1,0,0.46,0.22,0.0,0.44,0.53,0.0,1.2,0.2,0.0,2,0,3,1,2,1,1,1,0,22,25
284,1532,2,SM,1,1,0,0.43,0.2,0.0,0.44,0.5,0.0,0.3,0.1,0.0,2,0,3,1,2,1,1,1,0,22,25
284,1533,2,SM,1,1,0,0.53,0.24,0.0,0.44,0.63,0.0,0.6,0.3,0.0,2,0,3,1,2,1,1,1,0,22,25
284,1534,2,SM,1,1,0,0.43,0.22,0.0,0.37,0.53,0.0,0.3,0.2,0.0,2,0,3,1,2,1,1,1,0,22,25
284,1535,2,SM,1,1,0,0.53,0.22,0.0,0.33,0.38,0.0,0.6,0.2,0.0,2,0,3,1,2,1,1,1,0,22,25
284,1536,2,SM,1,1,0,0.46,0.2,0.0,0.33,0.48,0.0,1.2,0.1,0.0,2,0,3,1,2,1,1,1,0,22,25
284,1537,2,SM,1,1,0,0.43,0.24,0.0,0.44,0.63,0.0,1.2,0.1,0.0,2,0,3,1,2,1,1,1,0,22,25
284,1538,2,SM,1,1,0,0.43,0.24,0.0,0.33,0.4,0.0,0.3,0.3,0.0,2,0,3,1,2,1,1,1,0,22,25
284,1539,2,SM,1,1,0,0.53,0.2,0.0,0.37,0.43,0.0,0.6,0.1,0.0,2,0,3,1,2,1,1,1,0,22,25
285,1540,2,SM,1,1,1,1.6,1.36,1.95,0.52,0.55,0.3,1.2,0.2,0.0,2,0,4,1,0,1,0,4,0,23,25
285,1541,2,SM,1,1,1,1.8,1.38,1.95,0.52,0.59,0.24,0.6,0.3,0.0,2,0,4,1,0,1,0,4,0,23,25
285,1542,2,SM,1,1,1,1.5,1.34,1.95,0.52,0.54,0.39,0.3,0.1,0.0,2,0,4,1,0,1,0,4,0,23,25
285,1543,2,SM,1,1,1,1.5,1.36,1.2,0.43,0.52,0.24,0.3,0.2,0.0,2,0,4,1,0,1,0,4,0,23,25
285,1544,2,SM,1,1,1,1.8,1.36,1.5,0.39,0.42,0.39,0.6,0.2,0.0,2,0,4,1,0,1,0,4,0,23,25
285,1545,2,SM,1,1,1,1.5,1.38,1.2,0.52,0.59,0.3,1.2,0.1,0.0,2,0,4,1,0,1,0,4,0,23,25
285,1546,2,SM,1,1,1,1.6,1.34,1.5,0.39,0.48,0.24,1.2,0.1,0.0,2,0,4,1,0,1,0,4,0,23,25
285,1547,2,SM,1,1,1,1.8,1.34,1.2,0.43,0.48,0.3,0.6,0.1,0.0,2,0,4,1,0,1,0,4,0,23,25
285,1548,2,SM,1,1,1,1.5,1.38,1.5,0.39,0.46,0.3,0.3,0.3,0.0,2,0,4,1,0,1,0,4,0,23,25
286,1549,2,SM,1,1,1,2.62,1.07,2.1,0.74,0.84,0.52,0.3,0.1,0.0,2,0,4,1,0,2,0,1,0,1,25
286,1550,2,SM,1,1,1,2.62,0.97,2.73,0.74,1.04,0.84,1.2,0.1,1.0,2,0,4,1,0,2,0,1,0,1,25
286,1551,2,SM,1,1,1,2.62,0.89,2.73,0.67,0.94,0.65,0.3,0.2,0.0,2,0,4,1,0,2,0,1,0,1,25
286,1552,2,SM,1,1,1,2.08,0.89,1.68,0.67,0.94,0.84,0.6,0.3,1.0,2,0,4,1,0,2,0,1,0,1,25
286,1553,2,SM,1,1,1,2.26,0.89,2.73,0.74,0.87,0.52,0.3,0.3,1.0,2,0,4,1,0,2,0,1,0,1,25
286,1554,3,CAR,1,1,1,2.26,0.97,1.68,0.67,0.77,0.65,0.3,0.1,1.0,2,0,4,1,0,2,0,1,0,1,25
286,1555,3,CAR,1,1,1,2.26,0.89,1.68,0.89,0.94,0.52,0.6,0.2,0.0,2,0,4,1,0,2,0,1,0,1,25
286,1556,3,CAR,1,1,1,2.62,0.97,1.68,0.89,1.0,0.84,0.3,0.3,0.0,2,0,4,1,0,2,0,1,0,1,25
286,1557,2,SM,1,1,1,2.26,0.97,2.1,0.74,1.04,0.65,0.6,0.3,0.0,2,0,4,1,0,2,0,1,0,1,25
287,1558,1,TRAIN,1,1,0,2.19,1.0,0.0,0.67,0.84,0.0,0.6,0.1,0.0,2,0,4,1,0,2,1,1,0,25,1
287,1559,1,TRAIN,1,1,0,2.19,1.0,0.0,0.74,0.84,0.0,1.2,0.3,0.0,2,0,4,1,0,2,1,1,0,25,1
287,1560,1,TRAIN,1,1,0,2.19,1.0,0.0,0.67,0.84,0.0,0.6,0.1,0.0,2,0,4,1,0,2,1,1,0,25,1
287,1561,2,SM,1,1,0,2.19,1.0,0.0,0.74,0.84,0.0,1.2,0.3,0.0,2,0,4,1,0,2,1,1,0,25,1
287,1562,1,TRAIN,1,1,0,2.58,0.82,0.0,0.89,0.97,0.0,1.2,0.3,1.0,2,0,4,1,0,2,1,1,0,25,1
287,1563,2,SM,1,1,0,2.58,0.82,0.0,0.89,0.97,0.0,1.2,0.3,1.0,2,0,4,1,0,2,1,1,0,25,1
287,1564,1,TRAIN,1,1,0,2.0,1.0,0.0,0.74,0.84,0.0,0.6,0.2,1.0,2,0,4,1,0,2,1,1,0,25,1
287,1565,2,SM,1,1,0,2.0,1.0,0.0,0.74,0.84,0.0,0.6,0.2,1.0,2,0,4,1,0,2,1,1,0,25,1
287,1566,1,TRAIN,1,1,0,2.0,0.9,0.0,0.89,1.04,0.0,0.6,0.1,1.0,2,0,4,1,0,2,1,1,0,25,1
288,1567,1,TRAIN,1,1,0,2.0,0.9,0.0,0.89,1.04,0.0,0.6,0.1,1.0,2,0,4,1,0,2,1,1,0,25,1
288,1568,1,TRAIN,1,1,0,2.0,0.9,0.0,0.67,0.77,0.0,1.2,0.3,0.0,2,0,4,1,0,2,1,1,0,25,1
288,1569,1,TRAIN,1,1,0,2.58,1.0,0.0,0.67,0.84,0.0,1.2,0.2,1.0,2,0,4,1,0,2,1,1,0,25,1
288,1570,1,TRAIN,1,1,0,2.0,0.82,0.0,0.74,0.9,0.0,1.2,0.2,0.0,2,0,4,1,0,2,1,1,0,25,1
288,1571,1,TRAIN,1,1,0,2.19,1.0,0.0,0.89,1.2,0.0,0.3,0.2,1.0,2,0,4,1,0,2,1,1,0,25,1
288,1572,1,TRAIN,1,1,0,2.0,0.9,0.0,0.67,0.77,0.0,1.2,0.3,0.0,2,0,4,1,0,2,1,1,0,25,1
288,1573,1,TRAIN,1,1,0,2.58,1.0,0.0,0.67,0.84,0.0,1.2,0.2,1.0,2,0,4,1,0,2,1,1,0,25,1
288,1574,1,TRAIN,1,1,0,2.0,0.82,0.0,0.74,0.9,0.0,1.2,0.2,0.0,2,0,4,1,0,2,1,1,0,25,1
288,1575,1,TRAIN,1,1,0,2.19,1.0,0.0,0.89,1.2,0.0,0.3,0.2,1.0,2,0,4,1,0,2,1,1,0,25,1
289,1576,2,SM,1,1,0,0.92,0.34,0.0,0.24,0.29,0.0,0.3,0.1,0.0,2,0,4,1,2,3,0,2,0,17,1
289,1577,2,SM,1,1,0,0.92,0.31,0.0,0.24,0.38,0.0,1.2,0.1,1.0,2,0,4,1,2,3,0,2,0,17,1
289,1578,2,SM,1,1,0,0.92,0.29,0.0,0.22,0.34,0.0,0.3,0.2,0.0,2,0,4,1,2,3,0,2,0,17,1
289,1579,2,SM,1,1,0,0.74,0.29,0.0,0.22,0.34,0.0,0.6,0.3,1.0,2,0,4,1,2,3,0,2,0,17,1
289,1580,2,SM,1,1,0,0.8,0.29,0.0,0.24,0.31,0.0,0.3,0.3,1.0,2,0,4,1,2,3,0,2,0,17,1
289,1581,2,SM,1,1,0,0.8,0.31,0.0,0.22,0.26,0.0,0.3,0.1,1.0,2,0,4,1,2,3,0,2,0,17,1
289,1582,2,SM,1,1,0,0.8,0.29,0.0,0.29,0.34,0.0,0.6,0.2,0.0,2,0,4,1,2,3,0,2,0,17,1
289,1583,2,SM,1,1,0,0.92,0.31,0.0,0.29,0.37,0.0,0.3,0.3,0.0,2,0,4,1,2,3,0,2,0,17,1
289,1584,2,SM,1,1,0,0.8,0.31,0.0,0.24,0.38,0.0,0.6,0.3,0.0,2,0,4,1,2,3,0,2,0,17,1
290,1585,1,TRAIN,1,1,1,2.86,1.46,1.8,0.5,0.6,0.84,0.3,0.1,0.0,2,0,5,1,1,2,0,4,0,1,22
290,1586,1,TRAIN,1,1,1,2.86,1.38,2.34,0.5,0.8,1.36,1.2,0.1,1.0,2,0,5,1,1,2,0,4,0,1,22
290,1587,1,TRAIN,1,1,1,2.86,1.32,2.34,0.45,0.8,1.05,0.3,0.2,0.0,2,0,5,1,1,2,0,4,0,1,22
290,1588,1,TRAIN,1,1,1,2.26,1.32,1.44,0.45,0.8,1.36,0.6,0.3,1.0,2,0,5,1,1,2,0,4,0,1,22
290,1589,1,TRAIN,1,1,1,2.46,1.32,2.34,0.5,0.65,0.84,0.3,0.3,1.0,2,0,5,1,1,2,0,4,0,1,22
290,1590,3,CAR,1,1,1,2.46,1.38,1.44,0.45,0.6,1.05,0.3,0.1,1.0,2,0,5,1,1,2,0,4,0,1,22
290,1591,3,CAR,1,1,1,2.46,1.32,1.44,0.6,0.6,0.84,0.6,0.2,0.0,2,0,5,1,1,2,0,4,0,1,22
290,1592,1,TRAIN,1,1,1,2.86,1.38,1.44,0.6,0.65,1.36,0.3,0.3,0.0,2,0,5,1,1,2,0,4,0,1,22
290,1593,1,TRAIN,1,1,1,2.46,1.38,1.8,0.5,0.8,1.05,0.6,0.3,0.0,2,0,5,1,1,2,0,4,0,1,22
291,1594,2,SM,1,1,1,2.14,0.85,2.73,0.6,0.65,1.15,1.2,0.2,0.0,2,0,5,1,1,2,0,4,0,1,25
291,1595,2,SM,1,1,1,1.96,0.77,2.73,0.6,0.6,1.49,0.3,0.1,0.0,2,0,5,1,1,2,0,4,0,1,25
291,1596,2,SM,1,1,1,2.5,0.95,2.73,0.6,0.8,0.92,0.6,0.3,0.0,2,0,5,1,1,2,0,4,0,1,25
291,1597,1,TRAIN,1,1,1,1.96,0.85,1.68,0.5,0.8,0.92,0.3,0.2,0.0,2,0,5,1,1,2,0,4,0,1,25
291,1598,2,SM,1,1,1,2.5,0.85,2.1,0.45,0.6,1.49,0.6,0.2,0.0,2,0,5,1,1,2,0,4,0,1,25
291,1599,2,SM,1,1,1,2.14,0.77,2.1,0.45,0.8,0.92,1.2,0.1,0.0,2,0,5,1,1,2,0,4,0,1,25
291,1600,2,SM,1,1,1,1.96,0.95,1.68,0.6,0.8,1.15,1.2,0.1,0.0,2,0,5,1,1,2,0,4,0,1,25
291,1601,2,SM,1,1,1,1.96,0.95,2.1,0.45,0.65,1.15,0.3,0.3,0.0,2,0,5,1,1,2,0,4,0,1,25
291,1602,2,SM,1,1,1,2.5,0.77,1.68,0.5,0.65,1.15,0.6,0.1,0.0,2,0,5,1,1,2,0,4,0,1,25
292,1603,2,SM,1,1,1,2.22,0.85,1.6,0.5,0.6,0.76,0.3,0.1,0.0,2,0,5,1,1,3,0,3,0,1,22
292,1604,2,SM,1,1,1,2.22,0.77,2.08,0.5,0.8,1.23,1.2,0.1,1.0,2,0,5,1,1,3,0,3,0,1,22
292,1605,2,SM,1,1,1,2.22,0.71,2.08,0.45,0.8,0.95,0.3,0.2,0.0,2,0,5,1,1,3,0,3,0,1,22
292,1606,2,SM,1,1,1,1.66,0.71,1.28,0.45,0.8,1.23,0.6,0.3,1.0,2,0,5,1,1,3,0,3,0,1,22
292,1607,2,SM,1,1,1,1.85,0.71,2.08,0.5,0.65,0.76,0.3,0.3,1.0,2,0,5,1,1,3,0,3,0,1,22
292,1608,2,SM,1,1,1,1.85,0.77,1.28,0.45,0.6,0.95,0.3,0.1,1.0,2,0,5,1,1,3,0,3,0,1,22
292,1609,2,SM,1,1,1,1.85,0.71,1.28,0.6,0.6,0.76,0.6,0.2,0.0,2,0,5,1,1,3,0,3,0,1,22
292,1610,1,TRAIN,1,1,1,2.22,0.77,1.28,0.6,0.65,1.23,0.3,0.3,0.0,2,0,5,1,1,3,0,3,0,1,22
292,1611,2,SM,1,1,1,1.85,0.77,1.6,0.5,0.8,0.95,0.6,0.3,0.0,2,0,5,1,1,3,0,3,0,1,22
293,1612,1,TRAIN,1,1,1,2.32,0.98,1.7,0.5,0.6,0.92,0.3,0.1,0.0,2,0,5,1,1,3,0,2,0,22,1
293,1613,1,TRAIN,1,1,1,2.32,0.9,2.21,0.5,0.8,1.49,1.2,0.1,1.0,2,0,5,1,1,3,0,2,0,22,1
293,1614,1,TRAIN,1,1,1,2.32,0.84,2.21,0.45,0.8,1.15,0.3,0.2,0.0,2,0,5,1,1,3,0,2,0,22,1
293,1615,1,TRAIN,1,1,1,1.81,0.84,1.36,0.45,0.8,1.49,0.6,0.3,1.0,2,0,5,1,1,3,0,2,0,22,1
293,1616,1,TRAIN,1,1,1,1.98,0.84,2.21,0.5,0.65,0.92,0.3,0.3,1.0,2,0,5,1,1,3,0,2,0,22,1
293,1617,1,TRAIN,1,1,1,1.98,0.9,1.36,0.45,0.6,1.15,0.3,0.1,1.0,2,0,5,1,1,3,0,2,0,22,1
293,1618,2,SM,1,1,1,1.98,0.84,1.36,0.6,0.6,0.92,0.6,0.2,0.0,2,0,5,1,1,3,0,2,0,22,1
293,1619,2,SM,1,1,1,2.32,0.9,1.36,0.6,0.65,1.49,0.3,0.3,0.0,2,0,5,1,1,3,0,2,0,22,1
293,1620,1,TRAIN,1,1,1,1.98,0.9,1.7,0.5,0.8,1.15,0.6,0.3,0.0,2,0,5,1,1,3,0,2,0,22,1
294,1621,2,SM,1,1,0,2.03,0.67,0.0,0.5,0.6,0.0,0.3,0.1,0.0,2,0,5,1,1,4,0,1,0,2,17
294,1622,2,SM,1,1,0,2.03,0.59,0.0,0.5,0.8,0.0,1.2,0.1,1.0,2,0,5,1,1,4,0,1,0,2,17
294,1623,2,SM,1,1,0,2.03,0.53,0.0,0.45,0.8,0.0,0.3,0.2,0.0,2,0,5,1,1,4,0,1,0,2,17
294,1624,2,SM,1,1,0,1.57,0.53,0.0,0.45,0.8,0.0,0.6,0.3,1.0,2,0,5,1,1,4,0,1,0,2,17
294,1625,2,SM,1,1,0,1.72,0.53,0.0,0.5,0.65,0.0,0.3,0.3,1.0,2,0,5,1,1,4,0,1,0,2,17
294,1626,2,SM,1,1,0,1.72,0.59,0.0,0.45,0.6,0.0,0.3,0.1,1.0,2,0,5,1,1,4,0,1,0,2,17
294,1627,2,SM,1,1,0,1.72,0.53,0.0,0.6,0.6,0.0,0.6,0.2,0.0,2,0,5,1,1,4,0,1,0,2,17
294,1628,2,SM,1,1,0,2.03,0.59,0.0,0.6,0.65,0.0,0.3,0.3,0.0,2,0,5,1,1,4,0,1,0,2,17
294,1629,2,SM,1,1,0,1.72,0.59,0.0,0.5,0.8,0.0,0.6,0.3,0.0,2,0,5,1,1,4,0,1,0,2,17
295,1630,2,SM,1,1,0,2.42,0.75,0.0,0.0,0.0,0.0,1.2,0.2,0.0,2,0,6,1,0,1,1,4,1,22,17
295,1631,2,SM,1,1,0,2.19,0.66,0.0,0.0,0.0,0.0,0.3,0.1,0.0,2,0,6,1,0,1,1,4,1,22,17
295,1632,2,SM,1,1,0,2.87,0.87,0.0,0.0,0.0,0.0,0.6,0.3,0.0,2,0,6,1,0,1,1,4,1,22,17
295,1633,1,TRAIN,1,1,0,2.19,0.75,0.0,0.0,0.0,0.0,0.3,0.2,0.0,2,0,6,1,0,1,1,4,1,22,17
295,1634,2,SM,1,1,0,2.87,0.75,0.0,0.0,0.0,0.0,0.6,0.2,0.0,2,0,6,1,0,1,1,4,1,22,17
295,1635,1,TRAIN,1,1,0,2.42,0.66,0.0,0.0,0.0,0.0,1.2,0.1,0.0,2,0,6,1,0,1,1,4,1,22,17
295,1636,1,TRAIN,1,1,0,2.19,0.87,0.0,0.0,0.0,0.0,1.2,0.1,0.0,2,0,6,1,0,1,1,4,1,22,17
295,1637,1,TRAIN,1,1,0,2.19,0.87,0.0,0.0,0.0,0.0,0.3,0.3,0.0,2,0,6,1,0,1,1,4,1,22,17
295,1638,2,SM,1,1,0,2.87,0.66,0.0,0.0,0.0,0.0,0.6,0.1,0.0,2,0,6,1,0,1,1,4,1,22,17
296,1639,2,SM,1,1,0,1.63,0.85,0.0,0.0,0.0,0.0,1.2,0.3,1.0,2,0,6,1,0,2,0,1,1,2,1
296,1640,1,TRAIN,1,1,0,1.63,0.92,0.0,0.0,0.0,0.0,1.2,0.2,1.0,2,0,6,1,0,2,0,1,1,2,1
296,1641,1,TRAIN,1,1,0,1.33,0.88,0.0,0.0,0.0,0.0,1.2,0.3,0.0,2,0,6,1,0,2,0,1,1,2,1
296,1642,1,TRAIN,1,1,0,1.43,0.92,0.0,0.0,0.0,0.0,0.6,0.1,0.0,2,0,6,1,0,2,0,1,1,2,1
296,1643,2,SM,1,1,0,1.43,0.92,0.0,0.0,0.0,0.0,1.2,0.3,0.0,2,0,6,1,0,2,0,1,1,2,1
296,1644,2,SM,1,1,0,1.33,0.88,0.0,0.0,0.0,0.0,0.6,0.1,1.0,2,0,6,1,0,2,0,1,1,2,1
296,1645,2,SM,1,1,0,1.33,0.92,0.0,0.0,0.0,0.0,0.6,0.2,1.0,2,0,6,1,0,2,0,1,1,2,1
296,1646,1,TRAIN,1,1,0,1.43,0.92,0.0,0.0,0.0,0.0,0.3,0.2,1.0,2,0,6,1,0,2,0,1,1,2,1
296,1647,1,TRAIN,1,1,0,1.33,0.85,0.0,0.0,0.0,0.0,1.2,0.2,0.0,2,0,6,1,0,2,0,1,1,2,1
297,1648,2,SM,1,1,0,1.31,0.88,0.0,0.0,0.0,0.0,1.2,0.2,0.0,2,0,6,1,0,2,0,4,1,10,1
297,1649,2,SM,1,1,0,1.2,0.85,0.0,0.0,0.0,0.0,0.3,0.1,0.0,2,0,6,1,0,2,0,4,1,10,1
297,1650,1,TRAIN,1,1,0,1.53,0.92,0.0,0.0,0.0,0.0,0.6,0.3,0.0,2,0,6,1,0,2,0,4,1,10,1
297,1651,1,TRAIN,1,1,0,1.2,0.88,0.0,0.0,0.0,0.0,0.3,0.2,0.0,2,0,6,1,0,2,0,4,1,10,1
297,1652,1,TRAIN,1,1,0,1.53,0.88,0.0,0.0,0.0,0.0,0.6,0.2,0.0,2,0,6,1,0,2,0,4,1,10,1
297,1653,1,TRAIN,1,1,0,1.31,0.85,0.0,0.0,0.0,0.0,1.2,0.1,0.0,2,0,6,1,0,2,0,4,1,10,1
297,1654,1,TRAIN,1,1,0,1.2,0.92,0.0,0.0,0.0,0.0,1.2,0.1,0.0,2,0,6,1,0,2,0,4,1,10,1
297,1655,1,TRAIN,1,1,0,1.2,0.92,0.0,0.0,0.0,0.0,0.3,0.3,0.0,2,0,6,1,0,2,0,4,1,10,1
297,1656,1,TRAIN,1,1,0,1.53,0.85,0.0,0.0,0.0,0.0,0.6,0.1,0.0,2,0,6,1,0,2,0,4,1,10,1
298,1657,3,CAR,1,1,1,1.03,0.31,0.8,0.0,0.0,0.4,1.2,0.3,1.0,2,0,6,1,0,4,0,2,1,2,22
298,1658,3,CAR,1,1,1,0.82,0.34,1.04,0.0,0.0,0.32,1.2,0.3,0.0,2,0,6,1,0,4,0,2,1,2,22
298,1659,3,CAR,1,1,1,1.03,0.38,0.64,0.0,0.0,0.32,1.2,0.2,1.0,2,0,6,1,0,4,0,2,1,2,22
298,1660,3,CAR,1,1,1,0.89,0.38,1.04,0.0,0.0,0.52,0.6,0.1,0.0,2,0,6,1,0,4,0,2,1,2,22
298,1661,3,CAR,1,1,1,0.89,0.38,0.64,0.0,0.0,0.52,1.2,0.3,0.0,2,0,6,1,0,4,0,2,1,2,22
298,1662,3,CAR,1,1,1,0.82,0.38,1.04,0.0,0.0,0.4,0.6,0.2,1.0,2,0,6,1,0,4,0,2,1,2,22
298,1663,3,CAR,1,1,1,0.82,0.34,0.8,0.0,0.0,0.32,0.6,0.1,1.0,2,0,6,1,0,4,0,2,1,2,22
298,1664,3,CAR,1,1,1,0.82,0.31,0.8,0.0,0.0,0.52,1.2,0.2,0.0,2,0,6,1,0,4,0,2,1,2,22
298,1665,3,CAR,1,1,1,0.89,0.38,0.8,0.0,0.0,0.52,0.3,0.2,1.0,2,0,6,1,0,4,0,2,1,2,22
299,1666,2,SM,1,1,0,1.38,0.59,0.0,0.0,0.0,0.0,1.2,0.3,1.0,2,0,6,1,1,1,0,1,1,9,2
299,1667,1,TRAIN,1,1,0,1.38,0.66,0.0,0.0,0.0,0.0,1.2,0.2,1.0,2,0,6,1,1,1,0,1,1,9,2
299,1668,1,TRAIN,1,1,0,1.06,0.62,0.0,0.0,0.0,0.0,1.2,0.3,0.0,2,0,6,1,1,1,0,1,1,9,2
299,1669,1,TRAIN,1,1,0,1.17,0.66,0.0,0.0,0.0,0.0,0.6,0.1,0.0,2,0,6,1,1,1,0,1,1,9,2
299,1670,2,SM,1,1,0,1.17,0.66,0.0,0.0,0.0,0.0,1.2,0.3,0.0,2,0,6,1,1,1,0,1,1,9,2
299,1671,2,SM,1,1,0,1.06,0.62,0.0,0.0,0.0,0.0,0.6,0.1,1.0,2,0,6,1,1,1,0,1,1,9,2
299,1672,2,SM,1,1,0,1.06,0.66,0.0,0.0,0.0,0.0,0.6,0.2,1.0,2,0,6,1,1,1,0,1,1,9,2
299,1673,1,TRAIN,1,1,0,1.06,0.59,0.0,0.0,0.0,0.0,1.2,0.2,0.0,2,0,6,1,1,1,0,1,1,9,2
299,1674,1,TRAIN,1,1,0,1.17,0.66,0.0,0.0,0.0,0.0,0.3,0.2,1.0,2,0,6,1,1,1,0,1,1,9,2
300,1675,2,SM,1,1,0,0.86,0.57,0.0,0.0,0.0,0.0,0.3,0.1,0.0,2,0,6,1,1,1,0,1,1,22,25
300,1676,1,TRAIN,1,1,0,0.86,0.53,0.0,0.0,0.0,0.0,0.3,0.2,0.0,2,0,6,1,1,1,0,1,1,22,25
300,1677,1,TRAIN,1,1,0,0.86,0.55,0.0,0.0,0.0,0.0,1.2,0.1,1.0,2,0,6,1,1,1,0,1,1,22,25
300,1678,1,TRAIN,1,1,0,0.76,0.53,0.0,0.0,0.0,0.0,0.6,0.3,1.0,2,0,6,1,1,1,0,1,1,22,25
300,1679,2,SM,1,1,0,0.79,0.53,0.0,0.0,0.0,0.0,0.3,0.3,1.0,2,0,6,1,1,1,0,1,1,22,25
300,1680,2,SM,1,1,0,0.79,0.55,0.0,0.0,0.0,0.0,0.3,0.1,1.0,2,0,6,1,1,1,0,1,1,22,25
300,1681,2,SM,1,1,0,0.79,0.53,0.0,0.0,0.0,0.0,0.6,0.2,0.0,2,0,6,1,1,1,0,1,1,22,25
300,1682,1,TRAIN,1,1,0,0.79,0.55,0.0,0.0,0.0,0.0,0.6,0.3,0.0,2,0,6,1,1,1,0,1,1,22,25
300,1683,2,SM,1,1,0,0.86,0.55,0.0,0.0,0.0,0.0,0.3,0.3,0.0,2,0,6,1,1,1,0,1,1,22,25
301,1684,1,TRAIN,1,1,0,1.19,0.93,0.0,0.0,0.0,0.0,0.3,0.1,0.0,2,0,6,1,1,1,0,1,1,25,10
301,1685,1,TRAIN,1,1,0,1.19,0.91,0.0,0.0,0.0,0.0,1.2,0.1,1.0,2,0,6,1,1,1,0,1,1,25,10
301,1686,1,TRAIN,1,1,0,1.19,0.89,0.0,0.0,0.0,0.0,0.3,0.2,0.0,2,0,6,1,1,1,0,1,1,25,10
301,1687,1,TRAIN,1,1,0,0.94,0.89,0.0,0.0,0.0,0.0,0.6,0.3,1.0,2,0,6,1,1,1,0,1,1,25,10
301,1688,1,TRAIN,1,1,0,1.02,0.89,0.0,0.0,0.0,0.0,0.3,0.3,1.0,2,0,6,1,1,1,0,1,1,25,10
301,1689,2,SM,1,1,0,1.02,0.91,0.0,0.0,0.0,0.0,0.3,0.1,1.0,2,0,6,1,1,1,0,1,1,25,10
301,1690,2,SM,1,1,0,1.02,0.89,0.0,0.0,0.0,0.0,0.6,0.2,0.0,2,0,6,1,1,1,0,1,1,25,10
301,1691,1,TRAIN,1,1,0,1.19,0.91,0.0,0.0,0.0,0.0,0.3,0.3,0.0,2,0,6,1,1,1,0,1,1,25,10
301,1692,1,TRAIN,1,1,0,1.02,0.91,0.0,0.0,0.0,0.0,0.6,0.3,0.0,2,0,6,1,1,1,0,1,1,25,10
302,1693,2,SM,1,1,0,1.53,0.62,0.0,0.0,0.0,0.0,0.3,0.1,0.0,2,0,6,1,1,1,0,4,1,25,2
302,1694,1,TRAIN,1,1,0,1.53,0.56,0.0,0.0,0.0,0.0,1.2,0.1,1.0,2,0,6,1,1,1,0,4,1,25,2
302,1695,1,TRAIN,1,1,0,1.53,0.51,0.0,0.0,0.0,0.0,0.3,0.2,0.0,2,0,6,1,1,1,0,4,1,25,2
302,1696,1,TRAIN,1,1,0,1.21,0.51,0.0,0.0,0.0,0.0,0.6,0.3,1.0,2,0,6,1,1,1,0,4,1,25,2
302,1697,1,TRAIN,1,1,0,1.32,0.51,0.0,0.0,0.0,0.0,0.3,0.3,1.0,2,0,6,1,1,1,0,4,1,25,2
302,1698,1,TRAIN,1,1,0,1.32,0.56,0.0,0.0,0.0,0.0,0.3,0.1,1.0,2,0,6,1,1,1,0,4,1,25,2
302,1699,2,SM,1,1,0,1.32,0.51,0.0,0.0,0.0,0.0,0.6,0.2,0.0,2,0,6,1,1,1,0,4,1,25,2
302,1700,1,TRAIN,1,1,0,1.53,0.56,0.0,0.0,0.0,0.0,0.3,0.3,0.0,2,0,6,1,1,1,0,4,1,25,2
302,1701,1,TRAIN,1,1,0,1.32,0.56,0.0,0.0,0.0,0.0,0.6,0.3,0.0,2,0,6,1,1,1,0,4,1,25,2
303,1702,1,TRAIN,1,1,0,2.05,1.01,0.0,0.0,0.0,0.0,0.3,0.1,0.0,2,0,6,1,1,1,1,1,1,17,2
303,1703,1,TRAIN,1,1,0,2.05,0.93,0.0,0.0,0.0,0.0,1.2,0.1,1.0,2,0,6,1,1,1,1,1,1,17,2
303,1704,1,TRAIN,1,1,0,2.05,0.87,0.0,0.0,0.0,0.0,0.3,0.2,0.0,2,0,6,1,1,1,1,1,1,17,2
303,1705,1,TRAIN,1,1,0,1.61,0.87,0.0,0.0,0.0,0.0,0.6,0.3,1.0,2,0,6,1,1,1,1,1,1,17,2
303,1706,1,TRAIN,1,1,0,1.76,0.87,0.0,0.0,0.0,0.0,0.3,0.3,1.0,2,0,6,1,1,1,1,1,1,17,2
303,1707,1,TRAIN,1,1,0,1.76,0.93,0.0,0.0,0.0,0.0,0.3,0.1,1.0,2,0,6,1,1,1,1,1,1,17,2
303,1708,2,SM,1,1,0,1.76,0.87,0.0,0.0,0.0,0.0,0.6,0.2,0.0,2,0,6,1,1,1,1,1,1,17,2
303,1709,2,SM,1,1,0,2.05,0.93,0.0,0.0,0.0,0.0,0.3,0.3,0.0,2,0,6,1,1,1,1,1,1,17,2
303,1710,1,TRAIN,1,1,0,1.76,0.93,0.0,0.0,0.0,0.0,0.6,0.3,0.0,2,0,6,1,1,1,1,1,1,17,2
304,1711,2,SM,1,1,1,0.87,0.63,0.91,0.0,0.0,0.4,1.2,0.2,0.0,2,0,6,1,1,1,1,1,1,22,25
304,1712,1,TRAIN,1,1,1,1.02,0.65,0.91,0.0,0.0,0.32,0.6,0.3,0.0,2,0,6,1,1,1,1,1,1,22,25
304,1713,2,SM,1,1,1,0.79,0.61,0.91,0.0,0.0,0.52,0.3,0.1,0.0,2,0,6,1,1,1,1,1,1,22,25
304,1714,1,TRAIN,1,1,1,0.79,0.63,0.56,0.0,0.0,0.32,0.3,0.2,0.0,2,0,6,1,1,1,1,1,1,22,25
304,1715,2,SM,1,1,1,1.02,0.63,0.7,0.0,0.0,0.52,0.6,0.2,0.0,2,0,6,1,1,1,1,1,1,22,25
304,1716,2,SM,1,1,1,0.87,0.61,0.7,0.0,0.0,0.32,1.2,0.1,0.0,2,0,6,1,1,1,1,1,1,22,25
304,1717,1,TRAIN,1,1,1,0.79,0.65,0.56,0.0,0.0,0.4,1.2,0.1,0.0,2,0,6,1,1,1,1,1,1,22,25
304,1718,1,TRAIN,1,1,1,1.02,0.61,0.56,0.0,0.0,0.4,0.6,0.1,0.0,2,0,6,1,1,1,1,1,1,22,25
304,1719,1,TRAIN,1,1,1,0.79,0.65,0.7,0.0,0.0,0.4,0.3,0.3,0.0,2,0,6,1,1,1,1,1,1,22,25
305,1720,2,SM,1,1,0,2.32,1.77,0.0,0.0,0.0,0.0,1.2,0.2,0.0,2,0,6,1,1,1,1,4,1,22,2
305,1721,2,SM,1,1,0,2.1,1.74,0.0,0.0,0.0,0.0,0.3,0.1,0.0,2,0,6,1,1,1,1,4,1,22,2
305,1722,2,SM,1,1,0,2.76,1.81,0.0,0.0,0.0,0.0,0.6,0.3,0.0,2,0,6,1,1,1,1,4,1,22,2
305,1723,1,TRAIN,1,1,0,2.1,1.77,0.0,0.0,0.0,0.0,0.3,0.2,0.0,2,0,6,1,1,1,1,4,1,22,2
305,1724,2,SM,1,1,0,2.76,1.77,0.0,0.0,0.0,0.0,0.6,0.2,0.0,2,0,6,1,1,1,1,4,1,22,2
305,1725,2,SM,1,1,0,2.32,1.74,0.0,0.0,0.0,0.0,1.2,0.1,0.0,2,0,6,1,1,1,1,4,1,22,2
305,1726,1,TRAIN,1,1,0,2.1,1.81,0.0,0.0,0.0,0.0,1.2,0.1,0.0,2,0,6,1,1,1,1,4,1,22,2
305,1727,2,SM,1,1,0,2.1,1.81,0.0,0.0,0.0,0.0,0.3,0.3,0.0,2,0,6,1,1,1,1,4,1,22,2
305,1728,1,TRAIN,1,1,0,2.76,1.74,0.0,0.0,0.0,0.0,0.6,0.1,0.0,2,0,6,1,1,1,1,4,1,22,2
306,1729,2,SM,1,1,1,1.47,0.7,1.1,0.0,0.0,0.8,1.2,0.3,1.0,2,0,6,1,1,2,1,1,1,1,2
306,1730,2,SM,1,1,1,1.14,0.73,1.43,0.0,0.0,0.64,1.2,0.3,0.0,2,0,6,1,1,2,1,1,1,1,2
306,1731,2,SM,1,1,1,1.47,0.77,0.88,0.0,0.0,0.64,1.2,0.2,1.0,2,0,6,1,1,2,1,1,1,1,2
306,1732,2,SM,1,1,1,1.25,0.77,1.43,0.0,0.0,1.04,0.6,0.1,0.0,2,0,6,1,1,2,1,1,1,1,2
306,1733,2,SM,1,1,1,1.25,0.77,0.88,0.0,0.0,1.04,1.2,0.3,0.0,2,0,6,1,1,2,1,1,1,1,2
306,1734,2,SM,1,1,1,1.14,0.77,1.43,0.0,0.0,0.8,0.6,0.2,1.0,2,0,6,1,1,2,1,1,1,1,2
306,1735,2,SM,1,1,1,1.14,0.73,1.1,0.0,0.0,0.64,0.6,0.1,1.0,2,0,6,1,1,2,1,1,1,1,2
306,1736,2,SM,1,1,1,1.14,0.7,1.1,0.0,0.0,1.04,1.2,0.2,0.0,2,0,6,1,1,2,1,1,1,1,2
306,1737,1,TRAIN,1,1,1,1.25,0.77,1.1,0.0,0.0,1.04,0.3,0.2,1.0,2,0,6,1,1,2,1,1,1,1,2
307,1738,2,SM,1,1,0,0.81,0.26,0.0,0.0,0.0,0.0,1.2,0.2,0.0,2,0,6,1,1,2,1,1,1,2,1
307,1739,2,SM,1,1,0,0.73,0.23,0.0,0.0,0.0,0.0,0.3,0.1,0.0,2,0,6,1,1,2,1,1,1,2,1
307,1740,2,SM,1,1,0,0.96,0.3,0.0,0.0,0.0,0.0,0.6,0.3,0.0,2,0,6,1,1,2,1,1,1,2,1
307,1741,1,TRAIN,1,1,0,0.73,0.26,0.0,0.0,0.0,0.0,0.3,0.2,0.0,2,0,6,1,1,2,1,1,1,2,1
307,1742,2,SM,1,1,0,0.96,0.26,0.0,0.0,0.0,0.0,0.6,0.2,0.0,2,0,6,1,1,2,1,1,1,2,1
307,1743,2,SM,1,1,0,0.81,0.23,0.0,0.0,0.0,0.0,1.2,0.1,0.0,2,0,6,1,1,2,1,1,1,2,1
307,1744,2,SM,1,1,0,0.73,0.3,0.0,0.0,0.0,0.0,1.2,0.1,0.0,2,0,6,1,1,2,1,1,1,2,1
307,1745,2,SM,1,1,0,0.73,0.3,0.0,0.0,0.0,0.0,0.3,0.3,0.0,2,0,6,1,1,2,1,1,1,2,1
307,1746,2,SM,1,1,0,0.96,0.23,0.0,0.0,0.0,0.0,0.6,0.1,0.0,2,0,6,1,1,2,1,1,1,2,1
308,1747,2,SM,1,1,0,1.46,0.44,0.0,0.0,0.0,0.0,1.2,0.3,1.0,2,0,6,1,1,2,1,1,1,2,25
308,1748,1,TRAIN,1,1,0,1.14,0.49,0.0,0.0,0.0,0.0,1.2,0.3,0.0,2,0,6,1,1,2,1,1,1,2,25
308,1749,1,TRAIN,1,1,0,1.46,0.55,0.0,0.0,0.0,0.0,1.2,0.2,1.0,2,0,6,1,1,2,1,1,1,2,25
308,1750,1,TRAIN,1,1,0,1.25,0.55,0.0,0.0,0.0,0.0,0.6,0.1,0.0,2,0,6,1,1,2,1,1,1,2,25
308,1751,1,TRAIN,1,1,0,1.25,0.55,0.0,0.0,0.0,0.0,1.2,0.3,0.0,2,0,6,1,1,2,1,1,1,2,25
308,1752,1,TRAIN,1,1,0,1.14,0.55,0.0,0.0,0.0,0.0,0.6,0.2,1.0,2,0,6,1,1,2,1,1,1,2,25
308,1753,2,SM,1,1,0,1.14,0.49,0.0,0.0,0.0,0.0,0.6,0.1,1.0,2,0,6,1,1,2,1,1,1,2,25
308,1754,1,TRAIN,1,1,0,1.14,0.44,0.0,0.0,0.0,0.0,1.2,0.2,0.0,2,0,6,1,1,2,1,1,1,2,25
308,1755,1,TRAIN,1,1,0,1.25,0.55,0.0,0.0,0.0,0.0,0.3,0.2,1.0,2,0,6,1,1,2,1,1,1,2,25
309,1756,1,TRAIN,1,1,0,2.36,0.63,0.0,0.0,0.0,0.0,1.2,0.3,1.0,2,0,6,1,1,2,1,2,1,25,1
309,1757,1,TRAIN,1,1,0,1.82,0.71,0.0,0.0,0.0,0.0,1.2,0.3,0.0,2,0,6,1,1,2,1,2,1,25,1
309,1758,1,TRAIN,1,1,0,2.36,0.81,0.0,0.0,0.0,0.0,1.2,0.2,1.0,2,0,6,1,1,2,1,2,1,25,1
309,1759,1,TRAIN,1,1,0,2.0,0.81,0.0,0.0,0.0,0.0,0.6,0.1,0.0,2,0,6,1,1,2,1,2,1,25,1
309,1760,1,TRAIN,1,1,0,2.0,0.81,0.0,0.0,0.0,0.0,1.2,0.3,0.0,2,0,6,1,1,2,1,2,1,25,1
309,1761,1,TRAIN,1,1,0,1.82,0.81,0.0,0.0,0.0,0.0,0.6,0.2,1.0,2,0,6,1,1,2,1,2,1,25,1
309,1762,1,TRAIN,1,1,0,1.82,0.71,0.0,0.0,0.0,0.0,0.6,0.1,1.0,2,0,6,1,1,2,1,2,1,25,1
309,1763,1,TRAIN,1,1,0,1.82,0.63,0.0,0.0,0.0,0.0,1.2,0.2,0.0,2,0,6,1,1,2,1,2,1,25,1
309,1764,1,TRAIN,1,1,0,2.0,0.81,0.0,0.0,0.0,0.0,0.3,0.2,1.0,2,0,6,1,1,2,1,2,1,25,1
310,1765,2,SM,1,1,0,1.1,0.57,0.0,0.0,0.0,0.0,1.2,0.2,0.0,2,0,6,1,1,3,1,1,1,17,1
310,1766,2,SM,1,1,0,1.24,0.61,0.0,0.0,0.0,0.0,0.6,0.3,0.0,2,0,6,1,1,3,1,1,1,17,1
310,1767,2,SM,1,1,0,1.03,0.54,0.0,0.0,0.0,0.0,0.3,0.1,0.0,2,0,6,1,1,3,1,1,1,17,1
310,1768,1,TRAIN,1,1,0,1.03,0.57,0.0,0.0,0.0,0.0,0.3,0.2,0.0,2,0,6,1,1,3,1,1,1,17,1
310,1769,2,SM,1,1,0,1.24,0.57,0.0,0.0,0.0,0.0,0.6,0.2,0.0,2,0,6,1,1,3,1,1,1,17,1
310,1770,2,SM,1,1,0,1.03,0.61,0.0,0.0,0.0,0.0,1.2,0.1,0.0,2,0,6,1,1,3,1,1,1,17,1
310,1771,1,TRAIN,1,1,0,1.1,0.54,0.0,0.0,0.0,0.0,1.2,0.1,0.0,2,0,6,1,1,3,1,1,1,17,1
310,1772,2,SM,1,1,0,1.24,0.54,0.0,0.0,0.0,0.0,0.6,0.1,0.0,2,0,6,1,1,3,1,1,1,17,1
310,1773,2,SM,1,1,0,1.03,0.61,0.0,0.0,0.0,0.0,0.3,0.3,0.0,2,0,6,1,1,3,1,1,1,17,1
311,1774,2,SM,1,1,1,1.21,0.66,1.3,0.0,0.0,0.6,1.2,0.2,0.0,2,0,6,1,1,3,1,2,1,10,1
311,1775,2,SM,1,1,1,1.41,0.7,1.3,0.0,0.0,0.48,0.6,0.3,0.0,2,0,6,1,1,3,1,2,1,10,1
311,1776,2,SM,1,1,1,1.11,0.63,1.3,0.0,0.0,0.78,0.3,0.1,0.0,2,0,6,1,1,3,1,2,1,10,1
311,1777,2,SM,1,1,1,1.11,0.66,0.8,0.0,0.0,0.48,0.3,0.2,0.0,2,0,6,1,1,3,1,2,1,10,1
311,1778,2,SM,1,1,1,1.41,0.66,1.0,0.0,0.0,0.78,0.6,0.2,0.0,2,0,6,1,1,3,1,2,1,10,1
311,1779,2,SM,1,1,1,1.11,0.7,0.8,0.0,0.0,0.6,1.2,0.1,0.0,2,0,6,1,1,3,1,2,1,10,1
311,1780,2,SM,1,1,1,1.21,0.63,1.0,0.0,0.0,0.48,1.2,0.1,0.0,2,0,6,1,1,3,1,2,1,10,1
311,1781,2,SM,1,1,1,1.41,0.63,0.8,0.0,0.0,0.6,0.6,0.1,0.0,2,0,6,1,1,3,1,2,1,10,1
311,1782,2,SM,1,1,1,1.11,0.7,1.0,0.0,0.0,0.6,0.3,0.3,0.0,2,0,6,1,1,3,1,2,1,10,1
312,1783,2,SM,1,1,0,1.16,0.53,0.0,0.0,0.0,0.0,0.3,0.1,0.0,2,0,6,1,1,3,1,2,1,17,1
312,1784,1,TRAIN,1,1,0,1.16,0.49,0.0,0.0,0.0,0.0,1.2,0.1,1.0,2,0,6,1,1,3,1,2,1,17,1
312,1785,1,TRAIN,1,1,0,1.16,0.46,0.0,0.0,0.0,0.0,0.3,0.2,0.0,2,0,6,1,1,3,1,2,1,17,1
312,1786,1,TRAIN,1,1,0,0.95,0.46,0.0,0.0,0.0,0.0,0.6,0.3,1.0,2,0,6,1,1,3,1,2,1,17,1
312,1787,2,SM,1,1,0,1.02,0.46,0.0,0.0,0.0,0.0,0.3,0.3,1.0,2,0,6,1,1,3,1,2,1,17,1
312,1788,2,SM,1,1,0,1.02,0.49,0.0,0.0,0.0,0.0,0.3,0.1,1.0,2,0,6,1,1,3,1,2,1,17,1
312,1789,2,SM,1,1,0,1.02,0.46,0.0,0.0,0.0,0.0,0.6,0.2,0.0,2,0,6,1,1,3,1,2,1,17,1
312,1790,2,SM,1,1,0,1.16,0.49,0.0,0.0,0.0,0.0,0.3,0.3,0.0,2,0,6,1,1,3,1,2,1,17,1
312,1791,1,TRAIN,1,1,0,1.02,0.49,0.0,0.0,0.0,0.0,0.6,0.3,0.0,2,0,6,1,1,3,1,2,1,17,1
313,1792,1,TRAIN,1,1,0,1.41,0.69,0.0,0.0,0.0,0.0,0.3,0.1,0.0,2,0,6,1,1,4,1,3,1,1,2
313,1793,1,TRAIN,1,1,0,1.41,0.65,0.0,0.0,0.0,0.0,1.2,0.1,1.0,2,0,6,1,1,4,1,3,1,1,2
313,1794,1,TRAIN,1,1,0,1.41,0.62,0.0,0.0,0.0,0.0,0.3,0.2,0.0,2,0,6,1,1,4,1,3,1,1,2
313,1795,1,TRAIN,1,1,0,1.09,0.62,0.0,0.0,0.0,0.0,0.6,0.3,1.0,2,0,6,1,1,4,1,3,1,1,2
313,1796,1,TRAIN,1,1,0,1.2,0.62,0.0,0.0,0.0,0.0,0.3,0.3,1.0,2,0,6,1,1,4,1,3,1,1,2
313,1797,1,TRAIN,1,1,0,1.2,0.65,0.0,0.0,0.0,0.0,0.3,0.1,1.0,2,0,6,1,1,4,1,3,1,1,2
313,1798,2,SM,1,1,0,1.2,0.62,0.0,0.0,0.0,0.0,0.6,0.2,0.0,2,0,6,1,1,4,1,3,1,1,2
313,1799,2,SM,1,1,0,1.41,0.65,0.0,0.0,0.0,0.0,0.3,0.3,0.0,2,0,6,1,1,4,1,3,1,1,2
313,1800,1,TRAIN,1,1,0,1.2,0.65,0.0,0.0,0.0,0.0,0.6,0.3,0.0,2,0,6,1,1,4,1,3,1,1,2
314,1801,1,TRAIN,1,1,0,0.87,0.34,0.0,0.0,0.0,0.0,1.2,0.2,0.0,2,0,6,1,1,5,0,2,1,1,17
314,1802,1,TRAIN,1,1,0,1.01,0.38,0.0,0.0,0.0,0.0,0.6,0.3,0.0,2,0,6,1,1,5,0,2,1,1,17
314,1803,1,TRAIN,1,1,0,0.8,0.31,0.0,0.0,0.0,0.0,0.3,0.1,0.0,2,0,6,1,1,5,0,2,1,1,17
314,1804,1,TRAIN,1,1,0,0.8,0.34,0.0,0.0,0.0,0.0,0.3,0.2,0.0,2,0,6,1,1,5,0,2,1,1,17
314,1805,1,TRAIN,1,1,0,1.01,0.34,0.0,0.0,0.0,0.0,0.6,0.2,0.0,2,0,6,1,1,5,0,2,1,1,17
314,1806,1,TRAIN,1,1,0,0.8,0.38,0.0,0.0,0.0,0.0,1.2,0.1,0.0,2,0,6,1,1,5,0,2,1,1,17
314,1807,1,TRAIN,1,1,0,0.87,0.31,0.0,0.0,0.0,0.0,1.2,0.1,0.0,2,0,6,1,1,5,0,2,1,1,17
314,1808,1,TRAIN,1,1,0,1.01,0.31,0.0,0.0,0.0,0.0,0.6,0.1,0.0,2,0,6,1,1,5,0,2,1,1,17
314,1809,1,TRAIN,1,1,0,0.8,0.38,0.0,0.0,0.0,0.0,0.3,0.3,0.0,2,0,6,1,1,5,0,2,1,1,17
315,1810,1,TRAIN,1,1,0,2.44,1.15,0.0,0.0,0.0,0.0,1.2,0.2,0.0,2,0,6,1,1,5,1,2,1,1,25
315,1811,1,TRAIN,1,1,0,2.21,1.07,0.0,0.0,0.0,0.0,0.3,0.1,0.0,2,0,6,1,1,5,1,2,1,1,25
315,1812,1,TRAIN,1,1,0,2.21,1.15,0.0,0.0,0.0,0.0,0.3,0.2,0.0,2,0,6,1,1,5,1,2,1,1,25
315,1813,1,TRAIN,1,1,0,2.9,1.25,0.0,0.0,0.0,0.0,0.6,0.3,0.0,2,0,6,1,1,5,1,2,1,1,25
315,1814,1,TRAIN,1,1,0,2.9,1.15,0.0,0.0,0.0,0.0,0.6,0.2,0.0,2,0,6,1,1,5,1,2,1,1,25
315,1815,1,TRAIN,1,1,0,2.44,1.07,0.0,0.0,0.0,0.0,1.2,0.1,0.0,2,0,6,1,1,5,1,2,1,1,25
315,1816,1,TRAIN,1,1,0,2.21,1.25,0.0,0.0,0.0,0.0,1.2,0.1,0.0,2,0,6,1,1,5,1,2,1,1,25
315,1817,1,TRAIN,1,1,0,2.21,1.25,0.0,0.0,0.0,0.0,0.3,0.3,0.0,2,0,6,1,1,5,1,2,1,1,25
315,1818,1,TRAIN,1,1,0,2.9,1.07,0.0,0.0,0.0,0.0,0.6,0.1,0.0,2,0,6,1,1,5,1,2,1,1,25
316,1819,2,SM,1,1,0,1.02,0.47,0.0,0.0,0.0,0.0,1.2,0.2,0.0,2,0,6,1,1,2,0,1,1,2,1
316,1820,2,SM,1,1,0,0.95,0.44,0.0,0.0,0.0,0.0,0.3,0.1,0.0,2,0,6,1,1,2,0,1,1,2,1
316,1821,1,TRAIN,1,1,0,1.16,0.51,0.0,0.0,0.0,0.0,0.6,0.3,0.0,2,0,6,1,1,2,0,1,1,2,1
316,1822,1,TRAIN,1,1,0,0.95,0.47,0.0,0.0,0.0,0.0,0.3,0.2,0.0,2,0,6,1,1,2,0,1,1,2,1
316,1823,1,TRAIN,1,1,0,1.16,0.47,0.0,0.0,0.0,0.0,0.6,0.2,0.0,2,0,6,1,1,2,0,1,1,2,1
316,1824,1,TRAIN,1,1,0,1.02,0.44,0.0,0.0,0.0,0.0,1.2,0.1,0.0,2,0,6,1,1,2,0,1,1,2,1
316,1825,1,TRAIN,1,1,0,0.95,0.51,0.0,0.0,0.0,0.0,1.2,0.1,0.0,2,0,6,1,1,2,0,1,1,2,1
316,1826,1,TRAIN,1,1,0,0.95,0.51,0.0,0.0,0.0,0.0,0.3,0.3,0.0,2,0,6,1,1,2,0,1,1,2,1
316,1827,1,TRAIN,1,1,0,1.16,0.44,0.0,0.0,0.0,0.0,0.6,0.1,0.0,2,0,6,1,1,2,0,1,1,2,1
317,1828,2,SM,1,1,1,3.92,2.84,2.73,0.0,0.0,1.3,1.2,0.2,0.0,2,0,6,1,1,4,0,1,1,22,21
317,1829,3,CAR,1,1,1,3.53,2.78,2.73,0.0,0.0,1.69,0.3,0.1,0.0,2,0,6,1,1,4,0,1,1,22,21
317,1830,3,CAR,1,1,1,4.7,2.92,2.73,0.0,0.0,1.04,0.6,0.3,0.0,2,0,6,1,1,4,0,1,1,22,21
317,1831,3,CAR,1,1,1,3.53,2.84,1.68,0.0,0.0,1.04,0.3,0.2,0.0,2,0,6,1,1,4,0,1,1,22,21
317,1832,3,CAR,1,1,1,4.7,2.84,2.1,0.0,0.0,1.69,0.6,0.2,0.0,2,0,6,1,1,4,0,1,1,22,21
317,1833,3,CAR,1,1,1,3.92,2.78,2.1,0.0,0.0,1.04,1.2,0.1,0.0,2,0,6,1,1,4,0,1,1,22,21
317,1834,3,CAR,1,1,1,3.53,2.92,1.68,0.0,0.0,1.3,1.2,0.1,0.0,2,0,6,1,1,4,0,1,1,22,21
317,1835,3,CAR,1,1,1,3.53,2.92,2.1,0.0,0.0,1.3,0.3,0.3,0.0,2,0,6,1,1,4,0,1,1,22,21
317,1836,3,CAR,1,1,1,4.7,2.78,1.68,0.0,0.0,1.3,0.6,0.1,0.0,2,0,6,1,1,4,0,1,1,22,21
318,1837,1,TRAIN,1,1,1,1.12,0.4,0.7,0.0,0.0,0.3,1.2,0.3,1.0,2,0,6,1,1,5,1,2,1,2,22
318,1838,1,TRAIN,1,1,1,0.91,0.43,0.91,0.0,0.0,0.24,1.2,0.3,0.0,2,0,6,1,1,5,1,2,1,2,22
318,1839,1,TRAIN,1,1,1,1.12,0.47,0.56,0.0,0.0,0.24,1.2,0.2,1.0,2,0,6,1,1,5,1,2,1,2,22
318,1840,1,TRAIN,1,1,1,0.98,0.47,0.91,0.0,0.0,0.39,0.6,0.1,0.0,2,0,6,1,1,5,1,2,1,2,22
318,1841,1,TRAIN,1,1,1,0.98,0.47,0.56,0.0,0.0,0.39,1.2,0.3,0.0,2,0,6,1,1,5,1,2,1,2,22
318,1842,1,TRAIN,1,1,1,0.91,0.47,0.91,0.0,0.0,0.3,0.6,0.2,1.0,2,0,6,1,1,5,1,2,1,2,22
318,1843,1,TRAIN,1,1,1,0.91,0.43,0.7,0.0,0.0,0.24,0.6,0.1,1.0,2,0,6,1,1,5,1,2,1,2,22
318,1844,1,TRAIN,1,1,1,0.91,0.4,0.7,0.0,0.0,0.39,1.2,0.2,0.0,2,0,6,1,1,5,1,2,1,2,22
318,1845,1,TRAIN,1,1,1,0.98,0.47,0.7,0.0,0.0,0.39,0.3,0.2,1.0,2,0,6,1,1,5,1,2,1,2,22
319,1846,2,SM,1,1,0,1.21,0.66,0.0,0.0,0.0,0.0,1.2,0.2,0.0,2,0,6,1,1,5,1,4,1,2,22
319,1847,1,TRAIN,1,1,0,1.11,0.63,0.0,0.0,0.0,0.0,0.3,0.1,0.0,2,0,6,1,1,5,1,4,1,2,22
319,1848,1,TRAIN,1,1,0,1.4,0.7,0.0,0.0,0.0,0.0,0.6,0.3,0.0,2,0,6,1,1,5,1,4,1,2,22
319,1849,1,TRAIN,1,1,0,1.11,0.66,0.0,0.0,0.0,0.0,0.3,0.2,0.0,2,0,6,1,1,5,1,4,1,2,22
319,1850,1,TRAIN,1,1,0,1.4,0.66,0.0,0.0,0.0,0.0,0.6,0.2,0.0,2,0,6,1,1,5,1,4,1,2,22
319,1851,2,SM,1,1,0,1.21,0.63,0.0,0.0,0.0,0.0,1.2,0.1,0.0,2,0,6,1,1,5,1,4,1,2,22
319,1852,2,SM,1,1,0,1.11,0.7,0.0,0.0,0.0,0.0,1.2,0.1,0.0,2,0,6,1,1,5,1,4,1,2,22
319,1853,1,TRAIN,1,1,0,1.11,0.7,0.0,0.0,0.0,0.0,0.3,0.3,0.0,2,0,6,1,1,5,1,4,1,2,22
319,1854,1,TRAIN,1,1,0,1.4,0.63,0.0,0.0,0.0,0.0,0.6,0.1,0.0,2,0,6,1,1,5,1,4,1,2,22
320,1855,2,SM,1,1,1,1.08,0.36,0.8,0.0,0.0,0.5,1.2,0.3,1.0,2,0,6,1,1,3,0,4,1,2,1
320,1856,3,CAR,1,1,1,0.87,0.39,1.04,0.0,0.0,0.4,1.2,0.3,0.0,2,0,6,1,1,3,0,4,1,2,1
320,1857,1,TRAIN,1,1,1,0.94,0.43,1.04,0.0,0.0,0.65,0.6,0.1,0.0,2,0,6,1,1,3,0,4,1,2,1
320,1858,3,CAR,1,1,1,1.08,0.43,0.64,0.0,0.0,0.4,1.2,0.2,1.0,2,0,6,1,1,3,0,4,1,2,1
320,1859,3,CAR,1,1,1,0.94,0.43,0.64,0.0,0.0,0.65,1.2,0.3,0.0,2,0,6,1,1,3,0,4,1,2,1
320,1860,3,CAR,1,1,1,0.87,0.43,1.04,0.0,0.0,0.5,0.6,0.2,1.0,2,0,6,1,1,3,0,4,1,2,1
320,1861,3,CAR,1,1,1,0.87,0.39,0.8,0.0,0.0,0.4,0.6,0.1,1.0,2,0,6,1,1,3,0,4,1,2,1
320,1862,3,CAR,1,1,1,0.87,0.36,0.8,0.0,0.0,0.65,1.2,0.2,0.0,2,0,6,1,1,3,0,4,1,2,1
320,1863,3,CAR,1,1,1,0.94,0.43,0.8,0.0,0.0,0.65,0.3,0.2,1.0,2,0,6,1,1,3,0,4,1,2,1
321,1864,2,SM,1,1,1,2.57,1.17,1.8,0.0,0.0,0.4,0.3,0.1,0.0,2,0,6,1,2,2,1,3,1,1,23
321,1865,3,CAR,1,1,1,2.57,1.09,2.34,0.0,0.0,0.65,1.2,0.1,1.0,2,0,6,1,2,2,1,3,1,1,23
321,1866,3,CAR,1,1,1,2.57,1.03,2.34,0.0,0.0,0.5,0.3,0.2,0.0,2,0,6,1,2,2,1,3,1,1,23
321,1867,3,CAR,1,1,1,1.97,1.03,1.44,0.0,0.0,0.65,0.6,0.3,1.0,2,0,6,1,2,2,1,3,1,1,23
321,1868,2,SM,1,1,1,2.17,1.03,2.34,0.0,0.0,0.4,0.3,0.3,1.0,2,0,6,1,2,2,1,3,1,1,23
321,1869,1,TRAIN,1,1,1,2.17,1.09,1.44,0.0,0.0,0.5,0.3,0.1,1.0,2,0,6,1,2,2,1,3,1,1,23
321,1870,3,CAR,1,1,1,2.17,1.03,1.44,0.0,0.0,0.4,0.6,0.2,0.0,2,0,6,1,2,2,1,3,1,1,23
321,1871,3,CAR,1,1,1,2.57,1.09,1.44,0.0,0.0,0.65,0.3,0.3,0.0,2,0,6,1,2,2,1,3,1,1,23
321,1872,1,TRAIN,1,1,1,2.17,1.09,1.8,0.0,0.0,0.5,0.6,0.3,0.0,2,0,6,1,2,2,1,3,1,1,23
322,1873,1,TRAIN,1,1,1,2.86,1.57,3.51,0.0,0.0,0.95,1.2,0.2,0.0,2,0,6,1,2,5,0,4,1,25,1
322,1874,1,TRAIN,1,1,1,2.58,1.49,3.51,0.0,0.0,1.23,0.3,0.1,0.0,2,0,6,1,2,5,0,4,1,25,1
322,1875,1,TRAIN,1,1,1,3.41,1.67,3.51,0.0,0.0,0.76,0.6,0.3,0.0,2,0,6,1,2,5,0,4,1,25,1
322,1876,1,TRAIN,1,1,1,2.58,1.57,2.16,0.0,0.0,0.76,0.3,0.2,0.0,2,0,6,1,2,5,0,4,1,25,1
322,1877,1,TRAIN,1,1,1,3.41,1.57,2.7,0.0,0.0,1.23,0.6,0.2,0.0,2,0,6,1,2,5,0,4,1,25,1
322,1878,1,TRAIN,1,1,1,2.86,1.49,2.7,0.0,0.0,0.76,1.2,0.1,0.0,2,0,6,1,2,5,0,4,1,25,1
322,1879,1,TRAIN,1,1,1,2.58,1.67,2.16,0.0,0.0,0.95,1.2,0.1,0.0,2,0,6,1,2,5,0,4,1,25,1
322,1880,1,TRAIN,1,1,1,2.58,1.67,2.7,0.0,0.0,0.95,0.3,0.3,0.0,2,0,6,1,2,5,0,4,1,25,1
322,1881,1,TRAIN,1,1,1,3.41,1.49,2.16,0.0,0.0,0.95,0.6,0.1,0.0,2,0,6,1,2,5,0,4,1,25,1
323,1882,2,SM,1,1,1,0.82,0.27,0.91,0.0,0.0,0.55,1.2,0.2,0.0,2,0,6,2,1,3,0,3,1,22,2
323,1883,1,TRAIN,1,1,1,0.75,0.24,0.91,0.0,0.0,0.71,0.3,0.1,0.0,2,0,6,2,1,3,0,3,1,22,2
323,1884,1,TRAIN,1,1,1,0.96,0.31,0.91,0.0,0.0,0.44,0.6,0.3,0.0,2,0,6,2,1,3,0,3,1,22,2
323,1885,1,TRAIN,1,1,1,0.75,0.27,0.56,0.0,0.0,0.44,0.3,0.2,0.0,2,0,6,2,1,3,0,3,1,22,2
323,1886,1,TRAIN,1,1,1,0.96,0.27,0.7,0.0,0.0,0.71,0.6,0.2,0.0,2,0,6,2,1,3,0,3,1,22,2
323,1887,2,SM,1,1,1,0.82,0.24,0.7,0.0,0.0,0.44,1.2,0.1,0.0,2,0,6,2,1,3,0,3,1,22,2
323,1888,2,SM,1,1,1,0.75,0.31,0.56,0.0,0.0,0.55,1.2,0.1,0.0,2,0,6,2,1,3,0,3,1,22,2
323,1889,1,TRAIN,1,1,1,0.75,0.31,0.7,0.0,0.0,0.55,0.3,0.3,0.0,2,0,6,2,1,3,0,3,1,22,2
323,1890,1,TRAIN,1,1,1,0.96,0.24,0.56,0.0,0.0,0.55,0.6,0.1,0.0,2,0,6,2,1,3,0,3,1,22,2
324,1891,2,SM,1,1,0,1.55,1.0,0.0,0.0,0.0,0.0,1.2,0.2,0.0,2,0,6,2,1,1,0,4,1,23,2
324,1892,2,SM,1,1,0,1.41,0.97,0.0,0.0,0.0,0.0,0.3,0.1,0.0,2,0,6,2,1,1,0,4,1,23,2
324,1893,2,SM,1,1,0,1.83,1.04,0.0,0.0,0.0,0.0,0.6,0.3,0.0,2,0,6,2,1,1,0,4,1,23,2
324,1894,1,TRAIN,1,1,0,1.41,1.0,0.0,0.0,0.0,0.0,0.3,0.2,0.0,2,0,6,2,1,1,0,4,1,23,2
324,1895,2,SM,1,1,0,1.83,1.0,0.0,0.0,0.0,0.0,0.6,0.2,0.0,2,0,6,2,1,1,0,4,1,23,2
324,1896,2,SM,1,1,0,1.55,0.97,0.0,0.0,0.0,0.0,1.2,0.1,0.0,2,0,6,2,1,1,0,4,1,23,2
324,1897,2,SM,1,1,0,1.41,1.04,0.0,0.0,0.0,0.0,1.2,0.1,0.0,2,0,6,2,1,1,0,4,1,23,2
324,1898,1,TRAIN,1,1,0,1.41,1.04,0.0,0.0,0.0,0.0,0.3,0.3,0.0,2,0,6,2,1,1,0,4,1,23,2
324,1899,2,SM,1,1,0,1.83,0.97,0.0,0.0,0.0,0.0,0.6,0.1,0.0,2,0,6,2,1,1,0,4,1,23,2
325,1900,1,TRAIN,1,1,0,1.32,0.77,0.0,0.0,0.0,0.0,1.2,0.2,0.0,2,0,7,1,1,1,0,1,1,1,2
325,1901,2,SM,1,1,0,1.25,0.74,0.0,0.0,0.0,0.0,0.3,0.1,0.0,2,0,7,1,1,1,0,1,1,1,2
325,1902,1,TRAIN,1,1,0,1.46,0.81,0.0,0.0,0.0,0.0,0.6,0.3,0.0,2,0,7,1,1,1,0,1,1,1,2
325,1903,1,TRAIN,1,1,0,1.25,0.77,0.0,0.0,0.0,0.0,0.3,0.2,0.0,2,0,7,1,1,1,0,1,1,1,2
325,1904,1,TRAIN,1,1,0,1.46,0.77,0.0,0.0,0.0,0.0,0.6,0.2,0.0,2,0,7,1,1,1,0,1,1,1,2
325,1905,1,TRAIN,1,1,0,1.32,0.74,0.0,0.0,0.0,0.0,1.2,0.1,0.0,2,0,7,1,1,1,0,1,1,1,2
325,1906,1,TRAIN,1,1,0,1.25,0.81,0.0,0.0,0.0,0.0,1.2,0.1,0.0,2,0,7,1,1,1,0,1,1,1,2
325,1907,1,TRAIN,1,1,0,1.25,0.81,0.0,0.0,0.0,0.0,0.3,0.3,0.0,2,0,7,1,1,1,0,1,1,1,2
325,1908,1,TRAIN,1,1,0,1.46,0.74,0.0,0.0,0.0,0.0,0.6,0.1,0.0,2,0,7,1,1,1,0,1,1,1,2
326,1909,2,SM,1,1,1,1.44,0.89,1.17,0.0,0.0,0.5,1.2,0.2,0.0,2,0,7,1,1,1,1,1,1,1,2
326,1910,2,SM,1,1,1,1.32,0.86,1.17,0.0,0.0,0.65,0.3,0.1,0.0,2,0,7,1,1,1,1,1,1,1,2
326,1911,1,TRAIN,1,1,1,1.67,0.93,1.17,0.0,0.0,0.4,0.6,0.3,0.0,2,0,7,1,1,1,1,1,1,1,2
326,1912,1,TRAIN,1,1,1,1.32,0.89,0.72,0.0,0.0,0.4,0.3,0.2,0.0,2,0,7,1,1,1,1,1,1,1,2
326,1913,1,TRAIN,1,1,1,1.67,0.89,0.9,0.0,0.0,0.65,0.6,0.2,0.0,2,0,7,1,1,1,1,1,1,1,2
326,1914,1,TRAIN,1,1,1,1.44,0.86,0.9,0.0,0.0,0.4,1.2,0.1,0.0,2,0,7,1,1,1,1,1,1,1,2
326,1915,1,TRAIN,1,1,1,1.32,0.93,0.72,0.0,0.0,0.5,1.2,0.1,0.0,2,0,7,1,1,1,1,1,1,1,2
326,1916,1,TRAIN,1,1,1,1.32,0.93,0.9,0.0,0.0,0.5,0.3,0.3,0.0,2,0,7,1,1,1,1,1,1,1,2
326,1917,1,TRAIN,1,1,1,1.67,0.86,0.72,0.0,0.0,0.5,0.6,0.1,0.0,2,0,7,1,1,1,1,1,1,1,2
327,1918,2,SM,1,1,0,1.11,0.41,0.0,0.0,0.0,0.0,1.2,0.3,1.0,2,0,7,1,1,1,1,1,1,1,17
327,1919,2,SM,1,1,0,0.9,0.44,0.0,0.0,0.0,0.0,1.2,0.3,0.0,2,0,7,1,1,1,1,1,1,1,17
327,1920,2,SM,1,1,0,1.11,0.48,0.0,0.0,0.0,0.0,1.2,0.2,1.0,2,0,7,1,1,1,1,1,1,1,17
327,1921,1,TRAIN,1,1,0,0.97,0.48,0.0,0.0,0.0,0.0,0.6,0.1,0.0,2,0,7,1,1,1,1,1,1,1,17
327,1922,2,SM,1,1,0,0.97,0.48,0.0,0.0,0.0,0.0,1.2,0.3,0.0,2,0,7,1,1,1,1,1,1,1,17
327,1923,1,TRAIN,1,1,0,0.9,0.48,0.0,0.0,0.0,0.0,0.6,0.2,1.0,2,0,7,1,1,1,1,1,1,1,17
327,1924,2,SM,1,1,0,0.9,0.44,0.0,0.0,0.0,0.0,0.6,0.1,1.0,2,0,7,1,1,1,1,1,1,1,17
327,1925,2,SM,1,1,0,0.9,0.41,0.0,0.0,0.0,0.0,1.2,0.2,0.0,2,0,7,1,1,1,1,1,1,1,17
327,1926,1,TRAIN,1,1,0,0.97,0.48,0.0,0.0,0.0,0.0,0.3,0.2,1.0,2,0,7,1,1,1,1,1,1,1,17
328,1927,2,SM,1,1,1,0.75,0.56,0.65,0.0,0.0,0.25,1.2,0.2,0.0,2,0,7,1,1,1,1,1,1,1,17
328,1928,2,SM,1,1,1,0.7,0.54,0.65,0.0,0.0,0.32,0.3,0.1,0.0,2,0,7,1,1,1,1,1,1,1,17
328,1929,1,TRAIN,1,1,1,0.85,0.59,0.65,0.0,0.0,0.2,0.6,0.3,0.0,2,0,7,1,1,1,1,1,1,1,17
328,1930,1,TRAIN,1,1,1,0.7,0.56,0.4,0.0,0.0,0.2,0.3,0.2,0.0,2,0,7,1,1,1,1,1,1,1,17
328,1931,1,TRAIN,1,1,1,0.85,0.56,0.5,0.0,0.0,0.32,0.6,0.2,0.0,2,0,7,1,1,1,1,1,1,1,17
328,1932,3,CAR,1,1,1,0.75,0.54,0.5,0.0,0.0,0.2,1.2,0.1,0.0,2,0,7,1,1,1,1,1,1,1,17
328,1933,3,CAR,1,1,1,0.7,0.59,0.4,0.0,0.0,0.25,1.2,0.1,0.0,2,0,7,1,1,1,1,1,1,1,17
328,1934,1,TRAIN,1,1,1,0.7,0.59,0.5,0.0,0.0,0.25,0.3,0.3,0.0,2,0,7,1,1,1,1,1,1,1,17
328,1935,1,TRAIN,1,1,1,0.85,0.54,0.4,0.0,0.0,0.25,0.6,0.1,0.0,2,0,7,1,1,1,1,1,1,1,17
329,1936,1,TRAIN,1,1,0,2.02,1.26,0.0,0.0,0.0,0.0,0.3,0.1,0.0,2,0,7,1,1,1,1,1,1,17,2
329,1937,1,TRAIN,1,1,0,2.02,1.22,0.0,0.0,0.0,0.0,1.2,0.1,1.0,2,0,7,1,1,1,1,1,1,17,2
329,1938,1,TRAIN,1,1,0,2.02,1.19,0.0,0.0,0.0,0.0,0.3,0.2,0.0,2,0,7,1,1,1,1,1,1,17,2
329,1939,1,TRAIN,1,1,0,1.59,1.19,0.0,0.0,0.0,0.0,0.6,0.3,1.0,2,0,7,1,1,1,1,1,1,17,2
329,1940,1,TRAIN,1,1,0,1.73,1.19,0.0,0.0,0.0,0.0,0.3,0.3,1.0,2,0,7,1,1,1,1,1,1,17,2
329,1941,1,TRAIN,1,1,0,1.73,1.22,0.0,0.0,0.0,0.0,0.3,0.1,1.0,2,0,7,1,1,1,1,1,1,17,2
329,1942,2,SM,1,1,0,1.73,1.19,0.0,0.0,0.0,0.0,0.6,0.2,0.0,2,0,7,1,1,1,1,1,1,17,2
329,1943,1,TRAIN,1,1,0,2.02,1.22,0.0,0.0,0.0,0.0,0.3,0.3,0.0,2,0,7,1,1,1,1,1,1,17,2
329,1944,1,TRAIN,1,1,0,1.73,1.22,0.0,0.0,0.0,0.0,0.6,0.3,0.0,2,0,7,1,1,1,1,1,1,17,2
330,1945,2,SM,1,1,0,1.63,0.82,0.0,0.0,0.0,0.0,1.2,0.3,1.0,2,0,7,1,1,2,1,1,1,2,9
330,1946,2,SM,1,1,0,1.29,0.85,0.0,0.0,0.0,0.0,1.2,0.3,0.0,2,0,7,1,1,2,1,1,1,2,9
330,1947,2,SM,1,1,0,1.63,0.89,0.0,0.0,0.0,0.0,1.2,0.2,1.0,2,0,7,1,1,2,1,1,1,2,9
330,1948,2,SM,1,1,0,1.4,0.89,0.0,0.0,0.0,0.0,0.6,0.1,0.0,2,0,7,1,1,2,1,1,1,2,9
330,1949,2,SM,1,1,0,1.4,0.89,0.0,0.0,0.0,0.0,1.2,0.3,0.0,2,0,7,1,1,2,1,1,1,2,9
330,1950,2,SM,1,1,0,1.29,0.89,0.0,0.0,0.0,0.0,0.6,0.2,1.0,2,0,7,1,1,2,1,1,1,2,9
330,1951,2,SM,1,1,0,1.29,0.85,0.0,0.0,0.0,0.0,0.6,0.1,1.0,2,0,7,1,1,2,1,1,1,2,9
330,1952,2,SM,1,1,0,1.29,0.82,0.0,0.0,0.0,0.0,1.2,0.2,0.0,2,0,7,1,1,2,1,1,1,2,9
330,1953,2,SM,1,1,0,1.4,0.89,0.0,0.0,0.0,0.0,0.3,0.2,1.0,2,0,7,1,1,2,1,1,1,2,9
331,1954,1,TRAIN,1,1,0,1.3,0.62,0.0,0.0,0.0,0.0,0.3,0.1,0.0,2,0,7,1,1,5,0,1,1,17,1
331,1955,1,TRAIN,1,1,0,1.3,0.58,0.0,0.0,0.0,0.0,1.2,0.1,1.0,2,0,7,1,1,5,0,1,1,17,1
331,1956,1,TRAIN,1,1,0,1.3,0.55,0.0,0.0,0.0,0.0,0.3,0.2,0.0,2,0,7,1,1,5,0,1,1,17,1
331,1957,1,TRAIN,1,1,0,1.01,0.55,0.0,0.0,0.0,0.0,0.6,0.3,1.0,2,0,7,1,1,5,0,1,1,17,1
331,1958,1,TRAIN,1,1,0,1.11,0.55,0.0,0.0,0.0,0.0,0.3,0.3,1.0,2,0,7,1,1,5,0,1,1,17,1
331,1959,1,TRAIN,1,1,0,1.11,0.58,0.0,0.0,0.0,0.0,0.3,0.1,1.0,2,0,7,1,1,5,0,1,1,17,1
331,1960,2,SM,1,1,0,1.11,0.55,0.0,0.0,0.0,0.0,0.6,0.2,0.0,2,0,7,1,1,5,0,1,1,17,1
331,1961,2,SM,1,1,0,1.3,0.58,0.0,0.0,0.0,0.0,0.3,0.3,0.0,2,0,7,1,1,5,0,1,1,17,1
331,1962,1,TRAIN,1,1,0,1.11,0.58,0.0,0.0,0.0,0.0,0.6,0.3,0.0,2,0,7,1,1,5,0,1,1,17,1
332,1963,2,SM,1,1,0,1.39,0.86,0.0,0.0,0.0,0.0,1.2,0.2,0.0,2,0,7,1,1,1,0,4,1,17,3
332,1964,2,SM,1,1,0,1.26,0.83,0.0,0.0,0.0,0.0,0.3,0.1,0.0,2,0,7,1,1,1,0,4,1,17,3
332,1965,1,TRAIN,1,1,0,1.65,0.9,0.0,0.0,0.0,0.0,0.6,0.3,0.0,2,0,7,1,1,1,0,4,1,17,3
332,1966,1,TRAIN,1,1,0,1.26,0.86,0.0,0.0,0.0,0.0,0.3,0.2,0.0,2,0,7,1,1,1,0,4,1,17,3
332,1967,1,TRAIN,1,1,0,1.65,0.86,0.0,0.0,0.0,0.0,0.6,0.2,0.0,2,0,7,1,1,1,0,4,1,17,3
332,1968,1,TRAIN,1,1,0,1.39,0.83,0.0,0.0,0.0,0.0,1.2,0.1,0.0,2,0,7,1,1,1,0,4,1,17,3
332,1969,1,TRAIN,1,1,0,1.26,0.9,0.0,0.0,0.0,0.0,1.2,0.1,0.0,2,0,7,1,1,1,0,4,1,17,3
332,1970,1,TRAIN,1,1,0,1.26,0.9,0.0,0.0,0.0,0.0,0.3,0.3,0.0,2,0,7,1,1,1,0,4,1,17,3
332,1971,1,TRAIN,1,1,0,1.65,0.83,0.0,0.0,0.0,0.0,0.6,0.1,0.0,2,0,7,1,1,1,0,4,1,17,3
333,1972,2,SM,1,1,0,0.96,0.43,0.0,0.0,0.0,0.0,1.2,0.2,0.0,2,0,7,2,0,1,0,1,1,17,1
333,1973,2,SM,1,1,0,0.88,0.4,0.0,0.0,0.0,0.0,0.3,0.1,0.0,2,0,7,2,0,1,0,1,1,17,1
333,1974,2,SM,1,1,0,1.12,0.47,0.0,0.0,0.0,0.0,0.6,0.3,0.0,2,0,7,2,0,1,0,1,1,17,1
333,1975,1,TRAIN,1,1,0,0.88,0.43,0.0,0.0,0.0,0.0,0.3,0.2,0.0,2,0,7,2,0,1,0,1,1,17,1
333,1976,2,SM,1,1,0,1.12,0.43,0.0,0.0,0.0,0.0,0.6,0.2,0.0,2,0,7,2,0,1,0,1,1,17,1
333,1977,1,TRAIN,1,1,0,0.96,0.4,0.0,0.0,0.0,0.0,1.2,0.1,0.0,2,0,7,2,0,1,0,1,1,17,1
333,1978,2,SM,1,1,0,0.88,0.47,0.0,0.0,0.0,0.0,1.2,0.1,0.0,2,0,7,2,0,1,0,1,1,17,1
333,1979,1,TRAIN,1,1,0,0.88,0.47,0.0,0.0,0.0,0.0,0.3,0.3,0.0,2,0,7,2,0,1,0,1,1,17,1
333,1980,2,SM,1,1,0,1.12,0.4,0.0,0.0,0.0,0.0,0.6,0.1,0.0,2,0,7,2,0,1,0,1,1,17,1
334,1981,2,SM,1,1,0,1.02,0.49,0.0,0.0,0.0,0.0,1.2,0.2,0.0,2,0,7,2,1,1,0,1,1,17,1
334,1982,2,SM,1,1,0,0.95,0.46,0.0,0.0,0.0,0.0,0.3,0.1,0.0,2,0,7,2,1,1,0,1,1,17,1
334,1983,1,TRAIN,1,1,0,1.16,0.53,0.0,0.0,0.0,0.0,0.6,0.3,0.0,2,0,7,2,1,1,0,1,1,17,1
334,1984,1,TRAIN,1,1,0,0.95,0.49,0.0,0.0,0.0,0.0,0.3,0.2,0.0,2,0,7,2,1,1,0,1,1,17,1
334,1985,2,SM,1,1,0,1.16,0.49,0.0,0.0,0.0,0.0,0.6,0.2,0.0,2,0,7,2,1,1,0,1,1,17,1
334,1986,1,TRAIN,1,1,0,1.02,0.46,0.0,0.0,0.0,0.0,1.2,0.1,0.0,2,0,7,2,1,1,0,1,1,17,1
334,1987,1,TRAIN,1,1,0,0.95,0.53,0.0,0.0,0.0,0.0,1.2,0.1,0.0,2,0,7,2,1,1,0,1,1,17,1
334,1988,1,TRAIN,1,1,0,0.95,0.53,0.0,0.0,0.0,0.0,0.3,0.3,0.0,2,0,7,2,1,1,0,1,1,17,1
334,1989,2,SM,1,1,0,1.16,0.46,0.0,0.0,0.0,0.0,0.6,0.1,0.0,2,0,7,2,1,1,0,1,1,17,1
335,1990,2,SM,1,1,1,1.71,0.93,1.0,0.0,0.0,0.32,0.3,0.1,0.0,2,0,7,2,1,1,1,1,1,2,1
335,1991,1,TRAIN,1,1,1,1.71,0.89,1.3,0.0,0.0,0.52,1.2,0.1,1.0,2,0,7,2,1,1,1,1,1,2,1
335,1992,1,TRAIN,1,1,1,1.71,0.86,1.3,0.0,0.0,0.4,0.3,0.2,0.0,2,0,7,2,1,1,1,1,1,2,1
335,1993,1,TRAIN,1,1,1,1.31,0.86,0.8,0.0,0.0,0.52,0.6,0.3,1.0,2,0,7,2,1,1,1,1,1,2,1
335,1994,1,TRAIN,1,1,1,1.44,0.86,1.3,0.0,0.0,0.32,0.3,0.3,1.0,2,0,7,2,1,1,1,1,1,2,1
335,1995,2,SM,1,1,1,1.44,0.89,0.8,0.0,0.0,0.4,0.3,0.1,1.0,2,0,7,2,1,1,1,1,1,2,1
335,1996,2,SM,1,1,1,1.44,0.86,0.8,0.0,0.0,0.32,0.6,0.2,0.0,2,0,7,2,1,1,1,1,1,2,1
335,1997,2,SM,1,1,1,1.71,0.89,0.8,0.0,0.0,0.52,0.3,0.3,0.0,2,0,7,2,1,1,1,1,1,2,1
335,1998,1,TRAIN,1,1,1,1.44,0.89,1.0,0.0,0.0,0.4,0.6,0.3,0.0,2,0,7,2,1,1,1,1,1,2,1
336,1999,2,SM,1,1,0,1.26,0.87,0.0,0.0,0.0,0.0,0.3,0.1,0.0,2,0,7,2,1,1,1,1,1,25,23
336,2000,2,SM,1,1,0,1.26,0.85,0.0,0.0,0.0,0.0,1.2,0.1,1.0,2,0,7,2,1,1,1,1,1,25,23
336,2001,1,TRAIN,1,1,0,1.26,0.83,0.0,0.0,0.0,0.0,0.3,0.2,0.0,2,0,7,2,1,1,1,1,1,25,23
336,2002,2,SM,1,1,0,1.0,0.83,0.0,0.0,0.0,0.0,0.6,0.3,1.0,2,0,7,2,1,1,1,1,1,25,23
336,2003,1,TRAIN,1,1,0,1.09,0.83,0.0,0.0,0.0,0.0,0.3,0.3,1.0,2,0,7,2,1,1,1,1,1,25,23
336,2004,1,TRAIN,1,1,0,1.09,0.85,0.0,0.0,0.0,0.0,0.3,0.1,1.0,2,0,7,2,1,1,1,1,1,25,23
336,2005,2,SM,1,1,0,1.09,0.83,0.0,0.0,0.0,0.0,0.6,0.2,0.0,2,0,7,2,1,1,1,1,1,25,23
336,2006,2,SM,1,1,0,1.26,0.85,0.0,0.0,0.0,0.0,0.3,0.3,0.0,2,0,7,2,1,1,1,1,1,25,23
336,2007,1,TRAIN,1,1,0,1.09,0.85,0.0,0.0,0.0,0.0,0.6,0.3,0.0,2,0,7,2,1,1,1,1,1,25,23
337,2008,1,TRAIN,1,1,0,0.61,0.32,0.0,2.09,2.51,0.0,0.3,0.1,0.0,2,0,8,2,1,1,0,1,0,25,22
337,2009,1,TRAIN,1,1,0,0.61,0.28,0.0,1.88,3.34,0.0,0.3,0.2,0.0,2,0,8,2,1,1,0,1,0,25,22
337,2010,1,TRAIN,1,1,0,0.61,0.3,0.0,2.09,3.34,0.0,1.2,0.1,1.0,2,0,8,2,1,1,0,1,0,25,22
337,2011,1,TRAIN,1,1,0,0.51,0.28,0.0,1.88,3.34,0.0,0.6,0.3,1.0,2,0,8,2,1,1,0,1,0,25,22
337,2012,1,TRAIN,1,1,0,0.54,0.28,0.0,2.09,2.72,0.0,0.3,0.3,1.0,2,0,8,2,1,1,0,1,0,25,22
337,2013,2,SM,1,1,0,0.54,0.3,0.0,1.88,2.51,0.0,0.3,0.1,1.0,2,0,8,2,1,1,0,1,0,25,22
337,2014,2,SM,1,1,0,0.54,0.28,0.0,2.51,2.51,0.0,0.6,0.2,0.0,2,0,8,2,1,1,0,1,0,25,22
337,2015,1,TRAIN,1,1,0,0.54,0.3,0.0,2.09,3.34,0.0,0.6,0.3,0.0,2,0,8,2,1,1,0,1,0,25,22
337,2016,2,SM,1,1,0,0.61,0.3,0.0,2.51,2.72,0.0,0.3,0.3,0.0,2,0,8,2,1,1,0,1,0,25,22
338,2017,2,SM,1,1,0,0.71,0.42,0.0,1.16,1.39,0.0,0.3,0.1,0.0,2,0,10,1,1,1,0,4,0,25,22
338,2018,1,TRAIN,1,1,0,0.71,0.38,0.0,1.04,1.86,0.0,0.3,0.2,0.0,2,0,10,1,1,1,0,4,0,25,22
338,2019,1,TRAIN,1,1,0,0.71,0.4,0.0,1.16,1.86,0.0,1.2,0.1,1.0,2,0,10,1,1,1,0,4,0,25,22
338,2020,1,TRAIN,1,1,0,0.61,0.38,0.0,1.04,1.86,0.0,0.6,0.3,1.0,2,0,10,1,1,1,0,4,0,25,22
338,2021,2,SM,1,1,0,0.64,0.38,0.0,1.16,1.51,0.0,0.3,0.3,1.0,2,0,10,1,1,1,0,4,0,25,22
338,2022,2,SM,1,1,0,0.64,0.4,0.0,1.04,1.39,0.0,0.3,0.1,1.0,2,0,10,1,1,1,0,4,0,25,22
338,2023,2,SM,1,1,0,0.64,0.38,0.0,1.39,1.39,0.0,0.6,0.2,0.0,2,0,10,1,1,1,0,4,0,25,22
338,2024,2,SM,1,1,0,0.64,0.4,0.0,1.16,1.86,0.0,0.6,0.3,0.0,2,0,10,1,1,1,0,4,0,25,22
338,2025,2,SM,1,1,0,0.71,0.4,0.0,1.39,1.51,0.0,0.3,0.3,0.0,2,0,10,1,1,1,0,4,0,25,22
339,2026,2,SM,1,1,0,1.21,0.49,0.0,2.59,2.59,0.0,1.2,0.3,1.0,2,0,10,1,1,5,0,1,0,1,2
339,2027,2,SM,1,1,0,1.0,0.52,0.0,1.94,2.59,0.0,1.2,0.3,0.0,2,0,10,1,1,5,0,1,0,1,2
339,2028,2,SM,1,1,0,1.21,0.56,0.0,1.94,2.81,0.0,1.2,0.2,1.0,2,0,10,1,1,5,0,1,0,1,2
339,2029,2,SM,1,1,0,1.07,0.56,0.0,1.94,2.81,0.0,0.6,0.1,0.0,2,0,10,1,1,5,0,1,0,1,2
339,2030,2,SM,1,1,0,1.07,0.56,0.0,2.16,2.59,0.0,1.2,0.3,0.0,2,0,10,1,1,5,0,1,0,1,2
339,2031,2,SM,1,1,0,1.0,0.56,0.0,2.16,2.59,0.0,0.6,0.2,1.0,2,0,10,1,1,5,0,1,0,1,2
339,2032,1,TRAIN,1,1,0,1.0,0.52,0.0,2.59,2.81,0.0,0.6,0.1,1.0,2,0,10,1,1,5,0,1,0,1,2
339,2033,2,SM,1,1,0,1.0,0.49,0.0,2.16,2.81,0.0,1.2,0.2,0.0,2,0,10,1,1,5,0,1,0,1,2
339,2034,2,SM,1,1,0,1.07,0.56,0.0,2.59,3.46,0.0,0.3,0.2,1.0,2,0,10,1,1,5,0,1,0,1,2
340,2035,2,SM,1,1,0,0.8,0.56,0.0,0.65,0.7,0.0,1.2,0.2,0.0,2,0,10,1,1,1,1,1,0,22,25
340,2036,2,SM,1,1,0,0.73,0.54,0.0,0.65,0.65,0.0,0.3,0.1,0.0,2,0,10,1,1,1,1,1,0,22,25
340,2037,1,TRAIN,1,1,0,0.94,0.58,0.0,0.65,0.86,0.0,0.6,0.3,0.0,2,0,10,1,1,1,1,1,0,22,25
340,2038,1,TRAIN,1,1,0,0.73,0.56,0.0,0.54,0.86,0.0,0.3,0.2,0.0,2,0,10,1,1,1,1,1,0,22,25
340,2039,2,SM,1,1,0,0.94,0.56,0.0,0.49,0.65,0.0,0.6,0.2,0.0,2,0,10,1,1,1,1,1,0,22,25
340,2040,1,TRAIN,1,1,0,0.8,0.54,0.0,0.49,0.86,0.0,1.2,0.1,0.0,2,0,10,1,1,1,1,1,0,22,25
340,2041,1,TRAIN,1,1,0,0.73,0.58,0.0,0.65,0.86,0.0,1.2,0.1,0.0,2,0,10,1,1,1,1,1,0,22,25
340,2042,1,TRAIN,1,1,0,0.73,0.58,0.0,0.49,0.7,0.0,0.3,0.3,0.0,2,0,10,1,1,1,1,1,0,22,25
340,2043,2,SM,1,1,0,0.94,0.54,0.0,0.54,0.7,0.0,0.6,0.1,0.0,2,0,10,1,1,1,1,1,0,22,25
341,2044,3,CAR,1,1,1,0.63,0.29,0.45,0.53,0.53,0.3,1.2,0.3,1.0,2,0,10,1,1,4,1,1,0,25,22
341,2045,1,TRAIN,1,1,1,0.63,0.33,0.36,0.4,0.57,0.24,1.2,0.2,1.0,2,0,10,1,1,4,1,1,0,25,22
341,2046,1,TRAIN,1,1,1,0.51,0.31,0.58,0.4,0.53,0.24,1.2,0.3,0.0,2,0,10,1,1,4,1,1,0,25,22
341,2047,1,TRAIN,1,1,1,0.55,0.33,0.58,0.4,0.57,0.39,0.6,0.1,0.0,2,0,10,1,1,4,1,1,0,25,22
341,2048,3,CAR,1,1,1,0.55,0.33,0.36,0.44,0.53,0.39,1.2,0.3,0.0,2,0,10,1,1,4,1,1,0,25,22
341,2049,1,TRAIN,1,1,1,0.51,0.33,0.58,0.44,0.53,0.3,0.6,0.2,1.0,2,0,10,1,1,4,1,1,0,25,22
341,2050,3,CAR,1,1,1,0.51,0.31,0.45,0.53,0.57,0.24,0.6,0.1,1.0,2,0,10,1,1,4,1,1,0,25,22
341,2051,1,TRAIN,1,1,1,0.55,0.33,0.45,0.53,0.7,0.39,0.3,0.2,1.0,2,0,10,1,1,4,1,1,0,25,22
341,2052,1,TRAIN,1,1,1,0.51,0.29,0.45,0.44,0.57,0.39,1.2,0.2,0.0,2,0,10,1,1,4,1,1,0,25,22
342,2053,2,SM,1,1,1,2.37,0.82,1.4,1.06,1.12,0.85,1.2,0.3,1.0,2,1,1,1,0,3,0,3,0,17,2
342,2054,2,SM,1,1,1,2.37,0.96,1.12,0.79,0.97,0.68,1.2,0.2,1.0,2,1,1,1,0,3,0,3,0,17,2
342,2055,2,SM,1,1,1,1.83,0.88,1.82,0.79,0.9,0.68,1.2,0.3,0.0,2,1,1,1,0,3,0,3,0,17,2
342,2056,2,SM,1,1,1,2.01,0.96,1.82,0.79,0.97,1.1,0.6,0.1,0.0,2,1,1,1,0,3,0,3,0,17,2
342,2057,2,SM,1,1,1,2.01,0.96,1.12,0.88,0.97,1.1,1.2,0.3,0.0,2,1,1,1,0,3,0,3,0,17,2
342,2058,2,SM,1,1,1,1.83,0.88,1.4,1.06,1.18,0.68,0.6,0.1,1.0,2,1,1,1,0,3,0,3,0,17,2
342,2059,2,SM,1,1,1,1.83,0.96,1.82,0.88,0.97,0.85,0.6,0.2,1.0,2,1,1,1,0,3,0,3,0,17,2
342,2060,2,SM,1,1,1,2.01,0.96,1.4,1.06,1.37,1.1,0.3,0.2,1.0,2,1,1,1,0,3,0,3,0,17,2
342,2061,2,SM,1,1,1,1.83,0.82,1.4,0.88,1.05,1.1,1.2,0.2,0.0,2,1,1,1,0,3,0,3,0,17,2
343,2062,2,SM,1,1,1,1.25,0.5,0.7,0.64,0.68,0.4,1.2,0.3,1.0,2,1,1,1,0,5,1,3,0,22,2
343,2063,2,SM,1,1,1,1.0,0.53,0.91,0.48,0.54,0.32,1.2,0.3,0.0,2,1,1,1,0,5,1,3,0,22,2
343,2064,2,SM,1,1,1,1.25,0.57,0.56,0.48,0.56,0.32,1.2,0.2,1.0,2,1,1,1,0,5,1,3,0,22,2
343,2065,2,SM,1,1,1,1.08,0.57,0.91,0.48,0.56,0.52,0.6,0.1,0.0,2,1,1,1,0,5,1,3,0,22,2
343,2066,2,SM,1,1,1,1.08,0.57,0.56,0.53,0.58,0.52,1.2,0.3,0.0,2,1,1,1,0,5,1,3,0,22,2
343,2067,2,SM,1,1,1,1.0,0.57,0.91,0.53,0.58,0.4,0.6,0.2,1.0,2,1,1,1,0,5,1,3,0,22,2
343,2068,2,SM,1,1,1,1.0,0.53,0.7,0.64,0.71,0.32,0.6,0.1,1.0,2,1,1,1,0,5,1,3,0,22,2
343,2069,2,SM,1,1,1,1.0,0.5,0.7,0.53,0.6,0.52,1.2,0.2,0.0,2,1,1,1,0,5,1,3,0,22,2
343,2070,1,TRAIN,1,1,1,1.08,0.57,0.7,0.64,0.81,0.52,0.3,0.2,1.0,2,1,1,1,0,5,1,3,0,22,2
344,2071,2,SM,1,1,1,1.75,0.95,0.6,0.55,0.65,0.35,1.2,0.3,1.0,2,1,1,1,1,2,1,2,0,1,17
344,2072,2,SM,1,1,1,1.39,0.98,0.78,0.41,0.48,0.28,1.2,0.3,0.0,2,1,1,1,1,2,1,2,0,1,17
344,2073,3,CAR,1,1,1,1.75,1.02,0.48,0.41,0.53,0.28,1.2,0.2,1.0,2,1,1,1,1,2,1,2,0,1,17
344,2074,2,SM,1,1,1,1.51,1.02,0.78,0.41,0.53,0.45,0.6,0.1,0.0,2,1,1,1,1,2,1,2,0,1,17
344,2075,3,CAR,1,1,1,1.51,1.02,0.48,0.46,0.54,0.45,1.2,0.3,0.0,2,1,1,1,1,2,1,2,0,1,17
344,2076,3,CAR,1,1,1,1.39,1.02,0.78,0.46,0.54,0.35,0.6,0.2,1.0,2,1,1,1,1,2,1,2,0,1,17
344,2077,3,CAR,1,1,1,1.39,0.98,0.6,0.55,0.68,0.28,0.6,0.1,1.0,2,1,1,1,1,2,1,2,0,1,17
344,2078,2,SM,1,1,1,1.39,0.95,0.6,0.46,0.56,0.45,1.2,0.2,0.0,2,1,1,1,1,2,1,2,0,1,17
344,2079,3,CAR,1,1,1,1.51,1.02,0.6,0.55,0.76,0.45,0.3,0.2,1.0,2,1,1,1,1,2,1,2,0,1,17
345,2080,2,SM,1,1,1,1.64,0.81,1.0,0.82,0.84,1.0,1.2,0.3,1.0,2,1,1,1,1,2,1,3,0,1,2
345,2081,2,SM,1,1,1,1.26,0.84,1.3,0.61,0.71,0.8,1.2,0.3,0.0,2,1,1,1,1,2,1,3,0,1,2
345,2082,2,SM,1,1,1,1.64,0.88,0.8,0.61,0.74,0.8,1.2,0.2,1.0,2,1,1,1,1,2,1,3,0,1,2
345,2083,2,SM,1,1,1,1.39,0.88,1.3,0.61,0.74,1.3,0.6,0.1,0.0,2,1,1,1,1,2,1,3,0,1,2
345,2084,2,SM,1,1,1,1.39,0.88,0.8,0.68,0.76,1.3,1.2,0.3,0.0,2,1,1,1,1,2,1,3,0,1,2
345,2085,2,SM,1,1,1,1.26,0.88,1.3,0.68,0.76,1.0,0.6,0.2,1.0,2,1,1,1,1,2,1,3,0,1,2
345,2086,1,TRAIN,1,1,1,1.26,0.84,1.0,0.82,0.9,0.8,0.6,0.1,1.0,2,1,1,1,1,2,1,3,0,1,2
345,2087,2,SM,1,1,1,1.26,0.81,1.0,0.68,0.81,1.3,1.2,0.2,0.0,2,1,1,1,1,2,1,3,0,1,2
345,2088,1,TRAIN,1,1,1,1.39,0.88,1.0,0.82,1.05,1.3,0.3,0.2,1.0,2,1,1,1,1,2,1,3,0,1,2
346,2089,2,SM,1,1,0,1.16,0.86,0.0,0.65,0.71,0.0,1.2,0.3,1.0,2,1,1,1,1,2,1,4,0,25,10
346,2090,1,TRAIN,1,1,0,0.91,0.88,0.0,0.49,0.54,0.0,1.2,0.3,0.0,2,1,1,1,1,2,1,4,0,25,10
346,2091,2,SM,1,1,0,1.16,0.9,0.0,0.49,0.56,0.0,1.2,0.2,1.0,2,1,1,1,1,2,1,4,0,25,10
346,2092,2,SM,1,1,0,0.99,0.9,0.0,0.49,0.56,0.0,0.6,0.1,0.0,2,1,1,1,1,2,1,4,0,25,10
346,2093,2,SM,1,1,0,0.99,0.9,0.0,0.54,0.6,0.0,1.2,0.3,0.0,2,1,1,1,1,2,1,4,0,25,10
346,2094,2,SM,1,1,0,0.91,0.9,0.0,0.54,0.6,0.0,0.6,0.2,1.0,2,1,1,1,1,2,1,4,0,25,10
346,2095,2,SM,1,1,0,0.91,0.88,0.0,0.65,0.71,0.0,0.6,0.1,1.0,2,1,1,1,1,2,1,4,0,25,10
346,2096,2,SM,1,1,0,0.91,0.86,0.0,0.54,0.6,0.0,1.2,0.2,0.0,2,1,1,1,1,2,1,4,0,25,10
346,2097,2,SM,1,1,0,0.99,0.9,0.0,0.65,0.78,0.0,0.3,0.2,1.0,2,1,1,1,1,2,1,4,0,25,10
347,2098,2,SM,1,1,0,1.23,0.51,0.0,0.72,0.81,0.0,1.2,0.3,1.0,2,1,1,1,1,3,1,2,0,1,2
347,2099,2,SM,1,1,0,1.02,0.54,0.0,0.54,0.68,0.0,1.2,0.3,0.0,2,1,1,1,1,3,1,2,0,1,2
347,2100,2,SM,1,1,0,1.23,0.58,0.0,0.54,0.71,0.0,1.2,0.2,1.0,2,1,1,1,1,3,1,2,0,1,2
347,2101,2,SM,1,1,0,1.09,0.58,0.0,0.54,0.71,0.0,0.6,0.1,0.0,2,1,1,1,1,3,1,2,0,1,2
347,2102,2,SM,1,1,0,1.09,0.58,0.0,0.6,0.71,0.0,1.2,0.3,0.0,2,1,1,1,1,3,1,2,0,1,2
347,2103,2,SM,1,1,0,1.02,0.58,0.0,0.6,0.71,0.0,0.6,0.2,1.0,2,1,1,1,1,3,1,2,0,1,2
347,2104,2,SM,1,1,0,1.02,0.54,0.0,0.72,0.84,0.0,0.6,0.1,1.0,2,1,1,1,1,3,1,2,0,1,2
347,2105,2,SM,1,1,0,1.02,0.51,0.0,0.6,0.76,0.0,1.2,0.2,0.0,2,1,1,1,1,3,1,2,0,1,2
347,2106,1,TRAIN,1,1,0,1.09,0.58,0.0,0.72,0.97,0.0,0.3,0.2,1.0,2,1,1,1,1,3,1,2,0,1,2
348,2107,2,SM,1,1,1,1.92,1.07,1.5,0.89,0.92,0.8,1.2,0.3,1.0,2,1,1,1,1,3,1,2,0,1,10
348,2108,2,SM,1,1,1,1.92,1.14,1.2,0.67,0.78,0.64,1.2,0.2,1.0,2,1,1,1,1,3,1,2,0,1,10
348,2109,2,SM,1,1,1,1.51,1.1,1.95,0.67,0.76,0.64,1.2,0.3,0.0,2,1,1,1,1,3,1,2,0,1,10
348,2110,2,SM,1,1,1,1.65,1.14,1.95,0.67,0.78,1.04,0.6,0.1,0.0,2,1,1,1,1,3,1,2,0,1,10
348,2111,2,SM,1,1,1,1.65,1.14,1.2,0.74,0.81,1.04,1.2,0.3,0.0,2,1,1,1,1,3,1,2,0,1,10
348,2112,2,SM,1,1,1,1.51,1.1,1.5,0.89,0.94,0.64,0.6,0.1,1.0,2,1,1,1,1,3,1,2,0,1,10
348,2113,2,SM,1,1,1,1.51,1.14,1.95,0.74,0.81,0.8,0.6,0.2,1.0,2,1,1,1,1,3,1,2,0,1,10
348,2114,2,SM,1,1,1,1.65,1.14,1.5,0.89,1.09,1.04,0.3,0.2,1.0,2,1,1,1,1,3,1,2,0,1,10
348,2115,2,SM,1,1,1,1.51,1.07,1.5,0.74,0.84,1.04,1.2,0.2,0.0,2,1,1,1,1,3,1,2,0,1,10
349,2116,2,SM,1,1,0,2.83,1.38,0.0,0.99,1.12,0.0,0.3,0.1,0.0,2,1,1,1,1,4,0,2,0,9,22
349,2117,2,SM,1,1,0,2.83,1.3,0.0,0.99,1.33,0.0,1.2,0.1,1.0,2,1,1,1,1,4,0,2,0,9,22
349,2118,2,SM,1,1,0,2.83,1.24,0.0,0.89,1.22,0.0,0.3,0.2,0.0,2,1,1,1,1,4,0,2,0,9,22
349,2119,2,SM,1,1,0,2.15,1.24,0.0,0.89,1.22,0.0,0.6,0.3,1.0,2,1,1,1,1,4,0,2,0,9,22
349,2120,2,SM,1,1,0,2.38,1.24,0.0,0.99,1.18,0.0,0.3,0.3,1.0,2,1,1,1,1,4,0,2,0,9,22
349,2121,2,SM,1,1,0,2.38,1.3,0.0,0.89,1.05,0.0,0.3,0.1,1.0,2,1,1,1,1,4,0,2,0,9,22
349,2122,2,SM,1,1,0,2.38,1.24,0.0,1.19,1.27,0.0,0.6,0.2,0.0,2,1,1,1,1,4,0,2,0,9,22
349,2123,2,SM,1,1,0,2.83,1.3,0.0,1.19,1.37,0.0,0.3,0.3,0.0,2,1,1,1,1,4,0,2,0,9,22
349,2124,2,SM,1,1,0,2.38,1.3,0.0,0.99,1.33,0.0,0.6,0.3,0.0,2,1,1,1,1,4,0,2,0,9,22
350,2125,2,SM,1,1,1,1.93,0.5,1.8,1.06,1.12,0.95,1.2,0.3,1.0,2,1,1,1,1,4,0,4,0,22,1
350,2126,2,SM,1,1,1,1.5,0.56,2.34,0.79,0.9,0.76,1.2,0.3,0.0,2,1,1,1,1,4,0,4,0,22,1
350,2127,2,SM,1,1,1,1.93,0.64,1.44,0.79,0.97,0.76,1.2,0.2,1.0,2,1,1,1,1,4,0,4,0,22,1
350,2128,2,SM,1,1,1,1.64,0.64,2.34,0.79,0.97,1.23,0.6,0.1,0.0,2,1,1,1,1,4,0,4,0,22,1
350,2129,2,SM,1,1,1,1.64,0.64,1.44,0.88,0.97,1.23,1.2,0.3,0.0,2,1,1,1,1,4,0,4,0,22,1
350,2130,2,SM,1,1,1,1.5,0.64,2.34,0.88,0.97,0.95,0.6,0.2,1.0,2,1,1,1,1,4,0,4,0,22,1
350,2131,2,SM,1,1,1,1.5,0.56,1.8,1.06,1.18,0.76,0.6,0.1,1.0,2,1,1,1,1,4,0,4,0,22,1
350,2132,2,SM,1,1,1,1.5,0.5,1.8,0.88,1.05,1.23,1.2,0.2,0.0,2,1,1,1,1,4,0,4,0,22,1
350,2133,2,SM,1,1,1,1.64,0.64,1.8,1.06,1.4,1.23,0.3,0.2,1.0,2,1,1,1,1,4,0,4,0,22,1
351,2134,1,TRAIN,1,1,1,0.97,0.44,2.34,0.97,0.99,1.0,1.2,0.2,0.0,2,1,1,1,1,5,0,4,0,17,2
351,2135,1,TRAIN,1,1,1,0.9,0.44,1.44,0.81,0.92,0.8,0.3,0.2,0.0,2,1,1,1,1,5,0,4,0,17,2
351,2136,1,TRAIN,1,1,1,0.9,0.41,2.34,0.97,0.97,1.3,0.3,0.1,0.0,2,1,1,1,1,5,0,4,0,17,2
351,2137,1,TRAIN,1,1,1,1.11,0.48,2.34,0.97,1.09,0.8,0.6,0.3,0.0,2,1,1,1,1,5,0,4,0,17,2
351,2138,1,TRAIN,1,1,1,1.11,0.44,1.8,0.73,0.81,1.3,0.6,0.2,0.0,2,1,1,1,1,5,0,4,0,17,2
351,2139,1,TRAIN,1,1,1,0.97,0.41,1.8,0.73,0.88,0.8,1.2,0.1,0.0,2,1,1,1,1,5,0,4,0,17,2
351,2140,1,TRAIN,1,1,1,0.9,0.48,1.44,0.97,1.09,1.0,1.2,0.1,0.0,2,1,1,1,1,5,0,4,0,17,2
351,2141,1,TRAIN,1,1,1,0.9,0.48,1.8,0.73,0.81,1.0,0.3,0.3,0.0,2,1,1,1,1,5,0,4,0,17,2
351,2142,1,TRAIN,1,1,1,1.11,0.41,1.44,0.81,0.88,1.0,0.6,0.1,0.0,2,1,1,1,1,5,0,4,0,17,2
352,2143,2,SM,1,1,1,1.53,0.77,1.43,0.82,0.9,0.65,1.2,0.2,0.0,2,1,1,1,1,2,0,2,0,25,2
352,2144,1,TRAIN,1,1,1,1.42,0.72,1.43,0.82,0.84,0.84,0.3,0.1,0.0,2,1,1,1,1,2,0,2,0,25,2
352,2145,1,TRAIN,1,1,1,1.74,0.83,1.43,0.82,1.05,0.52,0.6,0.3,0.0,2,1,1,1,1,2,0,2,0,25,2
352,2146,2,SM,1,1,1,1.42,0.77,0.88,0.68,0.9,0.52,0.3,0.2,0.0,2,1,1,1,1,2,0,2,0,25,2
352,2147,2,SM,1,1,1,1.74,0.77,1.1,0.61,0.71,0.84,0.6,0.2,0.0,2,1,1,1,1,2,0,2,0,25,2
352,2148,2,SM,1,1,1,1.53,0.72,1.1,0.61,0.84,0.52,1.2,0.1,0.0,2,1,1,1,1,2,0,2,0,25,2
352,2149,1,TRAIN,1,1,1,1.42,0.83,0.88,0.82,1.05,0.65,1.2,0.1,0.0,2,1,1,1,1,2,0,2,0,25,2
352,2150,2,SM,1,1,1,1.42,0.83,1.1,0.61,0.74,0.65,0.3,0.3,0.0,2,1,1,1,1,2,0,2,0,25,2
352,2151,2,SM,1,1,1,1.74,0.72,0.88,0.68,0.78,0.65,0.6,0.1,0.0,2,1,1,1,1,2,0,2,0,25,2
353,2152,2,SM,1,1,1,2.07,0.99,2.21,1.31,1.46,0.95,1.2,0.2,0.0,2,1,1,1,1,3,0,4,0,23,1
353,2153,2,SM,1,1,1,1.87,0.93,2.21,1.31,1.4,1.23,0.3,0.1,0.0,2,1,1,1,1,3,0,4,0,23,1
353,2154,2,SM,1,1,1,2.46,1.07,2.21,1.31,1.65,0.76,0.6,0.3,0.0,2,1,1,1,1,3,0,4,0,23,1
353,2155,2,SM,1,1,1,1.87,0.99,1.36,1.09,1.46,0.76,0.3,0.2,0.0,2,1,1,1,1,3,0,4,0,23,1
353,2156,2,SM,1,1,1,2.46,0.99,1.7,0.98,1.12,1.23,0.6,0.2,0.0,2,1,1,1,1,3,0,4,0,23,1
353,2157,2,SM,1,1,1,2.07,0.93,1.7,0.98,1.33,0.76,1.2,0.1,0.0,2,1,1,1,1,3,0,4,0,23,1
353,2158,2,SM,1,1,1,1.87,1.07,1.36,1.31,1.65,0.95,1.2,0.1,0.0,2,1,1,1,1,3,0,4,0,23,1
353,2159,2,SM,1,1,1,1.87,1.07,1.7,0.98,1.18,0.95,0.3,0.3,0.0,2,1,1,1,1,3,0,4,0,23,1
353,2160,2,SM,1,1,1,2.46,0.93,1.36,1.09,1.27,0.95,0.6,0.1,0.0,2,1,1,1,1,3,0,4,0,23,1
354,2161,2,SM,1,1,1,3.0,1.35,1.8,1.18,1.33,1.32,0.3,0.1,0.0,2,1,1,1,1,3,1,4,0,20,25
354,2162,2,SM,1,1,1,3.0,1.25,2.34,1.18,1.61,2.14,1.2,0.1,1.0,2,1,1,1,1,3,1,4,0,20,25
354,2163,2,SM,1,1,1,3.0,1.17,2.34,1.06,1.46,1.65,0.3,0.2,0.0,2,1,1,1,1,3,1,4,0,20,25
354,2164,2,SM,1,1,1,2.31,1.17,1.44,1.06,1.46,2.14,0.6,0.3,1.0,2,1,1,1,1,3,1,4,0,20,25
354,2165,2,SM,1,1,1,2.54,1.17,2.34,1.18,1.37,1.32,0.3,0.3,1.0,2,1,1,1,1,3,1,4,0,20,25
354,2166,2,SM,1,1,1,2.54,1.25,1.44,1.06,1.18,1.65,0.3,0.1,1.0,2,1,1,1,1,3,1,4,0,20,25
354,2167,2,SM,1,1,1,2.54,1.17,1.44,1.42,1.5,1.32,0.6,0.2,0.0,2,1,1,1,1,3,1,4,0,20,25
354,2168,2,SM,1,1,1,3.0,1.25,1.44,1.42,1.61,2.14,0.3,0.3,0.0,2,1,1,1,1,3,1,4,0,20,25
354,2169,2,SM,1,1,1,2.54,1.25,1.8,1.18,1.61,1.65,0.6,0.3,0.0,2,1,1,1,1,3,1,4,0,20,25
355,2170,2,SM,1,1,1,1.9,0.8,1.5,0.97,0.99,0.9,1.2,0.3,1.0,2,1,1,1,1,5,1,3,0,2,25
355,2171,2,SM,1,1,1,1.9,0.91,1.2,0.73,0.84,0.72,1.2,0.2,1.0,2,1,1,1,1,5,1,3,0,2,25
355,2172,2,SM,1,1,1,1.46,0.85,1.95,0.73,0.84,0.72,1.2,0.3,0.0,2,1,1,1,1,5,1,3,0,2,25
355,2173,2,SM,1,1,1,1.61,0.91,1.95,0.73,0.84,1.17,0.6,0.1,0.0,2,1,1,1,1,5,1,3,0,2,25
355,2174,2,SM,1,1,1,1.61,0.91,1.2,0.81,0.88,1.17,1.2,0.3,0.0,2,1,1,1,1,5,1,3,0,2,25
355,2175,2,SM,1,1,1,1.46,0.91,1.95,0.81,0.88,0.9,0.6,0.2,1.0,2,1,1,1,1,5,1,3,0,2,25
355,2176,3,CAR,1,1,1,1.46,0.85,1.5,0.97,1.05,0.72,0.6,0.1,1.0,2,1,1,1,1,5,1,3,0,2,25
355,2177,2,SM,1,1,1,1.61,0.91,1.5,0.97,1.18,1.17,0.3,0.2,1.0,2,1,1,1,1,5,1,3,0,2,25
355,2178,2,SM,1,1,1,1.46,0.8,1.5,0.81,0.92,1.17,1.2,0.2,0.0,2,1,1,1,1,5,1,3,0,2,25
356,2179,1,TRAIN,1,1,1,1.35,0.65,0.9,0.65,0.74,0.44,0.3,0.1,0.0,2,1,1,1,1,5,1,4,0,1,2
356,2180,1,TRAIN,1,1,1,1.35,0.58,1.17,0.58,0.81,0.55,0.3,0.2,0.0,2,1,1,1,1,5,1,4,0,1,2
356,2181,1,TRAIN,1,1,1,1.35,0.61,1.17,0.65,0.88,0.71,1.2,0.1,1.0,2,1,1,1,1,5,1,4,0,1,2
356,2182,1,TRAIN,1,1,1,1.06,0.58,0.72,0.58,0.81,0.71,0.6,0.3,1.0,2,1,1,1,1,5,1,4,0,1,2
356,2183,1,TRAIN,1,1,1,1.16,0.58,1.17,0.65,0.76,0.44,0.3,0.3,1.0,2,1,1,1,1,5,1,4,0,1,2
356,2184,1,TRAIN,1,1,1,1.16,0.58,0.72,0.78,0.84,0.44,0.6,0.2,0.0,2,1,1,1,1,5,1,4,0,1,2
356,2185,1,TRAIN,1,1,1,1.16,0.61,0.72,0.58,0.68,0.55,0.3,0.1,1.0,2,1,1,1,1,5,1,4,0,1,2
356,2186,1,TRAIN,1,1,1,1.16,0.61,0.9,0.65,0.88,0.55,0.6,0.3,0.0,2,1,1,1,1,5,1,4,0,1,2
356,2187,1,TRAIN,1,1,1,1.35,0.61,0.72,0.78,0.84,0.71,0.3,0.3,0.0,2,1,1,1,1,5,1,4,0,1,2
357,2188,2,SM,1,1,0,3.13,1.43,0.0,1.27,1.4,0.0,0.3,0.1,0.0,2,1,1,1,2,1,0,1,0,18,25
357,2189,2,SM,1,1,0,3.13,1.33,0.0,1.27,1.68,0.0,1.2,0.1,1.0,2,1,1,1,2,1,0,1,0,18,25
357,2190,2,SM,1,1,0,3.13,1.25,0.0,1.14,1.55,0.0,0.3,0.2,0.0,2,1,1,1,2,1,0,1,0,18,25
357,2191,2,SM,1,1,0,2.36,1.25,0.0,1.14,1.55,0.0,0.6,0.3,1.0,2,1,1,1,2,1,0,1,0,18,25
357,2192,2,SM,1,1,0,2.62,1.25,0.0,1.27,1.46,0.0,0.3,0.3,1.0,2,1,1,1,2,1,0,1,0,18,25
357,2193,2,SM,1,1,0,2.62,1.33,0.0,1.14,1.27,0.0,0.3,0.1,1.0,2,1,1,1,2,1,0,1,0,18,25
357,2194,2,SM,1,1,0,2.62,1.25,0.0,1.52,1.61,0.0,0.6,0.2,0.0,2,1,1,1,2,1,0,1,0,18,25
357,2195,2,SM,1,1,0,3.13,1.33,0.0,1.52,1.68,0.0,0.3,0.3,0.0,2,1,1,1,2,1,0,1,0,18,25
357,2196,2,SM,1,1,0,2.62,1.33,0.0,1.27,1.68,0.0,0.6,0.3,0.0,2,1,1,1,2,1,0,1,0,18,25
358,2197,2,SM,1,1,0,0.87,0.34,0.0,0.26,0.34,0.0,1.2,0.2,0.0,2,1,2,1,1,2,0,1,0,17,1
358,2198,2,SM,1,1,0,0.8,0.31,0.0,0.26,0.32,0.0,0.3,0.1,0.0,2,1,2,1,1,2,0,1,0,17,1
358,2199,1,TRAIN,1,1,0,1.01,0.38,0.0,0.26,0.41,0.0,0.6,0.3,0.0,2,1,2,1,1,2,0,1,0,17,1
358,2200,1,TRAIN,1,1,0,0.8,0.34,0.0,0.22,0.35,0.0,0.3,0.2,0.0,2,1,2,1,1,2,0,1,0,17,1
358,2201,2,SM,1,1,0,1.01,0.34,0.0,0.2,0.25,0.0,0.6,0.2,0.0,2,1,2,1,1,2,0,1,0,17,1
358,2202,2,SM,1,1,0,0.87,0.31,0.0,0.2,0.32,0.0,1.2,0.1,0.0,2,1,2,1,1,2,0,1,0,17,1
358,2203,1,TRAIN,1,1,0,0.8,0.38,0.0,0.26,0.41,0.0,1.2,0.1,0.0,2,1,2,1,1,2,0,1,0,17,1
358,2204,2,SM,1,1,0,0.8,0.38,0.0,0.2,0.26,0.0,0.3,0.3,0.0,2,1,2,1,1,2,0,1,0,17,1
358,2205,2,SM,1,1,0,1.01,0.31,0.0,0.22,0.29,0.0,0.6,0.1,0.0,2,1,2,1,1,2,0,1,0,17,1
359,2206,2,SM,1,1,0,1.11,0.48,0.0,0.74,0.89,0.0,0.3,0.1,0.0,2,1,3,1,0,2,0,2,0,17,1
359,2207,1,TRAIN,1,1,0,1.11,0.41,0.0,0.67,1.06,0.0,0.3,0.2,0.0,2,1,3,1,0,2,0,2,0,17,1
359,2208,1,TRAIN,1,1,0,1.11,0.44,0.0,0.74,1.16,0.0,1.2,0.1,1.0,2,1,3,1,0,2,0,2,0,17,1
359,2209,1,TRAIN,1,1,0,0.9,0.41,0.0,0.67,1.06,0.0,0.6,0.3,1.0,2,1,3,1,0,2,0,2,0,17,1
359,2210,1,TRAIN,1,1,0,0.97,0.41,0.0,0.74,0.97,0.0,0.3,0.3,1.0,2,1,3,1,0,2,0,2,0,17,1
359,2211,1,TRAIN,1,1,0,0.97,0.44,0.0,0.67,0.82,0.0,0.3,0.1,1.0,2,1,3,1,0,2,0,2,0,17,1
359,2212,1,TRAIN,1,1,0,0.97,0.41,0.0,0.89,1.06,0.0,0.6,0.2,0.0,2,1,3,1,0,2,0,2,0,17,1
359,2213,1,TRAIN,1,1,0,1.11,0.44,0.0,0.89,1.11,0.0,0.3,0.3,0.0,2,1,3,1,0,2,0,2,0,17,1
359,2214,1,TRAIN,1,1,0,0.97,0.44,0.0,0.74,1.16,0.0,0.6,0.3,0.0,2,1,3,1,0,2,0,2,0,17,1
360,2215,1,TRAIN,1,1,1,2.08,0.79,1.2,1.76,1.94,0.76,0.3,0.1,0.0,2,1,3,1,1,3,0,2,0,22,1
360,2216,1,TRAIN,1,1,1,2.08,0.71,1.56,1.76,2.45,1.23,1.2,0.1,1.0,2,1,3,1,1,3,0,2,0,22,1
360,2217,1,TRAIN,1,1,1,2.08,0.65,1.56,1.58,2.25,0.95,0.3,0.2,0.0,2,1,3,1,1,3,0,2,0,22,1
360,2218,3,CAR,1,1,1,1.65,0.65,0.96,1.58,2.25,1.23,0.6,0.3,1.0,2,1,3,1,1,3,0,2,0,22,1
360,2219,1,TRAIN,1,1,1,1.79,0.65,1.56,1.76,2.1,0.76,0.3,0.3,1.0,2,1,3,1,1,3,0,2,0,22,1
360,2220,3,CAR,1,1,1,1.79,0.71,0.96,1.58,1.81,0.95,0.3,0.1,1.0,2,1,3,1,1,3,0,2,0,22,1
360,2221,3,CAR,1,1,1,1.79,0.65,0.96,2.11,2.25,0.76,0.6,0.2,0.0,2,1,3,1,1,3,0,2,0,22,1
360,2222,3,CAR,1,1,1,2.08,0.71,0.96,2.11,2.37,1.23,0.3,0.3,0.0,2,1,3,1,1,3,0,2,0,22,1
360,2223,1,TRAIN,1,1,1,1.79,0.71,1.2,1.76,2.45,0.95,0.6,0.3,0.0,2,1,3,1,1,3,0,2,0,22,1
361,2224,2,SM,1,1,0,1.75,0.95,0.0,1.63,1.69,0.0,1.2,0.3,1.0,2,1,3,1,1,3,1,3,0,1,2
361,2225,2,SM,1,1,0,1.42,0.98,0.0,1.22,1.42,0.0,1.2,0.3,0.0,2,1,3,1,1,3,1,3,0,1,2
361,2226,2,SM,1,1,0,1.75,1.02,0.0,1.22,1.47,0.0,1.2,0.2,1.0,2,1,3,1,1,3,1,3,0,1,2
361,2227,2,SM,1,1,0,1.53,1.02,0.0,1.22,1.47,0.0,0.6,0.1,0.0,2,1,3,1,1,3,1,3,0,1,2
361,2228,2,SM,1,1,0,1.53,1.02,0.0,1.36,1.53,0.0,1.2,0.3,0.0,2,1,3,1,1,3,1,3,0,1,2
361,2229,2,SM,1,1,0,1.42,1.02,0.0,1.36,1.53,0.0,0.6,0.2,1.0,2,1,3,1,1,3,1,3,0,1,2
361,2230,2,SM,1,1,0,1.42,0.98,0.0,1.63,1.76,0.0,0.6,0.1,1.0,2,1,3,1,1,3,1,3,0,1,2
361,2231,2,SM,1,1,0,1.42,0.95,0.0,1.36,1.55,0.0,1.2,0.2,0.0,2,1,3,1,1,3,1,3,0,1,2
361,2232,2,SM,1,1,0,1.53,1.02,0.0,1.63,2.1,0.0,0.3,0.2,1.0,2,1,3,1,1,3,1,3,0,1,2
362,2233,2,SM,1,1,1,1.89,0.76,1.82,2.11,2.37,0.85,1.2,0.2,0.0,2,1,3,1,1,3,1,3,0,2,17
362,2234,2,SM,1,1,1,1.74,0.7,1.82,2.11,2.25,1.1,0.3,0.1,0.0,2,1,3,1,1,3,1,3,0,2,17
362,2235,1,TRAIN,1,1,1,2.2,0.84,1.82,2.11,2.81,0.68,0.6,0.3,0.0,2,1,3,1,1,3,1,3,0,2,17
362,2236,1,TRAIN,1,1,1,1.74,0.76,1.12,1.76,2.45,0.68,0.3,0.2,0.0,2,1,3,1,1,3,1,3,0,2,17
362,2237,2,SM,1,1,1,2.2,0.76,1.4,1.58,1.84,1.1,0.6,0.2,0.0,2,1,3,1,1,3,1,3,0,2,17
362,2238,1,TRAIN,1,1,1,1.89,0.7,1.4,1.58,2.25,0.68,1.2,0.1,0.0,2,1,3,1,1,3,1,3,0,2,17
362,2239,3,CAR,1,1,1,1.74,0.84,1.12,2.11,2.81,0.85,1.2,0.1,0.0,2,1,3,1,1,3,1,3,0,2,17
362,2240,3,CAR,1,1,1,1.74,0.84,1.4,1.58,1.94,0.85,0.3,0.3,0.0,2,1,3,1,1,3,1,3,0,2,17
362,2241,3,CAR,1,1,1,2.2,0.7,1.12,1.76,2.1,0.85,0.6,0.1,0.0,2,1,3,1,1,3,1,3,0,2,17
363,2242,2,SM,1,1,1,0.94,0.39,0.91,1.02,1.3,0.45,1.2,0.2,0.0,2,1,3,1,1,4,0,4,0,22,2
363,2243,2,SM,1,1,1,0.87,0.36,0.91,1.02,1.16,0.58,0.3,0.1,0.0,2,1,3,1,1,4,0,4,0,22,2
363,2244,3,CAR,1,1,1,1.08,0.43,0.91,1.02,1.47,0.36,0.6,0.3,0.0,2,1,3,1,1,4,0,4,0,22,2
363,2245,3,CAR,1,1,1,0.87,0.39,0.56,0.85,1.3,0.36,0.3,0.2,0.0,2,1,3,1,1,4,0,4,0,22,2
363,2246,3,CAR,1,1,1,1.08,0.39,0.7,0.76,0.89,0.58,0.6,0.2,0.0,2,1,3,1,1,4,0,4,0,22,2
363,2247,3,CAR,1,1,1,0.94,0.36,0.7,0.76,1.16,0.36,1.2,0.1,0.0,2,1,3,1,1,4,0,4,0,22,2
363,2248,3,CAR,1,1,1,0.87,0.43,0.56,1.02,1.47,0.45,1.2,0.1,0.0,2,1,3,1,1,4,0,4,0,22,2
363,2249,3,CAR,1,1,1,0.87,0.43,0.7,0.76,0.97,0.45,0.3,0.3,0.0,2,1,3,1,1,4,0,4,0,22,2
363,2250,3,CAR,1,1,1,1.08,0.36,0.56,0.85,1.08,0.45,0.6,0.1,0.0,2,1,3,1,1,4,0,4,0,22,2
364,2251,2,SM,1,1,0,1.36,0.34,0.0,1.63,1.69,0.0,1.2,0.3,1.0,2,1,3,1,2,2,0,4,0,2,25
364,2252,2,SM,1,1,0,1.04,0.39,0.0,1.22,1.42,0.0,1.2,0.3,0.0,2,1,3,1,2,2,0,4,0,2,25
364,2253,2,SM,1,1,0,1.36,0.45,0.0,1.22,1.47,0.0,1.2,0.2,1.0,2,1,3,1,2,2,0,4,0,2,25
364,2254,2,SM,1,1,0,1.15,0.45,0.0,1.22,1.47,0.0,0.6,0.1,0.0,2,1,3,1,2,2,0,4,0,2,25
364,2255,2,SM,1,1,0,1.15,0.45,0.0,1.36,1.53,0.0,1.2,0.3,0.0,2,1,3,1,2,2,0,4,0,2,25
364,2256,2,SM,1,1,0,1.04,0.45,0.0,1.36,1.53,0.0,0.6,0.2,1.0,2,1,3,1,2,2,0,4,0,2,25
364,2257,2,SM,1,1,0,1.04,0.39,0.0,1.63,1.81,0.0,0.6,0.1,1.0,2,1,3,1,2,2,0,4,0,2,25
364,2258,2,SM,1,1,0,1.04,0.34,0.0,1.36,1.55,0.0,1.2,0.2,0.0,2,1,3,1,2,2,0,4,0,2,25
364,2259,1,TRAIN,1,1,0,1.15,0.45,0.0,1.63,2.1,0.0,0.3,0.2,1.0,2,1,3,1,2,2,0,4,0,2,25
365,2260,2,SM,1,1,1,1.59,0.91,1.1,1.84,1.89,2.0,1.2,0.3,1.0,2,1,3,1,2,4,1,3,0,10,1
365,2261,2,SM,1,1,1,1.23,0.94,1.43,1.38,1.55,1.6,1.2,0.3,0.0,2,1,3,1,2,4,1,3,0,10,1
365,2262,2,SM,1,1,1,1.59,0.98,0.88,1.38,1.62,1.6,1.2,0.2,1.0,2,1,3,1,2,4,1,3,0,10,1
365,2263,2,SM,1,1,1,1.35,0.98,1.43,1.38,1.62,2.6,0.6,0.1,0.0,2,1,3,1,2,4,1,3,0,10,1
365,2264,2,SM,1,1,1,1.35,0.98,0.88,1.53,1.67,2.6,1.2,0.3,0.0,2,1,3,1,2,4,1,3,0,10,1
365,2265,2,SM,1,1,1,1.23,0.98,1.43,1.53,1.67,2.0,0.6,0.2,1.0,2,1,3,1,2,4,1,3,0,10,1
365,2266,2,SM,1,1,1,1.23,0.94,1.1,1.84,1.94,1.6,0.6,0.1,1.0,2,1,3,1,2,4,1,3,0,10,1
365,2267,2,SM,1,1,1,1.23,0.91,1.1,1.53,1.69,2.6,1.2,0.2,0.0,2,1,3,1,2,4,1,3,0,10,1
365,2268,2,SM,1,1,1,1.35,0.98,1.1,1.84,2.18,2.6,0.3,0.2,1.0,2,1,3,1,2,4,1,3,0,10,1
366,2269,3,CAR,1,1,1,0.85,0.61,0.91,1.19,1.36,0.4,1.2,0.2,0.0,2,1,3,1,2,4,1,1,0,23,25
366,2270,3,CAR,1,1,1,1.0,0.63,0.91,1.19,1.47,0.32,0.6,0.3,0.0,2,1,3,1,2,4,1,1,0,23,25
366,2271,1,TRAIN,1,1,1,0.77,0.59,0.91,1.19,1.3,0.52,0.3,0.1,0.0,2,1,3,1,2,4,1,1,0,23,25
366,2272,3,CAR,1,1,1,0.77,0.61,0.56,0.99,1.3,0.32,0.3,0.2,0.0,2,1,3,1,2,4,1,1,0,23,25
366,2273,3,CAR,1,1,1,1.0,0.61,0.7,0.89,0.99,0.52,0.6,0.2,0.0,2,1,3,1,2,4,1,1,0,23,25
366,2274,3,CAR,1,1,1,0.77,0.63,0.56,1.19,1.47,0.4,1.2,0.1,0.0,2,1,3,1,2,4,1,1,0,23,25
366,2275,3,CAR,1,1,1,0.85,0.59,0.7,0.89,1.19,0.32,1.2,0.1,0.0,2,1,3,1,2,4,1,1,0,23,25
366,2276,3,CAR,1,1,1,1.0,0.59,0.56,0.99,1.16,0.4,0.6,0.1,0.0,2,1,3,1,2,4,1,1,0,23,25
366,2277,3,CAR,1,1,1,0.77,0.63,0.7,0.89,1.06,0.4,0.3,0.3,0.0,2,1,3,1,2,4,1,1,0,23,25
367,2278,2,SM,1,1,1,2.04,0.54,1.4,1.0,1.0,0.8,1.2,0.3,1.0,2,1,5,1,1,4,0,3,0,17,2
367,2279,2,SM,1,1,1,2.04,0.68,1.12,0.75,1.08,0.64,1.2,0.2,1.0,2,1,5,1,1,4,0,3,0,17,2
367,2280,2,SM,1,1,1,1.58,0.6,1.82,0.75,1.0,0.64,1.2,0.3,0.0,2,1,5,1,1,4,0,3,0,17,2
367,2281,2,SM,1,1,1,1.73,0.68,1.82,0.75,1.08,1.04,0.6,0.1,0.0,2,1,5,1,1,4,0,3,0,17,2
367,2282,2,SM,1,1,1,1.73,0.68,1.12,0.83,1.0,1.04,1.2,0.3,0.0,2,1,5,1,1,4,0,3,0,17,2
367,2283,2,SM,1,1,1,1.58,0.6,1.4,1.0,1.08,0.64,0.6,0.1,1.0,2,1,5,1,1,4,0,3,0,17,2
367,2284,2,SM,1,1,1,1.58,0.68,1.82,0.83,1.0,0.8,0.6,0.2,1.0,2,1,5,1,1,4,0,3,0,17,2
367,2285,2,SM,1,1,1,1.73,0.68,1.4,1.0,1.33,1.04,0.3,0.2,1.0,2,1,5,1,1,4,0,3,0,17,2
367,2286,2,SM,1,1,1,1.58,0.54,1.4,0.83,1.08,1.04,1.2,0.2,0.0,2,1,5,1,1,4,0,3,0,17,2
368,2287,1,TRAIN,1,1,0,2.68,1.3,0.0,0.83,1.0,0.0,0.3,0.1,0.0,2,1,5,1,1,5,0,4,0,22,1
368,2288,1,TRAIN,1,1,0,2.68,1.22,0.0,0.83,1.33,0.0,1.2,0.1,1.0,2,1,5,1,1,5,0,4,0,22,1
368,2289,1,TRAIN,1,1,0,2.68,1.16,0.0,0.75,1.33,0.0,0.3,0.2,0.0,2,1,5,1,1,5,0,4,0,22,1
368,2290,1,TRAIN,1,1,0,2.11,1.16,0.0,0.75,1.33,0.0,0.6,0.3,1.0,2,1,5,1,1,5,0,4,0,22,1
368,2291,1,TRAIN,1,1,0,2.3,1.16,0.0,0.83,1.08,0.0,0.3,0.3,1.0,2,1,5,1,1,5,0,4,0,22,1
368,2292,1,TRAIN,1,1,0,2.3,1.22,0.0,0.75,1.0,0.0,0.3,0.1,1.0,2,1,5,1,1,5,0,4,0,22,1
368,2293,2,SM,1,1,0,2.3,1.16,0.0,1.0,1.0,0.0,0.6,0.2,0.0,2,1,5,1,1,5,0,4,0,22,1
368,2294,1,TRAIN,1,1,0,2.68,1.22,0.0,1.0,1.08,0.0,0.3,0.3,0.0,2,1,5,1,1,5,0,4,0,22,1
368,2295,1,TRAIN,1,1,0,2.3,1.22,0.0,0.83,1.33,0.0,0.6,0.3,0.0,2,1,5,1,1,5,0,4,0,22,1
369,2296,2,SM,1,1,1,1.61,0.53,2.6,1.0,1.08,1.45,1.2,0.2,0.0,2,1,5,1,1,5,1,2,0,22,1
369,2297,2,SM,1,1,1,1.46,0.47,2.6,1.0,1.0,1.88,0.3,0.1,0.0,2,1,5,1,1,5,1,2,0,22,1
369,2298,1,TRAIN,1,1,1,1.92,0.61,2.6,1.0,1.33,1.16,0.6,0.3,0.0,2,1,5,1,1,5,1,2,0,22,1
369,2299,1,TRAIN,1,1,1,1.46,0.53,1.6,0.83,1.33,1.16,0.3,0.2,0.0,2,1,5,1,1,5,1,2,0,22,1
369,2300,2,SM,1,1,1,1.92,0.53,2.0,0.75,1.0,1.88,0.6,0.2,0.0,2,1,5,1,1,5,1,2,0,22,1
369,2301,1,TRAIN,1,1,1,1.61,0.47,2.0,0.75,1.33,1.16,1.2,0.1,0.0,2,1,5,1,1,5,1,2,0,22,1
369,2302,1,TRAIN,1,1,1,1.46,0.61,1.6,1.0,1.33,1.45,1.2,0.1,0.0,2,1,5,1,1,5,1,2,0,22,1
369,2303,1,TRAIN,1,1,1,1.46,0.61,2.0,0.75,1.08,1.45,0.3,0.3,0.0,2,1,5,1,1,5,1,2,0,22,1
369,2304,2,SM,1,1,1,1.92,0.47,1.6,0.83,1.08,1.45,0.6,0.1,0.0,2,1,5,1,1,5,1,2,0,22,1
370,2305,1,TRAIN,1,1,0,1.86,1.31,0.0,0.0,0.0,0.0,1.2,0.2,0.0,2,1,6,1,0,5,1,1,1,2,18
370,2306,1,TRAIN,1,1,0,1.69,1.28,0.0,0.0,0.0,0.0,0.3,0.1,0.0,2,1,6,1,0,5,1,1,1,2,18
370,2307,1,TRAIN,1,1,0,2.2,1.35,0.0,0.0,0.0,0.0,0.6,0.3,0.0,2,1,6,1,0,5,1,1,1,2,18
370,2308,1,TRAIN,1,1,0,1.69,1.31,0.0,0.0,0.0,0.0,0.3,0.2,0.0,2,1,6,1,0,5,1,1,1,2,18
370,2309,1,TRAIN,1,1,0,2.2,1.31,0.0,0.0,0.0,0.0,0.6,0.2,0.0,2,1,6,1,0,5,1,1,1,2,18
370,2310,1,TRAIN,1,1,0,1.86,1.28,0.0,0.0,0.0,0.0,1.2,0.1,0.0,2,1,6,1,0,5,1,1,1,2,18
370,2311,1,TRAIN,1,1,0,1.69,1.35,0.0,0.0,0.0,0.0,1.2,0.1,0.0,2,1,6,1,0,5,1,1,1,2,18
370,2312,1,TRAIN,1,1,0,1.69,1.35,0.0,0.0,0.0,0.0,0.3,0.3,0.0,2,1,6,1,0,5,1,1,1,2,18
370,2313,1,TRAIN,1,1,0,2.2,1.28,0.0,0.0,0.0,0.0,0.6,0.1,0.0,2,1,6,1,0,5,1,1,1,2,18
371,2314,2,SM,1,1,0,1.28,0.56,0.0,0.0,0.0,0.0,1.2,0.3,1.0,2,1,6,1,1,4,1,3,1,2,1
371,2315,2,SM,1,1,0,1.07,0.59,0.0,0.0,0.0,0.0,1.2,0.3,0.0,2,1,6,1,1,4,1,3,1,2,1
371,2316,2,SM,1,1,0,1.28,0.63,0.0,0.0,0.0,0.0,1.2,0.2,1.0,2,1,6,1,1,4,1,3,1,2,1
371,2317,2,SM,1,1,0,1.14,0.63,0.0,0.0,0.0,0.0,0.6,0.1,0.0,2,1,6,1,1,4,1,3,1,2,1
371,2318,2,SM,1,1,0,1.14,0.63,0.0,0.0,0.0,0.0,1.2,0.3,0.0,2,1,6,1,1,4,1,3,1,2,1
371,2319,2,SM,1,1,0,1.07,0.63,0.0,0.0,0.0,0.0,0.6,0.2,1.0,2,1,6,1,1,4,1,3,1,2,1
371,2320,2,SM,1,1,0,1.07,0.59,0.0,0.0,0.0,0.0,0.6,0.1,1.0,2,1,6,1,1,4,1,3,1,2,1
371,2321,2,SM,1,1,0,1.07,0.56,0.0,0.0,0.0,0.0,1.2,0.2,0.0,2,1,6,1,1,4,1,3,1,2,1
371,2322,2,SM,1,1,0,1.14,0.63,0.0,0.0,0.0,0.0,0.3,0.2,1.0,2,1,6,1,1,4,1,3,1,2,1
372,2323,2,SM,1,1,1,1.3,0.67,0.8,0.0,0.0,0.56,0.3,0.1,0.0,2,1,6,1,1,4,1,3,1,2,1
372,2324,2,SM,1,1,1,1.3,0.63,1.04,0.0,0.0,0.91,1.2,0.1,1.0,2,1,6,1,1,4,1,3,1,2,1
372,2325,2,SM,1,1,1,1.3,0.6,1.04,0.0,0.0,0.7,0.3,0.2,0.0,2,1,6,1,1,4,1,3,1,2,1
372,2326,2,SM,1,1,1,1.03,0.6,0.64,0.0,0.0,0.91,0.6,0.3,1.0,2,1,6,1,1,4,1,3,1,2,1
372,2327,2,SM,1,1,1,1.12,0.6,1.04,0.0,0.0,0.56,0.3,0.3,1.0,2,1,6,1,1,4,1,3,1,2,1
372,2328,2,SM,1,1,1,1.12,0.63,0.64,0.0,0.0,0.7,0.3,0.1,1.0,2,1,6,1,1,4,1,3,1,2,1
372,2329,2,SM,1,1,1,1.12,0.6,0.64,0.0,0.0,0.56,0.6,0.2,0.0,2,1,6,1,1,4,1,3,1,2,1
372,2330,2,SM,1,1,1,1.3,0.63,0.64,0.0,0.0,0.91,0.3,0.3,0.0,2,1,6,1,1,4,1,3,1,2,1
372,2331,2,SM,1,1,1,1.12,0.63,0.8,0.0,0.0,0.7,0.6,0.3,0.0,2,1,6,1,1,4,1,3,1,2,1
373,2332,1,TRAIN,1,1,0,1.37,0.63,0.0,0.0,0.0,0.0,1.2,0.3,1.0,2,1,6,1,1,5,0,1,1,1,15
373,2333,1,TRAIN,1,1,0,1.1,0.66,0.0,0.0,0.0,0.0,1.2,0.3,0.0,2,1,6,1,1,5,0,1,1,1,15
373,2334,1,TRAIN,1,1,0,1.37,0.7,0.0,0.0,0.0,0.0,1.2,0.2,1.0,2,1,6,1,1,5,0,1,1,1,15
373,2335,1,TRAIN,1,1,0,1.19,0.7,0.0,0.0,0.0,0.0,0.6,0.1,0.0,2,1,6,1,1,5,0,1,1,1,15
373,2336,1,TRAIN,1,1,0,1.19,0.7,0.0,0.0,0.0,0.0,1.2,0.3,0.0,2,1,6,1,1,5,0,1,1,1,15
373,2337,1,TRAIN,1,1,0,1.1,0.7,0.0,0.0,0.0,0.0,0.6,0.2,1.0,2,1,6,1,1,5,0,1,1,1,15
373,2338,1,TRAIN,1,1,0,1.1,0.66,0.0,0.0,0.0,0.0,0.6,0.1,1.0,2,1,6,1,1,5,0,1,1,1,15
373,2339,1,TRAIN,1,1,0,1.1,0.63,0.0,0.0,0.0,0.0,1.2,0.2,0.0,2,1,6,1,1,5,0,1,1,1,15
373,2340,1,TRAIN,1,1,0,1.19,0.7,0.0,0.0,0.0,0.0,0.3,0.2,1.0,2,1,6,1,1,5,0,1,1,1,15
374,2341,1,TRAIN,1,1,0,1.72,1.17,0.0,0.0,0.0,0.0,1.2,0.2,0.0,2,1,6,1,1,5,0,4,1,19,1
374,2342,1,TRAIN,1,1,0,1.65,1.14,0.0,0.0,0.0,0.0,0.3,0.1,0.0,2,1,6,1,1,5,0,4,1,19,1
374,2343,1,TRAIN,1,1,0,1.86,1.21,0.0,0.0,0.0,0.0,0.6,0.3,0.0,2,1,6,1,1,5,0,4,1,19,1
374,2344,1,TRAIN,1,1,0,1.65,1.17,0.0,0.0,0.0,0.0,0.3,0.2,0.0,2,1,6,1,1,5,0,4,1,19,1
374,2345,1,TRAIN,1,1,0,1.86,1.17,0.0,0.0,0.0,0.0,0.6,0.2,0.0,2,1,6,1,1,5,0,4,1,19,1
374,2346,1,TRAIN,1,1,0,1.72,1.14,0.0,0.0,0.0,0.0,1.2,0.1,0.0,2,1,6,1,1,5,0,4,1,19,1
374,2347,1,TRAIN,1,1,0,1.65,1.21,0.0,0.0,0.0,0.0,1.2,0.1,0.0,2,1,6,1,1,5,0,4,1,19,1
374,2348,1,TRAIN,1,1,0,1.65,1.21,0.0,0.0,0.0,0.0,0.3,0.3,0.0,2,1,6,1,1,5,0,4,1,19,1
374,2349,1,TRAIN,1,1,0,1.86,1.14,0.0,0.0,0.0,0.0,0.6,0.1,0.0,2,1,6,1,1,5,0,4,1,19,1
375,2350,1,TRAIN,1,1,1,1.06,0.33,0.8,0.0,0.0,0.55,1.2,0.3,1.0,2,1,6,1,1,4,0,4,1,2,22
375,2351,1,TRAIN,1,1,1,0.83,0.36,1.04,0.0,0.0,0.44,1.2,0.3,0.0,2,1,6,1,1,4,0,4,1,2,22
375,2352,1,TRAIN,1,1,1,1.06,0.4,0.64,0.0,0.0,0.44,1.2,0.2,1.0,2,1,6,1,1,4,0,4,1,2,22
375,2353,1,TRAIN,1,1,1,0.91,0.4,1.04,0.0,0.0,0.71,0.6,0.1,0.0,2,1,6,1,1,4,0,4,1,2,22
375,2354,1,TRAIN,1,1,1,0.91,0.4,0.64,0.0,0.0,0.71,1.2,0.3,0.0,2,1,6,1,1,4,0,4,1,2,22
375,2355,1,TRAIN,1,1,1,0.83,0.4,1.04,0.0,0.0,0.55,0.6,0.2,1.0,2,1,6,1,1,4,0,4,1,2,22
375,2356,1,TRAIN,1,1,1,0.83,0.36,0.8,0.0,0.0,0.44,0.6,0.1,1.0,2,1,6,1,1,4,0,4,1,2,22
375,2357,1,TRAIN,1,1,1,0.83,0.33,0.8,0.0,0.0,0.71,1.2,0.2,0.0,2,1,6,1,1,4,0,4,1,2,22
375,2358,1,TRAIN,1,1,1,0.91,0.4,0.8,0.0,0.0,0.71,0.3,0.2,1.0,2,1,6,1,1,4,0,4,1,2,22
376,2359,2,SM,1,1,0,1.71,0.89,0.0,0.0,0.0,0.0,1.2,0.3,1.0,2,1,6,1,1,4,0,4,1,23,2
376,2360,1,TRAIN,1,1,0,1.35,0.92,0.0,0.0,0.0,0.0,1.2,0.3,0.0,2,1,6,1,1,4,0,4,1,23,2
376,2361,1,TRAIN,1,1,0,1.71,0.96,0.0,0.0,0.0,0.0,1.2,0.2,1.0,2,1,6,1,1,4,0,4,1,23,2
376,2362,2,SM,1,1,0,1.47,0.96,0.0,0.0,0.0,0.0,0.6,0.1,0.0,2,1,6,1,1,4,0,4,1,23,2
376,2363,2,SM,1,1,0,1.47,0.96,0.0,0.0,0.0,0.0,1.2,0.3,0.0,2,1,6,1,1,4,0,4,1,23,2
376,2364,2,SM,1,1,0,1.35,0.96,0.0,0.0,0.0,0.0,0.6,0.2,1.0,2,1,6,1,1,4,0,4,1,23,2
376,2365,2,SM,1,1,0,1.35,0.92,0.0,0.0,0.0,0.0,0.6,0.1,1.0,2,1,6,1,1,4,0,4,1,23,2
376,2366,2,SM,1,1,0,1.35,0.89,0.0,0.0,0.0,0.0,1.2,0.2,0.0,2,1,6,1,1,4,0,4,1,23,2
376,2367,2,SM,1,1,0,1.47,0.96,0.0,0.0,0.0,0.0,0.3,0.2,1.0,2,1,6,1,1,4,0,4,1,23,2
377,2368,2,SM,1,1,1,1.59,0.86,0.9,0.0,0.0,0.48,0.3,0.1,0.0,2,1,6,1,1,4,1,3,1,2,19
377,2369,1,TRAIN,1,1,1,1.59,0.82,1.17,0.0,0.0,0.78,1.2,0.1,1.0,2,1,6,1,1,4,1,3,1,2,19
377,2370,1,TRAIN,1,1,1,1.59,0.79,1.17,0.0,0.0,0.6,0.3,0.2,0.0,2,1,6,1,1,4,1,3,1,2,19
377,2371,1,TRAIN,1,1,1,1.26,0.79,0.72,0.0,0.0,0.78,0.6,0.3,1.0,2,1,6,1,1,4,1,3,1,2,19
377,2372,2,SM,1,1,1,1.37,0.79,1.17,0.0,0.0,0.48,0.3,0.3,1.0,2,1,6,1,1,4,1,3,1,2,19
377,2373,1,TRAIN,1,1,1,1.37,0.82,0.72,0.0,0.0,0.6,0.3,0.1,1.0,2,1,6,1,1,4,1,3,1,2,19
377,2374,2,SM,1,1,1,1.37,0.79,0.72,0.0,0.0,0.48,0.6,0.2,0.0,2,1,6,1,1,4,1,3,1,2,19
377,2375,2,SM,1,1,1,1.59,0.82,0.72,0.0,0.0,0.78,0.3,0.3,0.0,2,1,6,1,1,4,1,3,1,2,19
377,2376,1,TRAIN,1,1,1,1.37,0.82,0.9,0.0,0.0,0.6,0.6,0.3,0.0,2,1,6,1,1,4,1,3,1,2,19
378,2377,2,SM,1,1,1,1.85,0.72,1.82,0.0,0.0,0.9,1.2,0.2,0.0,2,1,6,1,1,4,1,3,1,15,2
378,2378,1,TRAIN,1,1,1,2.21,0.8,1.82,0.0,0.0,0.72,0.6,0.3,0.0,2,1,6,1,1,4,1,3,1,15,2
378,2379,2,SM,1,1,1,1.67,0.66,1.82,0.0,0.0,1.17,0.3,0.1,0.0,2,1,6,1,1,4,1,3,1,15,2
378,2380,1,TRAIN,1,1,1,1.67,0.72,1.12,0.0,0.0,0.72,0.3,0.2,0.0,2,1,6,1,1,4,1,3,1,15,2
378,2381,1,TRAIN,1,1,1,2.21,0.72,1.4,0.0,0.0,1.17,0.6,0.2,0.0,2,1,6,1,1,4,1,3,1,15,2
378,2382,1,TRAIN,1,1,1,1.67,0.8,1.12,0.0,0.0,0.9,1.2,0.1,0.0,2,1,6,1,1,4,1,3,1,15,2
378,2383,1,TRAIN,1,1,1,1.85,0.66,1.4,0.0,0.0,0.72,1.2,0.1,0.0,2,1,6,1,1,4,1,3,1,15,2
378,2384,1,TRAIN,1,1,1,2.21,0.66,1.12,0.0,0.0,0.9,0.6,0.1,0.0,2,1,6,1,1,4,1,3,1,15,2
378,2385,1,TRAIN,1,1,1,1.67,0.8,1.4,0.0,0.0,0.9,0.3,0.3,0.0,2,1,6,1,1,4,1,3,1,15,2
379,2386,2,SM,1,1,0,1.57,1.07,0.0,0.0,0.0,0.0,1.2,0.2,0.0,2,1,6,1,1,3,1,3,1,2,17
379,2387,2,SM,1,1,0,1.42,1.04,0.0,0.0,0.0,0.0,0.3,0.1,0.0,2,1,6,1,1,3,1,3,1,2,17
379,2388,1,TRAIN,1,1,0,1.86,1.11,0.0,0.0,0.0,0.0,0.6,0.3,0.0,2,1,6,1,1,3,1,3,1,2,17
379,2389,1,TRAIN,1,1,0,1.42,1.07,0.0,0.0,0.0,0.0,0.3,0.2,0.0,2,1,6,1,1,3,1,3,1,2,17
379,2390,2,SM,1,1,0,1.86,1.07,0.0,0.0,0.0,0.0,0.6,0.2,0.0,2,1,6,1,1,3,1,3,1,2,17
379,2391,1,TRAIN,1,1,0,1.57,1.04,0.0,0.0,0.0,0.0,1.2,0.1,0.0,2,1,6,1,1,3,1,3,1,2,17
379,2392,1,TRAIN,1,1,0,1.42,1.11,0.0,0.0,0.0,0.0,1.2,0.1,0.0,2,1,6,1,1,3,1,3,1,2,17
379,2393,1,TRAIN,1,1,0,1.42,1.11,0.0,0.0,0.0,0.0,0.3,0.3,0.0,2,1,6,1,1,3,1,3,1,2,17
379,2394,2,SM,1,1,0,1.86,1.04,0.0,0.0,0.0,0.0,0.6,0.1,0.0,2,1,6,1,1,3,1,3,1,2,17
380,2395,2,SM,1,1,0,2.03,0.53,0.0,0.0,0.0,0.0,1.2,0.3,1.0,2,1,6,2,0,2,0,1,1,17,2
380,2396,2,SM,1,1,0,1.57,0.59,0.0,0.0,0.0,0.0,1.2,0.3,0.0,2,1,6,2,0,2,0,1,1,17,2
380,2397,2,SM,1,1,0,2.03,0.67,0.0,0.0,0.0,0.0,1.2,0.2,1.0,2,1,6,2,0,2,0,1,1,17,2
380,2398,2,SM,1,1,0,1.72,0.67,0.0,0.0,0.0,0.0,0.6,0.1,0.0,2,1,6,2,0,2,0,1,1,17,2
380,2399,2,SM,1,1,0,1.72,0.67,0.0,0.0,0.0,0.0,1.2,0.3,0.0,2,1,6,2,0,2,0,1,1,17,2
380,2400,2,SM,1,1,0,1.57,0.67,0.0,0.0,0.0,0.0,0.6,0.2,1.0,2,1,6,2,0,2,0,1,1,17,2
380,2401,2,SM,1,1,0,1.57,0.59,0.0,0.0,0.0,0.0,0.6,0.1,1.0,2,1,6,2,0,2,0,1,1,17,2
380,2402,2,SM,1,1,0,1.57,0.53,0.0,0.0,0.0,0.0,1.2,0.2,0.0,2,1,6,2,0,2,0,1,1,17,2
380,2403,2,SM,1,1,0,1.72,0.67,0.0,0.0,0.0,0.0,0.3,0.2,1.0,2,1,6,2,0,2,0,1,1,17,2
381,2404,2,SM,1,1,0,2.09,1.31,0.0,0.0,0.0,0.0,0.3,0.1,0.0,2,1,6,2,2,2,1,1,1,2,20
381,2405,2,SM,1,1,0,2.09,1.27,0.0,0.0,0.0,0.0,1.2,0.1,1.0,2,1,6,2,2,2,1,1,1,2,20
381,2406,1,TRAIN,1,1,0,2.09,1.24,0.0,0.0,0.0,0.0,0.3,0.2,0.0,2,1,6,2,2,2,1,1,1,2,20
381,2407,1,TRAIN,1,1,0,1.61,1.24,0.0,0.0,0.0,0.0,0.6,0.3,1.0,2,1,6,2,2,2,1,1,1,2,20
381,2408,1,TRAIN,1,1,0,1.77,1.24,0.0,0.0,0.0,0.0,0.3,0.3,1.0,2,1,6,2,2,2,1,1,1,2,20
381,2409,1,TRAIN,1,1,0,1.77,1.27,0.0,0.0,0.0,0.0,0.3,0.1,1.0,2,1,6,2,2,2,1,1,1,2,20
381,2410,2,SM,1,1,0,1.77,1.24,0.0,0.0,0.0,0.0,0.6,0.2,0.0,2,1,6,2,2,2,1,1,1,2,20
381,2411,2,SM,1,1,0,2.09,1.27,0.0,0.0,0.0,0.0,0.3,0.3,0.0,2,1,6,2,2,2,1,1,1,2,20
381,2412,1,TRAIN,1,1,0,1.77,1.27,0.0,0.0,0.0,0.0,0.6,0.3,0.0,2,1,6,2,2,2,1,1,1,2,20
382,2413,1,TRAIN,1,1,0,1.89,0.76,0.0,0.0,0.0,0.0,1.2,0.2,0.0,2,1,6,3,1,5,1,3,1,2,17
382,2414,2,SM,1,1,0,1.74,0.7,0.0,0.0,0.0,0.0,0.3,0.1,0.0,2,1,6,3,1,5,1,3,1,2,17
382,2415,2,SM,1,1,0,2.2,0.84,0.0,0.0,0.0,0.0,0.6,0.3,0.0,2,1,6,3,1,5,1,3,1,2,17
382,2416,2,SM,1,1,0,1.74,0.76,0.0,0.0,0.0,0.0,0.3,0.2,0.0,2,1,6,3,1,5,1,3,1,2,17
382,2417,2,SM,1,1,0,2.2,0.76,0.0,0.0,0.0,0.0,0.6,0.2,0.0,2,1,6,3,1,5,1,3,1,2,17
382,2418,2,SM,1,1,0,1.89,0.7,0.0,0.0,0.0,0.0,1.2,0.1,0.0,2,1,6,3,1,5,1,3,1,2,17
382,2419,2,SM,1,1,0,1.74,0.84,0.0,0.0,0.0,0.0,1.2,0.1,0.0,2,1,6,3,1,5,1,3,1,2,17
382,2420,2,SM,1,1,0,1.74,0.84,0.0,0.0,0.0,0.0,0.3,0.3,0.0,2,1,6,3,1,5,1,3,1,2,17
382,2421,2,SM,1,1,0,2.2,0.7,0.0,0.0,0.0,0.0,0.6,0.1,0.0,2,1,6,3,1,5,1,3,1,2,17
383,2422,1,TRAIN,1,1,0,1.06,0.34,0.0,0.0,0.0,0.0,1.2,0.3,1.0,2,1,7,1,1,5,0,1,1,1,2
383,2423,1,TRAIN,1,1,0,0.92,0.41,0.0,0.0,0.0,0.0,0.6,0.1,0.0,2,1,7,1,1,5,0,1,1,1,2
383,2424,1,TRAIN,1,1,0,0.85,0.37,0.0,0.0,0.0,0.0,1.2,0.3,0.0,2,1,7,1,1,5,0,1,1,1,2
383,2425,1,TRAIN,1,1,0,1.06,0.41,0.0,0.0,0.0,0.0,1.2,0.2,1.0,2,1,7,1,1,5,0,1,1,1,2
383,2426,1,TRAIN,1,1,0,0.92,0.41,0.0,0.0,0.0,0.0,1.2,0.3,0.0,2,1,7,1,1,5,0,1,1,1,2
383,2427,1,TRAIN,1,1,0,0.85,0.41,0.0,0.0,0.0,0.0,0.6,0.2,1.0,2,1,7,1,1,5,0,1,1,1,2
383,2428,1,TRAIN,1,1,0,0.85,0.37,0.0,0.0,0.0,0.0,0.6,0.1,1.0,2,1,7,1,1,5,0,1,1,1,2
383,2429,1,TRAIN,1,1,0,0.85,0.34,0.0,0.0,0.0,0.0,1.2,0.2,0.0,2,1,7,1,1,5,0,1,1,1,2
383,2430,1,TRAIN,1,1,0,0.92,0.41,0.0,0.0,0.0,0.0,0.3,0.2,1.0,2,1,7,1,1,5,0,1,1,1,2
384,2431,1,TRAIN,1,1,0,1.89,1.04,0.0,0.0,0.0,0.0,1.2,0.3,1.0,2,1,7,1,1,5,0,1,1,2,17
384,2432,1,TRAIN,1,1,0,1.48,1.07,0.0,0.0,0.0,0.0,1.2,0.3,0.0,2,1,7,1,1,5,0,1,1,2,17
384,2433,1,TRAIN,1,1,0,1.89,1.11,0.0,0.0,0.0,0.0,1.2,0.2,1.0,2,1,7,1,1,5,0,1,1,2,17
384,2434,1,TRAIN,1,1,0,1.62,1.11,0.0,0.0,0.0,0.0,0.6,0.1,0.0,2,1,7,1,1,5,0,1,1,2,17
384,2435,1,TRAIN,1,1,0,1.62,1.11,0.0,0.0,0.0,0.0,1.2,0.3,0.0,2,1,7,1,1,5,0,1,1,2,17
384,2436,1,TRAIN,1,1,0,1.48,1.11,0.0,0.0,0.0,0.0,0.6,0.2,1.0,2,1,7,1,1,5,0,1,1,2,17
384,2437,1,TRAIN,1,1,0,1.48,1.07,0.0,0.0,0.0,0.0,0.6,0.1,1.0,2,1,7,1,1,5,0,1,1,2,17
384,2438,1,TRAIN,1,1,0,1.48,1.04,0.0,0.0,0.0,0.0,1.2,0.2,0.0,2,1,7,1,1,5,0,1,1,2,17
384,2439,1,TRAIN,1,1,0,1.62,1.11,0.0,0.0,0.0,0.0,0.3,0.2,1.0,2,1,7,1,1,5,0,1,1,2,17
385,2440,1,TRAIN,1,1,0,1.89,0.76,0.0,0.0,0.0,0.0,1.2,0.2,0.0,2,1,7,1,1,5,0,1,1,15,2
385,2441,2,SM,1,1,0,1.74,0.7,0.0,0.0,0.0,0.0,0.3,0.1,0.0,2,1,7,1,1,5,0,1,1,15,2
385,2442,1,TRAIN,1,1,0,2.2,0.84,0.0,0.0,0.0,0.0,0.6,0.3,0.0,2,1,7,1,1,5,0,1,1,15,2
385,2443,1,TRAIN,1,1,0,1.74,0.76,0.0,0.0,0.0,0.0,0.3,0.2,0.0,2,1,7,1,1,5,0,1,1,15,2
385,2444,1,TRAIN,1,1,0,2.2,0.76,0.0,0.0,0.0,0.0,0.6,0.2,0.0,2,1,7,1,1,5,0,1,1,15,2
385,2445,1,TRAIN,1,1,0,1.89,0.7,0.0,0.0,0.0,0.0,1.2,0.1,0.0,2,1,7,1,1,5,0,1,1,15,2
385,2446,1,TRAIN,1,1,0,1.74,0.84,0.0,0.0,0.0,0.0,1.2,0.1,0.0,2,1,7,1,1,5,0,1,1,15,2
385,2447,1,TRAIN,1,1,0,1.74,0.84,0.0,0.0,0.0,0.0,0.3,0.3,0.0,2,1,7,1,1,5,0,1,1,15,2
385,2448,1,TRAIN,1,1,0,2.2,0.7,0.0,0.0,0.0,0.0,0.6,0.1,0.0,2,1,7,1,1,5,0,1,1,15,2
386,2449,2,SM,1,1,0,1.72,0.59,0.0,0.0,0.0,0.0,1.2,0.2,0.0,2,1,7,1,1,5,0,1,1,17,2
386,2450,2,SM,1,1,0,1.57,0.53,0.0,0.0,0.0,0.0,0.3,0.1,0.0,2,1,7,1,1,5,0,1,1,17,2
386,2451,1,TRAIN,1,1,0,2.03,0.67,0.0,0.0,0.0,0.0,0.6,0.3,0.0,2,1,7,1,1,5,0,1,1,17,2
386,2452,1,TRAIN,1,1,0,1.57,0.59,0.0,0.0,0.0,0.0,0.3,0.2,0.0,2,1,7,1,1,5,0,1,1,17,2
386,2453,1,TRAIN,1,1,0,2.03,0.59,0.0,0.0,0.0,0.0,0.6,0.2,0.0,2,1,7,1,1,5,0,1,1,17,2
386,2454,1,TRAIN,1,1,0,1.72,0.53,0.0,0.0,0.0,0.0,1.2,0.1,0.0,2,1,7,1,1,5,0,1,1,17,2
386,2455,1,TRAIN,1,1,0,1.57,0.67,0.0,0.0,0.0,0.0,1.2,0.1,0.0,2,1,7,1,1,5,0,1,1,17,2
386,2456,1,TRAIN,1,1,0,1.57,0.67,0.0,0.0,0.0,0.0,0.3,0.3,0.0,2,1,7,1,1,5,0,1,1,17,2
386,2457,1,TRAIN,1,1,0,2.03,0.53,0.0,0.0,0.0,0.0,0.6,0.1,0.0,2,1,7,1,1,5,0,1,1,17,2
387,2458,1,TRAIN,1,1,1,1.08,0.7,0.8,0.0,0.0,0.36,0.3,0.1,0.0,2,1,7,1,1,5,0,1,1,25,23
387,2459,1,TRAIN,1,1,1,1.08,0.66,1.04,0.0,0.0,0.45,0.3,0.2,0.0,2,1,7,1,1,5,0,1,1,25,23
387,2460,1,TRAIN,1,1,1,1.08,0.68,1.04,0.0,0.0,0.58,1.2,0.1,1.0,2,1,7,1,1,5,0,1,1,25,23
387,2461,1,TRAIN,1,1,1,0.84,0.66,0.64,0.0,0.0,0.58,0.6,0.3,1.0,2,1,7,1,1,5,0,1,1,25,23
387,2462,1,TRAIN,1,1,1,0.92,0.66,1.04,0.0,0.0,0.36,0.3,0.3,1.0,2,1,7,1,1,5,0,1,1,25,23
387,2463,1,TRAIN,1,1,1,0.92,0.66,0.64,0.0,0.0,0.36,0.6,0.2,0.0,2,1,7,1,1,5,0,1,1,25,23
387,2464,1,TRAIN,1,1,1,0.92,0.68,0.64,0.0,0.0,0.45,0.3,0.1,1.0,2,1,7,1,1,5,0,1,1,25,23
387,2465,1,TRAIN,1,1,1,0.92,0.68,0.8,0.0,0.0,0.45,0.6,0.3,0.0,2,1,7,1,1,5,0,1,1,25,23
387,2466,1,TRAIN,1,1,1,1.08,0.68,0.64,0.0,0.0,0.58,0.3,0.3,0.0,2,1,7,1,1,5,0,1,1,25,23
388,2467,2,SM,1,1,0,0.61,0.37,0.0,0.0,0.0,0.0,1.2,0.2,0.0,2,1,7,1,1,5,0,4,1,22,25
388,2468,1,TRAIN,1,1,0,0.68,0.39,0.0,0.0,0.0,0.0,0.6,0.3,0.0,2,1,7,1,1,5,0,4,1,22,25
388,2469,1,TRAIN,1,1,0,0.58,0.35,0.0,0.0,0.0,0.0,0.3,0.1,0.0,2,1,7,1,1,5,0,4,1,22,25
388,2470,1,TRAIN,1,1,0,0.58,0.37,0.0,0.0,0.0,0.0,0.3,0.2,0.0,2,1,7,1,1,5,0,4,1,22,25
388,2471,1,TRAIN,1,1,0,0.68,0.37,0.0,0.0,0.0,0.0,0.6,0.2,0.0,2,1,7,1,1,5,0,4,1,22,25
388,2472,1,TRAIN,1,1,0,0.58,0.39,0.0,0.0,0.0,0.0,1.2,0.1,0.0,2,1,7,1,1,5,0,4,1,22,25
388,2473,1,TRAIN,1,1,0,0.61,0.35,0.0,0.0,0.0,0.0,1.2,0.1,0.0,2,1,7,1,1,5,0,4,1,22,25
388,2474,1,TRAIN,1,1,0,0.68,0.35,0.0,0.0,0.0,0.0,0.6,0.1,0.0,2,1,7,1,1,5,0,4,1,22,25
388,2475,1,TRAIN,1,1,0,0.58,0.39,0.0,0.0,0.0,0.0,0.3,0.3,0.0,2,1,7,1,1,5,0,4,1,22,25
389,2476,3,CAR,1,1,1,1.12,0.88,1.82,0.0,0.0,4.0,1.2,0.2,0.0,2,1,7,1,1,5,1,1,1,23,25
389,2477,1,TRAIN,1,1,1,1.28,0.9,1.82,0.0,0.0,3.2,0.6,0.3,0.0,2,1,7,1,1,5,1,1,1,23,25
389,2478,2,SM,1,1,1,1.04,0.86,1.82,0.0,0.0,5.2,0.3,0.1,0.0,2,1,7,1,1,5,1,1,1,23,25
389,2479,1,TRAIN,1,1,1,1.04,0.88,1.12,0.0,0.0,3.2,0.3,0.2,0.0,2,1,7,1,1,5,1,1,1,23,25
389,2480,2,SM,1,1,1,1.28,0.88,1.4,0.0,0.0,5.2,0.6,0.2,0.0,2,1,7,1,1,5,1,1,1,23,25
389,2481,1,TRAIN,1,1,1,1.04,0.9,1.12,0.0,0.0,4.0,1.2,0.1,0.0,2,1,7,1,1,5,1,1,1,23,25
389,2482,2,SM,1,1,1,1.12,0.86,1.4,0.0,0.0,3.2,1.2,0.1,0.0,2,1,7,1,1,5,1,1,1,23,25
389,2483,1,TRAIN,1,1,1,1.28,0.86,1.12,0.0,0.0,4.0,0.6,0.1,0.0,2,1,7,1,1,5,1,1,1,23,25
389,2484,1,TRAIN,1,1,1,1.04,0.9,1.4,0.0,0.0,4.0,0.3,0.3,0.0,2,1,7,1,1,5,1,1,1,23,25
390,2485,2,SM,1,1,1,0.65,0.32,0.4,0.0,0.0,0.6,1.2,0.3,1.0,2,1,7,1,1,5,1,2,1,25,22
390,2486,2,SM,1,1,1,0.65,0.36,0.32,0.0,0.0,0.48,1.2,0.2,1.0,2,1,7,1,1,5,1,2,1,25,22
390,2487,2,SM,1,1,1,0.55,0.34,0.52,0.0,0.0,0.48,1.2,0.3,0.0,2,1,7,1,1,5,1,2,1,25,22
390,2488,2,SM,1,1,1,0.58,0.36,0.52,0.0,0.0,0.78,0.6,0.1,0.0,2,1,7,1,1,5,1,2,1,25,22
390,2489,1,TRAIN,1,1,1,0.58,0.36,0.32,0.0,0.0,0.78,1.2,0.3,0.0,2,1,7,1,1,5,1,2,1,25,22
390,2490,1,TRAIN,1,1,1,0.55,0.36,0.52,0.0,0.0,0.6,0.6,0.2,1.0,2,1,7,1,1,5,1,2,1,25,22
390,2491,1,TRAIN,1,1,1,0.55,0.34,0.4,0.0,0.0,0.48,0.6,0.1,1.0,2,1,7,1,1,5,1,2,1,25,22
390,2492,1,TRAIN,1,1,1,0.58,0.36,0.4,0.0,0.0,0.78,0.3,0.2,1.0,2,1,7,1,1,5,1,2,1,25,22
390,2493,1,TRAIN,1,1,1,0.55,0.32,0.4,0.0,0.0,0.78,1.2,0.2,0.0,2,1,7,1,1,5,1,2,1,25,22
391,2494,3,CAR,1,1,1,1.69,1.19,0.9,1.96,1.96,0.5,1.2,0.3,1.0,2,1,8,1,0,4,0,2,0,25,22
391,2495,3,CAR,1,1,1,1.69,1.23,0.72,1.47,2.12,0.4,1.2,0.2,1.0,2,1,8,1,0,4,0,2,0,25,22
391,2496,3,CAR,1,1,1,1.33,1.21,1.17,1.47,1.96,0.4,1.2,0.3,0.0,2,1,8,1,0,4,0,2,0,25,22
391,2497,3,CAR,1,1,1,1.45,1.23,1.17,1.47,2.12,0.65,0.6,0.1,0.0,2,1,8,1,0,4,0,2,0,25,22
391,2498,3,CAR,1,1,1,1.45,1.23,0.72,1.63,1.96,0.65,1.2,0.3,0.0,2,1,8,1,0,4,0,2,0,25,22
391,2499,3,CAR,1,1,1,1.33,1.21,0.9,1.96,2.12,0.4,0.6,0.1,1.0,2,1,8,1,0,4,0,2,0,25,22
391,2500,3,CAR,1,1,1,1.33,1.23,1.17,1.63,1.96,0.5,0.6,0.2,1.0,2,1,8,1,0,4,0,2,0,25,22
391,2501,3,CAR,1,1,1,1.45,1.23,0.9,1.96,2.61,0.65,0.3,0.2,1.0,2,1,8,1,0,4,0,2,0,25,22
391,2502,3,CAR,1,1,1,1.33,1.19,0.9,1.63,2.12,0.65,1.2,0.2,0.0,2,1,8,1,0,4,0,2,0,25,22
392,2503,1,TRAIN,1,1,1,1.11,0.48,0.7,0.0,0.0,0.32,0.3,0.1,0.0,2,1,8,1,1,3,1,2,1,1,17
392,2504,1,TRAIN,1,1,1,1.11,0.44,0.91,0.0,0.0,0.52,1.2,0.1,1.0,2,1,8,1,1,3,1,2,1,1,17
392,2505,1,TRAIN,1,1,1,1.11,0.41,0.91,0.0,0.0,0.4,0.3,0.2,0.0,2,1,8,1,1,3,1,2,1,1,17
392,2506,1,TRAIN,1,1,1,0.9,0.41,0.56,0.0,0.0,0.52,0.6,0.3,1.0,2,1,8,1,1,3,1,2,1,1,17
392,2507,1,TRAIN,1,1,1,0.97,0.41,0.91,0.0,0.0,0.32,0.3,0.3,1.0,2,1,8,1,1,3,1,2,1,1,17
392,2508,1,TRAIN,1,1,1,0.97,0.44,0.56,0.0,0.0,0.4,0.3,0.1,1.0,2,1,8,1,1,3,1,2,1,1,17
392,2509,1,TRAIN,1,1,1,0.97,0.41,0.56,0.0,0.0,0.32,0.6,0.2,0.0,2,1,8,1,1,3,1,2,1,1,17
392,2510,1,TRAIN,1,1,1,1.11,0.44,0.56,0.0,0.0,0.52,0.3,0.3,0.0,2,1,8,1,1,3,1,2,1,1,17
392,2511,1,TRAIN,1,1,1,0.97,0.44,0.7,0.0,0.0,0.4,0.6,0.3,0.0,2,1,8,1,1,3,1,2,1,1,17
393,2512,2,SM,1,1,1,0.64,0.31,0.6,2.45,2.45,0.7,1.2,0.3,1.0,2,1,8,1,1,3,1,3,0,22,25
393,2513,1,TRAIN,1,1,1,0.64,0.35,0.48,1.84,2.65,0.56,1.2,0.2,1.0,2,1,8,1,1,3,1,3,0,22,25
393,2514,1,TRAIN,1,1,1,0.54,0.33,0.78,1.84,2.45,0.56,1.2,0.3,0.0,2,1,8,1,1,3,1,3,0,22,25
393,2515,2,SM,1,1,1,0.57,0.35,0.78,1.84,2.65,0.91,0.6,0.1,0.0,2,1,8,1,1,3,1,3,0,22,25
393,2516,2,SM,1,1,1,0.57,0.35,0.48,2.04,2.45,0.91,1.2,0.3,0.0,2,1,8,1,1,3,1,3,0,22,25
393,2517,2,SM,1,1,1,0.54,0.33,0.6,2.45,2.65,0.56,0.6,0.1,1.0,2,1,8,1,1,3,1,3,0,22,25
393,2518,2,SM,1,1,1,0.54,0.35,0.78,2.04,2.45,0.7,0.6,0.2,1.0,2,1,8,1,1,3,1,3,0,22,25
393,2519,1,TRAIN,1,1,1,0.57,0.35,0.6,2.45,3.26,0.91,0.3,0.2,1.0,2,1,8,1,1,3,1,3,0,22,25
393,2520,2,SM,1,1,1,0.54,0.31,0.6,2.04,2.65,0.91,1.2,0.2,0.0,2,1,8,1,1,3,1,3,0,22,25
394,2521,2,SM,1,1,1,2.17,1.04,2.34,5.76,6.24,1.5,1.2,0.2,0.0,2,1,10,1,1,2,1,2,0,2,15
394,2522,2,SM,1,1,1,1.97,0.98,2.34,5.76,5.76,1.95,0.3,0.1,0.0,2,1,10,1,1,2,1,2,0,2,15
394,2523,2,SM,1,1,1,2.57,1.12,2.34,5.76,7.68,1.2,0.6,0.3,0.0,2,1,10,1,1,2,1,2,0,2,15
394,2524,1,TRAIN,1,1,1,1.97,1.04,1.44,4.8,7.68,1.2,0.3,0.2,0.0,2,1,10,1,1,2,1,2,0,2,15
394,2525,1,TRAIN,1,1,1,2.57,1.04,1.8,4.32,5.76,1.95,0.6,0.2,0.0,2,1,10,1,1,2,1,2,0,2,15
394,2526,1,TRAIN,1,1,1,2.17,0.98,1.8,4.32,7.68,1.2,1.2,0.1,0.0,2,1,10,1,1,2,1,2,0,2,15
394,2527,2,SM,1,1,1,1.97,1.12,1.44,5.76,7.68,1.5,1.2,0.1,0.0,2,1,10,1,1,2,1,2,0,2,15
394,2528,1,TRAIN,1,1,1,1.97,1.12,1.8,4.32,6.24,1.5,0.3,0.3,0.0,2,1,10,1,1,2,1,2,0,2,15
394,2529,2,SM,1,1,1,2.57,0.98,1.44,4.8,6.24,1.5,0.6,0.1,0.0,2,1,10,1,1,2,1,2,0,2,15
395,2530,2,SM,1,1,0,1.52,0.99,0.0,2.66,2.89,0.0,1.2,0.2,0.0,2,1,10,1,1,4,0,3,0,1,20
395,2531,2,SM,1,1,0,1.45,0.96,0.0,2.66,2.66,0.0,0.3,0.1,0.0,2,1,10,1,1,4,0,3,0,1,20
395,2532,2,SM,1,1,0,1.66,1.03,0.0,2.66,3.55,0.0,0.6,0.3,0.0,2,1,10,1,1,4,0,3,0,1,20
395,2533,2,SM,1,1,0,1.45,0.99,0.0,2.22,3.55,0.0,0.3,0.2,0.0,2,1,10,1,1,4,0,3,0,1,20
395,2534,2,SM,1,1,0,1.66,0.99,0.0,2.0,2.66,0.0,0.6,0.2,0.0,2,1,10,1,1,4,0,3,0,1,20
395,2535,1,TRAIN,1,1,0,1.52,0.96,0.0,2.0,3.55,0.0,1.2,0.1,0.0,2,1,10,1,1,4,0,3,0,1,20
395,2536,2,SM,1,1,0,1.45,1.03,0.0,2.66,3.55,0.0,1.2,0.1,0.0,2,1,10,1,1,4,0,3,0,1,20
395,2537,2,SM,1,1,0,1.45,1.03,0.0,2.0,2.89,0.0,0.3,0.3,0.0,2,1,10,1,1,4,0,3,0,1,20
395,2538,2,SM,1,1,0,1.66,0.96,0.0,2.22,2.89,0.0,0.6,0.1,0.0,2,1,10,1,1,4,0,3,0,1,20
396,2539,2,SM,1,1,1,1.27,0.51,1.56,0.7,0.75,0.8,1.2,0.2,0.0,2,1,10,1,1,3,1,2,0,2,25
396,2540,2,SM,1,1,1,1.16,0.46,1.56,0.7,0.7,1.04,0.3,0.1,0.0,2,1,10,1,1,3,1,2,0,2,25
396,2541,2,SM,1,1,1,1.48,0.57,1.56,0.7,0.93,0.64,0.6,0.3,0.0,2,1,10,1,1,3,1,2,0,2,25
396,2542,2,SM,1,1,1,1.16,0.51,0.96,0.58,0.93,0.64,0.3,0.2,0.0,2,1,10,1,1,3,1,2,0,2,25
396,2543,2,SM,1,1,1,1.48,0.51,1.2,0.52,0.7,1.04,0.6,0.2,0.0,2,1,10,1,1,3,1,2,0,2,25
396,2544,3,CAR,1,1,1,1.27,0.46,1.2,0.52,0.93,0.64,1.2,0.1,0.0,2,1,10,1,1,3,1,2,0,2,25
396,2545,2,SM,1,1,1,1.16,0.57,0.96,0.7,0.93,0.8,1.2,0.1,0.0,2,1,10,1,1,3,1,2,0,2,25
396,2546,2,SM,1,1,1,1.16,0.57,1.2,0.52,0.75,0.8,0.3,0.3,0.0,2,1,10,1,1,3,1,2,0,2,25
396,2547,2,SM,1,1,1,1.48,0.46,0.96,0.58,0.75,0.8,0.6,0.1,0.0,2,1,10,1,1,3,1,2,0,2,25
442,2548,2,SM,1,1,1,1.03,0.31,0.7,0.3,0.34,0.4,1.2,0.3,0.0,1,0,1,0,0,4,1,1,0,22,2
442,2549,2,SM,1,1,1,0.82,0.34,0.91,0.22,0.26,0.32,1.2,0.3,0.0,1,0,1,0,0,4,1,1,0,22,2
442,2550,3,CAR,1,1,1,1.03,0.38,0.56,0.22,0.28,0.32,1.2,0.2,0.0,1,0,1,0,0,4,1,1,0,22,2
442,2551,2,SM,1,1,1,0.89,0.38,0.91,0.22,0.28,0.52,0.6,0.1,0.0,1,0,1,0,0,4,1,1,0,22,2
442,2552,2,SM,1,1,1,0.89,0.38,0.56,0.25,0.29,0.52,1.2,0.3,0.0,1,0,1,0,0,4,1,1,0,22,2
442,2553,2,SM,1,1,1,0.82,0.38,0.91,0.25,0.29,0.4,0.6,0.2,0.0,1,0,1,0,0,4,1,1,0,22,2
442,2554,2,SM,1,1,1,0.82,0.34,0.7,0.3,0.38,0.32,0.6,0.1,0.0,1,0,1,0,0,4,1,1,0,22,2
442,2555,2,SM,1,1,1,0.82,0.31,0.7,0.25,0.32,0.52,1.2,0.2,0.0,1,0,1,0,0,4,1,1,0,22,2
442,2556,2,SM,1,1,1,0.89,0.38,0.7,0.3,0.43,0.52,0.3,0.2,0.0,1,0,1,0,0,4,1,1,0,22,2
443,2557,2,SM,1,1,1,2.71,1.04,2.99,0.79,0.94,1.45,1.2,0.2,0.0,1,0,1,1,0,2,1,1,0,22,17
443,2558,2,SM,1,1,1,2.45,0.95,2.99,0.79,0.88,1.88,0.3,0.1,0.0,1,0,1,1,0,2,1,1,0,22,17
443,2559,2,SM,1,1,1,3.23,1.16,2.99,0.79,1.1,1.16,0.6,0.3,0.0,1,0,1,1,0,2,1,1,0,22,17
443,2560,3,CAR,1,1,1,2.45,1.04,1.84,0.66,0.94,1.16,0.3,0.2,0.0,1,0,1,1,0,2,1,1,0,22,17
443,2561,2,SM,1,1,1,3.23,1.04,2.3,0.59,0.72,1.88,0.6,0.2,0.0,1,0,1,1,0,2,1,1,0,22,17
443,2562,2,SM,1,1,1,2.71,0.95,2.3,0.59,0.86,1.16,1.2,0.1,0.0,1,0,1,1,0,2,1,1,0,22,17
443,2563,3,CAR,1,1,1,2.45,1.16,1.84,0.79,1.1,1.45,1.2,0.1,0.0,1,0,1,1,0,2,1,1,0,22,17
443,2564,2,SM,1,1,1,2.45,1.16,2.3,0.59,0.74,1.45,0.3,0.3,0.0,1,0,1,1,0,2,1,1,0,22,17
443,2565,3,CAR,1,1,1,3.23,0.95,1.84,0.66,0.8,1.45,0.6,0.1,0.0,1,0,1,1,0,2,1,1,0,22,17
444,2566,2,SM,1,1,1,1.26,0.47,0.7,0.31,0.38,0.45,1.2,0.3,0.0,1,0,1,1,0,2,1,2,0,22,2
444,2567,2,SM,1,1,1,0.94,0.5,0.91,0.23,0.28,0.36,1.2,0.3,0.0,1,0,1,1,0,2,1,2,0,22,2
444,2568,2,SM,1,1,1,1.26,0.54,0.56,0.23,0.31,0.36,1.2,0.2,0.0,1,0,1,1,0,2,1,2,0,22,2
444,2569,2,SM,1,1,1,1.05,0.54,0.91,0.23,0.31,0.58,0.6,0.1,0.0,1,0,1,1,0,2,1,2,0,22,2
444,2570,2,SM,1,1,1,1.05,0.54,0.56,0.26,0.32,0.58,1.2,0.3,0.0,1,0,1,1,0,2,1,2,0,22,2
444,2571,2,SM,1,1,1,0.94,0.54,0.91,0.26,0.32,0.45,0.6,0.2,0.0,1,0,1,1,0,2,1,2,0,22,2
444,2572,2,SM,1,1,1,0.94,0.5,0.7,0.31,0.4,0.36,0.6,0.1,0.0,1,0,1,1,0,2,1,2,0,22,2
444,2573,2,SM,1,1,1,0.94,0.47,0.7,0.26,0.34,0.58,1.2,0.2,0.0,1,0,1,1,0,2,1,2,0,22,2
444,2574,2,SM,1,1,1,1.05,0.54,0.7,0.31,0.45,0.58,0.3,0.2,0.0,1,0,1,1,0,2,1,2,0,22,2
445,2575,2,SM,1,1,1,0.54,0.3,0.65,0.19,0.25,0.3,1.2,0.2,0.0,1,0,1,1,0,3,0,1,0,25,22
445,2576,2,SM,1,1,1,0.51,0.28,0.65,0.19,0.22,0.39,0.3,0.1,0.0,1,0,1,1,0,3,0,1,0,25,22
445,2577,1,TRAIN,1,1,1,0.61,0.32,0.65,0.19,0.31,0.24,0.6,0.3,0.0,1,0,1,1,0,3,0,1,0,25,22
445,2578,1,TRAIN,1,1,1,0.51,0.3,0.4,0.16,0.26,0.24,0.3,0.2,0.0,1,0,1,1,0,3,0,1,0,25,22
445,2579,2,SM,1,1,1,0.61,0.3,0.5,0.14,0.18,0.39,0.6,0.2,0.0,1,0,1,1,0,3,0,1,0,25,22
445,2580,2,SM,1,1,1,0.54,0.28,0.5,0.14,0.22,0.24,1.2,0.1,0.0,1,0,1,1,0,3,0,1,0,25,22
445,2581,1,TRAIN,1,1,1,0.51,0.32,0.4,0.19,0.31,0.3,1.2,0.1,0.0,1,0,1,1,0,3,0,1,0,25,22
445,2582,1,TRAIN,1,1,1,0.51,0.32,0.5,0.14,0.19,0.3,0.3,0.3,0.0,1,0,1,1,0,3,0,1,0,25,22
445,2583,2,SM,1,1,1,0.61,0.28,0.4,0.16,0.21,0.3,0.6,0.1,0.0,1,0,1,1,0,3,0,1,0,25,22
446,2584,2,SM,1,1,1,1.1,0.55,0.91,0.31,0.4,0.4,1.2,0.2,0.0,1,0,1,1,0,3,0,2,0,22,2
446,2585,2,SM,1,1,1,0.99,0.52,0.91,0.31,0.36,0.52,0.3,0.1,0.0,1,0,1,1,0,3,0,2,0,22,2
446,2586,3,CAR,1,1,1,1.32,0.59,0.91,0.31,0.45,0.32,0.6,0.3,0.0,1,0,1,1,0,3,0,2,0,22,2
446,2587,3,CAR,1,1,1,0.99,0.55,0.56,0.26,0.4,0.32,0.3,0.2,0.0,1,0,1,1,0,3,0,2,0,22,2
446,2588,2,SM,1,1,1,1.32,0.55,0.7,0.23,0.28,0.52,0.6,0.2,0.0,1,0,1,1,0,3,0,2,0,22,2
446,2589,2,SM,1,1,1,1.1,0.52,0.7,0.23,0.36,0.32,1.2,0.1,0.0,1,0,1,1,0,3,0,2,0,22,2
446,2590,2,SM,1,1,1,0.99,0.59,0.56,0.31,0.45,0.4,1.2,0.1,0.0,1,0,1,1,0,3,0,2,0,22,2
446,2591,2,SM,1,1,1,0.99,0.59,0.7,0.23,0.29,0.4,0.3,0.3,0.0,1,0,1,1,0,3,0,2,0,22,2
446,2592,2,SM,1,1,1,1.32,0.52,0.56,0.26,0.32,0.4,0.6,0.1,0.0,1,0,1,1,0,3,0,2,0,22,2
447,2593,2,SM,1,1,1,1.04,0.49,1.04,0.31,0.4,0.4,1.2,0.2,0.0,1,0,1,1,0,4,1,3,0,2,22
447,2594,2,SM,1,1,1,0.97,0.46,1.04,0.31,0.36,0.52,0.3,0.1,0.0,1,0,1,1,0,4,1,3,0,2,22
447,2595,2,SM,1,1,1,1.18,0.53,1.04,0.31,0.45,0.32,0.6,0.3,0.0,1,0,1,1,0,4,1,3,0,2,22
447,2596,2,SM,1,1,1,0.97,0.49,0.64,0.26,0.4,0.32,0.3,0.2,0.0,1,0,1,1,0,4,1,3,0,2,22
447,2597,2,SM,1,1,1,1.18,0.49,0.8,0.23,0.28,0.52,0.6,0.2,0.0,1,0,1,1,0,4,1,3,0,2,22
447,2598,2,SM,1,1,1,1.04,0.46,0.8,0.23,0.36,0.32,1.2,0.1,0.0,1,0,1,1,0,4,1,3,0,2,22
447,2599,2,SM,1,1,1,0.97,0.53,0.64,0.31,0.45,0.4,1.2,0.1,0.0,1,0,1,1,0,4,1,3,0,2,22
447,2600,2,SM,1,1,1,0.97,0.53,0.8,0.23,0.29,0.4,0.3,0.3,0.0,1,0,1,1,0,4,1,3,0,2,22
447,2601,2,SM,1,1,1,1.18,0.46,0.64,0.26,0.32,0.4,0.6,0.1,0.0,1,0,1,1,0,4,1,3,0,2,22
448,2602,3,CAR,1,1,1,1.38,0.66,1.0,0.35,0.38,0.48,0.3,0.1,0.0,1,0,1,1,1,2,1,2,0,22,2
448,2603,2,SM,1,1,1,1.38,0.62,1.3,0.35,0.45,0.78,1.2,0.1,0.0,1,0,1,1,1,2,1,2,0,22,2
448,2604,2,SM,1,1,1,1.38,0.59,1.3,0.31,0.42,0.6,0.3,0.2,0.0,1,0,1,1,1,2,1,2,0,22,2
448,2605,3,CAR,1,1,1,1.06,0.59,0.8,0.31,0.42,0.78,0.6,0.3,0.0,1,0,1,1,1,2,1,2,0,22,2
448,2606,2,SM,1,1,1,1.17,0.59,1.3,0.35,0.4,0.48,0.3,0.3,0.0,1,0,1,1,1,2,1,2,0,22,2
448,2607,3,CAR,1,1,1,1.17,0.62,0.8,0.31,0.35,0.6,0.3,0.1,0.0,1,0,1,1,1,2,1,2,0,22,2
448,2608,3,CAR,1,1,1,1.17,0.59,0.8,0.42,0.45,0.48,0.6,0.2,0.0,1,0,1,1,1,2,1,2,0,22,2
448,2609,3,CAR,1,1,1,1.38,0.62,0.8,0.42,0.46,0.78,0.3,0.3,0.0,1,0,1,1,1,2,1,2,0,22,2
448,2610,2,SM,1,1,1,1.17,0.62,1.0,0.35,0.45,0.6,0.6,0.3,0.0,1,0,1,1,1,2,1,2,0,22,2
449,2611,2,SM,1,1,1,2.99,1.35,1.8,0.7,0.74,1.0,1.2,0.3,0.0,1,0,1,1,1,2,1,2,0,22,14
449,2612,2,SM,1,1,1,2.24,1.41,2.34,0.52,0.62,0.8,1.2,0.3,0.0,1,0,1,1,1,2,1,2,0,22,14
449,2613,3,CAR,1,1,1,2.99,1.49,1.44,0.52,0.64,0.8,1.2,0.2,0.0,1,0,1,1,1,2,1,2,0,22,14
449,2614,2,SM,1,1,1,2.49,1.49,2.34,0.52,0.64,1.3,0.6,0.1,0.0,1,0,1,1,1,2,1,2,0,22,14
449,2615,3,CAR,1,1,1,2.49,1.49,1.44,0.58,0.66,1.3,1.2,0.3,0.0,1,0,1,1,1,2,1,2,0,22,14
449,2616,2,SM,1,1,1,2.24,1.49,2.34,0.58,0.66,1.0,0.6,0.2,0.0,1,0,1,1,1,2,1,2,0,22,14
449,2617,3,CAR,1,1,1,2.24,1.41,1.8,0.7,0.78,0.8,0.6,0.1,0.0,1,0,1,1,1,2,1,2,0,22,14
449,2618,3,CAR,1,1,1,2.24,1.35,1.8,0.58,0.7,1.3,1.2,0.2,0.0,1,0,1,1,1,2,1,2,0,22,14
449,2619,3,CAR,1,1,1,2.49,1.49,1.8,0.7,0.91,1.3,0.3,0.2,0.0,1,0,1,1,1,2,1,2,0,22,14
450,2620,2,SM,1,1,1,1.19,0.7,1.3,0.5,0.54,0.6,1.2,0.2,0.0,1,0,1,1,1,3,0,2,0,1,2
450,2621,2,SM,1,1,1,1.07,0.67,1.3,0.5,0.52,0.78,0.3,0.1,0.0,1,0,1,1,1,3,0,2,0,1,2
450,2622,2,SM,1,1,1,1.43,0.74,1.3,0.5,0.62,0.48,0.6,0.3,0.0,1,0,1,1,1,3,0,2,0,1,2
450,2623,2,SM,1,1,1,1.07,0.7,0.8,0.42,0.54,0.48,0.3,0.2,0.0,1,0,1,1,1,3,0,2,0,1,2
450,2624,2,SM,1,1,1,1.43,0.7,1.0,0.38,0.43,0.78,0.6,0.2,0.0,1,0,1,1,1,3,0,2,0,1,2
450,2625,2,SM,1,1,1,1.19,0.67,1.0,0.38,0.5,0.48,1.2,0.1,0.0,1,0,1,1,1,3,0,2,0,1,2
450,2626,2,SM,1,1,1,1.07,0.74,0.8,0.5,0.62,0.6,1.2,0.1,0.0,1,0,1,1,1,3,0,2,0,1,2
450,2627,2,SM,1,1,1,1.07,0.74,1.0,0.38,0.45,0.6,0.3,0.3,0.0,1,0,1,1,1,3,0,2,0,1,2
450,2628,2,SM,1,1,1,1.43,0.67,0.8,0.42,0.49,0.6,0.6,0.1,0.0,1,0,1,1,1,3,0,2,0,1,2
451,2629,2,SM,1,1,1,3.41,2.02,2.0,0.62,0.66,1.0,0.3,0.1,0.0,1,0,1,2,0,2,0,1,0,22,17
451,2630,2,SM,1,1,1,3.41,1.94,2.6,0.62,0.8,1.62,1.2,0.1,0.0,1,0,1,2,0,2,0,1,0,22,17
451,2631,2,SM,1,1,1,3.41,1.88,2.6,0.56,0.74,1.25,0.3,0.2,0.0,1,0,1,2,0,2,0,1,0,22,17
451,2632,2,SM,1,1,1,2.8,1.88,1.6,0.56,0.74,1.62,0.6,0.3,0.0,1,0,1,2,0,2,0,1,0,22,17
451,2633,2,SM,1,1,1,3.0,1.88,2.6,0.62,0.7,1.0,0.3,0.3,0.0,1,0,1,2,0,2,0,1,0,22,17
451,2634,2,SM,1,1,1,3.0,1.94,1.6,0.56,0.62,1.25,0.3,0.1,0.0,1,0,1,2,0,2,0,1,0,22,17
451,2635,2,SM,1,1,1,3.0,1.88,1.6,0.74,0.78,1.0,0.6,0.2,0.0,1,0,1,2,0,2,0,1,0,22,17
451,2636,2,SM,1,1,1,3.41,1.94,1.6,0.74,0.8,1.62,0.3,0.3,0.0,1,0,1,2,0,2,0,1,0,22,17
451,2637,2,SM,1,1,1,3.0,1.94,2.0,0.62,0.8,1.25,0.6,0.3,0.0,1,0,1,2,0,2,0,1,0,22,17
452,2638,1,TRAIN,1,1,1,0.96,0.67,0.7,0.22,0.48,0.32,0.3,0.1,0.0,1,0,1,2,0,4,1,3,0,2,1
452,2639,1,TRAIN,1,1,1,0.96,0.63,0.91,0.22,0.56,0.52,1.2,0.1,0.0,1,0,1,2,0,4,1,3,0,2,1
452,2640,1,TRAIN,1,1,1,0.96,0.6,0.91,0.2,0.52,0.4,0.3,0.2,0.0,1,0,1,2,0,4,1,3,0,2,1
452,2641,1,TRAIN,1,1,1,0.75,0.6,0.56,0.2,0.52,0.52,0.6,0.3,0.0,1,0,1,2,0,4,1,3,0,2,1
452,2642,1,TRAIN,1,1,1,0.82,0.6,0.91,0.22,0.5,0.32,0.3,0.3,0.0,1,0,1,2,0,4,1,3,0,2,1
452,2643,1,TRAIN,1,1,1,0.82,0.63,0.56,0.2,0.45,0.4,0.3,0.1,0.0,1,0,1,2,0,4,1,3,0,2,1
452,2644,1,TRAIN,1,1,1,0.82,0.6,0.56,0.26,0.53,0.32,0.6,0.2,0.0,1,0,1,2,0,4,1,3,0,2,1
452,2645,1,TRAIN,1,1,1,0.96,0.63,0.56,0.26,0.56,0.52,0.3,0.3,0.0,1,0,1,2,0,4,1,3,0,2,1
452,2646,1,TRAIN,1,1,1,0.82,0.63,0.7,0.22,0.56,0.4,0.6,0.3,0.0,1,0,1,2,0,4,1,3,0,2,1
453,2647,2,SM,1,1,1,2.0,0.71,3.25,0.74,0.82,1.6,1.2,0.2,0.0,1,0,1,2,1,2,0,2,0,25,1
453,2648,2,SM,1,1,1,1.82,0.63,3.25,0.74,0.78,2.08,0.3,0.1,0.0,1,0,1,2,1,2,0,2,0,25,1
453,2649,2,SM,1,1,1,2.36,0.81,3.25,0.74,0.99,1.28,0.6,0.3,0.0,1,0,1,2,1,2,0,2,0,25,1
453,2650,2,SM,1,1,1,1.82,0.71,2.0,0.62,0.86,1.28,0.3,0.2,0.0,1,0,1,2,1,2,0,2,0,25,1
453,2651,2,SM,1,1,1,2.36,0.71,2.5,0.56,0.64,2.08,0.6,0.2,0.0,1,0,1,2,1,2,0,2,0,25,1
453,2652,2,SM,1,1,1,2.0,0.63,2.5,0.56,0.78,1.28,1.2,0.1,0.0,1,0,1,2,1,2,0,2,0,25,1
453,2653,2,SM,1,1,1,1.82,0.81,2.0,0.74,0.99,1.6,1.2,0.1,0.0,1,0,1,2,1,2,0,2,0,25,1
453,2654,2,SM,1,1,1,1.82,0.81,2.5,0.56,0.66,1.6,0.3,0.3,0.0,1,0,1,2,1,2,0,2,0,25,1
453,2655,2,SM,1,1,1,2.36,0.63,2.0,0.62,0.72,1.6,0.6,0.1,0.0,1,0,1,2,1,2,0,2,0,25,1
454,2656,2,SM,1,1,1,1.93,0.5,2.0,0.62,0.66,1.15,1.2,0.3,0.0,1,0,1,3,0,2,0,2,0,22,1
454,2657,2,SM,1,1,1,1.5,0.56,2.6,0.47,0.53,0.92,1.2,0.3,0.0,1,0,1,3,0,2,0,2,0,22,1
454,2658,3,CAR,1,1,1,1.93,0.64,1.6,0.47,0.57,0.92,1.2,0.2,0.0,1,0,1,3,0,2,0,2,0,22,1
454,2659,3,CAR,1,1,1,1.64,0.64,2.6,0.47,0.57,1.49,0.6,0.1,0.0,1,0,1,3,0,2,0,2,0,22,1
454,2660,3,CAR,1,1,1,1.64,0.64,1.6,0.52,0.57,1.49,1.2,0.3,0.0,1,0,1,3,0,2,0,2,0,22,1
454,2661,3,CAR,1,1,1,1.5,0.64,2.6,0.52,0.57,1.15,0.6,0.2,0.0,1,0,1,3,0,2,0,2,0,22,1
454,2662,2,SM,1,1,1,1.5,0.56,2.0,0.62,0.7,0.92,0.6,0.1,0.0,1,0,1,3,0,2,0,2,0,22,1
454,2663,2,SM,1,1,1,1.5,0.5,2.0,0.52,0.62,1.49,1.2,0.2,0.0,1,0,1,3,0,2,0,2,0,22,1
454,2664,3,CAR,1,1,1,1.64,0.64,2.0,0.62,0.82,1.49,0.3,0.2,0.0,1,0,1,3,0,2,0,2,0,22,1
455,2665,3,CAR,1,1,1,1.46,0.55,1.2,0.4,0.45,0.56,0.3,0.1,0.0,1,0,1,3,0,4,1,2,0,25,2
455,2666,2,SM,1,1,1,1.46,0.49,1.56,0.4,0.53,0.91,1.2,0.1,0.0,1,0,1,3,0,4,1,2,0,25,2
455,2667,2,SM,1,1,1,1.46,0.44,1.56,0.36,0.5,0.7,0.3,0.2,0.0,1,0,1,3,0,4,1,2,0,25,2
455,2668,3,CAR,1,1,1,1.14,0.44,0.96,0.36,0.5,0.91,0.6,0.3,0.0,1,0,1,3,0,4,1,2,0,25,2
455,2669,3,CAR,1,1,1,1.25,0.44,1.56,0.4,0.46,0.56,0.3,0.3,0.0,1,0,1,3,0,4,1,2,0,25,2
455,2670,2,SM,1,1,1,1.25,0.49,0.96,0.36,0.42,0.7,0.3,0.1,0.0,1,0,1,3,0,4,1,2,0,25,2
455,2671,3,CAR,1,1,1,1.25,0.44,0.96,0.48,0.5,0.56,0.6,0.2,0.0,1,0,1,3,0,4,1,2,0,25,2
455,2672,2,SM,1,1,1,1.46,0.49,0.96,0.48,0.53,0.91,0.3,0.3,0.0,1,0,1,3,0,4,1,2,0,25,2
455,2673,2,SM,1,1,1,1.25,0.49,1.2,0.4,0.53,0.7,0.6,0.3,0.0,1,0,1,3,0,4,1,2,0,25,2
456,2674,3,CAR,1,1,1,1.2,0.94,0.9,0.63,0.7,0.44,0.3,0.1,0.0,1,0,3,1,0,2,1,2,0,25,10
456,2675,2,SM,1,1,1,1.2,0.92,1.17,0.63,0.8,0.71,1.2,0.1,0.0,1,0,3,1,0,2,1,2,0,25,10
456,2676,2,SM,1,1,1,1.2,0.9,1.17,0.57,0.76,0.55,0.3,0.2,0.0,1,0,3,1,0,2,1,2,0,25,10
456,2677,3,CAR,1,1,1,0.95,0.9,0.72,0.57,0.76,0.71,0.6,0.3,0.0,1,0,3,1,0,2,1,2,0,25,10
456,2678,3,CAR,1,1,1,1.03,0.9,1.17,0.63,0.71,0.44,0.3,0.3,0.0,1,0,3,1,0,2,1,2,0,25,10
456,2679,3,CAR,1,1,1,1.03,0.92,0.72,0.57,0.63,0.55,0.3,0.1,0.0,1,0,3,1,0,2,1,2,0,25,10
456,2680,3,CAR,1,1,1,1.03,0.9,0.72,0.76,0.83,0.44,0.6,0.2,0.0,1,0,3,1,0,2,1,2,0,25,10
456,2681,3,CAR,1,1,1,1.2,0.92,0.72,0.76,0.83,0.71,0.3,0.3,0.0,1,0,3,1,0,2,1,2,0,25,10
456,2682,3,CAR,1,1,1,1.03,0.92,0.9,0.63,0.8,0.55,0.6,0.3,0.0,1,0,3,1,0,2,1,2,0,25,10
457,2683,2,SM,1,1,1,0.89,0.34,0.91,0.6,0.76,0.45,1.2,0.2,0.0,1,0,3,1,0,2,1,3,0,22,2
457,2684,1,TRAIN,1,1,1,0.82,0.31,0.91,0.6,0.68,0.58,0.3,0.1,0.0,1,0,3,1,0,2,1,3,0,22,2
457,2685,3,CAR,1,1,1,1.03,0.38,0.91,0.6,0.86,0.36,0.6,0.3,0.0,1,0,3,1,0,2,1,3,0,22,2
457,2686,3,CAR,1,1,1,0.82,0.34,0.56,0.5,0.76,0.36,0.3,0.2,0.0,1,0,3,1,0,2,1,3,0,22,2
457,2687,2,SM,1,1,1,1.03,0.34,0.7,0.45,0.52,0.58,0.6,0.2,0.0,1,0,3,1,0,2,1,3,0,22,2
457,2688,2,SM,1,1,1,0.89,0.31,0.7,0.45,0.68,0.36,1.2,0.1,0.0,1,0,3,1,0,2,1,3,0,22,2
457,2689,3,CAR,1,1,1,0.82,0.38,0.56,0.6,0.86,0.45,1.2,0.1,0.0,1,0,3,1,0,2,1,3,0,22,2
457,2690,2,SM,1,1,1,0.82,0.38,0.7,0.45,0.57,0.45,0.3,0.3,0.0,1,0,3,1,0,2,1,3,0,22,2
457,2691,2,SM,1,1,1,1.03,0.31,0.56,0.5,0.63,0.45,0.6,0.1,0.0,1,0,3,1,0,2,1,3,0,22,2
458,2692,2,SM,1,1,1,1.2,0.65,1.3,0.96,1.06,0.6,1.2,0.2,0.0,1,0,3,1,0,3,1,2,0,2,19
458,2693,2,SM,1,1,1,1.09,0.62,1.3,0.96,0.99,0.78,0.3,0.1,0.0,1,0,3,1,0,3,1,2,0,2,19
458,2694,3,CAR,1,1,1,1.42,0.69,1.3,0.96,1.23,0.48,0.6,0.3,0.0,1,0,3,1,0,3,1,2,0,2,19
458,2695,3,CAR,1,1,1,1.09,0.65,0.8,0.8,1.06,0.48,0.3,0.2,0.0,1,0,3,1,0,3,1,2,0,2,19
458,2696,2,SM,1,1,1,1.42,0.65,1.0,0.72,0.83,0.78,0.6,0.2,0.0,1,0,3,1,0,3,1,2,0,2,19
458,2697,3,CAR,1,1,1,1.2,0.62,1.0,0.72,0.98,0.48,1.2,0.1,0.0,1,0,3,1,0,3,1,2,0,2,19
458,2698,3,CAR,1,1,1,1.09,0.69,0.8,0.96,1.23,0.6,1.2,0.1,0.0,1,0,3,1,0,3,1,2,0,2,19
458,2699,2,SM,1,1,1,1.09,0.69,1.0,0.72,0.9,0.6,0.3,0.3,0.0,1,0,3,1,0,3,1,2,0,2,19
458,2700,2,SM,1,1,1,1.42,0.62,0.8,0.8,0.95,0.6,0.6,0.1,0.0,1,0,3,1,0,3,1,2,0,2,19
459,2701,3,CAR,1,1,1,2.22,0.9,1.7,1.11,1.23,0.76,0.3,0.1,0.0,1,0,3,1,0,3,1,3,0,22,1
459,2702,2,SM,1,1,1,2.22,0.82,2.21,1.11,1.49,1.23,1.2,0.1,0.0,1,0,3,1,0,3,1,3,0,22,1
459,2703,2,SM,1,1,1,2.22,0.76,2.21,1.0,1.39,0.95,0.3,0.2,0.0,1,0,3,1,0,3,1,3,0,22,1
459,2704,2,SM,1,1,1,1.71,0.76,1.36,1.0,1.39,1.23,0.6,0.3,0.0,1,0,3,1,0,3,1,3,0,22,1
459,2705,2,SM,1,1,1,1.88,0.76,2.21,1.11,1.32,0.76,0.3,0.3,0.0,1,0,3,1,0,3,1,3,0,22,1
459,2706,2,SM,1,1,1,1.88,0.82,1.36,1.0,1.14,0.95,0.3,0.1,0.0,1,0,3,1,0,3,1,3,0,22,1
459,2707,3,CAR,1,1,1,1.88,0.76,1.36,1.33,1.44,0.76,0.6,0.2,0.0,1,0,3,1,0,3,1,3,0,22,1
459,2708,3,CAR,1,1,1,2.22,0.82,1.36,1.33,1.49,1.23,0.3,0.3,0.0,1,0,3,1,0,3,1,3,0,22,1
459,2709,3,CAR,1,1,1,1.88,0.82,1.7,1.11,1.49,0.95,0.6,0.3,0.0,1,0,3,1,0,3,1,3,0,22,1
460,2710,3,CAR,1,1,1,1.63,1.24,0.4,0.43,0.5,0.24,0.3,0.1,0.0,1,0,3,1,0,3,1,3,0,25,22
460,2711,3,CAR,1,1,1,1.63,1.22,0.52,0.43,0.62,0.39,1.2,0.1,0.0,1,0,3,1,0,3,1,3,0,25,22
460,2712,3,CAR,1,1,1,1.63,1.2,0.52,0.39,0.57,0.3,0.3,0.2,0.0,1,0,3,1,0,3,1,3,0,25,22
460,2713,3,CAR,1,1,1,1.38,1.2,0.32,0.39,0.57,0.39,0.6,0.3,0.0,1,0,3,1,0,3,1,3,0,25,22
460,2714,3,CAR,1,1,1,1.46,1.2,0.52,0.43,0.53,0.24,0.3,0.3,0.0,1,0,3,1,0,3,1,3,0,25,22
460,2715,3,CAR,1,1,1,1.46,1.22,0.32,0.39,0.45,0.3,0.3,0.1,0.0,1,0,3,1,0,3,1,3,0,25,22
460,2716,3,CAR,1,1,1,1.46,1.2,0.32,0.52,0.58,0.24,0.6,0.2,0.0,1,0,3,1,0,3,1,3,0,25,22
460,2717,3,CAR,1,1,1,1.63,1.22,0.32,0.52,0.63,0.39,0.3,0.3,0.0,1,0,3,1,0,3,1,3,0,25,22
460,2718,3,CAR,1,1,1,1.46,1.22,0.4,0.43,0.62,0.3,0.6,0.3,0.0,1,0,3,1,0,3,1,3,0,25,22
461,2719,2,SM,1,1,1,0.89,0.34,0.91,0.6,0.76,0.35,1.2,0.2,0.0,1,0,3,1,0,1,1,1,0,22,2
461,2720,2,SM,1,1,1,0.82,0.31,0.91,0.6,0.68,0.45,0.3,0.1,0.0,1,0,3,1,0,1,1,1,0,22,2
461,2721,3,CAR,1,1,1,1.03,0.38,0.91,0.6,0.86,0.28,0.6,0.3,0.0,1,0,3,1,0,1,1,1,0,22,2
461,2722,3,CAR,1,1,1,0.82,0.34,0.56,0.5,0.76,0.28,0.3,0.2,0.0,1,0,3,1,0,1,1,1,0,22,2
461,2723,2,SM,1,1,1,1.03,0.34,0.7,0.45,0.52,0.45,0.6,0.2,0.0,1,0,3,1,0,1,1,1,0,22,2
461,2724,2,SM,1,1,1,0.89,0.31,0.7,0.45,0.68,0.28,1.2,0.1,0.0,1,0,3,1,0,1,1,1,0,22,2
461,2725,3,CAR,1,1,1,0.82,0.38,0.56,0.6,0.86,0.35,1.2,0.1,0.0,1,0,3,1,0,1,1,1,0,22,2
461,2726,2,SM,1,1,1,0.82,0.38,0.7,0.45,0.57,0.35,0.3,0.3,0.0,1,0,3,1,0,1,1,1,0,22,2
461,2727,3,CAR,1,1,1,1.03,0.31,0.56,0.5,0.63,0.35,0.6,0.1,0.0,1,0,3,1,0,1,1,1,0,22,2
462,2728,3,CAR,1,1,1,1.26,0.71,0.91,0.62,0.76,0.4,1.2,0.2,0.0,1,0,3,1,0,3,0,1,0,2,22
462,2729,3,CAR,1,1,1,1.14,0.68,0.91,0.62,0.71,0.52,0.3,0.1,0.0,1,0,3,1,0,3,0,1,0,2,22
462,2730,3,CAR,1,1,1,1.49,0.75,0.91,0.62,0.9,0.32,0.6,0.3,0.0,1,0,3,1,0,3,0,1,0,2,22
462,2731,3,CAR,1,1,1,1.14,0.71,0.56,0.52,0.8,0.32,0.3,0.2,0.0,1,0,3,1,0,3,0,1,0,2,22
462,2732,3,CAR,1,1,1,1.49,0.71,0.7,0.47,0.53,0.52,0.6,0.2,0.0,1,0,3,1,0,3,0,1,0,2,22
462,2733,3,CAR,1,1,1,1.26,0.68,0.7,0.47,0.7,0.32,1.2,0.1,0.0,1,0,3,1,0,3,0,1,0,2,22
462,2734,3,CAR,1,1,1,1.14,0.75,0.56,0.62,0.9,0.4,1.2,0.1,0.0,1,0,3,1,0,3,0,1,0,2,22
462,2735,3,CAR,1,1,1,1.14,0.75,0.7,0.47,0.58,0.4,0.3,0.3,0.0,1,0,3,1,0,3,0,1,0,2,22
462,2736,3,CAR,1,1,1,1.49,0.68,0.56,0.52,0.65,0.4,0.6,0.1,0.0,1,0,3,1,0,3,0,1,0,2,22
463,2737,3,CAR,1,1,1,1.45,0.9,0.91,0.64,0.8,0.4,1.2,0.2,0.0,1,0,3,1,0,3,1,3,0,22,2
463,2738,2,SM,1,1,1,1.38,0.87,0.91,0.64,0.76,0.52,0.3,0.1,0.0,1,0,3,1,0,3,1,3,0,22,2
463,2739,3,CAR,1,1,1,1.59,0.94,0.91,0.64,0.9,0.32,0.6,0.3,0.0,1,0,3,1,0,3,1,3,0,22,2
463,2740,3,CAR,1,1,1,1.38,0.9,0.56,0.53,0.8,0.32,0.3,0.2,0.0,1,0,3,1,0,3,1,3,0,22,2
463,2741,2,SM,1,1,1,1.59,0.9,0.7,0.48,0.57,0.52,0.6,0.2,0.0,1,0,3,1,0,3,1,3,0,22,2
463,2742,3,CAR,1,1,1,1.45,0.87,0.7,0.48,0.71,0.32,1.2,0.1,0.0,1,0,3,1,0,3,1,3,0,22,2
463,2743,3,CAR,1,1,1,1.38,0.94,0.56,0.64,0.9,0.4,1.2,0.1,0.0,1,0,3,1,0,3,1,3,0,22,2
463,2744,2,SM,1,1,1,1.38,0.94,0.7,0.48,0.62,0.4,0.3,0.3,0.0,1,0,3,1,0,3,1,3,0,22,2
463,2745,2,SM,1,1,1,1.59,0.87,0.56,0.53,0.68,0.4,0.6,0.1,0.0,1,0,3,1,0,3,1,3,0,22,2
464,2746,2,SM,1,1,1,0.92,0.37,1.17,0.84,0.98,0.55,1.2,0.2,0.0,1,0,3,1,0,4,1,2,0,2,1
464,2747,2,SM,1,1,1,0.85,0.34,1.17,0.84,0.91,0.71,0.3,0.1,0.0,1,0,3,1,0,4,1,2,0,2,1
464,2748,3,CAR,1,1,1,1.06,0.41,1.17,0.84,1.11,0.44,0.6,0.3,0.0,1,0,3,1,0,4,1,2,0,2,1
464,2749,1,TRAIN,1,1,1,0.85,0.37,0.72,0.7,0.98,0.44,0.3,0.2,0.0,1,0,3,1,0,4,1,2,0,2,1
464,2750,2,SM,1,1,1,1.06,0.37,0.9,0.63,0.76,0.71,0.6,0.2,0.0,1,0,3,1,0,4,1,2,0,2,1
464,2751,3,CAR,1,1,1,0.92,0.34,0.9,0.63,0.91,0.44,1.2,0.1,0.0,1,0,3,1,0,4,1,2,0,2,1
464,2752,3,CAR,1,1,1,0.85,0.41,0.72,0.84,1.11,0.55,1.2,0.1,0.0,1,0,3,1,0,4,1,2,0,2,1
464,2753,1,TRAIN,1,1,1,0.85,0.41,0.9,0.63,0.8,0.55,0.3,0.3,0.0,1,0,3,1,0,4,1,2,0,2,1
464,2754,2,SM,1,1,1,1.06,0.34,0.72,0.7,0.86,0.55,0.6,0.1,0.0,1,0,3,1,0,4,1,2,0,2,1
465,2755,2,SM,1,1,1,2.0,0.71,2.73,1.48,1.65,1.2,1.2,0.2,0.0,1,0,3,1,1,1,1,1,0,25,1
465,2756,2,SM,1,1,1,1.82,0.63,2.73,1.48,1.56,1.56,0.3,0.1,0.0,1,0,3,1,1,1,1,1,0,25,1
465,2757,3,CAR,1,1,1,2.36,0.81,2.73,1.48,1.98,0.96,0.6,0.3,0.0,1,0,3,1,1,1,1,1,0,25,1
465,2758,3,CAR,1,1,1,1.82,0.71,1.68,1.23,1.72,0.96,0.3,0.2,0.0,1,0,3,1,1,1,1,1,0,25,1
465,2759,2,SM,1,1,1,2.36,0.71,2.1,1.11,1.28,1.56,0.6,0.2,0.0,1,0,3,1,1,1,1,1,0,25,1
465,2760,2,SM,1,1,1,2.0,0.63,2.1,1.11,1.56,0.96,1.2,0.1,0.0,1,0,3,1,1,1,1,1,0,25,1
465,2761,3,CAR,1,1,1,1.82,0.81,1.68,1.48,1.98,1.2,1.2,0.1,0.0,1,0,3,1,1,1,1,1,0,25,1
465,2762,2,SM,1,1,1,1.82,0.81,2.1,1.11,1.32,1.2,0.3,0.3,0.0,1,0,3,1,1,1,1,1,0,25,1
465,2763,2,SM,1,1,1,2.36,0.63,1.68,1.23,1.44,1.2,0.6,0.1,0.0,1,0,3,1,1,1,1,1,0,25,1
466,2764,3,CAR,1,1,1,1.3,0.6,1.0,1.0,1.03,0.6,1.2,0.3,0.0,1,0,3,1,1,2,1,2,0,2,1
466,2765,2,SM,1,1,1,1.03,0.63,1.3,0.75,0.86,0.48,1.2,0.3,0.0,1,0,3,1,1,2,1,2,0,2,1
466,2766,3,CAR,1,1,1,1.3,0.67,0.8,0.75,0.9,0.48,1.2,0.2,0.0,1,0,3,1,1,2,1,2,0,2,1
466,2767,2,SM,1,1,1,1.12,0.67,1.3,0.75,0.9,0.78,0.6,0.1,0.0,1,0,3,1,1,2,1,2,0,2,1
466,2768,3,CAR,1,1,1,1.12,0.67,0.8,0.83,0.91,0.78,1.2,0.3,0.0,1,0,3,1,1,2,1,2,0,2,1
466,2769,2,SM,1,1,1,1.03,0.67,1.3,0.83,0.91,0.6,0.6,0.2,0.0,1,0,3,1,1,2,1,2,0,2,1
466,2770,3,CAR,1,1,1,1.03,0.63,1.0,1.0,1.08,0.48,0.6,0.1,0.0,1,0,3,1,1,2,1,2,0,2,1
466,2771,3,CAR,1,1,1,1.03,0.6,1.0,0.83,0.95,0.78,1.2,0.2,0.0,1,0,3,1,1,2,1,2,0,2,1
466,2772,3,CAR,1,1,1,1.12,0.67,1.0,1.0,1.23,0.78,0.3,0.2,0.0,1,0,3,1,1,2,1,2,0,2,1
467,2773,2,SM,1,1,1,1.19,0.64,1.3,0.91,1.03,0.7,1.2,0.2,0.0,1,0,3,1,1,3,0,2,0,1,2
467,2774,2,SM,1,1,1,1.08,0.61,1.3,0.91,0.98,0.91,0.3,0.1,0.0,1,0,3,1,1,3,0,2,0,1,2
467,2775,3,CAR,1,1,1,1.41,0.68,1.3,0.91,1.16,0.56,0.6,0.3,0.0,1,0,3,1,1,3,0,2,0,1,2
467,2776,3,CAR,1,1,1,1.08,0.64,0.8,0.76,1.03,0.56,0.3,0.2,0.0,1,0,3,1,1,3,0,2,0,1,2
467,2777,2,SM,1,1,1,1.41,0.64,1.0,0.68,0.8,0.91,0.6,0.2,0.0,1,0,3,1,1,3,0,2,0,1,2
467,2778,3,CAR,1,1,1,1.19,0.61,1.0,0.68,0.95,0.56,1.2,0.1,0.0,1,0,3,1,1,3,0,2,0,1,2
467,2779,3,CAR,1,1,1,1.08,0.68,0.8,0.91,1.16,0.7,1.2,0.1,0.0,1,0,3,1,1,3,0,2,0,1,2
467,2780,2,SM,1,1,1,1.08,0.68,1.0,0.68,0.86,0.7,0.3,0.3,0.0,1,0,3,1,1,3,0,2,0,1,2
467,2781,2,SM,1,1,1,1.41,0.61,0.8,0.76,0.91,0.7,0.6,0.1,0.0,1,0,3,1,1,3,0,2,0,1,2
468,2782,3,CAR,1,1,1,1.91,1.03,1.4,1.03,1.03,0.95,1.2,0.3,0.0,1,0,3,1,1,3,1,2,0,22,3
468,2783,3,CAR,1,1,1,1.46,1.06,1.82,0.77,0.86,0.76,1.2,0.3,0.0,1,0,3,1,1,3,1,2,0,22,3
468,2784,3,CAR,1,1,1,1.91,1.1,1.12,0.77,0.9,0.76,1.2,0.2,0.0,1,0,3,1,1,3,1,2,0,22,3
468,2785,2,SM,1,1,1,1.61,1.1,1.82,0.77,0.9,1.23,0.6,0.1,0.0,1,0,3,1,1,3,1,2,0,22,3
468,2786,3,CAR,1,1,1,1.61,1.1,1.12,0.86,0.91,1.23,1.2,0.3,0.0,1,0,3,1,1,3,1,2,0,22,3
468,2787,2,SM,1,1,1,1.46,1.1,1.82,0.86,0.91,0.95,0.6,0.2,0.0,1,0,3,1,1,3,1,2,0,22,3
468,2788,3,CAR,1,1,1,1.46,1.06,1.4,1.03,1.06,0.76,0.6,0.1,0.0,1,0,3,1,1,3,1,2,0,22,3
468,2789,2,SM,1,1,1,1.46,1.03,1.4,0.86,0.95,1.23,1.2,0.2,0.0,1,0,3,1,1,3,1,2,0,22,3
468,2790,3,CAR,1,1,1,1.61,1.1,1.4,1.03,1.16,1.23,0.3,0.2,0.0,1,0,3,1,1,3,1,2,0,22,3
469,2791,2,SM,1,1,1,0.54,0.3,0.65,0.4,0.5,0.3,1.2,0.2,0.0,1,0,3,2,0,2,1,3,0,25,22
469,2792,2,SM,1,1,1,0.51,0.28,0.65,0.4,0.45,0.39,0.3,0.1,0.0,1,0,3,2,0,2,1,3,0,25,22
469,2793,3,CAR,1,1,1,0.61,0.32,0.65,0.4,0.62,0.24,0.6,0.3,0.0,1,0,3,2,0,2,1,3,0,25,22
469,2794,3,CAR,1,1,1,0.51,0.3,0.4,0.33,0.52,0.24,0.3,0.2,0.0,1,0,3,2,0,2,1,3,0,25,22
469,2795,2,SM,1,1,1,0.61,0.3,0.5,0.3,0.37,0.39,0.6,0.2,0.0,1,0,3,2,0,2,1,3,0,25,22
469,2796,3,CAR,1,1,1,0.54,0.28,0.5,0.3,0.45,0.24,1.2,0.1,0.0,1,0,3,2,0,2,1,3,0,25,22
469,2797,3,CAR,1,1,1,0.51,0.32,0.4,0.4,0.62,0.3,1.2,0.1,0.0,1,0,3,2,0,2,1,3,0,25,22
469,2798,2,SM,1,1,1,0.51,0.32,0.5,0.3,0.38,0.3,0.3,0.3,0.0,1,0,3,2,0,2,1,3,0,25,22
469,2799,2,SM,1,1,1,0.61,0.28,0.4,0.33,0.42,0.3,0.6,0.1,0.0,1,0,3,2,0,2,1,3,0,25,22
470,2800,2,SM,1,1,1,1.89,0.81,2.21,1.33,1.49,1.35,1.2,0.2,0.0,1,0,3,2,0,3,1,2,0,22,9
470,2801,2,SM,1,1,1,1.71,0.75,2.21,1.33,1.44,1.75,0.3,0.1,0.0,1,0,3,2,0,3,1,2,0,22,9
470,2802,2,SM,1,1,1,2.25,0.89,2.21,1.33,1.72,1.08,0.6,0.3,0.0,1,0,3,2,0,3,1,2,0,22,9
470,2803,2,SM,1,1,1,1.71,0.81,1.36,1.11,1.49,1.08,0.3,0.2,0.0,1,0,3,2,0,3,1,2,0,22,9
470,2804,2,SM,1,1,1,2.25,0.81,1.7,1.0,1.14,1.75,0.6,0.2,0.0,1,0,3,2,0,3,1,2,0,22,9
470,2805,2,SM,1,1,1,1.89,0.75,1.7,1.0,1.39,1.08,1.2,0.1,0.0,1,0,3,2,0,3,1,2,0,22,9
470,2806,3,CAR,1,1,1,1.71,0.89,1.36,1.33,1.72,1.35,1.2,0.1,0.0,1,0,3,2,0,3,1,2,0,22,9
470,2807,3,CAR,1,1,1,1.71,0.89,1.7,1.0,1.23,1.35,0.3,0.3,0.0,1,0,3,2,0,3,1,2,0,22,9
470,2808,2,SM,1,1,1,2.25,0.75,1.36,1.11,1.32,1.35,0.6,0.1,0.0,1,0,3,2,0,3,1,2,0,22,9
471,2809,3,CAR,1,1,1,2.27,0.91,1.7,1.06,1.23,0.88,0.3,0.1,0.0,1,0,3,2,1,2,1,3,0,22,1
471,2810,2,SM,1,1,1,2.27,0.83,2.21,1.06,1.44,1.43,1.2,0.1,0.0,1,0,3,2,1,2,1,3,0,22,1
471,2811,2,SM,1,1,1,2.27,0.77,2.21,0.95,1.32,1.1,0.3,0.2,0.0,1,0,3,2,1,2,1,3,0,22,1
471,2812,2,SM,1,1,1,1.73,0.77,1.36,0.95,1.32,1.43,0.6,0.3,0.0,1,0,3,2,1,2,1,3,0,22,1
471,2813,2,SM,1,1,1,1.91,0.77,2.21,1.06,1.28,0.88,0.3,0.3,0.0,1,0,3,2,1,2,1,3,0,22,1
471,2814,2,SM,1,1,1,1.91,0.83,1.36,0.95,1.11,1.1,0.3,0.1,0.0,1,0,3,2,1,2,1,3,0,22,1
471,2815,3,CAR,1,1,1,1.91,0.77,1.36,1.27,1.39,0.88,0.6,0.2,0.0,1,0,3,2,1,2,1,3,0,22,1
471,2816,2,SM,1,1,1,2.27,0.83,1.36,1.27,1.44,1.43,0.3,0.3,0.0,1,0,3,2,1,2,1,3,0,22,1
471,2817,2,SM,1,1,1,1.91,0.83,1.7,1.06,1.44,1.1,0.6,0.3,0.0,1,0,3,2,1,2,1,3,0,22,1
472,2818,2,SM,1,1,1,1.67,1.12,2.21,1.3,1.39,1.1,1.2,0.2,0.0,1,0,3,2,1,3,1,4,0,2,18
472,2819,2,SM,1,1,1,1.51,1.09,2.21,1.3,1.32,1.43,0.3,0.1,0.0,1,0,3,2,1,3,1,4,0,2,18
472,2820,3,CAR,1,1,1,1.98,1.16,2.21,1.3,1.56,0.88,0.6,0.3,0.0,1,0,3,2,1,3,1,4,0,2,18
472,2821,3,CAR,1,1,1,1.51,1.12,1.36,1.08,1.32,0.88,0.3,0.2,0.0,1,0,3,2,1,3,1,4,0,2,18
472,2822,2,SM,1,1,1,1.98,1.12,1.7,0.97,1.08,1.43,0.6,0.2,0.0,1,0,3,2,1,3,1,4,0,2,18
472,2823,3,CAR,1,1,1,1.67,1.09,1.7,0.97,1.23,0.88,1.2,0.1,0.0,1,0,3,2,1,3,1,4,0,2,18
472,2824,2,SM,1,1,1,1.51,1.16,1.36,1.3,1.56,1.1,1.2,0.1,0.0,1,0,3,2,1,3,1,4,0,2,18
472,2825,2,SM,1,1,1,1.51,1.16,1.7,0.97,1.11,1.1,0.3,0.3,0.0,1,0,3,2,1,3,1,4,0,2,18
472,2826,2,SM,1,1,1,1.98,1.09,1.36,1.08,1.23,1.1,0.6,0.1,0.0,1,0,3,2,1,3,1,4,0,2,18
473,2827,2,SM,1,1,1,3.88,2.8,2.99,1.93,2.1,1.65,1.2,0.2,0.0,1,0,3,3,0,3,1,3,0,22,21
473,2828,2,SM,1,1,1,3.55,2.74,2.99,1.93,1.98,2.14,0.3,0.1,0.0,1,0,3,3,0,3,1,3,0,22,21
473,2829,3,CAR,1,1,1,4.54,2.88,2.99,1.93,2.31,1.32,0.6,0.3,0.0,1,0,3,3,0,3,1,3,0,22,21
473,2830,3,CAR,1,1,1,3.55,2.8,1.84,1.61,1.98,1.32,0.3,0.2,0.0,1,0,3,3,0,3,1,3,0,22,21
473,2831,2,SM,1,1,1,4.54,2.8,2.3,1.45,1.61,2.14,0.6,0.2,0.0,1,0,3,3,0,3,1,3,0,22,21
473,2832,3,CAR,1,1,1,3.88,2.74,2.3,1.45,1.82,1.32,1.2,0.1,0.0,1,0,3,3,0,3,1,3,0,22,21
473,2833,3,CAR,1,1,1,3.55,2.88,1.84,1.93,2.31,1.65,1.2,0.1,0.0,1,0,3,3,0,3,1,3,0,22,21
473,2834,2,SM,1,1,1,3.55,2.88,2.3,1.45,1.65,1.65,0.3,0.3,0.0,1,0,3,3,0,3,1,3,0,22,21
473,2835,3,CAR,1,1,1,4.54,2.74,1.84,1.61,1.82,1.65,0.6,0.1,0.0,1,0,3,3,0,3,1,3,0,22,21
474,2836,3,CAR,1,1,1,1.18,0.51,0.7,0.53,0.63,0.32,0.3,0.1,0.0,1,0,3,3,0,5,0,1,0,22,2
474,2837,3,CAR,1,1,1,1.18,0.47,0.91,0.53,0.8,0.52,1.2,0.1,0.0,1,0,3,3,0,5,0,1,0,22,2
474,2838,1,TRAIN,1,1,1,1.18,0.44,0.91,0.48,0.71,0.4,0.3,0.2,0.0,1,0,3,3,0,5,0,1,0,22,2
474,2839,3,CAR,1,1,1,0.94,0.44,0.56,0.48,0.71,0.52,0.6,0.3,0.0,1,0,3,3,0,5,0,1,0,22,2
474,2840,3,CAR,1,1,1,1.02,0.44,0.91,0.53,0.68,0.32,0.3,0.3,0.0,1,0,3,3,0,5,0,1,0,22,2
474,2841,2,SM,1,1,1,1.02,0.47,0.56,0.48,0.57,0.4,0.3,0.1,0.0,1,0,3,3,0,5,0,1,0,22,2
474,2842,3,CAR,1,1,1,1.02,0.44,0.56,0.64,0.76,0.32,0.6,0.2,0.0,1,0,3,3,0,5,0,1,0,22,2
474,2843,3,CAR,1,1,1,1.18,0.47,0.56,0.64,0.8,0.52,0.3,0.3,0.0,1,0,3,3,0,5,0,1,0,22,2
474,2844,3,CAR,1,1,1,1.02,0.47,0.7,0.53,0.8,0.4,0.6,0.3,0.0,1,0,3,3,0,5,0,1,0,22,2
475,2845,2,SM,1,1,1,1.46,0.55,1.1,0.8,0.9,0.64,0.3,0.1,0.0,1,0,3,3,0,3,0,2,0,25,2
475,2846,2,SM,1,1,1,1.46,0.49,1.43,0.8,1.06,1.04,1.2,0.1,0.0,1,0,3,3,0,3,0,2,0,25,2
475,2847,2,SM,1,1,1,1.46,0.44,1.43,0.72,0.99,0.8,0.3,0.2,0.0,1,0,3,3,0,3,0,2,0,25,2
475,2848,2,SM,1,1,1,1.14,0.44,0.88,0.72,0.99,1.04,0.6,0.3,0.0,1,0,3,3,0,3,0,2,0,25,2
475,2849,2,SM,1,1,1,1.25,0.44,1.43,0.8,0.91,0.64,0.3,0.3,0.0,1,0,3,3,0,3,0,2,0,25,2
475,2850,3,CAR,1,1,1,1.25,0.49,0.88,0.72,0.83,0.8,0.3,0.1,0.0,1,0,3,3,0,3,0,2,0,25,2
475,2851,3,CAR,1,1,1,1.25,0.44,0.88,0.96,0.99,0.64,0.6,0.2,0.0,1,0,3,3,0,3,0,2,0,25,2
475,2852,3,CAR,1,1,1,1.46,0.49,0.88,0.96,1.06,1.04,0.3,0.3,0.0,1,0,3,3,0,3,0,2,0,25,2
475,2853,3,CAR,1,1,1,1.25,0.49,1.1,0.8,1.06,0.8,0.6,0.3,0.0,1,0,3,3,0,3,0,2,0,25,2
476,2854,2,SM,1,1,1,10.22,7.85,2.0,1.37,1.44,1.3,1.2,0.3,0.0,1,0,3,3,0,4,1,2,0,25,19
476,2855,2,SM,1,1,1,7.88,7.9,2.6,1.03,1.14,1.04,1.2,0.3,0.0,1,0,3,3,0,4,1,2,0,25,19
476,2856,2,SM,1,1,1,10.22,7.96,1.6,1.03,1.23,1.04,1.2,0.2,0.0,1,0,3,3,0,4,1,2,0,25,19
476,2857,2,SM,1,1,1,8.66,7.96,2.6,1.03,1.23,1.69,0.6,0.1,0.0,1,0,3,3,0,4,1,2,0,25,19
476,2858,2,SM,1,1,1,8.66,7.96,1.6,1.14,1.28,1.69,1.2,0.3,0.0,1,0,3,3,0,4,1,2,0,25,19
476,2859,2,SM,1,1,1,7.88,7.96,2.6,1.14,1.28,1.3,0.6,0.2,0.0,1,0,3,3,0,4,1,2,0,25,19
476,2860,2,SM,1,1,1,7.88,7.9,2.0,1.37,1.49,1.04,0.6,0.1,0.0,1,0,3,3,0,4,1,2,0,25,19
476,2861,2,SM,1,1,1,7.88,7.85,2.0,1.14,1.28,1.69,1.2,0.2,0.0,1,0,3,3,0,4,1,2,0,25,19
476,2862,2,SM,1,1,1,8.66,7.96,2.0,1.37,1.65,1.69,0.3,0.2,0.0,1,0,3,3,0,4,1,2,0,25,19
477,2863,3,CAR,1,1,1,1.75,1.2,1.3,0.89,0.9,0.6,1.2,0.2,0.0,1,1,1,1,0,2,0,2,0,22,2
477,2864,2,SM,1,1,1,1.6,1.17,1.3,0.89,0.88,0.78,0.3,0.1,0.0,1,1,1,1,0,2,0,2,0,22,2
477,2865,3,CAR,1,1,1,2.05,1.24,1.3,0.89,0.97,0.48,0.6,0.3,0.0,1,1,1,1,0,2,0,2,0,22,2
477,2866,3,CAR,1,1,1,1.6,1.2,0.8,0.74,0.88,0.48,0.3,0.2,0.0,1,1,1,1,0,2,0,2,0,22,2
477,2867,2,SM,1,1,1,2.05,1.2,1.0,0.67,0.74,0.78,0.6,0.2,0.0,1,1,1,1,0,2,0,2,0,22,2
477,2868,3,CAR,1,1,1,1.75,1.17,1.0,0.67,0.81,0.48,1.2,0.1,0.0,1,1,1,1,0,2,0,2,0,22,2
477,2869,3,CAR,1,1,1,1.6,1.24,0.8,0.89,0.97,0.6,1.2,0.1,0.0,1,1,1,1,0,2,0,2,0,22,2
477,2870,3,CAR,1,1,1,1.6,1.24,1.0,0.67,0.76,0.6,0.3,0.3,0.0,1,1,1,1,0,2,0,2,0,22,2
477,2871,3,CAR,1,1,1,2.05,1.17,0.8,0.74,0.81,0.6,0.6,0.1,0.0,1,1,1,1,0,2,0,2,0,22,2
478,2872,2,SM,1,1,1,2.36,0.81,1.9,1.05,1.18,1.32,0.3,0.1,0.0,1,1,1,1,0,2,1,3,0,25,1
478,2873,2,SM,1,1,1,2.36,0.71,2.47,1.05,1.46,2.14,1.2,0.1,0.0,1,1,1,1,0,2,1,3,0,25,1
478,2874,2,SM,1,1,1,2.36,0.63,2.47,0.94,1.33,1.65,0.3,0.2,0.0,1,1,1,1,0,2,1,3,0,25,1
478,2875,3,CAR,1,1,1,1.82,0.63,1.52,0.94,1.33,2.14,0.6,0.3,0.0,1,1,1,1,0,2,1,3,0,25,1
478,2876,2,SM,1,1,1,2.0,0.63,2.47,1.05,1.22,1.32,0.3,0.3,0.0,1,1,1,1,0,2,1,3,0,25,1
478,2877,3,CAR,1,1,1,2.0,0.71,1.52,0.94,1.09,1.65,0.3,0.1,0.0,1,1,1,1,0,2,1,3,0,25,1
478,2878,3,CAR,1,1,1,2.0,0.63,1.52,1.26,1.33,1.32,0.6,0.2,0.0,1,1,1,1,0,2,1,3,0,25,1
478,2879,3,CAR,1,1,1,2.36,0.71,1.52,1.26,1.4,2.14,0.3,0.3,0.0,1,1,1,1,0,2,1,3,0,25,1
478,2880,2,SM,1,1,1,2.0,0.71,1.9,1.05,1.46,1.65,0.6,0.3,0.0,1,1,1,1,0,2,1,3,0,25,1
479,2881,2,SM,1,1,1,0.61,0.32,0.4,0.29,0.34,0.24,0.3,0.1,0.0,1,1,1,1,0,3,1,2,0,25,22
479,2882,2,SM,1,1,1,0.61,0.3,0.52,0.29,0.44,0.39,1.2,0.1,0.0,1,1,1,1,0,3,1,2,0,25,22
479,2883,2,SM,1,1,1,0.61,0.28,0.52,0.26,0.38,0.3,0.3,0.2,0.0,1,1,1,1,0,3,1,2,0,25,22
479,2884,2,SM,1,1,1,0.51,0.28,0.32,0.26,0.38,0.39,0.6,0.3,0.0,1,1,1,1,0,3,1,2,0,25,22
479,2885,2,SM,1,1,1,0.54,0.28,0.52,0.29,0.36,0.24,0.3,0.3,0.0,1,1,1,1,0,3,1,2,0,25,22
479,2886,2,SM,1,1,1,0.54,0.3,0.32,0.26,0.32,0.3,0.3,0.1,0.0,1,1,1,1,0,3,1,2,0,25,22
479,2887,2,SM,1,1,1,0.54,0.28,0.32,0.35,0.38,0.24,0.6,0.2,0.0,1,1,1,1,0,3,1,2,0,25,22
479,2888,2,SM,1,1,1,0.61,0.3,0.32,0.35,0.42,0.39,0.3,0.3,0.0,1,1,1,1,0,3,1,2,0,25,22
479,2889,2,SM,1,1,1,0.54,0.3,0.4,0.29,0.44,0.3,0.6,0.3,0.0,1,1,1,1,0,3,1,2,0,25,22
480,2890,2,SM,1,1,1,2.36,0.63,2.1,1.26,1.33,1.25,1.2,0.3,0.0,1,1,1,1,0,2,1,2,0,25,1
480,2891,2,SM,1,1,1,1.82,0.71,2.73,0.94,1.09,1.0,1.2,0.3,0.0,1,1,1,1,0,2,1,2,0,25,1
480,2892,2,SM,1,1,1,2.36,0.81,1.68,0.94,1.12,1.0,1.2,0.2,0.0,1,1,1,1,0,2,1,2,0,25,1
480,2893,2,SM,1,1,1,2.0,0.81,2.73,0.94,1.12,1.62,0.6,0.1,0.0,1,1,1,1,0,2,1,2,0,25,1
480,2894,2,SM,1,1,1,2.0,0.81,1.68,1.05,1.18,1.62,1.2,0.3,0.0,1,1,1,1,0,2,1,2,0,25,1
480,2895,2,SM,1,1,1,1.82,0.81,2.73,1.05,1.18,1.25,0.6,0.2,0.0,1,1,1,1,0,2,1,2,0,25,1
480,2896,2,SM,1,1,1,1.82,0.71,2.1,1.26,1.4,1.0,0.6,0.1,0.0,1,1,1,1,0,2,1,2,0,25,1
480,2897,2,SM,1,1,1,1.82,0.63,2.1,1.05,1.22,1.62,1.2,0.2,0.0,1,1,1,1,0,2,1,2,0,25,1
480,2898,2,SM,1,1,1,2.0,0.81,2.1,1.26,1.68,1.62,0.3,0.2,0.0,1,1,1,1,0,2,1,2,0,25,1
481,2899,3,CAR,1,1,1,0.61,0.32,0.4,0.29,0.34,0.28,0.3,0.1,0.0,1,1,1,1,0,4,1,3,0,22,25
481,2900,2,SM,1,1,1,0.61,0.3,0.52,0.29,0.44,0.45,1.2,0.1,0.0,1,1,1,1,0,4,1,3,0,22,25
481,2901,2,SM,1,1,1,0.61,0.28,0.52,0.26,0.38,0.35,0.3,0.2,0.0,1,1,1,1,0,4,1,3,0,22,25
481,2902,3,CAR,1,1,1,0.51,0.28,0.32,0.26,0.38,0.45,0.6,0.3,0.0,1,1,1,1,0,4,1,3,0,22,25
481,2903,2,SM,1,1,1,0.54,0.28,0.52,0.29,0.36,0.28,0.3,0.3,0.0,1,1,1,1,0,4,1,3,0,22,25
481,2904,3,CAR,1,1,1,0.54,0.3,0.32,0.26,0.32,0.35,0.3,0.1,0.0,1,1,1,1,0,4,1,3,0,22,25
481,2905,3,CAR,1,1,1,0.54,0.28,0.32,0.35,0.38,0.28,0.6,0.2,0.0,1,1,1,1,0,4,1,3,0,22,25
481,2906,3,CAR,1,1,1,0.61,0.3,0.32,0.35,0.42,0.45,0.3,0.3,0.0,1,1,1,1,0,4,1,3,0,22,25
481,2907,3,CAR,1,1,1,0.54,0.3,0.4,0.29,0.44,0.35,0.6,0.3,0.0,1,1,1,1,0,4,1,3,0,22,25
482,2908,3,CAR,1,1,1,3.03,1.53,1.7,1.08,1.18,1.1,1.2,0.3,0.0,1,1,1,1,1,4,1,3,0,22,1
482,2909,2,SM,1,1,1,2.49,1.59,2.21,0.81,0.94,0.88,1.2,0.3,0.0,1,1,1,1,1,4,1,3,0,22,1
482,2910,3,CAR,1,1,1,3.03,1.67,1.36,0.81,0.99,0.88,1.2,0.2,0.0,1,1,1,1,1,4,1,3,0,22,1
482,2911,2,SM,1,1,1,2.67,1.67,2.21,0.81,0.99,1.43,0.6,0.1,0.0,1,1,1,1,1,4,1,3,0,22,1
482,2912,3,CAR,1,1,1,2.67,1.67,1.36,0.9,1.05,1.43,1.2,0.3,0.0,1,1,1,1,1,4,1,3,0,22,1
482,2913,2,SM,1,1,1,2.49,1.67,2.21,0.9,1.05,1.1,0.6,0.2,0.0,1,1,1,1,1,4,1,3,0,22,1
482,2914,3,CAR,1,1,1,2.49,1.59,1.7,1.08,1.22,0.88,0.6,0.1,0.0,1,1,1,1,1,4,1,3,0,22,1
482,2915,2,SM,1,1,1,2.49,1.53,1.7,0.9,1.09,1.43,1.2,0.2,0.0,1,1,1,1,1,4,1,3,0,22,1
482,2916,2,SM,1,1,1,2.67,1.67,1.7,1.08,1.46,1.43,0.3,0.2,0.0,1,1,1,1,1,4,1,3,0,22,1
483,2917,2,SM,1,1,1,1.29,0.74,1.3,0.82,0.9,0.7,1.2,0.2,0.0,1,1,1,1,1,2,1,2,0,2,1
483,2918,2,SM,1,1,1,1.16,0.71,1.3,0.82,0.84,0.91,0.3,0.1,0.0,1,1,1,1,1,2,1,2,0,2,1
483,2919,2,SM,1,1,1,1.55,0.78,1.3,0.82,1.05,0.56,0.6,0.3,0.0,1,1,1,1,1,2,1,2,0,2,1
483,2920,3,CAR,1,1,1,1.16,0.74,0.8,0.68,0.9,0.56,0.3,0.2,0.0,1,1,1,1,1,2,1,2,0,2,1
483,2921,2,SM,1,1,1,1.55,0.74,1.0,0.61,0.71,0.91,0.6,0.2,0.0,1,1,1,1,1,2,1,2,0,2,1
483,2922,2,SM,1,1,1,1.29,0.71,1.0,0.61,0.84,0.56,1.2,0.1,0.0,1,1,1,1,1,2,1,2,0,2,1
483,2923,2,SM,1,1,1,1.16,0.78,0.8,0.82,1.05,0.7,1.2,0.1,0.0,1,1,1,1,1,2,1,2,0,2,1
483,2924,3,CAR,1,1,1,1.16,0.78,1.0,0.61,0.74,0.7,0.3,0.3,0.0,1,1,1,1,1,2,1,2,0,2,1
483,2925,2,SM,1,1,1,1.55,0.71,0.8,0.68,0.78,0.7,0.6,0.1,0.0,1,1,1,1,1,2,1,2,0,2,1
484,2926,3,CAR,1,1,1,1.19,0.93,0.6,0.36,0.56,0.24,0.3,0.1,0.0,1,1,1,2,0,2,1,3,0,17,1
484,2927,2,SM,1,1,1,1.19,0.9,0.78,0.36,0.68,0.39,1.2,0.1,0.0,1,1,1,2,0,2,1,3,0,17,1
484,2928,2,SM,1,1,1,1.19,0.88,0.78,0.32,0.6,0.3,0.3,0.2,0.0,1,1,1,2,0,2,1,3,0,17,1
484,2929,3,CAR,1,1,1,0.92,0.88,0.48,0.32,0.6,0.39,0.6,0.3,0.0,1,1,1,2,0,2,1,3,0,17,1
484,2930,2,SM,1,1,1,1.01,0.88,0.78,0.36,0.58,0.24,0.3,0.3,0.0,1,1,1,2,0,2,1,3,0,17,1
484,2931,3,CAR,1,1,1,1.01,0.9,0.48,0.32,0.5,0.3,0.3,0.1,0.0,1,1,1,2,0,2,1,3,0,17,1
484,2932,3,CAR,1,1,1,1.01,0.88,0.48,0.43,0.65,0.24,0.6,0.2,0.0,1,1,1,2,0,2,1,3,0,17,1
484,2933,3,CAR,1,1,1,1.19,0.9,0.48,0.43,0.68,0.39,0.3,0.3,0.0,1,1,1,2,0,2,1,3,0,17,1
484,2934,3,CAR,1,1,1,1.01,0.9,0.6,0.36,0.68,0.3,0.6,0.3,0.0,1,1,1,2,0,2,1,3,0,17,1
485,2935,2,SM,1,1,1,1.68,0.61,1.1,0.82,0.84,0.75,1.2,0.3,0.0,1,1,1,2,0,3,1,2,0,25,2
485,2936,2,SM,1,1,1,1.29,0.66,1.43,0.61,0.71,0.6,1.2,0.3,0.0,1,1,1,2,0,3,1,2,0,25,2
485,2937,3,CAR,1,1,1,1.68,0.72,0.88,0.61,0.76,0.6,1.2,0.2,0.0,1,1,1,2,0,3,1,2,0,25,2
485,2938,2,SM,1,1,1,1.42,0.72,1.43,0.61,0.76,0.97,0.6,0.1,0.0,1,1,1,2,0,3,1,2,0,25,2
485,2939,2,SM,1,1,1,1.42,0.72,0.88,0.68,0.76,0.97,1.2,0.3,0.0,1,1,1,2,0,3,1,2,0,25,2
485,2940,2,SM,1,1,1,1.29,0.72,1.43,0.68,0.76,0.75,0.6,0.2,0.0,1,1,1,2,0,3,1,2,0,25,2
485,2941,2,SM,1,1,1,1.29,0.66,1.1,0.82,0.9,0.6,0.6,0.1,0.0,1,1,1,2,0,3,1,2,0,25,2
485,2942,2,SM,1,1,1,1.29,0.61,1.1,0.68,0.81,0.97,1.2,0.2,0.0,1,1,1,2,0,3,1,2,0,25,2
485,2943,3,CAR,1,1,1,1.42,0.72,1.1,0.82,1.05,0.97,0.3,0.2,0.0,1,1,1,2,0,3,1,2,0,25,2
486,2944,2,SM,1,1,1,2.77,1.41,1.7,0.9,1.05,1.0,0.3,0.1,0.0,1,1,1,2,0,3,1,3,0,22,1
486,2945,2,SM,1,1,1,2.77,1.33,2.21,0.9,1.27,1.62,1.2,0.1,0.0,1,1,1,2,0,3,1,3,0,22,1
486,2946,2,SM,1,1,1,2.77,1.27,2.21,0.81,1.18,1.25,0.3,0.2,0.0,1,1,1,2,0,3,1,3,0,22,1
486,2947,2,SM,1,1,1,2.23,1.27,1.36,0.81,1.18,1.62,0.6,0.3,0.0,1,1,1,2,0,3,1,3,0,22,1
486,2948,2,SM,1,1,1,2.41,1.27,2.21,0.9,1.09,1.0,0.3,0.3,0.0,1,1,1,2,0,3,1,3,0,22,1
486,2949,2,SM,1,1,1,2.41,1.33,1.36,0.81,0.94,1.25,0.3,0.1,0.0,1,1,1,2,0,3,1,3,0,22,1
486,2950,2,SM,1,1,1,2.41,1.27,1.36,1.08,1.18,1.0,0.6,0.2,0.0,1,1,1,2,0,3,1,3,0,22,1
486,2951,2,SM,1,1,1,2.77,1.33,1.36,1.08,1.22,1.62,0.3,0.3,0.0,1,1,1,2,0,3,1,3,0,22,1
486,2952,2,SM,1,1,1,2.41,1.33,1.7,0.9,1.27,1.25,0.6,0.3,0.0,1,1,1,2,0,3,1,3,0,22,1
487,2953,2,SM,1,1,1,2.27,0.89,1.7,0.9,1.05,0.84,0.3,0.1,0.0,1,1,1,2,0,3,1,3,0,22,1
487,2954,2,SM,1,1,1,2.27,0.81,2.21,0.9,1.22,1.36,1.2,0.1,0.0,1,1,1,2,0,3,1,3,0,22,1
487,2955,2,SM,1,1,1,2.27,0.75,2.21,0.81,1.12,1.05,0.3,0.2,0.0,1,1,1,2,0,3,1,3,0,22,1
487,2956,2,SM,1,1,1,1.7,0.75,1.36,0.81,1.12,1.36,0.6,0.3,0.0,1,1,1,2,0,3,1,3,0,22,1
487,2957,2,SM,1,1,1,1.89,0.75,2.21,0.9,1.09,0.84,0.3,0.3,0.0,1,1,1,2,0,3,1,3,0,22,1
487,2958,2,SM,1,1,1,1.89,0.81,1.36,0.81,0.94,1.05,0.3,0.1,0.0,1,1,1,2,0,3,1,3,0,22,1
487,2959,2,SM,1,1,1,1.89,0.75,1.36,1.08,1.18,0.84,0.6,0.2,0.0,1,1,1,2,0,3,1,3,0,22,1
487,2960,2,SM,1,1,1,2.27,0.81,1.36,1.08,1.22,1.36,0.3,0.3,0.0,1,1,1,2,0,3,1,3,0,22,1
487,2961,2,SM,1,1,1,1.89,0.81,1.7,0.9,1.22,1.05,0.6,0.3,0.0,1,1,1,2,0,3,1,3,0,22,1
488,2962,2,SM,1,1,1,1.03,0.38,0.7,0.42,0.5,0.36,0.3,0.1,0.0,1,1,1,2,0,3,1,3,0,22,2
488,2963,2,SM,1,1,1,1.03,0.34,0.91,0.42,0.65,0.58,1.2,0.1,0.0,1,1,1,2,0,3,1,3,0,22,2
488,2964,2,SM,1,1,1,1.03,0.31,0.91,0.38,0.58,0.45,0.3,0.2,0.0,1,1,1,2,0,3,1,3,0,22,2
488,2965,2,SM,1,1,1,0.82,0.31,0.56,0.38,0.58,0.58,0.6,0.3,0.0,1,1,1,2,0,3,1,3,0,22,2
488,2966,2,SM,1,1,1,0.89,0.31,0.91,0.42,0.54,0.36,0.3,0.3,0.0,1,1,1,2,0,3,1,3,0,22,2
488,2967,2,SM,1,1,1,0.89,0.34,0.56,0.38,0.44,0.45,0.3,0.1,0.0,1,1,1,2,0,3,1,3,0,22,2
488,2968,2,SM,1,1,1,0.89,0.31,0.56,0.5,0.58,0.36,0.6,0.2,0.0,1,1,1,2,0,3,1,3,0,22,2
488,2969,2,SM,1,1,1,1.03,0.34,0.56,0.5,0.65,0.58,0.3,0.3,0.0,1,1,1,2,0,3,1,3,0,22,2
488,2970,2,SM,1,1,1,0.89,0.34,0.7,0.42,0.65,0.45,0.6,0.3,0.0,1,1,1,2,0,3,1,3,0,22,2
489,2971,2,SM,1,1,1,2.75,1.31,2.0,1.05,1.12,1.08,0.3,0.1,0.0,1,1,1,2,0,4,1,2,0,22,9
489,2972,2,SM,1,1,1,2.75,1.23,2.6,1.05,1.37,1.75,1.2,0.1,0.0,1,1,1,2,0,4,1,2,0,22,9
489,2973,2,SM,1,1,1,2.75,1.17,2.6,0.94,1.27,1.35,0.3,0.2,0.0,1,1,1,2,0,4,1,2,0,22,9
489,2974,2,SM,1,1,1,2.09,1.17,1.6,0.94,1.27,1.75,0.6,0.3,0.0,1,1,1,2,0,4,1,2,0,22,9
489,2975,2,SM,1,1,1,2.31,1.17,2.6,1.05,1.22,1.08,0.3,0.3,0.0,1,1,1,2,0,4,1,2,0,22,9
489,2976,2,SM,1,1,1,2.31,1.23,1.6,0.94,1.09,1.35,0.3,0.1,0.0,1,1,1,2,0,4,1,2,0,22,9
489,2977,2,SM,1,1,1,2.31,1.17,1.6,1.26,1.33,1.08,0.6,0.2,0.0,1,1,1,2,0,4,1,2,0,22,9
489,2978,2,SM,1,1,1,2.75,1.23,1.6,1.26,1.37,1.75,0.3,0.3,0.0,1,1,1,2,0,4,1,2,0,22,9
489,2979,2,SM,1,1,1,2.31,1.23,2.0,1.05,1.37,1.35,0.6,0.3,0.0,1,1,1,2,0,4,1,2,0,22,9
490,2980,2,SM,1,1,1,2.16,1.08,2.34,1.16,1.33,1.15,1.2,0.2,0.0,1,1,1,2,0,3,1,3,0,22,1
490,2981,2,SM,1,1,1,1.99,1.02,2.34,1.16,1.22,1.49,0.3,0.1,0.0,1,1,1,2,0,3,1,3,0,22,1
490,2982,3,CAR,1,1,1,2.5,1.16,2.34,1.16,1.5,0.92,0.6,0.3,0.0,1,1,1,2,0,3,1,3,0,22,1
490,2983,3,CAR,1,1,1,1.99,1.08,1.44,0.97,1.33,0.92,0.3,0.2,0.0,1,1,1,2,0,3,1,3,0,22,1
490,2984,2,SM,1,1,1,2.5,1.08,1.8,0.87,0.99,1.49,0.6,0.2,0.0,1,1,1,2,0,3,1,3,0,22,1
490,2985,2,SM,1,1,1,2.16,1.02,1.8,0.87,1.22,0.92,1.2,0.1,0.0,1,1,1,2,0,3,1,3,0,22,1
490,2986,2,SM,1,1,1,1.99,1.16,1.44,1.16,1.5,1.15,1.2,0.1,0.0,1,1,1,2,0,3,1,3,0,22,1
490,2987,2,SM,1,1,1,1.99,1.16,1.8,0.87,1.05,1.15,0.3,0.3,0.0,1,1,1,2,0,3,1,3,0,22,1
490,2988,3,CAR,1,1,1,2.5,1.02,1.44,0.97,1.12,1.15,0.6,0.1,0.0,1,1,1,2,0,3,1,3,0,22,1
491,2989,2,SM,1,1,1,1.69,0.85,1.2,0.89,0.92,0.7,1.2,0.3,0.0,1,1,1,2,0,3,1,2,0,10,1
491,2990,2,SM,1,1,1,1.3,0.88,1.56,0.67,0.76,0.56,1.2,0.3,0.0,1,1,1,2,0,3,1,2,0,10,1
491,2991,3,CAR,1,1,1,1.69,0.92,0.96,0.67,0.78,0.56,1.2,0.2,0.0,1,1,1,2,0,3,1,2,0,10,1
491,2992,2,SM,1,1,1,1.43,0.92,1.56,0.67,0.78,0.91,0.6,0.1,0.0,1,1,1,2,0,3,1,2,0,10,1
491,2993,3,CAR,1,1,1,1.43,0.92,0.96,0.74,0.81,0.91,1.2,0.3,0.0,1,1,1,2,0,3,1,2,0,10,1
491,2994,2,SM,1,1,1,1.3,0.92,1.56,0.74,0.81,0.7,0.6,0.2,0.0,1,1,1,2,0,3,1,2,0,10,1
491,2995,2,SM,1,1,1,1.3,0.88,1.2,0.89,0.94,0.56,0.6,0.1,0.0,1,1,1,2,0,3,1,2,0,10,1
491,2996,2,SM,1,1,1,1.3,0.85,1.2,0.74,0.84,0.91,1.2,0.2,0.0,1,1,1,2,0,3,1,2,0,10,1
491,2997,2,SM,1,1,1,1.43,0.92,1.2,0.89,1.09,0.91,0.3,0.2,0.0,1,1,1,2,0,3,1,2,0,10,1
492,2998,2,SM,1,1,1,2.65,1.16,1.8,1.1,1.18,1.05,1.2,0.3,0.0,1,1,1,2,1,3,1,3,0,22,1
492,2999,2,SM,1,1,1,2.12,1.22,2.34,0.83,0.97,0.84,1.2,0.3,0.0,1,1,1,2,1,3,1,3,0,22,1
492,3000,3,CAR,1,1,1,2.65,1.3,1.44,0.83,1.05,0.84,1.2,0.2,0.0,1,1,1,2,1,3,1,3,0,22,1
492,3001,2,SM,1,1,1,2.3,1.3,2.34,0.83,1.05,1.36,0.6,0.1,0.0,1,1,1,2,1,3,1,3,0,22,1
492,3002,3,CAR,1,1,1,2.3,1.3,1.44,0.92,1.05,1.36,1.2,0.3,0.0,1,1,1,2,1,3,1,3,0,22,1
492,3003,2,SM,1,1,1,2.12,1.3,2.34,0.92,1.05,1.05,0.6,0.2,0.0,1,1,1,2,1,3,1,3,0,22,1
492,3004,2,SM,1,1,1,2.12,1.22,1.8,1.1,1.27,0.84,0.6,0.1,0.0,1,1,1,2,1,3,1,3,0,22,1
492,3005,2,SM,1,1,1,2.12,1.16,1.8,0.92,1.09,1.36,1.2,0.2,0.0,1,1,1,2,1,3,1,3,0,22,1
492,3006,2,SM,1,1,1,2.3,1.3,1.8,1.1,1.46,1.36,0.3,0.2,0.0,1,1,1,2,1,3,1,3,0,22,1
493,3007,3,CAR,1,1,1,1.18,0.42,0.9,0.78,0.81,0.6,1.2,0.3,0.0,1,1,1,3,0,3,1,3,0,2,1
493,3008,2,SM,1,1,1,0.91,0.45,1.17,0.58,0.68,0.48,1.2,0.3,0.0,1,1,1,3,0,3,1,3,0,2,1
493,3009,3,CAR,1,1,1,1.18,0.49,0.72,0.58,0.71,0.48,1.2,0.2,0.0,1,1,1,3,0,3,1,3,0,2,1
493,3010,2,SM,1,1,1,1.0,0.49,1.17,0.58,0.71,0.78,0.6,0.1,0.0,1,1,1,3,0,3,1,3,0,2,1
493,3011,3,CAR,1,1,1,1.0,0.49,0.72,0.65,0.71,0.78,1.2,0.3,0.0,1,1,1,3,0,3,1,3,0,2,1
493,3012,2,SM,1,1,1,0.91,0.49,1.17,0.65,0.71,0.6,0.6,0.2,0.0,1,1,1,3,0,3,1,3,0,2,1
493,3013,3,CAR,1,1,1,0.91,0.45,0.9,0.78,0.84,0.48,0.6,0.1,0.0,1,1,1,3,0,3,1,3,0,2,1
493,3014,2,SM,1,1,1,0.91,0.42,0.9,0.65,0.76,0.78,1.2,0.2,0.0,1,1,1,3,0,3,1,3,0,2,1
493,3015,2,SM,1,1,1,1.0,0.49,0.9,0.78,0.97,0.78,0.3,0.2,0.0,1,1,1,3,0,3,1,3,0,2,1
494,3016,2,SM,1,1,1,2.3,1.23,1.9,0.9,0.97,1.24,0.3,0.1,0.0,1,1,1,3,0,3,1,3,0,25,12
494,3017,2,SM,1,1,1,2.3,1.17,2.47,0.9,1.12,2.01,1.2,0.1,0.0,1,1,1,3,0,3,1,3,0,25,12
494,3018,2,SM,1,1,1,2.3,1.12,2.47,0.81,1.05,1.55,0.3,0.2,0.0,1,1,1,3,0,3,1,3,0,25,12
494,3019,3,CAR,1,1,1,1.75,1.12,1.52,0.81,1.05,2.01,0.6,0.3,0.0,1,1,1,3,0,3,1,3,0,25,12
494,3020,2,SM,1,1,1,1.93,1.12,2.47,0.9,0.99,1.24,0.3,0.3,0.0,1,1,1,3,0,3,1,3,0,25,12
494,3021,2,SM,1,1,1,1.93,1.17,1.52,0.81,0.9,1.55,0.3,0.1,0.0,1,1,1,3,0,3,1,3,0,25,12
494,3022,3,CAR,1,1,1,1.93,1.12,1.52,1.08,1.09,1.24,0.6,0.2,0.0,1,1,1,3,0,3,1,3,0,25,12
494,3023,3,CAR,1,1,1,2.3,1.17,1.52,1.08,1.12,2.01,0.3,0.3,0.0,1,1,1,3,0,3,1,3,0,25,12
494,3024,2,SM,1,1,1,1.93,1.17,1.9,0.9,1.12,1.55,0.6,0.3,0.0,1,1,1,3,0,3,1,3,0,25,12
495,3025,3,CAR,1,1,1,1.27,0.72,1.69,1.84,1.94,0.7,1.2,0.2,0.0,1,1,3,1,0,3,1,2,0,2,1
495,3026,2,SM,1,1,1,1.14,0.69,1.69,1.84,1.84,0.91,0.3,0.1,0.0,1,1,3,1,0,3,1,2,0,2,1
495,3027,3,CAR,1,1,1,1.52,0.76,1.69,1.84,2.18,0.56,0.6,0.3,0.0,1,1,3,1,0,3,1,2,0,2,1
495,3028,3,CAR,1,1,1,1.14,0.72,1.04,1.53,1.89,0.56,0.3,0.2,0.0,1,1,3,1,0,3,1,2,0,2,1
495,3029,2,SM,1,1,1,1.52,0.72,1.3,1.38,1.53,0.91,0.6,0.2,0.0,1,1,3,1,0,3,1,2,0,2,1
495,3030,3,CAR,1,1,1,1.27,0.69,1.3,1.38,1.81,0.56,1.2,0.1,0.0,1,1,3,1,0,3,1,2,0,2,1
495,3031,3,CAR,1,1,1,1.14,0.76,1.04,1.84,2.18,0.7,1.2,0.1,0.0,1,1,3,1,0,3,1,2,0,2,1
495,3032,3,CAR,1,1,1,1.14,0.76,1.3,1.38,1.62,0.7,0.3,0.3,0.0,1,1,3,1,0,3,1,2,0,2,1
495,3033,3,CAR,1,1,1,1.52,0.69,1.04,1.53,1.69,0.7,0.6,0.1,0.0,1,1,3,1,0,3,1,2,0,2,1
496,3034,3,CAR,1,1,1,1.54,0.99,1.82,2.0,2.18,0.95,1.2,0.2,0.0,1,1,3,1,0,3,1,3,0,22,1
496,3035,2,SM,1,1,1,1.4,0.96,1.82,2.0,2.1,1.23,0.3,0.1,0.0,1,1,3,1,0,3,1,3,0,22,1
496,3036,3,CAR,1,1,1,1.83,1.03,1.82,2.0,2.37,0.76,0.6,0.3,0.0,1,1,3,1,0,3,1,3,0,22,1
496,3037,3,CAR,1,1,1,1.4,0.99,1.12,1.67,2.1,0.76,0.3,0.2,0.0,1,1,3,1,0,3,1,3,0,22,1
496,3038,2,SM,1,1,1,1.83,0.99,1.4,1.5,1.69,1.23,0.6,0.2,0.0,1,1,3,1,0,3,1,3,0,22,1
496,3039,3,CAR,1,1,1,1.54,0.96,1.4,1.5,1.94,0.76,1.2,0.1,0.0,1,1,3,1,0,3,1,3,0,22,1
496,3040,3,CAR,1,1,1,1.4,1.03,1.12,2.0,2.37,0.95,1.2,0.1,0.0,1,1,3,1,0,3,1,3,0,22,1
496,3041,3,CAR,1,1,1,1.4,1.03,1.4,1.5,1.76,0.95,0.3,0.3,0.0,1,1,3,1,0,3,1,3,0,22,1
496,3042,3,CAR,1,1,1,1.83,0.96,1.12,1.67,1.84,0.95,0.6,0.1,0.0,1,1,3,1,0,3,1,3,0,22,1
497,3043,3,CAR,1,1,1,2.55,1.76,1.4,1.53,1.62,0.64,0.3,0.1,0.0,1,1,3,1,1,3,1,3,0,17,13
497,3044,3,CAR,1,1,1,2.55,1.72,1.82,1.53,1.76,1.04,1.2,0.1,0.0,1,1,3,1,1,3,1,3,0,17,13
497,3045,3,CAR,1,1,1,2.55,1.69,1.82,1.38,1.67,0.8,0.3,0.2,0.0,1,1,3,1,1,3,1,3,0,17,13
497,3046,3,CAR,1,1,1,1.98,1.69,1.12,1.38,1.67,1.04,0.6,0.3,0.0,1,1,3,1,1,3,1,3,0,17,13
497,3047,3,CAR,1,1,1,2.17,1.69,1.82,1.53,1.62,0.64,0.3,0.3,0.0,1,1,3,1,1,3,1,3,0,17,13
497,3048,3,CAR,1,1,1,2.17,1.72,1.12,1.38,1.53,0.8,0.3,0.1,0.0,1,1,3,1,1,3,1,3,0,17,13
497,3049,3,CAR,1,1,1,2.17,1.69,1.12,1.84,1.81,0.64,0.6,0.2,0.0,1,1,3,1,1,3,1,3,0,17,13
497,3050,3,CAR,1,1,1,2.55,1.72,1.12,1.84,1.84,1.04,0.3,0.3,0.0,1,1,3,1,1,3,1,3,0,17,13
497,3051,3,CAR,1,1,1,2.17,1.72,1.4,1.53,1.76,0.8,0.6,0.3,0.0,1,1,3,1,1,3,1,3,0,17,13
498,3052,2,SM,1,1,1,1.97,1.21,2.34,2.11,2.25,1.1,1.2,0.2,0.0,1,1,3,1,1,3,0,3,0,25,3
498,3053,2,SM,1,1,1,1.78,1.16,2.34,2.11,2.18,1.43,0.3,0.1,0.0,1,1,3,1,1,3,0,3,0,25,3
498,3054,3,CAR,1,1,1,2.34,1.27,2.34,2.11,2.54,0.88,0.6,0.3,0.0,1,1,3,1,1,3,0,3,0,25,3
498,3055,3,CAR,1,1,1,1.78,1.21,1.44,1.76,2.25,0.88,0.3,0.2,0.0,1,1,3,1,1,3,0,3,0,25,3
498,3056,2,SM,1,1,1,2.34,1.21,1.8,1.58,1.81,1.43,0.6,0.2,0.0,1,1,3,1,1,3,0,3,0,25,3
498,3057,3,CAR,1,1,1,1.97,1.16,1.8,1.58,2.1,0.88,1.2,0.1,0.0,1,1,3,1,1,3,0,3,0,25,3
498,3058,3,CAR,1,1,1,1.78,1.27,1.44,2.11,2.54,1.1,1.2,0.1,0.0,1,1,3,1,1,3,0,3,0,25,3
498,3059,2,SM,1,1,1,1.78,1.27,1.8,1.58,1.84,1.1,0.3,0.3,0.0,1,1,3,1,1,3,0,3,0,25,3
498,3060,2,SM,1,1,1,2.34,1.16,1.44,1.76,1.98,1.1,0.6,0.1,0.0,1,1,3,1,1,3,0,3,0,25,3
499,3061,2,SM,1,1,1,2.09,0.62,1.7,2.11,2.25,1.1,1.2,0.3,0.0,1,1,3,2,0,2,1,3,0,22,1
499,3062,2,SM,1,1,1,1.59,0.68,2.21,1.58,1.84,0.88,1.2,0.3,0.0,1,1,3,2,0,2,1,3,0,22,1
499,3063,3,CAR,1,1,1,2.09,0.76,1.36,1.58,1.94,0.88,1.2,0.2,0.0,1,1,3,2,0,2,1,3,0,22,1
499,3064,2,SM,1,1,1,1.76,0.76,2.21,1.58,1.94,1.43,0.6,0.1,0.0,1,1,3,2,0,2,1,3,0,22,1
499,3065,3,CAR,1,1,1,1.76,0.76,1.36,1.76,1.98,1.43,1.2,0.3,0.0,1,1,3,2,0,2,1,3,0,22,1
499,3066,2,SM,1,1,1,1.59,0.76,2.21,1.76,1.98,1.1,0.6,0.2,0.0,1,1,3,2,0,2,1,3,0,22,1
499,3067,3,CAR,1,1,1,1.59,0.68,1.7,2.11,2.45,0.88,0.6,0.1,0.0,1,1,3,2,0,2,1,3,0,22,1
499,3068,2,SM,1,1,1,1.59,0.62,1.7,1.76,2.18,1.43,1.2,0.2,0.0,1,1,3,2,0,2,1,3,0,22,1
499,3069,3,CAR,1,1,1,1.76,0.76,1.7,2.11,2.81,1.43,0.3,0.2,0.0,1,1,3,2,0,2,1,3,0,22,1
500,3070,2,SM,1,1,1,2.25,1.39,1.6,2.21,2.25,1.05,1.2,0.3,0.0,1,1,3,2,0,3,1,3,0,22,1
500,3071,2,SM,1,1,1,1.79,1.42,2.08,1.66,1.84,0.84,1.2,0.3,0.0,1,1,3,2,0,3,1,3,0,22,1
500,3072,3,CAR,1,1,1,2.25,1.46,1.28,1.66,1.89,0.84,1.2,0.2,0.0,1,1,3,2,0,3,1,3,0,22,1
500,3073,2,SM,1,1,1,1.94,1.46,2.08,1.66,1.89,1.36,0.6,0.1,0.0,1,1,3,2,0,3,1,3,0,22,1
500,3074,3,CAR,1,1,1,1.94,1.46,1.28,1.84,1.98,1.36,1.2,0.3,0.0,1,1,3,2,0,3,1,3,0,22,1
500,3075,2,SM,1,1,1,1.79,1.46,2.08,1.84,1.98,1.05,0.6,0.2,0.0,1,1,3,2,0,3,1,3,0,22,1
500,3076,2,SM,1,1,1,1.79,1.42,1.6,2.21,2.37,0.84,0.6,0.1,0.0,1,1,3,2,0,3,1,3,0,22,1
500,3077,3,CAR,1,1,1,1.79,1.39,1.6,1.84,2.1,1.36,1.2,0.2,0.0,1,1,3,2,0,3,1,3,0,22,1
500,3078,2,SM,1,1,1,1.94,1.46,1.6,2.21,2.54,1.36,0.3,0.2,0.0,1,1,3,2,0,3,1,3,0,22,1
501,3079,2,SM,1,1,1,1.64,0.56,2.21,2.11,2.37,1.35,1.2,0.2,0.0,1,1,3,2,0,3,1,3,0,22,1
501,3080,2,SM,1,1,1,1.5,0.5,2.21,2.11,2.25,1.75,0.3,0.1,0.0,1,1,3,2,0,3,1,3,0,22,1
501,3081,2,SM,1,1,1,1.93,0.64,2.21,2.11,2.81,1.08,0.6,0.3,0.0,1,1,3,2,0,3,1,3,0,22,1
501,3082,2,SM,1,1,1,1.5,0.56,1.36,1.76,2.45,1.08,0.3,0.2,0.0,1,1,3,2,0,3,1,3,0,22,1
501,3083,2,SM,1,1,1,1.93,0.56,1.7,1.58,1.81,1.75,0.6,0.2,0.0,1,1,3,2,0,3,1,3,0,22,1
501,3084,2,SM,1,1,1,1.64,0.5,1.7,1.58,2.25,1.08,1.2,0.1,0.0,1,1,3,2,0,3,1,3,0,22,1
501,3085,2,SM,1,1,1,1.5,0.64,1.36,2.11,2.81,1.35,1.2,0.1,0.0,1,1,3,2,0,3,1,3,0,22,1
501,3086,2,SM,1,1,1,1.5,0.64,1.7,1.58,1.94,1.35,0.3,0.3,0.0,1,1,3,2,0,3,1,3,0,22,1
501,3087,2,SM,1,1,1,1.93,0.5,1.36,1.76,2.1,1.35,0.6,0.1,0.0,1,1,3,2,0,3,1,3,0,22,1
502,3088,3,CAR,1,1,1,1.5,0.78,0.9,1.45,1.62,0.6,1.2,0.3,0.0,1,1,3,2,0,4,1,3,0,2,1
502,3089,3,CAR,1,1,1,1.29,0.81,1.17,1.09,1.36,0.48,1.2,0.3,0.0,1,1,3,2,0,4,1,3,0,2,1
502,3090,3,CAR,1,1,1,1.5,0.85,0.72,1.09,1.42,0.48,1.2,0.2,0.0,1,1,3,2,0,4,1,3,0,2,1
502,3091,3,CAR,1,1,1,1.36,0.85,1.17,1.09,1.42,0.78,0.6,0.1,0.0,1,1,3,2,0,4,1,3,0,2,1
502,3092,3,CAR,1,1,1,1.36,0.85,0.72,1.21,1.42,0.78,1.2,0.3,0.0,1,1,3,2,0,4,1,3,0,2,1
502,3093,3,CAR,1,1,1,1.29,0.85,1.17,1.21,1.42,0.6,0.6,0.2,0.0,1,1,3,2,0,4,1,3,0,2,1
502,3094,3,CAR,1,1,1,1.29,0.81,0.9,1.45,1.69,0.48,0.6,0.1,0.0,1,1,3,2,0,4,1,3,0,2,1
502,3095,3,CAR,1,1,1,1.29,0.78,0.9,1.21,1.53,0.78,1.2,0.2,0.0,1,1,3,2,0,4,1,3,0,2,1
502,3096,3,CAR,1,1,1,1.36,0.85,0.9,1.45,1.94,0.78,0.3,0.2,0.0,1,1,3,2,0,4,1,3,0,2,1
503,3097,3,CAR,1,1,1,2.29,1.33,1.3,1.7,1.67,0.8,1.2,0.3,0.0,1,1,3,2,0,4,1,3,0,22,19
503,3098,2,SM,1,1,1,1.72,1.36,1.69,1.28,1.42,0.64,1.2,0.3,0.0,1,1,3,2,0,4,1,3,0,22,19
503,3099,3,CAR,1,1,1,2.29,1.4,1.04,1.28,1.42,0.64,1.2,0.2,0.0,1,1,3,2,0,4,1,3,0,22,19
503,3100,2,SM,1,1,1,1.91,1.4,1.69,1.28,1.42,1.04,0.6,0.1,0.0,1,1,3,2,0,4,1,3,0,22,19
503,3101,3,CAR,1,1,1,1.91,1.4,1.04,1.42,1.47,1.04,1.2,0.3,0.0,1,1,3,2,0,4,1,3,0,22,19
503,3102,2,SM,1,1,1,1.72,1.4,1.69,1.42,1.47,0.8,0.6,0.2,0.0,1,1,3,2,0,4,1,3,0,22,19
503,3103,3,CAR,1,1,1,1.72,1.36,1.3,1.7,1.69,0.64,0.6,0.1,0.0,1,1,3,2,0,4,1,3,0,22,19
503,3104,3,CAR,1,1,1,1.72,1.33,1.3,1.42,1.53,1.04,1.2,0.2,0.0,1,1,3,2,0,4,1,3,0,22,19
503,3105,3,CAR,1,1,1,1.91,1.4,1.3,1.7,1.89,1.04,0.3,0.2,0.0,1,1,3,2,0,4,1,3,0,22,19
504,3106,3,CAR,1,1,1,2.3,1.12,1.7,2.17,2.18,1.1,1.2,0.3,0.0,1,1,3,2,0,3,1,3,0,25,12
504,3107,2,SM,1,1,1,1.75,1.17,2.21,1.63,1.81,0.88,1.2,0.3,0.0,1,1,3,2,0,3,1,3,0,25,12
504,3108,3,CAR,1,1,1,2.3,1.23,1.36,1.63,1.84,0.88,1.2,0.2,0.0,1,1,3,2,0,3,1,3,0,25,12
504,3109,2,SM,1,1,1,1.93,1.23,2.21,1.63,1.84,1.43,0.6,0.1,0.0,1,1,3,2,0,3,1,3,0,25,12
504,3110,3,CAR,1,1,1,1.93,1.23,1.36,1.81,1.94,1.43,1.2,0.3,0.0,1,1,3,2,0,3,1,3,0,25,12
504,3111,2,SM,1,1,1,1.75,1.23,2.21,1.81,1.94,1.1,0.6,0.2,0.0,1,1,3,2,0,3,1,3,0,25,12
504,3112,3,CAR,1,1,1,1.75,1.17,1.7,2.17,2.25,0.88,0.6,0.1,0.0,1,1,3,2,0,3,1,3,0,25,12
504,3113,2,SM,1,1,1,1.75,1.12,1.7,1.81,1.98,1.43,1.2,0.2,0.0,1,1,3,2,0,3,1,3,0,25,12
504,3114,3,CAR,1,1,1,1.93,1.23,1.7,2.17,2.54,1.43,0.3,0.2,0.0,1,1,3,2,0,3,1,3,0,25,12
505,3115,3,CAR,1,1,1,3.44,1.12,2.2,2.7,2.93,1.85,1.2,0.3,0.0,1,1,3,2,0,4,1,2,0,22,17
505,3116,3,CAR,1,1,1,2.6,1.21,2.86,2.02,2.37,1.48,1.2,0.3,0.0,1,1,3,2,0,4,1,2,0,22,17
505,3117,3,CAR,1,1,1,3.44,1.33,1.76,2.02,2.45,1.48,1.2,0.2,0.0,1,1,3,2,0,4,1,2,0,22,17
505,3118,2,SM,1,1,1,2.88,1.33,2.86,2.02,2.45,2.4,0.6,0.1,0.0,1,1,3,2,0,4,1,2,0,22,17
505,3119,2,SM,1,1,1,2.88,1.33,1.76,2.25,2.54,2.4,1.2,0.3,0.0,1,1,3,2,0,4,1,2,0,22,17
505,3120,2,SM,1,1,1,2.6,1.33,2.86,2.25,2.54,1.85,0.6,0.2,0.0,1,1,3,2,0,4,1,2,0,22,17
505,3121,3,CAR,1,1,1,2.6,1.21,2.2,2.7,3.1,1.48,0.6,0.1,0.0,1,1,3,2,0,4,1,2,0,22,17
505,3122,2,SM,1,1,1,2.6,1.12,2.2,2.25,2.74,2.4,1.2,0.2,0.0,1,1,3,2,0,4,1,2,0,22,17
505,3123,3,CAR,1,1,1,2.88,1.33,2.2,2.7,3.66,2.4,0.3,0.2,0.0,1,1,3,2,0,4,1,2,0,22,17
506,3124,3,CAR,1,1,1,3.18,1.7,2.2,2.18,2.37,0.92,0.3,0.1,0.0,1,1,3,2,1,3,1,2,0,22,17
506,3125,2,SM,1,1,1,3.18,1.62,2.86,2.18,2.81,1.49,1.2,0.1,0.0,1,1,3,2,1,3,1,2,0,22,17
506,3126,2,SM,1,1,1,3.18,1.56,2.86,1.96,2.66,1.15,0.3,0.2,0.0,1,1,3,2,1,3,1,2,0,22,17
506,3127,3,CAR,1,1,1,2.38,1.56,1.76,1.96,2.66,1.49,0.6,0.3,0.0,1,1,3,2,1,3,1,2,0,22,17
506,3128,3,CAR,1,1,1,2.65,1.56,2.86,2.18,2.45,0.92,0.3,0.3,0.0,1,1,3,2,1,3,1,2,0,22,17
506,3129,3,CAR,1,1,1,2.65,1.62,1.76,1.96,2.18,1.15,0.3,0.1,0.0,1,1,3,2,1,3,1,2,0,22,17
506,3130,3,CAR,1,1,1,2.65,1.56,1.76,2.62,2.74,0.92,0.6,0.2,0.0,1,1,3,2,1,3,1,2,0,22,17
506,3131,3,CAR,1,1,1,3.18,1.62,1.76,2.62,2.81,1.49,0.3,0.3,0.0,1,1,3,2,1,3,1,2,0,22,17
506,3132,3,CAR,1,1,1,2.65,1.62,2.2,2.18,2.81,1.15,0.6,0.3,0.0,1,1,3,2,1,3,1,2,0,22,17
507,3133,3,CAR,1,1,1,1.47,1.15,0.9,1.11,1.21,0.48,0.3,0.1,0.0,1,1,3,2,1,3,1,3,0,25,10
507,3134,2,SM,1,1,1,1.47,1.13,1.17,1.11,1.42,0.78,1.2,0.1,0.0,1,1,3,2,1,3,1,3,0,25,10
507,3135,2,SM,1,1,1,1.47,1.11,1.17,1.0,1.3,0.6,0.3,0.2,0.0,1,1,3,2,1,3,1,3,0,25,10
507,3136,3,CAR,1,1,1,1.13,1.11,0.72,1.0,1.3,0.78,0.6,0.3,0.0,1,1,3,2,1,3,1,3,0,25,10
507,3137,3,CAR,1,1,1,1.24,1.11,1.17,1.11,1.3,0.48,0.3,0.3,0.0,1,1,3,2,1,3,1,3,0,25,10
507,3138,2,SM,1,1,1,1.24,1.13,0.72,1.0,1.11,0.6,0.3,0.1,0.0,1,1,3,2,1,3,1,3,0,25,10
507,3139,3,CAR,1,1,1,1.24,1.11,0.72,1.33,1.42,0.48,0.6,0.2,0.0,1,1,3,2,1,3,1,3,0,25,10
507,3140,3,CAR,1,1,1,1.47,1.13,0.72,1.33,1.47,0.78,0.3,0.3,0.0,1,1,3,2,1,3,1,3,0,25,10
507,3141,3,CAR,1,1,1,1.24,1.13,0.9,1.11,1.42,0.6,0.6,0.3,0.0,1,1,3,2,1,3,1,3,0,25,10
508,3142,3,CAR,1,1,1,2.28,0.93,2.1,1.84,2.1,0.88,0.3,0.1,0.0,1,1,3,2,1,3,1,2,0,22,1
508,3143,2,SM,1,1,1,2.28,0.85,2.73,1.84,2.54,1.43,1.2,0.1,0.0,1,1,3,2,1,3,1,2,0,22,1
508,3144,2,SM,1,1,1,2.28,0.79,2.73,1.66,2.37,1.1,0.3,0.2,0.0,1,1,3,2,1,3,1,2,0,22,1
508,3145,3,CAR,1,1,1,1.76,0.79,1.68,1.66,2.37,1.43,0.6,0.3,0.0,1,1,3,2,1,3,1,2,0,22,1
508,3146,2,SM,1,1,1,1.93,0.79,2.73,1.84,2.18,0.88,0.3,0.3,0.0,1,1,3,2,1,3,1,2,0,22,1
508,3147,3,CAR,1,1,1,1.93,0.85,1.68,1.66,1.89,1.1,0.3,0.1,0.0,1,1,3,2,1,3,1,2,0,22,1
508,3148,3,CAR,1,1,1,1.93,0.79,1.68,2.21,2.37,0.88,0.6,0.2,0.0,1,1,3,2,1,3,1,2,0,22,1
508,3149,3,CAR,1,1,1,2.28,0.85,1.68,2.21,2.54,1.43,0.3,0.3,0.0,1,1,3,2,1,3,1,2,0,22,1
508,3150,2,SM,1,1,1,1.93,0.85,2.1,1.84,2.54,1.1,0.6,0.3,0.0,1,1,3,2,1,3,1,2,0,22,1
509,3151,3,CAR,1,1,1,1.93,0.64,1.7,1.76,1.94,0.88,0.3,0.1,0.0,1,1,3,3,0,3,1,3,0,22,1
509,3152,2,SM,1,1,1,1.93,0.56,2.21,1.76,2.45,1.43,1.2,0.1,0.0,1,1,3,3,0,3,1,3,0,22,1
509,3153,2,SM,1,1,1,1.93,0.5,2.21,1.58,2.25,1.1,0.3,0.2,0.0,1,1,3,3,0,3,1,3,0,22,1
509,3154,2,SM,1,1,1,1.5,0.5,1.36,1.58,2.25,1.43,0.6,0.3,0.0,1,1,3,3,0,3,1,3,0,22,1
509,3155,2,SM,1,1,1,1.64,0.5,2.21,1.76,2.1,0.88,0.3,0.3,0.0,1,1,3,3,0,3,1,3,0,22,1
509,3156,2,SM,1,1,1,1.64,0.56,1.36,1.58,1.81,1.1,0.3,0.1,0.0,1,1,3,3,0,3,1,3,0,22,1
509,3157,3,CAR,1,1,1,1.64,0.5,1.36,2.11,2.25,0.88,0.6,0.2,0.0,1,1,3,3,0,3,1,3,0,22,1
509,3158,3,CAR,1,1,1,1.93,0.56,1.36,2.11,2.37,1.43,0.3,0.3,0.0,1,1,3,3,0,3,1,3,0,22,1
509,3159,2,SM,1,1,1,1.64,0.56,1.7,1.76,2.45,1.1,0.6,0.3,0.0,1,1,3,3,0,3,1,3,0,22,1
510,3160,2,SM,1,1,1,1.74,0.66,2.21,0.23,0.25,0.95,1.2,0.2,0.0,1,1,6,1,0,2,1,3,0,22,1
510,3161,2,SM,1,1,1,1.58,0.6,2.21,0.23,0.23,1.23,0.3,0.1,0.0,1,1,6,1,0,2,1,3,0,22,1
510,3162,2,SM,1,1,1,2.07,0.74,2.21,0.23,0.31,0.76,0.6,0.3,0.0,1,1,6,1,0,2,1,3,0,22,1
510,3163,2,SM,1,1,1,1.58,0.66,1.36,0.19,0.31,0.76,0.3,0.2,0.0,1,1,6,1,0,2,1,3,0,22,1
510,3164,2,SM,1,1,1,2.07,0.66,1.7,0.17,0.23,1.23,0.6,0.2,0.0,1,1,6,1,0,2,1,3,0,22,1
510,3165,2,SM,1,1,1,1.74,0.6,1.7,0.17,0.31,0.76,1.2,0.1,0.0,1,1,6,1,0,2,1,3,0,22,1
510,3166,2,SM,1,1,1,1.58,0.74,1.36,0.23,0.31,0.95,1.2,0.1,0.0,1,1,6,1,0,2,1,3,0,22,1
510,3167,2,SM,1,1,1,1.58,0.74,1.7,0.17,0.25,0.95,0.3,0.3,0.0,1,1,6,1,0,2,1,3,0,22,1
510,3168,2,SM,1,1,1,2.07,0.6,1.36,0.19,0.25,0.95,0.6,0.1,0.0,1,1,6,1,0,2,1,3,0,22,1
511,3169,2,SM,1,1,1,1.12,0.37,1.1,0.23,0.23,0.75,1.2,0.3,0.0,1,1,6,1,0,3,1,3,0,2,1
511,3170,2,SM,1,1,1,0.86,0.4,1.43,0.17,0.23,0.6,1.2,0.3,0.0,1,1,6,1,0,3,1,3,0,2,1
511,3171,2,SM,1,1,1,1.12,0.44,0.88,0.17,0.25,0.6,1.2,0.2,0.0,1,1,6,1,0,3,1,3,0,2,1
511,3172,2,SM,1,1,1,0.95,0.44,1.43,0.17,0.25,0.97,0.6,0.1,0.0,1,1,6,1,0,3,1,3,0,2,1
511,3173,2,SM,1,1,1,0.95,0.44,0.88,0.19,0.23,0.97,1.2,0.3,0.0,1,1,6,1,0,3,1,3,0,2,1
511,3174,2,SM,1,1,1,0.86,0.44,1.43,0.19,0.23,0.75,0.6,0.2,0.0,1,1,6,1,0,3,1,3,0,2,1
511,3175,2,SM,1,1,1,0.86,0.4,1.1,0.23,0.25,0.6,0.6,0.1,0.0,1,1,6,1,0,3,1,3,0,2,1
511,3176,2,SM,1,1,1,0.86,0.37,1.1,0.19,0.25,0.97,1.2,0.2,0.0,1,1,6,1,0,3,1,3,0,2,1
511,3177,2,SM,1,1,1,0.95,0.44,1.1,0.23,0.31,0.97,0.3,0.2,0.0,1,1,6,1,0,3,1,3,0,2,1
541,3178,2,SM,1,1,1,1.05,0.5,1.17,0.37,0.43,0.5,1.2,0.2,0.0,2,0,1,0,0,3,0,1,0,2,22
541,3179,2,SM,1,1,1,0.95,0.47,1.17,0.37,0.4,0.65,0.3,0.1,0.0,2,0,1,0,0,3,0,1,0,2,22
541,3180,2,SM,1,1,1,1.24,0.54,1.17,0.37,0.48,0.4,0.6,0.3,0.0,2,0,1,0,0,3,0,1,0,2,22
541,3181,3,CAR,1,1,1,0.95,0.5,0.72,0.31,0.42,0.4,0.3,0.2,0.0,2,0,1,0,0,3,0,1,0,2,22
541,3182,2,SM,1,1,1,1.24,0.5,0.9,0.28,0.32,0.65,0.6,0.2,0.0,2,0,1,0,0,3,0,1,0,2,22
541,3183,2,SM,1,1,1,1.05,0.47,0.9,0.28,0.4,0.4,1.2,0.1,0.0,2,0,1,0,0,3,0,1,0,2,22
541,3184,3,CAR,1,1,1,0.95,0.54,0.72,0.37,0.48,0.5,1.2,0.1,0.0,2,0,1,0,0,3,0,1,0,2,22
541,3185,2,SM,1,1,1,0.95,0.54,0.9,0.28,0.32,0.5,0.3,0.3,0.0,2,0,1,0,0,3,0,1,0,2,22
541,3186,2,SM,1,1,1,1.24,0.47,0.72,0.31,0.38,0.5,0.6,0.1,0.0,2,0,1,0,0,3,0,1,0,2,22
542,3187,2,SM,1,1,1,1.46,0.44,1.4,0.48,0.5,0.95,1.2,0.3,0.0,2,0,1,0,0,3,1,1,0,2,25
542,3188,2,SM,1,1,1,1.14,0.49,1.82,0.36,0.42,0.76,1.2,0.3,0.0,2,0,1,0,0,3,1,1,0,2,25
542,3189,2,SM,1,1,1,1.46,0.55,1.12,0.36,0.43,0.76,1.2,0.2,0.0,2,0,1,0,0,3,1,1,0,2,25
542,3190,2,SM,1,1,1,1.25,0.55,1.82,0.36,0.43,1.23,0.6,0.1,0.0,2,0,1,0,0,3,1,1,0,2,25
542,3191,2,SM,1,1,1,1.25,0.55,1.12,0.4,0.45,1.23,1.2,0.3,0.0,2,0,1,0,0,3,1,1,0,2,25
542,3192,2,SM,1,1,1,1.14,0.55,1.82,0.4,0.45,0.95,0.6,0.2,0.0,2,0,1,0,0,3,1,1,0,2,25
542,3193,2,SM,1,1,1,1.14,0.49,1.4,0.48,0.53,0.76,0.6,0.1,0.0,2,0,1,0,0,3,1,1,0,2,25
542,3194,2,SM,1,1,1,1.14,0.44,1.4,0.4,0.46,1.23,1.2,0.2,0.0,2,0,1,0,0,3,1,1,0,2,25
542,3195,2,SM,1,1,1,1.25,0.55,1.4,0.48,0.62,1.23,0.3,0.2,0.0,2,0,1,0,0,3,1,1,0,2,25
543,3196,2,SM,1,1,1,1.93,0.5,1.7,0.62,0.66,1.05,1.2,0.3,0.0,2,0,1,0,0,3,1,1,0,22,1
543,3197,2,SM,1,1,1,1.5,0.56,2.21,0.47,0.53,0.84,1.2,0.3,0.0,2,0,1,0,0,3,1,1,0,22,1
543,3198,2,SM,1,1,1,1.93,0.64,1.36,0.47,0.57,0.84,1.2,0.2,0.0,2,0,1,0,0,3,1,1,0,22,1
543,3199,2,SM,1,1,1,1.64,0.64,2.21,0.47,0.57,1.36,0.6,0.1,0.0,2,0,1,0,0,3,1,1,0,22,1
543,3200,2,SM,1,1,1,1.64,0.64,1.36,0.52,0.57,1.36,1.2,0.3,0.0,2,0,1,0,0,3,1,1,0,22,1
543,3201,2,SM,1,1,1,1.5,0.64,2.21,0.52,0.57,1.05,0.6,0.2,0.0,2,0,1,0,0,3,1,1,0,22,1
543,3202,2,SM,1,1,1,1.5,0.56,1.7,0.62,0.7,0.84,0.6,0.1,0.0,2,0,1,0,0,3,1,1,0,22,1
543,3203,2,SM,1,1,1,1.5,0.5,1.7,0.52,0.62,1.36,1.2,0.2,0.0,2,0,1,0,0,3,1,1,0,22,1
543,3204,2,SM,1,1,1,1.64,0.64,1.7,0.62,0.82,1.36,0.3,0.2,0.0,2,0,1,0,0,3,1,1,0,22,1
544,3205,2,SM,1,1,1,1.48,0.72,1.43,0.48,0.53,0.7,1.2,0.2,0.0,2,0,1,0,0,3,1,1,0,25,2
544,3206,2,SM,1,1,1,1.37,0.67,1.43,0.48,0.5,0.91,0.3,0.1,0.0,2,0,1,0,0,3,1,1,0,25,2
544,3207,2,SM,1,1,1,1.69,0.78,1.43,0.48,0.62,0.56,0.6,0.3,0.0,2,0,1,0,0,3,1,1,0,25,2
544,3208,1,TRAIN,1,1,1,1.37,0.72,0.88,0.4,0.54,0.56,0.3,0.2,0.0,2,0,1,0,0,3,1,1,0,25,2
544,3209,1,TRAIN,1,1,1,1.69,0.72,1.1,0.36,0.42,0.91,0.6,0.2,0.0,2,0,1,0,0,3,1,1,0,25,2
544,3210,2,SM,1,1,1,1.48,0.67,1.1,0.36,0.5,0.56,1.2,0.1,0.0,2,0,1,0,0,3,1,1,0,25,2
544,3211,2,SM,1,1,1,1.37,0.78,0.88,0.48,0.62,0.7,1.2,0.1,0.0,2,0,1,0,0,3,1,1,0,25,2
544,3212,1,TRAIN,1,1,1,1.37,0.78,1.1,0.36,0.45,0.7,0.3,0.3,0.0,2,0,1,0,0,3,1,1,0,25,2
544,3213,2,SM,1,1,1,1.69,0.67,0.88,0.4,0.48,0.7,0.6,0.1,0.0,2,0,1,0,0,3,1,1,0,25,2
545,3214,3,CAR,1,1,1,1.26,0.54,0.9,0.32,0.38,0.44,0.3,0.1,0.0,2,0,1,1,0,3,1,3,0,22,2
545,3215,2,SM,1,1,1,1.26,0.5,1.17,0.32,0.45,0.71,1.2,0.1,0.0,2,0,1,1,0,3,1,3,0,22,2
545,3216,2,SM,1,1,1,1.26,0.47,1.17,0.29,0.42,0.55,0.3,0.2,0.0,2,0,1,1,0,3,1,3,0,22,2
545,3217,1,TRAIN,1,1,1,0.94,0.47,0.72,0.29,0.42,0.71,0.6,0.3,0.0,2,0,1,1,0,3,1,3,0,22,2
545,3218,2,SM,1,1,1,1.05,0.47,1.17,0.32,0.4,0.44,0.3,0.3,0.0,2,0,1,1,0,3,1,3,0,22,2
545,3219,3,CAR,1,1,1,1.05,0.5,0.72,0.29,0.34,0.55,0.3,0.1,0.0,2,0,1,1,0,3,1,3,0,22,2
545,3220,3,CAR,1,1,1,1.05,0.47,0.72,0.38,0.43,0.44,0.6,0.2,0.0,2,0,1,1,0,3,1,3,0,22,2
545,3221,2,SM,1,1,1,1.26,0.5,0.72,0.38,0.45,0.71,0.3,0.3,0.0,2,0,1,1,0,3,1,3,0,22,2
545,3222,1,TRAIN,1,1,1,1.05,0.5,0.9,0.32,0.45,0.55,0.6,0.3,0.0,2,0,1,1,0,3,1,3,0,22,2
546,3223,2,SM,1,1,1,2.4,1.64,2.73,0.68,0.72,1.25,1.2,0.2,0.0,2,0,1,1,0,2,1,2,0,19,25
546,3224,2,SM,1,1,1,2.2,1.59,2.73,0.68,0.7,1.62,0.3,0.1,0.0,2,0,1,1,0,2,1,2,0,19,25
546,3225,3,CAR,1,1,1,2.8,1.7,2.73,0.68,0.8,1.0,0.6,0.3,0.0,2,0,1,1,0,2,1,2,0,19,25
546,3226,3,CAR,1,1,1,2.2,1.64,1.68,0.57,0.7,1.0,0.3,0.2,0.0,2,0,1,1,0,2,1,2,0,19,25
546,3227,2,SM,1,1,1,2.8,1.64,2.1,0.51,0.57,1.62,0.6,0.2,0.0,2,0,1,1,0,2,1,2,0,19,25
546,3228,2,SM,1,1,1,2.4,1.59,2.1,0.51,0.66,1.0,1.2,0.1,0.0,2,0,1,1,0,2,1,2,0,19,25
546,3229,3,CAR,1,1,1,2.2,1.7,1.68,0.68,0.8,1.25,1.2,0.1,0.0,2,0,1,1,0,2,1,2,0,19,25
546,3230,2,SM,1,1,1,2.2,1.7,2.1,0.51,0.58,1.25,0.3,0.3,0.0,2,0,1,1,0,2,1,2,0,19,25
546,3231,2,SM,1,1,1,2.8,1.59,1.68,0.57,0.64,1.25,0.6,0.1,0.0,2,0,1,1,0,2,1,2,0,19,25
547,3232,2,SM,1,1,1,1.2,0.9,1.0,0.38,0.42,0.65,1.2,0.3,0.0,2,0,1,1,0,3,1,2,0,25,10
547,3233,2,SM,1,1,1,0.95,0.92,1.3,0.29,0.32,0.52,1.2,0.3,0.0,2,0,1,1,0,3,1,2,0,25,10
547,3234,2,SM,1,1,1,1.2,0.94,0.8,0.29,0.32,0.52,1.2,0.2,0.0,2,0,1,1,0,3,1,2,0,25,10
547,3235,2,SM,1,1,1,1.03,0.94,1.3,0.29,0.32,0.84,0.6,0.1,0.0,2,0,1,1,0,3,1,2,0,25,10
547,3236,2,SM,1,1,1,1.03,0.94,0.8,0.32,0.35,0.84,1.2,0.3,0.0,2,0,1,1,0,3,1,2,0,25,10
547,3237,2,SM,1,1,1,0.95,0.94,1.3,0.32,0.35,0.65,0.6,0.2,0.0,2,0,1,1,0,3,1,2,0,25,10
547,3238,2,SM,1,1,1,0.95,0.92,1.0,0.38,0.42,0.52,0.6,0.1,0.0,2,0,1,1,0,3,1,2,0,25,10
547,3239,2,SM,1,1,1,0.95,0.9,1.0,0.32,0.36,0.84,1.2,0.2,0.0,2,0,1,1,0,3,1,2,0,25,10
547,3240,2,SM,1,1,1,1.03,0.94,1.0,0.38,0.46,0.84,0.3,0.2,0.0,2,0,1,1,0,3,1,2,0,25,10
548,3241,3,CAR,1,1,1,1.06,0.41,0.9,0.35,0.42,0.4,0.3,0.1,0.0,2,0,1,1,0,4,1,2,0,2,1
548,3242,1,TRAIN,1,1,1,1.06,0.37,1.17,0.35,0.49,0.65,1.2,0.1,0.0,2,0,1,1,0,4,1,2,0,2,1
548,3243,1,TRAIN,1,1,1,1.06,0.34,1.17,0.31,0.46,0.5,0.3,0.2,0.0,2,0,1,1,0,4,1,2,0,2,1
548,3244,1,TRAIN,1,1,1,0.85,0.34,0.72,0.31,0.46,0.65,0.6,0.3,0.0,2,0,1,1,0,4,1,2,0,2,1
548,3245,1,TRAIN,1,1,1,0.92,0.34,1.17,0.35,0.43,0.4,0.3,0.3,0.0,2,0,1,1,0,4,1,2,0,2,1
548,3246,1,TRAIN,1,1,1,0.92,0.37,0.72,0.31,0.38,0.5,0.3,0.1,0.0,2,0,1,1,0,4,1,2,0,2,1
548,3247,2,SM,1,1,1,0.92,0.34,0.72,0.42,0.46,0.4,0.6,0.2,0.0,2,0,1,1,0,4,1,2,0,2,1
548,3248,2,SM,1,1,1,1.06,0.37,0.72,0.42,0.49,0.65,0.3,0.3,0.0,2,0,1,1,0,4,1,2,0,2,1
548,3249,1,TRAIN,1,1,1,0.92,0.37,0.9,0.35,0.49,0.5,0.6,0.3,0.0,2,0,1,1,0,4,1,2,0,2,1
549,3250,2,SM,1,1,1,0.89,0.34,0.91,0.3,0.38,0.4,1.2,0.2,0.0,2,0,1,1,1,2,0,2,0,22,2
549,3251,2,SM,1,1,1,0.82,0.31,0.91,0.3,0.34,0.52,0.3,0.1,0.0,2,0,1,1,1,2,0,2,0,22,2
549,3252,2,SM,1,1,1,1.03,0.38,0.91,0.3,0.43,0.32,0.6,0.3,0.0,2,0,1,1,1,2,0,2,0,22,2
549,3253,3,CAR,1,1,1,0.82,0.34,0.56,0.25,0.38,0.32,0.3,0.2,0.0,2,0,1,1,1,2,0,2,0,22,2
549,3254,2,SM,1,1,1,1.03,0.34,0.7,0.22,0.26,0.52,0.6,0.2,0.0,2,0,1,1,1,2,0,2,0,22,2
549,3255,2,SM,1,1,1,0.89,0.31,0.7,0.22,0.34,0.32,1.2,0.1,0.0,2,0,1,1,1,2,0,2,0,22,2
549,3256,3,CAR,1,1,1,0.82,0.38,0.56,0.3,0.43,0.4,1.2,0.1,0.0,2,0,1,1,1,2,0,2,0,22,2
549,3257,2,SM,1,1,1,0.82,0.38,0.7,0.22,0.28,0.4,0.3,0.3,0.0,2,0,1,1,1,2,0,2,0,22,2
549,3258,2,SM,1,1,1,1.03,0.31,0.56,0.25,0.32,0.4,0.6,0.1,0.0,2,0,1,1,1,2,0,2,0,22,2
550,3259,3,CAR,1,1,1,1.06,0.41,0.8,0.35,0.42,0.36,0.3,0.1,0.0,2,0,1,1,1,2,1,2,0,1,2
550,3260,2,SM,1,1,1,1.06,0.37,1.04,0.35,0.49,0.58,1.2,0.1,0.0,2,0,1,1,1,2,1,2,0,1,2
550,3261,2,SM,1,1,1,1.06,0.34,1.04,0.31,0.46,0.45,0.3,0.2,0.0,2,0,1,1,1,2,1,2,0,1,2
550,3262,3,CAR,1,1,1,0.85,0.34,0.64,0.31,0.46,0.58,0.6,0.3,0.0,2,0,1,1,1,2,1,2,0,1,2
550,3263,3,CAR,1,1,1,0.92,0.34,1.04,0.35,0.43,0.36,0.3,0.3,0.0,2,0,1,1,1,2,1,2,0,1,2
550,3264,3,CAR,1,1,1,0.92,0.37,0.64,0.31,0.38,0.45,0.3,0.1,0.0,2,0,1,1,1,2,1,2,0,1,2
550,3265,3,CAR,1,1,1,0.92,0.34,0.64,0.42,0.46,0.36,0.6,0.2,0.0,2,0,1,1,1,2,1,2,0,1,2
550,3266,3,CAR,1,1,1,1.06,0.37,0.64,0.42,0.49,0.58,0.3,0.3,0.0,2,0,1,1,1,2,1,2,0,1,2
550,3267,3,CAR,1,1,1,0.92,0.37,0.8,0.35,0.49,0.45,0.6,0.3,0.0,2,0,1,1,1,2,1,2,0,1,2
551,3268,3,CAR,1,1,1,2.12,1.32,1.2,0.42,0.43,0.48,0.3,0.1,0.0,2,0,1,1,1,2,1,2,0,2,17
551,3269,2,SM,1,1,1,2.12,1.28,1.56,0.42,0.49,0.78,1.2,0.1,0.0,2,0,1,1,1,2,1,2,0,2,17
551,3270,2,SM,1,1,1,2.12,1.25,1.56,0.38,0.45,0.6,0.3,0.2,0.0,2,0,1,1,1,2,1,2,0,2,17
551,3271,3,CAR,1,1,1,1.65,1.25,0.96,0.38,0.45,0.78,0.6,0.3,0.0,2,0,1,1,1,2,1,2,0,2,17
551,3272,2,SM,1,1,1,1.81,1.25,1.56,0.42,0.45,0.48,0.3,0.3,0.0,2,0,1,1,1,2,1,2,0,2,17
551,3273,3,CAR,1,1,1,1.81,1.28,0.96,0.38,0.4,0.6,0.3,0.1,0.0,2,0,1,1,1,2,1,2,0,2,17
551,3274,3,CAR,1,1,1,1.81,1.25,0.96,0.5,0.49,0.48,0.6,0.2,0.0,2,0,1,1,1,2,1,2,0,2,17
551,3275,3,CAR,1,1,1,2.12,1.28,0.96,0.5,0.5,0.78,0.3,0.3,0.0,2,0,1,1,1,2,1,2,0,2,17
551,3276,3,CAR,1,1,1,1.81,1.28,1.2,0.42,0.49,0.6,0.6,0.3,0.0,2,0,1,1,1,2,1,2,0,2,17
552,3277,2,SM,1,1,1,1.93,1.38,1.43,0.54,0.57,0.6,1.2,0.2,0.0,2,0,1,1,1,3,1,1,0,17,2
552,3278,2,SM,1,1,1,1.81,1.35,1.43,0.54,0.54,0.78,0.3,0.1,0.0,2,0,1,1,1,3,1,1,0,17,2
552,3279,2,SM,1,1,1,2.17,1.42,1.43,0.54,0.64,0.48,0.6,0.3,0.0,2,0,1,1,1,3,1,1,0,17,2
552,3280,3,CAR,1,1,1,1.81,1.38,0.88,0.45,0.56,0.48,0.3,0.2,0.0,2,0,1,1,1,3,1,1,0,17,2
552,3281,2,SM,1,1,1,2.17,1.38,1.1,0.4,0.45,0.78,0.6,0.2,0.0,2,0,1,1,1,3,1,1,0,17,2
552,3282,2,SM,1,1,1,1.93,1.35,1.1,0.4,0.52,0.48,1.2,0.1,0.0,2,0,1,1,1,3,1,1,0,17,2
552,3283,3,CAR,1,1,1,1.81,1.42,0.88,0.54,0.64,0.6,1.2,0.1,0.0,2,0,1,1,1,3,1,1,0,17,2
552,3284,2,SM,1,1,1,1.81,1.42,1.1,0.4,0.46,0.6,0.3,0.3,0.0,2,0,1,1,1,3,1,1,0,17,2
552,3285,3,CAR,1,1,1,2.17,1.35,0.88,0.45,0.5,0.6,0.6,0.1,0.0,2,0,1,1,1,3,1,1,0,17,2
553,3286,2,SM,1,1,1,2.33,0.96,1.7,0.53,0.58,0.84,0.3,0.1,0.0,2,0,1,1,1,3,1,2,0,1,22
553,3287,2,SM,1,1,1,2.33,0.88,2.21,0.53,0.72,1.36,1.2,0.1,0.0,2,0,1,1,1,3,1,2,0,1,22
553,3288,2,SM,1,1,1,2.33,0.82,2.21,0.48,0.66,1.05,0.3,0.2,0.0,2,0,1,1,1,3,1,2,0,1,22
553,3289,2,SM,1,1,1,1.77,0.82,1.36,0.48,0.66,1.36,0.6,0.3,0.0,2,0,1,1,1,3,1,2,0,1,22
553,3290,2,SM,1,1,1,1.96,0.82,2.21,0.53,0.64,0.84,0.3,0.3,0.0,2,0,1,1,1,3,1,2,0,1,22
553,3291,2,SM,1,1,1,1.96,0.88,1.36,0.48,0.54,1.05,0.3,0.1,0.0,2,0,1,1,1,3,1,2,0,1,22
553,3292,2,SM,1,1,1,1.96,0.82,1.36,0.64,0.66,0.84,0.6,0.2,0.0,2,0,1,1,1,3,1,2,0,1,22
553,3293,2,SM,1,1,1,2.33,0.88,1.36,0.64,0.72,1.36,0.3,0.3,0.0,2,0,1,1,1,3,1,2,0,1,22
553,3294,2,SM,1,1,1,1.96,0.88,1.7,0.53,0.72,1.05,0.6,0.3,0.0,2,0,1,1,1,3,1,2,0,1,22
554,3295,2,SM,1,1,1,1.25,0.48,1.0,0.46,0.49,0.6,1.2,0.3,0.0,2,0,1,1,1,3,1,3,0,2,1
554,3296,2,SM,1,1,1,0.96,0.51,1.3,0.34,0.4,0.48,1.2,0.3,0.0,2,0,1,1,1,3,1,3,0,2,1
554,3297,3,CAR,1,1,1,1.25,0.55,0.8,0.34,0.43,0.48,1.2,0.2,0.0,2,0,1,1,1,3,1,3,0,2,1
554,3298,2,SM,1,1,1,1.06,0.55,1.3,0.34,0.43,0.78,0.6,0.1,0.0,2,0,1,1,1,3,1,3,0,2,1
554,3299,3,CAR,1,1,1,1.06,0.55,0.8,0.38,0.43,0.78,1.2,0.3,0.0,2,0,1,1,1,3,1,3,0,2,1
554,3300,2,SM,1,1,1,0.96,0.55,1.3,0.38,0.43,0.6,0.6,0.2,0.0,2,0,1,1,1,3,1,3,0,2,1
554,3301,2,SM,1,1,1,0.96,0.51,1.0,0.46,0.52,0.48,0.6,0.1,0.0,2,0,1,1,1,3,1,3,0,2,1
554,3302,2,SM,1,1,1,0.96,0.48,1.0,0.38,0.46,0.78,1.2,0.2,0.0,2,0,1,1,1,3,1,3,0,2,1
554,3303,2,SM,1,1,1,1.06,0.55,1.0,0.46,0.58,0.78,0.3,0.2,0.0,2,0,1,1,1,3,1,3,0,2,1
555,3304,2,SM,1,1,1,2.64,0.85,2.2,0.77,0.82,1.45,1.2,0.3,0.0,2,0,1,1,1,4,1,2,0,25,9
555,3305,2,SM,1,1,1,2.01,0.93,2.86,0.58,0.66,1.16,1.2,0.3,0.0,2,0,1,1,1,4,1,2,0,25,9
555,3306,2,SM,1,1,1,2.64,1.03,1.76,0.58,0.72,1.16,1.2,0.2,0.0,2,0,1,1,1,4,1,2,0,25,9
555,3307,2,SM,1,1,1,2.22,1.03,2.86,0.58,0.72,1.88,0.6,0.1,0.0,2,0,1,1,1,4,1,2,0,25,9
555,3308,2,SM,1,1,1,2.22,1.03,1.76,0.64,0.72,1.88,1.2,0.3,0.0,2,0,1,1,1,4,1,2,0,25,9
555,3309,2,SM,1,1,1,2.01,1.03,2.86,0.64,0.72,1.45,0.6,0.2,0.0,2,0,1,1,1,4,1,2,0,25,9
555,3310,3,CAR,1,1,1,2.01,0.93,2.2,0.77,0.88,1.16,0.6,0.1,0.0,2,0,1,1,1,4,1,2,0,25,9
555,3311,2,SM,1,1,1,2.01,0.85,2.2,0.64,0.78,1.88,1.2,0.2,0.0,2,0,1,1,1,4,1,2,0,25,9
555,3312,2,SM,1,1,1,2.22,1.03,2.2,0.77,1.05,1.88,0.3,0.2,0.0,2,0,1,1,1,4,1,2,0,25,9
556,3313,2,SM,1,1,1,1.16,0.49,0.6,0.25,0.28,0.32,0.3,0.1,0.0,2,0,1,2,0,2,0,2,0,1,17
556,3314,2,SM,1,1,1,1.16,0.45,0.78,0.25,0.36,0.52,1.2,0.1,0.0,2,0,1,2,0,2,0,2,0,1,17
556,3315,2,SM,1,1,1,1.16,0.42,0.78,0.22,0.32,0.4,0.3,0.2,0.0,2,0,1,2,0,2,0,2,0,1,17
556,3316,1,TRAIN,1,1,1,0.89,0.42,0.48,0.22,0.32,0.52,0.6,0.3,0.0,2,0,1,2,0,2,0,2,0,1,17
556,3317,2,SM,1,1,1,0.98,0.42,0.78,0.25,0.31,0.32,0.3,0.3,0.0,2,0,1,2,0,2,0,2,0,1,17
556,3318,2,SM,1,1,1,0.98,0.45,0.48,0.22,0.26,0.4,0.3,0.1,0.0,2,0,1,2,0,2,0,2,0,1,17
556,3319,2,SM,1,1,1,0.98,0.42,0.48,0.3,0.34,0.32,0.6,0.2,0.0,2,0,1,2,0,2,0,2,0,1,17
556,3320,2,SM,1,1,1,1.16,0.45,0.48,0.3,0.36,0.52,0.3,0.3,0.0,2,0,1,2,0,2,0,2,0,1,17
556,3321,3,CAR,1,1,1,0.98,0.45,0.6,0.25,0.36,0.4,0.6,0.3,0.0,2,0,1,2,0,2,0,2,0,1,17
557,3322,2,SM,1,1,1,2.14,0.61,1.4,0.62,0.66,0.75,1.2,0.3,0.0,2,0,1,2,0,2,1,2,0,2,17
557,3323,2,SM,1,1,1,1.63,0.67,1.82,0.47,0.53,0.6,1.2,0.3,0.0,2,0,1,2,0,2,1,2,0,2,17
557,3324,3,CAR,1,1,1,2.14,0.75,1.12,0.47,0.56,0.6,1.2,0.2,0.0,2,0,1,2,0,2,1,2,0,2,17
557,3325,2,SM,1,1,1,1.8,0.75,1.82,0.47,0.56,0.97,0.6,0.1,0.0,2,0,1,2,0,2,1,2,0,2,17
557,3326,2,SM,1,1,1,1.8,0.75,1.12,0.52,0.57,0.97,1.2,0.3,0.0,2,0,1,2,0,2,1,2,0,2,17
557,3327,2,SM,1,1,1,1.63,0.75,1.82,0.52,0.57,0.75,0.6,0.2,0.0,2,0,1,2,0,2,1,2,0,2,17
557,3328,2,SM,1,1,1,1.63,0.67,1.4,0.62,0.7,0.6,0.6,0.1,0.0,2,0,1,2,0,2,1,2,0,2,17
557,3329,2,SM,1,1,1,1.63,0.61,1.4,0.52,0.62,0.97,1.2,0.2,0.0,2,0,1,2,0,2,1,2,0,2,17
557,3330,2,SM,1,1,1,1.8,0.75,1.4,0.62,0.8,0.97,0.3,0.2,0.0,2,0,1,2,0,2,1,2,0,2,17
558,3331,2,SM,1,1,1,1.99,0.91,2.21,0.65,0.74,0.95,1.2,0.2,0.0,2,0,1,2,0,2,1,2,0,22,1
558,3332,2,SM,1,1,1,1.8,0.85,2.21,0.65,0.7,1.23,0.3,0.1,0.0,2,0,1,2,0,2,1,2,0,22,1
558,3333,3,CAR,1,1,1,2.37,0.99,2.21,0.65,0.86,0.76,0.6,0.3,0.0,2,0,1,2,0,2,1,2,0,22,1
558,3334,2,SM,1,1,1,1.8,0.91,1.36,0.54,0.74,0.76,0.3,0.2,0.0,2,0,1,2,0,2,1,2,0,22,1
558,3335,2,SM,1,1,1,2.37,0.91,1.7,0.49,0.57,1.23,0.6,0.2,0.0,2,0,1,2,0,2,1,2,0,22,1
558,3336,2,SM,1,1,1,1.99,0.85,1.7,0.49,0.7,0.76,1.2,0.1,0.0,2,0,1,2,0,2,1,2,0,22,1
558,3337,2,SM,1,1,1,1.8,0.99,1.36,0.65,0.86,0.95,1.2,0.1,0.0,2,0,1,2,0,2,1,2,0,22,1
558,3338,2,SM,1,1,1,1.8,0.99,1.7,0.49,0.62,0.95,0.3,0.3,0.0,2,0,1,2,0,2,1,2,0,22,1
558,3339,2,SM,1,1,1,2.37,0.85,1.36,0.54,0.64,0.95,0.6,0.1,0.0,2,0,1,2,0,2,1,2,0,22,1
559,3340,2,SM,1,1,1,1.3,0.52,1.0,0.48,0.5,0.6,1.2,0.3,0.0,2,0,1,2,0,2,1,3,0,2,1
559,3341,2,SM,1,1,1,1.0,0.55,1.3,0.36,0.42,0.48,1.2,0.3,0.0,2,0,1,2,0,2,1,3,0,2,1
559,3342,2,SM,1,1,1,1.3,0.59,0.8,0.36,0.43,0.48,1.2,0.2,0.0,2,0,1,2,0,2,1,3,0,2,1
559,3343,2,SM,1,1,1,1.1,0.59,1.3,0.36,0.43,0.78,0.6,0.1,0.0,2,0,1,2,0,2,1,3,0,2,1
559,3344,2,SM,1,1,1,1.1,0.59,0.8,0.4,0.45,0.78,1.2,0.3,0.0,2,0,1,2,0,2,1,3,0,2,1
559,3345,2,SM,1,1,1,1.0,0.59,1.3,0.4,0.45,0.6,0.6,0.2,0.0,2,0,1,2,0,2,1,3,0,2,1
559,3346,2,SM,1,1,1,1.0,0.55,1.0,0.48,0.53,0.48,0.6,0.1,0.0,2,0,1,2,0,2,1,3,0,2,1
559,3347,2,SM,1,1,1,1.0,0.52,1.0,0.4,0.46,0.78,1.2,0.2,0.0,2,0,1,2,0,2,1,3,0,2,1
559,3348,1,TRAIN,1,1,1,1.1,0.59,1.0,0.48,0.62,0.78,0.3,0.2,0.0,2,0,1,2,0,2,1,3,0,2,1
560,3349,2,SM,1,1,1,1.74,0.61,1.82,0.59,0.66,0.8,1.2,0.2,0.0,2,0,1,2,0,2,1,3,0,2,17
560,3350,2,SM,1,1,1,1.59,0.55,1.82,0.59,0.64,1.04,0.3,0.1,0.0,2,0,1,2,0,2,1,3,0,2,17
560,3351,2,SM,1,1,1,2.05,0.69,1.82,0.59,0.8,0.64,0.6,0.3,0.0,2,0,1,2,0,2,1,3,0,2,17
560,3352,3,CAR,1,1,1,1.59,0.61,1.12,0.49,0.7,0.64,0.3,0.2,0.0,2,0,1,2,0,2,1,3,0,2,17
560,3353,2,SM,1,1,1,2.05,0.61,1.4,0.44,0.52,1.04,0.6,0.2,0.0,2,0,1,2,0,2,1,3,0,2,17
560,3354,2,SM,1,1,1,1.74,0.55,1.4,0.44,0.64,0.64,1.2,0.1,0.0,2,0,1,2,0,2,1,3,0,2,17
560,3355,3,CAR,1,1,1,1.59,0.69,1.12,0.59,0.8,0.8,1.2,0.1,0.0,2,0,1,2,0,2,1,3,0,2,17
560,3356,2,SM,1,1,1,1.59,0.69,1.4,0.44,0.54,0.8,0.3,0.3,0.0,2,0,1,2,0,2,1,3,0,2,17
560,3357,3,CAR,1,1,1,2.05,0.55,1.12,0.49,0.58,0.8,0.6,0.1,0.0,2,0,1,2,0,2,1,3,0,2,17
561,3358,2,SM,1,1,1,2.12,1.46,1.8,0.49,0.53,0.76,0.3,0.1,0.0,2,0,1,2,0,3,1,2,0,22,1
561,3359,2,SM,1,1,1,2.12,1.42,2.34,0.49,0.62,1.23,1.2,0.1,0.0,2,0,1,2,0,3,1,2,0,22,1
561,3360,2,SM,1,1,1,2.12,1.39,2.34,0.44,0.56,0.95,0.3,0.2,0.0,2,0,1,2,0,3,1,2,0,22,1
561,3361,3,CAR,1,1,1,1.71,1.39,1.44,0.44,0.56,1.23,0.6,0.3,0.0,2,0,1,2,0,3,1,2,0,22,1
561,3362,2,SM,1,1,1,1.85,1.39,2.34,0.49,0.54,0.76,0.3,0.3,0.0,2,0,1,2,0,3,1,2,0,22,1
561,3363,3,CAR,1,1,1,1.85,1.42,1.44,0.44,0.49,0.95,0.3,0.1,0.0,2,0,1,2,0,3,1,2,0,22,1
561,3364,2,SM,1,1,1,1.85,1.39,1.44,0.59,0.62,0.76,0.6,0.2,0.0,2,0,1,2,0,3,1,2,0,22,1
561,3365,2,SM,1,1,1,2.12,1.42,1.44,0.59,0.64,1.23,0.3,0.3,0.0,2,0,1,2,0,3,1,2,0,22,1
561,3366,2,SM,1,1,1,1.85,1.42,1.8,0.49,0.62,0.95,0.6,0.3,0.0,2,0,1,2,0,3,1,2,0,22,1
562,3367,2,SM,1,1,1,1.03,0.31,0.9,0.3,0.34,0.55,1.2,0.3,0.0,2,0,1,2,0,3,1,3,0,22,2
562,3368,2,SM,1,1,1,0.82,0.34,1.17,0.22,0.26,0.44,1.2,0.3,0.0,2,0,1,2,0,3,1,3,0,22,2
562,3369,3,CAR,1,1,1,1.03,0.38,0.72,0.22,0.28,0.44,1.2,0.2,0.0,2,0,1,2,0,3,1,3,0,22,2
562,3370,2,SM,1,1,1,0.89,0.38,1.17,0.22,0.28,0.71,0.6,0.1,0.0,2,0,1,2,0,3,1,3,0,22,2
562,3371,3,CAR,1,1,1,0.89,0.38,0.72,0.25,0.29,0.71,1.2,0.3,0.0,2,0,1,2,0,3,1,3,0,22,2
562,3372,2,SM,1,1,1,0.82,0.38,1.17,0.25,0.29,0.55,0.6,0.2,0.0,2,0,1,2,0,3,1,3,0,22,2
562,3373,2,SM,1,1,1,0.82,0.34,0.9,0.3,0.38,0.44,0.6,0.1,0.0,2,0,1,2,0,3,1,3,0,22,2
562,3374,2,SM,1,1,1,0.82,0.31,0.9,0.25,0.32,0.71,1.2,0.2,0.0,2,0,1,2,0,3,1,3,0,22,2
562,3375,1,TRAIN,1,1,1,0.89,0.38,0.9,0.3,0.43,0.71,0.3,0.2,0.0,2,0,1,2,0,3,1,3,0,22,2
563,3376,2,SM,1,1,1,1.56,0.74,1.1,0.5,0.52,0.65,1.2,0.3,0.0,2,0,1,2,0,2,1,2,0,17,2
563,3377,2,SM,1,1,1,1.2,0.77,1.43,0.38,0.43,0.52,1.2,0.3,0.0,2,0,1,2,0,2,1,2,0,17,2
563,3378,3,CAR,1,1,1,1.56,0.81,0.88,0.38,0.45,0.52,1.2,0.2,0.0,2,0,1,2,0,2,1,2,0,17,2
563,3379,2,SM,1,1,1,1.32,0.81,1.43,0.38,0.45,0.84,0.6,0.1,0.0,2,0,1,2,0,2,1,2,0,17,2
563,3380,2,SM,1,1,1,1.32,0.81,0.88,0.42,0.46,0.84,1.2,0.3,0.0,2,0,1,2,0,2,1,2,0,17,2
563,3381,2,SM,1,1,1,1.2,0.81,1.43,0.42,0.46,0.65,0.6,0.2,0.0,2,0,1,2,0,2,1,2,0,17,2
563,3382,2,SM,1,1,1,1.2,0.77,1.1,0.5,0.54,0.52,0.6,0.1,0.0,2,0,1,2,0,2,1,2,0,17,2
563,3383,2,SM,1,1,1,1.2,0.74,1.1,0.42,0.49,0.84,1.2,0.2,0.0,2,0,1,2,0,2,1,2,0,17,2
563,3384,2,SM,1,1,1,1.32,0.81,1.1,0.5,0.62,0.84,0.3,0.2,0.0,2,0,1,2,0,2,1,2,0,17,2
564,3385,3,CAR,1,1,1,1.64,1.15,1.3,0.52,0.54,0.55,1.2,0.2,0.0,2,0,1,2,0,2,1,3,0,2,1
564,3386,2,SM,1,1,1,1.52,1.12,1.3,0.52,0.53,0.71,0.3,0.1,0.0,2,0,1,2,0,2,1,3,0,2,1
564,3387,3,CAR,1,1,1,1.89,1.19,1.3,0.52,0.64,0.44,0.6,0.3,0.0,2,0,1,2,0,2,1,3,0,2,1
564,3388,3,CAR,1,1,1,1.52,1.15,0.8,0.43,0.54,0.44,0.3,0.2,0.0,2,0,1,2,0,2,1,3,0,2,1
564,3389,2,SM,1,1,1,1.89,1.15,1.0,0.39,0.43,0.71,0.6,0.2,0.0,2,0,1,2,0,2,1,3,0,2,1
564,3390,2,SM,1,1,1,1.64,1.12,1.0,0.39,0.52,0.44,1.2,0.1,0.0,2,0,1,2,0,2,1,3,0,2,1
564,3391,3,CAR,1,1,1,1.52,1.19,0.8,0.52,0.64,0.55,1.2,0.1,0.0,2,0,1,2,0,2,1,3,0,2,1
564,3392,2,SM,1,1,1,1.52,1.19,1.0,0.39,0.46,0.55,0.3,0.3,0.0,2,0,1,2,0,2,1,3,0,2,1
564,3393,3,CAR,1,1,1,1.89,1.12,0.8,0.43,0.49,0.55,0.6,0.1,0.0,2,0,1,2,0,2,1,3,0,2,1
565,3394,3,CAR,1,1,1,1.49,0.75,1.1,0.42,0.46,0.56,0.3,0.1,0.0,2,0,1,2,1,2,1,1,0,17,2
565,3395,2,SM,1,1,1,1.49,0.71,1.43,0.42,0.54,0.91,1.2,0.1,0.0,2,0,1,2,1,2,1,1,0,17,2
565,3396,2,SM,1,1,1,1.49,0.68,1.43,0.38,0.5,0.7,0.3,0.2,0.0,2,0,1,2,1,2,1,1,0,17,2
565,3397,3,CAR,1,1,1,1.14,0.68,0.88,0.38,0.5,0.91,0.6,0.3,0.0,2,0,1,2,1,2,1,1,0,17,2
565,3398,2,SM,1,1,1,1.26,0.68,1.43,0.42,0.49,0.56,0.3,0.3,0.0,2,0,1,2,1,2,1,1,0,17,2
565,3399,3,CAR,1,1,1,1.26,0.71,0.88,0.38,0.43,0.7,0.3,0.1,0.0,2,0,1,2,1,2,1,1,0,17,2
565,3400,3,CAR,1,1,1,1.26,0.68,0.88,0.5,0.52,0.56,0.6,0.2,0.0,2,0,1,2,1,2,1,1,0,17,2
565,3401,3,CAR,1,1,1,1.49,0.71,0.88,0.5,0.54,0.91,0.3,0.3,0.0,2,0,1,2,1,2,1,1,0,17,2
565,3402,3,CAR,1,1,1,1.26,0.71,1.1,0.42,0.54,0.7,0.6,0.3,0.0,2,0,1,2,1,2,1,1,0,17,2
566,3403,2,SM,1,1,1,2.45,0.97,1.6,0.65,0.72,1.05,1.2,0.3,0.0,2,0,1,2,1,2,1,2,0,1,22
566,3404,2,SM,1,1,1,1.94,1.03,2.08,0.49,0.57,0.84,1.2,0.3,0.0,2,0,1,2,1,2,1,2,0,1,22
566,3405,2,SM,1,1,1,2.45,1.11,1.28,0.49,0.62,0.84,1.2,0.2,0.0,2,0,1,2,1,2,1,2,0,1,22
566,3406,2,SM,1,1,1,2.11,1.11,2.08,0.49,0.62,1.36,0.6,0.1,0.0,2,0,1,2,1,2,1,2,0,1,22
566,3407,2,SM,1,1,1,2.11,1.11,1.28,0.54,0.62,1.36,1.2,0.3,0.0,2,0,1,2,1,2,1,2,0,1,22
566,3408,2,SM,1,1,1,1.94,1.11,2.08,0.54,0.62,1.05,0.6,0.2,0.0,2,0,1,2,1,2,1,2,0,1,22
566,3409,2,SM,1,1,1,1.94,1.03,1.6,0.65,0.74,0.84,0.6,0.1,0.0,2,0,1,2,1,2,1,2,0,1,22
566,3410,2,SM,1,1,1,1.94,0.97,1.6,0.54,0.66,1.36,1.2,0.2,0.0,2,0,1,2,1,2,1,2,0,1,22
566,3411,2,SM,1,1,1,2.11,1.11,1.6,0.65,0.86,1.36,0.3,0.2,0.0,2,0,1,2,1,2,1,2,0,1,22
567,3412,2,SM,1,1,1,1.08,0.53,1.3,0.5,0.54,0.65,1.2,0.2,0.0,2,0,1,2,1,2,1,2,0,2,1
567,3413,2,SM,1,1,1,0.98,0.5,1.3,0.5,0.52,0.84,0.3,0.1,0.0,2,0,1,2,1,2,1,2,0,2,1
567,3414,2,SM,1,1,1,1.28,0.57,1.3,0.5,0.62,0.52,0.6,0.3,0.0,2,0,1,2,1,2,1,2,0,2,1
567,3415,3,CAR,1,1,1,0.98,0.53,0.8,0.42,0.54,0.52,0.3,0.2,0.0,2,0,1,2,1,2,1,2,0,2,1
567,3416,2,SM,1,1,1,1.28,0.53,1.0,0.38,0.43,0.84,0.6,0.2,0.0,2,0,1,2,1,2,1,2,0,2,1
567,3417,3,CAR,1,1,1,1.08,0.5,1.0,0.38,0.5,0.52,1.2,0.1,0.0,2,0,1,2,1,2,1,2,0,2,1
567,3418,3,CAR,1,1,1,0.98,0.57,0.8,0.5,0.62,0.65,1.2,0.1,0.0,2,0,1,2,1,2,1,2,0,2,1
567,3419,3,CAR,1,1,1,0.98,0.57,1.0,0.38,0.45,0.65,0.3,0.3,0.0,2,0,1,2,1,2,1,2,0,2,1
567,3420,3,CAR,1,1,1,1.28,0.5,0.8,0.42,0.49,0.65,0.6,0.1,0.0,2,0,1,2,1,2,1,2,0,2,1
568,3421,3,CAR,1,1,1,1.59,0.84,1.1,0.42,0.46,0.44,0.3,0.1,0.0,2,0,1,2,1,2,1,2,0,2,1
568,3422,2,SM,1,1,1,1.59,0.8,1.43,0.42,0.53,0.71,1.2,0.1,0.0,2,0,1,2,1,2,1,2,0,2,1
568,3423,2,SM,1,1,1,1.59,0.77,1.43,0.38,0.5,0.55,0.3,0.2,0.0,2,0,1,2,1,2,1,2,0,2,1
568,3424,3,CAR,1,1,1,1.23,0.77,0.88,0.38,0.5,0.71,0.6,0.3,0.0,2,0,1,2,1,2,1,2,0,2,1
568,3425,2,SM,1,1,1,1.35,0.77,1.43,0.42,0.48,0.44,0.3,0.3,0.0,2,0,1,2,1,2,1,2,0,2,1
568,3426,3,CAR,1,1,1,1.35,0.8,0.88,0.38,0.43,0.55,0.3,0.1,0.0,2,0,1,2,1,2,1,2,0,2,1
568,3427,3,CAR,1,1,1,1.35,0.77,0.88,0.5,0.52,0.44,0.6,0.2,0.0,2,0,1,2,1,2,1,2,0,2,1
568,3428,3,CAR,1,1,1,1.59,0.8,0.88,0.5,0.53,0.71,0.3,0.3,0.0,2,0,1,2,1,2,1,2,0,2,1
568,3429,2,SM,1,1,1,1.35,0.8,1.1,0.42,0.53,0.55,0.6,0.3,0.0,2,0,1,2,1,2,1,2,0,2,1
569,3430,2,SM,1,1,1,2.05,0.69,1.5,0.49,0.56,0.68,0.3,0.1,0.0,2,0,1,2,1,2,1,2,0,2,17
569,3431,2,SM,1,1,1,2.05,0.61,1.95,0.49,0.7,1.1,1.2,0.1,0.0,2,0,1,2,1,2,1,2,0,2,17
569,3432,2,SM,1,1,1,2.05,0.55,1.95,0.44,0.64,0.85,0.3,0.2,0.0,2,0,1,2,1,2,1,2,0,2,17
569,3433,2,SM,1,1,1,1.59,0.55,1.2,0.44,0.64,1.1,0.6,0.3,0.0,2,0,1,2,1,2,1,2,0,2,17
569,3434,2,SM,1,1,1,1.74,0.55,1.95,0.49,0.58,0.68,0.3,0.3,0.0,2,0,1,2,1,2,1,2,0,2,17
569,3435,2,SM,1,1,1,1.74,0.61,1.2,0.44,0.52,0.85,0.3,0.1,0.0,2,0,1,2,1,2,1,2,0,2,17
569,3436,2,SM,1,1,1,1.74,0.55,1.2,0.59,0.64,0.68,0.6,0.2,0.0,2,0,1,2,1,2,1,2,0,2,17
569,3437,2,SM,1,1,1,2.05,0.61,1.2,0.59,0.66,1.1,0.3,0.3,0.0,2,0,1,2,1,2,1,2,0,2,17
569,3438,2,SM,1,1,1,1.74,0.61,1.5,0.49,0.7,0.85,0.6,0.3,0.0,2,0,1,2,1,2,1,2,0,2,17
570,3439,2,SM,1,1,1,2.33,1.49,1.4,0.5,0.54,0.64,0.3,0.1,0.0,2,0,1,2,1,2,1,2,0,2,17
570,3440,2,SM,1,1,1,2.33,1.45,1.82,0.5,0.64,1.04,1.2,0.1,0.0,2,0,1,2,1,2,1,2,0,2,17
570,3441,2,SM,1,1,1,2.33,1.42,1.82,0.45,0.58,0.8,0.3,0.2,0.0,2,0,1,2,1,2,1,2,0,2,17
570,3442,3,CAR,1,1,1,1.77,1.42,1.12,0.45,0.58,1.04,0.6,0.3,0.0,2,0,1,2,1,2,1,2,0,2,17
570,3443,2,SM,1,1,1,1.96,1.42,1.82,0.5,0.57,0.64,0.3,0.3,0.0,2,0,1,2,1,2,1,2,0,2,17
570,3444,3,CAR,1,1,1,1.96,1.45,1.12,0.45,0.5,0.8,0.3,0.1,0.0,2,0,1,2,1,2,1,2,0,2,17
570,3445,3,CAR,1,1,1,1.96,1.42,1.12,0.6,0.62,0.64,0.6,0.2,0.0,2,0,1,2,1,2,1,2,0,2,17
570,3446,3,CAR,1,1,1,2.33,1.45,1.12,0.6,0.64,1.04,0.3,0.3,0.0,2,0,1,2,1,2,1,2,0,2,17
570,3447,2,SM,1,1,1,1.96,1.45,1.4,0.5,0.64,0.8,0.6,0.3,0.0,2,0,1,2,1,2,1,2,0,2,17
571,3448,2,SM,1,1,1,1.93,0.5,1.7,0.62,0.66,1.25,1.2,0.3,0.0,2,0,1,2,1,2,1,3,0,22,1
571,3449,2,SM,1,1,1,1.5,0.56,2.21,0.47,0.53,1.0,1.2,0.3,0.0,2,0,1,2,1,2,1,3,0,22,1
571,3450,3,CAR,1,1,1,1.93,0.64,1.36,0.47,0.57,1.0,1.2,0.2,0.0,2,0,1,2,1,2,1,3,0,22,1
571,3451,2,SM,1,1,1,1.64,0.64,2.21,0.47,0.57,1.62,0.6,0.1,0.0,2,0,1,2,1,2,1,3,0,22,1
571,3452,2,SM,1,1,1,1.64,0.64,1.36,0.52,0.57,1.62,1.2,0.3,0.0,2,0,1,2,1,2,1,3,0,22,1
571,3453,2,SM,1,1,1,1.5,0.64,2.21,0.52,0.57,1.25,0.6,0.2,0.0,2,0,1,2,1,2,1,3,0,22,1
571,3454,3,CAR,1,1,1,1.5,0.56,1.7,0.62,0.7,1.0,0.6,0.1,0.0,2,0,1,2,1,2,1,3,0,22,1
571,3455,2,SM,1,1,1,1.5,0.5,1.7,0.52,0.62,1.62,1.2,0.2,0.0,2,0,1,2,1,2,1,3,0,22,1
571,3456,2,SM,1,1,1,1.64,0.64,1.7,0.62,0.82,1.62,0.3,0.2,0.0,2,0,1,2,1,2,1,3,0,22,1
572,3457,2,SM,1,1,1,2.4,0.91,2.0,0.64,0.7,1.25,1.2,0.3,0.0,2,0,1,2,1,3,0,3,0,22,1
572,3458,2,SM,1,1,1,1.88,0.97,2.6,0.48,0.56,1.0,1.2,0.3,0.0,2,0,1,2,1,3,0,3,0,22,1
572,3459,2,SM,1,1,1,2.4,1.05,1.6,0.48,0.58,1.0,1.2,0.2,0.0,2,0,1,2,1,3,0,3,0,22,1
572,3460,2,SM,1,1,1,2.05,1.05,2.6,0.48,0.58,1.62,0.6,0.1,0.0,2,0,1,2,1,3,0,3,0,22,1
572,3461,2,SM,1,1,1,2.05,1.05,1.6,0.53,0.62,1.62,1.2,0.3,0.0,2,0,1,2,1,3,0,3,0,22,1
572,3462,2,SM,1,1,1,1.88,1.05,2.6,0.53,0.62,1.25,0.6,0.2,0.0,2,0,1,2,1,3,0,3,0,22,1
572,3463,2,SM,1,1,1,1.88,0.97,2.0,0.64,0.72,1.0,0.6,0.1,0.0,2,0,1,2,1,3,0,3,0,22,1
572,3464,2,SM,1,1,1,1.88,0.91,2.0,0.53,0.64,1.62,1.2,0.2,0.0,2,0,1,2,1,3,0,3,0,22,1
572,3465,2,SM,1,1,1,2.05,1.05,2.0,0.64,0.86,1.62,0.3,0.2,0.0,2,0,1,2,1,3,0,3,0,22,1
573,3466,2,SM,1,1,1,2.11,1.28,1.3,0.46,0.49,0.52,0.3,0.1,0.0,2,0,1,2,1,3,1,2,0,1,2
573,3467,2,SM,1,1,1,2.11,1.24,1.69,0.46,0.57,0.84,1.2,0.1,0.0,2,0,1,2,1,3,1,2,0,1,2
573,3468,2,SM,1,1,1,2.11,1.21,1.69,0.41,0.53,0.65,0.3,0.2,0.0,2,0,1,2,1,3,1,2,0,1,2
573,3469,1,TRAIN,1,1,1,1.58,1.21,1.04,0.41,0.53,0.84,0.6,0.3,0.0,2,0,1,2,1,3,1,2,0,1,2
573,3470,2,SM,1,1,1,1.76,1.21,1.69,0.46,0.52,0.52,0.3,0.3,0.0,2,0,1,2,1,3,1,2,0,1,2
573,3471,2,SM,1,1,1,1.76,1.24,1.04,0.41,0.46,0.65,0.3,0.1,0.0,2,0,1,2,1,3,1,2,0,1,2
573,3472,2,SM,1,1,1,1.76,1.21,1.04,0.55,0.56,0.52,0.6,0.2,0.0,2,0,1,2,1,3,1,2,0,1,2
573,3473,2,SM,1,1,1,2.11,1.24,1.04,0.55,0.58,0.84,0.3,0.3,0.0,2,0,1,2,1,3,1,2,0,1,2
573,3474,2,SM,1,1,1,1.76,1.24,1.3,0.46,0.57,0.65,0.6,0.3,0.0,2,0,1,2,1,3,1,2,0,1,2
574,3475,1,TRAIN,1,1,1,1.05,0.5,1.04,0.43,0.5,0.65,1.2,0.2,0.0,2,0,1,2,1,3,1,2,0,1,2
574,3476,2,SM,1,1,1,0.95,0.47,1.04,0.43,0.48,0.84,0.3,0.1,0.0,2,0,1,2,1,3,1,2,0,1,2
574,3477,3,CAR,1,1,1,1.24,0.54,1.04,0.43,0.57,0.52,0.6,0.3,0.0,2,0,1,2,1,3,1,2,0,1,2
574,3478,3,CAR,1,1,1,0.95,0.5,0.64,0.36,0.5,0.52,0.3,0.2,0.0,2,0,1,2,1,3,1,2,0,1,2
574,3479,2,SM,1,1,1,1.24,0.5,0.8,0.32,0.38,0.84,0.6,0.2,0.0,2,0,1,2,1,3,1,2,0,1,2
574,3480,3,CAR,1,1,1,1.05,0.47,0.8,0.32,0.48,0.52,1.2,0.1,0.0,2,0,1,2,1,3,1,2,0,1,2
574,3481,3,CAR,1,1,1,0.95,0.54,0.64,0.43,0.57,0.65,1.2,0.1,0.0,2,0,1,2,1,3,1,2,0,1,2
574,3482,3,CAR,1,1,1,0.95,0.54,0.8,0.32,0.42,0.65,0.3,0.3,0.0,2,0,1,2,1,3,1,2,0,1,2
574,3483,3,CAR,1,1,1,1.24,0.47,0.64,0.36,0.45,0.65,0.6,0.1,0.0,2,0,1,2,1,3,1,2,0,1,2
575,3484,3,CAR,1,1,1,1.31,0.6,0.9,0.38,0.43,0.4,0.3,0.1,0.0,2,0,1,2,1,3,1,2,0,2,1
575,3485,2,SM,1,1,1,1.31,0.56,1.17,0.38,0.52,0.65,1.2,0.1,0.0,2,0,1,2,1,3,1,2,0,2,1
575,3486,3,CAR,1,1,1,1.31,0.53,1.17,0.34,0.48,0.5,0.3,0.2,0.0,2,0,1,2,1,3,1,2,0,2,1
575,3487,2,SM,1,1,1,1.01,0.53,0.72,0.34,0.48,0.65,0.6,0.3,0.0,2,0,1,2,1,3,1,2,0,2,1
575,3488,2,SM,1,1,1,1.11,0.53,1.17,0.38,0.46,0.4,0.3,0.3,0.0,2,0,1,2,1,3,1,2,0,2,1
575,3489,2,SM,1,1,1,1.11,0.56,0.72,0.34,0.4,0.5,0.3,0.1,0.0,2,0,1,2,1,3,1,2,0,2,1
575,3490,2,SM,1,1,1,1.11,0.53,0.72,0.46,0.49,0.4,0.6,0.2,0.0,2,0,1,2,1,3,1,2,0,2,1
575,3491,3,CAR,1,1,1,1.31,0.56,0.72,0.46,0.52,0.65,0.3,0.3,0.0,2,0,1,2,1,3,1,2,0,2,1
575,3492,3,CAR,1,1,1,1.11,0.56,0.9,0.38,0.52,0.5,0.6,0.3,0.0,2,0,1,2,1,3,1,2,0,2,1
576,3493,3,CAR,1,1,1,2.81,1.76,2.7,0.79,0.8,1.8,1.2,0.3,0.0,2,0,1,2,1,3,1,2,0,22,18
576,3494,3,CAR,1,1,1,2.11,1.79,3.51,0.59,0.66,1.44,1.2,0.3,0.0,2,0,1,2,1,3,1,2,0,22,18
576,3495,3,CAR,1,1,1,2.81,1.83,2.16,0.59,0.66,1.44,1.2,0.2,0.0,2,0,1,2,1,3,1,2,0,22,18
576,3496,3,CAR,1,1,1,2.34,1.83,3.51,0.59,0.66,2.34,0.6,0.1,0.0,2,0,1,2,1,3,1,2,0,22,18
576,3497,3,CAR,1,1,1,2.34,1.83,2.16,0.66,0.7,2.34,1.2,0.3,0.0,2,0,1,2,1,3,1,2,0,22,18
576,3498,3,CAR,1,1,1,2.11,1.83,3.51,0.66,0.7,1.8,0.6,0.2,0.0,2,0,1,2,1,3,1,2,0,22,18
576,3499,3,CAR,1,1,1,2.11,1.79,2.7,0.79,0.82,1.44,0.6,0.1,0.0,2,0,1,2,1,3,1,2,0,22,18
576,3500,3,CAR,1,1,1,2.11,1.76,2.7,0.66,0.72,2.34,1.2,0.2,0.0,2,0,1,2,1,3,1,2,0,22,18
576,3501,3,CAR,1,1,1,2.34,1.83,2.7,0.79,0.91,2.34,0.3,0.2,0.0,2,0,1,2,1,3,1,2,0,22,18
577,3502,3,CAR,1,1,1,1.84,1.09,1.3,0.48,0.52,0.64,0.3,0.1,0.0,2,0,1,2,1,3,1,3,0,1,2
577,3503,2,SM,1,1,1,1.84,1.05,1.69,0.48,0.62,1.04,1.2,0.1,0.0,2,0,1,2,1,3,1,3,0,1,2
577,3504,2,SM,1,1,1,1.84,1.02,1.69,0.43,0.56,0.8,0.3,0.2,0.0,2,0,1,2,1,3,1,3,0,1,2
577,3505,3,CAR,1,1,1,1.44,1.02,1.04,0.43,0.56,1.04,0.6,0.3,0.0,2,0,1,2,1,3,1,3,0,1,2
577,3506,2,SM,1,1,1,1.57,1.02,1.69,0.48,0.54,0.64,0.3,0.3,0.0,2,0,1,2,1,3,1,3,0,1,2
577,3507,3,CAR,1,1,1,1.57,1.05,1.04,0.43,0.49,0.8,0.3,0.1,0.0,2,0,1,2,1,3,1,3,0,1,2
577,3508,3,CAR,1,1,1,1.57,1.02,1.04,0.58,0.58,0.64,0.6,0.2,0.0,2,0,1,2,1,3,1,3,0,1,2
577,3509,3,CAR,1,1,1,1.84,1.05,1.04,0.58,0.62,1.04,0.3,0.3,0.0,2,0,1,2,1,3,1,3,0,1,2
577,3510,3,CAR,1,1,1,1.57,1.05,1.3,0.48,0.62,0.8,0.6,0.3,0.0,2,0,1,2,1,3,1,3,0,1,2
578,3511,3,CAR,1,1,1,2.55,1.09,1.6,0.54,0.62,0.88,0.3,0.1,0.0,2,0,1,2,1,3,1,3,0,2,17
578,3512,3,CAR,1,1,1,2.55,1.01,2.08,0.54,0.72,1.43,1.2,0.1,0.0,2,0,1,2,1,3,1,3,0,2,17
578,3513,3,CAR,1,1,1,2.55,0.95,2.08,0.49,0.66,1.1,0.3,0.2,0.0,2,0,1,2,1,3,1,3,0,2,17
578,3514,3,CAR,1,1,1,1.94,0.95,1.28,0.49,0.66,1.43,0.6,0.3,0.0,2,0,1,2,1,3,1,3,0,2,17
578,3515,3,CAR,1,1,1,2.14,0.95,2.08,0.54,0.64,0.88,0.3,0.3,0.0,2,0,1,2,1,3,1,3,0,2,17
578,3516,3,CAR,1,1,1,2.14,1.01,1.28,0.49,0.56,1.1,0.3,0.1,0.0,2,0,1,2,1,3,1,3,0,2,17
578,3517,3,CAR,1,1,1,2.14,0.95,1.28,0.65,0.7,0.88,0.6,0.2,0.0,2,0,1,2,1,3,1,3,0,2,17
578,3518,3,CAR,1,1,1,2.55,1.01,1.28,0.65,0.72,1.43,0.3,0.3,0.0,2,0,1,2,1,3,1,3,0,2,17
578,3519,3,CAR,1,1,1,2.14,1.01,1.6,0.54,0.72,1.1,0.6,0.3,0.0,2,0,1,2,1,3,1,3,0,2,17
579,3520,2,SM,1,1,1,2.25,1.15,1.5,0.58,0.58,0.9,1.2,0.3,0.0,2,0,1,2,1,4,1,3,0,2,25
579,3521,2,SM,1,1,1,1.81,1.2,1.95,0.43,0.49,0.72,1.2,0.3,0.0,2,0,1,2,1,4,1,3,0,2,25
579,3522,3,CAR,1,1,1,2.25,1.26,1.2,0.43,0.5,0.72,1.2,0.2,0.0,2,0,1,2,1,4,1,3,0,2,25
579,3523,2,SM,1,1,1,1.96,1.26,1.95,0.43,0.5,1.17,0.6,0.1,0.0,2,0,1,2,1,4,1,3,0,2,25
579,3524,3,CAR,1,1,1,1.96,1.26,1.2,0.48,0.52,1.17,1.2,0.3,0.0,2,0,1,2,1,4,1,3,0,2,25
579,3525,1,TRAIN,1,1,1,1.81,1.26,1.95,0.48,0.52,0.9,0.6,0.2,0.0,2,0,1,2,1,4,1,3,0,2,25
579,3526,3,CAR,1,1,1,1.81,1.2,1.5,0.58,0.62,0.72,0.6,0.1,0.0,2,0,1,2,1,4,1,3,0,2,25
579,3527,2,SM,1,1,1,1.81,1.15,1.5,0.48,0.54,1.17,1.2,0.2,0.0,2,0,1,2,1,4,1,3,0,2,25
579,3528,2,SM,1,1,1,1.96,1.26,1.5,0.58,0.7,1.17,0.3,0.2,0.0,2,0,1,2,1,4,1,3,0,2,25
580,3529,2,SM,1,1,1,2.0,1.22,1.2,0.49,0.53,0.64,0.3,0.1,0.0,2,0,1,2,1,2,1,2,0,17,2
580,3530,2,SM,1,1,1,2.0,1.18,1.56,0.49,0.62,1.04,1.2,0.1,0.0,2,0,1,2,1,2,1,2,0,17,2
580,3531,2,SM,1,1,1,2.0,1.15,1.56,0.44,0.56,0.8,0.3,0.2,0.0,2,0,1,2,1,2,1,2,0,17,2
580,3532,2,SM,1,1,1,1.52,1.15,0.96,0.44,0.56,1.04,0.6,0.3,0.0,2,0,1,2,1,2,1,2,0,17,2
580,3533,2,SM,1,1,1,1.68,1.15,1.56,0.49,0.54,0.64,0.3,0.3,0.0,2,0,1,2,1,2,1,2,0,17,2
580,3534,2,SM,1,1,1,1.68,1.18,0.96,0.44,0.49,0.8,0.3,0.1,0.0,2,0,1,2,1,2,1,2,0,17,2
580,3535,3,CAR,1,1,1,1.68,1.15,0.96,0.59,0.58,0.64,0.6,0.2,0.0,2,0,1,2,1,2,1,2,0,17,2
580,3536,2,SM,1,1,1,2.0,1.18,0.96,0.59,0.62,1.04,0.3,0.3,0.0,2,0,1,2,1,2,1,2,0,17,2
580,3537,3,CAR,1,1,1,1.68,1.18,1.2,0.49,0.62,0.8,0.6,0.3,0.0,2,0,1,2,1,2,1,2,0,17,2
581,3538,2,SM,1,1,1,3.39,1.7,2.2,0.74,0.78,1.8,1.2,0.3,0.0,2,0,1,2,1,3,1,2,0,23,1
581,3539,2,SM,1,1,1,2.57,1.76,2.86,0.56,0.64,1.44,1.2,0.3,0.0,2,0,1,2,1,3,1,2,0,23,1
581,3540,2,SM,1,1,1,3.39,1.84,1.76,0.56,0.66,1.44,1.2,0.2,0.0,2,0,1,2,1,3,1,2,0,23,1
581,3541,2,SM,1,1,1,2.84,1.84,2.86,0.56,0.66,2.34,0.6,0.1,0.0,2,0,1,2,1,3,1,2,0,23,1
581,3542,2,SM,1,1,1,2.84,1.84,1.76,0.62,0.7,2.34,1.2,0.3,0.0,2,0,1,2,1,3,1,2,0,23,1
581,3543,2,SM,1,1,1,2.57,1.84,2.86,0.62,0.7,1.8,0.6,0.2,0.0,2,0,1,2,1,3,1,2,0,23,1
581,3544,2,SM,1,1,1,2.57,1.76,2.2,0.74,0.82,1.44,0.6,0.1,0.0,2,0,1,2,1,3,1,2,0,23,1
581,3545,2,SM,1,1,1,2.57,1.7,2.2,0.62,0.72,2.34,1.2,0.2,0.0,2,0,1,2,1,3,1,2,0,23,1
581,3546,2,SM,1,1,1,2.84,1.84,2.2,0.74,0.94,2.34,0.3,0.2,0.0,2,0,1,2,1,3,1,2,0,23,1
582,3547,2,SM,1,1,1,1.93,0.5,1.7,0.62,0.66,0.95,1.2,0.3,0.0,2,0,1,2,1,4,1,2,0,22,1
582,3548,2,SM,1,1,1,1.5,0.56,2.21,0.47,0.53,0.76,1.2,0.3,0.0,2,0,1,2,1,4,1,2,0,22,1
582,3549,2,SM,1,1,1,1.93,0.64,1.36,0.47,0.57,0.76,1.2,0.2,0.0,2,0,1,2,1,4,1,2,0,22,1
582,3550,2,SM,1,1,1,1.64,0.64,2.21,0.47,0.57,1.23,0.6,0.1,0.0,2,0,1,2,1,4,1,2,0,22,1
582,3551,2,SM,1,1,1,1.64,0.64,1.36,0.52,0.57,1.23,1.2,0.3,0.0,2,0,1,2,1,4,1,2,0,22,1
582,3552,2,SM,1,1,1,1.5,0.64,2.21,0.52,0.57,0.95,0.6,0.2,0.0,2,0,1,2,1,4,1,2,0,22,1
582,3553,2,SM,1,1,1,1.5,0.56,1.7,0.62,0.7,0.76,0.6,0.1,0.0,2,0,1,2,1,4,1,2,0,22,1
582,3554,2,SM,1,1,1,1.5,0.5,1.7,0.52,0.62,1.23,1.2,0.2,0.0,2,0,1,2,1,4,1,2,0,22,1
582,3555,2,SM,1,1,1,1.64,0.64,1.7,0.62,0.82,1.23,0.3,0.2,0.0,2,0,1,2,1,4,1,2,0,22,1
583,3556,2,SM,1,1,1,2.51,1.39,1.4,0.58,0.58,0.95,1.2,0.3,0.0,2,0,1,2,1,4,1,3,0,2,25
583,3557,2,SM,1,1,1,2.05,1.44,1.82,0.43,0.49,0.76,1.2,0.3,0.0,2,0,1,2,1,4,1,3,0,2,25
583,3558,3,CAR,1,1,1,2.51,1.5,1.12,0.43,0.5,0.76,1.2,0.2,0.0,2,0,1,2,1,4,1,3,0,2,25
583,3559,2,SM,1,1,1,2.2,1.5,1.82,0.43,0.5,1.23,0.6,0.1,0.0,2,0,1,2,1,4,1,3,0,2,25
583,3560,2,SM,1,1,1,2.2,1.5,1.12,0.48,0.52,1.23,1.2,0.3,0.0,2,0,1,2,1,4,1,3,0,2,25
583,3561,2,SM,1,1,1,2.05,1.5,1.82,0.48,0.52,0.95,0.6,0.2,0.0,2,0,1,2,1,4,1,3,0,2,25
583,3562,2,SM,1,1,1,2.05,1.44,1.4,0.58,0.62,0.76,0.6,0.1,0.0,2,0,1,2,1,4,1,3,0,2,25
583,3563,2,SM,1,1,1,2.05,1.39,1.4,0.48,0.54,1.23,1.2,0.2,0.0,2,0,1,2,1,4,1,3,0,2,25
583,3564,2,SM,1,1,1,2.2,1.5,1.4,0.58,0.7,1.23,0.3,0.2,0.0,2,0,1,2,1,4,1,3,0,2,25
584,3565,2,SM,1,1,1,1.78,1.0,1.2,0.45,0.49,0.56,0.3,0.1,0.0,2,0,1,2,1,3,1,4,0,2,20
584,3566,2,SM,1,1,1,1.78,0.96,1.56,0.45,0.57,0.91,1.2,0.1,0.0,2,0,1,2,1,3,1,4,0,2,20
584,3567,2,SM,1,1,1,1.78,0.93,1.56,0.4,0.53,0.7,0.3,0.2,0.0,2,0,1,2,1,3,1,4,0,2,20
584,3568,2,SM,1,1,1,1.33,0.93,0.96,0.4,0.53,0.91,0.6,0.3,0.0,2,0,1,2,1,3,1,4,0,2,20
584,3569,2,SM,1,1,1,1.48,0.93,1.56,0.45,0.52,0.56,0.3,0.3,0.0,2,0,1,2,1,3,1,4,0,2,20
584,3570,2,SM,1,1,1,1.48,0.96,0.96,0.4,0.46,0.7,0.3,0.1,0.0,2,0,1,2,1,3,1,4,0,2,20
584,3571,3,CAR,1,1,1,1.48,0.93,0.96,0.54,0.56,0.56,0.6,0.2,0.0,2,0,1,2,1,3,1,4,0,2,20
584,3572,2,SM,1,1,1,1.78,0.96,0.96,0.54,0.58,0.91,0.3,0.3,0.0,2,0,1,2,1,3,1,4,0,2,20
584,3573,2,SM,1,1,1,1.48,0.96,1.2,0.45,0.57,0.7,0.6,0.3,0.0,2,0,1,2,1,3,1,4,0,2,20
585,3574,2,SM,1,1,1,1.28,0.76,1.43,0.5,0.53,0.6,1.2,0.2,0.0,2,0,1,3,0,2,0,2,0,1,2
585,3575,2,SM,1,1,1,1.17,0.73,1.43,0.5,0.52,0.78,0.3,0.1,0.0,2,0,1,3,0,2,0,2,0,1,2
585,3576,2,SM,1,1,1,1.5,0.8,1.43,0.5,0.62,0.48,0.6,0.3,0.0,2,0,1,3,0,2,0,2,0,1,2
585,3577,3,CAR,1,1,1,1.17,0.76,0.88,0.42,0.53,0.48,0.3,0.2,0.0,2,0,1,3,0,2,0,2,0,1,2
585,3578,2,SM,1,1,1,1.5,0.76,1.1,0.38,0.43,0.78,0.6,0.2,0.0,2,0,1,3,0,2,0,2,0,1,2
585,3579,3,CAR,1,1,1,1.28,0.73,1.1,0.38,0.5,0.48,1.2,0.1,0.0,2,0,1,3,0,2,0,2,0,1,2
585,3580,3,CAR,1,1,1,1.17,0.8,0.88,0.5,0.62,0.6,1.2,0.1,0.0,2,0,1,3,0,2,0,2,0,1,2
585,3581,3,CAR,1,1,1,1.17,0.8,1.1,0.38,0.45,0.6,0.3,0.3,0.0,2,0,1,3,0,2,0,2,0,1,2
585,3582,2,SM,1,1,1,1.5,0.73,0.88,0.42,0.48,0.6,0.6,0.1,0.0,2,0,1,3,0,2,0,2,0,1,2
586,3583,3,CAR,1,1,1,1.35,0.65,0.8,0.38,0.43,0.4,0.3,0.1,0.0,2,0,1,3,0,2,1,3,0,2,1
586,3584,2,SM,1,1,1,1.35,0.61,1.04,0.38,0.52,0.65,1.2,0.1,0.0,2,0,1,3,0,2,1,3,0,2,1
586,3585,2,SM,1,1,1,1.35,0.58,1.04,0.34,0.48,0.5,0.3,0.2,0.0,2,0,1,3,0,2,1,3,0,2,1
586,3586,3,CAR,1,1,1,1.06,0.58,0.64,0.34,0.48,0.65,0.6,0.3,0.0,2,0,1,3,0,2,1,3,0,2,1
586,3587,3,CAR,1,1,1,1.16,0.58,1.04,0.38,0.45,0.4,0.3,0.3,0.0,2,0,1,3,0,2,1,3,0,2,1
586,3588,2,SM,1,1,1,1.16,0.61,0.64,0.34,0.4,0.5,0.3,0.1,0.0,2,0,1,3,0,2,1,3,0,2,1
586,3589,2,SM,1,1,1,1.16,0.58,0.64,0.46,0.49,0.4,0.6,0.2,0.0,2,0,1,3,0,2,1,3,0,2,1
586,3590,3,CAR,1,1,1,1.35,0.61,0.64,0.46,0.5,0.65,0.3,0.3,0.0,2,0,1,3,0,2,1,3,0,2,1
586,3591,1,TRAIN,1,1,1,1.16,0.61,0.8,0.38,0.52,0.5,0.6,0.3,0.0,2,0,1,3,0,2,1,3,0,2,1
587,3592,2,SM,1,1,1,2.05,0.69,1.5,0.49,0.56,0.76,0.3,0.1,0.0,2,0,1,3,0,3,1,3,0,17,2
587,3593,2,SM,1,1,1,2.05,0.61,1.95,0.49,0.7,1.23,1.2,0.1,0.0,2,0,1,3,0,3,1,3,0,17,2
587,3594,2,SM,1,1,1,2.05,0.55,1.95,0.44,0.64,0.95,0.3,0.2,0.0,2,0,1,3,0,3,1,3,0,17,2
587,3595,2,SM,1,1,1,1.59,0.55,1.2,0.44,0.64,1.23,0.6,0.3,0.0,2,0,1,3,0,3,1,3,0,17,2
587,3596,2,SM,1,1,1,1.74,0.55,1.95,0.49,0.58,0.76,0.3,0.3,0.0,2,0,1,3,0,3,1,3,0,17,2
587,3597,2,SM,1,1,1,1.74,0.61,1.2,0.44,0.52,0.95,0.3,0.1,0.0,2,0,1,3,0,3,1,3,0,17,2
587,3598,2,SM,1,1,1,1.74,0.55,1.2,0.59,0.64,0.76,0.6,0.2,0.0,2,0,1,3,0,3,1,3,0,17,2
587,3599,2,SM,1,1,1,2.05,0.61,1.2,0.59,0.66,1.23,0.3,0.3,0.0,2,0,1,3,0,3,1,3,0,17,2
587,3600,2,SM,1,1,1,1.74,0.61,1.5,0.49,0.7,0.95,0.6,0.3,0.0,2,0,1,3,0,3,1,3,0,17,2
588,3601,2,SM,1,1,1,0.72,0.48,0.65,0.22,0.26,0.25,1.2,0.2,0.0,2,0,1,3,0,4,1,3,0,25,22
588,3602,2,SM,1,1,1,0.69,0.46,0.65,0.22,0.25,0.32,0.3,0.1,0.0,2,0,1,3,0,4,1,3,0,25,22
588,3603,3,CAR,1,1,1,0.79,0.5,0.65,0.22,0.32,0.2,0.6,0.3,0.0,2,0,1,3,0,4,1,3,0,25,22
588,3604,2,SM,1,1,1,0.69,0.48,0.4,0.18,0.26,0.2,0.3,0.2,0.0,2,0,1,3,0,4,1,3,0,25,22
588,3605,2,SM,1,1,1,0.79,0.48,0.5,0.16,0.19,0.32,0.6,0.2,0.0,2,0,1,3,0,4,1,3,0,25,22
588,3606,2,SM,1,1,1,0.72,0.46,0.5,0.16,0.24,0.2,1.2,0.1,0.0,2,0,1,3,0,4,1,3,0,25,22
588,3607,3,CAR,1,1,1,0.69,0.5,0.4,0.22,0.32,0.25,1.2,0.1,0.0,2,0,1,3,0,4,1,3,0,25,22
588,3608,2,SM,1,1,1,0.69,0.5,0.5,0.16,0.2,0.25,0.3,0.3,0.0,2,0,1,3,0,4,1,3,0,25,22
588,3609,2,SM,1,1,1,0.79,0.46,0.4,0.18,0.22,0.25,0.6,0.1,0.0,2,0,1,3,0,4,1,3,0,25,22
589,3610,3,CAR,1,1,1,2.1,1.42,1.5,0.52,0.56,0.68,0.3,0.1,0.0,2,0,1,3,0,5,1,2,0,1,22
589,3611,1,TRAIN,1,1,1,2.1,1.38,1.95,0.52,0.64,1.1,1.2,0.1,0.0,2,0,1,3,0,5,1,2,0,1,22
589,3612,1,TRAIN,1,1,1,2.1,1.35,1.95,0.47,0.62,0.85,0.3,0.2,0.0,2,0,1,3,0,5,1,2,0,1,22
589,3613,1,TRAIN,1,1,1,1.67,1.35,1.2,0.47,0.62,1.1,0.6,0.3,0.0,2,0,1,3,0,5,1,2,0,1,22
589,3614,3,CAR,1,1,1,1.81,1.35,1.95,0.52,0.58,0.68,0.3,0.3,0.0,2,0,1,3,0,5,1,2,0,1,22
589,3615,1,TRAIN,1,1,1,1.81,1.38,1.2,0.47,0.53,0.85,0.3,0.1,0.0,2,0,1,3,0,5,1,2,0,1,22
589,3616,3,CAR,1,1,1,1.81,1.35,1.2,0.62,0.64,0.68,0.6,0.2,0.0,2,0,1,3,0,5,1,2,0,1,22
589,3617,1,TRAIN,1,1,1,2.1,1.38,1.2,0.62,0.66,1.1,0.3,0.3,0.0,2,0,1,3,0,5,1,2,0,1,22
589,3618,1,TRAIN,1,1,1,1.81,1.38,1.5,0.52,0.64,0.85,0.6,0.3,0.0,2,0,1,3,0,5,1,2,0,1,22
590,3619,2,SM,1,1,1,2.52,1.67,1.7,0.56,0.62,0.76,0.3,0.1,0.0,2,0,1,3,1,3,1,3,0,2,20
590,3620,2,SM,1,1,1,2.52,1.63,2.21,0.56,0.66,1.23,1.2,0.1,0.0,2,0,1,3,1,3,1,3,0,2,20
590,3621,2,SM,1,1,1,2.52,1.6,2.21,0.5,0.64,0.95,0.3,0.2,0.0,2,0,1,3,1,3,1,3,0,2,20
590,3622,3,CAR,1,1,1,1.96,1.6,1.36,0.5,0.64,1.23,0.6,0.3,0.0,2,0,1,3,1,3,1,3,0,2,20
590,3623,2,SM,1,1,1,2.15,1.6,2.21,0.56,0.62,0.76,0.3,0.3,0.0,2,0,1,3,1,3,1,3,0,2,20
590,3624,3,CAR,1,1,1,2.15,1.63,1.36,0.5,0.56,0.95,0.3,0.1,0.0,2,0,1,3,1,3,1,3,0,2,20
590,3625,3,CAR,1,1,1,2.15,1.6,1.36,0.67,0.7,0.76,0.6,0.2,0.0,2,0,1,3,1,3,1,3,0,2,20
590,3626,3,CAR,1,1,1,2.52,1.63,1.36,0.67,0.7,1.23,0.3,0.3,0.0,2,0,1,3,1,3,1,3,0,2,20
590,3627,3,CAR,1,1,1,2.15,1.63,1.7,0.56,0.66,0.95,0.6,0.3,0.0,2,0,1,3,1,3,1,3,0,2,20
591,3628,2,SM,1,1,1,1.93,0.64,1.7,0.52,0.57,0.84,0.3,0.1,0.0,2,0,1,3,1,2,1,2,0,1,22
591,3629,2,SM,1,1,1,1.93,0.56,2.21,0.52,0.72,1.36,1.2,0.1,0.0,2,0,1,3,1,2,1,2,0,1,22
591,3630,2,SM,1,1,1,1.93,0.5,2.21,0.47,0.66,1.05,0.3,0.2,0.0,2,0,1,3,1,2,1,2,0,1,22
591,3631,2,SM,1,1,1,1.5,0.5,1.36,0.47,0.66,1.36,0.6,0.3,0.0,2,0,1,3,1,2,1,2,0,1,22
591,3632,2,SM,1,1,1,1.64,0.5,2.21,0.52,0.62,0.84,0.3,0.3,0.0,2,0,1,3,1,2,1,2,0,1,22
591,3633,2,SM,1,1,1,1.64,0.56,1.36,0.47,0.53,1.05,0.3,0.1,0.0,2,0,1,3,1,2,1,2,0,1,22
591,3634,2,SM,1,1,1,1.64,0.5,1.36,0.62,0.66,0.84,0.6,0.2,0.0,2,0,1,3,1,2,1,2,0,1,22
591,3635,2,SM,1,1,1,1.93,0.56,1.36,0.62,0.7,1.36,0.3,0.3,0.0,2,0,1,3,1,2,1,2,0,1,22
591,3636,2,SM,1,1,1,1.64,0.56,1.7,0.52,0.72,1.05,0.6,0.3,0.0,2,0,1,3,1,2,1,2,0,1,22
592,3637,2,SM,1,1,1,1.86,1.43,2.08,0.6,0.64,0.9,1.2,0.2,0.0,2,0,1,3,1,3,1,3,0,22,1
592,3638,2,SM,1,1,1,1.68,1.4,2.08,0.6,0.62,1.17,0.3,0.1,0.0,2,0,1,3,1,3,1,3,0,22,1
592,3639,2,SM,1,1,1,2.21,1.47,2.08,0.6,0.72,0.72,0.6,0.3,0.0,2,0,1,3,1,3,1,3,0,22,1
592,3640,3,CAR,1,1,1,1.68,1.43,1.28,0.5,0.62,0.72,0.3,0.2,0.0,2,0,1,3,1,3,1,3,0,22,1
592,3641,2,SM,1,1,1,2.21,1.43,1.6,0.45,0.5,1.17,0.6,0.2,0.0,2,0,1,3,1,3,1,3,0,22,1
592,3642,2,SM,1,1,1,1.86,1.4,1.6,0.45,0.57,0.72,1.2,0.1,0.0,2,0,1,3,1,3,1,3,0,22,1
592,3643,3,CAR,1,1,1,1.68,1.47,1.28,0.6,0.72,0.9,1.2,0.1,0.0,2,0,1,3,1,3,1,3,0,22,1
592,3644,1,TRAIN,1,1,1,1.68,1.47,1.6,0.45,0.52,0.9,0.3,0.3,0.0,2,0,1,3,1,3,1,3,0,22,1
592,3645,3,CAR,1,1,1,2.21,1.4,1.28,0.5,0.56,0.9,0.6,0.1,0.0,2,0,1,3,1,3,1,3,0,22,1
593,3646,3,CAR,1,1,1,1.57,0.74,1.0,0.96,0.99,0.6,1.2,0.3,0.0,2,0,3,0,0,2,1,1,0,2,1
593,3647,2,SM,1,1,1,1.19,0.77,1.3,0.72,0.83,0.48,1.2,0.3,0.0,2,0,3,0,0,2,1,1,0,2,1
593,3648,3,CAR,1,1,1,1.57,0.81,0.8,0.72,0.86,0.48,1.2,0.2,0.0,2,0,3,0,0,2,1,1,0,2,1
593,3649,2,SM,1,1,1,1.32,0.81,1.3,0.72,0.86,0.78,0.6,0.1,0.0,2,0,3,0,0,2,1,1,0,2,1
593,3650,3,CAR,1,1,1,1.32,0.81,0.8,0.8,0.9,0.78,1.2,0.3,0.0,2,0,3,0,0,2,1,1,0,2,1
593,3651,2,SM,1,1,1,1.19,0.81,1.3,0.8,0.9,0.6,0.6,0.2,0.0,2,0,3,0,0,2,1,1,0,2,1
593,3652,3,CAR,1,1,1,1.19,0.77,1.0,0.96,1.06,0.48,0.6,0.1,0.0,2,0,3,0,0,2,1,1,0,2,1
593,3653,2,SM,1,1,1,1.19,0.74,1.0,0.8,0.95,0.78,1.2,0.2,0.0,2,0,3,0,0,2,1,1,0,2,1
593,3654,3,CAR,1,1,1,1.32,0.81,1.0,0.96,1.23,0.78,0.3,0.2,0.0,2,0,3,0,0,2,1,1,0,2,1
594,3655,2,SM,1,1,1,1.25,0.49,1.56,0.96,1.06,0.7,1.2,0.2,0.0,2,0,3,0,0,2,1,1,0,2,25
594,3656,1,TRAIN,1,1,1,1.14,0.44,1.56,0.96,0.99,0.91,0.3,0.1,0.0,2,0,3,0,0,2,1,1,0,2,25
594,3657,3,CAR,1,1,1,1.46,0.55,1.56,0.96,1.23,0.56,0.6,0.3,0.0,2,0,3,0,0,2,1,1,0,2,25
594,3658,3,CAR,1,1,1,1.14,0.49,0.96,0.8,1.06,0.56,0.3,0.2,0.0,2,0,3,0,0,2,1,1,0,2,25
594,3659,2,SM,1,1,1,1.46,0.49,1.2,0.72,0.83,0.91,0.6,0.2,0.0,2,0,3,0,0,2,1,1,0,2,25
594,3660,2,SM,1,1,1,1.25,0.44,1.2,0.72,0.99,0.56,1.2,0.1,0.0,2,0,3,0,0,2,1,1,0,2,25
594,3661,3,CAR,1,1,1,1.14,0.55,0.96,0.96,1.23,0.7,1.2,0.1,0.0,2,0,3,0,0,2,1,1,0,2,25
594,3662,2,SM,1,1,1,1.14,0.55,1.2,0.72,0.86,0.7,0.3,0.3,0.0,2,0,3,0,0,2,1,1,0,2,25
594,3663,3,CAR,1,1,1,1.46,0.44,0.96,0.8,0.91,0.7,0.6,0.1,0.0,2,0,3,0,0,2,1,1,0,2,25
595,3664,2,SM,1,1,1,2.98,1.4,2.0,1.48,1.56,1.15,1.2,0.3,0.0,2,0,3,0,0,2,1,1,0,17,22
595,3665,2,SM,1,1,1,2.32,1.46,2.6,1.11,1.28,0.92,1.2,0.3,0.0,2,0,3,0,0,2,1,1,0,17,22
595,3666,2,SM,1,1,1,2.98,1.54,1.6,1.11,1.32,0.92,1.2,0.2,0.0,2,0,3,0,0,2,1,1,0,17,22
595,3667,2,SM,1,1,1,2.54,1.54,2.6,1.11,1.32,1.49,0.6,0.1,0.0,2,0,3,0,0,2,1,1,0,17,22
595,3668,2,SM,1,1,1,2.54,1.54,1.6,1.23,1.32,1.49,1.2,0.3,0.0,2,0,3,0,0,2,1,1,0,17,22
595,3669,2,SM,1,1,1,2.32,1.54,2.6,1.23,1.32,1.15,0.6,0.2,0.0,2,0,3,0,0,2,1,1,0,17,22
595,3670,2,SM,1,1,1,2.32,1.46,2.0,1.48,1.61,0.92,0.6,0.1,0.0,2,0,3,0,0,2,1,1,0,17,22
595,3671,2,SM,1,1,1,2.32,1.4,2.0,1.23,1.44,1.49,1.2,0.2,0.0,2,0,3,0,0,2,1,1,0,17,22
595,3672,2,SM,1,1,1,2.54,1.54,2.0,1.48,1.89,1.49,0.3,0.2,0.0,2,0,3,0,0,2,1,1,0,17,22
596,3673,3,CAR,1,1,1,1.2,0.55,1.1,0.8,0.9,0.52,0.3,0.1,0.0,2,0,3,0,0,3,1,1,0,2,1
596,3674,3,CAR,1,1,1,1.2,0.51,1.43,0.8,1.03,0.84,1.2,0.1,0.0,2,0,3,0,0,3,1,1,0,2,1
596,3675,3,CAR,1,1,1,1.2,0.48,1.43,0.72,0.98,0.65,0.3,0.2,0.0,2,0,3,0,0,3,1,1,0,2,1
596,3676,3,CAR,1,1,1,0.99,0.48,0.88,0.72,0.98,0.84,0.6,0.3,0.0,2,0,3,0,0,3,1,1,0,2,1
596,3677,3,CAR,1,1,1,1.06,0.48,1.43,0.8,0.91,0.52,0.3,0.3,0.0,2,0,3,0,0,3,1,1,0,2,1
596,3678,3,CAR,1,1,1,1.06,0.51,0.88,0.72,0.83,0.65,0.3,0.1,0.0,2,0,3,0,0,3,1,1,0,2,1
596,3679,3,CAR,1,1,1,1.06,0.48,0.88,0.96,0.99,0.52,0.6,0.2,0.0,2,0,3,0,0,3,1,1,0,2,1
596,3680,3,CAR,1,1,1,1.2,0.51,0.88,0.96,1.03,0.84,0.3,0.3,0.0,2,0,3,0,0,3,1,1,0,2,1
596,3681,3,CAR,1,1,1,1.06,0.51,1.1,0.8,1.03,0.65,0.6,0.3,0.0,2,0,3,0,0,3,1,1,0,2,1
597,3682,2,SM,1,1,1,1.25,0.49,1.56,0.96,1.06,0.8,1.2,0.2,0.0,2,0,3,0,0,4,1,1,0,25,2
597,3683,2,SM,1,1,1,1.14,0.44,1.56,0.96,0.99,1.04,0.3,0.1,0.0,2,0,3,0,0,4,1,1,0,25,2
597,3684,2,SM,1,1,1,1.46,0.55,1.56,0.96,1.23,0.64,0.6,0.3,0.0,2,0,3,0,0,4,1,1,0,25,2
597,3685,3,CAR,1,1,1,1.14,0.49,0.96,0.8,1.06,0.64,0.3,0.2,0.0,2,0,3,0,0,4,1,1,0,25,2
597,3686,2,SM,1,1,1,1.46,0.49,1.2,0.72,0.83,1.04,0.6,0.2,0.0,2,0,3,0,0,4,1,1,0,25,2
597,3687,2,SM,1,1,1,1.25,0.44,1.2,0.72,0.99,0.64,1.2,0.1,0.0,2,0,3,0,0,4,1,1,0,25,2
597,3688,3,CAR,1,1,1,1.14,0.55,0.96,0.96,1.23,0.8,1.2,0.1,0.0,2,0,3,0,0,4,1,1,0,25,2
597,3689,2,SM,1,1,1,1.14,0.55,1.2,0.72,0.86,0.8,0.3,0.3,0.0,2,0,3,0,0,4,1,1,0,25,2
597,3690,3,CAR,1,1,1,1.46,0.44,0.96,0.8,0.91,0.8,0.6,0.1,0.0,2,0,3,0,0,4,1,1,0,25,2
598,3691,2,SM,1,1,1,3.08,1.43,2.5,1.39,1.56,1.44,0.3,0.1,0.0,2,0,3,0,1,3,1,3,0,17,25
598,3692,2,SM,1,1,1,3.08,1.33,3.25,1.39,1.89,2.34,1.2,0.1,0.0,2,0,3,0,1,3,1,3,0,17,25
598,3693,2,SM,1,1,1,3.08,1.25,3.25,1.25,1.72,1.8,0.3,0.2,0.0,2,0,3,0,1,3,1,3,0,17,25
598,3694,2,SM,1,1,1,2.36,1.25,2.0,1.25,1.72,2.34,0.6,0.3,0.0,2,0,3,0,1,3,1,3,0,17,25
598,3695,2,SM,1,1,1,2.6,1.25,3.25,1.39,1.61,1.44,0.3,0.3,0.0,2,0,3,0,1,3,1,3,0,17,25
598,3696,2,SM,1,1,1,2.6,1.33,2.0,1.25,1.39,1.8,0.3,0.1,0.0,2,0,3,0,1,3,1,3,0,17,25
598,3697,3,CAR,1,1,1,2.6,1.25,2.0,1.67,1.77,1.44,0.6,0.2,0.0,2,0,3,0,1,3,1,3,0,17,25
598,3698,3,CAR,1,1,1,3.08,1.33,2.0,1.67,1.89,2.34,0.3,0.3,0.0,2,0,3,0,1,3,1,3,0,17,25
598,3699,2,SM,1,1,1,2.6,1.33,2.5,1.39,1.89,1.8,0.6,0.3,0.0,2,0,3,0,1,3,1,3,0,17,25
599,3700,2,SM,1,1,1,0.92,0.37,1.43,0.84,0.98,0.6,1.2,0.2,0.0,2,0,3,1,0,2,1,1,0,2,1
599,3701,2,SM,1,1,1,0.85,0.34,1.43,0.84,0.91,0.78,0.3,0.1,0.0,2,0,3,1,0,2,1,1,0,2,1
599,3702,3,CAR,1,1,1,1.06,0.41,1.43,0.84,1.11,0.48,0.6,0.3,0.0,2,0,3,1,0,2,1,1,0,2,1
599,3703,3,CAR,1,1,1,0.85,0.37,0.88,0.7,0.98,0.48,0.3,0.2,0.0,2,0,3,1,0,2,1,1,0,2,1
599,3704,2,SM,1,1,1,1.06,0.37,1.1,0.63,0.76,0.78,0.6,0.2,0.0,2,0,3,1,0,2,1,1,0,2,1
599,3705,2,SM,1,1,1,0.92,0.34,1.1,0.63,0.91,0.48,1.2,0.1,0.0,2,0,3,1,0,2,1,1,0,2,1
599,3706,3,CAR,1,1,1,0.85,0.41,0.88,0.84,1.11,0.6,1.2,0.1,0.0,2,0,3,1,0,2,1,1,0,2,1
599,3707,1,TRAIN,1,1,1,0.85,0.41,1.1,0.63,0.8,0.6,0.3,0.3,0.0,2,0,3,1,0,2,1,1,0,2,1
599,3708,2,SM,1,1,1,1.06,0.34,0.88,0.7,0.86,0.6,0.6,0.1,0.0,2,0,3,1,0,2,1,1,0,2,1
600,3709,2,SM,1,1,1,1.71,0.96,1.2,0.91,0.99,0.64,0.3,0.1,0.0,2,0,3,1,0,2,1,2,0,1,2
600,3710,2,SM,1,1,1,1.71,0.92,1.56,0.91,1.16,1.04,1.2,0.1,0.0,2,0,3,1,0,2,1,2,0,1,2
600,3711,2,SM,1,1,1,1.71,0.89,1.56,0.82,1.08,0.8,0.3,0.2,0.0,2,0,3,1,0,2,1,2,0,1,2
600,3712,3,CAR,1,1,1,1.31,0.89,0.96,0.82,1.08,1.04,0.6,0.3,0.0,2,0,3,1,0,2,1,2,0,1,2
600,3713,2,SM,1,1,1,1.44,0.89,1.56,0.91,1.03,0.64,0.3,0.3,0.0,2,0,3,1,0,2,1,2,0,1,2
600,3714,3,CAR,1,1,1,1.44,0.92,0.96,0.82,0.95,0.8,0.3,0.1,0.0,2,0,3,1,0,2,1,2,0,1,2
600,3715,3,CAR,1,1,1,1.44,0.89,0.96,1.09,1.14,0.64,0.6,0.2,0.0,2,0,3,1,0,2,1,2,0,1,2
600,3716,3,CAR,1,1,1,1.71,0.92,0.96,1.09,1.16,1.04,0.3,0.3,0.0,2,0,3,1,0,2,1,2,0,1,2
600,3717,2,SM,1,1,1,1.44,0.92,1.2,0.91,1.16,0.8,0.6,0.3,0.0,2,0,3,1,0,2,1,2,0,1,2
601,3718,3,CAR,1,1,1,1.49,0.94,1.43,1.08,1.14,0.65,1.2,0.2,0.0,2,0,3,1,0,2,1,2,0,14,2
601,3719,2,SM,1,1,1,1.34,0.91,1.43,1.08,1.11,0.84,0.3,0.1,0.0,2,0,3,1,0,2,1,2,0,14,2
601,3720,3,CAR,1,1,1,1.79,0.98,1.43,1.08,1.28,0.52,0.6,0.3,0.0,2,0,3,1,0,2,1,2,0,14,2
601,3721,3,CAR,1,1,1,1.34,0.94,0.88,0.9,1.14,0.52,0.3,0.2,0.0,2,0,3,1,0,2,1,2,0,14,2
601,3722,2,SM,1,1,1,1.79,0.94,1.1,0.81,0.91,0.84,0.6,0.2,0.0,2,0,3,1,0,2,1,2,0,14,2
601,3723,3,CAR,1,1,1,1.49,0.91,1.1,0.81,1.06,0.52,1.2,0.1,0.0,2,0,3,1,0,2,1,2,0,14,2
601,3724,3,CAR,1,1,1,1.34,0.98,0.88,1.08,1.28,0.65,1.2,0.1,0.0,2,0,3,1,0,2,1,2,0,14,2
601,3725,3,CAR,1,1,1,1.34,0.98,1.1,0.81,0.95,0.65,0.3,0.3,0.0,2,0,3,1,0,2,1,2,0,14,2
601,3726,3,CAR,1,1,1,1.79,0.91,0.88,0.9,0.99,0.65,0.6,0.1,0.0,2,0,3,1,0,2,1,2,0,14,2
602,3727,3,CAR,1,1,1,2.54,1.17,1.8,1.11,1.23,1.04,0.3,0.1,0.0,2,0,3,1,0,3,1,1,0,22,1
602,3728,2,SM,1,1,1,2.54,1.09,2.34,1.11,1.49,1.69,1.2,0.1,0.0,2,0,3,1,0,3,1,1,0,22,1
602,3729,2,SM,1,1,1,2.54,1.03,2.34,1.0,1.39,1.3,0.3,0.2,0.0,2,0,3,1,0,3,1,1,0,22,1
602,3730,3,CAR,1,1,1,1.93,1.03,1.44,1.0,1.39,1.69,0.6,0.3,0.0,2,0,3,1,0,3,1,1,0,22,1
602,3731,2,SM,1,1,1,2.13,1.03,2.34,1.11,1.32,1.04,0.3,0.3,0.0,2,0,3,1,0,3,1,1,0,22,1
602,3732,3,CAR,1,1,1,2.13,1.09,1.44,1.0,1.14,1.3,0.3,0.1,0.0,2,0,3,1,0,3,1,1,0,22,1
602,3733,3,CAR,1,1,1,2.13,1.03,1.44,1.33,1.44,1.04,0.6,0.2,0.0,2,0,3,1,0,3,1,1,0,22,1
602,3734,2,SM,1,1,1,2.54,1.09,1.44,1.33,1.49,1.69,0.3,0.3,0.0,2,0,3,1,0,3,1,1,0,22,1
602,3735,3,CAR,1,1,1,2.13,1.09,1.8,1.11,1.49,1.3,0.6,0.3,0.0,2,0,3,1,0,3,1,1,0,22,1
603,3736,3,CAR,1,1,1,1.06,0.41,0.8,0.7,0.83,0.36,0.3,0.1,0.0,2,0,3,1,0,3,1,2,0,1,2
603,3737,3,CAR,1,1,1,1.06,0.37,1.04,0.7,0.98,0.58,1.2,0.1,0.0,2,0,3,1,0,3,1,2,0,1,2
603,3738,3,CAR,1,1,1,1.06,0.34,1.04,0.63,0.91,0.45,0.3,0.2,0.0,2,0,3,1,0,3,1,2,0,1,2
603,3739,3,CAR,1,1,1,0.85,0.34,0.64,0.63,0.91,0.58,0.6,0.3,0.0,2,0,3,1,0,3,1,2,0,1,2
603,3740,3,CAR,1,1,1,0.92,0.34,1.04,0.7,0.86,0.36,0.3,0.3,0.0,2,0,3,1,0,3,1,2,0,1,2
603,3741,3,CAR,1,1,1,0.92,0.37,0.64,0.63,0.76,0.45,0.3,0.1,0.0,2,0,3,1,0,3,1,2,0,1,2
603,3742,3,CAR,1,1,1,0.92,0.34,0.64,0.84,0.91,0.36,0.6,0.2,0.0,2,0,3,1,0,3,1,2,0,1,2
603,3743,3,CAR,1,1,1,1.06,0.37,0.64,0.84,0.98,0.58,0.3,0.3,0.0,2,0,3,1,0,3,1,2,0,1,2
603,3744,3,CAR,1,1,1,0.92,0.37,0.8,0.7,0.98,0.45,0.6,0.3,0.0,2,0,3,1,0,3,1,2,0,1,2
604,3745,2,SM,1,1,1,2.05,0.55,1.8,1.18,1.28,1.1,1.2,0.3,0.0,2,0,3,1,0,3,1,2,0,17,2
604,3746,2,SM,1,1,1,1.59,0.61,2.34,0.88,1.03,0.88,1.2,0.3,0.0,2,0,3,1,0,3,1,2,0,17,2
604,3747,3,CAR,1,1,1,2.05,0.69,1.44,0.88,1.08,0.88,1.2,0.2,0.0,2,0,3,1,0,3,1,2,0,17,2
604,3748,2,SM,1,1,1,1.74,0.69,2.34,0.88,1.08,1.43,0.6,0.1,0.0,2,0,3,1,0,3,1,2,0,17,2
604,3749,3,CAR,1,1,1,1.74,0.69,1.44,0.98,1.11,1.43,1.2,0.3,0.0,2,0,3,1,0,3,1,2,0,17,2
604,3750,2,SM,1,1,1,1.59,0.69,2.34,0.98,1.11,1.1,0.6,0.2,0.0,2,0,3,1,0,3,1,2,0,17,2
604,3751,3,CAR,1,1,1,1.59,0.61,1.8,1.18,1.32,0.88,0.6,0.1,0.0,2,0,3,1,0,3,1,2,0,17,2
604,3752,2,SM,1,1,1,1.59,0.55,1.8,0.98,1.16,1.43,1.2,0.2,0.0,2,0,3,1,0,3,1,2,0,17,2
604,3753,3,CAR,1,1,1,1.74,0.69,1.8,1.18,1.61,1.43,0.3,0.2,0.0,2,0,3,1,0,3,1,2,0,17,2
605,3754,3,CAR,1,1,1,1.71,0.96,1.2,0.91,0.99,0.64,0.3,0.1,0.0,2,0,3,1,0,2,1,2,0,2,1
605,3755,2,SM,1,1,1,1.71,0.92,1.56,0.91,1.16,1.04,1.2,0.1,0.0,2,0,3,1,0,2,1,2,0,2,1
605,3756,2,SM,1,1,1,1.71,0.89,1.56,0.82,1.08,0.8,0.3,0.2,0.0,2,0,3,1,0,2,1,2,0,2,1
605,3757,3,CAR,1,1,1,1.31,0.89,0.96,0.82,1.08,1.04,0.6,0.3,0.0,2,0,3,1,0,2,1,2,0,2,1
605,3758,2,SM,1,1,1,1.44,0.89,1.56,0.91,1.03,0.64,0.3,0.3,0.0,2,0,3,1,0,2,1,2,0,2,1
605,3759,3,CAR,1,1,1,1.44,0.92,0.96,0.82,0.95,0.8,0.3,0.1,0.0,2,0,3,1,0,2,1,2,0,2,1
605,3760,3,CAR,1,1,1,1.44,0.89,0.96,1.09,1.14,0.64,0.6,0.2,0.0,2,0,3,1,0,2,1,2,0,2,1
605,3761,3,CAR,1,1,1,1.71,0.92,0.96,1.09,1.16,1.04,0.3,0.3,0.0,2,0,3,1,0,2,1,2,0,2,1
605,3762,2,SM,1,1,1,1.44,0.92,1.2,0.91,1.16,0.8,0.6,0.3,0.0,2,0,3,1,0,2,1,2,0,2,1
606,3763,2,SM,1,1,1,1.06,0.41,0.9,0.7,0.83,0.44,0.3,0.1,0.0,2,0,3,1,0,3,1,2,0,1,2
606,3764,3,CAR,1,1,1,1.06,0.37,1.17,0.7,0.98,0.71,1.2,0.1,0.0,2,0,3,1,0,3,1,2,0,1,2
606,3765,2,SM,1,1,1,1.06,0.34,1.17,0.63,0.91,0.55,0.3,0.2,0.0,2,0,3,1,0,3,1,2,0,1,2
606,3766,2,SM,1,1,1,0.85,0.34,0.72,0.63,0.91,0.71,0.6,0.3,0.0,2,0,3,1,0,3,1,2,0,1,2
606,3767,2,SM,1,1,1,0.92,0.34,1.17,0.7,0.86,0.44,0.3,0.3,0.0,2,0,3,1,0,3,1,2,0,1,2
606,3768,2,SM,1,1,1,0.92,0.37,0.72,0.63,0.76,0.55,0.3,0.1,0.0,2,0,3,1,0,3,1,2,0,1,2
606,3769,2,SM,1,1,1,0.92,0.34,0.72,0.84,0.91,0.44,0.6,0.2,0.0,2,0,3,1,0,3,1,2,0,1,2
606,3770,2,SM,1,1,1,1.06,0.37,0.72,0.84,0.98,0.71,0.3,0.3,0.0,2,0,3,1,0,3,1,2,0,1,2
606,3771,2,SM,1,1,1,0.92,0.37,0.9,0.7,0.98,0.55,0.6,0.3,0.0,2,0,3,1,0,3,1,2,0,1,2
607,3772,2,SM,1,1,1,2.47,0.8,2.86,1.54,1.77,1.3,1.2,0.2,0.0,2,0,3,1,0,4,1,2,0,17,22
607,3773,2,SM,1,1,1,2.24,0.71,2.86,1.54,1.65,1.69,0.3,0.1,0.0,2,0,3,1,0,4,1,2,0,17,22
607,3774,3,CAR,1,1,1,2.92,0.92,2.86,1.54,2.1,1.04,0.6,0.3,0.0,2,0,3,1,0,4,1,2,0,17,22
607,3775,3,CAR,1,1,1,2.24,0.8,1.76,1.28,1.82,1.04,0.3,0.2,0.0,2,0,3,1,0,4,1,2,0,17,22
607,3776,2,SM,1,1,1,2.92,0.8,2.2,1.15,1.32,1.69,0.6,0.2,0.0,2,0,3,1,0,4,1,2,0,17,22
607,3777,2,SM,1,1,1,2.47,0.71,2.2,1.15,1.65,1.04,1.2,0.1,0.0,2,0,3,1,0,4,1,2,0,17,22
607,3778,2,SM,1,1,1,2.24,0.92,1.76,1.54,2.1,1.3,1.2,0.1,0.0,2,0,3,1,0,4,1,2,0,17,22
607,3779,2,SM,1,1,1,2.24,0.92,2.2,1.15,1.44,1.3,0.3,0.3,0.0,2,0,3,1,0,4,1,2,0,17,22
607,3780,3,CAR,1,1,1,2.92,0.71,1.76,1.28,1.56,1.3,0.6,0.1,0.0,2,0,3,1,0,4,1,2,0,17,22
608,3781,2,SM,1,1,1,2.18,0.69,1.6,1.27,1.39,1.05,1.2,0.3,0.0,2,0,3,1,1,2,0,4,0,22,1
608,3782,2,SM,1,1,1,1.66,0.75,2.08,0.95,1.11,0.84,1.2,0.3,0.0,2,0,3,1,1,2,0,4,0,22,1
608,3783,3,CAR,1,1,1,2.18,0.83,1.28,0.95,1.16,0.84,1.2,0.2,0.0,2,0,3,1,1,2,0,4,0,22,1
608,3784,2,SM,1,1,1,1.83,0.83,2.08,0.95,1.16,1.36,0.6,0.1,0.0,2,0,3,1,1,2,0,4,0,22,1
608,3785,3,CAR,1,1,1,1.83,0.83,1.28,1.06,1.23,1.36,1.2,0.3,0.0,2,0,3,1,1,2,0,4,0,22,1
608,3786,2,SM,1,1,1,1.66,0.83,2.08,1.06,1.23,1.05,0.6,0.2,0.0,2,0,3,1,1,2,0,4,0,22,1
608,3787,3,CAR,1,1,1,1.66,0.75,1.6,1.27,1.44,0.84,0.6,0.1,0.0,2,0,3,1,1,2,0,4,0,22,1
608,3788,2,SM,1,1,1,1.66,0.69,1.6,1.06,1.28,1.36,1.2,0.2,0.0,2,0,3,1,1,2,0,4,0,22,1
608,3789,3,CAR,1,1,1,1.83,0.83,1.6,1.27,1.72,1.36,0.3,0.2,0.0,2,0,3,1,1,2,0,4,0,22,1
609,3790,2,SM,1,1,1,1.06,0.34,0.9,0.84,0.91,0.5,1.2,0.3,0.0,2,0,3,1,1,2,1,2,0,2,1
609,3791,2,SM,1,1,1,0.85,0.37,1.17,0.63,0.76,0.4,1.2,0.3,0.0,2,0,3,1,1,2,1,2,0,2,1
609,3792,2,SM,1,1,1,1.06,0.41,0.72,0.63,0.8,0.4,1.2,0.2,0.0,2,0,3,1,1,2,1,2,0,2,1
609,3793,2,SM,1,1,1,0.92,0.41,1.17,0.63,0.8,0.65,0.6,0.1,0.0,2,0,3,1,1,2,1,2,0,2,1
609,3794,2,SM,1,1,1,0.92,0.41,0.72,0.7,0.83,0.65,1.2,0.3,0.0,2,0,3,1,1,2,1,2,0,2,1
609,3795,2,SM,1,1,1,0.85,0.41,1.17,0.7,0.83,0.5,0.6,0.2,0.0,2,0,3,1,1,2,1,2,0,2,1
609,3796,1,TRAIN,1,1,1,0.85,0.37,0.9,0.84,0.98,0.4,0.6,0.1,0.0,2,0,3,1,1,2,1,2,0,2,1
609,3797,2,SM,1,1,1,0.85,0.34,0.9,0.7,0.86,0.65,1.2,0.2,0.0,2,0,3,1,1,2,1,2,0,2,1
609,3798,1,TRAIN,1,1,1,0.92,0.41,0.9,0.84,1.11,0.65,0.3,0.2,0.0,2,0,3,1,1,2,1,2,0,2,1
610,3799,3,CAR,1,1,1,1.43,0.7,1.0,0.8,0.9,0.48,0.3,0.1,0.0,2,0,3,1,1,3,1,2,0,2,1
610,3800,3,CAR,1,1,1,1.43,0.66,1.3,0.8,1.03,0.78,1.2,0.1,0.0,2,0,3,1,1,3,1,2,0,2,1
610,3801,3,CAR,1,1,1,1.43,0.63,1.3,0.72,0.98,0.6,0.3,0.2,0.0,2,0,3,1,1,3,1,2,0,2,1
610,3802,3,CAR,1,1,1,1.1,0.63,0.8,0.72,0.98,0.78,0.6,0.3,0.0,2,0,3,1,1,3,1,2,0,2,1
610,3803,3,CAR,1,1,1,1.21,0.63,1.3,0.8,0.91,0.48,0.3,0.3,0.0,2,0,3,1,1,3,1,2,0,2,1
610,3804,3,CAR,1,1,1,1.21,0.66,0.8,0.72,0.83,0.6,0.3,0.1,0.0,2,0,3,1,1,3,1,2,0,2,1
610,3805,3,CAR,1,1,1,1.21,0.63,0.8,0.96,0.98,0.48,0.6,0.2,0.0,2,0,3,1,1,3,1,2,0,2,1
610,3806,3,CAR,1,1,1,1.43,0.66,0.8,0.96,1.03,0.78,0.3,0.3,0.0,2,0,3,1,1,3,1,2,0,2,1
610,3807,3,CAR,1,1,1,1.21,0.66,1.0,0.8,1.03,0.6,0.6,0.3,0.0,2,0,3,1,1,3,1,2,0,2,1
611,3808,2,SM,1,1,1,1.64,0.57,1.2,0.96,0.99,0.7,1.2,0.3,0.0,2,0,3,1,1,5,1,1,0,25,2
611,3809,2,SM,1,1,1,1.25,0.62,1.56,0.72,0.83,0.56,1.2,0.3,0.0,2,0,3,1,1,5,1,1,0,25,2
611,3810,3,CAR,1,1,1,1.64,0.68,0.96,0.72,0.9,0.56,1.2,0.2,0.0,2,0,3,1,1,5,1,1,0,25,2
611,3811,2,SM,1,1,1,1.38,0.68,1.56,0.72,0.9,0.91,0.6,0.1,0.0,2,0,3,1,1,5,1,1,0,25,2
611,3812,2,SM,1,1,1,1.38,0.68,0.96,0.8,0.9,0.91,1.2,0.3,0.0,2,0,3,1,1,5,1,1,0,25,2
611,3813,2,SM,1,1,1,1.25,0.68,1.56,0.8,0.9,0.7,0.6,0.2,0.0,2,0,3,1,1,5,1,1,0,25,2
611,3814,3,CAR,1,1,1,1.25,0.62,1.2,0.96,1.06,0.56,0.6,0.1,0.0,2,0,3,1,1,5,1,1,0,25,2
611,3815,2,SM,1,1,1,1.25,0.57,1.2,0.8,0.95,0.91,1.2,0.2,0.0,2,0,3,1,1,5,1,1,0,25,2
611,3816,1,TRAIN,1,1,1,1.38,0.68,1.2,0.96,1.23,0.91,0.3,0.2,0.0,2,0,3,1,1,5,1,1,0,25,2
612,3817,3,CAR,1,1,1,1.92,1.09,1.69,1.19,1.44,0.7,1.2,0.2,0.0,2,0,3,1,1,3,0,2,0,15,2
612,3818,3,CAR,1,1,1,1.76,1.03,1.69,1.19,1.32,0.91,0.3,0.1,0.0,2,0,3,1,1,3,0,2,0,15,2
612,3819,3,CAR,1,1,1,2.24,1.17,1.69,1.19,1.65,0.56,0.6,0.3,0.0,2,0,3,1,1,3,0,2,0,15,2
612,3820,3,CAR,1,1,1,1.76,1.09,1.04,0.99,1.44,0.56,0.3,0.2,0.0,2,0,3,1,1,3,0,2,0,15,2
612,3821,2,SM,1,1,1,2.24,1.09,1.3,0.89,1.08,0.91,0.6,0.2,0.0,2,0,3,1,1,3,0,2,0,15,2
612,3822,3,CAR,1,1,1,1.92,1.03,1.3,0.89,1.32,0.56,1.2,0.1,0.0,2,0,3,1,1,3,0,2,0,15,2
612,3823,3,CAR,1,1,1,1.76,1.17,1.04,1.19,1.65,0.7,1.2,0.1,0.0,2,0,3,1,1,3,0,2,0,15,2
612,3824,3,CAR,1,1,1,1.76,1.17,1.3,0.89,1.14,0.7,0.3,0.3,0.0,2,0,3,1,1,3,0,2,0,15,2
612,3825,3,CAR,1,1,1,2.24,1.03,1.04,0.99,1.28,0.7,0.6,0.1,0.0,2,0,3,1,1,3,0,2,0,15,2
613,3826,3,CAR,1,1,1,1.64,0.92,1.5,1.08,1.08,0.95,1.2,0.3,0.0,2,0,3,1,1,3,1,2,0,22,1
613,3827,2,SM,1,1,1,1.25,0.95,1.95,0.81,0.91,0.76,1.2,0.3,0.0,2,0,3,1,1,3,1,2,0,22,1
613,3828,3,CAR,1,1,1,1.64,0.99,1.2,0.81,0.95,0.76,1.2,0.2,0.0,2,0,3,1,1,3,1,2,0,22,1
613,3829,2,SM,1,1,1,1.38,0.99,1.95,0.81,0.95,1.23,0.6,0.1,0.0,2,0,3,1,1,3,1,2,0,22,1
613,3830,3,CAR,1,1,1,1.38,0.99,1.2,0.9,0.98,1.23,1.2,0.3,0.0,2,0,3,1,1,3,1,2,0,22,1
613,3831,2,SM,1,1,1,1.25,0.99,1.95,0.9,0.98,0.95,0.6,0.2,0.0,2,0,3,1,1,3,1,2,0,22,1
613,3832,3,CAR,1,1,1,1.25,0.95,1.5,1.08,1.14,0.76,0.6,0.1,0.0,2,0,3,1,1,3,1,2,0,22,1
613,3833,3,CAR,1,1,1,1.25,0.92,1.5,0.9,0.99,1.23,1.2,0.2,0.0,2,0,3,1,1,3,1,2,0,22,1
613,3834,3,CAR,1,1,1,1.38,0.99,1.5,1.08,1.28,1.23,0.3,0.2,0.0,2,0,3,1,1,3,1,2,0,22,1
614,3835,2,SM,1,1,1,2.36,0.63,1.9,1.48,1.56,1.15,1.2,0.3,0.0,2,0,3,2,0,2,1,2,0,1,25
614,3836,2,SM,1,1,1,1.82,0.71,2.47,1.11,1.28,0.92,1.2,0.3,0.0,2,0,3,2,0,2,1,2,0,1,25
614,3837,3,CAR,1,1,1,2.36,0.81,1.52,1.11,1.32,0.92,1.2,0.2,0.0,2,0,3,2,0,2,1,2,0,1,25
614,3838,2,SM,1,1,1,2.0,0.81,2.47,1.11,1.32,1.49,0.6,0.1,0.0,2,0,3,2,0,2,1,2,0,1,25
614,3839,3,CAR,1,1,1,2.0,0.81,1.52,1.23,1.39,1.49,1.2,0.3,0.0,2,0,3,2,0,2,1,2,0,1,25
614,3840,2,SM,1,1,1,1.82,0.81,2.47,1.23,1.39,1.15,0.6,0.2,0.0,2,0,3,2,0,2,1,2,0,1,25
614,3841,2,SM,1,1,1,1.82,0.71,1.9,1.48,1.65,0.92,0.6,0.1,0.0,2,0,3,2,0,2,1,2,0,1,25
614,3842,2,SM,1,1,1,1.82,0.63,1.9,1.23,1.44,1.49,1.2,0.2,0.0,2,0,3,2,0,2,1,2,0,1,25
614,3843,2,SM,1,1,1,2.0,0.81,1.9,1.48,1.98,1.49,0.3,0.2,0.0,2,0,3,2,0,2,1,2,0,1,25
615,3844,3,CAR,1,1,1,2.22,0.89,1.7,1.08,1.23,0.84,0.3,0.1,0.0,2,0,3,2,0,2,1,2,0,22,1
615,3845,2,SM,1,1,1,2.22,0.81,2.21,1.08,1.49,1.36,1.2,0.1,0.0,2,0,3,2,0,2,1,2,0,22,1
615,3846,1,TRAIN,1,1,1,2.22,0.75,2.21,0.97,1.39,1.05,0.3,0.2,0.0,2,0,3,2,0,2,1,2,0,22,1
615,3847,1,TRAIN,1,1,1,1.73,0.75,1.36,0.97,1.39,1.36,0.6,0.3,0.0,2,0,3,2,0,2,1,2,0,22,1
615,3848,2,SM,1,1,1,1.89,0.75,2.21,1.08,1.28,0.84,0.3,0.3,0.0,2,0,3,2,0,2,1,2,0,22,1
615,3849,3,CAR,1,1,1,1.89,0.81,1.36,0.97,1.14,1.05,0.3,0.1,0.0,2,0,3,2,0,2,1,2,0,22,1
615,3850,3,CAR,1,1,1,1.89,0.75,1.36,1.3,1.39,0.84,0.6,0.2,0.0,2,0,3,2,0,2,1,2,0,22,1
615,3851,2,SM,1,1,1,2.22,0.81,1.36,1.3,1.49,1.36,0.3,0.3,0.0,2,0,3,2,0,2,1,2,0,22,1
615,3852,1,TRAIN,1,1,1,1.89,0.81,1.7,1.08,1.49,1.05,0.6,0.3,0.0,2,0,3,2,0,2,1,2,0,22,1
616,3853,2,SM,1,1,1,2.47,0.8,2.86,1.54,1.77,1.35,1.2,0.2,0.0,2,0,3,2,0,2,1,2,0,22,17
616,3854,2,SM,1,1,1,2.24,0.71,2.86,1.54,1.65,1.75,0.3,0.1,0.0,2,0,3,2,0,2,1,2,0,22,17
616,3855,3,CAR,1,1,1,2.92,0.92,2.86,1.54,2.1,1.08,0.6,0.3,0.0,2,0,3,2,0,2,1,2,0,22,17
616,3856,3,CAR,1,1,1,2.24,0.8,1.76,1.28,1.82,1.08,0.3,0.2,0.0,2,0,3,2,0,2,1,2,0,22,17
616,3857,2,SM,1,1,1,2.92,0.8,2.2,1.15,1.32,1.75,0.6,0.2,0.0,2,0,3,2,0,2,1,2,0,22,17
616,3858,3,CAR,1,1,1,2.47,0.71,2.2,1.15,1.65,1.08,1.2,0.1,0.0,2,0,3,2,0,2,1,2,0,22,17
616,3859,3,CAR,1,1,1,2.24,0.92,1.76,1.54,2.1,1.35,1.2,0.1,0.0,2,0,3,2,0,2,1,2,0,22,17
616,3860,2,SM,1,1,1,2.24,0.92,2.2,1.15,1.44,1.35,0.3,0.3,0.0,2,0,3,2,0,2,1,2,0,22,17
616,3861,2,SM,1,1,1,2.92,0.71,1.76,1.28,1.56,1.35,0.6,0.1,0.0,2,0,3,2,0,2,1,2,0,22,17
617,3862,2,SM,1,1,1,1.25,0.53,0.9,0.76,0.86,0.48,0.3,0.1,0.0,2,0,3,2,0,2,1,3,0,2,1
617,3863,2,SM,1,1,1,1.25,0.49,1.17,0.76,0.99,0.78,1.2,0.1,0.0,2,0,3,2,0,2,1,3,0,2,1
617,3864,2,SM,1,1,1,1.25,0.46,1.17,0.68,0.95,0.6,0.3,0.2,0.0,2,0,3,2,0,2,1,3,0,2,1
617,3865,3,CAR,1,1,1,0.94,0.46,0.72,0.68,0.95,0.78,0.6,0.3,0.0,2,0,3,2,0,2,1,3,0,2,1
617,3866,2,SM,1,1,1,1.04,0.46,1.17,0.76,0.9,0.48,0.3,0.3,0.0,2,0,3,2,0,2,1,3,0,2,1
617,3867,2,SM,1,1,1,1.04,0.49,0.72,0.68,0.8,0.6,0.3,0.1,0.0,2,0,3,2,0,2,1,3,0,2,1
617,3868,2,SM,1,1,1,1.04,0.46,0.72,0.91,0.95,0.48,0.6,0.2,0.0,2,0,3,2,0,2,1,3,0,2,1
617,3869,3,CAR,1,1,1,1.25,0.49,0.72,0.91,0.99,0.78,0.3,0.3,0.0,2,0,3,2,0,2,1,3,0,2,1
617,3870,2,SM,1,1,1,1.04,0.49,0.9,0.76,0.99,0.6,0.6,0.3,0.0,2,0,3,2,0,2,1,3,0,2,1
618,3871,2,SM,1,1,1,2.0,0.71,2.73,1.48,1.65,1.35,1.2,0.2,0.0,2,0,3,2,0,2,1,3,0,25,1
618,3872,2,SM,1,1,1,1.82,0.63,2.73,1.48,1.56,1.75,0.3,0.1,0.0,2,0,3,2,0,2,1,3,0,25,1
618,3873,2,SM,1,1,1,2.36,0.81,2.73,1.48,1.98,1.08,0.6,0.3,0.0,2,0,3,2,0,2,1,3,0,25,1
618,3874,2,SM,1,1,1,1.82,0.71,1.68,1.23,1.72,1.08,0.3,0.2,0.0,2,0,3,2,0,2,1,3,0,25,1
618,3875,2,SM,1,1,1,2.36,0.71,2.1,1.11,1.28,1.75,0.6,0.2,0.0,2,0,3,2,0,2,1,3,0,25,1
618,3876,2,SM,1,1,1,2.0,0.63,2.1,1.11,1.56,1.08,1.2,0.1,0.0,2,0,3,2,0,2,1,3,0,25,1
618,3877,2,SM,1,1,1,1.82,0.81,1.68,1.48,1.98,1.35,1.2,0.1,0.0,2,0,3,2,0,2,1,3,0,25,1
618,3878,2,SM,1,1,1,1.82,0.81,2.1,1.11,1.32,1.35,0.3,0.3,0.0,2,0,3,2,0,2,1,3,0,25,1
618,3879,2,SM,1,1,1,2.36,0.63,1.68,1.23,1.44,1.35,0.6,0.1,0.0,2,0,3,2,0,2,1,3,0,25,1
619,3880,2,SM,1,1,1,3.08,1.25,2.5,1.67,1.77,1.55,1.2,0.3,0.0,2,0,3,2,0,2,1,4,0,17,25
619,3881,2,SM,1,1,1,2.36,1.33,3.25,1.25,1.39,1.24,1.2,0.3,0.0,2,0,3,2,0,2,1,4,0,17,25
619,3882,3,CAR,1,1,1,3.08,1.43,2.0,1.25,1.49,1.24,1.2,0.2,0.0,2,0,3,2,0,2,1,4,0,17,25
619,3883,2,SM,1,1,1,2.6,1.43,3.25,1.25,1.49,2.01,0.6,0.1,0.0,2,0,3,2,0,2,1,4,0,17,25
619,3884,3,CAR,1,1,1,2.6,1.43,2.0,1.39,1.56,2.01,1.2,0.3,0.0,2,0,3,2,0,2,1,4,0,17,25
619,3885,2,SM,1,1,1,2.36,1.43,3.25,1.39,1.56,1.55,0.6,0.2,0.0,2,0,3,2,0,2,1,4,0,17,25
619,3886,3,CAR,1,1,1,2.36,1.33,2.5,1.67,1.89,1.24,0.6,0.1,0.0,2,0,3,2,0,2,1,4,0,17,25
619,3887,2,SM,1,1,1,2.36,1.25,2.5,1.39,1.61,2.01,1.2,0.2,0.0,2,0,3,2,0,2,1,4,0,17,25
619,3888,2,SM,1,1,1,2.6,1.43,2.5,1.67,2.15,2.01,0.3,0.2,0.0,2,0,3,2,0,2,1,4,0,17,25
620,3889,2,SM,1,1,1,1.06,0.41,0.9,0.7,0.83,0.56,0.3,0.1,0.0,2,0,3,2,0,3,1,2,0,2,1
620,3890,2,SM,1,1,1,1.06,0.37,1.17,0.7,0.98,0.91,1.2,0.1,0.0,2,0,3,2,0,3,1,2,0,2,1
620,3891,2,SM,1,1,1,1.06,0.34,1.17,0.63,0.91,0.7,0.3,0.2,0.0,2,0,3,2,0,3,1,2,0,2,1
620,3892,3,CAR,1,1,1,0.85,0.34,0.72,0.63,0.91,0.91,0.6,0.3,0.0,2,0,3,2,0,3,1,2,0,2,1
620,3893,2,SM,1,1,1,0.92,0.34,1.17,0.7,0.86,0.56,0.3,0.3,0.0,2,0,3,2,0,3,1,2,0,2,1
620,3894,2,SM,1,1,1,0.92,0.37,0.72,0.63,0.76,0.7,0.3,0.1,0.0,2,0,3,2,0,3,1,2,0,2,1
620,3895,3,CAR,1,1,1,0.92,0.34,0.72,0.84,0.91,0.56,0.6,0.2,0.0,2,0,3,2,0,3,1,2,0,2,1
620,3896,3,CAR,1,1,1,1.06,0.37,0.72,0.84,0.98,0.91,0.3,0.3,0.0,2,0,3,2,0,3,1,2,0,2,1
620,3897,3,CAR,1,1,1,0.92,0.37,0.9,0.7,0.98,0.7,0.6,0.3,0.0,2,0,3,2,0,3,1,2,0,2,1
621,3898,2,SM,1,1,1,1.16,0.4,0.8,0.74,0.8,0.55,1.2,0.3,0.0,2,0,3,2,0,3,1,2,0,22,2
621,3899,2,SM,1,1,1,0.89,0.43,1.04,0.56,0.63,0.44,1.2,0.3,0.0,2,0,3,2,0,3,1,2,0,22,2
621,3900,2,SM,1,1,1,1.16,0.47,0.64,0.56,0.65,0.44,1.2,0.2,0.0,2,0,3,2,0,3,1,2,0,22,2
621,3901,2,SM,1,1,1,0.98,0.47,1.04,0.56,0.65,0.71,0.6,0.1,0.0,2,0,3,2,0,3,1,2,0,22,2
621,3902,2,SM,1,1,1,0.98,0.47,0.64,0.62,0.68,0.71,1.2,0.3,0.0,2,0,3,2,0,3,1,2,0,22,2
621,3903,2,SM,1,1,1,0.89,0.47,1.04,0.62,0.68,0.55,0.6,0.2,0.0,2,0,3,2,0,3,1,2,0,22,2
621,3904,2,SM,1,1,1,0.89,0.43,0.8,0.74,0.83,0.44,0.6,0.1,0.0,2,0,3,2,0,3,1,2,0,22,2
621,3905,2,SM,1,1,1,0.89,0.4,0.8,0.62,0.71,0.71,1.2,0.2,0.0,2,0,3,2,0,3,1,2,0,22,2
621,3906,2,SM,1,1,1,0.98,0.47,0.8,0.74,0.95,0.71,0.3,0.2,0.0,2,0,3,2,0,3,1,2,0,22,2
622,3907,3,CAR,1,1,1,2.16,0.68,1.7,1.27,1.32,1.0,1.2,0.3,0.0,2,0,3,2,0,3,1,3,0,22,1
622,3908,2,SM,1,1,1,1.65,0.74,2.21,0.95,1.08,0.8,1.2,0.3,0.0,2,0,3,2,0,3,1,3,0,22,1
622,3909,3,CAR,1,1,1,2.16,0.82,1.36,0.95,1.16,0.8,1.2,0.2,0.0,2,0,3,2,0,3,1,3,0,22,1
622,3910,2,SM,1,1,1,1.82,0.82,2.21,0.95,1.16,1.3,0.6,0.1,0.0,2,0,3,2,0,3,1,3,0,22,1
622,3911,3,CAR,1,1,1,1.82,0.82,1.36,1.06,1.16,1.3,1.2,0.3,0.0,2,0,3,2,0,3,1,3,0,22,1
622,3912,3,CAR,1,1,1,1.65,0.82,2.21,1.06,1.16,1.0,0.6,0.2,0.0,2,0,3,2,0,3,1,3,0,22,1
622,3913,2,SM,1,1,1,1.65,0.74,1.7,1.27,1.44,0.8,0.6,0.1,0.0,2,0,3,2,0,3,1,3,0,22,1
622,3914,3,CAR,1,1,1,1.65,0.68,1.7,1.06,1.28,1.3,1.2,0.2,0.0,2,0,3,2,0,3,1,3,0,22,1
622,3915,3,CAR,1,1,1,1.82,0.82,1.7,1.27,1.65,1.3,0.3,0.2,0.0,2,0,3,2,0,3,1,3,0,22,1
623,3916,3,CAR,1,1,1,1.42,0.66,1.0,0.96,0.98,0.65,1.2,0.3,0.0,2,0,3,2,0,3,1,4,0,2,1
623,3917,2,SM,1,1,1,1.06,0.69,1.3,0.72,0.83,0.52,1.2,0.3,0.0,2,0,3,2,0,3,1,4,0,2,1
623,3918,3,CAR,1,1,1,1.42,0.73,0.8,0.72,0.86,0.52,1.2,0.2,0.0,2,0,3,2,0,3,1,4,0,2,1
623,3919,2,SM,1,1,1,1.18,0.73,1.3,0.72,0.86,0.84,0.6,0.1,0.0,2,0,3,2,0,3,1,4,0,2,1
623,3920,3,CAR,1,1,1,1.18,0.73,0.8,0.8,0.9,0.84,1.2,0.3,0.0,2,0,3,2,0,3,1,4,0,2,1
623,3921,2,SM,1,1,1,1.06,0.73,1.3,0.8,0.9,0.65,0.6,0.2,0.0,2,0,3,2,0,3,1,4,0,2,1
623,3922,3,CAR,1,1,1,1.06,0.69,1.0,0.96,1.03,0.52,0.6,0.1,0.0,2,0,3,2,0,3,1,4,0,2,1
623,3923,3,CAR,1,1,1,1.06,0.66,1.0,0.8,0.91,0.84,1.2,0.2,0.0,2,0,3,2,0,3,1,4,0,2,1
623,3924,3,CAR,1,1,1,1.18,0.73,1.0,0.96,1.16,0.84,0.3,0.2,0.0,2,0,3,2,0,3,1,4,0,2,1
624,3925,3,CAR,1,1,1,1.32,0.8,1.3,0.83,0.98,0.68,0.3,0.1,0.0,2,0,3,2,0,3,1,3,0,2,25
624,3926,2,SM,1,1,1,1.32,0.74,1.69,0.83,1.16,1.1,1.2,0.1,0.0,2,0,3,2,0,3,1,3,0,2,25
624,3927,2,SM,1,1,1,1.32,0.69,1.69,0.75,1.08,0.85,0.3,0.2,0.0,2,0,3,2,0,3,1,3,0,2,25
624,3928,3,CAR,1,1,1,1.02,0.69,1.04,0.75,1.08,1.1,0.6,0.3,0.0,2,0,3,2,0,3,1,3,0,2,25
624,3929,2,SM,1,1,1,1.12,0.69,1.69,0.83,1.03,0.68,0.3,0.3,0.0,2,0,3,2,0,3,1,3,0,2,25
624,3930,3,CAR,1,1,1,1.12,0.74,1.04,0.75,0.91,0.85,0.3,0.1,0.0,2,0,3,2,0,3,1,3,0,2,25
624,3931,3,CAR,1,1,1,1.12,0.69,1.04,1.0,1.11,0.68,0.6,0.2,0.0,2,0,3,2,0,3,1,3,0,2,25
624,3932,3,CAR,1,1,1,1.32,0.74,1.04,1.0,1.16,1.1,0.3,0.3,0.0,2,0,3,2,0,3,1,3,0,2,25
624,3933,2,SM,1,1,1,1.12,0.74,1.3,0.83,1.16,0.85,0.6,0.3,0.0,2,0,3,2,0,3,1,3,0,2,25
625,3934,2,SM,1,1,1,2.55,1.0,2.0,1.3,1.39,1.2,1.2,0.3,0.0,2,0,3,2,0,4,1,3,0,22,1
625,3935,2,SM,1,1,1,1.94,1.06,2.6,0.97,1.14,0.96,1.2,0.3,0.0,2,0,3,2,0,4,1,3,0,22,1
625,3936,3,CAR,1,1,1,2.55,1.14,1.6,0.97,1.23,0.96,1.2,0.2,0.0,2,0,3,2,0,4,1,3,0,22,1
625,3937,2,SM,1,1,1,2.14,1.14,2.6,0.97,1.23,1.56,0.6,0.1,0.0,2,0,3,2,0,4,1,3,0,22,1
625,3938,3,CAR,1,1,1,2.14,1.14,1.6,1.08,1.23,1.56,1.2,0.3,0.0,2,0,3,2,0,4,1,3,0,22,1
625,3939,2,SM,1,1,1,1.94,1.14,2.6,1.08,1.23,1.2,0.6,0.2,0.0,2,0,3,2,0,4,1,3,0,22,1
625,3940,3,CAR,1,1,1,1.94,1.06,2.0,1.3,1.49,0.96,0.6,0.1,0.0,2,0,3,2,0,4,1,3,0,22,1
625,3941,2,SM,1,1,1,1.94,1.0,2.0,1.08,1.28,1.56,1.2,0.2,0.0,2,0,3,2,0,4,1,3,0,22,1
625,3942,2,SM,1,1,1,2.14,1.14,2.0,1.3,1.72,1.56,0.3,0.2,0.0,2,0,3,2,0,4,1,3,0,22,1
626,3943,2,SM,1,1,1,1.9,0.83,1.3,1.03,1.08,1.0,1.2,0.3,0.0,2,0,3,2,1,2,0,1,0,2,25
626,3944,2,SM,1,1,1,1.51,0.88,1.69,0.77,0.9,0.8,1.2,0.3,0.0,2,0,3,2,1,2,0,1,0,2,25
626,3945,3,CAR,1,1,1,1.9,0.94,1.04,0.77,0.91,0.8,1.2,0.2,0.0,2,0,3,2,1,2,0,1,0,2,25
626,3946,2,SM,1,1,1,1.64,0.94,1.69,0.77,0.91,1.3,0.6,0.1,0.0,2,0,3,2,1,2,0,1,0,2,25
626,3947,3,CAR,1,1,1,1.64,0.94,1.04,0.86,0.95,1.3,1.2,0.3,0.0,2,0,3,2,1,2,0,1,0,2,25
626,3948,2,SM,1,1,1,1.51,0.94,1.69,0.86,0.95,1.0,0.6,0.2,0.0,2,0,3,2,1,2,0,1,0,2,25
626,3949,2,SM,1,1,1,1.51,0.88,1.3,1.03,1.11,0.8,0.6,0.1,0.0,2,0,3,2,1,2,0,1,0,2,25
626,3950,2,SM,1,1,1,1.51,0.83,1.3,0.86,0.99,1.3,1.2,0.2,0.0,2,0,3,2,1,2,0,1,0,2,25
626,3951,2,SM,1,1,1,1.64,0.94,1.3,1.03,1.28,1.3,0.3,0.2,0.0,2,0,3,2,1,2,0,1,0,2,25
627,3952,3,CAR,1,1,1,2.33,1.28,1.95,1.37,1.56,0.9,1.2,0.2,0.0,2,0,3,2,1,2,1,2,0,2,17
627,3953,2,SM,1,1,1,2.1,1.22,1.95,1.37,1.49,1.17,0.3,0.1,0.0,2,0,3,2,1,2,1,2,0,2,17
627,3954,3,CAR,1,1,1,2.78,1.36,1.95,1.37,1.77,0.72,0.6,0.3,0.0,2,0,3,2,1,2,1,2,0,2,17
627,3955,3,CAR,1,1,1,2.1,1.28,1.2,1.14,1.56,0.72,0.3,0.2,0.0,2,0,3,2,1,2,1,2,0,2,17
627,3956,2,SM,1,1,1,2.78,1.28,1.5,1.03,1.23,1.17,0.6,0.2,0.0,2,0,3,2,1,2,1,2,0,2,17
627,3957,3,CAR,1,1,1,2.33,1.22,1.5,1.03,1.44,0.72,1.2,0.1,0.0,2,0,3,2,1,2,1,2,0,2,17
627,3958,3,CAR,1,1,1,2.1,1.36,1.2,1.37,1.77,0.9,1.2,0.1,0.0,2,0,3,2,1,2,1,2,0,2,17
627,3959,2,SM,1,1,1,2.1,1.36,1.5,1.03,1.28,0.9,0.3,0.3,0.0,2,0,3,2,1,2,1,2,0,2,17
627,3960,3,CAR,1,1,1,2.78,1.22,1.2,1.14,1.32,0.9,0.6,0.1,0.0,2,0,3,2,1,2,1,2,0,2,17
628,3961,2,SM,1,1,1,1.46,0.44,1.2,0.96,0.99,0.85,1.2,0.3,0.0,2,0,3,2,1,2,1,2,0,2,25
628,3962,2,SM,1,1,1,1.14,0.49,1.56,0.72,0.83,0.68,1.2,0.3,0.0,2,0,3,2,1,2,1,2,0,2,25
628,3963,3,CAR,1,1,1,1.46,0.55,0.96,0.72,0.86,0.68,1.2,0.2,0.0,2,0,3,2,1,2,1,2,0,2,25
628,3964,2,SM,1,1,1,1.25,0.55,1.56,0.72,0.86,1.1,0.6,0.1,0.0,2,0,3,2,1,2,1,2,0,2,25
628,3965,3,CAR,1,1,1,1.25,0.55,0.96,0.8,0.9,1.1,1.2,0.3,0.0,2,0,3,2,1,2,1,2,0,2,25
628,3966,2,SM,1,1,1,1.14,0.55,1.56,0.8,0.9,0.85,0.6,0.2,0.0,2,0,3,2,1,2,1,2,0,2,25
628,3967,2,SM,1,1,1,1.14,0.49,1.2,0.96,1.06,0.68,0.6,0.1,0.0,2,0,3,2,1,2,1,2,0,2,25
628,3968,2,SM,1,1,1,1.14,0.44,1.2,0.8,0.91,1.1,1.2,0.2,0.0,2,0,3,2,1,2,1,2,0,2,25
628,3969,2,SM,1,1,1,1.25,0.55,1.2,0.96,1.23,1.1,0.3,0.2,0.0,2,0,3,2,1,2,1,2,0,2,25
629,3970,3,CAR,1,1,1,1.49,0.68,1.1,1.0,1.03,0.75,1.2,0.3,0.0,2,0,3,2,1,2,1,2,0,17,2
629,3971,2,SM,1,1,1,1.14,0.71,1.43,0.75,0.86,0.6,1.2,0.3,0.0,2,0,3,2,1,2,1,2,0,17,2
629,3972,3,CAR,1,1,1,1.49,0.75,0.88,0.75,0.9,0.6,1.2,0.2,0.0,2,0,3,2,1,2,1,2,0,17,2
629,3973,1,TRAIN,1,1,1,1.26,0.75,1.43,0.75,0.9,0.97,0.6,0.1,0.0,2,0,3,2,1,2,1,2,0,17,2
629,3974,2,SM,1,1,1,1.26,0.75,0.88,0.83,0.91,0.97,1.2,0.3,0.0,2,0,3,2,1,2,1,2,0,17,2
629,3975,2,SM,1,1,1,1.14,0.75,1.43,0.83,0.91,0.75,0.6,0.2,0.0,2,0,3,2,1,2,1,2,0,17,2
629,3976,3,CAR,1,1,1,1.14,0.71,1.1,1.0,1.08,0.6,0.6,0.1,0.0,2,0,3,2,1,2,1,2,0,17,2
629,3977,2,SM,1,1,1,1.14,0.68,1.1,0.83,0.98,0.97,1.2,0.2,0.0,2,0,3,2,1,2,1,2,0,17,2
629,3978,3,CAR,1,1,1,1.26,0.75,1.1,1.0,1.23,0.97,0.3,0.2,0.0,2,0,3,2,1,2,1,2,0,17,2
630,3979,3,CAR,1,1,1,1.79,1.24,1.43,1.14,1.23,0.65,1.2,0.2,0.0,2,0,3,2,1,2,1,2,0,17,2
630,3980,2,SM,1,1,1,1.61,1.21,1.43,1.14,1.16,0.84,0.3,0.1,0.0,2,0,3,2,1,2,1,2,0,17,2
630,3981,3,CAR,1,1,1,2.15,1.28,1.43,1.14,1.39,0.52,0.6,0.3,0.0,2,0,3,2,1,2,1,2,0,17,2
630,3982,3,CAR,1,1,1,1.61,1.24,0.88,0.95,1.23,0.52,0.3,0.2,0.0,2,0,3,2,1,2,1,2,0,17,2
630,3983,2,SM,1,1,1,2.15,1.24,1.1,0.85,0.95,0.84,0.6,0.2,0.0,2,0,3,2,1,2,1,2,0,17,2
630,3984,3,CAR,1,1,1,1.79,1.21,1.1,0.85,1.11,0.52,1.2,0.1,0.0,2,0,3,2,1,2,1,2,0,17,2
630,3985,3,CAR,1,1,1,1.61,1.28,0.88,1.14,1.39,0.65,1.2,0.1,0.0,2,0,3,2,1,2,1,2,0,17,2
630,3986,3,CAR,1,1,1,1.61,1.28,1.1,0.85,0.99,0.65,0.3,0.3,0.0,2,0,3,2,1,2,1,2,0,17,2
630,3987,3,CAR,1,1,1,2.15,1.21,0.88,0.95,1.06,0.65,0.6,0.1,0.0,2,0,3,2,1,2,1,2,0,17,2
631,3988,2,SM,1,1,1,2.14,0.7,2.1,1.27,1.39,1.3,1.2,0.3,0.0,2,0,3,2,1,2,1,2,0,22,1
631,3989,2,SM,1,1,1,1.63,0.76,2.73,0.95,1.11,1.04,1.2,0.3,0.0,2,0,3,2,1,2,1,2,0,22,1
631,3990,2,SM,1,1,1,2.14,0.84,1.68,0.95,1.16,1.04,1.2,0.2,0.0,2,0,3,2,1,2,1,2,0,22,1
631,3991,2,SM,1,1,1,1.8,0.84,2.73,0.95,1.16,1.69,0.6,0.1,0.0,2,0,3,2,1,2,1,2,0,22,1
631,3992,2,SM,1,1,1,1.8,0.84,1.68,1.06,1.23,1.69,1.2,0.3,0.0,2,0,3,2,1,2,1,2,0,22,1
631,3993,2,SM,1,1,1,1.63,0.84,2.73,1.06,1.23,1.3,0.6,0.2,0.0,2,0,3,2,1,2,1,2,0,22,1
631,3994,2,SM,1,1,1,1.63,0.76,2.1,1.27,1.44,1.04,0.6,0.1,0.0,2,0,3,2,1,2,1,2,0,22,1
631,3995,2,SM,1,1,1,1.63,0.7,2.1,1.06,1.28,1.69,1.2,0.2,0.0,2,0,3,2,1,2,1,2,0,22,1
631,3996,2,SM,1,1,1,1.8,0.84,2.1,1.27,1.72,1.69,0.3,0.2,0.0,2,0,3,2,1,2,1,2,0,22,1
632,3997,2,SM,1,1,1,1.73,0.65,2.21,1.3,1.49,0.95,1.2,0.2,0.0,2,0,3,2,1,2,1,2,0,22,1
632,3998,2,SM,1,1,1,1.57,0.59,2.21,1.3,1.39,1.23,0.3,0.1,0.0,2,0,3,2,1,2,1,2,0,22,1
632,3999,2,SM,1,1,1,2.06,0.73,2.21,1.3,1.72,0.76,0.6,0.3,0.0,2,0,3,2,1,2,1,2,0,22,1
632,4000,3,CAR,1,1,1,1.57,0.65,1.36,1.08,1.49,0.76,0.3,0.2,0.0,2,0,3,2,1,2,1,2,0,22,1
632,4001,2,SM,1,1,1,2.06,0.65,1.7,0.97,1.14,1.23,0.6,0.2,0.0,2,0,3,2,1,2,1,2,0,22,1
632,4002,3,CAR,1,1,1,1.73,0.59,1.7,0.97,1.39,0.76,1.2,0.1,0.0,2,0,3,2,1,2,1,2,0,22,1
632,4003,3,CAR,1,1,1,1.57,0.73,1.36,1.3,1.72,0.95,1.2,0.1,0.0,2,0,3,2,1,2,1,2,0,22,1
632,4004,3,CAR,1,1,1,1.57,0.73,1.7,0.97,1.23,0.95,0.3,0.3,0.0,2,0,3,2,1,2,1,2,0,22,1
632,4005,3,CAR,1,1,1,2.06,0.59,1.36,1.08,1.28,0.95,0.6,0.1,0.0,2,0,3,2,1,2,1,2,0,22,1
633,4006,2,SM,1,1,1,2.47,0.8,2.6,1.54,1.77,1.4,1.2,0.2,0.0,2,0,3,2,1,2,1,2,0,22,17
633,4007,2,SM,1,1,1,2.24,0.71,2.6,1.54,1.65,1.82,0.3,0.1,0.0,2,0,3,2,1,2,1,2,0,22,17
633,4008,2,SM,1,1,1,2.92,0.92,2.6,1.54,2.1,1.12,0.6,0.3,0.0,2,0,3,2,1,2,1,2,0,22,17
633,4009,3,CAR,1,1,1,2.24,0.8,1.6,1.28,1.82,1.12,0.3,0.2,0.0,2,0,3,2,1,2,1,2,0,22,17
633,4010,2,SM,1,1,1,2.92,0.8,2.0,1.15,1.32,1.82,0.6,0.2,0.0,2,0,3,2,1,2,1,2,0,22,17
633,4011,2,SM,1,1,1,2.47,0.71,2.0,1.15,1.65,1.12,1.2,0.1,0.0,2,0,3,2,1,2,1,2,0,22,17
633,4012,3,CAR,1,1,1,2.24,0.92,1.6,1.54,2.1,1.4,1.2,0.1,0.0,2,0,3,2,1,2,1,2,0,22,17
633,4013,2,SM,1,1,1,2.24,0.92,2.0,1.15,1.44,1.4,0.3,0.3,0.0,2,0,3,2,1,2,1,2,0,22,17
633,4014,3,CAR,1,1,1,2.92,0.71,1.6,1.28,1.56,1.4,0.6,0.1,0.0,2,0,3,2,1,2,1,2,0,22,17
634,4015,2,SM,1,1,1,2.14,1.2,1.5,1.14,1.14,1.05,1.2,0.3,0.0,2,0,3,2,1,2,1,2,0,22,19
634,4016,3,CAR,1,1,1,1.6,1.23,1.95,0.85,0.95,0.84,1.2,0.3,0.0,2,0,3,2,1,2,1,2,0,22,19
634,4017,3,CAR,1,1,1,2.14,1.27,1.2,0.85,0.98,0.84,1.2,0.2,0.0,2,0,3,2,1,2,1,2,0,22,19
634,4018,1,TRAIN,1,1,1,1.78,1.27,1.95,0.85,0.98,1.36,0.6,0.1,0.0,2,0,3,2,1,2,1,2,0,22,19
634,4019,3,CAR,1,1,1,1.78,1.27,1.2,0.95,0.99,1.36,1.2,0.3,0.0,2,0,3,2,1,2,1,2,0,22,19
634,4020,2,SM,1,1,1,1.6,1.27,1.95,0.95,0.99,1.05,0.6,0.2,0.0,2,0,3,2,1,2,1,2,0,22,19
634,4021,2,SM,1,1,1,1.6,1.23,1.5,1.14,1.16,0.84,0.6,0.1,0.0,2,0,3,2,1,2,1,2,0,22,19
634,4022,2,SM,1,1,1,1.6,1.2,1.5,0.95,1.03,1.36,1.2,0.2,0.0,2,0,3,2,1,2,1,2,0,22,19
634,4023,2,SM,1,1,1,1.78,1.27,1.5,1.14,1.28,1.36,0.3,0.2,0.0,2,0,3,2,1,2,1,2,0,22,19
635,4024,3,CAR,1,1,1,1.05,0.7,0.5,0.42,0.58,0.2,0.3,0.1,0.0,2,0,3,2,1,2,1,3,0,15,1
635,4025,3,CAR,1,1,1,1.05,0.66,0.65,0.42,0.76,0.32,1.2,0.1,0.0,2,0,3,2,1,2,1,3,0,15,1
635,4026,3,CAR,1,1,1,1.05,0.63,0.65,0.38,0.68,0.25,0.3,0.2,0.0,2,0,3,2,1,2,1,3,0,15,1
635,4027,3,CAR,1,1,1,0.81,0.63,0.4,0.38,0.68,0.32,0.6,0.3,0.0,2,0,3,2,1,2,1,3,0,15,1
635,4028,3,CAR,1,1,1,0.89,0.63,0.65,0.42,0.63,0.2,0.3,0.3,0.0,2,0,3,2,1,2,1,3,0,15,1
635,4029,3,CAR,1,1,1,0.89,0.66,0.4,0.38,0.53,0.25,0.3,0.1,0.0,2,0,3,2,1,2,1,3,0,15,1
635,4030,3,CAR,1,1,1,0.89,0.63,0.4,0.5,0.7,0.2,0.6,0.2,0.0,2,0,3,2,1,2,1,3,0,15,1
635,4031,3,CAR,1,1,1,1.05,0.66,0.4,0.5,0.76,0.32,0.3,0.3,0.0,2,0,3,2,1,2,1,3,0,15,1
635,4032,3,CAR,1,1,1,0.89,0.66,0.5,0.42,0.76,0.25,0.6,0.3,0.0,2,0,3,2,1,2,1,3,0,15,1
636,4033,3,CAR,1,1,1,1.56,0.74,1.1,1.0,1.03,0.65,1.2,0.3,0.0,2,0,3,2,1,3,0,2,0,2,17
636,4034,2,SM,1,1,1,1.2,0.77,1.43,0.75,0.86,0.52,1.2,0.3,0.0,2,0,3,2,1,3,0,2,0,2,17
636,4035,3,CAR,1,1,1,1.56,0.81,0.88,0.75,0.9,0.52,1.2,0.2,0.0,2,0,3,2,1,3,0,2,0,2,17
636,4036,2,SM,1,1,1,1.32,0.81,1.43,0.75,0.9,0.84,0.6,0.1,0.0,2,0,3,2,1,3,0,2,0,2,17
636,4037,3,CAR,1,1,1,1.32,0.81,0.88,0.83,0.91,0.84,1.2,0.3,0.0,2,0,3,2,1,3,0,2,0,2,17
636,4038,3,CAR,1,1,1,1.2,0.81,1.43,0.83,0.91,0.65,0.6,0.2,0.0,2,0,3,2,1,3,0,2,0,2,17
636,4039,3,CAR,1,1,1,1.2,0.77,1.1,1.0,1.08,0.52,0.6,0.1,0.0,2,0,3,2,1,3,0,2,0,2,17
636,4040,2,SM,1,1,1,1.2,0.74,1.1,0.83,0.98,0.84,1.2,0.2,0.0,2,0,3,2,1,3,0,2,0,2,17
636,4041,3,CAR,1,1,1,1.32,0.81,1.1,1.0,1.23,0.84,0.3,0.2,0.0,2,0,3,2,1,3,0,2,0,2,17
637,4042,3,CAR,1,1,1,1.72,0.91,1.0,1.0,0.99,0.65,1.2,0.3,0.0,2,0,3,2,1,3,1,2,0,2,1
637,4043,2,SM,1,1,1,1.29,0.94,1.3,0.75,0.83,0.52,1.2,0.3,0.0,2,0,3,2,1,3,1,2,0,2,1
637,4044,3,CAR,1,1,1,1.72,0.98,0.8,0.75,0.9,0.52,1.2,0.2,0.0,2,0,3,2,1,3,1,2,0,2,1
637,4045,2,SM,1,1,1,1.43,0.98,1.3,0.75,0.9,0.84,0.6,0.1,0.0,2,0,3,2,1,3,1,2,0,2,1
637,4046,3,CAR,1,1,1,1.43,0.98,0.8,0.83,0.9,0.84,1.2,0.3,0.0,2,0,3,2,1,3,1,2,0,2,1
637,4047,2,SM,1,1,1,1.29,0.98,1.3,0.83,0.9,0.65,0.6,0.2,0.0,2,0,3,2,1,3,1,2,0,2,1
637,4048,3,CAR,1,1,1,1.29,0.94,1.0,1.0,1.06,0.52,0.6,0.1,0.0,2,0,3,2,1,3,1,2,0,2,1
637,4049,3,CAR,1,1,1,1.29,0.91,1.0,0.83,0.95,0.84,1.2,0.2,0.0,2,0,3,2,1,3,1,2,0,2,1
637,4050,3,CAR,1,1,1,1.43,0.98,1.0,1.0,1.23,0.84,0.3,0.2,0.0,2,0,3,2,1,3,1,2,0,2,1
638,4051,3,CAR,1,1,1,2.39,0.82,1.7,1.3,1.39,1.0,1.2,0.3,0.0,2,0,3,2,1,3,1,2,0,2,17
638,4052,2,SM,1,1,1,1.82,0.88,2.21,0.97,1.11,0.8,1.2,0.3,0.0,2,0,3,2,1,3,1,2,0,2,17
638,4053,3,CAR,1,1,1,2.39,0.96,1.36,0.97,1.16,0.8,1.2,0.2,0.0,2,0,3,2,1,3,1,2,0,2,17
638,4054,2,SM,1,1,1,2.01,0.96,2.21,0.97,1.16,1.3,0.6,0.1,0.0,2,0,3,2,1,3,1,2,0,2,17
638,4055,3,CAR,1,1,1,2.01,0.96,1.36,1.08,1.23,1.3,1.2,0.3,0.0,2,0,3,2,1,3,1,2,0,2,17
638,4056,2,SM,1,1,1,1.82,0.96,2.21,1.08,1.23,1.0,0.6,0.2,0.0,2,0,3,2,1,3,1,2,0,2,17
638,4057,3,CAR,1,1,1,1.82,0.88,1.7,1.3,1.44,0.8,0.6,0.1,0.0,2,0,3,2,1,3,1,2,0,2,17
638,4058,3,CAR,1,1,1,1.82,0.82,1.7,1.08,1.28,1.3,1.2,0.2,0.0,2,0,3,2,1,3,1,2,0,2,17
638,4059,3,CAR,1,1,1,2.01,0.96,1.7,1.3,1.72,1.3,0.3,0.2,0.0,2,0,3,2,1,3,1,2,0,2,17
639,4060,3,CAR,1,1,1,2.05,0.69,1.4,0.98,1.11,0.76,0.3,0.1,0.0,2,0,3,2,1,3,1,2,0,2,17
639,4061,2,SM,1,1,1,2.05,0.61,1.82,0.98,1.39,1.23,1.2,0.1,0.0,2,0,3,2,1,3,1,2,0,2,17
639,4062,2,SM,1,1,1,2.05,0.55,1.82,0.88,1.28,0.95,0.3,0.2,0.0,2,0,3,2,1,3,1,2,0,2,17
639,4063,2,SM,1,1,1,1.59,0.55,1.12,0.88,1.28,1.23,0.6,0.3,0.0,2,0,3,2,1,3,1,2,0,2,17
639,4064,2,SM,1,1,1,1.74,0.55,1.82,0.98,1.16,0.76,0.3,0.3,0.0,2,0,3,2,1,3,1,2,0,2,17
639,4065,2,SM,1,1,1,1.74,0.61,1.12,0.88,1.03,0.95,0.3,0.1,0.0,2,0,3,2,1,3,1,2,0,2,17
639,4066,3,CAR,1,1,1,1.74,0.55,1.12,1.18,1.28,0.76,0.6,0.2,0.0,2,0,3,2,1,3,1,2,0,2,17
639,4067,2,SM,1,1,1,2.05,0.61,1.12,1.18,1.32,1.23,0.3,0.3,0.0,2,0,3,2,1,3,1,2,0,2,17
639,4068,2,SM,1,1,1,1.74,0.61,1.4,0.98,1.39,0.95,0.6,0.3,0.0,2,0,3,2,1,3,1,2,0,2,17
640,4069,2,SM,1,1,1,2.51,1.14,2.86,1.54,1.82,1.3,1.2,0.2,0.0,2,0,3,2,1,3,1,2,0,20,22
640,4070,2,SM,1,1,1,2.27,1.05,2.86,1.54,1.72,1.69,0.3,0.1,0.0,2,0,3,2,1,3,1,2,0,20,22
640,4071,1,TRAIN,1,1,1,2.99,1.26,2.86,1.54,2.15,1.04,0.6,0.3,0.0,2,0,3,2,1,3,1,2,0,20,22
640,4072,3,CAR,1,1,1,2.27,1.14,1.76,1.28,1.89,1.04,0.3,0.2,0.0,2,0,3,2,1,3,1,2,0,20,22
640,4073,2,SM,1,1,1,2.99,1.14,2.2,1.15,1.39,1.69,0.6,0.2,0.0,2,0,3,2,1,3,1,2,0,20,22
640,4074,3,CAR,1,1,1,2.51,1.05,2.2,1.15,1.72,1.04,1.2,0.1,0.0,2,0,3,2,1,3,1,2,0,20,22
640,4075,3,CAR,1,1,1,2.27,1.26,1.76,1.54,2.15,1.3,1.2,0.1,0.0,2,0,3,2,1,3,1,2,0,20,22
640,4076,2,SM,1,1,1,2.27,1.26,2.2,1.15,1.49,1.3,0.3,0.3,0.0,2,0,3,2,1,3,1,2,0,20,22
640,4077,2,SM,1,1,1,2.99,1.05,1.76,1.28,1.61,1.3,0.6,0.1,0.0,2,0,3,2,1,3,1,2,0,20,22
641,4078,3,CAR,1,1,1,1.18,0.67,0.7,0.52,0.9,0.36,0.3,0.1,0.0,2,0,3,2,1,3,1,3,0,2,1
641,4079,3,CAR,1,1,1,1.18,0.63,0.91,0.52,1.06,0.58,1.2,0.1,0.0,2,0,3,2,1,3,1,3,0,2,1
641,4080,3,CAR,1,1,1,1.18,0.6,0.91,0.47,0.98,0.45,0.3,0.2,0.0,2,0,3,2,1,3,1,3,0,2,1
641,4081,3,CAR,1,1,1,0.91,0.6,0.56,0.47,0.98,0.58,0.6,0.3,0.0,2,0,3,2,1,3,1,3,0,2,1
641,4082,2,SM,1,1,1,1.0,0.6,0.91,0.52,0.91,0.36,0.3,0.3,0.0,2,0,3,2,1,3,1,3,0,2,1
641,4083,3,CAR,1,1,1,1.0,0.63,0.56,0.47,0.83,0.45,0.3,0.1,0.0,2,0,3,2,1,3,1,3,0,2,1
641,4084,3,CAR,1,1,1,1.0,0.6,0.56,0.62,0.99,0.36,0.6,0.2,0.0,2,0,3,2,1,3,1,3,0,2,1
641,4085,3,CAR,1,1,1,1.18,0.63,0.56,0.62,1.06,0.58,0.3,0.3,0.0,2,0,3,2,1,3,1,3,0,2,1
641,4086,3,CAR,1,1,1,1.0,0.63,0.7,0.52,1.06,0.45,0.6,0.3,0.0,2,0,3,2,1,3,1,3,0,2,1
642,4087,3,CAR,1,1,1,2.24,0.74,1.7,1.33,1.44,1.05,1.2,0.3,0.0,2,0,3,2,1,4,1,2,0,22,1
642,4088,2,SM,1,1,1,1.7,0.8,2.21,1.0,1.14,0.84,1.2,0.3,0.0,2,0,3,2,1,4,1,2,0,22,1
642,4089,2,SM,1,1,1,2.24,0.88,1.36,1.0,1.23,0.84,1.2,0.2,0.0,2,0,3,2,1,4,1,2,0,22,1
642,4090,2,SM,1,1,1,1.88,0.88,2.21,1.0,1.23,1.36,0.6,0.1,0.0,2,0,3,2,1,4,1,2,0,22,1
642,4091,2,SM,1,1,1,1.88,0.88,1.36,1.11,1.23,1.36,1.2,0.3,0.0,2,0,3,2,1,4,1,2,0,22,1
642,4092,2,SM,1,1,1,1.7,0.88,2.21,1.11,1.23,1.05,0.6,0.2,0.0,2,0,3,2,1,4,1,2,0,22,1
642,4093,2,SM,1,1,1,1.7,0.8,1.7,1.33,1.49,0.84,0.6,0.1,0.0,2,0,3,2,1,4,1,2,0,22,1
642,4094,2,SM,1,1,1,1.7,0.74,1.7,1.11,1.32,1.36,1.2,0.2,0.0,2,0,3,2,1,4,1,2,0,22,1
642,4095,3,CAR,1,1,1,1.88,0.88,1.7,1.33,1.72,1.36,0.3,0.2,0.0,2,0,3,2,1,4,1,2,0,22,1
643,4096,3,CAR,1,1,1,1.88,1.12,1.1,0.86,0.95,0.52,0.3,0.1,0.0,2,0,3,2,1,4,1,3,0,2,1
643,4097,2,SM,1,1,1,1.88,1.08,1.43,0.86,1.11,0.84,1.2,0.1,0.0,2,0,3,2,1,4,1,3,0,2,1
643,4098,1,TRAIN,1,1,1,1.88,1.05,1.43,0.77,1.03,0.65,0.3,0.2,0.0,2,0,3,2,1,4,1,3,0,2,1
643,4099,2,SM,1,1,1,1.42,1.05,0.88,0.77,1.03,0.84,0.6,0.3,0.0,2,0,3,2,1,4,1,3,0,2,1
643,4100,2,SM,1,1,1,1.57,1.05,1.43,0.86,0.98,0.52,0.3,0.3,0.0,2,0,3,2,1,4,1,3,0,2,1
643,4101,2,SM,1,1,1,1.57,1.08,0.88,0.77,0.9,0.65,0.3,0.1,0.0,2,0,3,2,1,4,1,3,0,2,1
643,4102,3,CAR,1,1,1,1.57,1.05,0.88,1.03,1.06,0.52,0.6,0.2,0.0,2,0,3,2,1,4,1,3,0,2,1
643,4103,2,SM,1,1,1,1.88,1.08,0.88,1.03,1.11,0.84,0.3,0.3,0.0,2,0,3,2,1,4,1,3,0,2,1
643,4104,3,CAR,1,1,1,1.57,1.08,1.1,0.86,1.11,0.65,0.6,0.3,0.0,2,0,3,2,1,4,1,3,0,2,1
644,4105,3,CAR,1,1,1,2.63,1.02,1.5,1.27,1.32,1.3,1.2,0.3,0.0,2,0,3,2,1,4,1,3,0,2,17
644,4106,3,CAR,1,1,1,2.0,1.08,1.95,0.95,1.08,1.04,1.2,0.3,0.0,2,0,3,2,1,4,1,3,0,2,17
644,4107,3,CAR,1,1,1,2.63,1.16,1.2,0.95,1.16,1.04,1.2,0.2,0.0,2,0,3,2,1,4,1,3,0,2,17
644,4108,3,CAR,1,1,1,2.21,1.16,1.95,0.95,1.16,1.69,0.6,0.1,0.0,2,0,3,2,1,4,1,3,0,2,17
644,4109,3,CAR,1,1,1,2.21,1.16,1.2,1.06,1.16,1.69,1.2,0.3,0.0,2,0,3,2,1,4,1,3,0,2,17
644,4110,2,SM,1,1,1,2.0,1.16,1.95,1.06,1.16,1.3,0.6,0.2,0.0,2,0,3,2,1,4,1,3,0,2,17
644,4111,3,CAR,1,1,1,2.0,1.08,1.5,1.27,1.44,1.04,0.6,0.1,0.0,2,0,3,2,1,4,1,3,0,2,17
644,4112,3,CAR,1,1,1,2.0,1.02,1.5,1.06,1.28,1.69,1.2,0.2,0.0,2,0,3,2,1,4,1,3,0,2,17
644,4113,3,CAR,1,1,1,2.21,1.16,1.5,1.27,1.65,1.69,0.3,0.2,0.0,2,0,3,2,1,4,1,3,0,2,17
645,4114,2,SM,1,1,1,2.0,0.71,2.47,1.48,1.65,1.2,1.2,0.2,0.0,2,0,3,2,1,4,1,3,0,25,1
645,4115,2,SM,1,1,1,1.82,0.63,2.47,1.48,1.56,1.56,0.3,0.1,0.0,2,0,3,2,1,4,1,3,0,25,1
645,4116,2,SM,1,1,1,2.36,0.81,2.47,1.48,1.98,0.96,0.6,0.3,0.0,2,0,3,2,1,4,1,3,0,25,1
645,4117,3,CAR,1,1,1,1.82,0.71,1.52,1.23,1.72,0.96,0.3,0.2,0.0,2,0,3,2,1,4,1,3,0,25,1
645,4118,2,SM,1,1,1,2.36,0.71,1.9,1.11,1.28,1.56,0.6,0.2,0.0,2,0,3,2,1,4,1,3,0,25,1
645,4119,2,SM,1,1,1,2.0,0.63,1.9,1.11,1.56,0.96,1.2,0.1,0.0,2,0,3,2,1,4,1,3,0,25,1
645,4120,3,CAR,1,1,1,1.82,0.81,1.52,1.48,1.98,1.2,1.2,0.1,0.0,2,0,3,2,1,4,1,3,0,25,1
645,4121,2,SM,1,1,1,1.82,0.81,1.9,1.11,1.32,1.2,0.3,0.3,0.0,2,0,3,2,1,4,1,3,0,25,1
645,4122,3,CAR,1,1,1,2.36,0.63,1.52,1.23,1.44,1.2,0.6,0.1,0.0,2,0,3,2,1,4,1,3,0,25,1
646,4123,2,SM,1,1,1,3.0,1.15,2.2,1.58,1.72,1.45,1.2,0.3,0.0,2,0,3,2,1,3,1,3,0,1,25
646,4124,2,SM,1,1,1,2.28,1.23,2.86,1.19,1.39,1.16,1.2,0.3,0.0,2,0,3,2,1,3,1,3,0,1,25
646,4125,3,CAR,1,1,1,3.0,1.33,1.76,1.19,1.44,1.16,1.2,0.2,0.0,2,0,3,2,1,3,1,3,0,1,25
646,4126,2,SM,1,1,1,2.52,1.33,2.86,1.19,1.44,1.88,0.6,0.1,0.0,2,0,3,2,1,3,1,3,0,1,25
646,4127,3,CAR,1,1,1,2.52,1.33,1.76,1.32,1.49,1.88,1.2,0.3,0.0,2,0,3,2,1,3,1,3,0,1,25
646,4128,2,SM,1,1,1,2.28,1.33,2.86,1.32,1.49,1.45,0.6,0.2,0.0,2,0,3,2,1,3,1,3,0,1,25
646,4129,2,SM,1,1,1,2.28,1.23,2.2,1.58,1.77,1.16,0.6,0.1,0.0,2,0,3,2,1,3,1,3,0,1,25
646,4130,2,SM,1,1,1,2.28,1.15,2.2,1.32,1.56,1.88,1.2,0.2,0.0,2,0,3,2,1,3,1,3,0,1,25
646,4131,2,SM,1,1,1,2.52,1.33,2.2,1.58,2.1,1.88,0.3,0.2,0.0,2,0,3,2,1,3,1,3,0,1,25
647,4132,3,CAR,1,1,1,1.67,0.59,2.21,1.24,1.44,1.05,1.2,0.2,0.0,2,0,3,2,1,4,0,2,0,22,1
647,4133,3,CAR,1,1,1,1.51,0.53,2.21,1.24,1.32,1.36,0.3,0.1,0.0,2,0,3,2,1,4,0,2,0,22,1
647,4134,3,CAR,1,1,1,1.98,0.67,2.21,1.24,1.65,0.84,0.6,0.3,0.0,2,0,3,2,1,4,0,2,0,22,1
647,4135,3,CAR,1,1,1,1.51,0.59,1.36,1.03,1.44,0.84,0.3,0.2,0.0,2,0,3,2,1,4,0,2,0,22,1
647,4136,3,CAR,1,1,1,1.98,0.59,1.7,0.93,1.08,1.36,0.6,0.2,0.0,2,0,3,2,1,4,0,2,0,22,1
647,4137,3,CAR,1,1,1,1.67,0.53,1.7,0.93,1.32,0.84,1.2,0.1,0.0,2,0,3,2,1,4,0,2,0,22,1
647,4138,3,CAR,1,1,1,1.51,0.67,1.36,1.24,1.65,1.05,1.2,0.1,0.0,2,0,3,2,1,4,0,2,0,22,1
647,4139,3,CAR,1,1,1,1.51,0.67,1.7,0.93,1.14,1.05,0.3,0.3,0.0,2,0,3,2,1,4,0,2,0,22,1
647,4140,3,CAR,1,1,1,1.98,0.53,1.36,1.03,1.23,1.05,0.6,0.1,0.0,2,0,3,2,1,4,0,2,0,22,1
648,4141,2,SM,1,1,1,1.06,0.51,1.43,0.91,0.99,0.75,1.2,0.2,0.0,2,0,3,2,1,4,1,3,0,2,1
648,4142,2,SM,1,1,1,0.96,0.48,1.43,0.91,0.95,0.97,0.3,0.1,0.0,2,0,3,2,1,4,1,3,0,2,1
648,4143,2,SM,1,1,1,1.25,0.55,1.43,0.91,1.14,0.6,0.6,0.3,0.0,2,0,3,2,1,4,1,3,0,2,1
648,4144,3,CAR,1,1,1,0.96,0.51,0.88,0.76,0.99,0.6,0.3,0.2,0.0,2,0,3,2,1,4,1,3,0,2,1
648,4145,2,SM,1,1,1,1.25,0.51,1.1,0.68,0.8,0.97,0.6,0.2,0.0,2,0,3,2,1,4,1,3,0,2,1
648,4146,3,CAR,1,1,1,1.06,0.48,1.1,0.68,0.95,0.6,1.2,0.1,0.0,2,0,3,2,1,4,1,3,0,2,1
648,4147,3,CAR,1,1,1,0.96,0.55,0.88,0.91,1.14,0.75,1.2,0.1,0.0,2,0,3,2,1,4,1,3,0,2,1
648,4148,3,CAR,1,1,1,0.96,0.55,1.1,0.68,0.83,0.75,0.3,0.3,0.0,2,0,3,2,1,4,1,3,0,2,1
648,4149,3,CAR,1,1,1,1.25,0.48,0.88,0.76,0.9,0.75,0.6,0.1,0.0,2,0,3,2,1,4,1,3,0,2,1
649,4150,3,CAR,1,1,1,2.48,1.33,1.4,0.95,1.16,0.64,0.3,0.1,0.0,2,0,3,3,0,2,1,1,0,2,17
649,4151,2,SM,1,1,1,2.48,1.25,1.82,0.95,1.44,1.04,1.2,0.1,0.0,2,0,3,3,0,2,1,1,0,2,17
649,4152,2,SM,1,1,1,2.48,1.19,1.82,0.85,1.32,0.8,0.3,0.2,0.0,2,0,3,3,0,2,1,1,0,2,17
649,4153,3,CAR,1,1,1,1.97,1.19,1.12,0.85,1.32,1.04,0.6,0.3,0.0,2,0,3,3,0,2,1,1,0,2,17
649,4154,2,SM,1,1,1,2.14,1.19,1.82,0.95,1.28,0.64,0.3,0.3,0.0,2,0,3,3,0,2,1,1,0,2,17
649,4155,3,CAR,1,1,1,2.14,1.25,1.12,0.85,1.08,0.8,0.3,0.1,0.0,2,0,3,3,0,2,1,1,0,2,17
649,4156,3,CAR,1,1,1,2.14,1.19,1.12,1.14,1.32,0.64,0.6,0.2,0.0,2,0,3,3,0,2,1,1,0,2,17
649,4157,3,CAR,1,1,1,2.48,1.25,1.12,1.14,1.44,1.04,0.3,0.3,0.0,2,0,3,3,0,2,1,1,0,2,17
649,4158,3,CAR,1,1,1,2.14,1.25,1.4,0.95,1.44,0.8,0.6,0.3,0.0,2,0,3,3,0,2,1,1,0,2,17
650,4159,3,CAR,1,1,1,3.54,1.9,1.9,1.54,1.61,1.25,1.2,0.3,0.0,2,0,3,3,0,3,1,3,0,14,22
650,4160,2,SM,1,1,1,2.79,1.96,2.47,1.15,1.28,1.0,1.2,0.3,0.0,2,0,3,3,0,3,1,3,0,14,22
650,4161,3,CAR,1,1,1,3.54,2.04,1.52,1.15,1.32,1.0,1.2,0.2,0.0,2,0,3,3,0,3,1,3,0,14,22
650,4162,2,SM,1,1,1,3.04,2.04,2.47,1.15,1.32,1.62,0.6,0.1,0.0,2,0,3,3,0,3,1,3,0,14,22
650,4163,3,CAR,1,1,1,3.04,2.04,1.52,1.28,1.39,1.62,1.2,0.3,0.0,2,0,3,3,0,3,1,3,0,14,22
650,4164,2,SM,1,1,1,2.79,2.04,2.47,1.28,1.39,1.25,0.6,0.2,0.0,2,0,3,3,0,3,1,3,0,14,22
650,4165,3,CAR,1,1,1,2.79,1.96,1.9,1.54,1.65,1.0,0.6,0.1,0.0,2,0,3,3,0,3,1,3,0,14,22
650,4166,2,SM,1,1,1,2.79,1.9,1.9,1.28,1.44,1.62,1.2,0.2,0.0,2,0,3,3,0,3,1,3,0,14,22
650,4167,3,CAR,1,1,1,3.04,2.04,1.9,1.54,1.89,1.62,0.3,0.2,0.0,2,0,3,3,0,3,1,3,0,14,22
651,4168,3,CAR,1,1,1,2.0,0.71,2.73,1.48,1.65,1.55,1.2,0.2,0.0,2,0,3,3,0,4,1,2,0,25,1
651,4169,3,CAR,1,1,1,1.82,0.63,2.73,1.48,1.56,2.01,0.3,0.1,0.0,2,0,3,3,0,4,1,2,0,25,1
651,4170,3,CAR,1,1,1,2.36,0.81,2.73,1.48,1.98,1.24,0.6,0.3,0.0,2,0,3,3,0,4,1,2,0,25,1
651,4171,3,CAR,1,1,1,1.82,0.71,1.68,1.23,1.72,1.24,0.3,0.2,0.0,2,0,3,3,0,4,1,2,0,25,1
651,4172,3,CAR,1,1,1,2.36,0.71,2.1,1.11,1.28,2.01,0.6,0.2,0.0,2,0,3,3,0,4,1,2,0,25,1
651,4173,3,CAR,1,1,1,2.0,0.63,2.1,1.11,1.56,1.24,1.2,0.1,0.0,2,0,3,3,0,4,1,2,0,25,1
651,4174,3,CAR,1,1,1,1.82,0.81,1.68,1.48,1.98,1.55,1.2,0.1,0.0,2,0,3,3,0,4,1,2,0,25,1
651,4175,3,CAR,1,1,1,1.82,0.81,2.1,1.11,1.32,1.55,0.3,0.3,0.0,2,0,3,3,0,4,1,2,0,25,1
651,4176,2,SM,1,1,1,2.36,0.63,1.68,1.23,1.44,1.55,0.6,0.1,0.0,2,0,3,3,0,4,1,2,0,25,1
652,4177,3,CAR,1,1,1,2.36,0.81,2.1,1.23,1.39,1.0,0.3,0.1,0.0,2,0,3,3,1,2,1,3,0,25,1
652,4178,3,CAR,1,1,1,2.36,0.71,2.73,1.23,1.72,1.62,1.2,0.1,0.0,2,0,3,3,1,2,1,3,0,25,1
652,4179,3,CAR,1,1,1,2.36,0.63,2.73,1.11,1.56,1.25,0.3,0.2,0.0,2,0,3,3,1,2,1,3,0,25,1
652,4180,3,CAR,1,1,1,1.82,0.63,1.68,1.11,1.56,1.62,0.6,0.3,0.0,2,0,3,3,1,2,1,3,0,25,1
652,4181,3,CAR,1,1,1,2.0,0.63,2.73,1.23,1.44,1.0,0.3,0.3,0.0,2,0,3,3,1,2,1,3,0,25,1
652,4182,3,CAR,1,1,1,2.0,0.71,1.68,1.11,1.28,1.25,0.3,0.1,0.0,2,0,3,3,1,2,1,3,0,25,1
652,4183,3,CAR,1,1,1,2.0,0.63,1.68,1.48,1.56,1.0,0.6,0.2,0.0,2,0,3,3,1,2,1,3,0,25,1
652,4184,3,CAR,1,1,1,2.36,0.71,1.68,1.48,1.65,1.62,0.3,0.3,0.0,2,0,3,3,1,2,1,3,0,25,1
652,4185,3,CAR,1,1,1,2.0,0.71,2.1,1.23,1.72,1.25,0.6,0.3,0.0,2,0,3,3,1,2,1,3,0,25,1
653,4186,3,CAR,1,1,1,1.7,0.84,1.1,1.09,1.14,0.8,1.2,0.3,0.0,2,0,3,3,1,2,1,4,0,2,14
653,4187,2,SM,1,1,1,1.28,0.87,1.43,0.82,0.95,0.64,1.2,0.3,0.0,2,0,3,3,1,2,1,4,0,2,14
653,4188,3,CAR,1,1,1,1.7,0.91,0.88,0.82,0.98,0.64,1.2,0.2,0.0,2,0,3,3,1,2,1,4,0,2,14
653,4189,2,SM,1,1,1,1.42,0.91,1.43,0.82,0.98,1.04,0.6,0.1,0.0,2,0,3,3,1,2,1,4,0,2,14
653,4190,3,CAR,1,1,1,1.42,0.91,0.88,0.91,0.99,1.04,1.2,0.3,0.0,2,0,3,3,1,2,1,4,0,2,14
653,4191,2,SM,1,1,1,1.28,0.91,1.43,0.91,0.99,0.8,0.6,0.2,0.0,2,0,3,3,1,2,1,4,0,2,14
653,4192,3,CAR,1,1,1,1.28,0.87,1.1,1.09,1.16,0.64,0.6,0.1,0.0,2,0,3,3,1,2,1,4,0,2,14
653,4193,2,SM,1,1,1,1.28,0.84,1.1,0.91,1.03,1.04,1.2,0.2,0.0,2,0,3,3,1,2,1,4,0,2,14
653,4194,2,SM,1,1,1,1.42,0.91,1.1,1.09,1.32,1.04,0.3,0.2,0.0,2,0,3,3,1,2,1,4,0,2,14
654,4195,3,CAR,1,1,1,2.0,1.12,1.3,1.0,0.99,0.65,1.2,0.3,0.0,2,0,3,3,1,3,1,2,0,2,17
654,4196,3,CAR,1,1,1,1.52,1.15,1.69,0.75,0.83,0.52,1.2,0.3,0.0,2,0,3,3,1,3,1,2,0,2,17
654,4197,3,CAR,1,1,1,2.0,1.19,1.04,0.75,0.86,0.52,1.2,0.2,0.0,2,0,3,3,1,3,1,2,0,2,17
654,4198,2,SM,1,1,1,1.68,1.19,1.69,0.75,0.86,0.84,0.6,0.1,0.0,2,0,3,3,1,3,1,2,0,2,17
654,4199,3,CAR,1,1,1,1.68,1.19,1.04,0.83,0.9,0.84,1.2,0.3,0.0,2,0,3,3,1,3,1,2,0,2,17
654,4200,2,SM,1,1,1,1.52,1.19,1.69,0.83,0.9,0.65,0.6,0.2,0.0,2,0,3,3,1,3,1,2,0,2,17
654,4201,3,CAR,1,1,1,1.52,1.15,1.3,1.0,1.03,0.52,0.6,0.1,0.0,2,0,3,3,1,3,1,2,0,2,17
654,4202,3,CAR,1,1,1,1.52,1.12,1.3,0.83,0.91,0.84,1.2,0.2,0.0,2,0,3,3,1,3,1,2,0,2,17
654,4203,3,CAR,1,1,1,1.68,1.19,1.3,1.0,1.11,0.84,0.3,0.2,0.0,2,0,3,3,1,3,1,2,0,2,17
655,4204,2,SM,1,1,1,2.1,0.77,1.7,0.12,0.14,0.84,0.3,0.1,0.0,2,0,6,1,1,4,1,3,0,1,22
655,4205,2,SM,1,1,1,2.1,0.69,2.21,0.12,0.19,1.36,1.2,0.1,0.0,2,0,6,1,1,4,1,3,0,1,22
655,4206,2,SM,1,1,1,2.1,0.63,2.21,0.11,0.19,1.05,0.3,0.2,0.0,2,0,6,1,1,4,1,3,0,1,22
655,4207,2,SM,1,1,1,1.6,0.63,1.36,0.11,0.19,1.36,0.6,0.3,0.0,2,0,6,1,1,4,1,3,0,1,22
655,4208,2,SM,1,1,1,1.77,0.63,2.21,0.12,0.15,0.84,0.3,0.3,0.0,2,0,6,1,1,4,1,3,0,1,22
655,4209,2,SM,1,1,1,1.77,0.69,1.36,0.11,0.14,1.05,0.3,0.1,0.0,2,0,6,1,1,4,1,3,0,1,22
655,4210,2,SM,1,1,1,1.77,0.63,1.36,0.14,0.14,0.84,0.6,0.2,0.0,2,0,6,1,1,4,1,3,0,1,22
655,4211,2,SM,1,1,1,2.1,0.69,1.36,0.14,0.15,1.36,0.3,0.3,0.0,2,0,6,1,1,4,1,3,0,1,22
655,4212,2,SM,1,1,1,1.77,0.69,1.7,0.12,0.19,1.05,0.6,0.3,0.0,2,0,6,1,1,4,1,3,0,1,22
656,4213,2,SM,1,1,1,2.05,0.69,1.4,0.84,0.94,0.76,0.3,0.1,0.0,2,1,1,0,0,2,1,1,0,17,2
656,4214,2,SM,1,1,1,2.05,0.61,1.82,0.84,1.18,1.23,1.2,0.1,0.0,2,1,1,0,0,2,1,1,0,17,2
656,4215,2,SM,1,1,1,2.05,0.55,1.82,0.76,1.09,0.95,0.3,0.2,0.0,2,1,1,0,0,2,1,1,0,17,2
656,4216,2,SM,1,1,1,1.59,0.55,1.12,0.76,1.09,1.23,0.6,0.3,0.0,2,1,1,0,0,2,1,1,0,17,2
656,4217,2,SM,1,1,1,1.74,0.55,1.82,0.84,0.99,0.76,0.3,0.3,0.0,2,1,1,0,0,2,1,1,0,17,2
656,4218,2,SM,1,1,1,1.74,0.61,1.12,0.76,0.88,0.95,0.3,0.1,0.0,2,1,1,0,0,2,1,1,0,17,2
656,4219,2,SM,1,1,1,1.74,0.55,1.12,1.01,1.09,0.76,0.6,0.2,0.0,2,1,1,0,0,2,1,1,0,17,2
656,4220,2,SM,1,1,1,2.05,0.61,1.12,1.01,1.12,1.23,0.3,0.3,0.0,2,1,1,0,0,2,1,1,0,17,2
656,4221,2,SM,1,1,1,1.74,0.61,1.4,0.84,1.18,0.95,0.6,0.3,0.0,2,1,1,0,0,2,1,1,0,17,2
657,4222,2,SM,1,1,1,1.08,0.53,1.56,0.82,0.88,0.7,1.2,0.2,0.0,2,1,1,0,0,3,1,1,0,2,1
657,4223,2,SM,1,1,1,0.97,0.5,1.56,0.82,0.84,0.91,0.3,0.1,0.0,2,1,1,0,0,3,1,1,0,2,1
657,4224,2,SM,1,1,1,1.3,0.57,1.56,0.82,0.99,0.56,0.6,0.3,0.0,2,1,1,0,0,3,1,1,0,2,1
657,4225,3,CAR,1,1,1,0.97,0.53,0.96,0.68,0.88,0.56,0.3,0.2,0.0,2,1,1,0,0,3,1,1,0,2,1
657,4226,2,SM,1,1,1,1.3,0.53,1.2,0.61,0.71,0.91,0.6,0.2,0.0,2,1,1,0,0,3,1,1,0,2,1
657,4227,2,SM,1,1,1,1.08,0.5,1.2,0.61,0.84,0.56,1.2,0.1,0.0,2,1,1,0,0,3,1,1,0,2,1
657,4228,3,CAR,1,1,1,0.97,0.57,0.96,0.82,0.99,0.7,1.2,0.1,0.0,2,1,1,0,0,3,1,1,0,2,1
657,4229,3,CAR,1,1,1,0.97,0.57,1.2,0.61,0.74,0.7,0.3,0.3,0.0,2,1,1,0,0,3,1,1,0,2,1
657,4230,2,SM,1,1,1,1.3,0.5,0.96,0.68,0.78,0.7,0.6,0.1,0.0,2,1,1,0,0,3,1,1,0,2,1
658,4231,3,CAR,1,1,1,1.6,0.88,1.1,0.81,0.84,0.6,0.3,0.1,0.0,2,1,1,0,0,3,1,1,0,2,1
658,4232,3,CAR,1,1,1,1.6,0.84,1.43,0.81,0.99,0.97,1.2,0.1,0.0,2,1,1,0,0,3,1,1,0,2,1
658,4233,3,CAR,1,1,1,1.6,0.81,1.43,0.73,0.92,0.75,0.3,0.2,0.0,2,1,1,0,0,3,1,1,0,2,1
658,4234,3,CAR,1,1,1,1.2,0.81,0.88,0.73,0.92,0.97,0.6,0.3,0.0,2,1,1,0,0,3,1,1,0,2,1
658,4235,3,CAR,1,1,1,1.33,0.81,1.43,0.81,0.9,0.6,0.3,0.3,0.0,2,1,1,0,0,3,1,1,0,2,1
658,4236,3,CAR,1,1,1,1.33,0.84,0.88,0.73,0.81,0.75,0.3,0.1,0.0,2,1,1,0,0,3,1,1,0,2,1
658,4237,3,CAR,1,1,1,1.33,0.81,0.88,0.97,0.97,0.6,0.6,0.2,0.0,2,1,1,0,0,3,1,1,0,2,1
658,4238,3,CAR,1,1,1,1.6,0.84,0.88,0.97,1.05,0.97,0.3,0.3,0.0,2,1,1,0,0,3,1,1,0,2,1
658,4239,3,CAR,1,1,1,1.33,0.84,1.1,0.81,0.99,0.75,0.6,0.3,0.0,2,1,1,0,0,3,1,1,0,2,1
659,4240,2,SM,1,1,1,1.14,0.39,0.9,0.72,0.81,0.6,1.2,0.3,0.0,2,1,1,0,0,3,1,1,0,2,1
659,4241,2,SM,1,1,1,0.88,0.42,1.17,0.54,0.65,0.48,1.2,0.3,0.0,2,1,1,0,0,3,1,1,0,2,1
659,4242,2,SM,1,1,1,1.14,0.46,0.72,0.54,0.71,0.48,1.2,0.2,0.0,2,1,1,0,0,3,1,1,0,2,1
659,4243,2,SM,1,1,1,0.97,0.46,1.17,0.54,0.71,0.78,0.6,0.1,0.0,2,1,1,0,0,3,1,1,0,2,1
659,4244,2,SM,1,1,1,0.97,0.46,0.72,0.6,0.71,0.78,1.2,0.3,0.0,2,1,1,0,0,3,1,1,0,2,1
659,4245,2,SM,1,1,1,0.88,0.46,1.17,0.6,0.71,0.6,0.6,0.2,0.0,2,1,1,0,0,3,1,1,0,2,1
659,4246,2,SM,1,1,1,0.88,0.42,0.9,0.72,0.84,0.48,0.6,0.1,0.0,2,1,1,0,0,3,1,1,0,2,1
659,4247,2,SM,1,1,1,0.88,0.39,0.9,0.6,0.76,0.78,1.2,0.2,0.0,2,1,1,0,0,3,1,1,0,2,1
659,4248,2,SM,1,1,1,0.97,0.46,0.9,0.72,0.97,0.78,0.3,0.2,0.0,2,1,1,0,0,3,1,1,0,2,1
660,4249,2,SM,1,1,1,0.62,0.38,1.43,1.01,1.05,0.8,1.2,0.2,0.0,2,1,1,0,0,3,1,1,0,22,2
660,4250,2,SM,1,1,1,0.57,0.36,1.43,1.01,0.99,1.04,0.3,0.1,0.0,2,1,1,0,0,3,1,1,0,22,2
660,4251,2,SM,1,1,1,0.72,0.4,1.43,1.01,1.09,0.64,0.6,0.3,0.0,2,1,1,0,0,3,1,1,0,22,2
660,4252,2,SM,1,1,1,0.57,0.38,0.88,0.84,0.94,0.64,0.3,0.2,0.0,2,1,1,0,0,3,1,1,0,22,2
660,4253,2,SM,1,1,1,0.72,0.38,1.1,0.76,0.84,1.04,0.6,0.2,0.0,2,1,1,0,0,3,1,1,0,22,2
660,4254,2,SM,1,1,1,0.62,0.36,1.1,0.76,0.88,0.64,1.2,0.1,0.0,2,1,1,0,0,3,1,1,0,22,2
660,4255,2,SM,1,1,1,0.57,0.4,0.88,1.01,1.09,0.8,1.2,0.1,0.0,2,1,1,0,0,3,1,1,0,22,2
660,4256,1,TRAIN,1,1,1,0.57,0.4,1.1,0.76,0.84,0.8,0.3,0.3,0.0,2,1,1,0,0,3,1,1,0,22,2
660,4257,2,SM,1,1,1,0.72,0.36,0.88,0.84,0.9,0.8,0.6,0.1,0.0,2,1,1,0,0,3,1,1,0,22,2
661,4258,2,SM,1,1,1,3.36,0.84,2.7,1.46,1.65,1.7,1.2,0.3,0.0,2,1,1,0,0,3,1,1,0,25,17
661,4259,2,SM,1,1,1,2.57,0.95,3.51,1.1,1.33,1.36,1.2,0.3,0.0,2,1,1,0,0,3,1,1,0,25,17
661,4260,2,SM,1,1,1,3.36,1.09,2.16,1.1,1.37,1.36,1.2,0.2,0.0,2,1,1,0,0,3,1,1,0,25,17
661,4261,2,SM,1,1,1,2.83,1.09,3.51,1.1,1.37,2.21,0.6,0.1,0.0,2,1,1,0,0,3,1,1,0,25,17
661,4262,2,SM,1,1,1,2.83,1.09,2.16,1.22,1.4,2.21,1.2,0.3,0.0,2,1,1,0,0,3,1,1,0,25,17
661,4263,2,SM,1,1,1,2.57,1.09,3.51,1.22,1.4,1.7,0.6,0.2,0.0,2,1,1,0,0,3,1,1,0,25,17
661,4264,2,SM,1,1,1,2.57,0.95,2.7,1.46,1.74,1.36,0.6,0.1,0.0,2,1,1,0,0,3,1,1,0,25,17
661,4265,2,SM,1,1,1,2.57,0.84,2.7,1.22,1.5,2.21,1.2,0.2,0.0,2,1,1,0,0,3,1,1,0,25,17
661,4266,2,SM,1,1,1,2.83,1.09,2.7,1.46,2.07,2.21,0.3,0.2,0.0,2,1,1,0,0,3,1,1,0,25,17
662,4267,2,SM,1,1,1,1.06,0.41,1.1,0.6,0.71,0.52,0.3,0.1,0.0,2,1,1,0,0,4,1,1,0,2,1
662,4268,2,SM,1,1,1,1.06,0.37,1.43,0.6,0.84,0.84,1.2,0.1,0.0,2,1,1,0,0,4,1,1,0,2,1
662,4269,2,SM,1,1,1,1.06,0.34,1.43,0.54,0.78,0.65,0.3,0.2,0.0,2,1,1,0,0,4,1,1,0,2,1
662,4270,2,SM,1,1,1,0.85,0.34,0.88,0.54,0.78,0.84,0.6,0.3,0.0,2,1,1,0,0,4,1,1,0,2,1
662,4271,2,SM,1,1,1,0.92,0.34,1.43,0.6,0.74,0.52,0.3,0.3,0.0,2,1,1,0,0,4,1,1,0,2,1
662,4272,2,SM,1,1,1,0.92,0.37,0.88,0.54,0.65,0.65,0.3,0.1,0.0,2,1,1,0,0,4,1,1,0,2,1
662,4273,2,SM,1,1,1,0.92,0.34,0.88,0.72,0.78,0.52,0.6,0.2,0.0,2,1,1,0,0,4,1,1,0,2,1
662,4274,2,SM,1,1,1,1.06,0.37,0.88,0.72,0.84,0.84,0.3,0.3,0.0,2,1,1,0,0,4,1,1,0,2,1
662,4275,2,SM,1,1,1,0.92,0.37,1.1,0.6,0.84,0.65,0.6,0.3,0.0,2,1,1,0,0,4,1,1,0,2,1
663,4276,2,SM,1,1,1,1.67,0.6,1.3,0.89,0.92,1.0,1.2,0.3,0.0,2,1,1,0,0,4,1,1,0,2,25
663,4277,2,SM,1,1,1,1.28,0.65,1.69,0.67,0.76,0.8,1.2,0.3,0.0,2,1,1,0,0,4,1,1,0,2,25
663,4278,3,CAR,1,1,1,1.67,0.71,1.04,0.67,0.78,0.8,1.2,0.2,0.0,2,1,1,0,0,4,1,1,0,2,25
663,4279,2,SM,1,1,1,1.41,0.71,1.69,0.67,0.78,1.3,0.6,0.1,0.0,2,1,1,0,0,4,1,1,0,2,25
663,4280,3,CAR,1,1,1,1.41,0.71,1.04,0.74,0.81,1.3,1.2,0.3,0.0,2,1,1,0,0,4,1,1,0,2,25
663,4281,2,SM,1,1,1,1.28,0.71,1.69,0.74,0.81,1.0,0.6,0.2,0.0,2,1,1,0,0,4,1,1,0,2,25
663,4282,2,SM,1,1,1,1.28,0.65,1.3,0.89,0.97,0.8,0.6,0.1,0.0,2,1,1,0,0,4,1,1,0,2,25
663,4283,2,SM,1,1,1,1.28,0.6,1.3,0.74,0.84,1.3,1.2,0.2,0.0,2,1,1,0,0,4,1,1,0,2,25
663,4284,2,SM,1,1,1,1.41,0.71,1.3,0.89,1.09,1.3,0.3,0.2,0.0,2,1,1,0,0,4,1,1,0,2,25
664,4285,2,SM,1,1,1,0.92,0.37,1.43,0.72,0.84,0.6,1.2,0.2,0.0,2,1,1,0,0,3,1,1,0,2,1
664,4286,2,SM,1,1,1,0.85,0.34,1.43,0.72,0.78,0.78,0.3,0.1,0.0,2,1,1,0,0,3,1,1,0,2,1
664,4287,2,SM,1,1,1,1.06,0.41,1.43,0.72,0.94,0.48,0.6,0.3,0.0,2,1,1,0,0,3,1,1,0,2,1
664,4288,2,SM,1,1,1,0.85,0.37,0.88,0.6,0.84,0.48,0.3,0.2,0.0,2,1,1,0,0,3,1,1,0,2,1
664,4289,2,SM,1,1,1,1.06,0.37,1.1,0.54,0.65,0.78,0.6,0.2,0.0,2,1,1,0,0,3,1,1,0,2,1
664,4290,2,SM,1,1,1,0.92,0.34,1.1,0.54,0.78,0.48,1.2,0.1,0.0,2,1,1,0,0,3,1,1,0,2,1
664,4291,2,SM,1,1,1,0.85,0.41,0.88,0.72,0.94,0.6,1.2,0.1,0.0,2,1,1,0,0,3,1,1,0,2,1
664,4292,2,SM,1,1,1,0.85,0.41,1.1,0.54,0.68,0.6,0.3,0.3,0.0,2,1,1,0,0,3,1,1,0,2,1
664,4293,2,SM,1,1,1,1.06,0.34,0.88,0.6,0.74,0.6,0.6,0.1,0.0,2,1,1,0,0,3,1,1,0,2,1
665,4294,2,SM,1,1,1,1.32,0.54,0.9,0.78,0.84,0.6,1.2,0.3,0.0,2,1,1,0,0,5,1,1,0,2,1
665,4295,2,SM,1,1,1,1.02,0.57,1.17,0.58,0.68,0.48,1.2,0.3,0.0,2,1,1,0,0,5,1,1,0,2,1
665,4296,2,SM,1,1,1,1.32,0.61,0.72,0.58,0.71,0.48,1.2,0.2,0.0,2,1,1,0,0,5,1,1,0,2,1
665,4297,2,SM,1,1,1,1.12,0.61,1.17,0.58,0.71,0.78,0.6,0.1,0.0,2,1,1,0,0,5,1,1,0,2,1
665,4298,2,SM,1,1,1,1.12,0.61,0.72,0.65,0.74,0.78,1.2,0.3,0.0,2,1,1,0,0,5,1,1,0,2,1
665,4299,2,SM,1,1,1,1.02,0.61,1.17,0.65,0.74,0.6,0.6,0.2,0.0,2,1,1,0,0,5,1,1,0,2,1
665,4300,3,CAR,1,1,1,1.02,0.57,0.9,0.78,0.88,0.48,0.6,0.1,0.0,2,1,1,0,0,5,1,1,0,2,1
665,4301,3,CAR,1,1,1,1.02,0.54,0.9,0.65,0.76,0.78,1.2,0.2,0.0,2,1,1,0,0,5,1,1,0,2,1
665,4302,3,CAR,1,1,1,1.12,0.61,0.9,0.78,0.99,0.78,0.3,0.2,0.0,2,1,1,0,0,5,1,1,0,2,1
666,4303,3,CAR,1,1,1,1.06,0.41,0.9,0.6,0.71,0.52,0.3,0.1,0.0,2,1,1,0,0,5,1,1,0,2,1
666,4304,2,SM,1,1,1,1.06,0.37,1.17,0.6,0.84,0.84,1.2,0.1,0.0,2,1,1,0,0,5,1,1,0,2,1
666,4305,2,SM,1,1,1,1.06,0.34,1.17,0.54,0.78,0.65,0.3,0.2,0.0,2,1,1,0,0,5,1,1,0,2,1
666,4306,2,SM,1,1,1,0.85,0.34,0.72,0.54,0.78,0.84,0.6,0.3,0.0,2,1,1,0,0,5,1,1,0,2,1
666,4307,2,SM,1,1,1,0.92,0.34,1.17,0.6,0.74,0.52,0.3,0.3,0.0,2,1,1,0,0,5,1,1,0,2,1
666,4308,2,SM,1,1,1,0.92,0.37,0.72,0.54,0.65,0.65,0.3,0.1,0.0,2,1,1,0,0,5,1,1,0,2,1
666,4309,3,CAR,1,1,1,0.92,0.34,0.72,0.72,0.78,0.52,0.6,0.2,0.0,2,1,1,0,0,5,1,1,0,2,1
666,4310,3,CAR,1,1,1,1.06,0.37,0.72,0.72,0.84,0.84,0.3,0.3,0.0,2,1,1,0,0,5,1,1,0,2,1
666,4311,3,CAR,1,1,1,0.92,0.37,0.9,0.6,0.84,0.65,0.6,0.3,0.0,2,1,1,0,0,5,1,1,0,2,1
667,4312,2,SM,1,1,1,2.58,1.02,1.7,1.13,1.22,1.3,1.2,0.3,0.0,2,1,1,0,1,5,1,3,0,1,22
667,4313,2,SM,1,1,1,1.95,1.08,2.21,0.85,0.99,1.04,1.2,0.3,0.0,2,1,1,0,1,5,1,3,0,1,22
667,4314,3,CAR,1,1,1,2.58,1.16,1.36,0.85,1.05,1.04,1.2,0.2,0.0,2,1,1,0,1,5,1,3,0,1,22
667,4315,2,SM,1,1,1,2.16,1.16,2.21,0.85,1.05,1.69,0.6,0.1,0.0,2,1,1,0,1,5,1,3,0,1,22
667,4316,3,CAR,1,1,1,2.16,1.16,1.36,0.94,1.09,1.69,1.2,0.3,0.0,2,1,1,0,1,5,1,3,0,1,22
667,4317,2,SM,1,1,1,1.95,1.16,2.21,0.94,1.09,1.3,0.6,0.2,0.0,2,1,1,0,1,5,1,3,0,1,22
667,4318,2,SM,1,1,1,1.95,1.08,1.7,1.13,1.27,1.04,0.6,0.1,0.0,2,1,1,0,1,5,1,3,0,1,22
667,4319,2,SM,1,1,1,1.95,1.02,1.7,0.94,1.12,1.69,1.2,0.2,0.0,2,1,1,0,1,5,1,3,0,1,22
667,4320,2,SM,1,1,1,2.16,1.16,1.7,1.13,1.5,1.69,0.3,0.2,0.0,2,1,1,0,1,5,1,3,0,1,22
668,4321,3,CAR,1,1,1,0.92,0.37,1.17,0.72,0.84,0.6,1.2,0.2,0.0,2,1,1,1,0,3,1,2,0,1,2
668,4322,2,SM,1,1,1,0.85,0.34,1.17,0.72,0.78,0.78,0.3,0.1,0.0,2,1,1,1,0,3,1,2,0,1,2
668,4323,3,CAR,1,1,1,1.06,0.41,1.17,0.72,0.94,0.48,0.6,0.3,0.0,2,1,1,1,0,3,1,2,0,1,2
668,4324,3,CAR,1,1,1,0.85,0.37,0.72,0.6,0.84,0.48,0.3,0.2,0.0,2,1,1,1,0,3,1,2,0,1,2
668,4325,2,SM,1,1,1,1.06,0.37,0.9,0.54,0.65,0.78,0.6,0.2,0.0,2,1,1,1,0,3,1,2,0,1,2
668,4326,1,TRAIN,1,1,1,0.92,0.34,0.9,0.54,0.78,0.48,1.2,0.1,0.0,2,1,1,1,0,3,1,2,0,1,2
668,4327,3,CAR,1,1,1,0.85,0.41,0.72,0.72,0.94,0.6,1.2,0.1,0.0,2,1,1,1,0,3,1,2,0,1,2
668,4328,2,SM,1,1,1,0.85,0.41,0.9,0.54,0.68,0.6,0.3,0.3,0.0,2,1,1,1,0,3,1,2,0,1,2
668,4329,2,SM,1,1,1,1.06,0.34,0.72,0.6,0.74,0.6,0.6,0.1,0.0,2,1,1,1,0,3,1,2,0,1,2
669,4330,2,SM,1,1,1,2.51,0.97,2.0,1.16,1.27,1.15,1.2,0.3,0.0,2,1,1,1,0,3,1,2,0,22,14
669,4331,2,SM,1,1,1,1.91,1.03,2.6,0.87,1.05,0.92,1.2,0.3,0.0,2,1,1,1,0,3,1,2,0,22,14
669,4332,2,SM,1,1,1,2.51,1.11,1.6,0.87,1.09,0.92,1.2,0.2,0.0,2,1,1,1,0,3,1,2,0,22,14
669,4333,2,SM,1,1,1,2.11,1.11,2.6,0.87,1.09,1.49,0.6,0.1,0.0,2,1,1,1,0,3,1,2,0,22,14
669,4334,2,SM,1,1,1,2.11,1.11,1.6,0.97,1.09,1.49,1.2,0.3,0.0,2,1,1,1,0,3,1,2,0,22,14
669,4335,2,SM,1,1,1,1.91,1.11,2.6,0.97,1.09,1.15,0.6,0.2,0.0,2,1,1,1,0,3,1,2,0,22,14
669,4336,2,SM,1,1,1,1.91,1.03,2.0,1.16,1.33,0.92,0.6,0.1,0.0,2,1,1,1,0,3,1,2,0,22,14
669,4337,2,SM,1,1,1,1.91,0.97,2.0,0.97,1.18,1.49,1.2,0.2,0.0,2,1,1,1,0,3,1,2,0,22,14
669,4338,2,SM,1,1,1,2.11,1.11,2.0,1.16,1.55,1.49,0.3,0.2,0.0,2,1,1,1,0,3,1,2,0,22,14
670,4339,2,SM,1,1,1,0.92,0.37,1.17,0.72,0.84,0.65,1.2,0.2,0.0,2,1,1,1,0,3,1,3,0,1,2
670,4340,2,SM,1,1,1,0.85,0.34,1.17,0.72,0.78,0.84,0.3,0.1,0.0,2,1,1,1,0,3,1,3,0,1,2
670,4341,2,SM,1,1,1,1.06,0.41,1.17,0.72,0.94,0.52,0.6,0.3,0.0,2,1,1,1,0,3,1,3,0,1,2
670,4342,2,SM,1,1,1,0.85,0.37,0.72,0.6,0.84,0.52,0.3,0.2,0.0,2,1,1,1,0,3,1,3,0,1,2
670,4343,2,SM,1,1,1,1.06,0.37,0.9,0.54,0.65,0.84,0.6,0.2,0.0,2,1,1,1,0,3,1,3,0,1,2
670,4344,2,SM,1,1,1,0.92,0.34,0.9,0.54,0.78,0.52,1.2,0.1,0.0,2,1,1,1,0,3,1,3,0,1,2
670,4345,3,CAR,1,1,1,0.85,0.41,0.72,0.72,0.94,0.65,1.2,0.1,0.0,2,1,1,1,0,3,1,3,0,1,2
670,4346,2,SM,1,1,1,0.85,0.41,0.9,0.54,0.68,0.65,0.3,0.3,0.0,2,1,1,1,0,3,1,3,0,1,2
670,4347,2,SM,1,1,1,1.06,0.34,0.72,0.6,0.74,0.65,0.6,0.1,0.0,2,1,1,1,0,3,1,3,0,1,2
671,4348,2,SM,1,1,1,1.06,0.41,0.8,0.6,0.71,0.48,0.3,0.1,0.0,2,1,1,1,0,3,1,3,0,2,1
671,4349,2,SM,1,1,1,1.06,0.37,1.04,0.6,0.84,0.78,1.2,0.1,0.0,2,1,1,1,0,3,1,3,0,2,1
671,4350,2,SM,1,1,1,1.06,0.34,1.04,0.54,0.78,0.6,0.3,0.2,0.0,2,1,1,1,0,3,1,3,0,2,1
671,4351,2,SM,1,1,1,0.85,0.34,0.64,0.54,0.78,0.78,0.6,0.3,0.0,2,1,1,1,0,3,1,3,0,2,1
671,4352,2,SM,1,1,1,0.92,0.34,1.04,0.6,0.74,0.48,0.3,0.3,0.0,2,1,1,1,0,3,1,3,0,2,1
671,4353,2,SM,1,1,1,0.92,0.37,0.64,0.54,0.65,0.6,0.3,0.1,0.0,2,1,1,1,0,3,1,3,0,2,1
671,4354,2,SM,1,1,1,0.92,0.34,0.64,0.72,0.78,0.48,0.6,0.2,0.0,2,1,1,1,0,3,1,3,0,2,1
671,4355,2,SM,1,1,1,1.06,0.37,0.64,0.72,0.84,0.78,0.3,0.3,0.0,2,1,1,1,0,3,1,3,0,2,1
671,4356,2,SM,1,1,1,0.92,0.37,0.8,0.6,0.84,0.6,0.6,0.3,0.0,2,1,1,1,0,3,1,3,0,2,1
672,4357,2,SM,1,1,1,2.48,1.95,1.43,0.85,0.88,0.65,1.2,0.2,0.0,2,1,1,1,0,3,1,3,0,17,3
672,4358,2,SM,1,1,1,2.24,1.92,1.43,0.85,0.84,0.84,0.3,0.1,0.0,2,1,1,1,0,3,1,3,0,17,3
672,4359,3,CAR,1,1,1,2.96,1.99,1.43,0.85,0.94,0.52,0.6,0.3,0.0,2,1,1,1,0,3,1,3,0,17,3
672,4360,3,CAR,1,1,1,2.24,1.95,0.88,0.71,0.84,0.52,0.3,0.2,0.0,2,1,1,1,0,3,1,3,0,17,3
672,4361,2,SM,1,1,1,2.96,1.95,1.1,0.64,0.71,0.84,0.6,0.2,0.0,2,1,1,1,0,3,1,3,0,17,3
672,4362,3,CAR,1,1,1,2.48,1.92,1.1,0.64,0.78,0.52,1.2,0.1,0.0,2,1,1,1,0,3,1,3,0,17,3
672,4363,3,CAR,1,1,1,2.24,1.99,0.88,0.85,0.94,0.65,1.2,0.1,0.0,2,1,1,1,0,3,1,3,0,17,3
672,4364,3,CAR,1,1,1,2.24,1.99,1.1,0.64,0.74,0.65,0.3,0.3,0.0,2,1,1,1,0,3,1,3,0,17,3
672,4365,3,CAR,1,1,1,2.96,1.92,0.88,0.71,0.78,0.65,0.6,0.1,0.0,2,1,1,1,0,3,1,3,0,17,3
673,4366,2,SM,1,1,1,2.4,0.93,1.8,1.1,1.18,1.4,1.2,0.3,0.0,2,1,1,1,0,3,1,3,0,22,1
673,4367,2,SM,1,1,1,1.85,0.99,2.34,0.83,0.94,1.12,1.2,0.3,0.0,2,1,1,1,0,3,1,3,0,22,1
673,4368,3,CAR,1,1,1,2.4,1.07,1.44,0.83,1.05,1.12,1.2,0.2,0.0,2,1,1,1,0,3,1,3,0,22,1
673,4369,2,SM,1,1,1,2.03,1.07,2.34,0.83,1.05,1.82,0.6,0.1,0.0,2,1,1,1,0,3,1,3,0,22,1
673,4370,3,CAR,1,1,1,2.03,1.07,1.44,0.92,1.05,1.82,1.2,0.3,0.0,2,1,1,1,0,3,1,3,0,22,1
673,4371,2,SM,1,1,1,1.85,1.07,2.34,0.92,1.05,1.4,0.6,0.2,0.0,2,1,1,1,0,3,1,3,0,22,1
673,4372,2,SM,1,1,1,1.85,0.99,1.8,1.1,1.27,1.12,0.6,0.1,0.0,2,1,1,1,0,3,1,3,0,22,1
673,4373,2,SM,1,1,1,1.85,0.93,1.8,0.92,1.09,1.82,1.2,0.2,0.0,2,1,1,1,0,3,1,3,0,22,1
673,4374,2,SM,1,1,1,2.03,1.07,1.8,1.1,1.46,1.82,0.3,0.2,0.0,2,1,1,1,0,3,1,3,0,22,1
674,4375,2,SM,1,1,1,1.5,0.73,1.1,0.78,0.78,0.7,1.2,0.3,0.0,2,1,1,1,0,4,1,2,0,25,2
674,4376,2,SM,1,1,1,1.21,0.76,1.43,0.58,0.65,0.56,1.2,0.3,0.0,2,1,1,1,0,4,1,2,0,25,2
674,4377,2,SM,1,1,1,1.5,0.8,0.88,0.58,0.68,0.56,1.2,0.2,0.0,2,1,1,1,0,4,1,2,0,25,2
674,4378,2,SM,1,1,1,1.31,0.8,1.43,0.58,0.68,0.91,0.6,0.1,0.0,2,1,1,1,0,4,1,2,0,25,2
674,4379,2,SM,1,1,1,1.31,0.8,0.88,0.65,0.71,0.91,1.2,0.3,0.0,2,1,1,1,0,4,1,2,0,25,2
674,4380,2,SM,1,1,1,1.21,0.8,1.43,0.65,0.71,0.7,0.6,0.2,0.0,2,1,1,1,0,4,1,2,0,25,2
674,4381,2,SM,1,1,1,1.21,0.76,1.1,0.78,0.81,0.56,0.6,0.1,0.0,2,1,1,1,0,4,1,2,0,25,2
674,4382,2,SM,1,1,1,1.21,0.73,1.1,0.65,0.74,0.91,1.2,0.2,0.0,2,1,1,1,0,4,1,2,0,25,2
674,4383,2,SM,1,1,1,1.31,0.8,1.1,0.78,0.9,0.91,0.3,0.2,0.0,2,1,1,1,0,4,1,2,0,25,2
675,4384,2,SM,1,1,1,1.56,0.74,1.3,0.85,0.88,0.75,1.2,0.3,0.0,2,1,1,1,0,4,1,3,0,17,2
675,4385,2,SM,1,1,1,1.2,0.77,1.69,0.64,0.74,0.6,1.2,0.3,0.0,2,1,1,1,0,4,1,3,0,17,2
675,4386,3,CAR,1,1,1,1.56,0.81,1.04,0.64,0.76,0.6,1.2,0.2,0.0,2,1,1,1,0,4,1,3,0,17,2
675,4387,2,SM,1,1,1,1.32,0.81,1.69,0.64,0.76,0.97,0.6,0.1,0.0,2,1,1,1,0,4,1,3,0,17,2
675,4388,2,SM,1,1,1,1.32,0.81,1.04,0.71,0.78,0.97,1.2,0.3,0.0,2,1,1,1,0,4,1,3,0,17,2
675,4389,2,SM,1,1,1,1.2,0.81,1.69,0.71,0.78,0.75,0.6,0.2,0.0,2,1,1,1,0,4,1,3,0,17,2
675,4390,2,SM,1,1,1,1.2,0.77,1.3,0.85,0.92,0.6,0.6,0.1,0.0,2,1,1,1,0,4,1,3,0,17,2
675,4391,2,SM,1,1,1,1.2,0.74,1.3,0.71,0.84,0.97,1.2,0.2,0.0,2,1,1,1,0,4,1,3,0,17,2
675,4392,1,TRAIN,1,1,1,1.32,0.81,1.3,0.85,1.05,0.97,0.3,0.2,0.0,2,1,1,1,0,4,1,3,0,17,2
676,4393,2,SM,1,1,1,1.97,1.42,2.08,1.01,1.05,1.6,1.2,0.2,0.0,2,1,1,1,0,4,1,3,0,22,12
676,4394,2,SM,1,1,1,1.79,1.39,2.08,1.01,1.05,2.08,0.3,0.1,0.0,2,1,1,1,0,4,1,3,0,22,12
676,4395,2,SM,1,1,1,2.34,1.46,2.08,1.01,1.12,1.28,0.6,0.3,0.0,2,1,1,1,0,4,1,3,0,22,12
676,4396,3,CAR,1,1,1,1.79,1.42,1.28,0.84,0.99,1.28,0.3,0.2,0.0,2,1,1,1,0,4,1,3,0,22,12
676,4397,2,SM,1,1,1,2.34,1.42,1.6,0.76,0.84,2.08,0.6,0.2,0.0,2,1,1,1,0,4,1,3,0,22,12
676,4398,2,SM,1,1,1,1.97,1.39,1.6,0.76,0.92,1.28,1.2,0.1,0.0,2,1,1,1,0,4,1,3,0,22,12
676,4399,3,CAR,1,1,1,1.79,1.46,1.28,1.01,1.12,1.6,1.2,0.1,0.0,2,1,1,1,0,4,1,3,0,22,12
676,4400,2,SM,1,1,1,1.79,1.46,1.6,0.76,0.84,1.6,0.3,0.3,0.0,2,1,1,1,0,4,1,3,0,22,12
676,4401,2,SM,1,1,1,2.34,1.39,1.28,0.84,0.92,1.6,0.6,0.1,0.0,2,1,1,1,0,4,1,3,0,22,12
677,4402,2,SM,1,1,1,1.46,0.44,1.1,0.82,0.84,0.8,1.2,0.3,0.0,2,1,1,1,0,4,1,3,0,25,2
677,4403,2,SM,1,1,1,1.14,0.49,1.43,0.61,0.71,0.64,1.2,0.3,0.0,2,1,1,1,0,4,1,3,0,25,2
677,4404,2,SM,1,1,1,1.46,0.55,0.88,0.61,0.74,0.64,1.2,0.2,0.0,2,1,1,1,0,4,1,3,0,25,2
677,4405,2,SM,1,1,1,1.25,0.55,1.43,0.61,0.74,1.04,0.6,0.1,0.0,2,1,1,1,0,4,1,3,0,25,2
677,4406,2,SM,1,1,1,1.25,0.55,0.88,0.68,0.76,1.04,1.2,0.3,0.0,2,1,1,1,0,4,1,3,0,25,2
677,4407,2,SM,1,1,1,1.14,0.55,1.43,0.68,0.76,0.8,0.6,0.2,0.0,2,1,1,1,0,4,1,3,0,25,2
677,4408,2,SM,1,1,1,1.14,0.49,1.1,0.82,0.9,0.64,0.6,0.1,0.0,2,1,1,1,0,4,1,3,0,25,2
677,4409,2,SM,1,1,1,1.14,0.44,1.1,0.68,0.78,1.04,1.2,0.2,0.0,2,1,1,1,0,4,1,3,0,25,2
677,4410,2,SM,1,1,1,1.25,0.55,1.1,0.82,1.05,1.04,0.3,0.2,0.0,2,1,1,1,0,4,1,3,0,25,2
678,4411,3,CAR,1,1,1,2.97,1.8,1.8,0.9,0.97,1.04,0.3,0.1,0.0,2,1,1,1,0,4,1,3,0,25,13
678,4412,2,SM,1,1,1,2.97,1.74,2.34,0.9,1.12,1.69,1.2,0.1,0.0,2,1,1,1,0,4,1,3,0,25,13
678,4413,2,SM,1,1,1,2.97,1.69,2.34,0.81,1.05,1.3,0.3,0.2,0.0,2,1,1,1,0,4,1,3,0,25,13
678,4414,3,CAR,1,1,1,2.27,1.69,1.44,0.81,1.05,1.69,0.6,0.3,0.0,2,1,1,1,0,4,1,3,0,25,13
678,4415,2,SM,1,1,1,2.5,1.69,2.34,0.9,1.05,1.04,0.3,0.3,0.0,2,1,1,1,0,4,1,3,0,25,13
678,4416,3,CAR,1,1,1,2.5,1.74,1.44,0.81,0.9,1.3,0.3,0.1,0.0,2,1,1,1,0,4,1,3,0,25,13
678,4417,3,CAR,1,1,1,2.5,1.69,1.44,1.08,1.12,1.04,0.6,0.2,0.0,2,1,1,1,0,4,1,3,0,25,13
678,4418,3,CAR,1,1,1,2.97,1.74,1.44,1.08,1.18,1.69,0.3,0.3,0.0,2,1,1,1,0,4,1,3,0,25,13
678,4419,2,SM,1,1,1,2.5,1.74,1.8,0.9,1.12,1.3,0.6,0.3,0.0,2,1,1,1,0,4,1,3,0,25,13
679,4420,2,SM,1,1,1,2.83,0.95,3.51,1.46,1.74,1.9,1.2,0.2,0.0,2,1,1,1,0,5,1,3,0,25,17
679,4421,2,SM,1,1,1,2.57,0.84,3.51,1.46,1.65,2.47,0.3,0.1,0.0,2,1,1,1,0,5,1,3,0,25,17
679,4422,2,SM,1,1,1,3.36,1.09,3.51,1.46,2.07,1.52,0.6,0.3,0.0,2,1,1,1,0,5,1,3,0,25,17
679,4423,2,SM,1,1,1,2.57,0.95,2.16,1.22,1.78,1.52,0.3,0.2,0.0,2,1,1,1,0,5,1,3,0,25,17
679,4424,2,SM,1,1,1,3.36,0.95,2.7,1.1,1.33,2.47,0.6,0.2,0.0,2,1,1,1,0,5,1,3,0,25,17
679,4425,2,SM,1,1,1,2.83,0.84,2.7,1.1,1.65,1.52,1.2,0.1,0.0,2,1,1,1,0,5,1,3,0,25,17
679,4426,2,SM,1,1,1,2.57,1.09,2.16,1.46,2.07,1.9,1.2,0.1,0.0,2,1,1,1,0,5,1,3,0,25,17
679,4427,2,SM,1,1,1,2.57,1.09,2.7,1.1,1.37,1.9,0.3,0.3,0.0,2,1,1,1,0,5,1,3,0,25,17
679,4428,2,SM,1,1,1,3.36,0.84,2.16,1.22,1.5,1.9,0.6,0.1,0.0,2,1,1,1,0,5,1,3,0,25,17
680,4429,3,CAR,1,1,1,2.73,1.97,1.7,0.9,0.97,0.84,0.3,0.1,0.0,2,1,1,1,0,3,1,2,0,20,10
680,4430,2,SM,1,1,1,2.73,1.93,2.21,0.9,1.12,1.36,1.2,0.1,0.0,2,1,1,1,0,3,1,2,0,20,10
680,4431,3,CAR,1,1,1,2.73,1.9,2.21,0.81,1.05,1.05,0.3,0.2,0.0,2,1,1,1,0,3,1,2,0,20,10
680,4432,3,CAR,1,1,1,2.15,1.9,1.36,0.81,1.05,1.36,0.6,0.3,0.0,2,1,1,1,0,3,1,2,0,20,10
680,4433,3,CAR,1,1,1,2.34,1.9,2.21,0.9,1.05,0.84,0.3,0.3,0.0,2,1,1,1,0,3,1,2,0,20,10
680,4434,3,CAR,1,1,1,2.34,1.93,1.36,0.81,0.9,1.05,0.3,0.1,0.0,2,1,1,1,0,3,1,2,0,20,10
680,4435,3,CAR,1,1,1,2.34,1.9,1.36,1.08,1.12,0.84,0.6,0.2,0.0,2,1,1,1,0,3,1,2,0,20,10
680,4436,3,CAR,1,1,1,2.73,1.93,1.36,1.08,1.18,1.36,0.3,0.3,0.0,2,1,1,1,0,3,1,2,0,20,10
680,4437,2,SM,1,1,1,2.34,1.93,1.7,0.9,1.12,1.05,0.6,0.3,0.0,2,1,1,1,0,3,1,2,0,20,10
681,4438,2,SM,1,1,1,2.9,1.84,3.25,1.31,1.46,1.45,1.2,0.2,0.0,2,1,1,1,1,1,1,1,0,17,22
681,4439,2,SM,1,1,1,2.66,1.78,3.25,1.31,1.4,1.88,0.3,0.1,0.0,2,1,1,1,1,1,1,1,0,17,22
681,4440,2,SM,1,1,1,3.38,1.92,3.25,1.31,1.65,1.16,0.6,0.3,0.0,2,1,1,1,1,1,1,1,0,17,22
681,4441,1,TRAIN,1,1,1,2.66,1.84,2.0,1.09,1.46,1.16,0.3,0.2,0.0,2,1,1,1,1,1,1,1,0,17,22
681,4442,1,TRAIN,1,1,1,3.38,1.84,2.5,0.98,1.12,1.88,0.6,0.2,0.0,2,1,1,1,1,1,1,1,0,17,22
681,4443,1,TRAIN,1,1,1,2.9,1.78,2.5,0.98,1.33,1.16,1.2,0.1,0.0,2,1,1,1,1,1,1,1,0,17,22
681,4444,3,CAR,1,1,1,2.66,1.92,2.0,1.31,1.65,1.45,1.2,0.1,0.0,2,1,1,1,1,1,1,1,0,17,22
681,4445,2,SM,1,1,1,2.66,1.92,2.5,0.98,1.18,1.45,0.3,0.3,0.0,2,1,1,1,1,1,1,1,0,17,22
681,4446,1,TRAIN,1,1,1,3.38,1.78,2.0,1.09,1.27,1.45,0.6,0.1,0.0,2,1,1,1,1,1,1,1,0,17,22
682,4447,2,SM,1,1,1,2.14,0.85,2.99,1.31,1.46,1.5,1.2,0.2,0.0,2,1,1,1,1,3,1,2,0,1,25
682,4448,2,SM,1,1,1,1.94,0.77,2.99,1.31,1.4,1.95,0.3,0.1,0.0,2,1,1,1,1,3,1,2,0,1,25
682,4449,2,SM,1,1,1,2.55,0.95,2.99,1.31,1.74,1.2,0.6,0.3,0.0,2,1,1,1,1,3,1,2,0,1,25
682,4450,2,SM,1,1,1,1.94,0.85,1.84,1.09,1.5,1.2,0.3,0.2,0.0,2,1,1,1,1,3,1,2,0,1,25
682,4451,2,SM,1,1,1,2.55,0.85,2.3,0.98,1.12,1.95,0.6,0.2,0.0,2,1,1,1,1,3,1,2,0,1,25
682,4452,2,SM,1,1,1,2.14,0.77,2.3,0.98,1.37,1.2,1.2,0.1,0.0,2,1,1,1,1,3,1,2,0,1,25
682,4453,3,CAR,1,1,1,1.94,0.95,1.84,1.31,1.74,1.5,1.2,0.1,0.0,2,1,1,1,1,3,1,2,0,1,25
682,4454,2,SM,1,1,1,1.94,0.95,2.3,0.98,1.18,1.5,0.3,0.3,0.0,2,1,1,1,1,3,1,2,0,1,25
682,4455,2,SM,1,1,1,2.55,0.77,1.84,1.09,1.27,1.5,0.6,0.1,0.0,2,1,1,1,1,3,1,2,0,1,25
683,4456,2,SM,1,1,1,1.17,0.62,1.3,0.82,0.88,0.65,1.2,0.2,0.0,2,1,1,1,1,4,0,3,0,1,2
683,4457,2,SM,1,1,1,1.05,0.59,1.3,0.82,0.84,0.84,0.3,0.1,0.0,2,1,1,1,1,4,0,3,0,1,2
683,4458,2,SM,1,1,1,1.4,0.66,1.3,0.82,0.99,0.52,0.6,0.3,0.0,2,1,1,1,1,4,0,3,0,1,2
683,4459,3,CAR,1,1,1,1.05,0.62,0.8,0.68,0.88,0.52,0.3,0.2,0.0,2,1,1,1,1,4,0,3,0,1,2
683,4460,2,SM,1,1,1,1.4,0.62,1.0,0.61,0.71,0.84,0.6,0.2,0.0,2,1,1,1,1,4,0,3,0,1,2
683,4461,3,CAR,1,1,1,1.17,0.59,1.0,0.61,0.84,0.52,1.2,0.1,0.0,2,1,1,1,1,4,0,3,0,1,2
683,4462,2,SM,1,1,1,1.05,0.66,0.8,0.82,0.99,0.65,1.2,0.1,0.0,2,1,1,1,1,4,0,3,0,1,2
683,4463,3,CAR,1,1,1,1.05,0.66,1.0,0.61,0.74,0.65,0.3,0.3,0.0,2,1,1,1,1,4,0,3,0,1,2
683,4464,3,CAR,1,1,1,1.4,0.59,0.8,0.68,0.78,0.65,0.6,0.1,0.0,2,1,1,1,1,4,0,3,0,1,2
684,4465,3,CAR,1,1,1,2.74,1.77,1.7,0.97,1.05,0.84,0.3,0.1,0.0,2,1,1,1,1,4,1,2,0,18,2
684,4466,2,SM,1,1,1,2.74,1.73,2.21,0.97,1.18,1.36,1.2,0.1,0.0,2,1,1,1,1,4,1,2,0,18,2
684,4467,2,SM,1,1,1,2.74,1.7,2.21,0.87,1.09,1.05,0.3,0.2,0.0,2,1,1,1,1,4,1,2,0,18,2
684,4468,2,SM,1,1,1,2.05,1.7,1.36,0.87,1.09,1.36,0.6,0.3,0.0,2,1,1,1,1,4,1,2,0,18,2
684,4469,2,SM,1,1,1,2.28,1.7,2.21,0.97,1.09,0.84,0.3,0.3,0.0,2,1,1,1,1,4,1,2,0,18,2
684,4470,3,CAR,1,1,1,2.28,1.73,1.36,0.87,0.97,1.05,0.3,0.1,0.0,2,1,1,1,1,4,1,2,0,18,2
684,4471,3,CAR,1,1,1,2.28,1.7,1.36,1.16,1.18,0.84,0.6,0.2,0.0,2,1,1,1,1,4,1,2,0,18,2
684,4472,3,CAR,1,1,1,2.74,1.73,1.36,1.16,1.22,1.36,0.3,0.3,0.0,2,1,1,1,1,4,1,2,0,18,2
684,4473,3,CAR,1,1,1,2.28,1.73,1.7,0.97,1.18,1.05,0.6,0.3,0.0,2,1,1,1,1,4,1,2,0,18,2
685,4474,2,SM,1,1,1,1.81,1.0,1.1,0.74,0.81,0.6,0.3,0.1,0.0,2,1,1,1,1,4,1,3,0,1,2
685,4475,2,SM,1,1,1,1.81,0.96,1.43,0.74,0.94,0.97,1.2,0.1,0.0,2,1,1,1,1,4,1,3,0,1,2
685,4476,2,SM,1,1,1,1.81,0.93,1.43,0.67,0.88,0.75,0.3,0.2,0.0,2,1,1,1,1,4,1,3,0,1,2
685,4477,3,CAR,1,1,1,1.36,0.93,0.88,0.67,0.88,0.97,0.6,0.3,0.0,2,1,1,1,1,4,1,3,0,1,2
685,4478,3,CAR,1,1,1,1.51,0.93,1.43,0.74,0.84,0.6,0.3,0.3,0.0,2,1,1,1,1,4,1,3,0,1,2
685,4479,3,CAR,1,1,1,1.51,0.96,0.88,0.67,0.76,0.75,0.3,0.1,0.0,2,1,1,1,1,4,1,3,0,1,2
685,4480,2,SM,1,1,1,1.51,0.93,0.88,0.89,0.9,0.6,0.6,0.2,0.0,2,1,1,1,1,4,1,3,0,1,2
685,4481,3,CAR,1,1,1,1.81,0.96,0.88,0.89,0.94,0.97,0.3,0.3,0.0,2,1,1,1,1,4,1,3,0,1,2
685,4482,2,SM,1,1,1,1.51,0.96,1.1,0.74,0.94,0.75,0.6,0.3,0.0,2,1,1,1,1,4,1,3,0,1,2
686,4483,2,SM,1,1,1,3.0,1.15,3.0,1.34,1.46,1.6,1.2,0.3,0.0,2,1,1,1,1,5,1,3,0,17,25
686,4484,2,SM,1,1,1,2.28,1.23,3.9,1.01,1.18,1.28,1.2,0.3,0.0,2,1,1,1,1,5,1,3,0,17,25
686,4485,3,CAR,1,1,1,3.0,1.33,2.4,1.01,1.22,1.28,1.2,0.2,0.0,2,1,1,1,1,5,1,3,0,17,25
686,4486,2,SM,1,1,1,2.52,1.33,3.9,1.01,1.22,2.08,0.6,0.1,0.0,2,1,1,1,1,5,1,3,0,17,25
686,4487,3,CAR,1,1,1,2.52,1.33,2.4,1.12,1.27,2.08,1.2,0.3,0.0,2,1,1,1,1,5,1,3,0,17,25
686,4488,2,SM,1,1,1,2.28,1.33,3.9,1.12,1.27,1.6,0.6,0.2,0.0,2,1,1,1,1,5,1,3,0,17,25
686,4489,3,CAR,1,1,1,2.28,1.23,3.0,1.34,1.5,1.28,0.6,0.1,0.0,2,1,1,1,1,5,1,3,0,17,25
686,4490,2,SM,1,1,1,2.28,1.15,3.0,1.12,1.33,2.08,1.2,0.2,0.0,2,1,1,1,1,5,1,3,0,17,25
686,4491,2,SM,1,1,1,2.52,1.33,3.0,1.34,1.78,2.08,0.3,0.2,0.0,2,1,1,1,1,5,1,3,0,17,25
687,4492,2,SM,1,1,1,2.36,0.63,1.9,1.26,1.33,1.3,1.2,0.3,0.0,2,1,1,1,1,2,1,2,0,1,25
687,4493,2,SM,1,1,1,1.82,0.71,2.47,0.94,1.09,1.04,1.2,0.3,0.0,2,1,1,1,1,2,1,2,0,1,25
687,4494,3,CAR,1,1,1,2.36,0.81,1.52,0.94,1.12,1.04,1.2,0.2,0.0,2,1,1,1,1,2,1,2,0,1,25
687,4495,2,SM,1,1,1,2.0,0.81,2.47,0.94,1.12,1.69,0.6,0.1,0.0,2,1,1,1,1,2,1,2,0,1,25
687,4496,3,CAR,1,1,1,2.0,0.81,1.52,1.05,1.18,1.69,1.2,0.3,0.0,2,1,1,1,1,2,1,2,0,1,25
687,4497,2,SM,1,1,1,1.82,0.81,2.47,1.05,1.18,1.3,0.6,0.2,0.0,2,1,1,1,1,2,1,2,0,1,25
687,4498,2,SM,1,1,1,1.82,0.71,1.9,1.26,1.4,1.04,0.6,0.1,0.0,2,1,1,1,1,2,1,2,0,1,25
687,4499,2,SM,1,1,1,1.82,0.63,1.9,1.05,1.22,1.69,1.2,0.2,0.0,2,1,1,1,1,2,1,2,0,1,25
687,4500,2,SM,1,1,1,2.0,0.81,1.9,1.26,1.68,1.69,0.3,0.2,0.0,2,1,1,1,1,2,1,2,0,1,25
688,4501,2,SM,1,1,1,2.76,1.32,1.7,0.92,1.05,1.24,0.3,0.1,0.0,2,1,1,1,1,3,1,3,0,1,22
688,4502,2,SM,1,1,1,2.76,1.24,2.21,0.92,1.27,2.01,1.2,0.1,0.0,2,1,1,1,1,3,1,3,0,1,22
688,4503,2,SM,1,1,1,2.76,1.18,2.21,0.83,1.18,1.55,0.3,0.2,0.0,2,1,1,1,1,3,1,3,0,1,22
688,4504,3,CAR,1,1,1,2.1,1.18,1.36,0.83,1.18,2.01,0.6,0.3,0.0,2,1,1,1,1,3,1,3,0,1,22
688,4505,2,SM,1,1,1,2.32,1.18,2.21,0.92,1.09,1.24,0.3,0.3,0.0,2,1,1,1,1,3,1,3,0,1,22
688,4506,3,CAR,1,1,1,2.32,1.24,1.36,0.83,0.97,1.55,0.3,0.1,0.0,2,1,1,1,1,3,1,3,0,1,22
688,4507,3,CAR,1,1,1,2.32,1.18,1.36,1.1,1.18,1.24,0.6,0.2,0.0,2,1,1,1,1,3,1,3,0,1,22
688,4508,3,CAR,1,1,1,2.76,1.24,1.36,1.1,1.27,2.01,0.3,0.3,0.0,2,1,1,1,1,3,1,3,0,1,22
688,4509,2,SM,1,1,1,2.32,1.24,1.7,0.92,1.27,1.55,0.6,0.3,0.0,2,1,1,1,1,3,1,3,0,1,22
689,4510,2,SM,1,1,1,3.23,0.95,2.3,1.34,1.5,1.2,1.2,0.3,0.0,2,1,1,1,1,4,1,3,0,22,17
689,4511,2,SM,1,1,1,2.45,1.04,2.99,1.01,1.22,0.96,1.2,0.3,0.0,2,1,1,1,1,4,1,3,0,22,17
689,4512,2,SM,1,1,1,3.23,1.16,1.84,1.01,1.27,0.96,1.2,0.2,0.0,2,1,1,1,1,4,1,3,0,22,17
689,4513,2,SM,1,1,1,2.71,1.16,2.99,1.01,1.27,1.56,0.6,0.1,0.0,2,1,1,1,1,4,1,3,0,22,17
689,4514,2,SM,1,1,1,2.71,1.16,1.84,1.12,1.33,1.56,1.2,0.3,0.0,2,1,1,1,1,4,1,3,0,22,17
689,4515,2,SM,1,1,1,2.45,1.16,2.99,1.12,1.33,1.2,0.6,0.2,0.0,2,1,1,1,1,4,1,3,0,22,17
689,4516,2,SM,1,1,1,2.45,1.04,2.3,1.34,1.61,0.96,0.6,0.1,0.0,2,1,1,1,1,4,1,3,0,22,17
689,4517,2,SM,1,1,1,2.45,0.95,2.3,1.12,1.37,1.56,1.2,0.2,0.0,2,1,1,1,1,4,1,3,0,22,17
689,4518,2,SM,1,1,1,2.71,1.16,2.3,1.34,1.87,1.56,0.3,0.2,0.0,2,1,1,1,1,4,1,3,0,22,17
690,4519,3,CAR,1,1,1,1.19,0.5,0.9,0.6,0.71,0.4,0.3,0.1,0.0,2,1,1,2,0,2,1,2,0,2,1
690,4520,2,SM,1,1,1,1.19,0.46,1.17,0.6,0.84,0.65,1.2,0.1,0.0,2,1,1,2,0,2,1,2,0,2,1
690,4521,3,CAR,1,1,1,1.19,0.43,1.17,0.54,0.81,0.5,0.3,0.2,0.0,2,1,1,2,0,2,1,2,0,2,1
690,4522,3,CAR,1,1,1,0.92,0.43,0.72,0.54,0.81,0.65,0.6,0.3,0.0,2,1,1,2,0,2,1,2,0,2,1
690,4523,3,CAR,1,1,1,1.01,0.43,1.17,0.6,0.76,0.4,0.3,0.3,0.0,2,1,1,2,0,2,1,2,0,2,1
690,4524,2,SM,1,1,1,1.01,0.46,0.72,0.54,0.65,0.5,0.3,0.1,0.0,2,1,1,2,0,2,1,2,0,2,1
690,4525,3,CAR,1,1,1,1.01,0.43,0.72,0.72,0.81,0.4,0.6,0.2,0.0,2,1,1,2,0,2,1,2,0,2,1
690,4526,3,CAR,1,1,1,1.19,0.46,0.72,0.72,0.84,0.65,0.3,0.3,0.0,2,1,1,2,0,2,1,2,0,2,1
690,4527,3,CAR,1,1,1,1.01,0.46,0.9,0.6,0.84,0.5,0.6,0.3,0.0,2,1,1,2,0,2,1,2,0,2,1
691,4528,2,SM,1,1,1,2.37,0.82,1.7,1.1,1.18,1.1,1.2,0.3,0.0,2,1,1,2,0,2,1,2,0,17,10
691,4529,2,SM,1,1,1,1.83,0.88,2.21,0.83,0.94,0.88,1.2,0.3,0.0,2,1,1,2,0,2,1,2,0,17,10
691,4530,2,SM,1,1,1,2.37,0.96,1.36,0.83,0.99,0.88,1.2,0.2,0.0,2,1,1,2,0,2,1,2,0,17,10
691,4531,2,SM,1,1,1,2.01,0.96,2.21,0.83,0.99,1.43,0.6,0.1,0.0,2,1,1,2,0,2,1,2,0,17,10
691,4532,2,SM,1,1,1,2.01,0.96,1.36,0.92,1.05,1.43,1.2,0.3,0.0,2,1,1,2,0,2,1,2,0,17,10
691,4533,2,SM,1,1,1,1.83,0.96,2.21,0.92,1.05,1.1,0.6,0.2,0.0,2,1,1,2,0,2,1,2,0,17,10
691,4534,2,SM,1,1,1,1.83,0.88,1.7,1.1,1.22,0.88,0.6,0.1,0.0,2,1,1,2,0,2,1,2,0,17,10
691,4535,2,SM,1,1,1,1.83,0.82,1.7,0.92,1.09,1.43,1.2,0.2,0.0,2,1,1,2,0,2,1,2,0,17,10
691,4536,2,SM,1,1,1,2.01,0.96,1.7,1.1,1.4,1.43,0.3,0.2,0.0,2,1,1,2,0,2,1,2,0,17,10
692,4537,2,SM,1,1,1,1.72,0.64,2.21,1.06,1.22,1.05,1.2,0.2,0.0,2,1,1,2,0,2,1,2,0,22,1
692,4538,2,SM,1,1,1,1.57,0.58,2.21,1.06,1.12,1.36,0.3,0.1,0.0,2,1,1,2,0,2,1,2,0,22,1
692,4539,2,SM,1,1,1,2.02,0.72,2.21,1.06,1.4,0.84,0.6,0.3,0.0,2,1,1,2,0,2,1,2,0,22,1
692,4540,2,SM,1,1,1,1.57,0.64,1.36,0.88,1.22,0.84,0.3,0.2,0.0,2,1,1,2,0,2,1,2,0,22,1
692,4541,2,SM,1,1,1,2.02,0.64,1.7,0.79,0.92,1.36,0.6,0.2,0.0,2,1,1,2,0,2,1,2,0,22,1
692,4542,2,SM,1,1,1,1.72,0.58,1.7,0.79,1.12,0.84,1.2,0.1,0.0,2,1,1,2,0,2,1,2,0,22,1
692,4543,2,SM,1,1,1,1.57,0.72,1.36,1.06,1.4,1.05,1.2,0.1,0.0,2,1,1,2,0,2,1,2,0,22,1
692,4544,2,SM,1,1,1,1.57,0.72,1.7,0.79,0.97,1.05,0.3,0.3,0.0,2,1,1,2,0,2,1,2,0,22,1
692,4545,2,SM,1,1,1,2.02,0.58,1.36,0.88,1.05,1.05,0.6,0.1,0.0,2,1,1,2,0,2,1,2,0,22,1
693,4546,2,SM,1,1,1,2.06,0.59,1.5,1.1,1.18,1.0,1.2,0.3,0.0,2,1,1,2,0,2,1,2,0,22,1
693,4547,2,SM,1,1,1,1.57,0.65,1.95,0.83,0.97,0.8,1.2,0.3,0.0,2,1,1,2,0,2,1,2,0,22,1
693,4548,2,SM,1,1,1,2.06,0.73,1.2,0.83,1.05,0.8,1.2,0.2,0.0,2,1,1,2,0,2,1,2,0,22,1
693,4549,2,SM,1,1,1,1.73,0.73,1.95,0.83,1.05,1.3,0.6,0.1,0.0,2,1,1,2,0,2,1,2,0,22,1
693,4550,3,CAR,1,1,1,1.73,0.73,1.2,0.92,1.05,1.3,1.2,0.3,0.0,2,1,1,2,0,2,1,2,0,22,1
693,4551,2,SM,1,1,1,1.57,0.73,1.95,0.92,1.05,1.0,0.6,0.2,0.0,2,1,1,2,0,2,1,2,0,22,1
693,4552,2,SM,1,1,1,1.57,0.65,1.5,1.1,1.27,0.8,0.6,0.1,0.0,2,1,1,2,0,2,1,2,0,22,1
693,4553,2,SM,1,1,1,1.57,0.59,1.5,0.92,1.09,1.3,1.2,0.2,0.0,2,1,1,2,0,2,1,2,0,22,1
693,4554,2,SM,1,1,1,1.73,0.73,1.5,1.1,1.46,1.3,0.3,0.2,0.0,2,1,1,2,0,2,1,2,0,22,1
694,4555,2,SM,1,1,1,2.21,1.13,2.6,1.26,1.4,1.2,1.2,0.2,0.0,2,1,1,2,0,2,1,3,0,1,22
694,4556,2,SM,1,1,1,2.0,1.07,2.6,1.26,1.33,1.56,0.3,0.1,0.0,2,1,1,2,0,2,1,3,0,1,22
694,4557,2,SM,1,1,1,2.63,1.21,2.6,1.26,1.61,0.96,0.6,0.3,0.0,2,1,1,2,0,2,1,3,0,1,22
694,4558,3,CAR,1,1,1,2.0,1.13,1.6,1.05,1.37,0.96,0.3,0.2,0.0,2,1,1,2,0,2,1,3,0,1,22
694,4559,2,SM,1,1,1,2.63,1.13,2.0,0.94,1.09,1.56,0.6,0.2,0.0,2,1,1,2,0,2,1,3,0,1,22
694,4560,2,SM,1,1,1,2.21,1.07,2.0,0.94,1.27,0.96,1.2,0.1,0.0,2,1,1,2,0,2,1,3,0,1,22
694,4561,3,CAR,1,1,1,2.0,1.21,1.6,1.26,1.61,1.2,1.2,0.1,0.0,2,1,1,2,0,2,1,3,0,1,22
694,4562,2,SM,1,1,1,2.0,1.21,2.0,0.94,1.12,1.2,0.3,0.3,0.0,2,1,1,2,0,2,1,3,0,1,22
694,4563,3,CAR,1,1,1,2.63,1.07,1.6,1.05,1.22,1.2,0.6,0.1,0.0,2,1,1,2,0,2,1,3,0,1,22
695,4564,3,CAR,1,1,1,1.28,0.5,1.0,0.85,0.88,0.65,1.2,0.3,0.0,2,1,1,2,0,2,1,3,0,2,1
695,4565,2,SM,1,1,1,0.98,0.53,1.3,0.64,0.74,0.52,1.2,0.3,0.0,2,1,1,2,0,2,1,3,0,2,1
695,4566,3,CAR,1,1,1,1.28,0.57,0.8,0.64,0.76,0.52,1.2,0.2,0.0,2,1,1,2,0,2,1,3,0,2,1
695,4567,2,SM,1,1,1,1.08,0.57,1.3,0.64,0.76,0.84,0.6,0.1,0.0,2,1,1,2,0,2,1,3,0,2,1
695,4568,3,CAR,1,1,1,1.08,0.57,0.8,0.71,0.78,0.84,1.2,0.3,0.0,2,1,1,2,0,2,1,3,0,2,1
695,4569,2,SM,1,1,1,0.98,0.57,1.3,0.71,0.78,0.65,0.6,0.2,0.0,2,1,1,2,0,2,1,3,0,2,1
695,4570,3,CAR,1,1,1,0.98,0.53,1.0,0.85,0.92,0.52,0.6,0.1,0.0,2,1,1,2,0,2,1,3,0,2,1
695,4571,2,SM,1,1,1,0.98,0.5,1.0,0.71,0.84,0.84,1.2,0.2,0.0,2,1,1,2,0,2,1,3,0,2,1
695,4572,3,CAR,1,1,1,1.08,0.57,1.0,0.85,1.05,0.84,0.3,0.2,0.0,2,1,1,2,0,2,1,3,0,2,1
696,4573,2,SM,1,1,1,1.6,1.1,1.95,0.97,1.05,0.95,1.2,0.2,0.0,2,1,1,2,0,2,1,3,0,2,17
696,4574,2,SM,1,1,1,1.46,1.07,1.95,0.97,0.97,1.23,0.3,0.1,0.0,2,1,1,2,0,2,1,3,0,2,17
696,4575,2,SM,1,1,1,1.89,1.14,1.95,0.97,1.12,0.76,0.6,0.3,0.0,2,1,1,2,0,2,1,3,0,2,17
696,4576,3,CAR,1,1,1,1.46,1.1,1.2,0.81,0.99,0.76,0.3,0.2,0.0,2,1,1,2,0,2,1,3,0,2,17
696,4577,3,CAR,1,1,1,1.89,1.1,1.5,0.73,0.81,1.23,0.6,0.2,0.0,2,1,1,2,0,2,1,3,0,2,17
696,4578,3,CAR,1,1,1,1.6,1.07,1.5,0.73,0.92,0.76,1.2,0.1,0.0,2,1,1,2,0,2,1,3,0,2,17
696,4579,3,CAR,1,1,1,1.46,1.14,1.2,0.97,1.12,0.95,1.2,0.1,0.0,2,1,1,2,0,2,1,3,0,2,17
696,4580,3,CAR,1,1,1,1.46,1.14,1.5,0.73,0.84,0.95,0.3,0.3,0.0,2,1,1,2,0,2,1,3,0,2,17
696,4581,3,CAR,1,1,1,1.89,1.07,1.2,0.81,0.9,0.95,0.6,0.1,0.0,2,1,1,2,0,2,1,3,0,2,17
697,4582,2,SM,1,1,1,1.89,1.48,2.6,1.06,1.12,1.1,1.2,0.2,0.0,2,1,1,2,0,2,1,3,0,10,20
697,4583,2,SM,1,1,1,1.73,1.45,2.6,1.06,1.09,1.43,0.3,0.1,0.0,2,1,1,2,0,2,1,3,0,10,20
697,4584,3,CAR,1,1,1,2.21,1.52,2.6,1.06,1.27,0.88,0.6,0.3,0.0,2,1,1,2,0,2,1,3,0,10,20
697,4585,3,CAR,1,1,1,1.73,1.48,1.6,0.88,1.09,0.88,0.3,0.2,0.0,2,1,1,2,0,2,1,3,0,10,20
697,4586,2,SM,1,1,1,2.21,1.48,2.0,0.79,0.9,1.43,0.6,0.2,0.0,2,1,1,2,0,2,1,3,0,10,20
697,4587,2,SM,1,1,1,1.89,1.45,2.0,0.79,1.05,0.88,1.2,0.1,0.0,2,1,1,2,0,2,1,3,0,10,20
697,4588,3,CAR,1,1,1,1.73,1.52,1.6,1.06,1.27,1.1,1.2,0.1,0.0,2,1,1,2,0,2,1,3,0,10,20
697,4589,1,TRAIN,1,1,1,1.73,1.52,2.0,0.79,0.92,1.1,0.3,0.3,0.0,2,1,1,2,0,2,1,3,0,10,20
697,4590,3,CAR,1,1,1,2.21,1.45,1.6,0.88,0.99,1.1,0.6,0.1,0.0,2,1,1,2,0,2,1,3,0,10,20
698,4591,2,SM,1,1,1,3.72,1.96,2.1,1.31,1.4,1.3,1.2,0.3,0.0,2,1,1,2,0,2,1,3,0,17,23
698,4592,2,SM,1,1,1,2.79,2.02,2.73,0.98,1.12,1.04,1.2,0.3,0.0,2,1,1,2,0,2,1,3,0,17,23
698,4593,3,CAR,1,1,1,3.72,2.1,1.68,0.98,1.18,1.04,1.2,0.2,0.0,2,1,1,2,0,2,1,3,0,17,23
698,4594,2,SM,1,1,1,3.1,2.1,2.73,0.98,1.18,1.69,0.6,0.1,0.0,2,1,1,2,0,2,1,3,0,17,23
698,4595,2,SM,1,1,1,3.1,2.1,1.68,1.09,1.22,1.69,1.2,0.3,0.0,2,1,1,2,0,2,1,3,0,17,23
698,4596,2,SM,1,1,1,2.79,2.1,2.73,1.09,1.22,1.3,0.6,0.2,0.0,2,1,1,2,0,2,1,3,0,17,23
698,4597,3,CAR,1,1,1,2.79,2.02,2.1,1.31,1.46,1.04,0.6,0.1,0.0,2,1,1,2,0,2,1,3,0,17,23
698,4598,3,CAR,1,1,1,2.79,1.96,2.1,1.09,1.27,1.69,1.2,0.2,0.0,2,1,1,2,0,2,1,3,0,17,23
698,4599,2,SM,1,1,1,3.1,2.1,2.1,1.31,1.65,1.69,0.3,0.2,0.0,2,1,1,2,0,2,1,3,0,17,23
699,4600,2,SM,1,1,1,3.36,1.09,2.7,1.22,1.4,1.44,0.3,0.1,0.0,2,1,1,2,0,2,1,3,0,17,25
699,4601,2,SM,1,1,1,3.36,0.95,3.51,1.22,1.78,2.34,1.2,0.1,0.0,2,1,1,2,0,2,1,3,0,17,25
699,4602,2,SM,1,1,1,3.36,0.84,3.51,1.1,1.65,1.8,0.3,0.2,0.0,2,1,1,2,0,2,1,3,0,17,25
699,4603,2,SM,1,1,1,2.57,0.84,2.16,1.1,1.65,2.34,0.6,0.3,0.0,2,1,1,2,0,2,1,3,0,17,25
699,4604,2,SM,1,1,1,2.83,0.84,3.51,1.22,1.5,1.44,0.3,0.3,0.0,2,1,1,2,0,2,1,3,0,17,25
699,4605,2,SM,1,1,1,2.83,0.95,2.16,1.1,1.33,1.8,0.3,0.1,0.0,2,1,1,2,0,2,1,3,0,17,25
699,4606,2,SM,1,1,1,2.83,0.84,2.16,1.46,1.65,1.44,0.6,0.2,0.0,2,1,1,2,0,2,1,3,0,17,25
699,4607,2,SM,1,1,1,3.36,0.95,2.16,1.46,1.74,2.34,0.3,0.3,0.0,2,1,1,2,0,2,1,3,0,17,25
699,4608,2,SM,1,1,1,2.83,0.95,2.7,1.22,1.78,1.8,0.6,0.3,0.0,2,1,1,2,0,2,1,3,0,17,25
700,4609,2,SM,1,1,1,1.78,0.97,1.4,0.94,0.94,0.75,1.2,0.3,0.0,2,1,1,2,0,2,1,3,0,22,1
700,4610,2,SM,1,1,1,1.43,1.0,1.82,0.7,0.81,0.6,1.2,0.3,0.0,2,1,1,2,0,2,1,3,0,22,1
700,4611,3,CAR,1,1,1,1.78,1.04,1.12,0.7,0.84,0.6,1.2,0.2,0.0,2,1,1,2,0,2,1,3,0,22,1
700,4612,2,SM,1,1,1,1.55,1.04,1.82,0.7,0.84,0.97,0.6,0.1,0.0,2,1,1,2,0,2,1,3,0,22,1
700,4613,3,CAR,1,1,1,1.55,1.04,1.12,0.78,0.84,0.97,1.2,0.3,0.0,2,1,1,2,0,2,1,3,0,22,1
700,4614,2,SM,1,1,1,1.43,1.04,1.82,0.78,0.84,0.75,0.6,0.2,0.0,2,1,1,2,0,2,1,3,0,22,1
700,4615,2,SM,1,1,1,1.43,1.0,1.4,0.94,0.99,0.6,0.6,0.1,0.0,2,1,1,2,0,2,1,3,0,22,1
700,4616,2,SM,1,1,1,1.43,0.97,1.4,0.78,0.88,0.97,1.2,0.2,0.0,2,1,1,2,0,2,1,3,0,22,1
700,4617,2,SM,1,1,1,1.55,1.04,1.4,0.94,1.12,0.97,0.3,0.2,0.0,2,1,1,2,0,2,1,3,0,22,1
701,4618,2,SM,1,1,1,1.63,1.08,1.82,1.01,1.09,1.0,1.2,0.2,0.0,2,1,1,2,0,2,1,4,0,18,2
701,4619,2,SM,1,1,1,1.48,1.05,1.82,1.01,1.09,1.3,0.3,0.1,0.0,2,1,1,2,0,2,1,4,0,18,2
701,4620,3,CAR,1,1,1,1.94,1.12,1.82,1.01,1.22,0.8,0.6,0.3,0.0,2,1,1,2,0,2,1,4,0,18,2
701,4621,3,CAR,1,1,1,1.48,1.08,1.12,0.84,1.09,0.8,0.3,0.2,0.0,2,1,1,2,0,2,1,4,0,18,2
701,4622,2,SM,1,1,1,1.94,1.08,1.4,0.76,0.88,1.3,0.6,0.2,0.0,2,1,1,2,0,2,1,4,0,18,2
701,4623,3,CAR,1,1,1,1.63,1.05,1.4,0.76,0.99,0.8,1.2,0.1,0.0,2,1,1,2,0,2,1,4,0,18,2
701,4624,3,CAR,1,1,1,1.48,1.12,1.12,1.01,1.22,1.0,1.2,0.1,0.0,2,1,1,2,0,2,1,4,0,18,2
701,4625,3,CAR,1,1,1,1.48,1.12,1.4,0.76,0.9,1.0,0.3,0.3,0.0,2,1,1,2,0,2,1,4,0,18,2
701,4626,3,CAR,1,1,1,1.94,1.05,1.12,0.84,0.97,1.0,0.6,0.1,0.0,2,1,1,2,0,2,1,4,0,18,2
702,4627,2,SM,1,1,1,2.3,0.88,1.5,0.88,0.97,0.76,0.3,0.1,0.0,2,1,1,2,0,3,1,2,0,2,17
702,4628,2,SM,1,1,1,2.3,0.8,1.95,0.88,1.18,1.23,1.2,0.1,0.0,2,1,1,2,0,3,1,2,0,2,17
702,4629,2,SM,1,1,1,2.3,0.74,1.95,0.79,1.12,0.95,0.3,0.2,0.0,2,1,1,2,0,3,1,2,0,2,17
702,4630,2,SM,1,1,1,1.75,0.74,1.2,0.79,1.12,1.23,0.6,0.3,0.0,2,1,1,2,0,3,1,2,0,2,17
702,4631,2,SM,1,1,1,1.93,0.74,1.95,0.88,1.05,0.76,0.3,0.3,0.0,2,1,1,2,0,3,1,2,0,2,17
702,4632,2,SM,1,1,1,1.93,0.8,1.2,0.79,0.9,0.95,0.3,0.1,0.0,2,1,1,2,0,3,1,2,0,2,17
702,4633,3,CAR,1,1,1,1.93,0.74,1.2,1.06,1.12,0.76,0.6,0.2,0.0,2,1,1,2,0,3,1,2,0,2,17
702,4634,3,CAR,1,1,1,2.3,0.8,1.2,1.06,1.18,1.23,0.3,0.3,0.0,2,1,1,2,0,3,1,2,0,2,17
702,4635,2,SM,1,1,1,1.93,0.8,1.5,0.88,1.18,0.95,0.6,0.3,0.0,2,1,1,2,0,3,1,2,0,2,17
703,4636,3,CAR,1,1,1,3.5,2.05,2.2,1.09,1.18,1.0,0.3,0.1,0.0,2,1,1,2,0,3,1,2,0,22,17
703,4637,2,SM,1,1,1,3.5,1.97,2.86,1.09,1.4,1.62,1.2,0.1,0.0,2,1,1,2,0,3,1,2,0,22,17
703,4638,2,SM,1,1,1,3.5,1.91,2.86,0.98,1.33,1.25,0.3,0.2,0.0,2,1,1,2,0,3,1,2,0,22,17
703,4639,3,CAR,1,1,1,2.65,1.91,1.76,0.98,1.33,1.62,0.6,0.3,0.0,2,1,1,2,0,3,1,2,0,22,17
703,4640,2,SM,1,1,1,2.93,1.91,2.86,1.09,1.27,1.0,0.3,0.3,0.0,2,1,1,2,0,3,1,2,0,22,17
703,4641,3,CAR,1,1,1,2.93,1.97,1.76,0.98,1.12,1.25,0.3,0.1,0.0,2,1,1,2,0,3,1,2,0,22,17
703,4642,3,CAR,1,1,1,2.93,1.91,1.76,1.31,1.37,1.0,0.6,0.2,0.0,2,1,1,2,0,3,1,2,0,22,17
703,4643,3,CAR,1,1,1,3.5,1.97,1.76,1.31,1.46,1.62,0.3,0.3,0.0,2,1,1,2,0,3,1,2,0,22,17
703,4644,2,SM,1,1,1,2.93,1.97,2.2,1.09,1.4,1.25,0.6,0.3,0.0,2,1,1,2,0,3,1,2,0,22,17
704,4645,3,CAR,1,1,1,1.5,0.8,1.1,0.71,0.78,0.6,0.3,0.1,0.0,2,1,1,2,0,3,1,3,0,1,2
704,4646,2,SM,1,1,1,1.5,0.76,1.43,0.71,0.9,0.97,1.2,0.1,0.0,2,1,1,2,0,3,1,3,0,1,2
704,4647,2,SM,1,1,1,1.5,0.73,1.43,0.64,0.84,0.75,0.3,0.2,0.0,2,1,1,2,0,3,1,3,0,1,2
704,4648,3,CAR,1,1,1,1.17,0.73,0.88,0.64,0.84,0.97,0.6,0.3,0.0,2,1,1,2,0,3,1,3,0,1,2
704,4649,3,CAR,1,1,1,1.28,0.73,1.43,0.71,0.81,0.6,0.3,0.3,0.0,2,1,1,2,0,3,1,3,0,1,2
704,4650,2,SM,1,1,1,1.28,0.76,0.88,0.64,0.74,0.75,0.3,0.1,0.0,2,1,1,2,0,3,1,3,0,1,2
704,4651,3,CAR,1,1,1,1.28,0.73,0.88,0.85,0.88,0.6,0.6,0.2,0.0,2,1,1,2,0,3,1,3,0,1,2
704,4652,3,CAR,1,1,1,1.5,0.76,0.88,0.85,0.9,0.97,0.3,0.3,0.0,2,1,1,2,0,3,1,3,0,1,2
704,4653,3,CAR,1,1,1,1.28,0.76,1.1,0.71,0.9,0.75,0.6,0.3,0.0,2,1,1,2,0,3,1,3,0,1,2
705,4654,2,SM,1,1,1,1.06,0.41,0.9,0.6,0.71,0.48,0.3,0.1,0.0,2,1,1,2,0,3,1,3,0,1,2
705,4655,2,SM,1,1,1,1.06,0.37,1.17,0.6,0.84,0.78,1.2,0.1,0.0,2,1,1,2,0,3,1,3,0,1,2
705,4656,2,SM,1,1,1,1.06,0.34,1.17,0.54,0.78,0.6,0.3,0.2,0.0,2,1,1,2,0,3,1,3,0,1,2
705,4657,1,TRAIN,1,1,1,0.85,0.34,0.72,0.54,0.78,0.78,0.6,0.3,0.0,2,1,1,2,0,3,1,3,0,1,2
705,4658,2,SM,1,1,1,0.92,0.34,1.17,0.6,0.74,0.48,0.3,0.3,0.0,2,1,1,2,0,3,1,3,0,1,2
705,4659,2,SM,1,1,1,0.92,0.37,0.72,0.54,0.65,0.6,0.3,0.1,0.0,2,1,1,2,0,3,1,3,0,1,2
705,4660,3,CAR,1,1,1,0.92,0.34,0.72,0.72,0.78,0.48,0.6,0.2,0.0,2,1,1,2,0,3,1,3,0,1,2
705,4661,2,SM,1,1,1,1.06,0.37,0.72,0.72,0.84,0.78,0.3,0.3,0.0,2,1,1,2,0,3,1,3,0,1,2
705,4662,1,TRAIN,1,1,1,0.92,0.37,0.9,0.6,0.84,0.6,0.6,0.3,0.0,2,1,1,2,0,3,1,3,0,1,2
706,4663,3,CAR,1,1,1,1.74,0.97,1.0,0.78,0.84,0.48,0.3,0.1,0.0,2,1,1,2,0,3,1,3,0,2,1
706,4664,2,SM,1,1,1,1.74,0.93,1.3,0.78,0.97,0.78,1.2,0.1,0.0,2,1,1,2,0,3,1,3,0,2,1
706,4665,2,SM,1,1,1,1.74,0.9,1.3,0.7,0.9,0.6,0.3,0.2,0.0,2,1,1,2,0,3,1,3,0,2,1
706,4666,3,CAR,1,1,1,1.3,0.9,0.8,0.7,0.9,0.78,0.6,0.3,0.0,2,1,1,2,0,3,1,3,0,2,1
706,4667,2,SM,1,1,1,1.45,0.9,1.3,0.78,0.88,0.48,0.3,0.3,0.0,2,1,1,2,0,3,1,3,0,2,1
706,4668,2,SM,1,1,1,1.45,0.93,0.8,0.7,0.78,0.6,0.3,0.1,0.0,2,1,1,2,0,3,1,3,0,2,1
706,4669,3,CAR,1,1,1,1.45,0.9,0.8,0.94,0.94,0.48,0.6,0.2,0.0,2,1,1,2,0,3,1,3,0,2,1
706,4670,2,SM,1,1,1,1.74,0.93,0.8,0.94,0.99,0.78,0.3,0.3,0.0,2,1,1,2,0,3,1,3,0,2,1
706,4671,3,CAR,1,1,1,1.45,0.93,1.0,0.78,0.97,0.6,0.6,0.3,0.0,2,1,1,2,0,3,1,3,0,2,1
707,4672,2,SM,1,1,1,1.41,0.67,1.0,0.82,0.84,0.6,1.2,0.3,0.0,2,1,1,2,0,3,1,3,0,2,1
707,4673,2,SM,1,1,1,1.08,0.7,1.3,0.61,0.71,0.48,1.2,0.3,0.0,2,1,1,2,0,3,1,3,0,2,1
707,4674,2,SM,1,1,1,1.41,0.74,0.8,0.61,0.74,0.48,1.2,0.2,0.0,2,1,1,2,0,3,1,3,0,2,1
707,4675,2,SM,1,1,1,1.19,0.74,1.3,0.61,0.74,0.78,0.6,0.1,0.0,2,1,1,2,0,3,1,3,0,2,1
707,4676,3,CAR,1,1,1,1.19,0.74,0.8,0.68,0.76,0.78,1.2,0.3,0.0,2,1,1,2,0,3,1,3,0,2,1
707,4677,2,SM,1,1,1,1.08,0.74,1.3,0.68,0.76,0.6,0.6,0.2,0.0,2,1,1,2,0,3,1,3,0,2,1
707,4678,2,SM,1,1,1,1.08,0.7,1.0,0.82,0.88,0.48,0.6,0.1,0.0,2,1,1,2,0,3,1,3,0,2,1
707,4679,2,SM,1,1,1,1.08,0.67,1.0,0.68,0.78,0.78,1.2,0.2,0.0,2,1,1,2,0,3,1,3,0,2,1
707,4680,2,SM,1,1,1,1.19,0.74,1.0,0.82,0.99,0.78,0.3,0.2,0.0,2,1,1,2,0,3,1,3,0,2,1
708,4681,3,CAR,1,1,1,1.25,0.58,0.8,0.58,0.76,0.36,0.3,0.1,0.0,2,1,1,2,0,3,1,3,0,2,1
708,4682,2,SM,1,1,1,1.25,0.54,1.04,0.58,0.9,0.58,1.2,0.1,0.0,2,1,1,2,0,3,1,3,0,2,1
708,4683,2,SM,1,1,1,1.25,0.51,1.04,0.52,0.84,0.45,0.3,0.2,0.0,2,1,1,2,0,3,1,3,0,2,1
708,4684,3,CAR,1,1,1,0.94,0.51,0.64,0.52,0.84,0.58,0.6,0.3,0.0,2,1,1,2,0,3,1,3,0,2,1
708,4685,3,CAR,1,1,1,1.04,0.51,1.04,0.58,0.81,0.36,0.3,0.3,0.0,2,1,1,2,0,3,1,3,0,2,1
708,4686,3,CAR,1,1,1,1.04,0.54,0.64,0.52,0.71,0.45,0.3,0.1,0.0,2,1,1,2,0,3,1,3,0,2,1
708,4687,3,CAR,1,1,1,1.04,0.51,0.64,0.7,0.84,0.36,0.6,0.2,0.0,2,1,1,2,0,3,1,3,0,2,1
708,4688,3,CAR,1,1,1,1.25,0.54,0.64,0.7,0.9,0.58,0.3,0.3,0.0,2,1,1,2,0,3,1,3,0,2,1
708,4689,3,CAR,1,1,1,1.04,0.54,0.8,0.58,0.9,0.45,0.6,0.3,0.0,2,1,1,2,0,3,1,3,0,2,1
709,4690,2,SM,1,1,1,2.69,1.71,1.6,1.16,1.18,0.95,1.2,0.3,0.0,2,1,1,2,0,3,1,3,0,2,17
709,4691,2,SM,1,1,1,2.09,1.74,2.08,0.87,0.97,0.76,1.2,0.3,0.0,2,1,1,2,0,3,1,3,0,2,17
709,4692,3,CAR,1,1,1,2.69,1.78,1.28,0.87,0.99,0.76,1.2,0.2,0.0,2,1,1,2,0,3,1,3,0,2,17
709,4693,2,SM,1,1,1,2.29,1.78,2.08,0.87,0.99,1.23,0.6,0.1,0.0,2,1,1,2,0,3,1,3,0,2,17
709,4694,2,SM,1,1,1,2.29,1.78,1.28,0.97,1.05,1.23,1.2,0.3,0.0,2,1,1,2,0,3,1,3,0,2,17
709,4695,2,SM,1,1,1,2.09,1.78,2.08,0.97,1.05,0.95,0.6,0.2,0.0,2,1,1,2,0,3,1,3,0,2,17
709,4696,3,CAR,1,1,1,2.09,1.74,1.6,1.16,1.22,0.76,0.6,0.1,0.0,2,1,1,2,0,3,1,3,0,2,17
709,4697,2,SM,1,1,1,2.09,1.71,1.6,0.97,1.09,1.23,1.2,0.2,0.0,2,1,1,2,0,3,1,3,0,2,17
709,4698,2,SM,1,1,1,2.29,1.78,1.6,1.16,1.37,1.23,0.3,0.2,0.0,2,1,1,2,0,3,1,3,0,2,17
710,4699,2,SM,1,1,1,1.25,0.49,2.86,1.75,1.83,1.3,1.2,0.2,0.0,2,1,1,2,0,3,1,3,0,2,25
710,4700,2,SM,1,1,1,1.14,0.44,2.86,1.75,1.78,1.69,0.3,0.1,0.0,2,1,1,2,0,3,1,3,0,2,25
710,4701,3,CAR,1,1,1,1.46,0.55,2.86,1.75,1.96,1.04,0.6,0.3,0.0,2,1,1,2,0,3,1,3,0,2,25
710,4702,3,CAR,1,1,1,1.14,0.49,1.76,1.46,1.68,1.04,0.3,0.2,0.0,2,1,1,2,0,3,1,3,0,2,25
710,4703,2,SM,1,1,1,1.46,0.49,2.2,1.31,1.4,1.69,0.6,0.2,0.0,2,1,1,2,0,3,1,3,0,2,25
710,4704,2,SM,1,1,1,1.25,0.44,2.2,1.31,1.55,1.04,1.2,0.1,0.0,2,1,1,2,0,3,1,3,0,2,25
710,4705,3,CAR,1,1,1,1.14,0.55,1.76,1.75,1.96,1.3,1.2,0.1,0.0,2,1,1,2,0,3,1,3,0,2,25
710,4706,2,SM,1,1,1,1.14,0.55,2.2,1.31,1.46,1.3,0.3,0.3,0.0,2,1,1,2,0,3,1,3,0,2,25
710,4707,2,SM,1,1,1,1.46,0.44,1.76,1.46,1.61,1.3,0.6,0.1,0.0,2,1,1,2,0,3,1,3,0,2,25
711,4708,2,SM,1,1,1,1.59,0.83,1.95,0.97,1.05,1.05,1.2,0.2,0.0,2,1,1,2,0,3,1,3,0,2,25
711,4709,2,SM,1,1,1,1.44,0.78,1.95,0.97,0.99,1.36,0.3,0.1,0.0,2,1,1,2,0,3,1,3,0,2,25
711,4710,2,SM,1,1,1,1.89,0.89,1.95,0.97,1.18,0.84,0.6,0.3,0.0,2,1,1,2,0,3,1,3,0,2,25
711,4711,3,CAR,1,1,1,1.44,0.83,1.2,0.81,1.05,0.84,0.3,0.2,0.0,2,1,1,2,0,3,1,3,0,2,25
711,4712,2,SM,1,1,1,1.89,0.83,1.5,0.73,0.84,1.36,0.6,0.2,0.0,2,1,1,2,0,3,1,3,0,2,25
711,4713,2,SM,1,1,1,1.59,0.78,1.5,0.73,0.94,0.84,1.2,0.1,0.0,2,1,1,2,0,3,1,3,0,2,25
711,4714,3,CAR,1,1,1,1.44,0.89,1.2,0.97,1.18,1.05,1.2,0.1,0.0,2,1,1,2,0,3,1,3,0,2,25
711,4715,2,SM,1,1,1,1.44,0.89,1.5,0.73,0.84,1.05,0.3,0.3,0.0,2,1,1,2,0,3,1,3,0,2,25
711,4716,2,SM,1,1,1,1.89,0.78,1.2,0.81,0.92,1.05,0.6,0.1,0.0,2,1,1,2,0,3,1,3,0,2,25
712,4717,2,SM,1,1,1,2.92,1.31,2.2,1.09,1.22,1.08,0.3,0.1,0.0,2,1,1,2,0,3,1,3,0,9,25
712,4718,2,SM,1,1,1,2.92,1.21,2.86,1.09,1.5,1.75,1.2,0.1,0.0,2,1,1,2,0,3,1,3,0,9,25
712,4719,2,SM,1,1,1,2.92,1.13,2.86,0.98,1.4,1.35,0.3,0.2,0.0,2,1,1,2,0,3,1,3,0,9,25
712,4720,2,SM,1,1,1,2.29,1.13,1.76,0.98,1.4,1.75,0.6,0.3,0.0,2,1,1,2,0,3,1,3,0,9,25
712,4721,2,SM,1,1,1,2.5,1.13,2.86,1.09,1.33,1.08,0.3,0.3,0.0,2,1,1,2,0,3,1,3,0,9,25
712,4722,2,SM,1,1,1,2.5,1.21,1.76,0.98,1.12,1.35,0.3,0.1,0.0,2,1,1,2,0,3,1,3,0,9,25
712,4723,2,SM,1,1,1,2.5,1.13,1.76,1.31,1.4,1.08,0.6,0.2,0.0,2,1,1,2,0,3,1,3,0,9,25
712,4724,2,SM,1,1,1,2.92,1.21,1.76,1.31,1.5,1.75,0.3,0.3,0.0,2,1,1,2,0,3,1,3,0,9,25
712,4725,2,SM,1,1,1,2.5,1.21,2.2,1.09,1.5,1.35,0.6,0.3,0.0,2,1,1,2,0,3,1,3,0,9,25
713,4726,2,SM,1,1,1,2.49,1.12,1.5,0.9,1.05,0.84,0.3,0.1,0.0,2,1,1,2,0,3,1,3,0,17,2
713,4727,2,SM,1,1,1,2.49,1.04,1.95,0.9,1.22,1.36,1.2,0.1,0.0,2,1,1,2,0,3,1,3,0,17,2
713,4728,2,SM,1,1,1,2.49,0.98,1.95,0.81,1.12,1.05,0.3,0.2,0.0,2,1,1,2,0,3,1,3,0,17,2
713,4729,2,SM,1,1,1,1.89,0.98,1.2,0.81,1.12,1.36,0.6,0.3,0.0,2,1,1,2,0,3,1,3,0,17,2
713,4730,2,SM,1,1,1,2.09,0.98,1.95,0.9,1.09,0.84,0.3,0.3,0.0,2,1,1,2,0,3,1,3,0,17,2
713,4731,2,SM,1,1,1,2.09,1.04,1.2,0.81,0.94,1.05,0.3,0.1,0.0,2,1,1,2,0,3,1,3,0,17,2
713,4732,2,SM,1,1,1,2.09,0.98,1.2,1.08,1.18,0.84,0.6,0.2,0.0,2,1,1,2,0,3,1,3,0,17,2
713,4733,2,SM,1,1,1,2.49,1.04,1.2,1.08,1.22,1.36,0.3,0.3,0.0,2,1,1,2,0,3,1,3,0,17,2
713,4734,2,SM,1,1,1,2.09,1.04,1.5,0.9,1.22,1.05,0.6,0.3,0.0,2,1,1,2,0,3,1,3,0,17,2
714,4735,2,SM,1,1,1,2.27,1.14,1.95,1.06,1.22,0.9,1.2,0.2,0.0,2,1,1,2,0,3,1,3,0,17,2
714,4736,2,SM,1,1,1,2.05,1.08,1.95,1.06,1.12,1.17,0.3,0.1,0.0,2,1,1,2,0,3,1,3,0,17,2
714,4737,2,SM,1,1,1,2.7,1.22,1.95,1.06,1.4,0.72,0.6,0.3,0.0,2,1,1,2,0,3,1,3,0,17,2
714,4738,2,SM,1,1,1,2.05,1.14,1.2,0.88,1.22,0.72,0.3,0.2,0.0,2,1,1,2,0,3,1,3,0,17,2
714,4739,2,SM,1,1,1,2.7,1.14,1.5,0.79,0.92,1.17,0.6,0.2,0.0,2,1,1,2,0,3,1,3,0,17,2
714,4740,2,SM,1,1,1,2.27,1.08,1.5,0.79,1.12,0.72,1.2,0.1,0.0,2,1,1,2,0,3,1,3,0,17,2
714,4741,2,SM,1,1,1,2.05,1.22,1.2,1.06,1.4,0.9,1.2,0.1,0.0,2,1,1,2,0,3,1,3,0,17,2
714,4742,2,SM,1,1,1,2.05,1.22,1.5,0.79,0.97,0.9,0.3,0.3,0.0,2,1,1,2,0,3,1,3,0,17,2
714,4743,2,SM,1,1,1,2.7,1.08,1.2,0.88,1.05,0.9,0.6,0.1,0.0,2,1,1,2,0,3,1,3,0,17,2
715,4744,3,CAR,1,1,1,2.31,1.49,1.4,0.74,0.78,0.68,0.3,0.1,0.0,2,1,1,2,0,3,1,3,0,17,2
715,4745,2,SM,1,1,1,2.31,1.45,1.82,0.74,0.88,1.1,1.2,0.1,0.0,2,1,1,2,0,3,1,3,0,17,2
715,4746,2,SM,1,1,1,2.31,1.42,1.82,0.67,0.81,0.85,0.3,0.2,0.0,2,1,1,2,0,3,1,3,0,17,2
715,4747,3,CAR,1,1,1,1.82,1.42,1.12,0.67,0.81,1.1,0.6,0.3,0.0,2,1,1,2,0,3,1,3,0,17,2
715,4748,2,SM,1,1,1,1.98,1.42,1.82,0.74,0.81,0.68,0.3,0.3,0.0,2,1,1,2,0,3,1,3,0,17,2
715,4749,3,CAR,1,1,1,1.98,1.45,1.12,0.67,0.74,0.85,0.3,0.1,0.0,2,1,1,2,0,3,1,3,0,17,2
715,4750,3,CAR,1,1,1,1.98,1.42,1.12,0.89,0.88,0.68,0.6,0.2,0.0,2,1,1,2,0,3,1,3,0,17,2
715,4751,3,CAR,1,1,1,2.31,1.45,1.12,0.89,0.9,1.1,0.3,0.3,0.0,2,1,1,2,0,3,1,3,0,17,2
715,4752,3,CAR,1,1,1,1.98,1.45,1.4,0.74,0.88,0.85,0.6,0.3,0.0,2,1,1,2,0,3,1,3,0,17,2
716,4753,2,SM,1,1,1,2.22,0.81,1.5,1.01,1.09,0.9,1.2,0.3,0.0,2,1,1,2,0,3,1,3,0,17,2
716,4754,2,SM,1,1,1,1.71,0.87,1.95,0.76,0.9,0.72,1.2,0.3,0.0,2,1,1,2,0,3,1,3,0,17,2
716,4755,2,SM,1,1,1,2.22,0.95,1.2,0.76,0.94,0.72,1.2,0.2,0.0,2,1,1,2,0,3,1,3,0,17,2
716,4756,2,SM,1,1,1,1.88,0.95,1.95,0.76,0.94,1.17,0.6,0.1,0.0,2,1,1,2,0,3,1,3,0,17,2
716,4757,2,SM,1,1,1,1.88,0.95,1.2,0.84,0.97,1.17,1.2,0.3,0.0,2,1,1,2,0,3,1,3,0,17,2
716,4758,2,SM,1,1,1,1.71,0.95,1.95,0.84,0.97,0.9,0.6,0.2,0.0,2,1,1,2,0,3,1,3,0,17,2
716,4759,2,SM,1,1,1,1.71,0.87,1.5,1.01,1.18,0.72,0.6,0.1,0.0,2,1,1,2,0,3,1,3,0,17,2
716,4760,2,SM,1,1,1,1.71,0.81,1.5,0.84,1.05,1.17,1.2,0.2,0.0,2,1,1,2,0,3,1,3,0,17,2
716,4761,2,SM,1,1,1,1.88,0.95,1.5,1.01,1.37,1.17,0.3,0.2,0.0,2,1,1,2,0,3,1,3,0,17,2
717,4762,3,CAR,1,1,1,1.54,0.81,1.0,0.6,0.68,0.52,0.3,0.1,0.0,2,1,1,2,0,3,1,3,0,17,11
717,4763,2,SM,1,1,1,1.54,0.77,1.3,0.6,0.76,0.84,1.2,0.1,0.0,2,1,1,2,0,3,1,3,0,17,11
717,4764,2,SM,1,1,1,1.54,0.74,1.3,0.54,0.71,0.65,0.3,0.2,0.0,2,1,1,2,0,3,1,3,0,17,11
717,4765,3,CAR,1,1,1,1.18,0.74,0.8,0.54,0.71,0.84,0.6,0.3,0.0,2,1,1,2,0,3,1,3,0,17,11
717,4766,2,SM,1,1,1,1.3,0.74,1.3,0.6,0.71,0.52,0.3,0.3,0.0,2,1,1,2,0,3,1,3,0,17,11
717,4767,3,CAR,1,1,1,1.3,0.77,0.8,0.54,0.6,0.65,0.3,0.1,0.0,2,1,1,2,0,3,1,3,0,17,11
717,4768,3,CAR,1,1,1,1.3,0.74,0.8,0.72,0.76,0.52,0.6,0.2,0.0,2,1,1,2,0,3,1,3,0,17,11
717,4769,3,CAR,1,1,1,1.54,0.77,0.8,0.72,0.78,0.84,0.3,0.3,0.0,2,1,1,2,0,3,1,3,0,17,11
717,4770,3,CAR,1,1,1,1.3,0.77,1.0,0.6,0.76,0.65,0.6,0.3,0.0,2,1,1,2,0,3,1,3,0,17,11
718,4771,2,SM,1,1,1,2.47,0.8,2.86,1.31,1.5,1.25,1.2,0.2,0.0,2,1,1,2,0,3,1,3,0,17,22
718,4772,2,SM,1,1,1,2.24,0.71,2.86,1.31,1.4,1.62,0.3,0.1,0.0,2,1,1,2,0,3,1,3,0,17,22
718,4773,2,SM,1,1,1,2.92,0.92,2.86,1.31,1.78,1.0,0.6,0.3,0.0,2,1,1,2,0,3,1,3,0,17,22
718,4774,2,SM,1,1,1,2.24,0.8,1.76,1.09,1.55,1.0,0.3,0.2,0.0,2,1,1,2,0,3,1,3,0,17,22
718,4775,2,SM,1,1,1,2.92,0.8,2.2,0.98,1.12,1.62,0.6,0.2,0.0,2,1,1,2,0,3,1,3,0,17,22
718,4776,2,SM,1,1,1,2.47,0.71,2.2,0.98,1.4,1.0,1.2,0.1,0.0,2,1,1,2,0,3,1,3,0,17,22
718,4777,1,TRAIN,1,1,1,2.24,0.92,1.76,1.31,1.78,1.25,1.2,0.1,0.0,2,1,1,2,0,3,1,3,0,17,22
718,4778,2,SM,1,1,1,2.24,0.92,2.2,0.98,1.22,1.25,0.3,0.3,0.0,2,1,1,2,0,3,1,3,0,17,22
718,4779,2,SM,1,1,1,2.92,0.71,1.76,1.09,1.33,1.25,0.6,0.1,0.0,2,1,1,2,0,3,1,3,0,17,22
719,4780,2,SM,1,1,1,3.36,1.41,2.4,1.34,1.55,1.4,1.2,0.3,0.0,2,1,1,2,0,3,1,3,0,17,22
719,4781,2,SM,1,1,1,2.57,1.5,3.12,1.01,1.27,1.12,1.2,0.3,0.0,2,1,1,2,0,3,1,3,0,17,22
719,4782,2,SM,1,1,1,3.36,1.62,1.92,1.01,1.33,1.12,1.2,0.2,0.0,2,1,1,2,0,3,1,3,0,17,22
719,4783,2,SM,1,1,1,2.83,1.62,3.12,1.01,1.33,1.82,0.6,0.1,0.0,2,1,1,2,0,3,1,3,0,17,22
719,4784,2,SM,1,1,1,2.83,1.62,1.92,1.12,1.37,1.82,1.2,0.3,0.0,2,1,1,2,0,3,1,3,0,17,22
719,4785,2,SM,1,1,1,2.57,1.62,3.12,1.12,1.37,1.4,0.6,0.2,0.0,2,1,1,2,0,3,1,3,0,17,22
719,4786,2,SM,1,1,1,2.57,1.5,2.4,1.34,1.65,1.12,0.6,0.1,0.0,2,1,1,2,0,3,1,3,0,17,22
719,4787,2,SM,1,1,1,2.57,1.41,2.4,1.12,1.4,1.82,1.2,0.2,0.0,2,1,1,2,0,3,1,3,0,17,22
719,4788,2,SM,1,1,1,2.83,1.62,2.4,1.34,1.93,1.82,0.3,0.2,0.0,2,1,1,2,0,3,1,3,0,17,22
720,4789,2,SM,1,1,1,3.26,1.31,2.6,1.22,1.4,0.96,0.3,0.1,0.0,2,1,1,2,0,3,1,3,0,17,25
720,4790,2,SM,1,1,1,3.26,1.17,3.38,1.22,1.78,1.56,1.2,0.1,0.0,2,1,1,2,0,3,1,3,0,17,25
720,4791,2,SM,1,1,1,3.26,1.06,3.38,1.1,1.65,1.2,0.3,0.2,0.0,2,1,1,2,0,3,1,3,0,17,25
720,4792,2,SM,1,1,1,2.49,1.06,2.08,1.1,1.65,1.56,0.6,0.3,0.0,2,1,1,2,0,3,1,3,0,17,25
720,4793,2,SM,1,1,1,2.75,1.06,3.38,1.22,1.5,0.96,0.3,0.3,0.0,2,1,1,2,0,3,1,3,0,17,25
720,4794,2,SM,1,1,1,2.75,1.17,2.08,1.1,1.33,1.2,0.3,0.1,0.0,2,1,1,2,0,3,1,3,0,17,25
720,4795,2,SM,1,1,1,2.75,1.06,2.08,1.46,1.65,0.96,0.6,0.2,0.0,2,1,1,2,0,3,1,3,0,17,25
720,4796,2,SM,1,1,1,3.26,1.17,2.08,1.46,1.78,1.56,0.3,0.3,0.0,2,1,1,2,0,3,1,3,0,17,25
720,4797,2,SM,1,1,1,2.75,1.17,2.6,1.22,1.78,1.2,0.6,0.3,0.0,2,1,1,2,0,3,1,3,0,17,25
721,4798,2,SM,1,1,1,2.93,1.32,2.1,1.09,1.22,1.2,0.3,0.1,0.0,2,1,1,2,0,3,1,3,0,19,25
721,4799,2,SM,1,1,1,2.93,1.22,2.73,1.09,1.5,1.95,1.2,0.1,0.0,2,1,1,2,0,3,1,3,0,19,25
721,4800,2,SM,1,1,1,2.93,1.14,2.73,0.98,1.4,1.5,0.3,0.2,0.0,2,1,1,2,0,3,1,3,0,19,25
721,4801,2,SM,1,1,1,2.3,1.14,1.68,0.98,1.4,1.95,0.6,0.3,0.0,2,1,1,2,0,3,1,3,0,19,25
721,4802,2,SM,1,1,1,2.51,1.14,2.73,1.09,1.33,1.2,0.3,0.3,0.0,2,1,1,2,0,3,1,3,0,19,25
721,4803,3,CAR,1,1,1,2.51,1.22,1.68,0.98,1.12,1.5,0.3,0.1,0.0,2,1,1,2,0,3,1,3,0,19,25
721,4804,2,SM,1,1,1,2.51,1.14,1.68,1.31,1.4,1.2,0.6,0.2,0.0,2,1,1,2,0,3,1,3,0,19,25
721,4805,3,CAR,1,1,1,2.93,1.22,1.68,1.31,1.5,1.95,0.3,0.3,0.0,2,1,1,2,0,3,1,3,0,19,25
721,4806,2,SM,1,1,1,2.51,1.22,2.1,1.09,1.5,1.5,0.6,0.3,0.0,2,1,1,2,0,3,1,3,0,19,25
722,4807,2,SM,1,1,1,2.63,1.09,2.4,1.26,1.27,1.4,1.2,0.3,0.0,2,1,1,2,0,3,1,3,0,20,22
722,4808,2,SM,1,1,1,2.0,1.15,3.12,0.94,1.05,1.12,1.2,0.3,0.0,2,1,1,2,0,3,1,3,0,20,22
722,4809,3,CAR,1,1,1,2.63,1.23,1.92,0.94,1.09,1.12,1.2,0.2,0.0,2,1,1,2,0,3,1,3,0,20,22
722,4810,2,SM,1,1,1,2.21,1.23,3.12,0.94,1.09,1.82,0.6,0.1,0.0,2,1,1,2,0,3,1,3,0,20,22
722,4811,2,SM,1,1,1,2.21,1.23,1.92,1.05,1.12,1.82,1.2,0.3,0.0,2,1,1,2,0,3,1,3,0,20,22
722,4812,2,SM,1,1,1,2.0,1.23,3.12,1.05,1.12,1.4,0.6,0.2,0.0,2,1,1,2,0,3,1,3,0,20,22
722,4813,2,SM,1,1,1,2.0,1.15,2.4,1.26,1.37,1.12,0.6,0.1,0.0,2,1,1,2,0,3,1,3,0,20,22
722,4814,2,SM,1,1,1,2.0,1.09,2.4,1.05,1.18,1.82,1.2,0.2,0.0,2,1,1,2,0,3,1,3,0,20,22
722,4815,2,SM,1,1,1,2.21,1.23,2.4,1.26,1.55,1.82,0.3,0.2,0.0,2,1,1,2,0,3,1,3,0,20,22
723,4816,2,SM,1,1,1,2.0,0.92,2.08,1.13,1.27,1.2,1.2,0.2,0.0,2,1,1,2,0,3,1,3,0,22,1
723,4817,2,SM,1,1,1,1.8,0.86,2.08,1.13,1.22,1.56,0.3,0.1,0.0,2,1,1,2,0,3,1,3,0,22,1
723,4818,3,CAR,1,1,1,2.4,1.0,2.08,1.13,1.5,0.96,0.6,0.3,0.0,2,1,1,2,0,3,1,3,0,22,1
723,4819,3,CAR,1,1,1,1.8,0.92,1.28,0.94,1.33,0.96,0.3,0.2,0.0,2,1,1,2,0,3,1,3,0,22,1
723,4820,2,SM,1,1,1,2.4,0.92,1.6,0.85,0.99,1.56,0.6,0.2,0.0,2,1,1,2,0,3,1,3,0,22,1
723,4821,2,SM,1,1,1,2.0,0.86,1.6,0.85,1.18,0.96,1.2,0.1,0.0,2,1,1,2,0,3,1,3,0,22,1
723,4822,3,CAR,1,1,1,1.8,1.0,1.28,1.13,1.5,1.2,1.2,0.1,0.0,2,1,1,2,0,3,1,3,0,22,1
723,4823,2,SM,1,1,1,1.8,1.0,1.6,0.85,1.05,1.2,0.3,0.3,0.0,2,1,1,2,0,3,1,3,0,22,1
723,4824,2,SM,1,1,1,2.4,0.86,1.28,0.94,1.12,1.2,0.6,0.1,0.0,2,1,1,2,0,3,1,3,0,22,1
724,4825,2,SM,1,1,1,2.16,0.68,1.8,1.16,1.22,1.2,1.2,0.3,0.0,2,1,1,2,0,3,1,3,0,22,1
724,4826,2,SM,1,1,1,1.65,0.74,2.34,0.87,0.99,0.96,1.2,0.3,0.0,2,1,1,2,0,3,1,3,0,22,1
724,4827,3,CAR,1,1,1,2.16,0.82,1.44,0.87,1.09,0.96,1.2,0.2,0.0,2,1,1,2,0,3,1,3,0,22,1
724,4828,2,SM,1,1,1,1.82,0.82,2.34,0.87,1.09,1.56,0.6,0.1,0.0,2,1,1,2,0,3,1,3,0,22,1
724,4829,3,CAR,1,1,1,1.82,0.82,1.44,0.97,1.09,1.56,1.2,0.3,0.0,2,1,1,2,0,3,1,3,0,22,1
724,4830,2,SM,1,1,1,1.65,0.82,2.34,0.97,1.09,1.2,0.6,0.2,0.0,2,1,1,2,0,3,1,3,0,22,1
724,4831,2,SM,1,1,1,1.65,0.74,1.8,1.16,1.33,0.96,0.6,0.1,0.0,2,1,1,2,0,3,1,3,0,22,1
724,4832,2,SM,1,1,1,1.65,0.68,1.8,0.97,1.12,1.56,1.2,0.2,0.0,2,1,1,2,0,3,1,3,0,22,1
724,4833,2,SM,1,1,1,1.82,0.82,1.8,1.16,1.5,1.56,0.3,0.2,0.0,2,1,1,2,0,3,1,3,0,22,1
725,4834,2,SM,1,1,1,0.89,0.34,1.04,0.53,0.65,0.45,1.2,0.2,0.0,2,1,1,2,0,3,1,3,0,22,2
725,4835,2,SM,1,1,1,0.82,0.31,1.04,0.53,0.6,0.58,0.3,0.1,0.0,2,1,1,2,0,3,1,3,0,22,2
725,4836,3,CAR,1,1,1,1.03,0.38,1.04,0.53,0.76,0.36,0.6,0.3,0.0,2,1,1,2,0,3,1,3,0,22,2
725,4837,3,CAR,1,1,1,0.82,0.34,0.64,0.44,0.68,0.36,0.3,0.2,0.0,2,1,1,2,0,3,1,3,0,22,2
725,4838,2,SM,1,1,1,1.03,0.34,0.8,0.4,0.46,0.58,0.6,0.2,0.0,2,1,1,2,0,3,1,3,0,22,2
725,4839,3,CAR,1,1,1,0.89,0.31,0.8,0.4,0.6,0.36,1.2,0.1,0.0,2,1,1,2,0,3,1,3,0,22,2
725,4840,3,CAR,1,1,1,0.82,0.38,0.64,0.53,0.76,0.45,1.2,0.1,0.0,2,1,1,2,0,3,1,3,0,22,2
725,4841,2,SM,1,1,1,0.82,0.38,0.8,0.4,0.5,0.45,0.3,0.3,0.0,2,1,1,2,0,3,1,3,0,22,2
725,4842,3,CAR,1,1,1,1.03,0.31,0.64,0.44,0.56,0.45,0.6,0.1,0.0,2,1,1,2,0,3,1,3,0,22,2
726,4843,2,SM,1,1,1,1.57,1.02,1.56,0.89,0.9,0.85,1.2,0.2,0.0,2,1,1,2,0,3,1,3,0,22,12
726,4844,2,SM,1,1,1,1.42,0.99,1.56,0.89,0.88,1.1,0.3,0.1,0.0,2,1,1,2,0,3,1,3,0,22,12
726,4845,2,SM,1,1,1,1.86,1.06,1.56,0.89,0.99,0.68,0.6,0.3,0.0,2,1,1,2,0,3,1,3,0,22,12
726,4846,2,SM,1,1,1,1.42,1.02,0.96,0.74,0.88,0.68,0.3,0.2,0.0,2,1,1,2,0,3,1,3,0,22,12
726,4847,2,SM,1,1,1,1.86,1.02,1.2,0.67,0.74,1.1,0.6,0.2,0.0,2,1,1,2,0,3,1,3,0,22,12
726,4848,2,SM,1,1,1,1.57,0.99,1.2,0.67,0.84,0.68,1.2,0.1,0.0,2,1,1,2,0,3,1,3,0,22,12
726,4849,2,SM,1,1,1,1.42,1.06,0.96,0.89,0.99,0.85,1.2,0.1,0.0,2,1,1,2,0,3,1,3,0,22,12
726,4850,2,SM,1,1,1,1.42,1.06,1.2,0.67,0.76,0.85,0.3,0.3,0.0,2,1,1,2,0,3,1,3,0,22,12
726,4851,2,SM,1,1,1,1.86,0.99,0.96,0.74,0.81,0.85,0.6,0.1,0.0,2,1,1,2,0,3,1,3,0,22,12
727,4852,2,SM,1,1,1,3.14,1.6,1.9,1.26,1.33,1.15,1.2,0.3,0.0,2,1,1,2,0,3,1,3,0,22,17
727,4853,2,SM,1,1,1,2.46,1.66,2.47,0.94,1.09,0.92,1.2,0.3,0.0,2,1,1,2,0,3,1,3,0,22,17
727,4854,3,CAR,1,1,1,3.14,1.74,1.52,0.94,1.12,0.92,1.2,0.2,0.0,2,1,1,2,0,3,1,3,0,22,17
727,4855,2,SM,1,1,1,2.69,1.74,2.47,0.94,1.12,1.49,0.6,0.1,0.0,2,1,1,2,0,3,1,3,0,22,17
727,4856,3,CAR,1,1,1,2.69,1.74,1.52,1.05,1.18,1.49,1.2,0.3,0.0,2,1,1,2,0,3,1,3,0,22,17
727,4857,2,SM,1,1,1,2.46,1.74,2.47,1.05,1.18,1.15,0.6,0.2,0.0,2,1,1,2,0,3,1,3,0,22,17
727,4858,2,SM,1,1,1,2.46,1.66,1.9,1.26,1.4,0.92,0.6,0.1,0.0,2,1,1,2,0,3,1,3,0,22,17
727,4859,2,SM,1,1,1,2.46,1.6,1.9,1.05,1.22,1.49,1.2,0.2,0.0,2,1,1,2,0,3,1,3,0,22,17
727,4860,2,SM,1,1,1,2.69,1.74,1.9,1.26,1.61,1.49,0.3,0.2,0.0,2,1,1,2,0,3,1,3,0,22,17
728,4861,2,SM,1,1,1,2.36,0.81,2.1,1.05,1.18,1.2,0.3,0.1,0.0,2,1,1,2,0,3,1,3,0,25,1
728,4862,2,SM,1,1,1,2.36,0.71,2.73,1.05,1.46,1.95,1.2,0.1,0.0,2,1,1,2,0,3,1,3,0,25,1
728,4863,2,SM,1,1,1,2.36,0.63,2.73,0.94,1.33,1.5,0.3,0.2,0.0,2,1,1,2,0,3,1,3,0,25,1
728,4864,2,SM,1,1,1,1.82,0.63,1.68,0.94,1.33,1.95,0.6,0.3,0.0,2,1,1,2,0,3,1,3,0,25,1
728,4865,2,SM,1,1,1,2.0,0.63,2.73,1.05,1.22,1.2,0.3,0.3,0.0,2,1,1,2,0,3,1,3,0,25,1
728,4866,2,SM,1,1,1,2.0,0.71,1.68,0.94,1.09,1.5,0.3,0.1,0.0,2,1,1,2,0,3,1,3,0,25,1
728,4867,2,SM,1,1,1,2.0,0.63,1.68,1.26,1.33,1.2,0.6,0.2,0.0,2,1,1,2,0,3,1,3,0,25,1
728,4868,2,SM,1,1,1,2.36,0.71,1.68,1.26,1.4,1.95,0.3,0.3,0.0,2,1,1,2,0,3,1,3,0,25,1
728,4869,2,SM,1,1,1,2.0,0.71,2.1,1.05,1.46,1.5,0.6,0.3,0.0,2,1,1,2,0,3,1,3,0,25,1
729,4870,2,SM,1,1,1,2.36,0.63,2.1,1.26,1.33,1.65,1.2,0.3,0.0,2,1,1,2,0,3,1,3,0,25,1
729,4871,2,SM,1,1,1,1.82,0.71,2.73,0.94,1.09,1.32,1.2,0.3,0.0,2,1,1,2,0,3,1,3,0,25,1
729,4872,2,SM,1,1,1,2.36,0.81,1.68,0.94,1.12,1.32,1.2,0.2,0.0,2,1,1,2,0,3,1,3,0,25,1
729,4873,2,SM,1,1,1,2.0,0.81,2.73,0.94,1.12,2.14,0.6,0.1,0.0,2,1,1,2,0,3,1,3,0,25,1
729,4874,2,SM,1,1,1,2.0,0.81,1.68,1.05,1.18,2.14,1.2,0.3,0.0,2,1,1,2,0,3,1,3,0,25,1
729,4875,2,SM,1,1,1,1.82,0.81,2.73,1.05,1.18,1.65,0.6,0.2,0.0,2,1,1,2,0,3,1,3,0,25,1
729,4876,2,SM,1,1,1,1.82,0.71,2.1,1.26,1.4,1.32,0.6,0.1,0.0,2,1,1,2,0,3,1,3,0,25,1
729,4877,2,SM,1,1,1,1.82,0.63,2.1,1.05,1.22,2.14,1.2,0.2,0.0,2,1,1,2,0,3,1,3,0,25,1
729,4878,2,SM,1,1,1,2.0,0.81,2.1,1.26,1.68,2.14,0.3,0.2,0.0,2,1,1,2,0,3,1,3,0,25,1
730,4879,2,SM,1,1,1,2.03,0.95,2.34,1.1,1.27,1.1,1.2,0.2,0.0,2,1,1,2,0,4,1,3,0,1,22
730,4880,2,SM,1,1,1,1.85,0.89,2.34,1.1,1.22,1.43,0.3,0.1,0.0,2,1,1,2,0,4,1,3,0,1,22
730,4881,2,SM,1,1,1,2.4,1.03,2.34,1.1,1.46,0.88,0.6,0.3,0.0,2,1,1,2,0,4,1,3,0,1,22
730,4882,3,CAR,1,1,1,1.85,0.95,1.44,0.92,1.27,0.88,0.3,0.2,0.0,2,1,1,2,0,4,1,3,0,1,22
730,4883,2,SM,1,1,1,2.4,0.95,1.8,0.83,0.97,1.43,0.6,0.2,0.0,2,1,1,2,0,4,1,3,0,1,22
730,4884,2,SM,1,1,1,2.03,0.89,1.8,0.83,1.18,0.88,1.2,0.1,0.0,2,1,1,2,0,4,1,3,0,1,22
730,4885,3,CAR,1,1,1,1.85,1.03,1.44,1.1,1.46,1.1,1.2,0.1,0.0,2,1,1,2,0,4,1,3,0,1,22
730,4886,2,SM,1,1,1,1.85,1.03,1.8,0.83,1.05,1.1,0.3,0.3,0.0,2,1,1,2,0,4,1,3,0,1,22
730,4887,2,SM,1,1,1,2.4,0.89,1.44,0.92,1.12,1.1,0.6,0.1,0.0,2,1,1,2,0,4,1,3,0,1,22
731,4888,2,SM,1,1,1,2.45,0.99,1.6,1.1,1.18,1.1,1.2,0.3,0.0,2,1,1,2,0,4,1,3,0,1,22
731,4889,1,TRAIN,1,1,1,1.91,1.05,2.08,0.83,0.97,0.88,1.2,0.3,0.0,2,1,1,2,0,4,1,3,0,1,22
731,4890,3,CAR,1,1,1,2.45,1.13,1.28,0.83,1.05,0.88,1.2,0.2,0.0,2,1,1,2,0,4,1,3,0,1,22
731,4891,1,TRAIN,1,1,1,2.09,1.13,2.08,0.83,1.05,1.43,0.6,0.1,0.0,2,1,1,2,0,4,1,3,0,1,22
731,4892,2,SM,1,1,1,2.09,1.13,1.28,0.92,1.05,1.43,1.2,0.3,0.0,2,1,1,2,0,4,1,3,0,1,22
731,4893,1,TRAIN,1,1,1,1.91,1.13,2.08,0.92,1.05,1.1,0.6,0.2,0.0,2,1,1,2,0,4,1,3,0,1,22
731,4894,1,TRAIN,1,1,1,1.91,1.05,1.6,1.1,1.27,0.88,0.6,0.1,0.0,2,1,1,2,0,4,1,3,0,1,22
731,4895,2,SM,1,1,1,1.91,0.99,1.6,0.92,1.09,1.43,1.2,0.2,0.0,2,1,1,2,0,4,1,3,0,1,22
731,4896,1,TRAIN,1,1,1,2.09,1.13,1.6,1.1,1.46,1.43,0.3,0.2,0.0,2,1,1,2,0,4,1,3,0,1,22
732,4897,2,SM,1,1,1,1.52,0.76,1.2,0.85,0.88,0.75,1.2,0.3,0.0,2,1,1,2,0,4,1,3,0,2,1
732,4898,2,SM,1,1,1,1.16,0.79,1.56,0.64,0.74,0.6,1.2,0.3,0.0,2,1,1,2,0,4,1,3,0,2,1
732,4899,3,CAR,1,1,1,1.52,0.83,0.96,0.64,0.76,0.6,1.2,0.2,0.0,2,1,1,2,0,4,1,3,0,2,1
732,4900,2,SM,1,1,1,1.28,0.83,1.56,0.64,0.76,0.97,0.6,0.1,0.0,2,1,1,2,0,4,1,3,0,2,1
732,4901,3,CAR,1,1,1,1.28,0.83,0.96,0.71,0.78,0.97,1.2,0.3,0.0,2,1,1,2,0,4,1,3,0,2,1
732,4902,2,SM,1,1,1,1.16,0.83,1.56,0.71,0.78,0.75,0.6,0.2,0.0,2,1,1,2,0,4,1,3,0,2,1
732,4903,2,SM,1,1,1,1.16,0.79,1.2,0.85,0.92,0.6,0.6,0.1,0.0,2,1,1,2,0,4,1,3,0,2,1
732,4904,2,SM,1,1,1,1.16,0.76,1.2,0.71,0.81,0.97,1.2,0.2,0.0,2,1,1,2,0,4,1,3,0,2,1
732,4905,2,SM,1,1,1,1.28,0.83,1.2,0.85,1.05,0.97,0.3,0.2,0.0,2,1,1,2,0,4,1,3,0,2,1
733,4906,2,SM,1,1,1,1.46,0.55,1.2,0.68,0.76,0.64,0.3,0.1,0.0,2,1,1,2,0,4,1,3,0,2,25
733,4907,2,SM,1,1,1,1.46,0.49,1.56,0.68,0.9,1.04,1.2,0.1,0.0,2,1,1,2,0,4,1,3,0,2,25
733,4908,3,CAR,1,1,1,1.46,0.44,1.56,0.61,0.84,0.8,0.3,0.2,0.0,2,1,1,2,0,4,1,3,0,2,25
733,4909,1,TRAIN,1,1,1,1.14,0.44,0.96,0.61,0.84,1.04,0.6,0.3,0.0,2,1,1,2,0,4,1,3,0,2,25
733,4910,1,TRAIN,1,1,1,1.25,0.44,1.56,0.68,0.78,0.64,0.3,0.3,0.0,2,1,1,2,0,4,1,3,0,2,25
733,4911,2,SM,1,1,1,1.25,0.49,0.96,0.61,0.71,0.8,0.3,0.1,0.0,2,1,1,2,0,4,1,3,0,2,25
733,4912,3,CAR,1,1,1,1.25,0.44,0.96,0.82,0.84,0.64,0.6,0.2,0.0,2,1,1,2,0,4,1,3,0,2,25
733,4913,3,CAR,1,1,1,1.46,0.49,0.96,0.82,0.9,1.04,0.3,0.3,0.0,2,1,1,2,0,4,1,3,0,2,25
733,4914,3,CAR,1,1,1,1.25,0.49,1.2,0.68,0.9,0.8,0.6,0.3,0.0,2,1,1,2,0,4,1,3,0,2,25
734,4915,2,SM,1,1,1,1.94,0.86,2.34,1.16,1.33,1.15,1.2,0.2,0.0,2,1,1,2,0,4,1,3,0,22,1
734,4916,2,SM,1,1,1,1.75,0.8,2.34,1.16,1.27,1.49,0.3,0.1,0.0,2,1,1,2,0,4,1,3,0,22,1
734,4917,2,SM,1,1,1,2.33,0.94,2.34,1.16,1.5,0.92,0.6,0.3,0.0,2,1,1,2,0,4,1,3,0,22,1
734,4918,2,SM,1,1,1,1.75,0.86,1.44,0.97,1.33,0.92,0.3,0.2,0.0,2,1,1,2,0,4,1,3,0,22,1
734,4919,2,SM,1,1,1,2.33,0.86,1.8,0.87,0.99,1.49,0.6,0.2,0.0,2,1,1,2,0,4,1,3,0,22,1
734,4920,2,SM,1,1,1,1.94,0.8,1.8,0.87,1.22,0.92,1.2,0.1,0.0,2,1,1,2,0,4,1,3,0,22,1
734,4921,2,SM,1,1,1,1.75,0.94,1.44,1.16,1.5,1.15,1.2,0.1,0.0,2,1,1,2,0,4,1,3,0,22,1
734,4922,2,SM,1,1,1,1.75,0.94,1.8,0.87,1.09,1.15,0.3,0.3,0.0,2,1,1,2,0,4,1,3,0,22,1
734,4923,2,SM,1,1,1,2.33,0.8,1.44,0.97,1.12,1.15,0.6,0.1,0.0,2,1,1,2,0,4,1,3,0,22,1
735,4924,3,CAR,1,1,1,2.92,0.71,2.2,1.31,1.4,1.25,1.2,0.3,0.0,2,1,1,2,0,4,1,3,0,22,17
735,4925,2,SM,1,1,1,2.24,0.8,2.86,0.98,1.12,1.0,1.2,0.3,0.0,2,1,1,2,0,4,1,3,0,22,17
735,4926,3,CAR,1,1,1,2.92,0.92,1.76,0.98,1.22,1.0,1.2,0.2,0.0,2,1,1,2,0,4,1,3,0,22,17
735,4927,2,SM,1,1,1,2.47,0.92,2.86,0.98,1.22,1.62,0.6,0.1,0.0,2,1,1,2,0,4,1,3,0,22,17
735,4928,3,CAR,1,1,1,2.47,0.92,1.76,1.09,1.22,1.62,1.2,0.3,0.0,2,1,1,2,0,4,1,3,0,22,17
735,4929,2,SM,1,1,1,2.24,0.92,2.86,1.09,1.22,1.25,0.6,0.2,0.0,2,1,1,2,0,4,1,3,0,22,17
735,4930,3,CAR,1,1,1,2.24,0.8,2.2,1.31,1.5,1.0,0.6,0.1,0.0,2,1,1,2,0,4,1,3,0,22,17
735,4931,2,SM,1,1,1,2.24,0.71,2.2,1.09,1.33,1.62,1.2,0.2,0.0,2,1,1,2,0,4,1,3,0,22,17
735,4932,3,CAR,1,1,1,2.47,0.92,2.2,1.31,1.78,1.62,0.3,0.2,0.0,2,1,1,2,0,4,1,3,0,22,17
736,4933,2,SM,1,1,1,2.92,0.71,2.0,1.31,1.4,1.35,1.2,0.3,0.0,2,1,1,2,0,4,1,3,0,22,17
736,4934,2,SM,1,1,1,2.24,0.8,2.6,0.98,1.12,1.08,1.2,0.3,0.0,2,1,1,2,0,4,1,3,0,22,17
736,4935,2,SM,1,1,1,2.92,0.92,1.6,0.98,1.22,1.08,1.2,0.2,0.0,2,1,1,2,0,4,1,3,0,22,17
736,4936,2,SM,1,1,1,2.47,0.92,2.6,0.98,1.22,1.75,0.6,0.1,0.0,2,1,1,2,0,4,1,3,0,22,17
736,4937,2,SM,1,1,1,2.47,0.92,1.6,1.09,1.22,1.75,1.2,0.3,0.0,2,1,1,2,0,4,1,3,0,22,17
736,4938,2,SM,1,1,1,2.24,0.92,2.6,1.09,1.22,1.35,0.6,0.2,0.0,2,1,1,2,0,4,1,3,0,22,17
736,4939,2,SM,1,1,1,2.24,0.8,2.0,1.31,1.5,1.08,0.6,0.1,0.0,2,1,1,2,0,4,1,3,0,22,17
736,4940,2,SM,1,1,1,2.24,0.71,2.0,1.09,1.33,1.75,1.2,0.2,0.0,2,1,1,2,0,4,1,3,0,22,17
736,4941,2,SM,1,1,1,2.47,0.92,2.0,1.31,1.78,1.75,0.3,0.2,0.0,2,1,1,2,0,4,1,3,0,22,17
737,4942,2,SM,1,1,1,2.31,1.2,1.7,1.01,1.05,1.2,1.2,0.3,0.0,2,1,1,2,0,4,1,3,0,25,11
737,4943,2,SM,1,1,1,1.86,1.25,2.21,0.76,0.84,0.96,1.2,0.3,0.0,2,1,1,2,0,4,1,3,0,25,11
737,4944,2,SM,1,1,1,2.31,1.31,1.36,0.76,0.88,0.96,1.2,0.2,0.0,2,1,1,2,0,4,1,3,0,25,11
737,4945,2,SM,1,1,1,2.01,1.31,2.21,0.76,0.88,1.56,0.6,0.1,0.0,2,1,1,2,0,4,1,3,0,25,11
737,4946,3,CAR,1,1,1,2.01,1.31,1.36,0.84,0.9,1.56,1.2,0.3,0.0,2,1,1,2,0,4,1,3,0,25,11
737,4947,2,SM,1,1,1,1.86,1.31,2.21,0.84,0.9,1.2,0.6,0.2,0.0,2,1,1,2,0,4,1,3,0,25,11
737,4948,2,SM,1,1,1,1.86,1.25,1.7,1.01,1.09,0.96,0.6,0.1,0.0,2,1,1,2,0,4,1,3,0,25,11
737,4949,2,SM,1,1,1,1.86,1.2,1.7,0.84,0.94,1.56,1.2,0.2,0.0,2,1,1,2,0,4,1,3,0,25,11
737,4950,1,TRAIN,1,1,1,2.01,1.31,1.7,1.01,1.22,1.56,0.3,0.2,0.0,2,1,1,2,0,4,1,3,0,25,11
738,4951,2,SM,1,1,1,1.78,0.7,2.08,1.06,1.22,1.05,1.2,0.2,0.0,2,1,1,2,0,5,1,3,0,1,22
738,4952,2,SM,1,1,1,1.61,0.64,2.08,1.06,1.12,1.36,0.3,0.1,0.0,2,1,1,2,0,5,1,3,0,1,22
738,4953,2,SM,1,1,1,2.12,0.78,2.08,1.06,1.4,0.84,0.6,0.3,0.0,2,1,1,2,0,5,1,3,0,1,22
738,4954,2,SM,1,1,1,1.61,0.7,1.28,0.88,1.22,0.84,0.3,0.2,0.0,2,1,1,2,0,5,1,3,0,1,22
738,4955,2,SM,1,1,1,2.12,0.7,1.6,0.79,0.92,1.36,0.6,0.2,0.0,2,1,1,2,0,5,1,3,0,1,22
738,4956,2,SM,1,1,1,1.78,0.64,1.6,0.79,1.12,0.84,1.2,0.1,0.0,2,1,1,2,0,5,1,3,0,1,22
738,4957,2,SM,1,1,1,1.61,0.78,1.28,1.06,1.4,1.05,1.2,0.1,0.0,2,1,1,2,0,5,1,3,0,1,22
738,4958,2,SM,1,1,1,1.61,0.78,1.6,0.79,0.97,1.05,0.3,0.3,0.0,2,1,1,2,0,5,1,3,0,1,22
738,4959,2,SM,1,1,1,2.12,0.64,1.28,0.88,1.09,1.05,0.6,0.1,0.0,2,1,1,2,0,5,1,3,0,1,22
739,4960,2,SM,1,1,1,1.62,1.07,1.82,0.89,0.9,0.85,1.2,0.2,0.0,2,1,1,2,0,2,0,3,0,3,22
739,4961,2,SM,1,1,1,1.47,1.04,1.82,0.89,0.88,1.1,0.3,0.1,0.0,2,1,1,2,0,2,0,3,0,3,22
739,4962,2,SM,1,1,1,1.92,1.11,1.82,0.89,0.99,0.68,0.6,0.3,0.0,2,1,1,2,0,2,0,3,0,3,22
739,4963,1,TRAIN,1,1,1,1.47,1.07,1.12,0.74,0.88,0.68,0.3,0.2,0.0,2,1,1,2,0,2,0,3,0,3,22
739,4964,2,SM,1,1,1,1.92,1.07,1.4,0.67,0.74,1.1,0.6,0.2,0.0,2,1,1,2,0,2,0,3,0,3,22
739,4965,1,TRAIN,1,1,1,1.62,1.04,1.4,0.67,0.81,0.68,1.2,0.1,0.0,2,1,1,2,0,2,0,3,0,3,22
739,4966,1,TRAIN,1,1,1,1.47,1.11,1.12,0.89,0.99,0.85,1.2,0.1,0.0,2,1,1,2,0,2,0,3,0,3,22
739,4967,1,TRAIN,1,1,1,1.47,1.11,1.4,0.67,0.76,0.85,0.3,0.3,0.0,2,1,1,2,0,2,0,3,0,3,22
739,4968,2,SM,1,1,1,1.92,1.04,1.12,0.74,0.81,0.85,0.6,0.1,0.0,2,1,1,2,0,2,0,3,0,3,22
740,4969,2,SM,1,1,1,2.38,0.81,1.7,1.1,1.18,1.05,1.2,0.3,0.0,2,1,1,2,0,2,1,3,0,2,17
740,4970,2,SM,1,1,1,1.81,0.87,2.21,0.83,0.94,0.84,1.2,0.3,0.0,2,1,1,2,0,2,1,3,0,2,17
740,4971,2,SM,1,1,1,2.38,0.95,1.36,0.83,0.99,0.84,1.2,0.2,0.0,2,1,1,2,0,2,1,3,0,2,17
740,4972,2,SM,1,1,1,2.0,0.95,2.21,0.83,0.99,1.36,0.6,0.1,0.0,2,1,1,2,0,2,1,3,0,2,17
740,4973,2,SM,1,1,1,2.0,0.95,1.36,0.92,1.05,1.36,1.2,0.3,0.0,2,1,1,2,0,2,1,3,0,2,17
740,4974,2,SM,1,1,1,1.81,0.95,2.21,0.92,1.05,1.05,0.6,0.2,0.0,2,1,1,2,0,2,1,3,0,2,17
740,4975,2,SM,1,1,1,1.81,0.87,1.7,1.1,1.22,0.84,0.6,0.1,0.0,2,1,1,2,0,2,1,3,0,2,17
740,4976,2,SM,1,1,1,1.81,0.81,1.7,0.92,1.09,1.36,1.2,0.2,0.0,2,1,1,2,0,2,1,3,0,2,17
740,4977,2,SM,1,1,1,2.0,0.95,1.7,1.1,1.46,1.36,0.3,0.2,0.0,2,1,1,2,0,2,1,3,0,2,17
741,4978,2,SM,1,1,1,1.95,0.77,1.4,0.97,1.12,0.95,1.2,0.3,0.0,2,1,1,2,0,2,1,3,0,17,2
741,4979,2,SM,1,1,1,1.51,0.83,1.82,0.73,0.9,0.76,1.2,0.3,0.0,2,1,1,2,0,2,1,3,0,17,2
741,4980,3,CAR,1,1,1,1.95,0.91,1.12,0.73,0.94,0.76,1.2,0.2,0.0,2,1,1,2,0,2,1,3,0,17,2
741,4981,2,SM,1,1,1,1.66,0.91,1.82,0.73,0.94,1.23,0.6,0.1,0.0,2,1,1,2,0,2,1,3,0,17,2
741,4982,2,SM,1,1,1,1.66,0.91,1.12,0.81,0.97,1.23,1.2,0.3,0.0,2,1,1,2,0,2,1,3,0,17,2
741,4983,2,SM,1,1,1,1.51,0.91,1.82,0.81,0.97,0.95,0.6,0.2,0.0,2,1,1,2,0,2,1,3,0,17,2
741,4984,3,CAR,1,1,1,1.51,0.83,1.4,0.97,1.18,0.76,0.6,0.1,0.0,2,1,1,2,0,2,1,3,0,17,2
741,4985,2,SM,1,1,1,1.51,0.77,1.4,0.81,1.05,1.23,1.2,0.2,0.0,2,1,1,2,0,2,1,3,0,17,2
741,4986,3,CAR,1,1,1,1.66,0.91,1.4,0.97,1.37,1.23,0.3,0.2,0.0,2,1,1,2,0,2,1,3,0,17,2
742,4987,2,SM,1,1,1,1.96,1.33,1.4,0.76,0.92,0.68,0.3,0.1,0.0,2,1,1,2,0,3,1,2,0,2,20
742,4988,2,SM,1,1,1,1.96,1.29,1.82,0.76,1.09,1.1,1.2,0.1,0.0,2,1,1,2,0,3,1,2,0,2,20
742,4989,2,SM,1,1,1,1.96,1.26,1.82,0.68,0.99,0.85,0.3,0.2,0.0,2,1,1,2,0,3,1,2,0,2,20
742,4990,1,TRAIN,1,1,1,1.47,1.26,1.12,0.68,0.99,1.1,0.6,0.3,0.0,2,1,1,2,0,3,1,2,0,2,20
742,4991,2,SM,1,1,1,1.63,1.26,1.82,0.76,0.97,0.68,0.3,0.3,0.0,2,1,1,2,0,3,1,2,0,2,20
742,4992,3,CAR,1,1,1,1.63,1.29,1.12,0.68,0.88,0.85,0.3,0.1,0.0,2,1,1,2,0,3,1,2,0,2,20
742,4993,3,CAR,1,1,1,1.63,1.26,1.12,0.91,1.09,0.68,0.6,0.2,0.0,2,1,1,2,0,3,1,2,0,2,20
742,4994,3,CAR,1,1,1,1.96,1.29,1.12,0.91,1.09,1.1,0.3,0.3,0.0,2,1,1,2,0,3,1,2,0,2,20
742,4995,2,SM,1,1,1,1.63,1.29,1.4,0.76,1.09,0.85,0.6,0.3,0.0,2,1,1,2,0,3,1,2,0,2,20
743,4996,2,SM,1,1,1,1.93,0.5,1.7,1.06,1.12,1.2,1.2,0.3,0.0,2,1,1,2,0,3,1,3,0,1,22
743,4997,2,SM,1,1,1,1.5,0.56,2.21,0.79,0.9,0.96,1.2,0.3,0.0,2,1,1,2,0,3,1,3,0,1,22
743,4998,3,CAR,1,1,1,1.93,0.64,1.36,0.79,0.97,0.96,1.2,0.2,0.0,2,1,1,2,0,3,1,3,0,1,22
743,4999,2,SM,1,1,1,1.64,0.64,2.21,0.79,0.97,1.56,0.6,0.1,0.0,2,1,1,2,0,3,1,3,0,1,22
743,5000,2,SM,1,1,1,1.64,0.64,1.36,0.88,0.97,1.56,1.2,0.3,0.0,2,1,1,2,0,3,1,3,0,1,22
743,5001,2,SM,1,1,1,1.5,0.64,2.21,0.88,0.97,1.2,0.6,0.2,0.0,2,1,1,2,0,3,1,3,0,1,22
743,5002,2,SM,1,1,1,1.5,0.56,1.7,1.06,1.18,0.96,0.6,0.1,0.0,2,1,1,2,0,3,1,3,0,1,22
743,5003,2,SM,1,1,1,1.5,0.5,1.7,0.88,1.05,1.56,1.2,0.2,0.0,2,1,1,2,0,3,1,3,0,1,22
743,5004,2,SM,1,1,1,1.64,0.64,1.7,1.06,1.4,1.56,0.3,0.2,0.0,2,1,1,2,0,3,1,3,0,1,22
744,5005,3,CAR,1,1,1,1.06,0.34,0.9,0.72,0.78,0.6,1.2,0.3,0.0,2,1,1,2,0,3,1,3,0,2,1
744,5006,2,SM,1,1,1,0.85,0.37,1.17,0.54,0.65,0.48,1.2,0.3,0.0,2,1,1,2,0,3,1,3,0,2,1
744,5007,3,CAR,1,1,1,1.06,0.41,0.72,0.54,0.68,0.48,1.2,0.2,0.0,2,1,1,2,0,3,1,3,0,2,1
744,5008,1,TRAIN,1,1,1,0.92,0.41,1.17,0.54,0.68,0.78,0.6,0.1,0.0,2,1,1,2,0,3,1,3,0,2,1
744,5009,2,SM,1,1,1,0.92,0.41,0.72,0.6,0.71,0.78,1.2,0.3,0.0,2,1,1,2,0,3,1,3,0,2,1
744,5010,1,TRAIN,1,1,1,0.85,0.41,1.17,0.6,0.71,0.6,0.6,0.2,0.0,2,1,1,2,0,3,1,3,0,2,1
744,5011,2,SM,1,1,1,0.85,0.37,0.9,0.72,0.84,0.48,0.6,0.1,0.0,2,1,1,2,0,3,1,3,0,2,1
744,5012,2,SM,1,1,1,0.85,0.34,0.9,0.6,0.74,0.78,1.2,0.2,0.0,2,1,1,2,0,3,1,3,0,2,1
744,5013,1,TRAIN,1,1,1,0.92,0.41,0.9,0.72,0.94,0.78,0.3,0.2,0.0,2,1,1,2,0,3,1,3,0,2,1
745,5014,3,CAR,1,1,1,1.68,1.13,1.43,0.94,1.05,0.8,1.2,0.2,0.0,2,1,1,2,0,3,1,3,0,17,2
745,5015,2,SM,1,1,1,1.51,1.1,1.43,0.94,0.97,1.04,0.3,0.1,0.0,2,1,1,2,0,3,1,3,0,17,2
745,5016,3,CAR,1,1,1,2.02,1.17,1.43,0.94,1.12,0.64,0.6,0.3,0.0,2,1,1,2,0,3,1,3,0,17,2
745,5017,3,CAR,1,1,1,1.51,1.13,0.88,0.78,0.99,0.64,0.3,0.2,0.0,2,1,1,2,0,3,1,3,0,17,2
745,5018,3,CAR,1,1,1,2.02,1.13,1.1,0.7,0.81,1.04,0.6,0.2,0.0,2,1,1,2,0,3,1,3,0,17,2
745,5019,3,CAR,1,1,1,1.68,1.1,1.1,0.7,0.92,0.64,1.2,0.1,0.0,2,1,1,2,0,3,1,3,0,17,2
745,5020,3,CAR,1,1,1,1.51,1.17,0.88,0.94,1.12,0.8,1.2,0.1,0.0,2,1,1,2,0,3,1,3,0,17,2
745,5021,3,CAR,1,1,1,1.51,1.17,1.1,0.7,0.84,0.8,0.3,0.3,0.0,2,1,1,2,0,3,1,3,0,17,2
745,5022,3,CAR,1,1,1,2.02,1.1,0.88,0.78,0.9,0.8,0.6,0.1,0.0,2,1,1,2,0,3,1,3,0,17,2
746,5023,3,CAR,1,1,1,2.83,0.93,2.1,1.26,1.46,1.35,1.2,0.3,0.0,2,1,1,2,0,4,0,3,0,17,22
746,5024,2,SM,1,1,1,2.17,1.02,2.73,0.94,1.18,1.08,1.2,0.3,0.0,2,1,1,2,0,4,0,3,0,17,22
746,5025,3,CAR,1,1,1,2.83,1.14,1.68,0.94,1.22,1.08,1.2,0.2,0.0,2,1,1,2,0,4,0,3,0,17,22
746,5026,2,SM,1,1,1,2.39,1.14,2.73,0.94,1.22,1.75,0.6,0.1,0.0,2,1,1,2,0,4,0,3,0,17,22
746,5027,3,CAR,1,1,1,2.39,1.14,1.68,1.05,1.27,1.75,1.2,0.3,0.0,2,1,1,2,0,4,0,3,0,17,22
746,5028,1,TRAIN,1,1,1,2.17,1.14,2.73,1.05,1.27,1.35,0.6,0.2,0.0,2,1,1,2,0,4,0,3,0,17,22
746,5029,2,SM,1,1,1,2.17,1.02,2.1,1.26,1.55,1.08,0.6,0.1,0.0,2,1,1,2,0,4,0,3,0,17,22
746,5030,2,SM,1,1,1,2.17,0.93,2.1,1.05,1.33,1.75,1.2,0.2,0.0,2,1,1,2,0,4,0,3,0,17,22
746,5031,1,TRAIN,1,1,1,2.39,1.14,2.1,1.26,1.78,1.75,0.3,0.2,0.0,2,1,1,2,0,4,0,3,0,17,22
747,5032,2,SM,1,1,1,1.3,0.59,1.1,0.68,0.76,0.68,0.3,0.1,0.0,2,1,1,2,0,4,1,3,0,1,2
747,5033,2,SM,1,1,1,1.3,0.55,1.43,0.68,0.88,1.1,1.2,0.1,0.0,2,1,1,2,0,4,1,3,0,1,2
747,5034,2,SM,1,1,1,1.3,0.52,1.43,0.61,0.84,0.85,0.3,0.2,0.0,2,1,1,2,0,4,1,3,0,1,2
747,5035,2,SM,1,1,1,1.0,0.52,0.88,0.61,0.84,1.1,0.6,0.3,0.0,2,1,1,2,0,4,1,3,0,1,2
747,5036,2,SM,1,1,1,1.1,0.52,1.43,0.68,0.78,0.68,0.3,0.3,0.0,2,1,1,2,0,4,1,3,0,1,2
747,5037,2,SM,1,1,1,1.1,0.55,0.88,0.61,0.71,0.85,0.3,0.1,0.0,2,1,1,2,0,4,1,3,0,1,2
747,5038,2,SM,1,1,1,1.1,0.52,0.88,0.82,0.84,0.68,0.6,0.2,0.0,2,1,1,2,0,4,1,3,0,1,2
747,5039,2,SM,1,1,1,1.3,0.55,0.88,0.82,0.88,1.1,0.3,0.3,0.0,2,1,1,2,0,4,1,3,0,1,2
747,5040,2,SM,1,1,1,1.1,0.55,1.1,0.68,0.88,0.85,0.6,0.3,0.0,2,1,1,2,0,4,1,3,0,1,2
748,5041,3,CAR,1,1,1,1.77,1.12,1.4,0.78,0.84,0.8,0.3,0.1,0.0,2,1,1,2,0,5,1,3,0,22,1
748,5042,2,SM,1,1,1,1.77,1.08,1.82,0.78,0.97,1.3,1.2,0.1,0.0,2,1,1,2,0,5,1,3,0,22,1
748,5043,2,SM,1,1,1,1.77,1.05,1.82,0.7,0.92,1.0,0.3,0.2,0.0,2,1,1,2,0,5,1,3,0,22,1
748,5044,1,TRAIN,1,1,1,1.38,1.05,1.12,0.7,0.92,1.3,0.6,0.3,0.0,2,1,1,2,0,5,1,3,0,22,1
748,5045,2,SM,1,1,1,1.51,1.05,1.82,0.78,0.88,0.8,0.3,0.3,0.0,2,1,1,2,0,5,1,3,0,22,1
748,5046,3,CAR,1,1,1,1.51,1.08,1.12,0.7,0.78,1.0,0.3,0.1,0.0,2,1,1,2,0,5,1,3,0,22,1
748,5047,3,CAR,1,1,1,1.51,1.05,1.12,0.94,0.94,0.8,0.6,0.2,0.0,2,1,1,2,0,5,1,3,0,22,1
748,5048,2,SM,1,1,1,1.77,1.08,1.12,0.94,0.99,1.3,0.3,0.3,0.0,2,1,1,2,0,5,1,3,0,22,1
748,5049,2,SM,1,1,1,1.51,1.08,1.4,0.78,0.97,1.0,0.6,0.3,0.0,2,1,1,2,0,5,1,3,0,22,1
749,5050,2,SM,1,1,1,0.92,0.37,1.04,0.72,0.84,0.5,1.2,0.2,0.0,2,1,1,2,0,3,1,3,0,2,1
749,5051,2,SM,1,1,1,0.85,0.34,1.04,0.72,0.78,0.65,0.3,0.1,0.0,2,1,1,2,0,3,1,3,0,2,1
749,5052,3,CAR,1,1,1,1.06,0.41,1.04,0.72,0.94,0.4,0.6,0.3,0.0,2,1,1,2,0,3,1,3,0,2,1
749,5053,3,CAR,1,1,1,0.85,0.37,0.64,0.6,0.84,0.4,0.3,0.2,0.0,2,1,1,2,0,3,1,3,0,2,1
749,5054,2,SM,1,1,1,1.06,0.37,0.8,0.54,0.65,0.65,0.6,0.2,0.0,2,1,1,2,0,3,1,3,0,2,1
749,5055,2,SM,1,1,1,0.92,0.34,0.8,0.54,0.78,0.4,1.2,0.1,0.0,2,1,1,2,0,3,1,3,0,2,1
749,5056,3,CAR,1,1,1,0.85,0.41,0.64,0.72,0.94,0.5,1.2,0.1,0.0,2,1,1,2,0,3,1,3,0,2,1
749,5057,2,SM,1,1,1,0.85,0.41,0.8,0.54,0.68,0.5,0.3,0.3,0.0,2,1,1,2,0,3,1,3,0,2,1
749,5058,2,SM,1,1,1,1.06,0.34,0.64,0.6,0.74,0.5,0.6,0.1,0.0,2,1,1,2,0,3,1,3,0,2,1
750,5059,2,SM,1,1,1,2.53,1.65,1.5,1.1,1.12,0.9,1.2,0.3,0.0,2,1,1,2,0,4,1,3,0,22,9
750,5060,2,SM,1,1,1,1.9,1.68,1.95,0.83,0.92,0.72,1.2,0.3,0.0,2,1,1,2,0,4,1,3,0,22,9
750,5061,2,SM,1,1,1,2.53,1.72,1.2,0.83,0.94,0.72,1.2,0.2,0.0,2,1,1,2,0,4,1,3,0,22,9
750,5062,2,SM,1,1,1,2.11,1.72,1.95,0.83,0.94,1.17,0.6,0.1,0.0,2,1,1,2,0,4,1,3,0,22,9
750,5063,2,SM,1,1,1,2.11,1.72,1.2,0.92,0.99,1.17,1.2,0.3,0.0,2,1,1,2,0,4,1,3,0,22,9
750,5064,2,SM,1,1,1,1.9,1.72,1.95,0.92,0.99,0.9,0.6,0.2,0.0,2,1,1,2,0,4,1,3,0,22,9
750,5065,3,CAR,1,1,1,1.9,1.68,1.5,1.1,1.18,0.72,0.6,0.1,0.0,2,1,1,2,0,4,1,3,0,22,9
750,5066,2,SM,1,1,1,1.9,1.65,1.5,0.92,1.05,1.17,1.2,0.2,0.0,2,1,1,2,0,4,1,3,0,22,9
750,5067,2,SM,1,1,1,2.11,1.72,1.5,1.1,1.27,1.17,0.3,0.2,0.0,2,1,1,2,0,4,1,3,0,22,9
751,5068,2,SM,1,1,1,2.36,0.81,1.9,1.05,1.18,1.12,0.3,0.1,0.0,2,1,1,2,0,2,1,3,0,25,1
751,5069,2,SM,1,1,1,2.36,0.71,2.47,1.05,1.46,1.82,1.2,0.1,0.0,2,1,1,2,0,2,1,3,0,25,1
751,5070,2,SM,1,1,1,2.36,0.63,2.47,0.94,1.33,1.4,0.3,0.2,0.0,2,1,1,2,0,2,1,3,0,25,1
751,5071,2,SM,1,1,1,1.82,0.63,1.52,0.94,1.33,1.82,0.6,0.3,0.0,2,1,1,2,0,2,1,3,0,25,1
751,5072,2,SM,1,1,1,2.0,0.63,2.47,1.05,1.22,1.12,0.3,0.3,0.0,2,1,1,2,0,2,1,3,0,25,1
751,5073,2,SM,1,1,1,2.0,0.71,1.52,0.94,1.09,1.4,0.3,0.1,0.0,2,1,1,2,0,2,1,3,0,25,1
751,5074,2,SM,1,1,1,2.0,0.63,1.52,1.26,1.33,1.12,0.6,0.2,0.0,2,1,1,2,0,2,1,3,0,25,1
751,5075,2,SM,1,1,1,2.36,0.71,1.52,1.26,1.4,1.82,0.3,0.3,0.0,2,1,1,2,0,2,1,3,0,25,1
751,5076,2,SM,1,1,1,2.0,0.71,1.9,1.05,1.46,1.4,0.6,0.3,0.0,2,1,1,2,0,2,1,3,0,25,1
752,5077,2,SM,1,1,1,2.36,0.63,2.0,1.26,1.37,1.15,1.2,0.3,0.0,2,1,1,2,0,3,1,3,0,25,1
752,5078,2,SM,1,1,1,1.82,0.71,2.6,0.94,1.09,0.92,1.2,0.3,0.0,2,1,1,2,0,3,1,3,0,25,1
752,5079,3,CAR,1,1,1,2.36,0.81,1.6,0.94,1.18,0.92,1.2,0.2,0.0,2,1,1,2,0,3,1,3,0,25,1
752,5080,2,SM,1,1,1,2.0,0.81,2.6,0.94,1.18,1.49,0.6,0.1,0.0,2,1,1,2,0,3,1,3,0,25,1
752,5081,2,SM,1,1,1,2.0,0.81,1.6,1.05,1.18,1.49,1.2,0.3,0.0,2,1,1,2,0,3,1,3,0,25,1
752,5082,2,SM,1,1,1,1.82,0.81,2.6,1.05,1.18,1.15,0.6,0.2,0.0,2,1,1,2,0,3,1,3,0,25,1
752,5083,3,CAR,1,1,1,1.82,0.71,2.0,1.26,1.46,0.92,0.6,0.1,0.0,2,1,1,2,0,3,1,3,0,25,1
752,5084,2,SM,1,1,1,1.82,0.63,2.0,1.05,1.27,1.49,1.2,0.2,0.0,2,1,1,2,0,3,1,3,0,25,1
752,5085,2,SM,1,1,1,2.0,0.81,2.0,1.26,1.68,1.49,0.3,0.2,0.0,2,1,1,2,0,3,1,3,0,25,1
753,5086,2,SM,1,1,1,1.7,0.91,0.9,0.68,0.76,0.4,0.3,0.1,0.0,2,1,1,2,1,2,0,2,0,1,2
753,5087,2,SM,1,1,1,1.7,0.87,1.17,0.68,0.88,0.65,1.2,0.1,0.0,2,1,1,2,1,2,0,2,0,1,2
753,5088,3,CAR,1,1,1,1.7,0.84,1.17,0.61,0.84,0.5,0.3,0.2,0.0,2,1,1,2,1,2,0,2,0,1,2
753,5089,3,CAR,1,1,1,1.28,0.84,0.72,0.61,0.84,0.65,0.6,0.3,0.0,2,1,1,2,1,2,0,2,0,1,2
753,5090,3,CAR,1,1,1,1.42,0.84,1.17,0.68,0.78,0.4,0.3,0.3,0.0,2,1,1,2,1,2,0,2,0,1,2
753,5091,2,SM,1,1,1,1.42,0.87,0.72,0.61,0.71,0.5,0.3,0.1,0.0,2,1,1,2,1,2,0,2,0,1,2
753,5092,3,CAR,1,1,1,1.42,0.84,0.72,0.82,0.84,0.4,0.6,0.2,0.0,2,1,1,2,1,2,0,2,0,1,2
753,5093,3,CAR,1,1,1,1.7,0.87,0.72,0.82,0.88,0.65,0.3,0.3,0.0,2,1,1,2,1,2,0,2,0,1,2
753,5094,3,CAR,1,1,1,1.42,0.87,0.9,0.68,0.88,0.5,0.6,0.3,0.0,2,1,1,2,1,2,0,2,0,1,2
754,5095,2,SM,1,1,1,2.33,1.51,1.7,0.9,0.97,0.8,0.3,0.1,0.0,2,1,1,2,1,2,1,2,0,17,2
754,5096,2,SM,1,1,1,2.33,1.47,2.21,0.9,1.09,1.3,1.2,0.1,0.0,2,1,1,2,1,2,1,2,0,17,2
754,5097,2,SM,1,1,1,2.33,1.44,2.21,0.81,1.05,1.0,0.3,0.2,0.0,2,1,1,2,1,2,1,2,0,17,2
754,5098,1,TRAIN,1,1,1,1.87,1.44,1.36,0.81,1.05,1.3,0.6,0.3,0.0,2,1,1,2,1,2,1,2,0,17,2
754,5099,2,SM,1,1,1,2.02,1.44,2.21,0.9,0.99,0.8,0.3,0.3,0.0,2,1,1,2,1,2,1,2,0,17,2
754,5100,2,SM,1,1,1,2.02,1.47,1.36,0.81,0.9,1.0,0.3,0.1,0.0,2,1,1,2,1,2,1,2,0,17,2
754,5101,2,SM,1,1,1,2.02,1.44,1.36,1.08,1.09,0.8,0.6,0.2,0.0,2,1,1,2,1,2,1,2,0,17,2
754,5102,2,SM,1,1,1,2.33,1.47,1.36,1.08,1.12,1.3,0.3,0.3,0.0,2,1,1,2,1,2,1,2,0,17,2
754,5103,2,SM,1,1,1,2.02,1.47,1.7,0.9,1.09,1.0,0.6,0.3,0.0,2,1,1,2,1,2,1,2,0,17,2
755,5104,2,SM,1,1,1,2.37,0.91,1.6,1.1,1.18,0.95,1.2,0.3,0.0,2,1,1,2,1,2,1,2,0,17,10
755,5105,2,SM,1,1,1,1.83,0.97,2.08,0.83,0.94,0.76,1.2,0.3,0.0,2,1,1,2,1,2,1,2,0,17,10
755,5106,3,CAR,1,1,1,2.37,1.05,1.28,0.83,0.99,0.76,1.2,0.2,0.0,2,1,1,2,1,2,1,2,0,17,10
755,5107,2,SM,1,1,1,2.01,1.05,2.08,0.83,0.99,1.23,0.6,0.1,0.0,2,1,1,2,1,2,1,2,0,17,10
755,5108,3,CAR,1,1,1,2.01,1.05,1.28,0.92,1.05,1.23,1.2,0.3,0.0,2,1,1,2,1,2,1,2,0,17,10
755,5109,2,SM,1,1,1,1.83,1.05,2.08,0.92,1.05,0.95,0.6,0.2,0.0,2,1,1,2,1,2,1,2,0,17,10
755,5110,2,SM,1,1,1,1.83,0.97,1.6,1.1,1.22,0.76,0.6,0.1,0.0,2,1,1,2,1,2,1,2,0,17,10
755,5111,2,SM,1,1,1,1.83,0.91,1.6,0.92,1.09,1.23,1.2,0.2,0.0,2,1,1,2,1,2,1,2,0,17,10
755,5112,2,SM,1,1,1,2.01,1.05,1.6,1.1,1.4,1.23,0.3,0.2,0.0,2,1,1,2,1,2,1,2,0,17,10
756,5113,2,SM,1,1,1,2.06,0.73,2.0,0.92,1.05,0.88,0.3,0.1,0.0,2,1,1,2,1,2,1,2,0,22,1
756,5114,2,SM,1,1,1,2.06,0.65,2.6,0.92,1.27,1.43,1.2,0.1,0.0,2,1,1,2,1,2,1,2,0,22,1
756,5115,2,SM,1,1,1,2.06,0.59,2.6,0.83,1.18,1.1,0.3,0.2,0.0,2,1,1,2,1,2,1,2,0,22,1
756,5116,2,SM,1,1,1,1.57,0.59,1.6,0.83,1.18,1.43,0.6,0.3,0.0,2,1,1,2,1,2,1,2,0,22,1
756,5117,2,SM,1,1,1,1.73,0.59,2.6,0.92,1.09,0.88,0.3,0.3,0.0,2,1,1,2,1,2,1,2,0,22,1
756,5118,2,SM,1,1,1,1.73,0.65,1.6,0.83,0.97,1.1,0.3,0.1,0.0,2,1,1,2,1,2,1,2,0,22,1
756,5119,2,SM,1,1,1,1.73,0.59,1.6,1.1,1.18,0.88,0.6,0.2,0.0,2,1,1,2,1,2,1,2,0,22,1
756,5120,2,SM,1,1,1,2.06,0.65,1.6,1.1,1.27,1.43,0.3,0.3,0.0,2,1,1,2,1,2,1,2,0,22,1
756,5121,2,SM,1,1,1,1.73,0.65,2.0,0.92,1.27,1.1,0.6,0.3,0.0,2,1,1,2,1,2,1,2,0,22,1
757,5122,2,SM,1,1,1,2.77,1.41,2.0,0.99,1.09,0.88,0.3,0.1,0.0,2,1,1,2,1,2,1,2,0,22,17
757,5123,2,SM,1,1,1,2.77,1.33,2.6,0.99,1.33,1.43,1.2,0.1,0.0,2,1,1,2,1,2,1,2,0,22,17
757,5124,2,SM,1,1,1,2.77,1.27,2.6,0.89,1.22,1.1,0.3,0.2,0.0,2,1,1,2,1,2,1,2,0,22,17
757,5125,3,CAR,1,1,1,2.17,1.27,1.6,0.89,1.22,1.43,0.6,0.3,0.0,2,1,1,2,1,2,1,2,0,22,17
757,5126,2,SM,1,1,1,2.37,1.27,2.6,0.99,1.18,0.88,0.3,0.3,0.0,2,1,1,2,1,2,1,2,0,22,17
757,5127,3,CAR,1,1,1,2.37,1.33,1.6,0.89,1.05,1.1,0.3,0.1,0.0,2,1,1,2,1,2,1,2,0,22,17
757,5128,3,CAR,1,1,1,2.37,1.27,1.6,1.19,1.27,0.88,0.6,0.2,0.0,2,1,1,2,1,2,1,2,0,22,17
757,5129,3,CAR,1,1,1,2.77,1.33,1.6,1.19,1.33,1.43,0.3,0.3,0.0,2,1,1,2,1,2,1,2,0,22,17
757,5130,2,SM,1,1,1,2.37,1.33,2.0,0.99,1.33,1.1,0.6,0.3,0.0,2,1,1,2,1,2,1,2,0,22,17
758,5131,2,SM,1,1,1,1.85,1.01,1.8,1.01,1.05,1.05,1.2,0.3,0.0,2,1,1,2,1,2,1,3,0,20,2
758,5132,2,SM,1,1,1,1.41,1.04,2.34,0.76,0.84,0.84,1.2,0.3,0.0,2,1,1,2,1,2,1,3,0,20,2
758,5133,2,SM,1,1,1,1.85,1.08,1.44,0.76,0.88,0.84,1.2,0.2,0.0,2,1,1,2,1,2,1,3,0,20,2
758,5134,2,SM,1,1,1,1.56,1.08,2.34,0.76,0.88,1.36,0.6,0.1,0.0,2,1,1,2,1,2,1,3,0,20,2
758,5135,2,SM,1,1,1,1.56,1.08,1.44,0.84,0.9,1.36,1.2,0.3,0.0,2,1,1,2,1,2,1,3,0,20,2
758,5136,2,SM,1,1,1,1.41,1.08,2.34,0.84,0.9,1.05,0.6,0.2,0.0,2,1,1,2,1,2,1,3,0,20,2
758,5137,2,SM,1,1,1,1.41,1.04,1.8,1.01,1.09,0.84,0.6,0.1,0.0,2,1,1,2,1,2,1,3,0,20,2
758,5138,2,SM,1,1,1,1.41,1.01,1.8,0.84,0.94,1.36,1.2,0.2,0.0,2,1,1,2,1,2,1,3,0,20,2
758,5139,2,SM,1,1,1,1.56,1.08,1.8,1.01,1.18,1.36,0.3,0.2,0.0,2,1,1,2,1,2,1,3,0,20,2
759,5140,2,SM,1,1,1,2.88,1.23,2.2,1.12,1.27,1.24,0.3,0.1,0.0,2,1,1,2,1,2,1,4,0,20,25
759,5141,2,SM,1,1,1,2.88,1.13,2.86,1.12,1.55,2.01,1.2,0.1,0.0,2,1,1,2,1,2,1,4,0,20,25
759,5142,2,SM,1,1,1,2.88,1.05,2.86,1.01,1.4,1.55,0.3,0.2,0.0,2,1,1,2,1,2,1,4,0,20,25
759,5143,2,SM,1,1,1,2.19,1.05,1.76,1.01,1.4,2.01,0.6,0.3,0.0,2,1,1,2,1,2,1,4,0,20,25
759,5144,2,SM,1,1,1,2.42,1.05,2.86,1.12,1.37,1.24,0.3,0.3,0.0,2,1,1,2,1,2,1,4,0,20,25
759,5145,3,CAR,1,1,1,2.42,1.13,1.76,1.01,1.18,1.55,0.3,0.1,0.0,2,1,1,2,1,2,1,4,0,20,25
759,5146,3,CAR,1,1,1,2.42,1.05,1.76,1.34,1.46,1.24,0.6,0.2,0.0,2,1,1,2,1,2,1,4,0,20,25
759,5147,2,SM,1,1,1,2.88,1.13,1.76,1.34,1.55,2.01,0.3,0.3,0.0,2,1,1,2,1,2,1,4,0,20,25
759,5148,2,SM,1,1,1,2.42,1.13,2.2,1.12,1.55,1.55,0.6,0.3,0.0,2,1,1,2,1,2,1,4,0,20,25
760,5149,2,SM,1,1,1,2.4,0.83,1.6,1.08,1.18,1.05,1.2,0.3,0.0,2,1,1,2,1,3,1,2,0,2,17
760,5150,2,SM,1,1,1,1.83,0.89,2.08,0.81,0.94,0.84,1.2,0.3,0.0,2,1,1,2,1,3,1,2,0,2,17
760,5151,3,CAR,1,1,1,2.4,0.97,1.28,0.81,0.99,0.84,1.2,0.2,0.0,2,1,1,2,1,3,1,2,0,2,17
760,5152,2,SM,1,1,1,2.02,0.97,2.08,0.81,0.99,1.36,0.6,0.1,0.0,2,1,1,2,1,3,1,2,0,2,17
760,5153,3,CAR,1,1,1,2.02,0.97,1.28,0.9,1.05,1.36,1.2,0.3,0.0,2,1,1,2,1,3,1,2,0,2,17
760,5154,2,SM,1,1,1,1.83,0.97,2.08,0.9,1.05,1.05,0.6,0.2,0.0,2,1,1,2,1,3,1,2,0,2,17
760,5155,3,CAR,1,1,1,1.83,0.89,1.6,1.08,1.22,0.84,0.6,0.1,0.0,2,1,1,2,1,3,1,2,0,2,17
760,5156,2,SM,1,1,1,1.83,0.83,1.6,0.9,1.09,1.36,1.2,0.2,0.0,2,1,1,2,1,3,1,2,0,2,17
760,5157,2,SM,1,1,1,2.02,0.97,1.6,1.08,1.4,1.36,0.3,0.2,0.0,2,1,1,2,1,3,1,2,0,2,17
761,5158,2,SM,1,1,1,2.99,1.4,2.1,1.34,1.4,1.35,1.2,0.3,0.0,2,1,1,2,1,3,1,2,0,14,22
761,5159,2,SM,1,1,1,2.31,1.46,2.73,1.01,1.12,1.08,1.2,0.3,0.0,2,1,1,2,1,3,1,2,0,14,22
761,5160,2,SM,1,1,1,2.99,1.54,1.68,1.01,1.18,1.08,1.2,0.2,0.0,2,1,1,2,1,3,1,2,0,14,22
761,5161,2,SM,1,1,1,2.54,1.54,2.73,1.01,1.18,1.75,0.6,0.1,0.0,2,1,1,2,1,3,1,2,0,14,22
761,5162,2,SM,1,1,1,2.54,1.54,1.68,1.12,1.22,1.75,1.2,0.3,0.0,2,1,1,2,1,3,1,2,0,14,22
761,5163,2,SM,1,1,1,2.31,1.54,2.73,1.12,1.22,1.35,0.6,0.2,0.0,2,1,1,2,1,3,1,2,0,14,22
761,5164,2,SM,1,1,1,2.31,1.46,2.1,1.34,1.46,1.08,0.6,0.1,0.0,2,1,1,2,1,3,1,2,0,14,22
761,5165,2,SM,1,1,1,2.31,1.4,2.1,1.12,1.27,1.75,1.2,0.2,0.0,2,1,1,2,1,3,1,2,0,14,22
761,5166,2,SM,1,1,1,2.54,1.54,2.1,1.34,1.68,1.75,0.3,0.2,0.0,2,1,1,2,1,3,1,2,0,14,22
762,5167,2,SM,1,1,1,1.63,0.83,1.0,0.78,0.78,0.6,1.2,0.3,0.0,2,1,1,2,1,3,1,2,0,22,2
762,5168,2,SM,1,1,1,1.3,0.86,1.3,0.58,0.65,0.48,1.2,0.3,0.0,2,1,1,2,1,3,1,2,0,22,2
762,5169,3,CAR,1,1,1,1.63,0.9,0.8,0.58,0.68,0.48,1.2,0.2,0.0,2,1,1,2,1,3,1,2,0,22,2
762,5170,2,SM,1,1,1,1.41,0.9,1.3,0.58,0.68,0.78,0.6,0.1,0.0,2,1,1,2,1,3,1,2,0,22,2
762,5171,2,SM,1,1,1,1.41,0.9,0.8,0.65,0.68,0.78,1.2,0.3,0.0,2,1,1,2,1,3,1,2,0,22,2
762,5172,2,SM,1,1,1,1.3,0.9,1.3,0.65,0.68,0.6,0.6,0.2,0.0,2,1,1,2,1,3,1,2,0,22,2
762,5173,2,SM,1,1,1,1.3,0.86,1.0,0.78,0.81,0.48,0.6,0.1,0.0,2,1,1,2,1,3,1,2,0,22,2
762,5174,3,CAR,1,1,1,1.3,0.83,1.0,0.65,0.71,0.78,1.2,0.2,0.0,2,1,1,2,1,3,1,2,0,22,2
762,5175,3,CAR,1,1,1,1.41,0.9,1.0,0.78,0.9,0.78,0.3,0.2,0.0,2,1,1,2,1,3,1,2,0,22,2
763,5176,2,SM,1,1,1,3.36,1.09,2.7,1.22,1.4,1.36,0.3,0.1,0.0,2,1,1,2,1,3,1,2,0,25,17
763,5177,2,SM,1,1,1,3.36,0.95,3.51,1.22,1.78,2.21,1.2,0.1,0.0,2,1,1,2,1,3,1,2,0,25,17
763,5178,2,SM,1,1,1,3.36,0.84,3.51,1.1,1.65,1.7,0.3,0.2,0.0,2,1,1,2,1,3,1,2,0,25,17
763,5179,3,CAR,1,1,1,2.57,0.84,2.16,1.1,1.65,2.21,0.6,0.3,0.0,2,1,1,2,1,3,1,2,0,25,17
763,5180,2,SM,1,1,1,2.83,0.84,3.51,1.22,1.5,1.36,0.3,0.3,0.0,2,1,1,2,1,3,1,2,0,25,17
763,5181,3,CAR,1,1,1,2.83,0.95,2.16,1.1,1.33,1.7,0.3,0.1,0.0,2,1,1,2,1,3,1,2,0,25,17
763,5182,3,CAR,1,1,1,2.83,0.84,2.16,1.46,1.65,1.36,0.6,0.2,0.0,2,1,1,2,1,3,1,2,0,25,17
763,5183,3,CAR,1,1,1,3.36,0.95,2.16,1.46,1.74,2.21,0.3,0.3,0.0,2,1,1,2,1,3,1,2,0,25,17
763,5184,2,SM,1,1,1,2.83,0.95,2.7,1.22,1.78,1.7,0.6,0.3,0.0,2,1,1,2,1,3,1,2,0,25,17
764,5185,3,CAR,1,1,1,1.96,0.88,2.08,1.1,1.27,1.35,1.2,0.2,0.0,2,1,1,2,1,3,1,3,0,1,22
764,5186,2,SM,1,1,1,1.77,0.82,2.08,1.1,1.18,1.75,0.3,0.1,0.0,2,1,1,2,1,3,1,3,0,1,22
764,5187,3,CAR,1,1,1,2.33,0.96,2.08,1.1,1.46,1.08,0.6,0.3,0.0,2,1,1,2,1,3,1,3,0,1,22
764,5188,3,CAR,1,1,1,1.77,0.88,1.28,0.92,1.27,1.08,0.3,0.2,0.0,2,1,1,2,1,3,1,3,0,1,22
764,5189,3,CAR,1,1,1,2.33,0.88,1.6,0.83,0.97,1.75,0.6,0.2,0.0,2,1,1,2,1,3,1,3,0,1,22
764,5190,3,CAR,1,1,1,1.96,0.82,1.6,0.83,1.18,1.08,1.2,0.1,0.0,2,1,1,2,1,3,1,3,0,1,22
764,5191,3,CAR,1,1,1,1.77,0.96,1.28,1.1,1.46,1.35,1.2,0.1,0.0,2,1,1,2,1,3,1,3,0,1,22
764,5192,3,CAR,1,1,1,1.77,0.96,1.6,0.83,1.05,1.35,0.3,0.3,0.0,2,1,1,2,1,3,1,3,0,1,22
764,5193,3,CAR,1,1,1,2.33,0.82,1.28,0.92,1.09,1.35,0.6,0.1,0.0,2,1,1,2,1,3,1,3,0,1,22
765,5194,2,SM,1,1,1,1.14,0.46,0.9,0.65,0.71,0.44,0.3,0.1,0.0,2,1,1,2,1,3,1,3,0,2,1
765,5195,2,SM,1,1,1,1.14,0.42,1.17,0.65,0.84,0.71,1.2,0.1,0.0,2,1,1,2,1,3,1,3,0,2,1
765,5196,2,SM,1,1,1,1.14,0.39,1.17,0.58,0.81,0.55,0.3,0.2,0.0,2,1,1,2,1,3,1,3,0,2,1
765,5197,2,SM,1,1,1,0.88,0.39,0.72,0.58,0.81,0.71,0.6,0.3,0.0,2,1,1,2,1,3,1,3,0,2,1
765,5198,2,SM,1,1,1,0.97,0.39,1.17,0.65,0.76,0.44,0.3,0.3,0.0,2,1,1,2,1,3,1,3,0,2,1
765,5199,2,SM,1,1,1,0.97,0.42,0.72,0.58,0.68,0.55,0.3,0.1,0.0,2,1,1,2,1,3,1,3,0,2,1
765,5200,2,SM,1,1,1,0.97,0.39,0.72,0.78,0.81,0.44,0.6,0.2,0.0,2,1,1,2,1,3,1,3,0,2,1
765,5201,2,SM,1,1,1,1.14,0.42,0.72,0.78,0.84,0.71,0.3,0.3,0.0,2,1,1,2,1,3,1,3,0,2,1
765,5202,2,SM,1,1,1,0.97,0.42,0.9,0.65,0.84,0.55,0.6,0.3,0.0,2,1,1,2,1,3,1,3,0,2,1
766,5203,3,CAR,1,1,1,1.47,0.73,0.9,0.71,0.78,0.44,0.3,0.1,0.0,2,1,1,2,1,3,1,3,0,2,1
766,5204,2,SM,1,1,1,1.47,0.69,1.17,0.71,0.9,0.71,1.2,0.1,0.0,2,1,1,2,1,3,1,3,0,2,1
766,5205,2,SM,1,1,1,1.47,0.66,1.17,0.64,0.84,0.55,0.3,0.2,0.0,2,1,1,2,1,3,1,3,0,2,1
766,5206,3,CAR,1,1,1,1.13,0.66,0.72,0.64,0.84,0.71,0.6,0.3,0.0,2,1,1,2,1,3,1,3,0,2,1
766,5207,2,SM,1,1,1,1.24,0.66,1.17,0.71,0.81,0.44,0.3,0.3,0.0,2,1,1,2,1,3,1,3,0,2,1
766,5208,3,CAR,1,1,1,1.24,0.69,0.72,0.64,0.74,0.55,0.3,0.1,0.0,2,1,1,2,1,3,1,3,0,2,1
766,5209,3,CAR,1,1,1,1.24,0.66,0.72,0.85,0.88,0.44,0.6,0.2,0.0,2,1,1,2,1,3,1,3,0,2,1
766,5210,3,CAR,1,1,1,1.47,0.69,0.72,0.85,0.9,0.71,0.3,0.3,0.0,2,1,1,2,1,3,1,3,0,2,1
766,5211,3,CAR,1,1,1,1.24,0.69,0.9,0.71,0.9,0.55,0.6,0.3,0.0,2,1,1,2,1,3,1,3,0,2,1
767,5212,3,CAR,1,1,1,1.8,0.99,1.1,0.78,0.84,0.56,0.3,0.1,0.0,2,1,1,2,1,3,1,3,0,2,14
767,5213,2,SM,1,1,1,1.8,0.95,1.43,0.78,0.99,0.91,1.2,0.1,0.0,2,1,1,2,1,3,1,3,0,2,14
767,5214,2,SM,1,1,1,1.8,0.92,1.43,0.7,0.92,0.7,0.3,0.2,0.0,2,1,1,2,1,3,1,3,0,2,14
767,5215,2,SM,1,1,1,1.35,0.92,0.88,0.7,0.92,0.91,0.6,0.3,0.0,2,1,1,2,1,3,1,3,0,2,14
767,5216,2,SM,1,1,1,1.5,0.92,1.43,0.78,0.88,0.56,0.3,0.3,0.0,2,1,1,2,1,3,1,3,0,2,14
767,5217,2,SM,1,1,1,1.5,0.95,0.88,0.7,0.81,0.7,0.3,0.1,0.0,2,1,1,2,1,3,1,3,0,2,14
767,5218,3,CAR,1,1,1,1.5,0.92,0.88,0.94,0.94,0.56,0.6,0.2,0.0,2,1,1,2,1,3,1,3,0,2,14
767,5219,2,SM,1,1,1,1.8,0.95,0.88,0.94,0.99,0.91,0.3,0.3,0.0,2,1,1,2,1,3,1,3,0,2,14
767,5220,2,SM,1,1,1,1.5,0.95,1.1,0.78,0.99,0.7,0.6,0.3,0.0,2,1,1,2,1,3,1,3,0,2,14
768,5221,2,SM,1,1,1,2.09,1.27,1.9,0.81,0.84,0.92,0.3,0.1,0.0,2,1,1,2,1,3,1,3,0,2,17
768,5222,2,SM,1,1,1,2.09,1.23,2.47,0.81,0.92,1.49,1.2,0.1,0.0,2,1,1,2,1,3,1,3,0,2,17
768,5223,2,SM,1,1,1,2.09,1.2,2.47,0.73,0.88,1.15,0.3,0.2,0.0,2,1,1,2,1,3,1,3,0,2,17
768,5224,2,SM,1,1,1,1.59,1.2,1.52,0.73,0.88,1.49,0.6,0.3,0.0,2,1,1,2,1,3,1,3,0,2,17
768,5225,2,SM,1,1,1,1.76,1.2,2.47,0.81,0.88,0.92,0.3,0.3,0.0,2,1,1,2,1,3,1,3,0,2,17
768,5226,2,SM,1,1,1,1.76,1.23,1.52,0.73,0.81,1.15,0.3,0.1,0.0,2,1,1,2,1,3,1,3,0,2,17
768,5227,2,SM,1,1,1,1.76,1.2,1.52,0.97,0.97,0.92,0.6,0.2,0.0,2,1,1,2,1,3,1,3,0,2,17
768,5228,2,SM,1,1,1,2.09,1.23,1.52,0.97,0.99,1.49,0.3,0.3,0.0,2,1,1,2,1,3,1,3,0,2,17
768,5229,2,SM,1,1,1,1.76,1.23,1.9,0.81,0.92,1.15,0.6,0.3,0.0,2,1,1,2,1,3,1,3,0,2,17
769,5230,2,SM,1,1,1,1.62,0.86,1.95,0.94,1.05,1.15,1.2,0.2,0.0,2,1,1,2,1,3,1,3,0,2,25
769,5231,2,SM,1,1,1,1.48,0.81,1.95,0.94,0.97,1.49,0.3,0.1,0.0,2,1,1,2,1,3,1,3,0,2,25
769,5232,2,SM,1,1,1,1.91,0.92,1.95,0.94,1.12,0.92,0.6,0.3,0.0,2,1,1,2,1,3,1,3,0,2,25
769,5233,3,CAR,1,1,1,1.48,0.86,1.2,0.78,0.99,0.92,0.3,0.2,0.0,2,1,1,2,1,3,1,3,0,2,25
769,5234,2,SM,1,1,1,1.91,0.86,1.5,0.7,0.81,1.49,0.6,0.2,0.0,2,1,1,2,1,3,1,3,0,2,25
769,5235,2,SM,1,1,1,1.62,0.81,1.5,0.7,0.92,0.92,1.2,0.1,0.0,2,1,1,2,1,3,1,3,0,2,25
769,5236,3,CAR,1,1,1,1.48,0.92,1.2,0.94,1.12,1.15,1.2,0.1,0.0,2,1,1,2,1,3,1,3,0,2,25
769,5237,2,SM,1,1,1,1.48,0.92,1.5,0.7,0.84,1.15,0.3,0.3,0.0,2,1,1,2,1,3,1,3,0,2,25
769,5238,2,SM,1,1,1,1.91,0.81,1.2,0.78,0.9,1.15,0.6,0.1,0.0,2,1,1,2,1,3,1,3,0,2,25
770,5239,2,SM,1,1,1,2.29,1.26,1.5,0.76,0.84,0.8,0.3,0.1,0.0,2,1,1,2,1,3,1,3,0,2,25
770,5240,2,SM,1,1,1,2.29,1.2,1.95,0.76,0.99,1.3,1.2,0.1,0.0,2,1,1,2,1,3,1,3,0,2,25
770,5241,3,CAR,1,1,1,2.29,1.15,1.95,0.68,0.92,1.0,0.3,0.2,0.0,2,1,1,2,1,3,1,3,0,2,25
770,5242,3,CAR,1,1,1,1.8,1.15,1.2,0.68,0.92,1.3,0.6,0.3,0.0,2,1,1,2,1,3,1,3,0,2,25
770,5243,2,SM,1,1,1,1.96,1.15,1.95,0.76,0.88,0.8,0.3,0.3,0.0,2,1,1,2,1,3,1,3,0,2,25
770,5244,3,CAR,1,1,1,1.96,1.2,1.2,0.68,0.78,1.0,0.3,0.1,0.0,2,1,1,2,1,3,1,3,0,2,25
770,5245,3,CAR,1,1,1,1.96,1.15,1.2,0.91,0.94,0.8,0.6,0.2,0.0,2,1,1,2,1,3,1,3,0,2,25
770,5246,3,CAR,1,1,1,2.29,1.2,1.2,0.91,0.99,1.3,0.3,0.3,0.0,2,1,1,2,1,3,1,3,0,2,25
770,5247,2,SM,1,1,1,1.96,1.2,1.5,0.76,0.99,1.0,0.6,0.3,0.0,2,1,1,2,1,3,1,3,0,2,25
771,5248,3,CAR,1,1,1,1.59,1.16,2.08,0.94,0.99,0.8,1.2,0.2,0.0,2,1,1,2,1,3,1,3,0,22,1
771,5249,3,CAR,1,1,1,1.47,1.13,2.08,0.94,0.97,1.04,0.3,0.1,0.0,2,1,1,2,1,3,1,3,0,22,1
771,5250,3,CAR,1,1,1,1.83,1.2,2.08,0.94,1.12,0.64,0.6,0.3,0.0,2,1,1,2,1,3,1,3,0,22,1
771,5251,3,CAR,1,1,1,1.47,1.16,1.28,0.78,0.99,0.64,0.3,0.2,0.0,2,1,1,2,1,3,1,3,0,22,1
771,5252,3,CAR,1,1,1,1.83,1.16,1.6,0.7,0.81,1.04,0.6,0.2,0.0,2,1,1,2,1,3,1,3,0,22,1
771,5253,3,CAR,1,1,1,1.59,1.13,1.6,0.7,0.92,0.64,1.2,0.1,0.0,2,1,1,2,1,3,1,3,0,22,1
771,5254,3,CAR,1,1,1,1.47,1.2,1.28,0.94,1.12,0.8,1.2,0.1,0.0,2,1,1,2,1,3,1,3,0,22,1
771,5255,3,CAR,1,1,1,1.47,1.2,1.6,0.7,0.84,0.8,0.3,0.3,0.0,2,1,1,2,1,3,1,3,0,22,1
771,5256,3,CAR,1,1,1,1.83,1.13,1.28,0.78,0.88,0.8,0.6,0.1,0.0,2,1,1,2,1,3,1,3,0,22,1
772,5257,2,SM,1,1,1,2.07,1.03,2.47,1.26,1.37,1.4,1.2,0.2,0.0,2,1,1,2,1,3,1,3,0,22,1
772,5258,2,SM,1,1,1,1.86,0.97,2.47,1.26,1.33,1.82,0.3,0.1,0.0,2,1,1,2,1,3,1,3,0,22,1
772,5259,2,SM,1,1,1,2.48,1.11,2.47,1.26,1.61,1.12,0.6,0.3,0.0,2,1,1,2,1,3,1,3,0,22,1
772,5260,2,SM,1,1,1,1.86,1.03,1.52,1.05,1.37,1.12,0.3,0.2,0.0,2,1,1,2,1,3,1,3,0,22,1
772,5261,2,SM,1,1,1,2.48,1.03,1.9,0.94,1.05,1.82,0.6,0.2,0.0,2,1,1,2,1,3,1,3,0,22,1
772,5262,2,SM,1,1,1,2.07,0.97,1.9,0.94,1.27,1.12,1.2,0.1,0.0,2,1,1,2,1,3,1,3,0,22,1
772,5263,2,SM,1,1,1,1.86,1.11,1.52,1.26,1.61,1.4,1.2,0.1,0.0,2,1,1,2,1,3,1,3,0,22,1
772,5264,2,SM,1,1,1,1.86,1.11,1.9,0.94,1.12,1.4,0.3,0.3,0.0,2,1,1,2,1,3,1,3,0,22,1
772,5265,2,SM,1,1,1,2.48,0.97,1.52,1.05,1.18,1.4,0.6,0.1,0.0,2,1,1,2,1,3,1,3,0,22,1
773,5266,3,CAR,1,1,1,3.15,1.67,1.7,0.94,1.09,0.88,0.3,0.1,0.0,2,1,1,2,1,3,1,3,0,22,1
773,5267,2,SM,1,1,1,3.15,1.59,2.21,0.94,1.27,1.43,1.2,0.1,0.0,2,1,1,2,1,3,1,3,0,22,1
773,5268,2,SM,1,1,1,3.15,1.53,2.21,0.85,1.18,1.1,0.3,0.2,0.0,2,1,1,2,1,3,1,3,0,22,1
773,5269,3,CAR,1,1,1,2.37,1.53,1.36,0.85,1.18,1.43,0.6,0.3,0.0,2,1,1,2,1,3,1,3,0,22,1
773,5270,2,SM,1,1,1,2.63,1.53,2.21,0.94,1.12,0.88,0.3,0.3,0.0,2,1,1,2,1,3,1,3,0,22,1
773,5271,2,SM,1,1,1,2.63,1.59,1.36,0.85,0.97,1.1,0.3,0.1,0.0,2,1,1,2,1,3,1,3,0,22,1
773,5272,3,CAR,1,1,1,2.63,1.53,1.36,1.13,1.22,0.88,0.6,0.2,0.0,2,1,1,2,1,3,1,3,0,22,1
773,5273,3,CAR,1,1,1,3.15,1.59,1.36,1.13,1.27,1.43,0.3,0.3,0.0,2,1,1,2,1,3,1,3,0,22,1
773,5274,3,CAR,1,1,1,2.63,1.59,1.7,0.94,1.27,1.1,0.6,0.3,0.0,2,1,1,2,1,3,1,3,0,22,1
774,5275,2,SM,1,1,1,2.31,0.95,1.8,0.97,1.09,0.92,0.3,0.1,0.0,2,1,1,2,1,3,1,3,0,22,1
774,5276,2,SM,1,1,1,2.31,0.87,2.34,0.97,1.33,1.49,1.2,0.1,0.0,2,1,1,2,1,3,1,3,0,22,1
774,5277,2,SM,1,1,1,2.31,0.81,2.34,0.87,1.22,1.15,0.3,0.2,0.0,2,1,1,2,1,3,1,3,0,22,1
774,5278,3,CAR,1,1,1,1.77,0.81,1.44,0.87,1.22,1.49,0.6,0.3,0.0,2,1,1,2,1,3,1,3,0,22,1
774,5279,2,SM,1,1,1,1.95,0.81,2.34,0.97,1.12,0.92,0.3,0.3,0.0,2,1,1,2,1,3,1,3,0,22,1
774,5280,3,CAR,1,1,1,1.95,0.87,1.44,0.87,0.99,1.15,0.3,0.1,0.0,2,1,1,2,1,3,1,3,0,22,1
774,5281,3,CAR,1,1,1,1.95,0.81,1.44,1.16,1.22,0.92,0.6,0.2,0.0,2,1,1,2,1,3,1,3,0,22,1
774,5282,3,CAR,1,1,1,2.31,0.87,1.44,1.16,1.33,1.49,0.3,0.3,0.0,2,1,1,2,1,3,1,3,0,22,1
774,5283,2,SM,1,1,1,1.95,0.87,1.8,0.97,1.33,1.15,0.6,0.3,0.0,2,1,1,2,1,3,1,3,0,22,1
775,5284,2,SM,1,1,1,2.47,0.8,3.38,1.31,1.5,1.2,1.2,0.2,0.0,2,1,1,2,1,3,1,3,0,22,17
775,5285,2,SM,1,1,1,2.24,0.71,3.38,1.31,1.4,1.56,0.3,0.1,0.0,2,1,1,2,1,3,1,3,0,22,17
775,5286,3,CAR,1,1,1,2.92,0.92,3.38,1.31,1.78,0.96,0.6,0.3,0.0,2,1,1,2,1,3,1,3,0,22,17
775,5287,3,CAR,1,1,1,2.24,0.8,2.08,1.09,1.55,0.96,0.3,0.2,0.0,2,1,1,2,1,3,1,3,0,22,17
775,5288,2,SM,1,1,1,2.92,0.8,2.6,0.98,1.12,1.56,0.6,0.2,0.0,2,1,1,2,1,3,1,3,0,22,17
775,5289,2,SM,1,1,1,2.47,0.71,2.6,0.98,1.4,0.96,1.2,0.1,0.0,2,1,1,2,1,3,1,3,0,22,17
775,5290,3,CAR,1,1,1,2.24,0.92,2.08,1.31,1.78,1.2,1.2,0.1,0.0,2,1,1,2,1,3,1,3,0,22,17
775,5291,3,CAR,1,1,1,2.24,0.92,2.6,0.98,1.22,1.2,0.3,0.3,0.0,2,1,1,2,1,3,1,3,0,22,17
775,5292,2,SM,1,1,1,2.92,0.71,2.08,1.09,1.33,1.2,0.6,0.1,0.0,2,1,1,2,1,3,1,3,0,22,17
776,5293,2,SM,1,1,1,1.83,1.04,1.3,0.94,0.97,0.8,1.2,0.3,0.0,2,1,1,2,1,3,1,4,0,20,2
776,5294,2,SM,1,1,1,1.44,1.07,1.69,0.7,0.81,0.64,1.2,0.3,0.0,2,1,1,2,1,3,1,4,0,20,2
776,5295,3,CAR,1,1,1,1.83,1.11,1.04,0.7,0.84,0.64,1.2,0.2,0.0,2,1,1,2,1,3,1,4,0,20,2
776,5296,2,SM,1,1,1,1.57,1.11,1.69,0.7,0.84,1.04,0.6,0.1,0.0,2,1,1,2,1,3,1,4,0,20,2
776,5297,2,SM,1,1,1,1.57,1.11,1.04,0.78,0.84,1.04,1.2,0.3,0.0,2,1,1,2,1,3,1,4,0,20,2
776,5298,2,SM,1,1,1,1.44,1.11,1.69,0.78,0.84,0.8,0.6,0.2,0.0,2,1,1,2,1,3,1,4,0,20,2
776,5299,3,CAR,1,1,1,1.44,1.07,1.3,0.94,0.99,0.64,0.6,0.1,0.0,2,1,1,2,1,3,1,4,0,20,2
776,5300,2,SM,1,1,1,1.44,1.04,1.3,0.78,0.88,1.04,1.2,0.2,0.0,2,1,1,2,1,3,1,4,0,20,2
776,5301,2,SM,1,1,1,1.57,1.11,1.3,0.94,1.12,1.04,0.3,0.2,0.0,2,1,1,2,1,3,1,4,0,20,2
777,5302,3,CAR,1,1,1,1.54,0.7,1.1,0.89,0.9,0.65,1.2,0.3,0.0,2,1,1,2,1,4,1,2,0,2,1
777,5303,2,SM,1,1,1,1.15,0.73,1.43,0.67,0.76,0.52,1.2,0.3,0.0,2,1,1,2,1,4,1,2,0,2,1
777,5304,3,CAR,1,1,1,1.54,0.77,0.88,0.67,0.78,0.52,1.2,0.2,0.0,2,1,1,2,1,4,1,2,0,2,1
777,5305,2,SM,1,1,1,1.28,0.77,1.43,0.67,0.78,0.84,0.6,0.1,0.0,2,1,1,2,1,4,1,2,0,2,1
777,5306,3,CAR,1,1,1,1.28,0.77,0.88,0.74,0.81,0.84,1.2,0.3,0.0,2,1,1,2,1,4,1,2,0,2,1
777,5307,2,SM,1,1,1,1.15,0.77,1.43,0.74,0.81,0.65,0.6,0.2,0.0,2,1,1,2,1,4,1,2,0,2,1
777,5308,3,CAR,1,1,1,1.15,0.73,1.1,0.89,0.94,0.52,0.6,0.1,0.0,2,1,1,2,1,4,1,2,0,2,1
777,5309,2,SM,1,1,1,1.15,0.7,1.1,0.74,0.84,0.84,1.2,0.2,0.0,2,1,1,2,1,4,1,2,0,2,1
777,5310,2,SM,1,1,1,1.28,0.77,1.1,0.89,1.09,0.84,0.3,0.2,0.0,2,1,1,2,1,4,1,2,0,2,1
778,5311,2,SM,1,1,1,2.38,0.81,1.7,1.1,1.18,1.15,1.2,0.3,0.0,2,1,1,2,1,4,1,2,0,2,17
778,5312,2,SM,1,1,1,1.81,0.87,2.21,0.83,0.94,0.92,1.2,0.3,0.0,2,1,1,2,1,4,1,2,0,2,17
778,5313,2,SM,1,1,1,2.38,0.95,1.36,0.83,0.99,0.92,1.2,0.2,0.0,2,1,1,2,1,4,1,2,0,2,17
778,5314,2,SM,1,1,1,2.0,0.95,2.21,0.83,0.99,1.49,0.6,0.1,0.0,2,1,1,2,1,4,1,2,0,2,17
778,5315,2,SM,1,1,1,2.0,0.95,1.36,0.92,1.05,1.49,1.2,0.3,0.0,2,1,1,2,1,4,1,2,0,2,17
778,5316,2,SM,1,1,1,1.81,0.95,2.21,0.92,1.05,1.15,0.6,0.2,0.0,2,1,1,2,1,4,1,2,0,2,17
778,5317,2,SM,1,1,1,1.81,0.87,1.7,1.1,1.22,0.92,0.6,0.1,0.0,2,1,1,2,1,4,1,2,0,2,17
778,5318,2,SM,1,1,1,1.81,0.81,1.7,0.92,1.09,1.49,1.2,0.2,0.0,2,1,1,2,1,4,1,2,0,2,17
778,5319,2,SM,1,1,1,2.0,0.95,1.7,1.1,1.46,1.49,0.3,0.2,0.0,2,1,1,2,1,4,1,2,0,2,17
779,5320,3,CAR,1,1,1,2.18,0.78,1.8,0.84,0.97,0.8,0.3,0.1,0.0,2,1,1,2,1,4,1,2,0,2,17
779,5321,3,CAR,1,1,1,2.18,0.7,2.34,0.84,1.18,1.3,1.2,0.1,0.0,2,1,1,2,1,4,1,2,0,2,17
779,5322,3,CAR,1,1,1,2.18,0.64,2.34,0.76,1.09,1.0,0.3,0.2,0.0,2,1,1,2,1,4,1,2,0,2,17
779,5323,3,CAR,1,1,1,1.66,0.64,1.44,0.76,1.09,1.3,0.6,0.3,0.0,2,1,1,2,1,4,1,2,0,2,17
779,5324,3,CAR,1,1,1,1.83,0.64,2.34,0.84,1.05,0.8,0.3,0.3,0.0,2,1,1,2,1,4,1,2,0,2,17
779,5325,3,CAR,1,1,1,1.83,0.7,1.44,0.76,0.9,1.0,0.3,0.1,0.0,2,1,1,2,1,4,1,2,0,2,17
779,5326,3,CAR,1,1,1,1.83,0.64,1.44,1.01,1.09,0.8,0.6,0.2,0.0,2,1,1,2,1,4,1,2,0,2,17
779,5327,3,CAR,1,1,1,2.18,0.7,1.44,1.01,1.18,1.3,0.3,0.3,0.0,2,1,1,2,1,4,1,2,0,2,17
779,5328,3,CAR,1,1,1,1.83,0.7,1.8,0.84,1.18,1.0,0.6,0.3,0.0,2,1,1,2,1,4,1,2,0,2,17
780,5329,2,SM,1,1,1,2.41,1.43,1.7,1.19,1.22,1.05,1.2,0.3,0.0,2,1,1,2,1,4,1,2,0,2,18
780,5330,2,SM,1,1,1,1.81,1.46,2.21,0.89,0.99,0.84,1.2,0.3,0.0,2,1,1,2,1,4,1,2,0,2,18
780,5331,3,CAR,1,1,1,2.41,1.5,1.36,0.89,1.05,0.84,1.2,0.2,0.0,2,1,1,2,1,4,1,2,0,2,18
780,5332,2,SM,1,1,1,2.01,1.5,2.21,0.89,1.05,1.36,0.6,0.1,0.0,2,1,1,2,1,4,1,2,0,2,18
780,5333,2,SM,1,1,1,2.01,1.5,1.36,0.99,1.09,1.36,1.2,0.3,0.0,2,1,1,2,1,4,1,2,0,2,18
780,5334,2,SM,1,1,1,1.81,1.5,2.21,0.99,1.09,1.05,0.6,0.2,0.0,2,1,1,2,1,4,1,2,0,2,18
780,5335,3,CAR,1,1,1,1.81,1.46,1.7,1.19,1.27,0.84,0.6,0.1,0.0,2,1,1,2,1,4,1,2,0,2,18
780,5336,2,SM,1,1,1,1.81,1.43,1.7,0.99,1.09,1.36,1.2,0.2,0.0,2,1,1,2,1,4,1,2,0,2,18
780,5337,1,TRAIN,1,1,1,2.01,1.5,1.7,1.19,1.37,1.36,0.3,0.2,0.0,2,1,1,2,1,4,1,2,0,2,18
781,5338,2,SM,1,1,1,1.14,0.59,1.04,0.67,0.76,0.55,1.2,0.2,0.0,2,1,1,2,1,4,1,2,0,2,22
781,5339,2,SM,1,1,1,1.04,0.56,1.04,0.67,0.74,0.71,0.3,0.1,0.0,2,1,1,2,1,4,1,2,0,2,22
781,5340,2,SM,1,1,1,1.34,0.63,1.04,0.67,0.84,0.44,0.6,0.3,0.0,2,1,1,2,1,4,1,2,0,2,22
781,5341,2,SM,1,1,1,1.04,0.59,0.64,0.56,0.74,0.44,0.3,0.2,0.0,2,1,1,2,1,4,1,2,0,2,22
781,5342,2,SM,1,1,1,1.34,0.59,0.8,0.5,0.58,0.71,0.6,0.2,0.0,2,1,1,2,1,4,1,2,0,2,22
781,5343,2,SM,1,1,1,1.14,0.56,0.8,0.5,0.71,0.44,1.2,0.1,0.0,2,1,1,2,1,4,1,2,0,2,22
781,5344,2,SM,1,1,1,1.04,0.63,0.64,0.67,0.84,0.55,1.2,0.1,0.0,2,1,1,2,1,4,1,2,0,2,22
781,5345,2,SM,1,1,1,1.04,0.63,0.8,0.5,0.6,0.55,0.3,0.3,0.0,2,1,1,2,1,4,1,2,0,2,22
781,5346,2,SM,1,1,1,1.34,0.56,0.64,0.56,0.65,0.55,0.6,0.1,0.0,2,1,1,2,1,4,1,2,0,2,22
782,5347,3,CAR,1,1,1,2.14,0.85,2.6,1.26,1.46,1.25,1.2,0.2,0.0,2,1,1,2,1,4,1,3,0,1,25
782,5348,3,CAR,1,1,1,1.94,0.77,2.6,1.26,1.37,1.62,0.3,0.1,0.0,2,1,1,2,1,4,1,3,0,1,25
782,5349,3,CAR,1,1,1,2.55,0.95,2.6,1.26,1.68,1.0,0.6,0.3,0.0,2,1,1,2,1,4,1,3,0,1,25
782,5350,3,CAR,1,1,1,1.94,0.85,1.6,1.05,1.46,1.0,0.3,0.2,0.0,2,1,1,2,1,4,1,3,0,1,25
782,5351,3,CAR,1,1,1,2.55,0.85,2.0,0.94,1.09,1.62,0.6,0.2,0.0,2,1,1,2,1,4,1,3,0,1,25
782,5352,3,CAR,1,1,1,2.14,0.77,2.0,0.94,1.37,1.0,1.2,0.1,0.0,2,1,1,2,1,4,1,3,0,1,25
782,5353,3,CAR,1,1,1,1.94,0.95,1.6,1.26,1.68,1.25,1.2,0.1,0.0,2,1,1,2,1,4,1,3,0,1,25
782,5354,3,CAR,1,1,1,1.94,0.95,2.0,0.94,1.18,1.25,0.3,0.3,0.0,2,1,1,2,1,4,1,3,0,1,25
782,5355,3,CAR,1,1,1,2.55,0.77,1.6,1.05,1.27,1.25,0.6,0.1,0.0,2,1,1,2,1,4,1,3,0,1,25
783,5356,1,TRAIN,1,1,1,1.38,0.66,0.9,0.68,0.76,0.48,0.3,0.1,0.0,2,1,1,2,1,4,1,3,0,2,1
783,5357,2,SM,1,1,1,1.38,0.62,1.17,0.68,0.9,0.78,1.2,0.1,0.0,2,1,1,2,1,4,1,3,0,2,1
783,5358,1,TRAIN,1,1,1,1.38,0.59,1.17,0.61,0.84,0.6,0.3,0.2,0.0,2,1,1,2,1,4,1,3,0,2,1
783,5359,1,TRAIN,1,1,1,1.06,0.59,0.72,0.61,0.84,0.78,0.6,0.3,0.0,2,1,1,2,1,4,1,3,0,2,1
783,5360,1,TRAIN,1,1,1,1.17,0.59,1.17,0.68,0.81,0.48,0.3,0.3,0.0,2,1,1,2,1,4,1,3,0,2,1
783,5361,1,TRAIN,1,1,1,1.17,0.62,0.72,0.61,0.71,0.6,0.3,0.1,0.0,2,1,1,2,1,4,1,3,0,2,1
783,5362,2,SM,1,1,1,1.17,0.59,0.72,0.82,0.84,0.48,0.6,0.2,0.0,2,1,1,2,1,4,1,3,0,2,1
783,5363,1,TRAIN,1,1,1,1.38,0.62,0.72,0.82,0.9,0.78,0.3,0.3,0.0,2,1,1,2,1,4,1,3,0,2,1
783,5364,2,SM,1,1,1,1.17,0.62,0.9,0.68,0.9,0.6,0.6,0.3,0.0,2,1,1,2,1,4,1,3,0,2,1
784,5365,2,SM,1,1,1,1.46,0.91,1.43,0.85,0.92,0.65,1.2,0.2,0.0,2,1,1,2,1,4,1,3,0,2,1
784,5366,2,SM,1,1,1,1.32,0.88,1.43,0.85,0.88,0.84,0.3,0.1,0.0,2,1,1,2,1,4,1,3,0,2,1
784,5367,2,SM,1,1,1,1.73,0.95,1.43,0.85,1.05,0.52,0.6,0.3,0.0,2,1,1,2,1,4,1,3,0,2,1
784,5368,2,SM,1,1,1,1.32,0.91,0.88,0.71,0.92,0.52,0.3,0.2,0.0,2,1,1,2,1,4,1,3,0,2,1
784,5369,2,SM,1,1,1,1.73,0.91,1.1,0.64,0.74,0.84,0.6,0.2,0.0,2,1,1,2,1,4,1,3,0,2,1
784,5370,2,SM,1,1,1,1.46,0.88,1.1,0.64,0.84,0.52,1.2,0.1,0.0,2,1,1,2,1,4,1,3,0,2,1
784,5371,2,SM,1,1,1,1.32,0.95,0.88,0.85,1.05,0.65,1.2,0.1,0.0,2,1,1,2,1,4,1,3,0,2,1
784,5372,2,SM,1,1,1,1.32,0.95,1.1,0.64,0.76,0.65,0.3,0.3,0.0,2,1,1,2,1,4,1,3,0,2,1
784,5373,2,SM,1,1,1,1.73,0.88,0.88,0.71,0.81,0.65,0.6,0.1,0.0,2,1,1,2,1,4,1,3,0,2,1
785,5374,3,CAR,1,1,1,2.42,1.06,1.5,0.9,1.05,0.72,0.3,0.1,0.0,2,1,1,2,1,4,1,3,0,17,2
785,5375,2,SM,1,1,1,2.42,0.98,1.95,0.9,1.22,1.17,1.2,0.1,0.0,2,1,1,2,1,4,1,3,0,17,2
785,5376,2,SM,1,1,1,2.42,0.92,1.95,0.81,1.12,0.9,0.3,0.2,0.0,2,1,1,2,1,4,1,3,0,17,2
785,5377,2,SM,1,1,1,1.84,0.92,1.2,0.81,1.12,1.17,0.6,0.3,0.0,2,1,1,2,1,4,1,3,0,17,2
785,5378,2,SM,1,1,1,2.03,0.92,1.95,0.9,1.09,0.72,0.3,0.3,0.0,2,1,1,2,1,4,1,3,0,17,2
785,5379,2,SM,1,1,1,2.03,0.98,1.2,0.81,0.94,0.9,0.3,0.1,0.0,2,1,1,2,1,4,1,3,0,17,2
785,5380,2,SM,1,1,1,2.03,0.92,1.2,1.08,1.18,0.72,0.6,0.2,0.0,2,1,1,2,1,4,1,3,0,17,2
785,5381,2,SM,1,1,1,2.42,0.98,1.2,1.08,1.22,1.17,0.3,0.3,0.0,2,1,1,2,1,4,1,3,0,17,2
785,5382,1,TRAIN,1,1,1,2.03,0.98,1.5,0.9,1.22,0.9,0.6,0.3,0.0,2,1,1,2,1,4,1,3,0,17,2
786,5383,2,SM,1,1,1,3.14,1.26,3.77,1.6,1.83,2.05,1.2,0.2,0.0,2,1,1,2,1,4,1,3,0,17,25
786,5384,2,SM,1,1,1,2.84,1.15,3.77,1.6,1.68,2.66,0.3,0.1,0.0,2,1,1,2,1,4,1,3,0,17,25
786,5385,2,SM,1,1,1,3.75,1.4,3.77,1.6,2.21,1.64,0.6,0.3,0.0,2,1,1,2,1,4,1,3,0,17,25
786,5386,2,SM,1,1,1,2.84,1.26,2.32,1.33,1.83,1.64,0.3,0.2,0.0,2,1,1,2,1,4,1,3,0,17,25
786,5387,2,SM,1,1,1,3.75,1.26,2.9,1.2,1.37,2.66,0.6,0.2,0.0,2,1,1,2,1,4,1,3,0,17,25
786,5388,2,SM,1,1,1,3.14,1.15,2.9,1.2,1.68,1.64,1.2,0.1,0.0,2,1,1,2,1,4,1,3,0,17,25
786,5389,2,SM,1,1,1,2.84,1.4,2.32,1.6,2.21,2.05,1.2,0.1,0.0,2,1,1,2,1,4,1,3,0,17,25
786,5390,2,SM,1,1,1,2.84,1.4,2.9,1.2,1.46,2.05,0.3,0.3,0.0,2,1,1,2,1,4,1,3,0,17,25
786,5391,2,SM,1,1,1,3.75,1.15,2.32,1.33,1.55,2.05,0.6,0.1,0.0,2,1,1,2,1,4,1,3,0,17,25
787,5392,2,SM,1,1,1,2.02,1.47,1.95,1.06,1.12,1.05,1.2,0.2,0.0,2,1,1,2,1,2,1,3,0,17,2
787,5393,2,SM,1,1,1,1.87,1.44,1.95,1.06,1.09,1.36,0.3,0.1,0.0,2,1,1,2,1,2,1,3,0,17,2
787,5394,2,SM,1,1,1,2.33,1.51,1.95,1.06,1.22,0.84,0.6,0.3,0.0,2,1,1,2,1,2,1,3,0,17,2
787,5395,2,SM,1,1,1,1.87,1.47,1.2,0.88,1.09,0.84,0.3,0.2,0.0,2,1,1,2,1,2,1,3,0,17,2
787,5396,2,SM,1,1,1,2.33,1.47,1.5,0.79,0.88,1.36,0.6,0.2,0.0,2,1,1,2,1,2,1,3,0,17,2
787,5397,2,SM,1,1,1,2.02,1.44,1.5,0.79,0.99,0.84,1.2,0.1,0.0,2,1,1,2,1,2,1,3,0,17,2
787,5398,2,SM,1,1,1,1.87,1.51,1.2,1.06,1.22,1.05,1.2,0.1,0.0,2,1,1,2,1,2,1,3,0,17,2
787,5399,2,SM,1,1,1,1.87,1.51,1.5,0.79,0.9,1.05,0.3,0.3,0.0,2,1,1,2,1,2,1,3,0,17,2
787,5400,2,SM,1,1,1,2.33,1.44,1.2,0.88,0.97,1.05,0.6,0.1,0.0,2,1,1,2,1,2,1,3,0,17,2
788,5401,3,CAR,1,1,1,1.81,0.68,1.95,1.01,1.18,0.9,1.2,0.2,0.0,2,1,1,2,1,2,1,3,0,17,2
788,5402,2,SM,1,1,1,1.64,0.62,1.95,1.01,1.09,1.17,0.3,0.1,0.0,2,1,1,2,1,2,1,3,0,17,2
788,5403,3,CAR,1,1,1,2.15,0.76,1.95,1.01,1.37,0.72,0.6,0.3,0.0,2,1,1,2,1,2,1,3,0,17,2
788,5404,3,CAR,1,1,1,1.64,0.68,1.2,0.84,1.18,0.72,0.3,0.2,0.0,2,1,1,2,1,2,1,3,0,17,2
788,5405,2,SM,1,1,1,2.15,0.68,1.5,0.76,0.9,1.17,0.6,0.2,0.0,2,1,1,2,1,2,1,3,0,17,2
788,5406,3,CAR,1,1,1,1.81,0.62,1.5,0.76,1.09,0.72,1.2,0.1,0.0,2,1,1,2,1,2,1,3,0,17,2
788,5407,2,SM,1,1,1,1.64,0.76,1.2,1.01,1.37,0.9,1.2,0.1,0.0,2,1,1,2,1,2,1,3,0,17,2
788,5408,3,CAR,1,1,1,1.64,0.76,1.5,0.76,0.94,0.9,0.3,0.3,0.0,2,1,1,2,1,2,1,3,0,17,2
788,5409,2,SM,1,1,1,2.15,0.62,1.2,0.84,1.05,0.9,0.6,0.1,0.0,2,1,1,2,1,2,1,3,0,17,2
789,5410,3,CAR,1,1,1,2.12,1.39,1.4,0.91,0.9,0.95,1.2,0.3,0.0,2,1,1,2,1,3,1,2,0,17,13
789,5411,2,SM,1,1,1,1.75,1.42,1.82,0.68,0.76,0.76,1.2,0.3,0.0,2,1,1,2,1,3,1,2,0,17,13
789,5412,3,CAR,1,1,1,2.12,1.46,1.12,0.68,0.76,0.76,1.2,0.2,0.0,2,1,1,2,1,3,1,2,0,17,13
789,5413,2,SM,1,1,1,1.87,1.46,1.82,0.68,0.76,1.23,0.6,0.1,0.0,2,1,1,2,1,3,1,2,0,17,13
789,5414,2,SM,1,1,1,1.87,1.46,1.12,0.76,0.81,1.23,1.2,0.3,0.0,2,1,1,2,1,3,1,2,0,17,13
789,5415,2,SM,1,1,1,1.75,1.46,1.82,0.76,0.81,0.95,0.6,0.2,0.0,2,1,1,2,1,3,1,2,0,17,13
789,5416,3,CAR,1,1,1,1.75,1.42,1.4,0.91,0.92,0.76,0.6,0.1,0.0,2,1,1,2,1,3,1,2,0,17,13
789,5417,2,SM,1,1,1,1.75,1.39,1.4,0.76,0.81,1.23,1.2,0.2,0.0,2,1,1,2,1,3,1,2,0,17,13
789,5418,2,SM,1,1,1,1.87,1.46,1.4,0.91,0.99,1.23,0.3,0.2,0.0,2,1,1,2,1,3,1,2,0,17,13
790,5419,2,SM,1,1,1,2.21,1.08,2.08,1.13,1.27,1.0,1.2,0.2,0.0,2,1,1,2,1,3,1,3,0,2,17
790,5420,2,SM,1,1,1,1.99,1.02,2.08,1.13,1.22,1.3,0.3,0.1,0.0,2,1,1,2,1,3,1,3,0,2,17
790,5421,3,CAR,1,1,1,2.65,1.16,2.08,1.13,1.46,0.8,0.6,0.3,0.0,2,1,1,2,1,3,1,3,0,2,17
790,5422,3,CAR,1,1,1,1.99,1.08,1.28,0.94,1.27,0.8,0.3,0.2,0.0,2,1,1,2,1,3,1,3,0,2,17
790,5423,3,CAR,1,1,1,2.65,1.08,1.6,0.85,0.97,1.3,0.6,0.2,0.0,2,1,1,2,1,3,1,3,0,2,17
790,5424,3,CAR,1,1,1,2.21,1.02,1.6,0.85,1.18,0.8,1.2,0.1,0.0,2,1,1,2,1,3,1,3,0,2,17
790,5425,3,CAR,1,1,1,1.99,1.16,1.28,1.13,1.46,1.0,1.2,0.1,0.0,2,1,1,2,1,3,1,3,0,2,17
790,5426,3,CAR,1,1,1,1.99,1.16,1.6,0.85,1.05,1.0,0.3,0.3,0.0,2,1,1,2,1,3,1,3,0,2,17
790,5427,3,CAR,1,1,1,2.65,1.02,1.28,0.94,1.12,1.0,0.6,0.1,0.0,2,1,1,2,1,3,1,3,0,2,17
791,5428,2,SM,1,1,1,3.78,1.39,2.2,1.46,1.61,1.45,1.2,0.3,0.0,2,1,1,2,1,3,1,3,0,17,22
791,5429,2,SM,1,1,1,2.83,1.48,2.86,1.1,1.27,1.16,1.2,0.3,0.0,2,1,1,2,1,3,1,3,0,17,22
791,5430,3,CAR,1,1,1,3.78,1.6,1.76,1.1,1.33,1.16,1.2,0.2,0.0,2,1,1,2,1,3,1,3,0,17,22
791,5431,2,SM,1,1,1,3.15,1.6,2.86,1.1,1.33,1.88,0.6,0.1,0.0,2,1,1,2,1,3,1,3,0,17,22
791,5432,3,CAR,1,1,1,3.15,1.6,1.76,1.22,1.37,1.88,1.2,0.3,0.0,2,1,1,2,1,3,1,3,0,17,22
791,5433,2,SM,1,1,1,2.83,1.6,2.86,1.22,1.37,1.45,0.6,0.2,0.0,2,1,1,2,1,3,1,3,0,17,22
791,5434,3,CAR,1,1,1,2.83,1.48,2.2,1.46,1.68,1.16,0.6,0.1,0.0,2,1,1,2,1,3,1,3,0,17,22
791,5435,2,SM,1,1,1,2.83,1.39,2.2,1.22,1.46,1.88,1.2,0.2,0.0,2,1,1,2,1,3,1,3,0,17,22
791,5436,3,CAR,1,1,1,3.15,1.6,2.2,1.46,1.96,1.88,0.3,0.2,0.0,2,1,1,2,1,3,1,3,0,17,22
792,5437,2,SM,1,1,1,1.89,0.81,2.21,1.13,1.33,1.3,1.2,0.2,0.0,2,1,1,2,1,3,1,3,0,22,1
792,5438,2,SM,1,1,1,1.71,0.75,2.21,1.13,1.22,1.69,0.3,0.1,0.0,2,1,1,2,1,3,1,3,0,22,1
792,5439,2,SM,1,1,1,2.25,0.89,2.21,1.13,1.5,1.04,0.6,0.3,0.0,2,1,1,2,1,3,1,3,0,22,1
792,5440,2,SM,1,1,1,1.71,0.81,1.36,0.94,1.33,1.04,0.3,0.2,0.0,2,1,1,2,1,3,1,3,0,22,1
792,5441,2,SM,1,1,1,2.25,0.81,1.7,0.85,0.99,1.69,0.6,0.2,0.0,2,1,1,2,1,3,1,3,0,22,1
792,5442,2,SM,1,1,1,1.89,0.75,1.7,0.85,1.22,1.04,1.2,0.1,0.0,2,1,1,2,1,3,1,3,0,22,1
792,5443,2,SM,1,1,1,1.71,0.89,1.36,1.13,1.5,1.3,1.2,0.1,0.0,2,1,1,2,1,3,1,3,0,22,1
792,5444,2,SM,1,1,1,1.71,0.89,1.7,0.85,1.05,1.3,0.3,0.3,0.0,2,1,1,2,1,3,1,3,0,22,1
792,5445,2,SM,1,1,1,2.25,0.75,1.36,0.94,1.12,1.3,0.6,0.1,0.0,2,1,1,2,1,3,1,3,0,22,1
793,5446,2,SM,1,1,1,1.72,0.64,2.08,1.08,1.22,1.15,1.2,0.2,0.0,2,1,1,2,1,3,1,4,0,1,22
793,5447,2,SM,1,1,1,1.56,0.58,2.08,1.08,1.12,1.49,0.3,0.1,0.0,2,1,1,2,1,3,1,4,0,1,22
793,5448,2,SM,1,1,1,2.04,0.72,2.08,1.08,1.4,0.92,0.6,0.3,0.0,2,1,1,2,1,3,1,4,0,1,22
793,5449,2,SM,1,1,1,1.56,0.64,1.28,0.9,1.22,0.92,0.3,0.2,0.0,2,1,1,2,1,3,1,4,0,1,22
793,5450,2,SM,1,1,1,2.04,0.64,1.6,0.81,0.92,1.49,0.6,0.2,0.0,2,1,1,2,1,3,1,4,0,1,22
793,5451,2,SM,1,1,1,1.72,0.58,1.6,0.81,1.12,0.92,1.2,0.1,0.0,2,1,1,2,1,3,1,4,0,1,22
793,5452,2,SM,1,1,1,1.56,0.72,1.28,1.08,1.4,1.15,1.2,0.1,0.0,2,1,1,2,1,3,1,4,0,1,22
793,5453,2,SM,1,1,1,1.56,0.72,1.6,0.81,0.99,1.15,0.3,0.3,0.0,2,1,1,2,1,3,1,4,0,1,22
793,5454,2,SM,1,1,1,2.04,0.58,1.28,0.9,1.09,1.15,0.6,0.1,0.0,2,1,1,2,1,3,1,4,0,1,22
794,5455,2,SM,1,1,1,2.0,1.12,1.5,0.85,0.84,0.9,1.2,0.3,0.0,2,1,1,2,1,3,1,4,0,2,17
794,5456,2,SM,1,1,1,1.52,1.15,1.95,0.64,0.68,0.72,1.2,0.3,0.0,2,1,1,2,1,3,1,4,0,2,17
794,5457,3,CAR,1,1,1,2.0,1.19,1.2,0.64,0.71,0.72,1.2,0.2,0.0,2,1,1,2,1,3,1,4,0,2,17
794,5458,2,SM,1,1,1,1.68,1.19,1.95,0.64,0.71,1.17,0.6,0.1,0.0,2,1,1,2,1,3,1,4,0,2,17
794,5459,2,SM,1,1,1,1.68,1.19,1.2,0.71,0.74,1.17,1.2,0.3,0.0,2,1,1,2,1,3,1,4,0,2,17
794,5460,2,SM,1,1,1,1.52,1.19,1.95,0.71,0.74,0.9,0.6,0.2,0.0,2,1,1,2,1,3,1,4,0,2,17
794,5461,3,CAR,1,1,1,1.52,1.15,1.5,0.85,0.84,0.72,0.6,0.1,0.0,2,1,1,2,1,3,1,4,0,2,17
794,5462,2,SM,1,1,1,1.52,1.12,1.5,0.71,0.76,1.17,1.2,0.2,0.0,2,1,1,2,1,3,1,4,0,2,17
794,5463,2,SM,1,1,1,1.68,1.19,1.5,0.85,0.92,1.17,0.3,0.2,0.0,2,1,1,2,1,3,1,4,0,2,17
795,5464,2,SM,1,1,1,1.06,0.34,0.9,0.72,0.78,0.6,1.2,0.3,0.0,2,1,1,2,1,4,1,3,0,2,1
795,5465,2,SM,1,1,1,0.85,0.37,1.17,0.54,0.65,0.48,1.2,0.3,0.0,2,1,1,2,1,4,1,3,0,2,1
795,5466,3,CAR,1,1,1,1.06,0.41,0.72,0.54,0.68,0.48,1.2,0.2,0.0,2,1,1,2,1,4,1,3,0,2,1
795,5467,2,SM,1,1,1,0.92,0.41,1.17,0.54,0.68,0.78,0.6,0.1,0.0,2,1,1,2,1,4,1,3,0,2,1
795,5468,3,CAR,1,1,1,0.92,0.41,0.72,0.6,0.71,0.78,1.2,0.3,0.0,2,1,1,2,1,4,1,3,0,2,1
795,5469,2,SM,1,1,1,0.85,0.41,1.17,0.6,0.71,0.6,0.6,0.2,0.0,2,1,1,2,1,4,1,3,0,2,1
795,5470,2,SM,1,1,1,0.85,0.37,0.9,0.72,0.84,0.48,0.6,0.1,0.0,2,1,1,2,1,4,1,3,0,2,1
795,5471,2,SM,1,1,1,0.85,0.34,0.9,0.6,0.74,0.78,1.2,0.2,0.0,2,1,1,2,1,4,1,3,0,2,1
795,5472,3,CAR,1,1,1,0.92,0.41,0.9,0.72,0.94,0.78,0.3,0.2,0.0,2,1,1,2,1,4,1,3,0,2,1
796,5473,2,SM,1,1,1,2.6,1.28,2.1,0.94,1.05,1.32,0.3,0.1,0.0,2,1,1,2,1,4,1,3,0,17,10
796,5474,3,CAR,1,1,1,2.6,1.2,2.73,0.94,1.27,2.14,1.2,0.1,0.0,2,1,1,2,1,4,1,3,0,17,10
796,5475,3,CAR,1,1,1,2.6,1.14,2.73,0.85,1.18,1.65,0.3,0.2,0.0,2,1,1,2,1,4,1,3,0,17,10
796,5476,3,CAR,1,1,1,2.06,1.14,1.68,0.85,1.18,2.14,0.6,0.3,0.0,2,1,1,2,1,4,1,3,0,17,10
796,5477,3,CAR,1,1,1,2.24,1.14,2.73,0.94,1.09,1.32,0.3,0.3,0.0,2,1,1,2,1,4,1,3,0,17,10
796,5478,3,CAR,1,1,1,2.24,1.2,1.68,0.85,0.97,1.65,0.3,0.1,0.0,2,1,1,2,1,4,1,3,0,17,10
796,5479,3,CAR,1,1,1,2.24,1.14,1.68,1.13,1.18,1.32,0.6,0.2,0.0,2,1,1,2,1,4,1,3,0,17,10
796,5480,3,CAR,1,1,1,2.6,1.2,1.68,1.13,1.27,2.14,0.3,0.3,0.0,2,1,1,2,1,4,1,3,0,17,10
796,5481,3,CAR,1,1,1,2.24,1.2,2.1,0.94,1.27,1.65,0.6,0.3,0.0,2,1,1,2,1,4,1,3,0,17,10
797,5482,1,TRAIN,1,1,1,1.97,0.68,2.6,1.26,1.46,1.3,1.2,0.2,0.0,2,1,1,2,1,4,1,3,0,25,1
797,5483,1,TRAIN,1,1,1,1.78,0.6,2.6,1.26,1.37,1.69,0.3,0.1,0.0,2,1,1,2,1,4,1,3,0,25,1
797,5484,2,SM,1,1,1,2.34,0.78,2.6,1.26,1.68,1.04,0.6,0.3,0.0,2,1,1,2,1,4,1,3,0,25,1
797,5485,3,CAR,1,1,1,1.78,0.68,1.6,1.05,1.46,1.04,0.3,0.2,0.0,2,1,1,2,1,4,1,3,0,25,1
797,5486,2,SM,1,1,1,2.34,0.68,2.0,0.94,1.09,1.69,0.6,0.2,0.0,2,1,1,2,1,4,1,3,0,25,1
797,5487,2,SM,1,1,1,1.97,0.6,2.0,0.94,1.37,1.04,1.2,0.1,0.0,2,1,1,2,1,4,1,3,0,25,1
797,5488,3,CAR,1,1,1,1.78,0.78,1.6,1.26,1.68,1.3,1.2,0.1,0.0,2,1,1,2,1,4,1,3,0,25,1
797,5489,1,TRAIN,1,1,1,1.78,0.78,2.0,0.94,1.18,1.3,0.3,0.3,0.0,2,1,1,2,1,4,1,3,0,25,1
797,5490,2,SM,1,1,1,2.34,0.6,1.6,1.05,1.27,1.3,0.6,0.1,0.0,2,1,1,2,1,4,1,3,0,25,1
798,5491,2,SM,1,1,1,3.36,0.84,2.7,1.46,1.65,1.5,1.2,0.3,0.0,2,1,1,2,1,3,0,2,0,17,25
798,5492,2,SM,1,1,1,2.57,0.95,3.51,1.1,1.33,1.2,1.2,0.3,0.0,2,1,1,2,1,3,0,2,0,17,25
798,5493,2,SM,1,1,1,3.36,1.09,2.16,1.1,1.37,1.2,1.2,0.2,0.0,2,1,1,2,1,3,0,2,0,17,25
798,5494,2,SM,1,1,1,2.83,1.09,3.51,1.1,1.37,1.95,0.6,0.1,0.0,2,1,1,2,1,3,0,2,0,17,25
798,5495,2,SM,1,1,1,2.83,1.09,2.16,1.22,1.4,1.95,1.2,0.3,0.0,2,1,1,2,1,3,0,2,0,17,25
798,5496,2,SM,1,1,1,2.57,1.09,3.51,1.22,1.4,1.5,0.6,0.2,0.0,2,1,1,2,1,3,0,2,0,17,25
798,5497,2,SM,1,1,1,2.57,0.95,2.7,1.46,1.74,1.2,0.6,0.1,0.0,2,1,1,2,1,3,0,2,0,17,25
798,5498,2,SM,1,1,1,2.57,0.84,2.7,1.22,1.5,1.95,1.2,0.2,0.0,2,1,1,2,1,3,0,2,0,17,25
798,5499,2,SM,1,1,1,2.83,1.09,2.7,1.46,2.07,1.95,0.3,0.2,0.0,2,1,1,2,1,3,0,2,0,17,25
799,5500,2,SM,1,1,1,2.55,0.77,2.0,1.26,1.37,1.3,1.2,0.3,0.0,2,1,1,3,0,2,1,2,0,1,25
799,5501,2,SM,1,1,1,1.94,0.85,2.6,0.94,1.09,1.04,1.2,0.3,0.0,2,1,1,3,0,2,1,2,0,1,25
799,5502,2,SM,1,1,1,2.55,0.95,1.6,0.94,1.18,1.04,1.2,0.2,0.0,2,1,1,3,0,2,1,2,0,1,25
799,5503,2,SM,1,1,1,2.14,0.95,2.6,0.94,1.18,1.69,0.6,0.1,0.0,2,1,1,3,0,2,1,2,0,1,25
799,5504,2,SM,1,1,1,2.14,0.95,1.6,1.05,1.18,1.69,1.2,0.3,0.0,2,1,1,3,0,2,1,2,0,1,25
799,5505,2,SM,1,1,1,1.94,0.95,2.6,1.05,1.18,1.3,0.6,0.2,0.0,2,1,1,3,0,2,1,2,0,1,25
799,5506,2,SM,1,1,1,1.94,0.85,2.0,1.26,1.46,1.04,0.6,0.1,0.0,2,1,1,3,0,2,1,2,0,1,25
799,5507,2,SM,1,1,1,1.94,0.77,2.0,1.05,1.27,1.69,1.2,0.2,0.0,2,1,1,3,0,2,1,2,0,1,25
799,5508,2,SM,1,1,1,2.14,0.95,2.0,1.26,1.68,1.69,0.3,0.2,0.0,2,1,1,3,0,2,1,2,0,1,25
800,5509,3,CAR,1,1,1,3.13,1.53,2.0,1.16,1.27,1.5,1.2,0.3,0.0,2,1,1,3,0,2,1,3,0,1,22
800,5510,2,SM,1,1,1,2.44,1.59,2.6,0.87,1.05,1.2,1.2,0.3,0.0,2,1,1,3,0,2,1,3,0,1,22
800,5511,3,CAR,1,1,1,3.13,1.67,1.6,0.87,1.09,1.2,1.2,0.2,0.0,2,1,1,3,0,2,1,3,0,1,22
800,5512,2,SM,1,1,1,2.67,1.67,2.6,0.87,1.09,1.95,0.6,0.1,0.0,2,1,1,3,0,2,1,3,0,1,22
800,5513,3,CAR,1,1,1,2.67,1.67,1.6,0.97,1.09,1.95,1.2,0.3,0.0,2,1,1,3,0,2,1,3,0,1,22
800,5514,2,SM,1,1,1,2.44,1.67,2.6,0.97,1.09,1.5,0.6,0.2,0.0,2,1,1,3,0,2,1,3,0,1,22
800,5515,2,SM,1,1,1,2.44,1.59,2.0,1.16,1.33,1.2,0.6,0.1,0.0,2,1,1,3,0,2,1,3,0,1,22
800,5516,2,SM,1,1,1,2.44,1.53,2.0,0.97,1.12,1.95,1.2,0.2,0.0,2,1,1,3,0,2,1,3,0,1,22
800,5517,2,SM,1,1,1,2.67,1.67,2.0,1.16,1.5,1.95,0.3,0.2,0.0,2,1,1,3,0,2,1,3,0,1,22
801,5518,2,SM,1,1,1,0.92,0.37,1.17,0.72,0.84,0.65,1.2,0.2,0.0,2,1,1,3,0,3,1,3,0,1,2
801,5519,2,SM,1,1,1,0.85,0.34,1.17,0.72,0.78,0.84,0.3,0.1,0.0,2,1,1,3,0,3,1,3,0,1,2
801,5520,3,CAR,1,1,1,1.06,0.41,1.17,0.72,0.94,0.52,0.6,0.3,0.0,2,1,1,3,0,3,1,3,0,1,2
801,5521,3,CAR,1,1,1,0.85,0.37,0.72,0.6,0.84,0.52,0.3,0.2,0.0,2,1,1,3,0,3,1,3,0,1,2
801,5522,2,SM,1,1,1,1.06,0.37,0.9,0.54,0.65,0.84,0.6,0.2,0.0,2,1,1,3,0,3,1,3,0,1,2
801,5523,3,CAR,1,1,1,0.92,0.34,0.9,0.54,0.78,0.52,1.2,0.1,0.0,2,1,1,3,0,3,1,3,0,1,2
801,5524,2,SM,1,1,1,0.85,0.41,0.72,0.72,0.94,0.65,1.2,0.1,0.0,2,1,1,3,0,3,1,3,0,1,2
801,5525,2,SM,1,1,1,0.85,0.41,0.9,0.54,0.68,0.65,0.3,0.3,0.0,2,1,1,3,0,3,1,3,0,1,2
801,5526,2,SM,1,1,1,1.06,0.34,0.72,0.6,0.74,0.65,0.6,0.1,0.0,2,1,1,3,0,3,1,3,0,1,2
802,5527,2,SM,1,1,1,2.53,0.98,2.2,1.05,1.18,1.28,0.3,0.1,0.0,2,1,1,3,0,3,1,3,0,1,25
802,5528,2,SM,1,1,1,2.53,0.88,2.86,1.05,1.46,2.08,1.2,0.1,0.0,2,1,1,3,0,3,1,3,0,1,25
802,5529,2,SM,1,1,1,2.53,0.8,2.86,0.94,1.37,1.6,0.3,0.2,0.0,2,1,1,3,0,3,1,3,0,1,25
802,5530,2,SM,1,1,1,1.93,0.8,1.76,0.94,1.37,2.08,0.6,0.3,0.0,2,1,1,3,0,3,1,3,0,1,25
802,5531,2,SM,1,1,1,2.13,0.8,2.86,1.05,1.27,1.28,0.3,0.3,0.0,2,1,1,3,0,3,1,3,0,1,25
802,5532,2,SM,1,1,1,2.13,0.88,1.76,0.94,1.09,1.6,0.3,0.1,0.0,2,1,1,3,0,3,1,3,0,1,25
802,5533,2,SM,1,1,1,2.13,0.8,1.76,1.26,1.37,1.28,0.6,0.2,0.0,2,1,1,3,0,3,1,3,0,1,25
802,5534,2,SM,1,1,1,2.53,0.88,1.76,1.26,1.46,2.08,0.3,0.3,0.0,2,1,1,3,0,3,1,3,0,1,25
802,5535,2,SM,1,1,1,2.13,0.88,2.2,1.05,1.46,1.6,0.6,0.3,0.0,2,1,1,3,0,3,1,3,0,1,25
803,5536,2,SM,1,1,1,2.64,1.03,2.0,1.09,1.22,1.2,0.3,0.1,0.0,2,1,1,3,0,3,1,3,0,9,25
803,5537,2,SM,1,1,1,2.64,0.93,2.6,1.09,1.5,1.95,1.2,0.1,0.0,2,1,1,3,0,3,1,3,0,9,25
803,5538,2,SM,1,1,1,2.64,0.85,2.6,0.98,1.4,1.5,0.3,0.2,0.0,2,1,1,3,0,3,1,3,0,9,25
803,5539,2,SM,1,1,1,2.01,0.85,1.6,0.98,1.4,1.95,0.6,0.3,0.0,2,1,1,3,0,3,1,3,0,9,25
803,5540,2,SM,1,1,1,2.22,0.85,2.6,1.09,1.33,1.2,0.3,0.3,0.0,2,1,1,3,0,3,1,3,0,9,25
803,5541,2,SM,1,1,1,2.22,0.93,1.6,0.98,1.12,1.5,0.3,0.1,0.0,2,1,1,3,0,3,1,3,0,9,25
803,5542,3,CAR,1,1,1,2.22,0.85,1.6,1.31,1.4,1.2,0.6,0.2,0.0,2,1,1,3,0,3,1,3,0,9,25
803,5543,2,SM,1,1,1,2.64,0.93,1.6,1.31,1.5,1.95,0.3,0.3,0.0,2,1,1,3,0,3,1,3,0,9,25
803,5544,2,SM,1,1,1,2.22,0.93,2.0,1.09,1.5,1.5,0.6,0.3,0.0,2,1,1,3,0,3,1,3,0,9,25
804,5545,2,SM,1,1,1,3.08,1.63,2.5,1.09,1.22,1.24,0.3,0.1,0.0,2,1,1,3,0,3,1,3,0,22,17
804,5546,2,SM,1,1,1,3.08,1.55,3.25,1.09,1.46,2.01,1.2,0.1,0.0,2,1,1,3,0,3,1,3,0,22,17
804,5547,2,SM,1,1,1,3.08,1.49,3.25,0.98,1.33,1.55,0.3,0.2,0.0,2,1,1,3,0,3,1,3,0,22,17
804,5548,1,TRAIN,1,1,1,2.33,1.49,2.0,0.98,1.33,2.01,0.6,0.3,0.0,2,1,1,3,0,3,1,3,0,22,17
804,5549,2,SM,1,1,1,2.58,1.49,3.25,1.09,1.27,1.24,0.3,0.3,0.0,2,1,1,3,0,3,1,3,0,22,17
804,5550,2,SM,1,1,1,2.58,1.55,2.0,0.98,1.12,1.55,0.3,0.1,0.0,2,1,1,3,0,3,1,3,0,22,17
804,5551,3,CAR,1,1,1,2.58,1.49,2.0,1.31,1.4,1.24,0.6,0.2,0.0,2,1,1,3,0,3,1,3,0,22,17
804,5552,2,SM,1,1,1,3.08,1.55,2.0,1.31,1.46,2.01,0.3,0.3,0.0,2,1,1,3,0,3,1,3,0,22,17
804,5553,1,TRAIN,1,1,1,2.58,1.55,2.5,1.09,1.46,1.55,0.6,0.3,0.0,2,1,1,3,0,3,1,3,0,22,17
805,5554,2,SM,1,1,1,2.16,0.82,2.0,0.97,1.09,1.0,0.3,0.1,0.0,2,1,1,3,0,4,1,2,0,22,1
805,5555,2,SM,1,1,1,2.16,0.74,2.6,0.97,1.33,1.62,1.2,0.1,0.0,2,1,1,3,0,4,1,2,0,22,1
805,5556,2,SM,1,1,1,2.16,0.68,2.6,0.87,1.22,1.25,0.3,0.2,0.0,2,1,1,3,0,4,1,2,0,22,1
805,5557,2,SM,1,1,1,1.65,0.68,1.6,0.87,1.22,1.62,0.6,0.3,0.0,2,1,1,3,0,4,1,2,0,22,1
805,5558,2,SM,1,1,1,1.82,0.68,2.6,0.97,1.12,1.0,0.3,0.3,0.0,2,1,1,3,0,4,1,2,0,22,1
805,5559,2,SM,1,1,1,1.82,0.74,1.6,0.87,0.99,1.25,0.3,0.1,0.0,2,1,1,3,0,4,1,2,0,22,1
805,5560,2,SM,1,1,1,1.82,0.68,1.6,1.16,1.22,1.0,0.6,0.2,0.0,2,1,1,3,0,4,1,2,0,22,1
805,5561,2,SM,1,1,1,2.16,0.74,1.6,1.16,1.33,1.62,0.3,0.3,0.0,2,1,1,3,0,4,1,2,0,22,1
805,5562,2,SM,1,1,1,1.82,0.74,2.0,0.97,1.33,1.25,0.6,0.3,0.0,2,1,1,3,0,4,1,2,0,22,1
806,5563,2,SM,1,1,1,1.93,0.5,1.7,1.06,1.12,1.05,1.2,0.3,0.0,2,1,1,3,0,2,0,3,0,22,1
806,5564,2,SM,1,1,1,1.5,0.56,2.21,0.79,0.9,0.84,1.2,0.3,0.0,2,1,1,3,0,2,0,3,0,22,1
806,5565,3,CAR,1,1,1,1.93,0.64,1.36,0.79,0.97,0.84,1.2,0.2,0.0,2,1,1,3,0,2,0,3,0,22,1
806,5566,2,SM,1,1,1,1.64,0.64,2.21,0.79,0.97,1.36,0.6,0.1,0.0,2,1,1,3,0,2,0,3,0,22,1
806,5567,3,CAR,1,1,1,1.64,0.64,1.36,0.88,0.97,1.36,1.2,0.3,0.0,2,1,1,3,0,2,0,3,0,22,1
806,5568,2,SM,1,1,1,1.5,0.64,2.21,0.88,0.97,1.05,0.6,0.2,0.0,2,1,1,3,0,2,0,3,0,22,1
806,5569,2,SM,1,1,1,1.5,0.56,1.7,1.06,1.18,0.84,0.6,0.1,0.0,2,1,1,3,0,2,0,3,0,22,1
806,5570,2,SM,1,1,1,1.5,0.5,1.7,0.88,1.05,1.36,1.2,0.2,0.0,2,1,1,3,0,2,0,3,0,22,1
806,5571,2,SM,1,1,1,1.64,0.64,1.7,1.06,1.4,1.36,0.3,0.2,0.0,2,1,1,3,0,2,0,3,0,22,1
807,5572,2,SM,1,1,1,1.64,0.56,2.21,1.06,1.18,1.05,1.2,0.2,0.0,2,1,1,3,0,3,0,1,0,22,1
807,5573,2,SM,1,1,1,1.5,0.5,2.21,1.06,1.12,1.36,0.3,0.1,0.0,2,1,1,3,0,3,0,1,0,22,1
807,5574,2,SM,1,1,1,1.93,0.64,2.21,1.06,1.4,0.84,0.6,0.3,0.0,2,1,1,3,0,3,0,1,0,22,1
807,5575,3,CAR,1,1,1,1.5,0.56,1.36,0.88,1.22,0.84,0.3,0.2,0.0,2,1,1,3,0,3,0,1,0,22,1
807,5576,2,SM,1,1,1,1.93,0.56,1.7,0.79,0.9,1.36,0.6,0.2,0.0,2,1,1,3,0,3,0,1,0,22,1
807,5577,3,CAR,1,1,1,1.64,0.5,1.7,0.79,1.12,0.84,1.2,0.1,0.0,2,1,1,3,0,3,0,1,0,22,1
807,5578,1,TRAIN,1,1,1,1.5,0.64,1.36,1.06,1.4,1.05,1.2,0.1,0.0,2,1,1,3,0,3,0,1,0,22,1
807,5579,1,TRAIN,1,1,1,1.5,0.64,1.7,0.79,0.97,1.05,0.3,0.3,0.0,2,1,1,3,0,3,0,1,0,22,1
807,5580,1,TRAIN,1,1,1,1.93,0.5,1.36,0.88,1.05,1.05,0.6,0.1,0.0,2,1,1,3,0,3,0,1,0,22,1
808,5581,3,CAR,1,1,1,1.28,0.57,1.0,0.71,0.78,0.48,0.3,0.1,0.0,2,1,1,3,0,3,1,2,0,2,1
808,5582,2,SM,1,1,1,1.28,0.53,1.3,0.71,0.92,0.78,1.2,0.1,0.0,2,1,1,3,0,3,1,2,0,2,1
808,5583,2,SM,1,1,1,1.28,0.5,1.3,0.64,0.84,0.6,0.3,0.2,0.0,2,1,1,3,0,3,1,2,0,2,1
808,5584,3,CAR,1,1,1,0.98,0.5,0.8,0.64,0.84,0.78,0.6,0.3,0.0,2,1,1,3,0,3,1,2,0,2,1
808,5585,2,SM,1,1,1,1.08,0.5,1.3,0.71,0.84,0.48,0.3,0.3,0.0,2,1,1,3,0,3,1,2,0,2,1
808,5586,3,CAR,1,1,1,1.08,0.53,0.8,0.64,0.74,0.6,0.3,0.1,0.0,2,1,1,3,0,3,1,2,0,2,1
808,5587,3,CAR,1,1,1,1.08,0.5,0.8,0.85,0.88,0.48,0.6,0.2,0.0,2,1,1,3,0,3,1,2,0,2,1
808,5588,3,CAR,1,1,1,1.28,0.53,0.8,0.85,0.92,0.78,0.3,0.3,0.0,2,1,1,3,0,3,1,2,0,2,1
808,5589,3,CAR,1,1,1,1.08,0.53,1.0,0.71,0.92,0.6,0.6,0.3,0.0,2,1,1,3,0,3,1,2,0,2,1
809,5590,2,SM,1,1,1,1.06,0.34,0.9,0.72,0.78,0.5,1.2,0.3,0.0,2,1,1,3,0,3,1,3,0,2,1
809,5591,2,SM,1,1,1,0.85,0.37,1.17,0.54,0.65,0.4,1.2,0.3,0.0,2,1,1,3,0,3,1,3,0,2,1
809,5592,3,CAR,1,1,1,1.06,0.41,0.72,0.54,0.68,0.4,1.2,0.2,0.0,2,1,1,3,0,3,1,3,0,2,1
809,5593,2,SM,1,1,1,0.92,0.41,1.17,0.54,0.68,0.65,0.6,0.1,0.0,2,1,1,3,0,3,1,3,0,2,1
809,5594,2,SM,1,1,1,0.92,0.41,0.72,0.6,0.71,0.65,1.2,0.3,0.0,2,1,1,3,0,3,1,3,0,2,1
809,5595,2,SM,1,1,1,0.85,0.41,1.17,0.6,0.71,0.5,0.6,0.2,0.0,2,1,1,3,0,3,1,3,0,2,1
809,5596,3,CAR,1,1,1,0.85,0.37,0.9,0.72,0.84,0.4,0.6,0.1,0.0,2,1,1,3,0,3,1,3,0,2,1
809,5597,2,SM,1,1,1,0.85,0.34,0.9,0.6,0.74,0.65,1.2,0.2,0.0,2,1,1,3,0,3,1,3,0,2,1
809,5598,3,CAR,1,1,1,0.92,0.41,0.9,0.72,0.94,0.65,0.3,0.2,0.0,2,1,1,3,0,3,1,3,0,2,1
810,5599,2,SM,1,1,1,1.36,0.81,1.3,0.72,0.78,0.7,1.2,0.2,0.0,2,1,1,3,0,4,1,3,0,2,22
810,5600,2,SM,1,1,1,1.25,0.78,1.3,0.72,0.76,0.91,0.3,0.1,0.0,2,1,1,3,0,4,1,3,0,2,22
810,5601,2,SM,1,1,1,1.59,0.85,1.3,0.72,0.88,0.56,0.6,0.3,0.0,2,1,1,3,0,4,1,3,0,2,22
810,5602,3,CAR,1,1,1,1.25,0.81,0.8,0.6,0.78,0.56,0.3,0.2,0.0,2,1,1,3,0,4,1,3,0,2,22
810,5603,2,SM,1,1,1,1.59,0.81,1.0,0.54,0.6,0.91,0.6,0.2,0.0,2,1,1,3,0,4,1,3,0,2,22
810,5604,2,SM,1,1,1,1.36,0.78,1.0,0.54,0.74,0.56,1.2,0.1,0.0,2,1,1,3,0,4,1,3,0,2,22
810,5605,3,CAR,1,1,1,1.25,0.85,0.8,0.72,0.88,0.7,1.2,0.1,0.0,2,1,1,3,0,4,1,3,0,2,22
810,5606,2,SM,1,1,1,1.25,0.85,1.0,0.54,0.65,0.7,0.3,0.3,0.0,2,1,1,3,0,4,1,3,0,2,22
810,5607,2,SM,1,1,1,1.59,0.78,0.8,0.6,0.71,0.7,0.6,0.1,0.0,2,1,1,3,0,4,1,3,0,2,22
811,5608,3,CAR,1,1,1,2.03,0.83,1.3,0.74,1.05,0.72,0.3,0.1,0.0,2,1,1,3,0,5,1,3,0,2,17
811,5609,3,CAR,1,1,1,2.03,0.75,1.69,0.74,1.22,1.17,1.2,0.1,0.0,2,1,1,3,0,5,1,3,0,2,17
811,5610,3,CAR,1,1,1,2.03,0.69,1.69,0.67,1.12,0.9,0.3,0.2,0.0,2,1,1,3,0,5,1,3,0,2,17
811,5611,3,CAR,1,1,1,1.55,0.69,1.04,0.67,1.12,1.17,0.6,0.3,0.0,2,1,1,3,0,5,1,3,0,2,17
811,5612,3,CAR,1,1,1,1.71,0.69,1.69,0.74,1.09,0.72,0.3,0.3,0.0,2,1,1,3,0,5,1,3,0,2,17
811,5613,3,CAR,1,1,1,1.71,0.75,1.04,0.67,0.92,0.9,0.3,0.1,0.0,2,1,1,3,0,5,1,3,0,2,17
811,5614,3,CAR,1,1,1,1.71,0.69,1.04,0.89,1.18,0.72,0.6,0.2,0.0,2,1,1,3,0,5,1,3,0,2,17
811,5615,3,CAR,1,1,1,2.03,0.75,1.04,0.89,1.22,1.17,0.3,0.3,0.0,2,1,1,3,0,5,1,3,0,2,17
811,5616,3,CAR,1,1,1,1.71,0.75,1.3,0.74,1.22,0.9,0.6,0.3,0.0,2,1,1,3,0,5,1,3,0,2,17
812,5617,2,SM,1,1,1,1.64,0.56,2.21,1.06,1.18,1.05,1.2,0.2,0.0,2,1,1,3,1,2,1,2,0,1,22
812,5618,2,SM,1,1,1,1.5,0.5,2.21,1.06,1.12,1.36,0.3,0.1,0.0,2,1,1,3,1,2,1,2,0,1,22
812,5619,3,CAR,1,1,1,1.93,0.64,2.21,1.06,1.4,0.84,0.6,0.3,0.0,2,1,1,3,1,2,1,2,0,1,22
812,5620,3,CAR,1,1,1,1.5,0.56,1.36,0.88,1.22,0.84,0.3,0.2,0.0,2,1,1,3,1,2,1,2,0,1,22
812,5621,2,SM,1,1,1,1.93,0.56,1.7,0.79,0.9,1.36,0.6,0.2,0.0,2,1,1,3,1,2,1,2,0,1,22
812,5622,3,CAR,1,1,1,1.64,0.5,1.7,0.79,1.12,0.84,1.2,0.1,0.0,2,1,1,3,1,2,1,2,0,1,22
812,5623,3,CAR,1,1,1,1.5,0.64,1.36,1.06,1.4,1.05,1.2,0.1,0.0,2,1,1,3,1,2,1,2,0,1,22
812,5624,2,SM,1,1,1,1.5,0.64,1.7,0.79,0.97,1.05,0.3,0.3,0.0,2,1,1,3,1,2,1,2,0,1,22
812,5625,2,SM,1,1,1,1.93,0.5,1.36,0.88,1.05,1.05,0.6,0.1,0.0,2,1,1,3,1,2,1,2,0,1,22
813,5626,3,CAR,1,1,1,1.53,0.79,1.1,0.74,0.81,0.44,0.3,0.1,0.0,2,1,1,3,1,2,1,2,0,2,1
813,5627,2,SM,1,1,1,1.53,0.75,1.43,0.74,0.94,0.71,1.2,0.1,0.0,2,1,1,3,1,2,1,2,0,2,1
813,5628,2,SM,1,1,1,1.53,0.72,1.43,0.67,0.88,0.55,0.3,0.2,0.0,2,1,1,3,1,2,1,2,0,2,1
813,5629,3,CAR,1,1,1,1.19,0.72,0.88,0.67,0.88,0.71,0.6,0.3,0.0,2,1,1,3,1,2,1,2,0,2,1
813,5630,2,SM,1,1,1,1.3,0.72,1.43,0.74,0.84,0.44,0.3,0.3,0.0,2,1,1,3,1,2,1,2,0,2,1
813,5631,3,CAR,1,1,1,1.3,0.75,0.88,0.67,0.76,0.55,0.3,0.1,0.0,2,1,1,3,1,2,1,2,0,2,1
813,5632,3,CAR,1,1,1,1.3,0.72,0.88,0.89,0.92,0.44,0.6,0.2,0.0,2,1,1,3,1,2,1,2,0,2,1
813,5633,3,CAR,1,1,1,1.53,0.75,0.88,0.89,0.94,0.71,0.3,0.3,0.0,2,1,1,3,1,2,1,2,0,2,1
813,5634,3,CAR,1,1,1,1.3,0.75,1.1,0.74,0.94,0.55,0.6,0.3,0.0,2,1,1,3,1,2,1,2,0,2,1
814,5635,3,CAR,1,1,1,2.28,1.27,1.5,0.9,1.05,0.76,0.3,0.1,0.0,2,1,1,3,1,2,1,2,0,17,10
814,5636,2,SM,1,1,1,2.28,1.19,1.95,0.9,1.27,1.23,1.2,0.1,0.0,2,1,1,3,1,2,1,2,0,17,10
814,5637,2,SM,1,1,1,2.28,1.13,1.95,0.81,1.18,0.95,0.3,0.2,0.0,2,1,1,3,1,2,1,2,0,17,10
814,5638,3,CAR,1,1,1,1.76,1.13,1.2,0.81,1.18,1.23,0.6,0.3,0.0,2,1,1,3,1,2,1,2,0,17,10
814,5639,2,SM,1,1,1,1.93,1.13,1.95,0.9,1.09,0.76,0.3,0.3,0.0,2,1,1,3,1,2,1,2,0,17,10
814,5640,3,CAR,1,1,1,1.93,1.19,1.2,0.81,0.97,0.95,0.3,0.1,0.0,2,1,1,3,1,2,1,2,0,17,10
814,5641,3,CAR,1,1,1,1.93,1.13,1.2,1.08,1.18,0.76,0.6,0.2,0.0,2,1,1,3,1,2,1,2,0,17,10
814,5642,3,CAR,1,1,1,2.28,1.19,1.2,1.08,1.27,1.23,0.3,0.3,0.0,2,1,1,3,1,2,1,2,0,17,10
814,5643,3,CAR,1,1,1,1.93,1.19,1.5,0.9,1.27,0.95,0.6,0.3,0.0,2,1,1,3,1,2,1,2,0,17,10
815,5644,2,SM,1,1,1,1.49,0.94,1.43,0.91,0.97,0.5,1.2,0.2,0.0,2,1,1,3,1,3,0,1,0,2,1
815,5645,2,SM,1,1,1,1.34,0.91,1.43,0.91,0.94,0.65,0.3,0.1,0.0,2,1,1,3,1,3,0,1,0,2,1
815,5646,3,CAR,1,1,1,1.79,0.98,1.43,0.91,1.09,0.4,0.6,0.3,0.0,2,1,1,3,1,3,0,1,0,2,1
815,5647,3,CAR,1,1,1,1.34,0.94,0.88,0.76,0.97,0.4,0.3,0.2,0.0,2,1,1,3,1,3,0,1,0,2,1
815,5648,3,CAR,1,1,1,1.79,0.94,1.1,0.68,0.78,0.65,0.6,0.2,0.0,2,1,1,3,1,3,0,1,0,2,1
815,5649,3,CAR,1,1,1,1.49,0.91,1.1,0.68,0.9,0.4,1.2,0.1,0.0,2,1,1,3,1,3,0,1,0,2,1
815,5650,3,CAR,1,1,1,1.34,0.98,0.88,0.91,1.09,0.5,1.2,0.1,0.0,2,1,1,3,1,3,0,1,0,2,1
815,5651,3,CAR,1,1,1,1.34,0.98,1.1,0.68,0.81,0.5,0.3,0.3,0.0,2,1,1,3,1,3,0,1,0,2,1
815,5652,3,CAR,1,1,1,1.79,0.91,0.88,0.76,0.84,0.5,0.6,0.1,0.0,2,1,1,3,1,3,0,1,0,2,1
816,5653,3,CAR,1,1,1,1.66,0.86,1.0,0.85,0.88,0.65,1.2,0.3,0.0,2,1,1,3,1,3,1,2,0,2,1
816,5654,2,SM,1,1,1,1.24,0.89,1.3,0.64,0.74,0.52,1.2,0.3,0.0,2,1,1,3,1,3,1,2,0,2,1
816,5655,3,CAR,1,1,1,1.66,0.93,0.8,0.64,0.76,0.52,1.2,0.2,0.0,2,1,1,3,1,3,1,2,0,2,1
816,5656,2,SM,1,1,1,1.38,0.93,1.3,0.64,0.76,0.84,0.6,0.1,0.0,2,1,1,3,1,3,1,2,0,2,1
816,5657,2,SM,1,1,1,1.38,0.93,0.8,0.71,0.78,0.84,1.2,0.3,0.0,2,1,1,3,1,3,1,2,0,2,1
816,5658,2,SM,1,1,1,1.24,0.93,1.3,0.71,0.78,0.65,0.6,0.2,0.0,2,1,1,3,1,3,1,2,0,2,1
816,5659,3,CAR,1,1,1,1.24,0.89,1.0,0.85,0.92,0.52,0.6,0.1,0.0,2,1,1,3,1,3,1,2,0,2,1
816,5660,2,SM,1,1,1,1.24,0.86,1.0,0.71,0.81,0.84,1.2,0.2,0.0,2,1,1,3,1,3,1,2,0,2,1
816,5661,3,CAR,1,1,1,1.38,0.93,1.0,0.85,1.05,0.84,0.3,0.2,0.0,2,1,1,3,1,3,1,2,0,2,1
817,5662,2,SM,1,1,1,2.7,1.13,1.9,1.19,1.27,1.4,1.2,0.3,0.0,2,1,1,3,1,3,1,2,0,22,1
817,5663,2,SM,1,1,1,2.05,1.19,2.47,0.89,1.05,1.12,1.2,0.3,0.0,2,1,1,3,1,3,1,2,0,22,1
817,5664,3,CAR,1,1,1,2.7,1.27,1.52,0.89,1.09,1.12,1.2,0.2,0.0,2,1,1,3,1,3,1,2,0,22,1
817,5665,2,SM,1,1,1,2.27,1.27,2.47,0.89,1.09,1.82,0.6,0.1,0.0,2,1,1,3,1,3,1,2,0,22,1
817,5666,2,SM,1,1,1,2.27,1.27,1.52,0.99,1.12,1.82,1.2,0.3,0.0,2,1,1,3,1,3,1,2,0,22,1
817,5667,2,SM,1,1,1,2.05,1.27,2.47,0.99,1.12,1.4,0.6,0.2,0.0,2,1,1,3,1,3,1,2,0,22,1
817,5668,2,SM,1,1,1,2.05,1.19,1.9,1.19,1.37,1.12,0.6,0.1,0.0,2,1,1,3,1,3,1,2,0,22,1
817,5669,2,SM,1,1,1,2.05,1.13,1.9,0.99,1.18,1.82,1.2,0.2,0.0,2,1,1,3,1,3,1,2,0,22,1
817,5670,2,SM,1,1,1,2.27,1.27,1.9,1.19,1.55,1.82,0.3,0.2,0.0,2,1,1,3,1,3,1,2,0,22,1
818,5671,2,SM,1,1,1,2.24,0.74,1.7,1.13,1.22,1.15,1.2,0.3,0.0,2,1,1,3,1,3,1,2,0,22,1
818,5672,2,SM,1,1,1,1.7,0.8,2.21,0.85,0.97,0.92,1.2,0.3,0.0,2,1,1,3,1,3,1,2,0,22,1
818,5673,3,CAR,1,1,1,2.24,0.88,1.36,0.85,1.05,0.92,1.2,0.2,0.0,2,1,1,3,1,3,1,2,0,22,1
818,5674,2,SM,1,1,1,1.88,0.88,2.21,0.85,1.05,1.49,0.6,0.1,0.0,2,1,1,3,1,3,1,2,0,22,1
818,5675,2,SM,1,1,1,1.88,0.88,1.36,0.94,1.05,1.49,1.2,0.3,0.0,2,1,1,3,1,3,1,2,0,22,1
818,5676,2,SM,1,1,1,1.7,0.88,2.21,0.94,1.05,1.15,0.6,0.2,0.0,2,1,1,3,1,3,1,2,0,22,1
818,5677,2,SM,1,1,1,1.7,0.8,1.7,1.13,1.27,0.92,0.6,0.1,0.0,2,1,1,3,1,3,1,2,0,22,1
818,5678,2,SM,1,1,1,1.7,0.74,1.7,0.94,1.12,1.49,1.2,0.2,0.0,2,1,1,3,1,3,1,2,0,22,1
818,5679,2,SM,1,1,1,1.88,0.88,1.7,1.13,1.46,1.49,0.3,0.2,0.0,2,1,1,3,1,3,1,2,0,22,1
819,5680,2,SM,1,1,1,1.06,0.34,0.9,0.72,0.78,0.7,1.2,0.3,0.0,2,1,1,3,1,3,1,3,0,1,2
819,5681,2,SM,1,1,1,0.85,0.37,1.17,0.54,0.65,0.56,1.2,0.3,0.0,2,1,1,3,1,3,1,3,0,1,2
819,5682,2,SM,1,1,1,1.06,0.41,0.72,0.54,0.68,0.56,1.2,0.2,0.0,2,1,1,3,1,3,1,3,0,1,2
819,5683,2,SM,1,1,1,0.92,0.41,1.17,0.54,0.68,0.91,0.6,0.1,0.0,2,1,1,3,1,3,1,3,0,1,2
819,5684,2,SM,1,1,1,0.92,0.41,0.72,0.6,0.71,0.91,1.2,0.3,0.0,2,1,1,3,1,3,1,3,0,1,2
819,5685,2,SM,1,1,1,0.85,0.41,1.17,0.6,0.71,0.7,0.6,0.2,0.0,2,1,1,3,1,3,1,3,0,1,2
819,5686,2,SM,1,1,1,0.85,0.37,0.9,0.72,0.84,0.56,0.6,0.1,0.0,2,1,1,3,1,3,1,3,0,1,2
819,5687,2,SM,1,1,1,0.85,0.34,0.9,0.6,0.74,0.91,1.2,0.2,0.0,2,1,1,3,1,3,1,3,0,1,2
819,5688,2,SM,1,1,1,0.92,0.41,0.9,0.72,0.94,0.91,0.3,0.2,0.0,2,1,1,3,1,3,1,3,0,1,2
820,5689,3,CAR,1,1,1,1.14,0.46,0.9,0.65,0.71,0.6,0.3,0.1,0.0,2,1,1,3,1,3,1,3,0,2,1
820,5690,2,SM,1,1,1,1.14,0.42,1.17,0.65,0.84,0.97,1.2,0.1,0.0,2,1,1,3,1,3,1,3,0,2,1
820,5691,2,SM,1,1,1,1.14,0.39,1.17,0.58,0.81,0.75,0.3,0.2,0.0,2,1,1,3,1,3,1,3,0,2,1
820,5692,3,CAR,1,1,1,0.88,0.39,0.72,0.58,0.81,0.97,0.6,0.3,0.0,2,1,1,3,1,3,1,3,0,2,1
820,5693,2,SM,1,1,1,0.97,0.39,1.17,0.65,0.76,0.6,0.3,0.3,0.0,2,1,1,3,1,3,1,3,0,2,1
820,5694,2,SM,1,1,1,0.97,0.42,0.72,0.58,0.68,0.75,0.3,0.1,0.0,2,1,1,3,1,3,1,3,0,2,1
820,5695,3,CAR,1,1,1,0.97,0.39,0.72,0.78,0.81,0.6,0.6,0.2,0.0,2,1,1,3,1,3,1,3,0,2,1
820,5696,2,SM,1,1,1,1.14,0.42,0.72,0.78,0.84,0.97,0.3,0.3,0.0,2,1,1,3,1,3,1,3,0,2,1
820,5697,2,SM,1,1,1,0.97,0.42,0.9,0.65,0.84,0.75,0.6,0.3,0.0,2,1,1,3,1,3,1,3,0,2,1
821,5698,2,SM,1,1,1,1.0,0.45,1.56,0.78,0.88,0.6,1.2,0.2,0.0,2,1,1,3,1,3,1,3,0,2,1
821,5699,2,SM,1,1,1,0.9,0.42,1.56,0.78,0.84,0.78,0.3,0.1,0.0,2,1,1,3,1,3,1,3,0,2,1
821,5700,3,CAR,1,1,1,1.2,0.49,1.56,0.78,0.99,0.48,0.6,0.3,0.0,2,1,1,3,1,3,1,3,0,2,1
821,5701,2,SM,1,1,1,0.9,0.45,0.96,0.65,0.88,0.48,0.3,0.2,0.0,2,1,1,3,1,3,1,3,0,2,1
821,5702,2,SM,1,1,1,1.2,0.45,1.2,0.58,0.68,0.78,0.6,0.2,0.0,2,1,1,3,1,3,1,3,0,2,1
821,5703,2,SM,1,1,1,1.0,0.42,1.2,0.58,0.81,0.48,1.2,0.1,0.0,2,1,1,3,1,3,1,3,0,2,1
821,5704,2,SM,1,1,1,0.9,0.49,0.96,0.78,0.99,0.6,1.2,0.1,0.0,2,1,1,3,1,3,1,3,0,2,1
821,5705,3,CAR,1,1,1,0.9,0.49,1.2,0.58,0.71,0.6,0.3,0.3,0.0,2,1,1,3,1,3,1,3,0,2,1
821,5706,2,SM,1,1,1,1.2,0.42,0.96,0.65,0.76,0.6,0.6,0.1,0.0,2,1,1,3,1,3,1,3,0,2,1
822,5707,3,CAR,1,1,1,1.18,0.7,1.0,0.56,0.78,0.48,0.3,0.1,0.0,2,1,1,3,1,3,1,3,0,2,1
822,5708,3,CAR,1,1,1,1.18,0.66,1.3,0.56,0.92,0.78,1.2,0.1,0.0,2,1,1,3,1,3,1,3,0,2,1
822,5709,3,CAR,1,1,1,1.18,0.63,1.3,0.5,0.84,0.6,0.3,0.2,0.0,2,1,1,3,1,3,1,3,0,2,1
822,5710,3,CAR,1,1,1,0.91,0.63,0.8,0.5,0.84,0.78,0.6,0.3,0.0,2,1,1,3,1,3,1,3,0,2,1
822,5711,3,CAR,1,1,1,1.0,0.63,1.3,0.56,0.84,0.48,0.3,0.3,0.0,2,1,1,3,1,3,1,3,0,2,1
822,5712,3,CAR,1,1,1,1.0,0.66,0.8,0.5,0.74,0.6,0.3,0.1,0.0,2,1,1,3,1,3,1,3,0,2,1
822,5713,3,CAR,1,1,1,1.0,0.63,0.8,0.67,0.88,0.48,0.6,0.2,0.0,2,1,1,3,1,3,1,3,0,2,1
822,5714,3,CAR,1,1,1,1.18,0.66,0.8,0.67,0.92,0.78,0.3,0.3,0.0,2,1,1,3,1,3,1,3,0,2,1
822,5715,3,CAR,1,1,1,1.0,0.66,1.0,0.56,0.92,0.6,0.6,0.3,0.0,2,1,1,3,1,3,1,3,0,2,1
823,5716,2,SM,1,1,1,2.92,0.92,2.6,1.09,1.22,1.32,0.3,0.1,0.0,2,1,1,3,1,3,1,3,0,17,22
823,5717,2,SM,1,1,1,2.92,0.8,3.38,1.09,1.55,2.14,1.2,0.1,0.0,2,1,1,3,1,3,1,3,0,17,22
823,5718,2,SM,1,1,1,2.92,0.71,3.38,0.98,1.4,1.65,0.3,0.2,0.0,2,1,1,3,1,3,1,3,0,17,22
823,5719,3,CAR,1,1,1,2.24,0.71,2.08,0.98,1.4,2.14,0.6,0.3,0.0,2,1,1,3,1,3,1,3,0,17,22
823,5720,2,SM,1,1,1,2.47,0.71,3.38,1.09,1.33,1.32,0.3,0.3,0.0,2,1,1,3,1,3,1,3,0,17,22
823,5721,2,SM,1,1,1,2.47,0.8,2.08,0.98,1.12,1.65,0.3,0.1,0.0,2,1,1,3,1,3,1,3,0,17,22
823,5722,3,CAR,1,1,1,2.47,0.71,2.08,1.31,1.4,1.32,0.6,0.2,0.0,2,1,1,3,1,3,1,3,0,17,22
823,5723,2,SM,1,1,1,2.92,0.8,2.08,1.31,1.5,2.14,0.3,0.3,0.0,2,1,1,3,1,3,1,3,0,17,22
823,5724,2,SM,1,1,1,2.47,0.8,2.6,1.09,1.55,1.65,0.6,0.3,0.0,2,1,1,3,1,3,1,3,0,17,22
824,5725,3,CAR,1,1,1,2.47,0.8,2.6,1.31,1.5,1.4,1.2,0.2,0.0,2,1,1,3,1,3,1,3,0,17,22
824,5726,2,SM,1,1,1,2.24,0.71,2.6,1.31,1.4,1.82,0.3,0.1,0.0,2,1,1,3,1,3,1,3,0,17,22
824,5727,3,CAR,1,1,1,2.92,0.92,2.6,1.31,1.78,1.12,0.6,0.3,0.0,2,1,1,3,1,3,1,3,0,17,22
824,5728,3,CAR,1,1,1,2.24,0.8,1.6,1.09,1.55,1.12,0.3,0.2,0.0,2,1,1,3,1,3,1,3,0,17,22
824,5729,2,SM,1,1,1,2.92,0.8,2.0,0.98,1.12,1.82,0.6,0.2,0.0,2,1,1,3,1,3,1,3,0,17,22
824,5730,2,SM,1,1,1,2.47,0.71,2.0,0.98,1.4,1.12,1.2,0.1,0.0,2,1,1,3,1,3,1,3,0,17,22
824,5731,3,CAR,1,1,1,2.24,0.92,1.6,1.31,1.78,1.4,1.2,0.1,0.0,2,1,1,3,1,3,1,3,0,17,22
824,5732,1,TRAIN,1,1,1,2.24,0.92,2.0,0.98,1.22,1.4,0.3,0.3,0.0,2,1,1,3,1,3,1,3,0,17,22
824,5733,2,SM,1,1,1,2.92,0.71,1.6,1.09,1.33,1.4,0.6,0.1,0.0,2,1,1,3,1,3,1,3,0,17,22
825,5734,2,SM,1,1,1,2.1,0.63,1.7,1.06,1.12,1.1,1.2,0.3,0.0,2,1,1,3,1,3,1,3,0,22,1
825,5735,2,SM,1,1,1,1.6,0.69,2.21,0.79,0.92,0.88,1.2,0.3,0.0,2,1,1,3,1,3,1,3,0,22,1
825,5736,3,CAR,1,1,1,2.1,0.77,1.36,0.79,0.97,0.88,1.2,0.2,0.0,2,1,1,3,1,3,1,3,0,22,1
825,5737,2,SM,1,1,1,1.77,0.77,2.21,0.79,0.97,1.43,0.6,0.1,0.0,2,1,1,3,1,3,1,3,0,22,1
825,5738,3,CAR,1,1,1,1.77,0.77,1.36,0.88,0.99,1.43,1.2,0.3,0.0,2,1,1,3,1,3,1,3,0,22,1
825,5739,2,SM,1,1,1,1.6,0.77,2.21,0.88,0.99,1.1,0.6,0.2,0.0,2,1,1,3,1,3,1,3,0,22,1
825,5740,2,SM,1,1,1,1.6,0.69,1.7,1.06,1.22,0.88,0.6,0.1,0.0,2,1,1,3,1,3,1,3,0,22,1
825,5741,2,SM,1,1,1,1.6,0.63,1.7,0.88,1.05,1.43,1.2,0.2,0.0,2,1,1,3,1,3,1,3,0,22,1
825,5742,2,SM,1,1,1,1.77,0.77,1.7,1.06,1.4,1.43,0.3,0.2,0.0,2,1,1,3,1,3,1,3,0,22,1
826,5743,2,SM,1,1,1,1.93,1.17,2.47,1.08,1.18,1.25,1.2,0.2,0.0,2,1,1,3,1,3,1,3,0,25,12
826,5744,2,SM,1,1,1,1.75,1.12,2.47,1.08,1.12,1.62,0.3,0.1,0.0,2,1,1,3,1,3,1,3,0,25,12
826,5745,2,SM,1,1,1,2.3,1.23,2.47,1.08,1.33,1.0,0.6,0.3,0.0,2,1,1,3,1,3,1,3,0,25,12
826,5746,3,CAR,1,1,1,1.75,1.17,1.52,0.9,1.12,1.0,0.3,0.2,0.0,2,1,1,3,1,3,1,3,0,25,12
826,5747,2,SM,1,1,1,2.3,1.17,1.9,0.81,0.92,1.62,0.6,0.2,0.0,2,1,1,3,1,3,1,3,0,25,12
826,5748,2,SM,1,1,1,1.93,1.12,1.9,0.81,1.05,1.0,1.2,0.1,0.0,2,1,1,3,1,3,1,3,0,25,12
826,5749,3,CAR,1,1,1,1.75,1.23,1.52,1.08,1.33,1.25,1.2,0.1,0.0,2,1,1,3,1,3,1,3,0,25,12
826,5750,2,SM,1,1,1,1.75,1.23,1.9,0.81,0.94,1.25,0.3,0.3,0.0,2,1,1,3,1,3,1,3,0,25,12
826,5751,3,CAR,1,1,1,2.3,1.12,1.52,0.9,1.05,1.25,0.6,0.1,0.0,2,1,1,3,1,3,1,3,0,25,12
827,5752,3,CAR,1,1,1,1.41,0.68,1.2,0.65,0.74,0.56,0.3,0.1,0.0,2,1,1,3,1,4,1,3,0,2,1
827,5753,2,SM,1,1,1,1.41,0.64,1.56,0.65,0.88,0.91,1.2,0.1,0.0,2,1,1,3,1,4,1,3,0,2,1
827,5754,2,SM,1,1,1,1.41,0.61,1.56,0.58,0.81,0.7,0.3,0.2,0.0,2,1,1,3,1,4,1,3,0,2,1
827,5755,3,CAR,1,1,1,1.08,0.61,0.96,0.58,0.81,0.91,0.6,0.3,0.0,2,1,1,3,1,4,1,3,0,2,1
827,5756,2,SM,1,1,1,1.19,0.61,1.56,0.65,0.76,0.56,0.3,0.3,0.0,2,1,1,3,1,4,1,3,0,2,1
827,5757,3,CAR,1,1,1,1.19,0.64,0.96,0.58,0.68,0.7,0.3,0.1,0.0,2,1,1,3,1,4,1,3,0,2,1
827,5758,3,CAR,1,1,1,1.19,0.61,0.96,0.78,0.84,0.56,0.6,0.2,0.0,2,1,1,3,1,4,1,3,0,2,1
827,5759,2,SM,1,1,1,1.41,0.64,0.96,0.78,0.88,0.91,0.3,0.3,0.0,2,1,1,3,1,4,1,3,0,2,1
827,5760,3,CAR,1,1,1,1.19,0.64,1.2,0.65,0.88,0.7,0.6,0.3,0.0,2,1,1,3,1,4,1,3,0,2,1
828,5761,2,SM,1,1,1,2.0,1.16,1.5,0.76,0.81,0.84,0.3,0.1,0.0,2,1,1,3,1,4,1,3,0,22,19
828,5762,2,SM,1,1,1,2.0,1.12,1.95,0.76,0.9,1.36,1.2,0.1,0.0,2,1,1,3,1,4,1,3,0,22,19
828,5763,2,SM,1,1,1,2.0,1.09,1.95,0.68,0.84,1.05,0.3,0.2,0.0,2,1,1,3,1,4,1,3,0,22,19
828,5764,3,CAR,1,1,1,1.5,1.09,1.2,0.68,0.84,1.36,0.6,0.3,0.0,2,1,1,3,1,4,1,3,0,22,19
828,5765,2,SM,1,1,1,1.67,1.09,1.95,0.76,0.84,0.84,0.3,0.3,0.0,2,1,1,3,1,4,1,3,0,22,19
828,5766,3,CAR,1,1,1,1.67,1.12,1.2,0.68,0.76,1.05,0.3,0.1,0.0,2,1,1,3,1,4,1,3,0,22,19
828,5767,3,CAR,1,1,1,1.67,1.09,1.2,0.91,0.92,0.84,0.6,0.2,0.0,2,1,1,3,1,4,1,3,0,22,19
828,5768,3,CAR,1,1,1,2.0,1.12,1.2,0.91,0.94,1.36,0.3,0.3,0.0,2,1,1,3,1,4,1,3,0,22,19
828,5769,2,SM,1,1,1,1.67,1.12,1.5,0.76,0.9,1.05,0.6,0.3,0.0,2,1,1,3,1,4,1,3,0,22,19
829,5770,2,SM,1,1,1,3.35,1.06,2.8,1.34,1.5,2.2,1.2,0.3,0.0,2,1,1,3,1,3,1,3,0,17,22
829,5771,2,SM,1,1,1,2.54,1.15,3.64,1.01,1.18,1.76,1.2,0.3,0.0,2,1,1,3,1,3,1,3,0,17,22
829,5772,3,CAR,1,1,1,3.35,1.27,2.24,1.01,1.27,1.76,1.2,0.2,0.0,2,1,1,3,1,3,1,3,0,17,22
829,5773,2,SM,1,1,1,2.81,1.27,3.64,1.01,1.27,2.86,0.6,0.1,0.0,2,1,1,3,1,3,1,3,0,17,22
829,5774,3,CAR,1,1,1,2.81,1.27,2.24,1.12,1.33,2.86,1.2,0.3,0.0,2,1,1,3,1,3,1,3,0,17,22
829,5775,2,SM,1,1,1,2.54,1.27,3.64,1.12,1.33,2.2,0.6,0.2,0.0,2,1,1,3,1,3,1,3,0,17,22
829,5776,2,SM,1,1,1,2.54,1.15,2.8,1.34,1.61,1.76,0.6,0.1,0.0,2,1,1,3,1,3,1,3,0,17,22
829,5777,2,SM,1,1,1,2.54,1.06,2.8,1.12,1.37,2.86,1.2,0.2,0.0,2,1,1,3,1,3,1,3,0,17,22
829,5778,2,SM,1,1,1,2.81,1.27,2.8,1.34,1.87,2.86,0.3,0.2,0.0,2,1,1,3,1,3,1,3,0,17,22
830,5779,2,SM,1,1,1,3.24,1.03,2.7,1.46,1.68,1.6,1.2,0.3,0.0,2,1,1,3,1,3,1,3,0,25,17
830,5780,2,SM,1,1,1,2.46,1.14,3.51,1.1,1.37,1.28,1.2,0.3,0.0,2,1,1,3,1,3,1,3,0,25,17
830,5781,2,SM,1,1,1,3.24,1.28,2.16,1.1,1.4,1.28,1.2,0.2,0.0,2,1,1,3,1,3,1,3,0,25,17
830,5782,2,SM,1,1,1,2.72,1.28,3.51,1.1,1.4,2.08,0.6,0.1,0.0,2,1,1,3,1,3,1,3,0,25,17
830,5783,2,SM,1,1,1,2.72,1.28,2.16,1.22,1.46,2.08,1.2,0.3,0.0,2,1,1,3,1,3,1,3,0,25,17
830,5784,2,SM,1,1,1,2.46,1.28,3.51,1.22,1.46,1.6,0.6,0.2,0.0,2,1,1,3,1,3,1,3,0,25,17
830,5785,2,SM,1,1,1,2.46,1.14,2.7,1.46,1.78,1.28,0.6,0.1,0.0,2,1,1,3,1,3,1,3,0,25,17
830,5786,2,SM,1,1,1,2.46,1.03,2.7,1.22,1.55,2.08,1.2,0.2,0.0,2,1,1,3,1,3,1,3,0,25,17
830,5787,2,SM,1,1,1,2.72,1.28,2.7,1.46,2.11,2.08,0.3,0.2,0.0,2,1,1,3,1,3,1,3,0,25,17
831,5788,2,SM,1,1,1,2.09,1.01,2.34,2.33,2.66,1.2,1.2,0.2,0.0,2,1,3,0,0,2,1,1,0,22,1
831,5789,2,SM,1,1,1,1.89,0.95,2.34,2.33,2.45,1.56,0.3,0.1,0.0,2,1,3,0,0,2,1,1,0,22,1
831,5790,2,SM,1,1,1,2.49,1.09,2.34,2.33,3.01,0.96,0.6,0.3,0.0,2,1,3,0,0,2,1,1,0,22,1
831,5791,3,CAR,1,1,1,1.89,1.01,1.44,1.94,2.66,0.96,0.3,0.2,0.0,2,1,3,0,0,2,1,1,0,22,1
831,5792,2,SM,1,1,1,2.49,1.01,1.8,1.75,1.98,1.56,0.6,0.2,0.0,2,1,3,0,0,2,1,1,0,22,1
831,5793,2,SM,1,1,1,2.09,0.95,1.8,1.75,2.45,0.96,1.2,0.1,0.0,2,1,3,0,0,2,1,1,0,22,1
831,5794,3,CAR,1,1,1,1.89,1.09,1.44,2.33,3.01,1.2,1.2,0.1,0.0,2,1,3,0,0,2,1,1,0,22,1
831,5795,2,SM,1,1,1,1.89,1.09,1.8,1.75,2.1,1.2,0.3,0.3,0.0,2,1,3,0,0,2,1,1,0,22,1
831,5796,3,CAR,1,1,1,2.49,0.95,1.44,1.94,2.25,1.2,0.6,0.1,0.0,2,1,3,0,0,2,1,1,0,22,1
832,5797,2,SM,1,1,1,2.73,0.94,2.3,2.62,2.81,1.45,1.2,0.3,0.0,2,1,3,0,0,3,1,1,0,1,25
832,5798,2,SM,1,1,1,2.07,1.02,2.99,1.96,2.25,1.16,1.2,0.3,0.0,2,1,3,0,0,3,1,1,0,1,25
832,5799,3,CAR,1,1,1,2.73,1.12,1.84,1.96,2.45,1.16,1.2,0.2,0.0,2,1,3,0,0,3,1,1,0,1,25
832,5800,2,SM,1,1,1,2.29,1.12,2.99,1.96,2.45,1.88,0.6,0.1,0.0,2,1,3,0,0,3,1,1,0,1,25
832,5801,2,SM,1,1,1,2.29,1.12,1.84,2.18,2.45,1.88,1.2,0.3,0.0,2,1,3,0,0,3,1,1,0,1,25
832,5802,2,SM,1,1,1,2.07,1.12,2.99,2.18,2.45,1.45,0.6,0.2,0.0,2,1,3,0,0,3,1,1,0,1,25
832,5803,2,SM,1,1,1,2.07,1.02,2.3,2.62,3.01,1.16,0.6,0.1,0.0,2,1,3,0,0,3,1,1,0,1,25
832,5804,2,SM,1,1,1,2.07,0.94,2.3,2.18,2.66,1.88,1.2,0.2,0.0,2,1,3,0,0,3,1,1,0,1,25
832,5805,2,SM,1,1,1,2.29,1.12,2.3,2.62,3.57,1.88,0.3,0.2,0.0,2,1,3,0,0,3,1,1,0,1,25
833,5806,3,CAR,1,1,1,2.0,0.71,2.47,2.52,2.81,1.4,1.2,0.2,0.0,2,1,3,0,0,3,1,1,0,25,1
833,5807,2,SM,1,1,1,1.82,0.63,2.47,2.52,2.66,1.82,0.3,0.1,0.0,2,1,3,0,0,3,1,1,0,25,1
833,5808,3,CAR,1,1,1,2.36,0.81,2.47,2.52,3.37,1.12,0.6,0.3,0.0,2,1,3,0,0,3,1,1,0,25,1
833,5809,2,SM,1,1,1,1.82,0.71,1.52,2.1,2.93,1.12,0.3,0.2,0.0,2,1,3,0,0,3,1,1,0,25,1
833,5810,2,SM,1,1,1,2.36,0.71,1.9,1.89,2.18,1.82,0.6,0.2,0.0,2,1,3,0,0,3,1,1,0,25,1
833,5811,3,CAR,1,1,1,2.0,0.63,1.9,1.89,2.66,1.12,1.2,0.1,0.0,2,1,3,0,0,3,1,1,0,25,1
833,5812,3,CAR,1,1,1,1.82,0.81,1.52,2.52,3.37,1.4,1.2,0.1,0.0,2,1,3,0,0,3,1,1,0,25,1
833,5813,2,SM,1,1,1,1.82,0.81,1.9,1.89,2.25,1.4,0.3,0.3,0.0,2,1,3,0,0,3,1,1,0,25,1
833,5814,3,CAR,1,1,1,2.36,0.63,1.52,2.1,2.45,1.4,0.6,0.1,0.0,2,1,3,0,0,3,1,1,0,25,1
834,5815,3,CAR,1,1,1,1.48,0.72,1.0,1.3,1.47,0.52,0.3,0.1,0.0,2,1,3,0,0,4,1,1,0,2,1
834,5816,2,SM,1,1,1,1.48,0.68,1.3,1.3,1.76,0.84,1.2,0.1,0.0,2,1,3,0,0,4,1,1,0,2,1
834,5817,2,SM,1,1,1,1.48,0.65,1.3,1.17,1.67,0.65,0.3,0.2,0.0,2,1,3,0,0,4,1,1,0,2,1
834,5818,3,CAR,1,1,1,1.11,0.65,0.8,1.17,1.67,0.84,0.6,0.3,0.0,2,1,3,0,0,4,1,1,0,2,1
834,5819,2,SM,1,1,1,1.23,0.65,1.3,1.3,1.55,0.52,0.3,0.3,0.0,2,1,3,0,0,4,1,1,0,2,1
834,5820,3,CAR,1,1,1,1.23,0.68,0.8,1.17,1.36,0.65,0.3,0.1,0.0,2,1,3,0,0,4,1,1,0,2,1
834,5821,3,CAR,1,1,1,1.23,0.65,0.8,1.56,1.67,0.52,0.6,0.2,0.0,2,1,3,0,0,4,1,1,0,2,1
834,5822,3,CAR,1,1,1,1.48,0.68,0.8,1.56,1.76,0.84,0.3,0.3,0.0,2,1,3,0,0,4,1,1,0,2,1
834,5823,3,CAR,1,1,1,1.23,0.68,1.0,1.3,1.76,0.65,0.6,0.3,0.0,2,1,3,0,0,4,1,1,0,2,1
835,5824,3,CAR,1,1,1,1.85,1.09,2.08,1.94,2.1,0.95,1.2,0.2,0.0,2,1,3,0,0,4,1,1,0,2,25
835,5825,3,CAR,1,1,1,1.67,1.04,2.08,1.94,1.98,1.23,0.3,0.1,0.0,2,1,3,0,0,4,1,1,0,2,25
835,5826,3,CAR,1,1,1,2.2,1.15,2.08,1.94,2.37,0.76,0.6,0.3,0.0,2,1,3,0,0,4,1,1,0,2,25
835,5827,3,CAR,1,1,1,1.67,1.09,1.28,1.62,2.1,0.76,0.3,0.2,0.0,2,1,3,0,0,4,1,1,0,2,25
835,5828,3,CAR,1,1,1,2.2,1.09,1.6,1.46,1.67,1.23,0.6,0.2,0.0,2,1,3,0,0,4,1,1,0,2,25
835,5829,3,CAR,1,1,1,1.85,1.04,1.6,1.46,1.94,0.76,1.2,0.1,0.0,2,1,3,0,0,4,1,1,0,2,25
835,5830,3,CAR,1,1,1,1.67,1.15,1.28,1.94,2.37,0.95,1.2,0.1,0.0,2,1,3,0,0,4,1,1,0,2,25
835,5831,3,CAR,1,1,1,1.67,1.15,1.6,1.46,1.69,0.95,0.3,0.3,0.0,2,1,3,0,0,4,1,1,0,2,25
835,5832,3,CAR,1,1,1,2.2,1.04,1.28,1.62,1.84,0.95,0.6,0.1,0.0,2,1,3,0,0,4,1,1,0,2,25
836,5833,3,CAR,1,1,1,1.34,0.58,1.69,1.7,1.84,0.75,1.2,0.2,0.0,2,1,3,0,0,3,1,1,0,2,25
836,5834,3,CAR,1,1,1,1.22,0.53,1.69,1.7,1.76,0.97,0.3,0.1,0.0,2,1,3,0,0,3,1,1,0,2,25
836,5835,3,CAR,1,1,1,1.59,0.64,1.69,1.7,2.18,0.6,0.6,0.3,0.0,2,1,3,0,0,3,1,1,0,2,25
836,5836,3,CAR,1,1,1,1.22,0.58,1.04,1.42,1.84,0.6,0.3,0.2,0.0,2,1,3,0,0,3,1,1,0,2,25
836,5837,3,CAR,1,1,1,1.59,0.58,1.3,1.28,1.47,0.97,0.6,0.2,0.0,2,1,3,0,0,3,1,1,0,2,25
836,5838,3,CAR,1,1,1,1.34,0.53,1.3,1.28,1.76,0.6,1.2,0.1,0.0,2,1,3,0,0,3,1,1,0,2,25
836,5839,3,CAR,1,1,1,1.22,0.64,1.04,1.7,2.18,0.75,1.2,0.1,0.0,2,1,3,0,0,3,1,1,0,2,25
836,5840,3,CAR,1,1,1,1.22,0.64,1.3,1.28,1.53,0.75,0.3,0.3,0.0,2,1,3,0,0,3,1,1,0,2,25
836,5841,3,CAR,1,1,1,1.59,0.53,1.04,1.42,1.62,0.75,0.6,0.1,0.0,2,1,3,0,0,3,1,1,0,2,25
837,5842,2,SM,1,1,1,1.93,0.5,1.7,2.11,2.25,0.95,1.2,0.3,0.0,2,1,3,1,0,2,1,2,0,22,1
837,5843,2,SM,1,1,1,1.5,0.56,2.21,1.58,1.81,0.76,1.2,0.3,0.0,2,1,3,1,0,2,1,2,0,22,1
837,5844,3,CAR,1,1,1,1.93,0.64,1.36,1.58,1.94,0.76,1.2,0.2,0.0,2,1,3,1,0,2,1,2,0,22,1
837,5845,2,SM,1,1,1,1.64,0.64,2.21,1.58,1.94,1.23,0.6,0.1,0.0,2,1,3,1,0,2,1,2,0,22,1
837,5846,3,CAR,1,1,1,1.64,0.64,1.36,1.76,1.94,1.23,1.2,0.3,0.0,2,1,3,1,0,2,1,2,0,22,1
837,5847,2,SM,1,1,1,1.5,0.64,2.21,1.76,1.94,0.95,0.6,0.2,0.0,2,1,3,1,0,2,1,2,0,22,1
837,5848,3,CAR,1,1,1,1.5,0.56,1.7,2.11,2.37,0.76,0.6,0.1,0.0,2,1,3,1,0,2,1,2,0,22,1
837,5849,2,SM,1,1,1,1.5,0.5,1.7,1.76,2.1,1.23,1.2,0.2,0.0,2,1,3,1,0,2,1,2,0,22,1
837,5850,3,CAR,1,1,1,1.64,0.64,1.7,2.11,2.81,1.23,0.3,0.2,0.0,2,1,3,1,0,2,1,2,0,22,1
838,5851,3,CAR,1,1,1,1.93,0.64,2.0,1.76,1.94,1.04,0.3,0.1,0.0,2,1,3,1,0,4,1,3,0,22,1
838,5852,2,SM,1,1,1,1.93,0.56,2.6,1.76,2.45,1.69,1.2,0.1,0.0,2,1,3,1,0,4,1,3,0,22,1
838,5853,2,SM,1,1,1,1.93,0.5,2.6,1.58,2.25,1.3,0.3,0.2,0.0,2,1,3,1,0,4,1,3,0,22,1
838,5854,2,SM,1,1,1,1.5,0.5,1.6,1.58,2.25,1.69,0.6,0.3,0.0,2,1,3,1,0,4,1,3,0,22,1
838,5855,2,SM,1,1,1,1.64,0.5,2.6,1.76,2.1,1.04,0.3,0.3,0.0,2,1,3,1,0,4,1,3,0,22,1
838,5856,2,SM,1,1,1,1.64,0.56,1.6,1.58,1.81,1.3,0.3,0.1,0.0,2,1,3,1,0,4,1,3,0,22,1
838,5857,2,SM,1,1,1,1.64,0.5,1.6,2.11,2.25,1.04,0.6,0.2,0.0,2,1,3,1,0,4,1,3,0,22,1
838,5858,2,SM,1,1,1,1.93,0.56,1.6,2.11,2.37,1.69,0.3,0.3,0.0,2,1,3,1,0,4,1,3,0,22,1
838,5859,2,SM,1,1,1,1.64,0.56,2.0,1.76,2.45,1.3,0.6,0.3,0.0,2,1,3,1,0,4,1,3,0,22,1
839,5860,2,SM,1,1,1,2.25,0.96,1.7,1.76,1.98,0.96,0.3,0.1,0.0,2,1,3,1,0,5,1,3,0,22,1
839,5861,2,SM,1,1,1,2.25,0.88,2.21,1.76,2.45,1.56,1.2,0.1,0.0,2,1,3,1,0,5,1,3,0,22,1
839,5862,2,SM,1,1,1,2.25,0.82,2.21,1.58,2.25,1.2,0.3,0.2,0.0,2,1,3,1,0,5,1,3,0,22,1
839,5863,3,CAR,1,1,1,1.82,0.82,1.36,1.58,2.25,1.56,0.6,0.3,0.0,2,1,3,1,0,5,1,3,0,22,1
839,5864,2,SM,1,1,1,1.96,0.82,2.21,1.76,2.1,0.96,0.3,0.3,0.0,2,1,3,1,0,5,1,3,0,22,1
839,5865,3,CAR,1,1,1,1.96,0.88,1.36,1.58,1.84,1.2,0.3,0.1,0.0,2,1,3,1,0,5,1,3,0,22,1
839,5866,3,CAR,1,1,1,1.96,0.82,1.36,2.11,2.25,0.96,0.6,0.2,0.0,2,1,3,1,0,5,1,3,0,22,1
839,5867,3,CAR,1,1,1,2.25,0.88,1.36,2.11,2.45,1.56,0.3,0.3,0.0,2,1,3,1,0,5,1,3,0,22,1
839,5868,2,SM,1,1,1,1.96,0.88,1.7,1.76,2.45,1.2,0.6,0.3,0.0,2,1,3,1,0,5,1,3,0,22,1
840,5869,2,SM,1,1,1,2.36,0.63,1.9,2.52,2.66,1.5,1.2,0.3,0.0,2,1,3,1,0,3,1,2,0,25,1
840,5870,2,SM,1,1,1,1.82,0.71,2.47,1.89,2.18,1.2,1.2,0.3,0.0,2,1,3,1,0,3,1,2,0,25,1
840,5871,2,SM,1,1,1,2.36,0.81,1.52,1.89,2.25,1.2,1.2,0.2,0.0,2,1,3,1,0,3,1,2,0,25,1
840,5872,2,SM,1,1,1,2.0,0.81,2.47,1.89,2.25,1.95,0.6,0.1,0.0,2,1,3,1,0,3,1,2,0,25,1
840,5873,3,CAR,1,1,1,2.0,0.81,1.52,2.1,2.37,1.95,1.2,0.3,0.0,2,1,3,1,0,3,1,2,0,25,1
840,5874,2,SM,1,1,1,1.82,0.81,2.47,2.1,2.37,1.5,0.6,0.2,0.0,2,1,3,1,0,3,1,2,0,25,1
840,5875,3,CAR,1,1,1,1.82,0.71,1.9,2.52,2.81,1.2,0.6,0.1,0.0,2,1,3,1,0,3,1,2,0,25,1
840,5876,2,SM,1,1,1,1.82,0.63,1.9,2.1,2.45,1.95,1.2,0.2,0.0,2,1,3,1,0,3,1,2,0,25,1
840,5877,3,CAR,1,1,1,2.0,0.81,1.9,2.52,3.37,1.95,0.3,0.2,0.0,2,1,3,1,0,3,1,2,0,25,1
841,5878,2,SM,1,1,1,3.73,2.05,2.6,2.37,2.66,1.32,0.3,0.1,0.0,2,1,3,1,0,2,1,3,0,20,25
841,5879,2,SM,1,1,1,3.73,1.95,3.38,2.37,3.22,2.14,1.2,0.1,0.0,2,1,3,1,0,2,1,3,0,20,25
841,5880,2,SM,1,1,1,3.73,1.87,3.38,2.13,2.93,1.65,0.3,0.2,0.0,2,1,3,1,0,2,1,3,0,20,25
841,5881,3,CAR,1,1,1,2.99,1.87,2.08,2.13,2.93,2.14,0.6,0.3,0.0,2,1,3,1,0,2,1,3,0,20,25
841,5882,2,SM,1,1,1,3.24,1.87,3.38,2.37,2.81,1.32,0.3,0.3,0.0,2,1,3,1,0,2,1,3,0,20,25
841,5883,3,CAR,1,1,1,3.24,1.95,2.08,2.13,2.45,1.65,0.3,0.1,0.0,2,1,3,1,0,2,1,3,0,20,25
841,5884,3,CAR,1,1,1,3.24,1.87,2.08,2.84,3.01,1.32,0.6,0.2,0.0,2,1,3,1,0,2,1,3,0,20,25
841,5885,3,CAR,1,1,1,3.73,1.95,2.08,2.84,3.22,2.14,0.3,0.3,0.0,2,1,3,1,0,2,1,3,0,20,25
841,5886,3,CAR,1,1,1,3.24,1.95,2.6,2.37,3.22,1.65,0.6,0.3,0.0,2,1,3,1,0,2,1,3,0,20,25
842,5887,2,SM,1,1,1,1.46,0.55,1.2,1.36,1.53,0.64,0.3,0.1,0.0,2,1,3,1,1,2,1,2,0,25,2
842,5888,2,SM,1,1,1,1.46,0.49,1.56,1.36,1.81,1.04,1.2,0.1,0.0,2,1,3,1,1,2,1,2,0,25,2
842,5889,2,SM,1,1,1,1.46,0.44,1.56,1.22,1.69,0.8,0.3,0.2,0.0,2,1,3,1,1,2,1,2,0,25,2
842,5890,2,SM,1,1,1,1.14,0.44,0.96,1.22,1.69,1.04,0.6,0.3,0.0,2,1,3,1,1,2,1,2,0,25,2
842,5891,2,SM,1,1,1,1.25,0.44,1.56,1.36,1.55,0.64,0.3,0.3,0.0,2,1,3,1,1,2,1,2,0,25,2
842,5892,3,CAR,1,1,1,1.25,0.49,0.96,1.22,1.42,0.8,0.3,0.1,0.0,2,1,3,1,1,2,1,2,0,25,2
842,5893,3,CAR,1,1,1,1.25,0.44,0.96,1.63,1.69,0.64,0.6,0.2,0.0,2,1,3,1,1,2,1,2,0,25,2
842,5894,2,SM,1,1,1,1.46,0.49,0.96,1.63,1.81,1.04,0.3,0.3,0.0,2,1,3,1,1,2,1,2,0,25,2
842,5895,3,CAR,1,1,1,1.25,0.49,1.2,1.36,1.81,0.8,0.6,0.3,0.0,2,1,3,1,1,2,1,2,0,25,2
843,5896,3,CAR,1,1,1,2.24,0.88,2.0,1.89,2.1,1.08,0.3,0.1,0.0,2,1,3,1,1,2,1,4,0,1,22
843,5897,1,TRAIN,1,1,1,2.24,0.8,2.6,1.89,2.54,1.75,1.2,0.1,0.0,2,1,3,1,1,2,1,4,0,1,22
843,5898,3,CAR,1,1,1,2.24,0.74,2.6,1.7,2.37,1.35,0.3,0.2,0.0,2,1,3,1,1,2,1,4,0,1,22
843,5899,1,TRAIN,1,1,1,1.7,0.74,1.6,1.7,2.37,1.75,0.6,0.3,0.0,2,1,3,1,1,2,1,4,0,1,22
843,5900,1,TRAIN,1,1,1,1.88,0.74,2.6,1.89,2.25,1.08,0.3,0.3,0.0,2,1,3,1,1,2,1,4,0,1,22
843,5901,2,SM,1,1,1,1.88,0.8,1.6,1.7,1.94,1.35,0.3,0.1,0.0,2,1,3,1,1,2,1,4,0,1,22
843,5902,3,CAR,1,1,1,1.88,0.74,1.6,2.27,2.45,1.08,0.6,0.2,0.0,2,1,3,1,1,2,1,4,0,1,22
843,5903,3,CAR,1,1,1,2.24,0.8,1.6,2.27,2.54,1.75,0.3,0.3,0.0,2,1,3,1,1,2,1,4,0,1,22
843,5904,1,TRAIN,1,1,1,1.88,0.8,2.0,1.89,2.54,1.35,0.6,0.3,0.0,2,1,3,1,1,2,1,4,0,1,22
844,5905,2,SM,1,1,1,2.43,1.67,2.6,2.21,2.37,1.25,1.2,0.2,0.0,2,1,3,1,1,3,1,3,0,9,25
844,5906,2,SM,1,1,1,2.23,1.62,2.6,2.21,2.25,1.62,0.3,0.1,0.0,2,1,3,1,1,3,1,3,0,9,25
844,5907,2,SM,1,1,1,2.83,1.73,2.6,2.21,2.66,1.0,0.6,0.3,0.0,2,1,3,1,1,3,1,3,0,9,25
844,5908,2,SM,1,1,1,2.23,1.67,1.6,1.84,2.37,1.0,0.3,0.2,0.0,2,1,3,1,1,3,1,3,0,9,25
844,5909,2,SM,1,1,1,2.83,1.67,2.0,1.66,1.84,1.62,0.6,0.2,0.0,2,1,3,1,1,3,1,3,0,9,25
844,5910,2,SM,1,1,1,2.43,1.62,2.0,1.66,2.18,1.0,1.2,0.1,0.0,2,1,3,1,1,3,1,3,0,9,25
844,5911,2,SM,1,1,1,2.23,1.73,1.6,2.21,2.66,1.25,1.2,0.1,0.0,2,1,3,1,1,3,1,3,0,9,25
844,5912,2,SM,1,1,1,2.23,1.73,2.0,1.66,1.94,1.25,0.3,0.3,0.0,2,1,3,1,1,3,1,3,0,9,25
844,5913,2,SM,1,1,1,2.83,1.62,1.6,1.84,2.1,1.25,0.6,0.1,0.0,2,1,3,1,1,3,1,3,0,9,25
845,5914,3,CAR,1,1,1,2.15,1.3,1.5,1.81,1.94,0.8,0.3,0.1,0.0,2,1,3,1,1,3,1,3,0,18,2
845,5915,2,SM,1,1,1,2.15,1.26,1.95,1.81,2.18,1.3,1.2,0.1,0.0,2,1,3,1,1,3,1,3,0,18,2
845,5916,3,CAR,1,1,1,2.15,1.23,1.95,1.63,2.1,1.0,0.3,0.2,0.0,2,1,3,1,1,3,1,3,0,18,2
845,5917,2,SM,1,1,1,1.64,1.23,1.2,1.63,2.1,1.3,0.6,0.3,0.0,2,1,3,1,1,3,1,3,0,18,2
845,5918,2,SM,1,1,1,1.81,1.23,1.95,1.81,1.98,0.8,0.3,0.3,0.0,2,1,3,1,1,3,1,3,0,18,2
845,5919,2,SM,1,1,1,1.81,1.26,1.2,1.63,1.81,1.0,0.3,0.1,0.0,2,1,3,1,1,3,1,3,0,18,2
845,5920,3,CAR,1,1,1,1.81,1.23,1.2,2.17,2.18,0.8,0.6,0.2,0.0,2,1,3,1,1,3,1,3,0,18,2
845,5921,3,CAR,1,1,1,2.15,1.26,1.2,2.17,2.25,1.3,0.3,0.3,0.0,2,1,3,1,1,3,1,3,0,18,2
845,5922,3,CAR,1,1,1,1.81,1.26,1.5,1.81,2.18,1.0,0.6,0.3,0.0,2,1,3,1,1,3,1,3,0,18,2
846,5923,2,SM,1,1,1,1.62,1.13,1.82,1.94,2.1,0.85,1.2,0.2,0.0,2,1,3,1,1,2,1,2,0,1,22
846,5924,2,SM,1,1,1,1.5,1.1,1.82,1.94,1.98,1.1,0.3,0.1,0.0,2,1,3,1,1,2,1,2,0,1,22
846,5925,3,CAR,1,1,1,1.86,1.17,1.82,1.94,2.25,0.68,0.6,0.3,0.0,2,1,3,1,1,2,1,2,0,1,22
846,5926,3,CAR,1,1,1,1.5,1.13,1.12,1.62,1.98,0.68,0.3,0.2,0.0,2,1,3,1,1,2,1,2,0,1,22
846,5927,3,CAR,1,1,1,1.86,1.13,1.4,1.46,1.62,1.1,0.6,0.2,0.0,2,1,3,1,1,2,1,2,0,1,22
846,5928,3,CAR,1,1,1,1.62,1.1,1.4,1.46,1.84,0.68,1.2,0.1,0.0,2,1,3,1,1,2,1,2,0,1,22
846,5929,3,CAR,1,1,1,1.5,1.17,1.12,1.94,2.25,0.85,1.2,0.1,0.0,2,1,3,1,1,2,1,2,0,1,22
846,5930,2,SM,1,1,1,1.5,1.17,1.4,1.46,1.69,0.85,0.3,0.3,0.0,2,1,3,1,1,2,1,2,0,1,22
846,5931,3,CAR,1,1,1,1.86,1.1,1.12,1.62,1.81,0.85,0.6,0.1,0.0,2,1,3,1,1,2,1,2,0,1,22
847,5932,3,CAR,1,1,1,2.36,0.63,2.1,2.52,2.66,1.2,1.2,0.3,0.0,2,1,3,1,1,3,1,1,0,25,1
847,5933,2,SM,1,1,1,1.82,0.71,2.73,1.89,2.18,0.96,1.2,0.3,0.0,2,1,3,1,1,3,1,1,0,25,1
847,5934,3,CAR,1,1,1,2.36,0.81,1.68,1.89,2.25,0.96,1.2,0.2,0.0,2,1,3,1,1,3,1,1,0,25,1
847,5935,2,SM,1,1,1,2.0,0.81,2.73,1.89,2.25,1.56,0.6,0.1,0.0,2,1,3,1,1,3,1,1,0,25,1
847,5936,3,CAR,1,1,1,2.0,0.81,1.68,2.1,2.37,1.56,1.2,0.3,0.0,2,1,3,1,1,3,1,1,0,25,1
847,5937,2,SM,1,1,1,1.82,0.81,2.73,2.1,2.37,1.2,0.6,0.2,0.0,2,1,3,1,1,3,1,1,0,25,1
847,5938,3,CAR,1,1,1,1.82,0.71,2.1,2.52,2.81,0.96,0.6,0.1,0.0,2,1,3,1,1,3,1,1,0,25,1
847,5939,3,CAR,1,1,1,1.82,0.63,2.1,2.1,2.45,1.56,1.2,0.2,0.0,2,1,3,1,1,3,1,1,0,25,1
847,5940,3,CAR,1,1,1,2.0,0.81,2.1,2.52,3.37,1.56,0.3,0.2,0.0,2,1,3,1,1,3,1,1,0,25,1
848,5941,2,SM,1,1,1,1.95,0.87,1.95,2.21,2.45,0.8,1.2,0.2,0.0,2,1,3,2,0,2,1,2,0,1,22
848,5942,2,SM,1,1,1,1.76,0.81,1.95,2.21,2.37,1.04,0.3,0.1,0.0,2,1,3,2,0,2,1,2,0,1,22
848,5943,2,SM,1,1,1,2.32,0.95,1.95,2.21,2.93,0.64,0.6,0.3,0.0,2,1,3,2,0,2,1,2,0,1,22
848,5944,3,CAR,1,1,1,1.76,0.87,1.2,1.84,2.54,0.64,0.3,0.2,0.0,2,1,3,2,0,2,1,2,0,1,22
848,5945,2,SM,1,1,1,2.32,0.87,1.5,1.66,1.89,1.04,0.6,0.2,0.0,2,1,3,2,0,2,1,2,0,1,22
848,5946,3,CAR,1,1,1,1.95,0.81,1.5,1.66,2.37,0.64,1.2,0.1,0.0,2,1,3,2,0,2,1,2,0,1,22
848,5947,3,CAR,1,1,1,1.76,0.95,1.2,2.21,2.93,0.8,1.2,0.1,0.0,2,1,3,2,0,2,1,2,0,1,22
848,5948,3,CAR,1,1,1,1.76,0.95,1.5,1.66,1.98,0.8,0.3,0.3,0.0,2,1,3,2,0,2,1,2,0,1,22
848,5949,3,CAR,1,1,1,2.32,0.81,1.2,1.84,2.18,0.8,0.6,0.1,0.0,2,1,3,2,0,2,1,2,0,1,22
849,5950,3,CAR,1,1,1,1.38,0.66,0.9,1.42,1.55,0.44,0.3,0.1,0.0,2,1,3,2,0,2,1,2,0,9,2
849,5951,2,SM,1,1,1,1.38,0.62,1.17,1.42,1.81,0.71,1.2,0.1,0.0,2,1,3,2,0,2,1,2,0,9,2
849,5952,2,SM,1,1,1,1.38,0.59,1.17,1.28,1.69,0.55,0.3,0.2,0.0,2,1,3,2,0,2,1,2,0,9,2
849,5953,3,CAR,1,1,1,1.06,0.59,0.72,1.28,1.69,0.71,0.6,0.3,0.0,2,1,3,2,0,2,1,2,0,9,2
849,5954,2,SM,1,1,1,1.17,0.59,1.17,1.42,1.62,0.44,0.3,0.3,0.0,2,1,3,2,0,2,1,2,0,9,2
849,5955,3,CAR,1,1,1,1.17,0.62,0.72,1.28,1.47,0.55,0.3,0.1,0.0,2,1,3,2,0,2,1,2,0,9,2
849,5956,3,CAR,1,1,1,1.17,0.59,0.72,1.7,1.76,0.44,0.6,0.2,0.0,2,1,3,2,0,2,1,2,0,9,2
849,5957,3,CAR,1,1,1,1.38,0.62,0.72,1.7,1.84,0.71,0.3,0.3,0.0,2,1,3,2,0,2,1,2,0,9,2
849,5958,3,CAR,1,1,1,1.17,0.62,0.9,1.42,1.81,0.55,0.6,0.3,0.0,2,1,3,2,0,2,1,2,0,9,2
850,5959,3,CAR,1,1,1,2.31,1.08,1.4,2.03,2.37,0.9,1.2,0.3,0.0,2,1,3,2,0,2,1,2,0,17,2
850,5960,3,CAR,1,1,1,1.8,1.14,1.82,1.52,1.89,0.72,1.2,0.3,0.0,2,1,3,2,0,2,1,2,0,17,2
850,5961,3,CAR,1,1,1,2.31,1.22,1.12,1.52,1.98,0.72,1.2,0.2,0.0,2,1,3,2,0,2,1,2,0,17,2
850,5962,3,CAR,1,1,1,1.97,1.22,1.82,1.52,1.98,1.17,0.6,0.1,0.0,2,1,3,2,0,2,1,2,0,17,2
850,5963,3,CAR,1,1,1,1.97,1.22,1.12,1.69,2.1,1.17,1.2,0.3,0.0,2,1,3,2,0,2,1,2,0,17,2
850,5964,3,CAR,1,1,1,1.8,1.22,1.82,1.69,2.1,0.9,0.6,0.2,0.0,2,1,3,2,0,2,1,2,0,17,2
850,5965,3,CAR,1,1,1,1.8,1.14,1.4,2.03,2.45,0.72,0.6,0.1,0.0,2,1,3,2,0,2,1,2,0,17,2
850,5966,3,CAR,1,1,1,1.8,1.08,1.4,1.69,2.18,1.17,1.2,0.2,0.0,2,1,3,2,0,2,1,2,0,17,2
850,5967,3,CAR,1,1,1,1.97,1.22,1.4,2.03,2.81,1.17,0.3,0.2,0.0,2,1,3,2,0,2,1,2,0,17,2
851,5968,2,SM,1,1,1,1.4,0.67,1.0,1.3,1.47,0.52,0.3,0.1,0.0,2,1,3,2,0,2,1,3,0,1,2
851,5969,2,SM,1,1,1,1.4,0.63,1.3,1.3,1.76,0.84,1.2,0.1,0.0,2,1,3,2,0,2,1,3,0,1,2
851,5970,2,SM,1,1,1,1.4,0.6,1.3,1.17,1.62,0.65,0.3,0.2,0.0,2,1,3,2,0,2,1,3,0,1,2
851,5971,3,CAR,1,1,1,1.07,0.6,0.8,1.17,1.62,0.84,0.6,0.3,0.0,2,1,3,2,0,2,1,3,0,1,2
851,5972,2,SM,1,1,1,1.18,0.6,1.3,1.3,1.53,0.52,0.3,0.3,0.0,2,1,3,2,0,2,1,3,0,1,2
851,5973,3,CAR,1,1,1,1.18,0.63,0.8,1.17,1.36,0.65,0.3,0.1,0.0,2,1,3,2,0,2,1,3,0,1,2
851,5974,3,CAR,1,1,1,1.18,0.6,0.8,1.56,1.67,0.52,0.6,0.2,0.0,2,1,3,2,0,2,1,3,0,1,2
851,5975,3,CAR,1,1,1,1.4,0.63,0.8,1.56,1.76,0.84,0.3,0.3,0.0,2,1,3,2,0,2,1,3,0,1,2
851,5976,3,CAR,1,1,1,1.18,0.63,1.0,1.3,1.76,0.65,0.6,0.3,0.0,2,1,3,2,0,2,1,3,0,1,2
852,5977,3,CAR,1,1,1,1.06,0.41,0.8,1.19,1.42,0.44,0.3,0.1,0.0,2,1,3,2,0,2,1,3,0,1,2
852,5978,2,SM,1,1,1,1.06,0.37,1.04,1.19,1.67,0.71,1.2,0.1,0.0,2,1,3,2,0,2,1,3,0,1,2
852,5979,2,SM,1,1,1,1.06,0.34,1.04,1.07,1.55,0.55,0.3,0.2,0.0,2,1,3,2,0,2,1,3,0,1,2
852,5980,3,CAR,1,1,1,0.85,0.34,0.64,1.07,1.55,0.71,0.6,0.3,0.0,2,1,3,2,0,2,1,3,0,1,2
852,5981,2,SM,1,1,1,0.92,0.34,1.04,1.19,1.47,0.44,0.3,0.3,0.0,2,1,3,2,0,2,1,3,0,1,2
852,5982,3,CAR,1,1,1,0.92,0.37,0.64,1.07,1.3,0.55,0.3,0.1,0.0,2,1,3,2,0,2,1,3,0,1,2
852,5983,3,CAR,1,1,1,0.92,0.34,0.64,1.43,1.55,0.44,0.6,0.2,0.0,2,1,3,2,0,2,1,3,0,1,2
852,5984,3,CAR,1,1,1,1.06,0.37,0.64,1.43,1.67,0.71,0.3,0.3,0.0,2,1,3,2,0,2,1,3,0,1,2
852,5985,3,CAR,1,1,1,0.92,0.37,0.8,1.19,1.67,0.55,0.6,0.3,0.0,2,1,3,2,0,2,1,3,0,1,2
853,5986,3,CAR,1,1,1,0.92,0.37,1.17,1.43,1.67,0.65,1.2,0.2,0.0,2,1,3,2,0,2,1,3,0,2,1
853,5987,2,SM,1,1,1,0.85,0.34,1.17,1.43,1.55,0.84,0.3,0.1,0.0,2,1,3,2,0,2,1,3,0,2,1
853,5988,3,CAR,1,1,1,1.06,0.41,1.17,1.43,1.89,0.52,0.6,0.3,0.0,2,1,3,2,0,2,1,3,0,2,1
853,5989,3,CAR,1,1,1,0.85,0.37,0.72,1.19,1.67,0.52,0.3,0.2,0.0,2,1,3,2,0,2,1,3,0,2,1
853,5990,2,SM,1,1,1,1.06,0.37,0.9,1.07,1.3,0.84,0.6,0.2,0.0,2,1,3,2,0,2,1,3,0,2,1
853,5991,3,CAR,1,1,1,0.92,0.34,0.9,1.07,1.55,0.52,1.2,0.1,0.0,2,1,3,2,0,2,1,3,0,2,1
853,5992,3,CAR,1,1,1,0.85,0.41,0.72,1.43,1.89,0.65,1.2,0.1,0.0,2,1,3,2,0,2,1,3,0,2,1
853,5993,3,CAR,1,1,1,0.85,0.41,0.9,1.07,1.36,0.65,0.3,0.3,0.0,2,1,3,2,0,2,1,3,0,2,1
853,5994,3,CAR,1,1,1,1.06,0.34,0.72,1.19,1.47,0.65,0.6,0.1,0.0,2,1,3,2,0,2,1,3,0,2,1
854,5995,3,CAR,1,1,1,1.78,0.69,1.3,1.76,1.84,0.85,1.2,0.3,0.0,2,1,3,2,0,2,1,3,0,2,25
854,5996,2,SM,1,1,1,1.36,0.74,1.69,1.32,1.53,0.68,1.2,0.3,0.0,2,1,3,2,0,2,1,3,0,2,25
854,5997,3,CAR,1,1,1,1.78,0.8,1.04,1.32,1.62,0.68,1.2,0.2,0.0,2,1,3,2,0,2,1,3,0,2,25
854,5998,2,SM,1,1,1,1.5,0.8,1.69,1.32,1.62,1.1,0.6,0.1,0.0,2,1,3,2,0,2,1,3,0,2,25
854,5999,3,CAR,1,1,1,1.5,0.8,1.04,1.47,1.67,1.1,1.2,0.3,0.0,2,1,3,2,0,2,1,3,0,2,25
854,6000,2,SM,1,1,1,1.36,0.8,1.69,1.47,1.67,0.85,0.6,0.2,0.0,2,1,3,2,0,2,1,3,0,2,25
854,6001,3,CAR,1,1,1,1.36,0.74,1.3,1.76,1.94,0.68,0.6,0.1,0.0,2,1,3,2,0,2,1,3,0,2,25
854,6002,2,SM,1,1,1,1.36,0.69,1.3,1.47,1.69,1.1,1.2,0.2,0.0,2,1,3,2,0,2,1,3,0,2,25
854,6003,3,CAR,1,1,1,1.5,0.8,1.3,1.76,2.25,1.1,0.3,0.2,0.0,2,1,3,2,0,2,1,3,0,2,25
855,6004,3,CAR,1,1,1,1.61,0.78,1.2,1.84,1.84,0.75,1.2,0.3,0.0,2,1,3,2,0,2,1,3,0,14,2
855,6005,2,SM,1,1,1,1.23,0.81,1.56,1.38,1.53,0.6,1.2,0.3,0.0,2,1,3,2,0,2,1,3,0,14,2
855,6006,3,CAR,1,1,1,1.61,0.85,0.96,1.38,1.62,0.6,1.2,0.2,0.0,2,1,3,2,0,2,1,3,0,14,2
855,6007,2,SM,1,1,1,1.36,0.85,1.56,1.38,1.62,0.97,0.6,0.1,0.0,2,1,3,2,0,2,1,3,0,14,2
855,6008,2,SM,1,1,1,1.36,0.85,0.96,1.53,1.67,0.97,1.2,0.3,0.0,2,1,3,2,0,2,1,3,0,14,2
855,6009,1,TRAIN,1,1,1,1.23,0.85,1.56,1.53,1.67,0.75,0.6,0.2,0.0,2,1,3,2,0,2,1,3,0,14,2
855,6010,3,CAR,1,1,1,1.23,0.81,1.2,1.84,1.94,0.6,0.6,0.1,0.0,2,1,3,2,0,2,1,3,0,14,2
855,6011,2,SM,1,1,1,1.23,0.78,1.2,1.53,1.69,0.97,1.2,0.2,0.0,2,1,3,2,0,2,1,3,0,14,2
855,6012,3,CAR,1,1,1,1.36,0.85,1.2,1.84,2.18,0.97,0.3,0.2,0.0,2,1,3,2,0,2,1,3,0,14,2
856,6013,2,SM,1,1,1,2.34,0.84,1.6,2.11,2.25,1.15,1.2,0.3,0.0,2,1,3,2,0,2,1,3,0,17,2
856,6014,2,SM,1,1,1,1.88,0.9,2.08,1.58,1.84,0.92,1.2,0.3,0.0,2,1,3,2,0,2,1,3,0,17,2
856,6015,3,CAR,1,1,1,2.34,0.98,1.28,1.58,1.94,0.92,1.2,0.2,0.0,2,1,3,2,0,2,1,3,0,17,2
856,6016,2,SM,1,1,1,2.03,0.98,2.08,1.58,1.94,1.49,0.6,0.1,0.0,2,1,3,2,0,2,1,3,0,17,2
856,6017,2,SM,1,1,1,2.03,0.98,1.28,1.76,1.98,1.49,1.2,0.3,0.0,2,1,3,2,0,2,1,3,0,17,2
856,6018,2,SM,1,1,1,1.88,0.98,2.08,1.76,1.98,1.15,0.6,0.2,0.0,2,1,3,2,0,2,1,3,0,17,2
856,6019,2,SM,1,1,1,1.88,0.9,1.6,2.11,2.37,0.92,0.6,0.1,0.0,2,1,3,2,0,2,1,3,0,17,2
856,6020,2,SM,1,1,1,1.88,0.84,1.6,1.76,2.1,1.49,1.2,0.2,0.0,2,1,3,2,0,2,1,3,0,17,2
856,6021,2,SM,1,1,1,2.03,0.98,1.6,2.11,2.74,1.49,0.3,0.2,0.0,2,1,3,2,0,2,1,3,0,17,2
857,6022,2,SM,1,1,1,3.36,0.84,3.2,2.94,3.3,1.85,1.2,0.3,0.0,2,1,3,2,0,2,1,3,0,17,25
857,6023,2,SM,1,1,1,2.57,0.95,4.16,2.2,2.66,1.48,1.2,0.3,0.0,2,1,3,2,0,2,1,3,0,17,25
857,6024,2,SM,1,1,1,3.36,1.09,2.56,2.2,2.74,1.48,1.2,0.2,0.0,2,1,3,2,0,2,1,3,0,17,25
857,6025,2,SM,1,1,1,2.83,1.09,4.16,2.2,2.74,2.4,0.6,0.1,0.0,2,1,3,2,0,2,1,3,0,17,25
857,6026,2,SM,1,1,1,2.83,1.09,2.56,2.45,2.81,2.4,1.2,0.3,0.0,2,1,3,2,0,2,1,3,0,17,25
857,6027,2,SM,1,1,1,2.57,1.09,4.16,2.45,2.81,1.85,0.6,0.2,0.0,2,1,3,2,0,2,1,3,0,17,25
857,6028,2,SM,1,1,1,2.57,0.95,3.2,2.94,3.49,1.48,0.6,0.1,0.0,2,1,3,2,0,2,1,3,0,17,25
857,6029,2,SM,1,1,1,2.57,0.84,3.2,2.45,3.01,2.4,1.2,0.2,0.0,2,1,3,2,0,2,1,3,0,17,25
857,6030,2,SM,1,1,1,2.83,1.09,3.2,2.94,4.14,2.4,0.3,0.2,0.0,2,1,3,2,0,2,1,3,0,17,25
858,6031,3,CAR,1,1,1,1.89,1.14,1.2,1.36,1.47,0.6,0.3,0.1,0.0,2,1,3,2,0,2,1,3,0,22,11
858,6032,3,CAR,1,1,1,1.89,1.1,1.56,1.36,1.67,0.97,1.2,0.1,0.0,2,1,3,2,0,2,1,3,0,22,11
858,6033,2,SM,1,1,1,1.89,1.07,1.56,1.22,1.55,0.75,0.3,0.2,0.0,2,1,3,2,0,2,1,3,0,22,11
858,6034,3,CAR,1,1,1,1.53,1.07,0.96,1.22,1.55,0.97,0.6,0.3,0.0,2,1,3,2,0,2,1,3,0,22,11
858,6035,2,SM,1,1,1,1.65,1.07,1.56,1.36,1.53,0.6,0.3,0.3,0.0,2,1,3,2,0,2,1,3,0,22,11
858,6036,3,CAR,1,1,1,1.65,1.1,0.96,1.22,1.36,0.75,0.3,0.1,0.0,2,1,3,2,0,2,1,3,0,22,11
858,6037,3,CAR,1,1,1,1.65,1.07,0.96,1.63,1.67,0.6,0.6,0.2,0.0,2,1,3,2,0,2,1,3,0,22,11
858,6038,3,CAR,1,1,1,1.89,1.1,0.96,1.63,1.69,0.97,0.3,0.3,0.0,2,1,3,2,0,2,1,3,0,22,11
858,6039,3,CAR,1,1,1,1.65,1.1,1.2,1.36,1.67,0.75,0.6,0.3,0.0,2,1,3,2,0,2,1,3,0,22,11
859,6040,3,CAR,1,1,1,1.23,0.52,0.9,1.56,1.67,0.55,1.2,0.3,0.0,2,1,3,2,0,3,1,2,0,2,1
859,6041,3,CAR,1,1,1,0.95,0.55,1.17,1.17,1.36,0.44,1.2,0.3,0.0,2,1,3,2,0,3,1,2,0,2,1
859,6042,3,CAR,1,1,1,1.23,0.59,0.72,1.17,1.42,0.44,1.2,0.2,0.0,2,1,3,2,0,3,1,2,0,2,1
859,6043,3,CAR,1,1,1,1.04,0.59,1.17,1.17,1.42,0.71,0.6,0.1,0.0,2,1,3,2,0,3,1,2,0,2,1
859,6044,3,CAR,1,1,1,1.04,0.59,0.72,1.3,1.47,0.71,1.2,0.3,0.0,2,1,3,2,0,3,1,2,0,2,1
859,6045,3,CAR,1,1,1,0.95,0.59,1.17,1.3,1.47,0.55,0.6,0.2,0.0,2,1,3,2,0,3,1,2,0,2,1
859,6046,3,CAR,1,1,1,0.95,0.55,0.9,1.56,1.76,0.44,0.6,0.1,0.0,2,1,3,2,0,3,1,2,0,2,1
859,6047,3,CAR,1,1,1,0.95,0.52,0.9,1.3,1.55,0.71,1.2,0.2,0.0,2,1,3,2,0,3,1,2,0,2,1
859,6048,3,CAR,1,1,1,1.04,0.59,0.9,1.56,1.98,0.71,0.3,0.2,0.0,2,1,3,2,0,3,1,2,0,2,1
860,6049,2,SM,1,1,1,1.02,0.47,1.17,1.63,1.76,0.6,1.2,0.2,0.0,2,1,3,2,0,3,1,3,0,1,2
860,6050,2,SM,1,1,1,0.92,0.44,1.17,1.63,1.67,0.78,0.3,0.1,0.0,2,1,3,2,0,3,1,3,0,1,2
860,6051,3,CAR,1,1,1,1.22,0.51,1.17,1.63,1.98,0.48,0.6,0.3,0.0,2,1,3,2,0,3,1,3,0,1,2
860,6052,3,CAR,1,1,1,0.92,0.47,0.72,1.36,1.76,0.48,0.3,0.2,0.0,2,1,3,2,0,3,1,3,0,1,2
860,6053,2,SM,1,1,1,1.22,0.47,0.9,1.22,1.42,0.78,0.6,0.2,0.0,2,1,3,2,0,3,1,3,0,1,2
860,6054,2,SM,1,1,1,1.02,0.44,0.9,1.22,1.67,0.48,1.2,0.1,0.0,2,1,3,2,0,3,1,3,0,1,2
860,6055,3,CAR,1,1,1,0.92,0.51,0.72,1.63,1.98,0.6,1.2,0.1,0.0,2,1,3,2,0,3,1,3,0,1,2
860,6056,2,SM,1,1,1,0.92,0.51,0.9,1.22,1.47,0.6,0.3,0.3,0.0,2,1,3,2,0,3,1,3,0,1,2
860,6057,2,SM,1,1,1,1.22,0.44,0.72,1.36,1.55,0.6,0.6,0.1,0.0,2,1,3,2,0,3,1,3,0,1,2
861,6058,3,CAR,1,1,1,1.12,0.57,1.04,1.63,1.76,0.55,1.2,0.2,0.0,2,1,3,2,0,3,1,3,0,1,2
861,6059,2,SM,1,1,1,1.01,0.54,1.04,1.63,1.67,0.71,0.3,0.1,0.0,2,1,3,2,0,3,1,3,0,1,2
861,6060,3,CAR,1,1,1,1.34,0.61,1.04,1.63,1.98,0.44,0.6,0.3,0.0,2,1,3,2,0,3,1,3,0,1,2
861,6061,3,CAR,1,1,1,1.01,0.57,0.64,1.36,1.76,0.44,0.3,0.2,0.0,2,1,3,2,0,3,1,3,0,1,2
861,6062,2,SM,1,1,1,1.34,0.57,0.8,1.22,1.42,0.71,0.6,0.2,0.0,2,1,3,2,0,3,1,3,0,1,2
861,6063,3,CAR,1,1,1,1.12,0.54,0.8,1.22,1.67,0.44,1.2,0.1,0.0,2,1,3,2,0,3,1,3,0,1,2
861,6064,3,CAR,1,1,1,1.01,0.61,0.64,1.63,1.98,0.55,1.2,0.1,0.0,2,1,3,2,0,3,1,3,0,1,2
861,6065,3,CAR,1,1,1,1.01,0.61,0.8,1.22,1.47,0.55,0.3,0.3,0.0,2,1,3,2,0,3,1,3,0,1,2
861,6066,3,CAR,1,1,1,1.34,0.54,0.64,1.36,1.55,0.55,0.6,0.1,0.0,2,1,3,2,0,3,1,3,0,1,2
862,6067,3,CAR,1,1,1,2.98,1.48,1.8,1.84,2.1,1.08,0.3,0.1,0.0,2,1,3,2,0,3,1,3,0,1,22
862,6068,2,SM,1,1,1,2.98,1.4,2.34,1.84,2.54,1.75,1.2,0.1,0.0,2,1,3,2,0,3,1,3,0,1,22
862,6069,2,SM,1,1,1,2.98,1.34,2.34,1.66,2.37,1.35,0.3,0.2,0.0,2,1,3,2,0,3,1,3,0,1,22
862,6070,3,CAR,1,1,1,2.23,1.34,1.44,1.66,2.37,1.75,0.6,0.3,0.0,2,1,3,2,0,3,1,3,0,1,22
862,6071,2,SM,1,1,1,2.48,1.34,2.34,1.84,2.18,1.08,0.3,0.3,0.0,2,1,3,2,0,3,1,3,0,1,22
862,6072,3,CAR,1,1,1,2.48,1.4,1.44,1.66,1.94,1.35,0.3,0.1,0.0,2,1,3,2,0,3,1,3,0,1,22
862,6073,3,CAR,1,1,1,2.48,1.34,1.44,2.21,2.37,1.08,0.6,0.2,0.0,2,1,3,2,0,3,1,3,0,1,22
862,6074,3,CAR,1,1,1,2.98,1.4,1.44,2.21,2.54,1.75,0.3,0.3,0.0,2,1,3,2,0,3,1,3,0,1,22
862,6075,2,SM,1,1,1,2.48,1.4,1.8,1.84,2.54,1.35,0.6,0.3,0.0,2,1,3,2,0,3,1,3,0,1,22
863,6076,2,SM,1,1,1,1.45,0.93,1.82,1.84,1.94,0.75,1.2,0.2,0.0,2,1,3,2,0,3,1,3,0,2,1
863,6077,2,SM,1,1,1,1.31,0.9,1.82,1.84,1.84,0.97,0.3,0.1,0.0,2,1,3,2,0,3,1,3,0,2,1
863,6078,2,SM,1,1,1,1.72,0.97,1.82,1.84,2.18,0.6,0.6,0.3,0.0,2,1,3,2,0,3,1,3,0,2,1
863,6079,3,CAR,1,1,1,1.31,0.93,1.12,1.53,1.89,0.6,0.3,0.2,0.0,2,1,3,2,0,3,1,3,0,2,1
863,6080,2,SM,1,1,1,1.72,0.93,1.4,1.38,1.55,0.97,0.6,0.2,0.0,2,1,3,2,0,3,1,3,0,2,1
863,6081,2,SM,1,1,1,1.45,0.9,1.4,1.38,1.81,0.6,1.2,0.1,0.0,2,1,3,2,0,3,1,3,0,2,1
863,6082,3,CAR,1,1,1,1.31,0.97,1.12,1.84,2.18,0.75,1.2,0.1,0.0,2,1,3,2,0,3,1,3,0,2,1
863,6083,2,SM,1,1,1,1.31,0.97,1.4,1.38,1.62,0.75,0.3,0.3,0.0,2,1,3,2,0,3,1,3,0,2,1
863,6084,3,CAR,1,1,1,1.72,0.9,1.12,1.53,1.69,0.75,0.6,0.1,0.0,2,1,3,2,0,3,1,3,0,2,1
864,6085,3,CAR,1,1,1,1.74,0.94,1.0,1.47,1.62,0.4,0.3,0.1,0.0,2,1,3,2,0,3,1,3,0,2,1
864,6086,3,CAR,1,1,1,1.74,0.9,1.3,1.47,1.84,0.65,1.2,0.1,0.0,2,1,3,2,0,3,1,3,0,2,1
864,6087,2,SM,1,1,1,1.74,0.87,1.3,1.32,1.76,0.5,0.3,0.2,0.0,2,1,3,2,0,3,1,3,0,2,1
864,6088,3,CAR,1,1,1,1.3,0.87,0.8,1.32,1.76,0.65,0.6,0.3,0.0,2,1,3,2,0,3,1,3,0,2,1
864,6089,2,SM,1,1,1,1.45,0.87,1.3,1.47,1.67,0.4,0.3,0.3,0.0,2,1,3,2,0,3,1,3,0,2,1
864,6090,3,CAR,1,1,1,1.45,0.9,0.8,1.32,1.47,0.5,0.3,0.1,0.0,2,1,3,2,0,3,1,3,0,2,1
864,6091,3,CAR,1,1,1,1.45,0.87,0.8,1.76,1.81,0.4,0.6,0.2,0.0,2,1,3,2,0,3,1,3,0,2,1
864,6092,3,CAR,1,1,1,1.74,0.9,0.8,1.76,1.89,0.65,0.3,0.3,0.0,2,1,3,2,0,3,1,3,0,2,1
864,6093,3,CAR,1,1,1,1.45,0.9,1.0,1.47,1.84,0.5,0.6,0.3,0.0,2,1,3,2,0,3,1,3,0,2,1
865,6094,2,SM,1,1,1,1.08,0.53,1.3,1.7,1.84,0.65,1.2,0.2,0.0,2,1,3,2,0,3,1,3,0,2,1
865,6095,2,SM,1,1,1,0.98,0.5,1.3,1.7,1.76,0.84,0.3,0.1,0.0,2,1,3,2,0,3,1,3,0,2,1
865,6096,2,SM,1,1,1,1.28,0.57,1.3,1.7,2.1,0.52,0.6,0.3,0.0,2,1,3,2,0,3,1,3,0,2,1
865,6097,3,CAR,1,1,1,0.98,0.53,0.8,1.42,1.84,0.52,0.3,0.2,0.0,2,1,3,2,0,3,1,3,0,2,1
865,6098,2,SM,1,1,1,1.28,0.53,1.0,1.28,1.47,0.84,0.6,0.2,0.0,2,1,3,2,0,3,1,3,0,2,1
865,6099,2,SM,1,1,1,1.08,0.5,1.0,1.28,1.69,0.52,1.2,0.1,0.0,2,1,3,2,0,3,1,3,0,2,1
865,6100,3,CAR,1,1,1,0.98,0.57,0.8,1.7,2.1,0.65,1.2,0.1,0.0,2,1,3,2,0,3,1,3,0,2,1
865,6101,3,CAR,1,1,1,0.98,0.57,1.0,1.28,1.53,0.65,0.3,0.3,0.0,2,1,3,2,0,3,1,3,0,2,1
865,6102,3,CAR,1,1,1,1.28,0.5,0.8,1.42,1.67,0.65,0.6,0.1,0.0,2,1,3,2,0,3,1,3,0,2,1
866,6103,3,CAR,1,1,1,1.18,0.67,0.7,0.89,1.53,0.36,0.3,0.1,0.0,2,1,3,2,0,3,1,3,0,2,1
866,6104,3,CAR,1,1,1,1.18,0.63,0.91,0.89,1.81,0.58,1.2,0.1,0.0,2,1,3,2,0,3,1,3,0,2,1
866,6105,3,CAR,1,1,1,1.18,0.6,0.91,0.8,1.67,0.45,0.3,0.2,0.0,2,1,3,2,0,3,1,3,0,2,1
866,6106,3,CAR,1,1,1,0.91,0.6,0.56,0.8,1.67,0.58,0.6,0.3,0.0,2,1,3,2,0,3,1,3,0,2,1
866,6107,3,CAR,1,1,1,1.0,0.6,0.91,0.89,1.55,0.36,0.3,0.3,0.0,2,1,3,2,0,3,1,3,0,2,1
866,6108,3,CAR,1,1,1,1.0,0.63,0.56,0.8,1.42,0.45,0.3,0.1,0.0,2,1,3,2,0,3,1,3,0,2,1
866,6109,3,CAR,1,1,1,1.0,0.6,0.56,1.07,1.69,0.36,0.6,0.2,0.0,2,1,3,2,0,3,1,3,0,2,1
866,6110,3,CAR,1,1,1,1.18,0.63,0.56,1.07,1.81,0.58,0.3,0.3,0.0,2,1,3,2,0,3,1,3,0,2,1
866,6111,3,CAR,1,1,1,1.0,0.63,0.7,0.89,1.81,0.45,0.6,0.3,0.0,2,1,3,2,0,3,1,3,0,2,1
867,6112,2,SM,1,1,1,2.15,1.34,1.2,1.76,1.76,0.8,1.2,0.3,0.0,2,1,3,2,0,3,1,3,0,17,11
867,6113,2,SM,1,1,1,1.65,1.37,1.56,1.32,1.47,0.64,1.2,0.3,0.0,2,1,3,2,0,3,1,3,0,17,11
867,6114,2,SM,1,1,1,2.15,1.41,0.96,1.32,1.53,0.64,1.2,0.2,0.0,2,1,3,2,0,3,1,3,0,17,11
867,6115,2,SM,1,1,1,1.82,1.41,1.56,1.32,1.53,1.04,0.6,0.1,0.0,2,1,3,2,0,3,1,3,0,17,11
867,6116,2,SM,1,1,1,1.82,1.41,0.96,1.47,1.55,1.04,1.2,0.3,0.0,2,1,3,2,0,3,1,3,0,17,11
867,6117,2,SM,1,1,1,1.65,1.41,1.56,1.47,1.55,0.8,0.6,0.2,0.0,2,1,3,2,0,3,1,3,0,17,11
867,6118,3,CAR,1,1,1,1.65,1.37,1.2,1.76,1.81,0.64,0.6,0.1,0.0,2,1,3,2,0,3,1,3,0,17,11
867,6119,2,SM,1,1,1,1.65,1.34,1.2,1.47,1.62,1.04,1.2,0.2,0.0,2,1,3,2,0,3,1,3,0,17,11
867,6120,3,CAR,1,1,1,1.82,1.41,1.2,1.76,1.94,1.04,0.3,0.2,0.0,2,1,3,2,0,3,1,3,0,17,11
868,6121,2,SM,1,1,1,3.08,1.25,2.5,2.84,3.01,1.5,1.2,0.3,0.0,2,1,3,2,0,3,1,3,0,17,25
868,6122,2,SM,1,1,1,2.36,1.33,3.25,2.13,2.37,1.2,1.2,0.3,0.0,2,1,3,2,0,3,1,3,0,17,25
868,6123,3,CAR,1,1,1,3.08,1.43,2.0,2.13,2.54,1.2,1.2,0.2,0.0,2,1,3,2,0,3,1,3,0,17,25
868,6124,2,SM,1,1,1,2.6,1.43,3.25,2.13,2.54,1.95,0.6,0.1,0.0,2,1,3,2,0,3,1,3,0,17,25
868,6125,2,SM,1,1,1,2.6,1.43,2.0,2.37,2.66,1.95,1.2,0.3,0.0,2,1,3,2,0,3,1,3,0,17,25
868,6126,2,SM,1,1,1,2.36,1.43,3.25,2.37,2.66,1.5,0.6,0.2,0.0,2,1,3,2,0,3,1,3,0,17,25
868,6127,3,CAR,1,1,1,2.36,1.33,2.5,2.84,3.22,1.2,0.6,0.1,0.0,2,1,3,2,0,3,1,3,0,17,25
868,6128,2,SM,1,1,1,2.36,1.25,2.5,2.37,2.74,1.95,1.2,0.2,0.0,2,1,3,2,0,3,1,3,0,17,25
868,6129,3,CAR,1,1,1,2.6,1.43,2.5,2.84,3.66,1.95,0.3,0.2,0.0,2,1,3,2,0,3,1,3,0,17,25
869,6130,2,SM,1,1,1,2.75,1.15,2.1,2.21,2.37,1.1,1.2,0.3,0.0,2,1,3,2,0,3,1,3,0,22,1
869,6131,2,SM,1,1,1,2.06,1.21,2.73,1.66,1.94,0.88,1.2,0.3,0.0,2,1,3,2,0,3,1,3,0,22,1
869,6132,3,CAR,1,1,1,2.75,1.29,1.68,1.66,2.1,0.88,1.2,0.2,0.0,2,1,3,2,0,3,1,3,0,22,1
869,6133,2,SM,1,1,1,2.29,1.29,2.73,1.66,2.1,1.43,0.6,0.1,0.0,2,1,3,2,0,3,1,3,0,22,1
869,6134,3,CAR,1,1,1,2.29,1.29,1.68,1.84,2.1,1.43,1.2,0.3,0.0,2,1,3,2,0,3,1,3,0,22,1
869,6135,2,SM,1,1,1,2.06,1.29,2.73,1.84,2.1,1.1,0.6,0.2,0.0,2,1,3,2,0,3,1,3,0,22,1
869,6136,3,CAR,1,1,1,2.06,1.21,2.1,2.21,2.54,0.88,0.6,0.1,0.0,2,1,3,2,0,3,1,3,0,22,1
869,6137,2,SM,1,1,1,2.06,1.15,2.1,1.84,2.18,1.43,1.2,0.2,0.0,2,1,3,2,0,3,1,3,0,22,1
869,6138,3,CAR,1,1,1,2.29,1.29,2.1,2.21,2.93,1.43,0.3,0.2,0.0,2,1,3,2,0,3,1,3,0,22,1
870,6139,3,CAR,1,1,1,2.37,1.51,1.6,1.69,1.81,0.88,0.3,0.1,0.0,2,1,3,2,0,3,1,3,0,22,12
870,6140,2,SM,1,1,1,2.37,1.47,2.08,1.69,1.98,1.43,1.2,0.1,0.0,2,1,3,2,0,3,1,3,0,22,12
870,6141,2,SM,1,1,1,2.37,1.44,2.08,1.52,1.84,1.1,0.3,0.2,0.0,2,1,3,2,0,3,1,3,0,22,12
870,6142,3,CAR,1,1,1,1.85,1.44,1.28,1.52,1.84,1.43,0.6,0.3,0.0,2,1,3,2,0,3,1,3,0,22,12
870,6143,2,SM,1,1,1,2.02,1.44,2.08,1.69,1.84,0.88,0.3,0.3,0.0,2,1,3,2,0,3,1,3,0,22,12
870,6144,3,CAR,1,1,1,2.02,1.47,1.28,1.52,1.69,1.1,0.3,0.1,0.0,2,1,3,2,0,3,1,3,0,22,12
870,6145,3,CAR,1,1,1,2.02,1.44,1.28,2.03,2.1,0.88,0.6,0.2,0.0,2,1,3,2,0,3,1,3,0,22,12
870,6146,3,CAR,1,1,1,2.37,1.47,1.28,2.03,2.18,1.43,0.3,0.3,0.0,2,1,3,2,0,3,1,3,0,22,12
870,6147,2,SM,1,1,1,2.02,1.47,1.6,1.69,1.98,1.1,0.6,0.3,0.0,2,1,3,2,0,3,1,3,0,22,12
871,6148,2,SM,1,1,1,2.64,0.85,2.0,2.62,2.81,1.3,1.2,0.3,0.0,2,1,3,2,0,3,1,3,0,25,9
871,6149,2,SM,1,1,1,2.01,0.93,2.6,1.96,2.25,1.04,1.2,0.3,0.0,2,1,3,2,0,3,1,3,0,25,9
871,6150,2,SM,1,1,1,2.64,1.03,1.6,1.96,2.45,1.04,1.2,0.2,0.0,2,1,3,2,0,3,1,3,0,25,9
871,6151,2,SM,1,1,1,2.22,1.03,2.6,1.96,2.45,1.69,0.6,0.1,0.0,2,1,3,2,0,3,1,3,0,25,9
871,6152,2,SM,1,1,1,2.22,1.03,1.6,2.18,2.45,1.69,1.2,0.3,0.0,2,1,3,2,0,3,1,3,0,25,9
871,6153,2,SM,1,1,1,2.01,1.03,2.6,2.18,2.45,1.3,0.6,0.2,0.0,2,1,3,2,0,3,1,3,0,25,9
871,6154,2,SM,1,1,1,2.01,0.93,2.0,2.62,3.01,1.04,0.6,0.1,0.0,2,1,3,2,0,3,1,3,0,25,9
871,6155,2,SM,1,1,1,2.01,0.85,2.0,2.18,2.66,1.69,1.2,0.2,0.0,2,1,3,2,0,3,1,3,0,25,9
871,6156,2,SM,1,1,1,2.22,1.03,2.0,2.62,3.57,1.69,0.3,0.2,0.0,2,1,3,2,0,3,1,3,0,25,9
872,6157,3,CAR,1,1,1,2.93,1.64,3.51,2.84,3.3,1.8,1.2,0.2,0.0,2,1,3,2,0,3,1,4,0,20,25
872,6158,2,SM,1,1,1,2.67,1.56,3.51,2.84,3.1,2.34,0.3,0.1,0.0,2,1,3,2,0,3,1,4,0,20,25
872,6159,3,CAR,1,1,1,3.44,1.74,3.51,2.84,3.74,1.44,0.6,0.3,0.0,2,1,3,2,0,3,1,4,0,20,25
872,6160,3,CAR,1,1,1,2.67,1.64,2.16,2.37,3.3,1.44,0.3,0.2,0.0,2,1,3,2,0,3,1,4,0,20,25
872,6161,2,SM,1,1,1,3.44,1.64,2.7,2.13,2.45,2.34,0.6,0.2,0.0,2,1,3,2,0,3,1,4,0,20,25
872,6162,3,CAR,1,1,1,2.93,1.56,2.7,2.13,3.01,1.44,1.2,0.1,0.0,2,1,3,2,0,3,1,4,0,20,25
872,6163,3,CAR,1,1,1,2.67,1.74,2.16,2.84,3.74,1.8,1.2,0.1,0.0,2,1,3,2,0,3,1,4,0,20,25
872,6164,3,CAR,1,1,1,2.67,1.74,2.7,2.13,2.66,1.8,0.3,0.3,0.0,2,1,3,2,0,3,1,4,0,20,25
872,6165,3,CAR,1,1,1,3.44,1.56,2.16,2.37,2.81,1.8,0.6,0.1,0.0,2,1,3,2,0,3,1,4,0,20,25
873,6166,3,CAR,1,1,1,2.41,1.86,1.69,1.7,1.69,0.85,1.2,0.2,0.0,2,1,3,2,0,4,1,2,0,22,19
873,6167,2,SM,1,1,1,2.2,1.83,1.69,1.7,1.67,1.1,0.3,0.1,0.0,2,1,3,2,0,4,1,2,0,22,19
873,6168,3,CAR,1,1,1,2.83,1.9,1.69,1.7,1.89,0.68,0.6,0.3,0.0,2,1,3,2,0,4,1,2,0,22,19
873,6169,3,CAR,1,1,1,2.2,1.86,1.04,1.42,1.67,0.68,0.3,0.2,0.0,2,1,3,2,0,4,1,2,0,22,19
873,6170,3,CAR,1,1,1,2.83,1.86,1.3,1.28,1.42,1.1,0.6,0.2,0.0,2,1,3,2,0,4,1,2,0,22,19
873,6171,3,CAR,1,1,1,2.41,1.83,1.3,1.28,1.55,0.68,1.2,0.1,0.0,2,1,3,2,0,4,1,2,0,22,19
873,6172,3,CAR,1,1,1,2.2,1.9,1.04,1.7,1.89,0.85,1.2,0.1,0.0,2,1,3,2,0,4,1,2,0,22,19
873,6173,3,CAR,1,1,1,2.2,1.9,1.3,1.28,1.42,0.85,0.3,0.3,0.0,2,1,3,2,0,4,1,2,0,22,19
873,6174,3,CAR,1,1,1,2.83,1.83,1.04,1.42,1.53,0.85,0.6,0.1,0.0,2,1,3,2,0,4,1,2,0,22,19
874,6175,3,CAR,1,1,1,2.51,1.3,1.7,2.11,2.18,1.25,1.2,0.3,0.0,2,1,3,2,0,4,1,2,0,25,3
874,6176,2,SM,1,1,1,1.91,1.35,2.21,1.58,1.81,1.0,1.2,0.3,0.0,2,1,3,2,0,4,1,2,0,25,3
874,6177,3,CAR,1,1,1,2.51,1.41,1.36,1.58,1.84,1.0,1.2,0.2,0.0,2,1,3,2,0,4,1,2,0,25,3
874,6178,2,SM,1,1,1,2.11,1.41,2.21,1.58,1.84,1.62,0.6,0.1,0.0,2,1,3,2,0,4,1,2,0,25,3
874,6179,3,CAR,1,1,1,2.11,1.41,1.36,1.76,1.94,1.62,1.2,0.3,0.0,2,1,3,2,0,4,1,2,0,25,3
874,6180,2,SM,1,1,1,1.91,1.41,2.21,1.76,1.94,1.25,0.6,0.2,0.0,2,1,3,2,0,4,1,2,0,25,3
874,6181,2,SM,1,1,1,1.91,1.35,1.7,2.11,2.25,1.0,0.6,0.1,0.0,2,1,3,2,0,4,1,2,0,25,3
874,6182,2,SM,1,1,1,1.91,1.3,1.7,1.76,1.98,1.62,1.2,0.2,0.0,2,1,3,2,0,4,1,2,0,25,3
874,6183,2,SM,1,1,1,2.11,1.41,1.7,2.11,2.54,1.62,0.3,0.2,0.0,2,1,3,2,0,4,1,2,0,25,3
875,6184,3,CAR,1,1,1,1.26,0.62,1.0,1.36,1.47,0.44,0.3,0.1,0.0,2,1,3,2,0,4,1,3,0,2,1
875,6185,2,SM,1,1,1,1.26,0.58,1.3,1.36,1.76,0.71,1.2,0.1,0.0,2,1,3,2,0,4,1,3,0,2,1
875,6186,2,SM,1,1,1,1.26,0.55,1.3,1.22,1.67,0.55,0.3,0.2,0.0,2,1,3,2,0,4,1,3,0,2,1
875,6187,3,CAR,1,1,1,0.97,0.55,0.8,1.22,1.67,0.71,0.6,0.3,0.0,2,1,3,2,0,4,1,3,0,2,1
875,6188,2,SM,1,1,1,1.07,0.55,1.3,1.36,1.55,0.44,0.3,0.3,0.0,2,1,3,2,0,4,1,3,0,2,1
875,6189,3,CAR,1,1,1,1.07,0.58,0.8,1.22,1.42,0.55,0.3,0.1,0.0,2,1,3,2,0,4,1,3,0,2,1
875,6190,3,CAR,1,1,1,1.07,0.55,0.8,1.63,1.67,0.44,0.6,0.2,0.0,2,1,3,2,0,4,1,3,0,2,1
875,6191,3,CAR,1,1,1,1.26,0.58,0.8,1.63,1.76,0.71,0.3,0.3,0.0,2,1,3,2,0,4,1,3,0,2,1
875,6192,3,CAR,1,1,1,1.07,0.58,1.0,1.36,1.76,0.55,0.6,0.3,0.0,2,1,3,2,0,4,1,3,0,2,1
876,6193,3,CAR,1,1,1,2.49,1.04,1.6,1.89,2.18,0.84,0.3,0.1,0.0,2,1,3,2,0,4,1,3,0,2,17
876,6194,2,SM,1,1,1,2.49,0.96,2.08,1.89,2.54,1.36,1.2,0.1,0.0,2,1,3,2,0,4,1,3,0,2,17
876,6195,2,SM,1,1,1,2.49,0.9,2.08,1.7,2.37,1.05,0.3,0.2,0.0,2,1,3,2,0,4,1,3,0,2,17
876,6196,3,CAR,1,1,1,1.89,0.9,1.28,1.7,2.37,1.36,0.6,0.3,0.0,2,1,3,2,0,4,1,3,0,2,17
876,6197,2,SM,1,1,1,2.09,0.9,2.08,1.89,2.25,0.84,0.3,0.3,0.0,2,1,3,2,0,4,1,3,0,2,17
876,6198,3,CAR,1,1,1,2.09,0.96,1.28,1.7,1.94,1.05,0.3,0.1,0.0,2,1,3,2,0,4,1,3,0,2,17
876,6199,3,CAR,1,1,1,2.09,0.9,1.28,2.27,2.45,0.84,0.6,0.2,0.0,2,1,3,2,0,4,1,3,0,2,17
876,6200,3,CAR,1,1,1,2.49,0.96,1.28,2.27,2.54,1.36,0.3,0.3,0.0,2,1,3,2,0,4,1,3,0,2,17
876,6201,3,CAR,1,1,1,2.09,0.96,1.6,1.89,2.54,1.05,0.6,0.3,0.0,2,1,3,2,0,4,1,3,0,2,17
877,6202,3,CAR,1,1,1,2.39,1.48,1.0,1.7,1.67,0.55,1.2,0.3,0.0,2,1,3,2,0,4,1,3,0,2,23
877,6203,2,SM,1,1,1,1.9,1.51,1.3,1.28,1.42,0.44,1.2,0.3,0.0,2,1,3,2,0,4,1,3,0,2,23
877,6204,3,CAR,1,1,1,2.39,1.55,0.8,1.28,1.42,0.44,1.2,0.2,0.0,2,1,3,2,0,4,1,3,0,2,23
877,6205,2,SM,1,1,1,2.06,1.55,1.3,1.28,1.42,0.71,0.6,0.1,0.0,2,1,3,2,0,4,1,3,0,2,23
877,6206,3,CAR,1,1,1,2.06,1.55,0.8,1.42,1.53,0.71,1.2,0.3,0.0,2,1,3,2,0,4,1,3,0,2,23
877,6207,2,SM,1,1,1,1.9,1.55,1.3,1.42,1.53,0.55,0.6,0.2,0.0,2,1,3,2,0,4,1,3,0,2,23
877,6208,3,CAR,1,1,1,1.9,1.51,1.0,1.7,1.76,0.44,0.6,0.1,0.0,2,1,3,2,0,4,1,3,0,2,23
877,6209,3,CAR,1,1,1,1.9,1.48,1.0,1.42,1.55,0.71,1.2,0.2,0.0,2,1,3,2,0,4,1,3,0,2,23
877,6210,3,CAR,1,1,1,2.06,1.55,1.0,1.7,1.89,0.71,0.3,0.2,0.0,2,1,3,2,0,4,1,3,0,2,23
878,6211,2,SM,1,1,1,2.52,1.14,1.8,1.94,2.18,1.0,0.3,0.1,0.0,2,1,3,2,0,4,1,3,0,22,1
878,6212,2,SM,1,1,1,2.52,1.06,2.34,1.94,2.66,1.62,1.2,0.1,0.0,2,1,3,2,0,4,1,3,0,22,1
878,6213,2,SM,1,1,1,2.52,1.0,2.34,1.75,2.45,1.25,0.3,0.2,0.0,2,1,3,2,0,4,1,3,0,22,1
878,6214,3,CAR,1,1,1,1.95,1.0,1.44,1.75,2.45,1.62,0.6,0.3,0.0,2,1,3,2,0,4,1,3,0,22,1
878,6215,2,SM,1,1,1,2.14,1.0,2.34,1.94,2.25,1.0,0.3,0.3,0.0,2,1,3,2,0,4,1,3,0,22,1
878,6216,3,CAR,1,1,1,2.14,1.06,1.44,1.75,2.1,1.25,0.3,0.1,0.0,2,1,3,2,0,4,1,3,0,22,1
878,6217,3,CAR,1,1,1,2.14,1.0,1.44,2.33,2.54,1.0,0.6,0.2,0.0,2,1,3,2,0,4,1,3,0,22,1
878,6218,3,CAR,1,1,1,2.52,1.06,1.44,2.33,2.66,1.62,0.3,0.3,0.0,2,1,3,2,0,4,1,3,0,22,1
878,6219,2,SM,1,1,1,2.14,1.06,1.8,1.94,2.66,1.25,0.6,0.3,0.0,2,1,3,2,0,4,1,3,0,22,1
879,6220,2,SM,1,1,1,2.26,0.78,1.7,2.17,2.37,1.1,1.2,0.3,0.0,2,1,3,2,0,4,1,3,0,22,1
879,6221,2,SM,1,1,1,1.69,0.84,2.21,1.63,1.89,0.88,1.2,0.3,0.0,2,1,3,2,0,4,1,3,0,22,1
879,6222,2,SM,1,1,1,2.26,0.92,1.36,1.63,1.98,0.88,1.2,0.2,0.0,2,1,3,2,0,4,1,3,0,22,1
879,6223,2,SM,1,1,1,1.88,0.92,2.21,1.63,1.98,1.43,0.6,0.1,0.0,2,1,3,2,0,4,1,3,0,22,1
879,6224,2,SM,1,1,1,1.88,0.92,1.36,1.81,2.1,1.43,1.2,0.3,0.0,2,1,3,2,0,4,1,3,0,22,1
879,6225,2,SM,1,1,1,1.69,0.92,2.21,1.81,2.1,1.1,0.6,0.2,0.0,2,1,3,2,0,4,1,3,0,22,1
879,6226,2,SM,1,1,1,1.69,0.84,1.7,2.17,2.45,0.88,0.6,0.1,0.0,2,1,3,2,0,4,1,3,0,22,1
879,6227,2,SM,1,1,1,1.69,0.78,1.7,1.81,2.18,1.43,1.2,0.2,0.0,2,1,3,2,0,4,1,3,0,22,1
879,6228,2,SM,1,1,1,1.88,0.92,1.7,2.17,2.93,1.43,0.3,0.2,0.0,2,1,3,2,0,4,1,3,0,22,1
880,6229,2,SM,1,1,1,2.06,0.59,1.5,2.21,2.37,0.95,1.2,0.3,0.0,2,1,3,2,0,4,1,3,0,22,1
880,6230,2,SM,1,1,1,1.57,0.65,1.95,1.66,1.94,0.76,1.2,0.3,0.0,2,1,3,2,0,4,1,3,0,22,1
880,6231,3,CAR,1,1,1,2.06,0.73,1.2,1.66,2.1,0.76,1.2,0.2,0.0,2,1,3,2,0,4,1,3,0,22,1
880,6232,2,SM,1,1,1,1.73,0.73,1.95,1.66,2.1,1.23,0.6,0.1,0.0,2,1,3,2,0,4,1,3,0,22,1
880,6233,2,SM,1,1,1,1.73,0.73,1.2,1.84,2.1,1.23,1.2,0.3,0.0,2,1,3,2,0,4,1,3,0,22,1
880,6234,2,SM,1,1,1,1.57,0.73,1.95,1.84,2.1,0.95,0.6,0.2,0.0,2,1,3,2,0,4,1,3,0,22,1
880,6235,3,CAR,1,1,1,1.57,0.65,1.5,2.21,2.54,0.76,0.6,0.1,0.0,2,1,3,2,0,4,1,3,0,22,1
880,6236,2,SM,1,1,1,1.57,0.59,1.5,1.84,2.18,1.23,1.2,0.2,0.0,2,1,3,2,0,4,1,3,0,22,1
880,6237,3,CAR,1,1,1,1.73,0.73,1.5,2.21,2.93,1.23,0.3,0.2,0.0,2,1,3,2,0,4,1,3,0,22,1
881,6238,3,CAR,1,1,1,2.08,1.22,1.4,1.55,1.67,0.68,0.3,0.1,0.0,2,1,3,2,0,4,1,3,0,22,12
881,6239,2,SM,1,1,1,2.08,1.18,1.82,1.55,1.81,1.1,1.2,0.1,0.0,2,1,3,2,0,4,1,3,0,22,12
881,6240,2,SM,1,1,1,2.08,1.15,1.82,1.39,1.69,0.85,0.3,0.2,0.0,2,1,3,2,0,4,1,3,0,22,12
881,6241,2,SM,1,1,1,1.56,1.15,1.12,1.39,1.69,1.1,0.6,0.3,0.0,2,1,3,2,0,4,1,3,0,22,12
881,6242,2,SM,1,1,1,1.73,1.15,1.82,1.55,1.69,0.68,0.3,0.3,0.0,2,1,3,2,0,4,1,3,0,22,12
881,6243,3,CAR,1,1,1,1.73,1.18,1.12,1.39,1.53,0.85,0.3,0.1,0.0,2,1,3,2,0,4,1,3,0,22,12
881,6244,3,CAR,1,1,1,1.73,1.15,1.12,1.86,1.84,0.68,0.6,0.2,0.0,2,1,3,2,0,4,1,3,0,22,12
881,6245,3,CAR,1,1,1,2.08,1.18,1.12,1.86,1.89,1.1,0.3,0.3,0.0,2,1,3,2,0,4,1,3,0,22,12
881,6246,3,CAR,1,1,1,1.73,1.18,1.4,1.55,1.81,0.85,0.6,0.3,0.0,2,1,3,2,0,4,1,3,0,22,12
882,6247,3,CAR,1,1,1,2.0,0.71,2.73,2.52,2.81,1.35,1.2,0.2,0.0,2,1,3,2,0,4,1,3,0,25,1
882,6248,2,SM,1,1,1,1.82,0.63,2.73,2.52,2.66,1.75,0.3,0.1,0.0,2,1,3,2,0,4,1,3,0,25,1
882,6249,3,CAR,1,1,1,2.36,0.81,2.73,2.52,3.37,1.08,0.6,0.3,0.0,2,1,3,2,0,4,1,3,0,25,1
882,6250,3,CAR,1,1,1,1.82,0.71,1.68,2.1,2.93,1.08,0.3,0.2,0.0,2,1,3,2,0,4,1,3,0,25,1
882,6251,2,SM,1,1,1,2.36,0.71,2.1,1.89,2.18,1.75,0.6,0.2,0.0,2,1,3,2,0,4,1,3,0,25,1
882,6252,3,CAR,1,1,1,2.0,0.63,2.1,1.89,2.66,1.08,1.2,0.1,0.0,2,1,3,2,0,4,1,3,0,25,1
882,6253,3,CAR,1,1,1,1.82,0.81,1.68,2.52,3.37,1.35,1.2,0.1,0.0,2,1,3,2,0,4,1,3,0,25,1
882,6254,2,SM,1,1,1,1.82,0.81,2.1,1.89,2.25,1.35,0.3,0.3,0.0,2,1,3,2,0,4,1,3,0,25,1
882,6255,2,SM,1,1,1,2.36,0.63,1.68,2.1,2.45,1.35,0.6,0.1,0.0,2,1,3,2,0,4,1,3,0,25,1
883,6256,2,SM,1,1,1,2.0,0.71,2.73,2.52,2.81,1.35,1.2,0.2,0.0,2,1,3,2,0,4,1,3,0,25,1
883,6257,2,SM,1,1,1,1.82,0.63,2.73,2.52,2.66,1.75,0.3,0.1,0.0,2,1,3,2,0,4,1,3,0,25,1
883,6258,2,SM,1,1,1,2.36,0.81,2.73,2.52,3.37,1.08,0.6,0.3,0.0,2,1,3,2,0,4,1,3,0,25,1
883,6259,2,SM,1,1,1,1.82,0.71,1.68,2.1,2.93,1.08,0.3,0.2,0.0,2,1,3,2,0,4,1,3,0,25,1
883,6260,2,SM,1,1,1,2.36,0.71,2.1,1.89,2.18,1.75,0.6,0.2,0.0,2,1,3,2,0,4,1,3,0,25,1
883,6261,2,SM,1,1,1,2.0,0.63,2.1,1.89,2.66,1.08,1.2,0.1,0.0,2,1,3,2,0,4,1,3,0,25,1
883,6262,3,CAR,1,1,1,1.82,0.81,1.68,2.52,3.37,1.35,1.2,0.1,0.0,2,1,3,2,0,4,1,3,0,25,1
883,6263,2,SM,1,1,1,1.82,0.81,2.1,1.89,2.25,1.35,0.3,0.3,0.0,2,1,3,2,0,4,1,3,0,25,1
883,6264,2,SM,1,1,1,2.36,0.63,1.68,2.1,2.45,1.35,0.6,0.1,0.0,2,1,3,2,0,4,1,3,0,25,1
884,6265,3,CAR,1,1,1,2.04,1.02,1.1,1.63,1.69,0.8,1.2,0.3,0.0,2,1,3,2,0,4,1,3,0,25,2
884,6266,3,CAR,1,1,1,1.72,1.07,1.43,1.22,1.42,0.64,1.2,0.3,0.0,2,1,3,2,0,4,1,3,0,25,2
884,6267,3,CAR,1,1,1,2.04,1.13,0.88,1.22,1.47,0.64,1.2,0.2,0.0,2,1,3,2,0,4,1,3,0,25,2
884,6268,3,CAR,1,1,1,1.83,1.13,1.43,1.22,1.47,1.04,0.6,0.1,0.0,2,1,3,2,0,4,1,3,0,25,2
884,6269,3,CAR,1,1,1,1.83,1.13,0.88,1.36,1.53,1.04,1.2,0.3,0.0,2,1,3,2,0,4,1,3,0,25,2
884,6270,3,CAR,1,1,1,1.72,1.13,1.43,1.36,1.53,0.8,0.6,0.2,0.0,2,1,3,2,0,4,1,3,0,25,2
884,6271,3,CAR,1,1,1,1.72,1.07,1.1,1.63,1.81,0.64,0.6,0.1,0.0,2,1,3,2,0,4,1,3,0,25,2
884,6272,3,CAR,1,1,1,1.72,1.02,1.1,1.36,1.55,1.04,1.2,0.2,0.0,2,1,3,2,0,4,1,3,0,25,2
884,6273,3,CAR,1,1,1,1.83,1.13,1.1,1.63,2.1,1.04,0.3,0.2,0.0,2,1,3,2,0,4,1,3,0,25,2
885,6274,3,CAR,1,1,1,1.95,0.91,1.4,1.62,1.94,1.04,0.3,0.1,0.0,2,1,3,2,0,2,1,2,0,17,2
885,6275,3,CAR,1,1,1,1.95,0.83,1.82,1.62,2.37,1.69,1.2,0.1,0.0,2,1,3,2,0,2,1,2,0,17,2
885,6276,3,CAR,1,1,1,1.95,0.77,1.82,1.46,2.18,1.3,0.3,0.2,0.0,2,1,3,2,0,2,1,2,0,17,2
885,6277,3,CAR,1,1,1,1.51,0.77,1.12,1.46,2.18,1.69,0.6,0.3,0.0,2,1,3,2,0,2,1,2,0,17,2
885,6278,3,CAR,1,1,1,1.66,0.77,1.82,1.62,2.1,1.04,0.3,0.3,0.0,2,1,3,2,0,2,1,2,0,17,2
885,6279,3,CAR,1,1,1,1.66,0.83,1.12,1.46,1.81,1.3,0.3,0.1,0.0,2,1,3,2,0,2,1,2,0,17,2
885,6280,3,CAR,1,1,1,1.66,0.77,1.12,1.94,2.25,1.04,0.6,0.2,0.0,2,1,3,2,0,2,1,2,0,17,2
885,6281,3,CAR,1,1,1,1.95,0.83,1.12,1.94,2.37,1.69,0.3,0.3,0.0,2,1,3,2,0,2,1,2,0,17,2
885,6282,3,CAR,1,1,1,1.66,0.83,1.4,1.62,2.37,1.3,0.6,0.3,0.0,2,1,3,2,0,2,1,2,0,17,2
886,6283,2,SM,1,1,1,1.64,0.56,2.21,2.11,2.37,1.05,1.2,0.2,0.0,2,1,3,2,0,2,1,3,0,1,22
886,6284,2,SM,1,1,1,1.5,0.5,2.21,2.11,2.25,1.36,0.3,0.1,0.0,2,1,3,2,0,2,1,3,0,1,22
886,6285,2,SM,1,1,1,1.93,0.64,2.21,2.11,2.81,0.84,0.6,0.3,0.0,2,1,3,2,0,2,1,3,0,1,22
886,6286,3,CAR,1,1,1,1.5,0.56,1.36,1.76,2.45,0.84,0.3,0.2,0.0,2,1,3,2,0,2,1,3,0,1,22
886,6287,2,SM,1,1,1,1.93,0.56,1.7,1.58,1.81,1.36,0.6,0.2,0.0,2,1,3,2,0,2,1,3,0,1,22
886,6288,3,CAR,1,1,1,1.64,0.5,1.7,1.58,2.25,0.84,1.2,0.1,0.0,2,1,3,2,0,2,1,3,0,1,22
886,6289,3,CAR,1,1,1,1.5,0.64,1.36,2.11,2.81,1.05,1.2,0.1,0.0,2,1,3,2,0,2,1,3,0,1,22
886,6290,2,SM,1,1,1,1.5,0.64,1.7,1.58,1.94,1.05,0.3,0.3,0.0,2,1,3,2,0,2,1,3,0,1,22
886,6291,2,SM,1,1,1,1.93,0.5,1.36,1.76,2.1,1.05,0.6,0.1,0.0,2,1,3,2,0,2,1,3,0,1,22
887,6292,3,CAR,1,1,1,2.62,0.83,2.2,2.52,2.74,1.45,1.2,0.3,0.0,2,1,3,2,0,3,1,3,0,1,25
887,6293,2,SM,1,1,1,1.99,0.91,2.86,1.89,2.25,1.16,1.2,0.3,0.0,2,1,3,2,0,3,1,3,0,1,25
887,6294,2,SM,1,1,1,2.62,1.01,1.76,1.89,2.37,1.16,1.2,0.2,0.0,2,1,3,2,0,3,1,3,0,1,25
887,6295,2,SM,1,1,1,2.2,1.01,2.86,1.89,2.37,1.88,0.6,0.1,0.0,2,1,3,2,0,3,1,3,0,1,25
887,6296,3,CAR,1,1,1,2.2,1.01,1.76,2.1,2.45,1.88,1.2,0.3,0.0,2,1,3,2,0,3,1,3,0,1,25
887,6297,2,SM,1,1,1,1.99,1.01,2.86,2.1,2.45,1.45,0.6,0.2,0.0,2,1,3,2,0,3,1,3,0,1,25
887,6298,2,SM,1,1,1,1.99,0.91,2.2,2.52,2.93,1.16,0.6,0.1,0.0,2,1,3,2,0,3,1,3,0,1,25
887,6299,2,SM,1,1,1,1.99,0.83,2.2,2.1,2.54,1.88,1.2,0.2,0.0,2,1,3,2,0,3,1,3,0,1,25
887,6300,1,TRAIN,1,1,1,2.2,1.01,2.2,2.52,3.49,1.88,0.3,0.2,0.0,2,1,3,2,0,3,1,3,0,1,25
888,6301,3,CAR,1,1,1,1.72,0.64,1.2,1.84,1.89,0.85,1.2,0.3,0.0,2,1,3,2,0,3,1,3,0,2,25
888,6302,3,CAR,1,1,1,1.31,0.69,1.56,1.38,1.55,0.68,1.2,0.3,0.0,2,1,3,2,0,3,1,3,0,2,25
888,6303,3,CAR,1,1,1,1.72,0.75,0.96,1.38,1.62,0.68,1.2,0.2,0.0,2,1,3,2,0,3,1,3,0,2,25
888,6304,2,SM,1,1,1,1.45,0.75,1.56,1.38,1.62,1.1,0.6,0.1,0.0,2,1,3,2,0,3,1,3,0,2,25
888,6305,2,SM,1,1,1,1.45,0.75,0.96,1.53,1.67,1.1,1.2,0.3,0.0,2,1,3,2,0,3,1,3,0,2,25
888,6306,2,SM,1,1,1,1.31,0.75,1.56,1.53,1.67,0.85,0.6,0.2,0.0,2,1,3,2,0,3,1,3,0,2,25
888,6307,3,CAR,1,1,1,1.31,0.69,1.2,1.84,1.98,0.68,0.6,0.1,0.0,2,1,3,2,0,3,1,3,0,2,25
888,6308,2,SM,1,1,1,1.31,0.64,1.2,1.53,1.76,1.1,1.2,0.2,0.0,2,1,3,2,0,3,1,3,0,2,25
888,6309,3,CAR,1,1,1,1.45,0.75,1.2,1.84,2.25,1.1,0.3,0.2,0.0,2,1,3,2,0,3,1,3,0,2,25
889,6310,3,CAR,1,1,1,2.05,0.69,1.4,1.67,1.89,0.68,0.3,0.1,0.0,2,1,3,2,0,3,1,3,0,17,2
889,6311,2,SM,1,1,1,2.05,0.61,1.82,1.67,2.37,1.1,1.2,0.1,0.0,2,1,3,2,0,3,1,3,0,17,2
889,6312,3,CAR,1,1,1,2.05,0.55,1.82,1.5,2.18,0.85,0.3,0.2,0.0,2,1,3,2,0,3,1,3,0,17,2
889,6313,3,CAR,1,1,1,1.59,0.55,1.12,1.5,2.18,1.1,0.6,0.3,0.0,2,1,3,2,0,3,1,3,0,17,2
889,6314,2,SM,1,1,1,1.74,0.55,1.82,1.67,1.98,0.68,0.3,0.3,0.0,2,1,3,2,0,3,1,3,0,17,2
889,6315,3,CAR,1,1,1,1.74,0.61,1.12,1.5,1.76,0.85,0.3,0.1,0.0,2,1,3,2,0,3,1,3,0,17,2
889,6316,3,CAR,1,1,1,1.74,0.55,1.12,2.0,2.18,0.68,0.6,0.2,0.0,2,1,3,2,0,3,1,3,0,17,2
889,6317,3,CAR,1,1,1,2.05,0.61,1.12,2.0,2.25,1.1,0.3,0.3,0.0,2,1,3,2,0,3,1,3,0,17,2
889,6318,3,CAR,1,1,1,1.74,0.61,1.4,1.67,2.37,0.85,0.6,0.3,0.0,2,1,3,2,0,3,1,3,0,17,2
890,6319,2,SM,1,1,1,3.36,1.09,2.4,2.45,2.81,1.6,0.3,0.1,0.0,2,1,3,2,0,3,1,3,0,17,25
890,6320,2,SM,1,1,1,3.36,0.95,3.12,2.45,3.57,2.6,1.2,0.1,0.0,2,1,3,2,0,3,1,3,0,17,25
890,6321,2,SM,1,1,1,3.36,0.84,3.12,2.2,3.3,2.0,0.3,0.2,0.0,2,1,3,2,0,3,1,3,0,17,25
890,6322,2,SM,1,1,1,2.57,0.84,1.92,2.2,3.3,2.6,0.6,0.3,0.0,2,1,3,2,0,3,1,3,0,17,25
890,6323,2,SM,1,1,1,2.83,0.84,3.12,2.45,3.01,1.6,0.3,0.3,0.0,2,1,3,2,0,3,1,3,0,17,25
890,6324,2,SM,1,1,1,2.83,0.95,1.92,2.2,2.66,2.0,0.3,0.1,0.0,2,1,3,2,0,3,1,3,0,17,25
890,6325,2,SM,1,1,1,2.83,0.84,1.92,2.94,3.3,1.6,0.6,0.2,0.0,2,1,3,2,0,3,1,3,0,17,25
890,6326,2,SM,1,1,1,3.36,0.95,1.92,2.94,3.49,2.6,0.3,0.3,0.0,2,1,3,2,0,3,1,3,0,17,25
890,6327,2,SM,1,1,1,2.83,0.95,2.4,2.45,3.57,2.0,0.6,0.3,0.0,2,1,3,2,0,3,1,3,0,17,25
891,6328,2,SM,1,1,1,1.73,0.65,2.21,2.21,2.54,1.25,1.2,0.2,0.0,2,1,3,2,0,3,1,3,0,22,1
891,6329,2,SM,1,1,1,1.57,0.59,2.21,2.21,2.37,1.62,0.3,0.1,0.0,2,1,3,2,0,3,1,3,0,22,1
891,6330,2,SM,1,1,1,2.06,0.73,2.21,2.21,2.93,1.0,0.6,0.3,0.0,2,1,3,2,0,3,1,3,0,22,1
891,6331,3,CAR,1,1,1,1.57,0.65,1.36,1.84,2.54,1.0,0.3,0.2,0.0,2,1,3,2,0,3,1,3,0,22,1
891,6332,2,SM,1,1,1,2.06,0.65,1.7,1.66,1.94,1.62,0.6,0.2,0.0,2,1,3,2,0,3,1,3,0,22,1
891,6333,2,SM,1,1,1,1.73,0.59,1.7,1.66,2.37,1.0,1.2,0.1,0.0,2,1,3,2,0,3,1,3,0,22,1
891,6334,3,CAR,1,1,1,1.57,0.73,1.36,2.21,2.93,1.25,1.2,0.1,0.0,2,1,3,2,0,3,1,3,0,22,1
891,6335,2,SM,1,1,1,1.57,0.73,1.7,1.66,2.1,1.25,0.3,0.3,0.0,2,1,3,2,0,3,1,3,0,22,1
891,6336,2,SM,1,1,1,2.06,0.59,1.36,1.84,2.18,1.25,0.6,0.1,0.0,2,1,3,2,0,3,1,3,0,22,1
892,6337,2,SM,1,1,1,2.26,1.3,1.6,2.11,2.1,1.05,1.2,0.3,0.0,2,1,3,2,0,3,1,3,0,22,12
892,6338,2,SM,1,1,1,1.69,1.33,2.08,1.58,1.69,0.84,1.2,0.3,0.0,2,1,3,2,0,3,1,3,0,22,12
892,6339,3,CAR,1,1,1,2.26,1.37,1.28,1.58,1.76,0.84,1.2,0.2,0.0,2,1,3,2,0,3,1,3,0,22,12
892,6340,2,SM,1,1,1,1.88,1.37,2.08,1.58,1.76,1.36,0.6,0.1,0.0,2,1,3,2,0,3,1,3,0,22,12
892,6341,2,SM,1,1,1,1.88,1.37,1.28,1.76,1.84,1.36,1.2,0.3,0.0,2,1,3,2,0,3,1,3,0,22,12
892,6342,2,SM,1,1,1,1.69,1.37,2.08,1.76,1.84,1.05,0.6,0.2,0.0,2,1,3,2,0,3,1,3,0,22,12
892,6343,3,CAR,1,1,1,1.69,1.33,1.6,2.11,2.18,0.84,0.6,0.1,0.0,2,1,3,2,0,3,1,3,0,22,12
892,6344,2,SM,1,1,1,1.69,1.3,1.6,1.76,1.89,1.36,1.2,0.2,0.0,2,1,3,2,0,3,1,3,0,22,12
892,6345,3,CAR,1,1,1,1.88,1.37,1.6,2.11,2.25,1.36,0.3,0.2,0.0,2,1,3,2,0,3,1,3,0,22,12
893,6346,2,SM,1,1,1,2.36,0.63,2.1,2.52,2.66,1.65,1.2,0.3,0.0,2,1,3,2,0,3,1,3,0,25,1
893,6347,2,SM,1,1,1,1.82,0.71,2.73,1.89,2.18,1.32,1.2,0.3,0.0,2,1,3,2,0,3,1,3,0,25,1
893,6348,2,SM,1,1,1,2.36,0.81,1.68,1.89,2.25,1.32,1.2,0.2,0.0,2,1,3,2,0,3,1,3,0,25,1
893,6349,2,SM,1,1,1,2.0,0.81,2.73,1.89,2.25,2.14,0.6,0.1,0.0,2,1,3,2,0,3,1,3,0,25,1
893,6350,2,SM,1,1,1,2.0,0.81,1.68,2.1,2.37,2.14,1.2,0.3,0.0,2,1,3,2,0,3,1,3,0,25,1
893,6351,2,SM,1,1,1,1.82,0.81,2.73,2.1,2.37,1.65,0.6,0.2,0.0,2,1,3,2,0,3,1,3,0,25,1
893,6352,2,SM,1,1,1,1.82,0.71,2.1,2.52,2.81,1.32,0.6,0.1,0.0,2,1,3,2,0,3,1,3,0,25,1
893,6353,2,SM,1,1,1,1.82,0.63,2.1,2.1,2.45,2.14,1.2,0.2,0.0,2,1,3,2,0,3,1,3,0,25,1
893,6354,2,SM,1,1,1,2.0,0.81,2.1,2.52,3.37,2.14,0.3,0.2,0.0,2,1,3,2,0,3,1,3,0,25,1
894,6355,3,CAR,1,1,1,2.71,1.67,2.73,2.52,2.81,1.4,1.2,0.2,0.0,2,1,3,2,1,2,0,3,0,22,17
894,6356,2,SM,1,1,1,2.45,1.61,2.73,2.52,2.66,1.82,0.3,0.1,0.0,2,1,3,2,1,2,0,3,0,22,17
894,6357,3,CAR,1,1,1,3.23,1.75,2.73,2.52,3.22,1.12,0.6,0.3,0.0,2,1,3,2,1,2,0,3,0,22,17
894,6358,3,CAR,1,1,1,2.45,1.67,1.68,2.1,2.74,1.12,0.3,0.2,0.0,2,1,3,2,1,2,0,3,0,22,17
894,6359,2,SM,1,1,1,3.23,1.67,2.1,1.89,2.18,1.82,0.6,0.2,0.0,2,1,3,2,1,2,0,3,0,22,17
894,6360,3,CAR,1,1,1,2.71,1.61,2.1,1.89,2.54,1.12,1.2,0.1,0.0,2,1,3,2,1,2,0,3,0,22,17
894,6361,3,CAR,1,1,1,2.45,1.75,1.68,2.52,3.22,1.4,1.2,0.1,0.0,2,1,3,2,1,2,0,3,0,22,17
894,6362,3,CAR,1,1,1,2.45,1.75,2.1,1.89,2.25,1.4,0.3,0.3,0.0,2,1,3,2,1,2,0,3,0,22,17
894,6363,3,CAR,1,1,1,3.23,1.61,1.68,2.1,2.45,1.4,0.6,0.1,0.0,2,1,3,2,1,2,0,3,0,22,17
895,6364,3,CAR,1,1,1,2.75,1.31,2.0,1.94,2.18,0.92,0.3,0.1,0.0,2,1,3,2,1,2,1,2,0,1,22
895,6365,3,CAR,1,1,1,2.75,1.23,2.6,1.94,2.66,1.49,1.2,0.1,0.0,2,1,3,2,1,2,1,2,0,1,22
895,6366,2,SM,1,1,1,2.75,1.17,2.6,1.75,2.45,1.15,0.3,0.2,0.0,2,1,3,2,1,2,1,2,0,1,22
895,6367,3,CAR,1,1,1,2.09,1.17,1.6,1.75,2.45,1.49,0.6,0.3,0.0,2,1,3,2,1,2,1,2,0,1,22
895,6368,3,CAR,1,1,1,2.31,1.17,2.6,1.94,2.37,0.92,0.3,0.3,0.0,2,1,3,2,1,2,1,2,0,1,22
895,6369,2,SM,1,1,1,2.31,1.23,1.6,1.75,2.1,1.15,0.3,0.1,0.0,2,1,3,2,1,2,1,2,0,1,22
895,6370,3,CAR,1,1,1,2.31,1.17,1.6,2.33,2.54,0.92,0.6,0.2,0.0,2,1,3,2,1,2,1,2,0,1,22
895,6371,2,SM,1,1,1,2.75,1.23,1.6,2.33,2.66,1.49,0.3,0.3,0.0,2,1,3,2,1,2,1,2,0,1,22
895,6372,3,CAR,1,1,1,2.31,1.23,2.0,1.94,2.66,1.15,0.6,0.3,0.0,2,1,3,2,1,2,1,2,0,1,22
896,6373,3,CAR,1,1,1,1.76,0.97,1.0,1.42,1.55,0.4,0.3,0.1,0.0,2,1,3,2,1,2,1,2,0,9,2
896,6374,3,CAR,1,1,1,1.76,0.93,1.3,1.42,1.81,0.65,1.2,0.1,0.0,2,1,3,2,1,2,1,2,0,9,2
896,6375,2,SM,1,1,1,1.76,0.9,1.3,1.28,1.69,0.5,0.3,0.2,0.0,2,1,3,2,1,2,1,2,0,9,2
896,6376,3,CAR,1,1,1,1.34,0.9,0.8,1.28,1.69,0.65,0.6,0.3,0.0,2,1,3,2,1,2,1,2,0,9,2
896,6377,2,SM,1,1,1,1.48,0.9,1.3,1.42,1.62,0.4,0.3,0.3,0.0,2,1,3,2,1,2,1,2,0,9,2
896,6378,3,CAR,1,1,1,1.48,0.93,0.8,1.28,1.47,0.5,0.3,0.1,0.0,2,1,3,2,1,2,1,2,0,9,2
896,6379,3,CAR,1,1,1,1.48,0.9,0.8,1.7,1.76,0.4,0.6,0.2,0.0,2,1,3,2,1,2,1,2,0,9,2
896,6380,3,CAR,1,1,1,1.76,0.93,0.8,1.7,1.81,0.65,0.3,0.3,0.0,2,1,3,2,1,2,1,2,0,9,2
896,6381,3,CAR,1,1,1,1.48,0.93,1.0,1.42,1.81,0.5,0.6,0.3,0.0,2,1,3,2,1,2,1,2,0,9,2
897,6382,3,CAR,1,1,1,1.95,1.13,1.5,1.53,1.62,0.72,0.3,0.1,0.0,2,1,3,2,1,2,1,2,0,19,22
897,6383,2,SM,1,1,1,1.95,1.09,1.95,1.53,1.81,1.17,1.2,0.1,0.0,2,1,3,2,1,2,1,2,0,19,22
897,6384,2,SM,1,1,1,1.95,1.06,1.95,1.38,1.67,0.9,0.3,0.2,0.0,2,1,3,2,1,2,1,2,0,19,22
897,6385,3,CAR,1,1,1,1.49,1.06,1.2,1.38,1.67,1.17,0.6,0.3,0.0,2,1,3,2,1,2,1,2,0,19,22
897,6386,2,SM,1,1,1,1.64,1.06,1.95,1.53,1.67,0.72,0.3,0.3,0.0,2,1,3,2,1,2,1,2,0,19,22
897,6387,3,CAR,1,1,1,1.64,1.09,1.2,1.38,1.53,0.9,0.3,0.1,0.0,2,1,3,2,1,2,1,2,0,19,22
897,6388,3,CAR,1,1,1,1.64,1.06,1.2,1.84,1.81,0.72,0.6,0.2,0.0,2,1,3,2,1,2,1,2,0,19,22
897,6389,3,CAR,1,1,1,1.95,1.09,1.2,1.84,1.84,1.17,0.3,0.3,0.0,2,1,3,2,1,2,1,2,0,19,22
897,6390,3,CAR,1,1,1,1.64,1.09,1.5,1.53,1.81,0.9,0.6,0.3,0.0,2,1,3,2,1,2,1,2,0,19,22
898,6391,2,SM,1,1,1,2.36,0.81,2.1,2.1,2.37,1.08,0.3,0.1,0.0,2,1,3,2,1,2,1,3,0,1,25
898,6392,3,CAR,1,1,1,2.36,0.71,2.73,2.1,2.93,1.75,1.2,0.1,0.0,2,1,3,2,1,2,1,3,0,1,25
898,6393,2,SM,1,1,1,2.36,0.63,2.73,1.89,2.66,1.35,0.3,0.2,0.0,2,1,3,2,1,2,1,3,0,1,25
898,6394,3,CAR,1,1,1,1.82,0.63,1.68,1.89,2.66,1.75,0.6,0.3,0.0,2,1,3,2,1,2,1,3,0,1,25
898,6395,2,SM,1,1,1,2.0,0.63,2.73,2.1,2.45,1.08,0.3,0.3,0.0,2,1,3,2,1,2,1,3,0,1,25
898,6396,2,SM,1,1,1,2.0,0.71,1.68,1.89,2.18,1.35,0.3,0.1,0.0,2,1,3,2,1,2,1,3,0,1,25
898,6397,3,CAR,1,1,1,2.0,0.63,1.68,2.52,2.66,1.08,0.6,0.2,0.0,2,1,3,2,1,2,1,3,0,1,25
898,6398,3,CAR,1,1,1,2.36,0.71,1.68,2.52,2.81,1.75,0.3,0.3,0.0,2,1,3,2,1,2,1,3,0,1,25
898,6399,3,CAR,1,1,1,2.0,0.71,2.1,2.1,2.93,1.35,0.6,0.3,0.0,2,1,3,2,1,2,1,3,0,1,25
899,6400,3,CAR,1,1,1,2.4,1.23,1.5,1.67,2.18,0.8,0.3,0.1,0.0,2,1,3,2,1,2,1,3,0,17,2
899,6401,3,CAR,1,1,1,2.4,1.15,1.95,1.67,2.54,1.3,1.2,0.1,0.0,2,1,3,2,1,2,1,3,0,17,2
899,6402,3,CAR,1,1,1,2.4,1.09,1.95,1.5,2.37,1.0,0.3,0.2,0.0,2,1,3,2,1,2,1,3,0,17,2
899,6403,3,CAR,1,1,1,1.83,1.09,1.2,1.5,2.37,1.3,0.6,0.3,0.0,2,1,3,2,1,2,1,3,0,17,2
899,6404,3,CAR,1,1,1,2.02,1.09,1.95,1.67,2.25,0.8,0.3,0.3,0.0,2,1,3,2,1,2,1,3,0,17,2
899,6405,3,CAR,1,1,1,2.02,1.15,1.2,1.5,1.94,1.0,0.3,0.1,0.0,2,1,3,2,1,2,1,3,0,17,2
899,6406,3,CAR,1,1,1,2.02,1.09,1.2,2.0,2.45,0.8,0.6,0.2,0.0,2,1,3,2,1,2,1,3,0,17,2
899,6407,3,CAR,1,1,1,2.4,1.15,1.2,2.0,2.54,1.3,0.3,0.3,0.0,2,1,3,2,1,2,1,3,0,17,2
899,6408,3,CAR,1,1,1,2.02,1.15,1.5,1.67,2.54,1.0,0.6,0.3,0.0,2,1,3,2,1,2,1,3,0,17,2
900,6409,2,SM,1,1,1,2.17,1.72,1.82,1.94,1.94,0.9,1.2,0.2,0.0,2,1,3,2,1,2,1,3,0,17,13
900,6410,2,SM,1,1,1,1.99,1.69,1.82,1.94,1.89,1.17,0.3,0.1,0.0,2,1,3,2,1,2,1,3,0,17,13
900,6411,3,CAR,1,1,1,2.53,1.76,1.82,1.94,2.1,0.72,0.6,0.3,0.0,2,1,3,2,1,2,1,3,0,17,13
900,6412,3,CAR,1,1,1,1.99,1.72,1.12,1.62,1.84,0.72,0.3,0.2,0.0,2,1,3,2,1,2,1,3,0,17,13
900,6413,2,SM,1,1,1,2.53,1.72,1.4,1.46,1.55,1.17,0.6,0.2,0.0,2,1,3,2,1,2,1,3,0,17,13
900,6414,2,SM,1,1,1,2.17,1.69,1.4,1.46,1.69,0.72,1.2,0.1,0.0,2,1,3,2,1,2,1,3,0,17,13
900,6415,3,CAR,1,1,1,1.99,1.76,1.12,1.94,2.1,0.9,1.2,0.1,0.0,2,1,3,2,1,2,1,3,0,17,13
900,6416,3,CAR,1,1,1,1.99,1.76,1.4,1.46,1.62,0.9,0.3,0.3,0.0,2,1,3,2,1,2,1,3,0,17,13
900,6417,3,CAR,1,1,1,2.53,1.69,1.12,1.62,1.69,0.9,0.6,0.1,0.0,2,1,3,2,1,2,1,3,0,17,13
901,6418,3,CAR,1,1,1,2.27,0.93,1.8,1.89,2.18,1.08,0.3,0.1,0.0,2,1,3,2,1,2,1,3,0,22,1
901,6419,2,SM,1,1,1,2.27,0.85,2.34,1.89,2.66,1.75,1.2,0.1,0.0,2,1,3,2,1,2,1,3,0,22,1
901,6420,2,SM,1,1,1,2.27,0.79,2.34,1.7,2.45,1.35,0.3,0.2,0.0,2,1,3,2,1,2,1,3,0,22,1
901,6421,3,CAR,1,1,1,1.76,0.79,1.44,1.7,2.45,1.75,0.6,0.3,0.0,2,1,3,2,1,2,1,3,0,22,1
901,6422,2,SM,1,1,1,1.93,0.79,2.34,1.89,2.25,1.08,0.3,0.3,0.0,2,1,3,2,1,2,1,3,0,22,1
901,6423,3,CAR,1,1,1,1.93,0.85,1.44,1.7,1.98,1.35,0.3,0.1,0.0,2,1,3,2,1,2,1,3,0,22,1
901,6424,3,CAR,1,1,1,1.93,0.79,1.44,2.27,2.45,1.08,0.6,0.2,0.0,2,1,3,2,1,2,1,3,0,22,1
901,6425,3,CAR,1,1,1,2.27,0.85,1.44,2.27,2.66,1.75,0.3,0.3,0.0,2,1,3,2,1,2,1,3,0,22,1
901,6426,3,CAR,1,1,1,1.93,0.85,1.8,1.89,2.66,1.35,0.6,0.3,0.0,2,1,3,2,1,2,1,3,0,22,1
902,6427,3,CAR,1,1,1,4.33,3.25,3.77,3.29,3.57,1.75,1.2,0.2,0.0,2,1,3,2,1,3,0,2,0,22,18
902,6428,3,CAR,1,1,1,3.94,3.19,3.77,3.29,3.49,2.27,0.3,0.1,0.0,2,1,3,2,1,3,0,2,0,22,18
902,6429,3,CAR,1,1,1,5.11,3.33,3.77,3.29,4.02,1.4,0.6,0.3,0.0,2,1,3,2,1,3,0,2,0,22,18
902,6430,3,CAR,1,1,1,3.94,3.25,2.32,2.74,3.49,1.4,0.3,0.2,0.0,2,1,3,2,1,3,0,2,0,22,18
902,6431,2,SM,1,1,1,5.11,3.25,2.9,2.47,2.74,2.27,0.6,0.2,0.0,2,1,3,2,1,3,0,2,0,22,18
902,6432,3,CAR,1,1,1,4.33,3.19,2.9,2.47,3.22,1.4,1.2,0.1,0.0,2,1,3,2,1,3,0,2,0,22,18
902,6433,3,CAR,1,1,1,3.94,3.33,2.32,3.29,4.02,1.75,1.2,0.1,0.0,2,1,3,2,1,3,0,2,0,22,18
902,6434,3,CAR,1,1,1,3.94,3.33,2.9,2.47,2.81,1.75,0.3,0.3,0.0,2,1,3,2,1,3,0,2,0,22,18
902,6435,3,CAR,1,1,1,5.11,3.19,2.32,2.74,3.1,1.75,0.6,0.1,0.0,2,1,3,2,1,3,0,2,0,22,18
903,6436,3,CAR,1,1,1,3.21,1.55,2.4,2.25,2.54,1.16,0.3,0.1,0.0,2,1,3,2,1,3,1,2,0,1,25
903,6437,3,CAR,1,1,1,3.21,1.45,3.12,2.25,3.1,1.88,1.2,0.1,0.0,2,1,3,2,1,3,1,2,0,1,25
903,6438,3,CAR,1,1,1,3.21,1.37,3.12,2.02,2.81,1.45,0.3,0.2,0.0,2,1,3,2,1,3,1,2,0,1,25
903,6439,3,CAR,1,1,1,2.5,1.37,1.92,2.02,2.81,1.88,0.6,0.3,0.0,2,1,3,2,1,3,1,2,0,1,25
903,6440,3,CAR,1,1,1,2.74,1.37,3.12,2.25,2.74,1.16,0.3,0.3,0.0,2,1,3,2,1,3,1,2,0,1,25
903,6441,3,CAR,1,1,1,2.74,1.45,1.92,2.02,2.37,1.45,0.3,0.1,0.0,2,1,3,2,1,3,1,2,0,1,25
903,6442,3,CAR,1,1,1,2.74,1.37,1.92,2.7,2.93,1.16,0.6,0.2,0.0,2,1,3,2,1,3,1,2,0,1,25
903,6443,3,CAR,1,1,1,3.21,1.45,1.92,2.7,3.1,1.88,0.3,0.3,0.0,2,1,3,2,1,3,1,2,0,1,25
903,6444,3,CAR,1,1,1,2.74,1.45,2.4,2.25,3.1,1.45,0.6,0.3,0.0,2,1,3,2,1,3,1,2,0,1,25
904,6445,2,SM,1,1,1,1.64,0.56,2.21,2.11,2.37,1.4,1.2,0.2,0.0,2,1,3,2,1,3,1,3,0,1,22
904,6446,2,SM,1,1,1,1.5,0.5,2.21,2.11,2.25,1.82,0.3,0.1,0.0,2,1,3,2,1,3,1,3,0,1,22
904,6447,3,CAR,1,1,1,1.93,0.64,2.21,2.11,2.81,1.12,0.6,0.3,0.0,2,1,3,2,1,3,1,3,0,1,22
904,6448,3,CAR,1,1,1,1.5,0.56,1.36,1.76,2.45,1.12,0.3,0.2,0.0,2,1,3,2,1,3,1,3,0,1,22
904,6449,2,SM,1,1,1,1.93,0.56,1.7,1.58,1.81,1.82,0.6,0.2,0.0,2,1,3,2,1,3,1,3,0,1,22
904,6450,2,SM,1,1,1,1.64,0.5,1.7,1.58,2.25,1.12,1.2,0.1,0.0,2,1,3,2,1,3,1,3,0,1,22
904,6451,3,CAR,1,1,1,1.5,0.64,1.36,2.11,2.81,1.4,1.2,0.1,0.0,2,1,3,2,1,3,1,3,0,1,22
904,6452,2,SM,1,1,1,1.5,0.64,1.7,1.58,1.94,1.4,0.3,0.3,0.0,2,1,3,2,1,3,1,3,0,1,22
904,6453,2,SM,1,1,1,1.93,0.5,1.36,1.76,2.1,1.4,0.6,0.1,0.0,2,1,3,2,1,3,1,3,0,1,22
905,6454,2,SM,1,1,1,2.73,1.1,2.2,2.1,2.37,1.2,0.3,0.1,0.0,2,1,3,2,1,3,1,3,0,1,25
905,6455,2,SM,1,1,1,2.73,1.0,2.86,2.1,3.01,1.95,1.2,0.1,0.0,2,1,3,2,1,3,1,3,0,1,25
905,6456,2,SM,1,1,1,2.73,0.92,2.86,1.89,2.74,1.5,0.3,0.2,0.0,2,1,3,2,1,3,1,3,0,1,25
905,6457,2,SM,1,1,1,2.07,0.92,1.76,1.89,2.74,1.95,0.6,0.3,0.0,2,1,3,2,1,3,1,3,0,1,25
905,6458,2,SM,1,1,1,2.29,0.92,2.86,2.1,2.54,1.2,0.3,0.3,0.0,2,1,3,2,1,3,1,3,0,1,25
905,6459,2,SM,1,1,1,2.29,1.0,1.76,1.89,2.25,1.5,0.3,0.1,0.0,2,1,3,2,1,3,1,3,0,1,25
905,6460,3,CAR,1,1,1,2.29,0.92,1.76,2.52,2.74,1.2,0.6,0.2,0.0,2,1,3,2,1,3,1,3,0,1,25
905,6461,2,SM,1,1,1,2.73,1.0,1.76,2.52,2.93,1.95,0.3,0.3,0.0,2,1,3,2,1,3,1,3,0,1,25
905,6462,2,SM,1,1,1,2.29,1.0,2.2,2.1,3.01,1.5,0.6,0.3,0.0,2,1,3,2,1,3,1,3,0,1,25
906,6463,3,CAR,1,1,1,2.26,0.97,2.73,2.52,2.93,1.5,1.2,0.2,0.0,2,1,3,2,1,3,1,3,0,1,25
906,6464,3,CAR,1,1,1,2.04,0.89,2.73,2.52,2.74,1.95,0.3,0.1,0.0,2,1,3,2,1,3,1,3,0,1,25
906,6465,3,CAR,1,1,1,2.69,1.07,2.73,2.52,3.49,1.2,0.6,0.3,0.0,2,1,3,2,1,3,1,3,0,1,25
906,6466,3,CAR,1,1,1,2.04,0.97,1.68,2.1,3.01,1.2,0.3,0.2,0.0,2,1,3,2,1,3,1,3,0,1,25
906,6467,3,CAR,1,1,1,2.69,0.97,2.1,1.89,2.25,1.95,0.6,0.2,0.0,2,1,3,2,1,3,1,3,0,1,25
906,6468,3,CAR,1,1,1,2.26,0.89,2.1,1.89,2.74,1.2,1.2,0.1,0.0,2,1,3,2,1,3,1,3,0,1,25
906,6469,3,CAR,1,1,1,2.04,1.07,1.68,2.52,3.49,1.5,1.2,0.1,0.0,2,1,3,2,1,3,1,3,0,1,25
906,6470,3,CAR,1,1,1,2.04,1.07,2.1,1.89,2.37,1.5,0.3,0.3,0.0,2,1,3,2,1,3,1,3,0,1,25
906,6471,3,CAR,1,1,1,2.69,0.89,1.68,2.1,2.54,1.5,0.6,0.1,0.0,2,1,3,2,1,3,1,3,0,1,25
907,6472,2,SM,1,1,1,2.46,1.17,2.86,2.62,3.01,1.6,1.2,0.2,0.0,2,1,3,2,1,3,1,3,0,1,25
907,6473,2,SM,1,1,1,2.24,1.09,2.86,2.62,2.81,2.08,0.3,0.1,0.0,2,1,3,2,1,3,1,3,0,1,25
907,6474,3,CAR,1,1,1,2.91,1.27,2.86,2.62,3.49,1.28,0.6,0.3,0.0,2,1,3,2,1,3,1,3,0,1,25
907,6475,3,CAR,1,1,1,2.24,1.17,1.76,2.18,3.01,1.28,0.3,0.2,0.0,2,1,3,2,1,3,1,3,0,1,25
907,6476,2,SM,1,1,1,2.91,1.17,2.2,1.96,2.25,2.08,0.6,0.2,0.0,2,1,3,2,1,3,1,3,0,1,25
907,6477,2,SM,1,1,1,2.46,1.09,2.2,1.96,2.74,1.28,1.2,0.1,0.0,2,1,3,2,1,3,1,3,0,1,25
907,6478,3,CAR,1,1,1,2.24,1.27,1.76,2.62,3.49,1.6,1.2,0.1,0.0,2,1,3,2,1,3,1,3,0,1,25
907,6479,3,CAR,1,1,1,2.24,1.27,2.2,1.96,2.37,1.6,0.3,0.3,0.0,2,1,3,2,1,3,1,3,0,1,25
907,6480,2,SM,1,1,1,2.91,1.09,1.76,2.18,2.54,1.6,0.6,0.1,0.0,2,1,3,2,1,3,1,3,0,1,25
908,6481,3,CAR,1,1,1,2.17,1.04,2.08,2.11,2.45,1.05,1.2,0.2,0.0,2,1,3,2,1,3,1,3,0,2,17
908,6482,3,CAR,1,1,1,2.0,0.98,2.08,2.11,2.25,1.36,0.3,0.1,0.0,2,1,3,2,1,3,1,3,0,2,17
908,6483,3,CAR,1,1,1,2.52,1.12,2.08,2.11,2.81,0.84,0.6,0.3,0.0,2,1,3,2,1,3,1,3,0,2,17
908,6484,3,CAR,1,1,1,2.0,1.04,1.28,1.76,2.45,0.84,0.3,0.2,0.0,2,1,3,2,1,3,1,3,0,2,17
908,6485,2,SM,1,1,1,2.52,1.04,1.6,1.58,1.84,1.36,0.6,0.2,0.0,2,1,3,2,1,3,1,3,0,2,17
908,6486,3,CAR,1,1,1,2.17,0.98,1.6,1.58,2.25,0.84,1.2,0.1,0.0,2,1,3,2,1,3,1,3,0,2,17
908,6487,3,CAR,1,1,1,2.0,1.12,1.28,2.11,2.81,1.05,1.2,0.1,0.0,2,1,3,2,1,3,1,3,0,2,17
908,6488,2,SM,1,1,1,2.0,1.12,1.6,1.58,1.94,1.05,0.3,0.3,0.0,2,1,3,2,1,3,1,3,0,2,17
908,6489,2,SM,1,1,1,2.52,0.98,1.28,1.76,2.1,1.05,0.6,0.1,0.0,2,1,3,2,1,3,1,3,0,2,17
909,6490,2,SM,1,1,1,1.57,1.04,1.82,1.63,1.67,1.05,1.2,0.2,0.0,2,1,3,2,1,3,1,3,0,2,17
909,6491,2,SM,1,1,1,1.42,1.01,1.82,1.63,1.62,1.36,0.3,0.1,0.0,2,1,3,2,1,3,1,3,0,2,17
909,6492,2,SM,1,1,1,1.86,1.08,1.82,1.63,1.81,0.84,0.6,0.3,0.0,2,1,3,2,1,3,1,3,0,2,17
909,6493,3,CAR,1,1,1,1.42,1.04,1.12,1.36,1.62,0.84,0.3,0.2,0.0,2,1,3,2,1,3,1,3,0,2,17
909,6494,2,SM,1,1,1,1.86,1.04,1.4,1.22,1.36,1.36,0.6,0.2,0.0,2,1,3,2,1,3,1,3,0,2,17
909,6495,3,CAR,1,1,1,1.57,1.01,1.4,1.22,1.53,0.84,1.2,0.1,0.0,2,1,3,2,1,3,1,3,0,2,17
909,6496,3,CAR,1,1,1,1.42,1.08,1.12,1.63,1.81,1.05,1.2,0.1,0.0,2,1,3,2,1,3,1,3,0,2,17
909,6497,2,SM,1,1,1,1.42,1.08,1.4,1.22,1.36,1.05,0.3,0.3,0.0,2,1,3,2,1,3,1,3,0,2,17
909,6498,2,SM,1,1,1,1.86,1.01,1.12,1.36,1.47,1.05,0.6,0.1,0.0,2,1,3,2,1,3,1,3,0,2,17
910,6499,3,CAR,1,1,1,2.2,0.8,1.5,1.76,1.94,0.88,0.3,0.1,0.0,2,1,3,2,1,3,1,3,0,2,17
910,6500,3,CAR,1,1,1,2.2,0.72,1.95,1.76,2.45,1.43,1.2,0.1,0.0,2,1,3,2,1,3,1,3,0,2,17
910,6501,3,CAR,1,1,1,2.2,0.66,1.95,1.58,2.25,1.1,0.3,0.2,0.0,2,1,3,2,1,3,1,3,0,2,17
910,6502,3,CAR,1,1,1,1.67,0.66,1.2,1.58,2.25,1.43,0.6,0.3,0.0,2,1,3,2,1,3,1,3,0,2,17
910,6503,3,CAR,1,1,1,1.85,0.66,1.95,1.76,2.1,0.88,0.3,0.3,0.0,2,1,3,2,1,3,1,3,0,2,17
910,6504,3,CAR,1,1,1,1.85,0.72,1.2,1.58,1.84,1.1,0.3,0.1,0.0,2,1,3,2,1,3,1,3,0,2,17
910,6505,3,CAR,1,1,1,1.85,0.66,1.2,2.11,2.25,0.88,0.6,0.2,0.0,2,1,3,2,1,3,1,3,0,2,17
910,6506,3,CAR,1,1,1,2.2,0.72,1.2,2.11,2.37,1.43,0.3,0.3,0.0,2,1,3,2,1,3,1,3,0,2,17
910,6507,3,CAR,1,1,1,1.85,0.72,1.5,1.76,2.45,1.1,0.6,0.3,0.0,2,1,3,2,1,3,1,3,0,2,17
911,6508,3,CAR,1,1,1,0.92,0.39,0.78,0.89,1.11,0.3,1.2,0.2,0.0,2,1,3,2,1,3,1,3,0,17,1
911,6509,3,CAR,1,1,1,0.85,0.36,0.78,0.89,1.06,0.39,0.3,0.1,0.0,2,1,3,2,1,3,1,3,0,17,1
911,6510,3,CAR,1,1,1,1.06,0.43,0.78,0.89,1.36,0.24,0.6,0.3,0.0,2,1,3,2,1,3,1,3,0,17,1
911,6511,3,CAR,1,1,1,0.85,0.39,0.48,0.74,1.16,0.24,0.3,0.2,0.0,2,1,3,2,1,3,1,3,0,17,1
911,6512,3,CAR,1,1,1,1.06,0.39,0.6,0.67,0.82,0.39,0.6,0.2,0.0,2,1,3,2,1,3,1,3,0,17,1
911,6513,3,CAR,1,1,1,0.92,0.36,0.6,0.67,1.06,0.24,1.2,0.1,0.0,2,1,3,2,1,3,1,3,0,17,1
911,6514,3,CAR,1,1,1,0.85,0.43,0.48,0.89,1.36,0.3,1.2,0.1,0.0,2,1,3,2,1,3,1,3,0,17,1
911,6515,3,CAR,1,1,1,0.85,0.43,0.6,0.67,0.89,0.3,0.3,0.3,0.0,2,1,3,2,1,3,1,3,0,17,1
911,6516,3,CAR,1,1,1,1.06,0.36,0.48,0.74,0.97,0.3,0.6,0.1,0.0,2,1,3,2,1,3,1,3,0,17,1
912,6517,2,SM,1,1,1,3.27,1.01,2.3,2.7,2.93,1.55,1.2,0.3,0.0,2,1,3,2,1,3,1,3,0,17,22
912,6518,2,SM,1,1,1,2.5,1.1,2.99,2.02,2.37,1.24,1.2,0.3,0.0,2,1,3,2,1,3,1,3,0,17,22
912,6519,3,CAR,1,1,1,3.27,1.22,1.84,2.02,2.54,1.24,1.2,0.2,0.0,2,1,3,2,1,3,1,3,0,17,22
912,6520,2,SM,1,1,1,2.76,1.22,2.99,2.02,2.54,2.01,0.6,0.1,0.0,2,1,3,2,1,3,1,3,0,17,22
912,6521,3,CAR,1,1,1,2.76,1.22,1.84,2.25,2.54,2.01,1.2,0.3,0.0,2,1,3,2,1,3,1,3,0,17,22
912,6522,2,SM,1,1,1,2.5,1.22,2.99,2.25,2.54,1.55,0.6,0.2,0.0,2,1,3,2,1,3,1,3,0,17,22
912,6523,2,SM,1,1,1,2.5,1.1,2.3,2.7,3.1,1.24,0.6,0.1,0.0,2,1,3,2,1,3,1,3,0,17,22
912,6524,2,SM,1,1,1,2.5,1.01,2.3,2.25,2.74,2.01,1.2,0.2,0.0,2,1,3,2,1,3,1,3,0,17,22
912,6525,2,SM,1,1,1,2.76,1.22,2.3,2.7,3.66,2.01,0.3,0.2,0.0,2,1,3,2,1,3,1,3,0,17,22
913,6526,3,CAR,1,1,1,2.61,1.4,1.9,2.17,2.25,1.55,1.2,0.3,0.0,2,1,3,2,1,3,1,3,0,19,25
913,6527,2,SM,1,1,1,2.01,1.45,2.47,1.63,1.81,1.24,1.2,0.3,0.0,2,1,3,2,1,3,1,3,0,19,25
913,6528,3,CAR,1,1,1,2.61,1.51,1.52,1.63,1.89,1.24,1.2,0.2,0.0,2,1,3,2,1,3,1,3,0,19,25
913,6529,2,SM,1,1,1,2.21,1.51,2.47,1.63,1.89,2.01,0.6,0.1,0.0,2,1,3,2,1,3,1,3,0,19,25
913,6530,3,CAR,1,1,1,2.21,1.51,1.52,1.81,1.94,2.01,1.2,0.3,0.0,2,1,3,2,1,3,1,3,0,19,25
913,6531,2,SM,1,1,1,2.01,1.51,2.47,1.81,1.94,1.55,0.6,0.2,0.0,2,1,3,2,1,3,1,3,0,19,25
913,6532,3,CAR,1,1,1,2.01,1.45,1.9,2.17,2.37,1.24,0.6,0.1,0.0,2,1,3,2,1,3,1,3,0,19,25
913,6533,2,SM,1,1,1,2.01,1.4,1.9,1.81,2.1,2.01,1.2,0.2,0.0,2,1,3,2,1,3,1,3,0,19,25
913,6534,3,CAR,1,1,1,2.21,1.51,1.9,2.17,2.66,2.01,0.3,0.2,0.0,2,1,3,2,1,3,1,3,0,19,25
914,6535,3,CAR,1,1,1,2.21,0.86,2.3,1.84,2.1,0.96,0.3,0.1,0.0,2,1,3,2,1,4,1,2,0,1,22
914,6536,2,SM,1,1,1,2.21,0.78,2.99,1.84,2.54,1.56,1.2,0.1,0.0,2,1,3,2,1,4,1,2,0,1,22
914,6537,2,SM,1,1,1,2.21,0.72,2.99,1.66,2.37,1.2,0.3,0.2,0.0,2,1,3,2,1,4,1,2,0,1,22
914,6538,2,SM,1,1,1,1.68,0.72,1.84,1.66,2.37,1.56,0.6,0.3,0.0,2,1,3,2,1,4,1,2,0,1,22
914,6539,2,SM,1,1,1,1.86,0.72,2.99,1.84,2.18,0.96,0.3,0.3,0.0,2,1,3,2,1,4,1,2,0,1,22
914,6540,2,SM,1,1,1,1.86,0.78,1.84,1.66,1.89,1.2,0.3,0.1,0.0,2,1,3,2,1,4,1,2,0,1,22
914,6541,3,CAR,1,1,1,1.86,0.72,1.84,2.21,2.37,0.96,0.6,0.2,0.0,2,1,3,2,1,4,1,2,0,1,22
914,6542,2,SM,1,1,1,2.21,0.78,1.84,2.21,2.54,1.56,0.3,0.3,0.0,2,1,3,2,1,4,1,2,0,1,22
914,6543,2,SM,1,1,1,1.86,0.78,2.3,1.84,2.54,1.2,0.6,0.3,0.0,2,1,3,2,1,4,1,2,0,1,22
915,6544,3,CAR,1,1,1,2.04,1.0,2.21,2.33,2.66,1.1,1.2,0.2,0.0,2,1,3,2,1,4,1,3,0,1,22
915,6545,3,CAR,1,1,1,1.84,0.94,2.21,2.33,2.45,1.43,0.3,0.1,0.0,2,1,3,2,1,4,1,3,0,1,22
915,6546,3,CAR,1,1,1,2.45,1.08,2.21,2.33,3.01,0.88,0.6,0.3,0.0,2,1,3,2,1,4,1,3,0,1,22
915,6547,3,CAR,1,1,1,1.84,1.0,1.36,1.94,2.66,0.88,0.3,0.2,0.0,2,1,3,2,1,4,1,3,0,1,22
915,6548,3,CAR,1,1,1,2.45,1.0,1.7,1.75,1.98,1.43,0.6,0.2,0.0,2,1,3,2,1,4,1,3,0,1,22
915,6549,3,CAR,1,1,1,2.04,0.94,1.7,1.75,2.45,0.88,1.2,0.1,0.0,2,1,3,2,1,4,1,3,0,1,22
915,6550,3,CAR,1,1,1,1.84,1.08,1.36,2.33,3.01,1.1,1.2,0.1,0.0,2,1,3,2,1,4,1,3,0,1,22
915,6551,3,CAR,1,1,1,1.84,1.08,1.7,1.75,2.1,1.1,0.3,0.3,0.0,2,1,3,2,1,4,1,3,0,1,22
915,6552,3,CAR,1,1,1,2.45,0.94,1.36,1.94,2.25,1.1,0.6,0.1,0.0,2,1,3,2,1,4,1,3,0,1,22
916,6553,3,CAR,1,1,1,2.57,1.69,1.8,1.84,1.98,0.84,0.3,0.1,0.0,2,1,3,2,1,4,1,3,0,1,22
916,6554,3,CAR,1,1,1,2.57,1.65,2.34,1.84,2.25,1.36,1.2,0.1,0.0,2,1,3,2,1,4,1,3,0,1,22
916,6555,3,CAR,1,1,1,2.57,1.62,2.34,1.66,2.1,1.05,0.3,0.2,0.0,2,1,3,2,1,4,1,3,0,1,22
916,6556,3,CAR,1,1,1,2.01,1.62,1.44,1.66,2.1,1.36,0.6,0.3,0.0,2,1,3,2,1,4,1,3,0,1,22
916,6557,3,CAR,1,1,1,2.2,1.62,2.34,1.84,2.1,0.84,0.3,0.3,0.0,2,1,3,2,1,4,1,3,0,1,22
916,6558,3,CAR,1,1,1,2.2,1.65,1.44,1.66,1.84,1.05,0.3,0.1,0.0,2,1,3,2,1,4,1,3,0,1,22
916,6559,3,CAR,1,1,1,2.2,1.62,1.44,2.21,2.25,0.84,0.6,0.2,0.0,2,1,3,2,1,4,1,3,0,1,22
916,6560,3,CAR,1,1,1,2.57,1.65,1.44,2.21,2.37,1.36,0.3,0.3,0.0,2,1,3,2,1,4,1,3,0,1,22
916,6561,3,CAR,1,1,1,2.2,1.65,1.8,1.84,2.25,1.05,0.6,0.3,0.0,2,1,3,2,1,4,1,3,0,1,22
917,6562,3,CAR,1,1,1,3.53,0.97,2.5,2.94,3.3,1.6,1.2,0.3,0.0,2,1,3,2,1,4,1,3,0,15,25
917,6563,2,SM,1,1,1,2.67,1.08,3.25,2.2,2.66,1.28,1.2,0.3,0.0,2,1,3,2,1,4,1,3,0,15,25
917,6564,3,CAR,1,1,1,3.53,1.22,2.0,2.2,2.81,1.28,1.2,0.2,0.0,2,1,3,2,1,4,1,3,0,15,25
917,6565,2,SM,1,1,1,2.96,1.22,3.25,2.2,2.81,2.08,0.6,0.1,0.0,2,1,3,2,1,4,1,3,0,15,25
917,6566,3,CAR,1,1,1,2.96,1.22,2.0,2.45,2.81,2.08,1.2,0.3,0.0,2,1,3,2,1,4,1,3,0,15,25
917,6567,2,SM,1,1,1,2.67,1.22,3.25,2.45,2.81,1.6,0.6,0.2,0.0,2,1,3,2,1,4,1,3,0,15,25
917,6568,3,CAR,1,1,1,2.67,1.08,2.5,2.94,3.49,1.28,0.6,0.1,0.0,2,1,3,2,1,4,1,3,0,15,25
917,6569,2,SM,1,1,1,2.67,0.97,2.5,2.45,3.01,2.08,1.2,0.2,0.0,2,1,3,2,1,4,1,3,0,15,25
917,6570,3,CAR,1,1,1,2.96,1.22,2.5,2.94,4.14,2.08,0.3,0.2,0.0,2,1,3,2,1,4,1,3,0,15,25
918,6571,3,CAR,1,1,1,2.17,1.43,1.8,2.0,2.1,1.15,1.2,0.3,0.0,2,1,3,2,1,4,1,3,0,22,1
918,6572,1,TRAIN,1,1,1,1.75,1.46,2.34,1.5,1.67,0.92,1.2,0.3,0.0,2,1,3,2,1,4,1,3,0,22,1
918,6573,3,CAR,1,1,1,2.17,1.5,1.44,1.5,1.76,0.92,1.2,0.2,0.0,2,1,3,2,1,4,1,3,0,22,1
918,6574,2,SM,1,1,1,1.89,1.5,2.34,1.5,1.76,1.49,0.6,0.1,0.0,2,1,3,2,1,4,1,3,0,22,1
918,6575,3,CAR,1,1,1,1.89,1.5,1.44,1.67,1.81,1.49,1.2,0.3,0.0,2,1,3,2,1,4,1,3,0,22,1
918,6576,2,SM,1,1,1,1.75,1.5,2.34,1.67,1.81,1.15,0.6,0.2,0.0,2,1,3,2,1,4,1,3,0,22,1
918,6577,3,CAR,1,1,1,1.75,1.46,1.8,2.0,2.18,0.92,0.6,0.1,0.0,2,1,3,2,1,4,1,3,0,22,1
918,6578,2,SM,1,1,1,1.75,1.43,1.8,1.67,1.84,1.49,1.2,0.2,0.0,2,1,3,2,1,4,1,3,0,22,1
918,6579,3,CAR,1,1,1,1.89,1.5,1.8,2.0,2.37,1.49,0.3,0.2,0.0,2,1,3,2,1,4,1,3,0,22,1
919,6580,3,CAR,1,1,1,2.95,1.28,3.25,2.84,3.22,1.6,1.2,0.2,0.0,2,1,3,2,1,4,1,3,0,22,17
919,6581,3,CAR,1,1,1,2.67,1.19,3.25,2.84,3.1,2.08,0.3,0.1,0.0,2,1,3,2,1,4,1,3,0,22,17
919,6582,3,CAR,1,1,1,3.51,1.4,3.25,2.84,3.74,1.28,0.6,0.3,0.0,2,1,3,2,1,4,1,3,0,22,17
919,6583,3,CAR,1,1,1,2.67,1.28,2.0,2.37,3.3,1.28,0.3,0.2,0.0,2,1,3,2,1,4,1,3,0,22,17
919,6584,2,SM,1,1,1,3.51,1.28,2.5,2.13,2.45,2.08,0.6,0.2,0.0,2,1,3,2,1,4,1,3,0,22,17
919,6585,2,SM,1,1,1,2.95,1.19,2.5,2.13,3.01,1.28,1.2,0.1,0.0,2,1,3,2,1,4,1,3,0,22,17
919,6586,3,CAR,1,1,1,2.67,1.4,2.0,2.84,3.74,1.6,1.2,0.1,0.0,2,1,3,2,1,4,1,3,0,22,17
919,6587,3,CAR,1,1,1,2.67,1.4,2.5,2.13,2.66,1.6,0.3,0.3,0.0,2,1,3,2,1,4,1,3,0,22,17
919,6588,3,CAR,1,1,1,3.51,1.19,2.0,2.37,2.81,1.6,0.6,0.1,0.0,2,1,3,2,1,4,1,3,0,22,17
920,6589,2,SM,1,1,1,3.0,1.57,2.4,2.25,2.45,1.12,0.3,0.1,0.0,2,1,3,2,1,4,1,3,0,22,17
920,6590,2,SM,1,1,1,3.0,1.49,3.12,2.25,2.93,1.82,1.2,0.1,0.0,2,1,3,2,1,4,1,3,0,22,17
920,6591,2,SM,1,1,1,3.0,1.43,3.12,2.02,2.74,1.4,0.3,0.2,0.0,2,1,3,2,1,4,1,3,0,22,17
920,6592,3,CAR,1,1,1,2.28,1.43,1.92,2.02,2.74,1.82,0.6,0.3,0.0,2,1,3,2,1,4,1,3,0,22,17
920,6593,2,SM,1,1,1,2.52,1.43,3.12,2.25,2.66,1.12,0.3,0.3,0.0,2,1,3,2,1,4,1,3,0,22,17
920,6594,3,CAR,1,1,1,2.52,1.49,1.92,2.02,2.25,1.4,0.3,0.1,0.0,2,1,3,2,1,4,1,3,0,22,17
920,6595,3,CAR,1,1,1,2.52,1.43,1.92,2.7,2.81,1.12,0.6,0.2,0.0,2,1,3,2,1,4,1,3,0,22,17
920,6596,3,CAR,1,1,1,3.0,1.49,1.92,2.7,3.01,1.82,0.3,0.3,0.0,2,1,3,2,1,4,1,3,0,22,17
920,6597,2,SM,1,1,1,2.52,1.49,2.4,2.25,2.93,1.4,0.6,0.3,0.0,2,1,3,2,1,4,1,3,0,22,17
921,6598,2,SM,1,1,1,1.93,0.64,1.7,1.76,1.94,1.0,0.3,0.1,0.0,2,1,3,2,1,3,1,2,0,22,1
921,6599,1,TRAIN,1,1,1,1.93,0.56,2.21,1.76,2.45,1.62,1.2,0.1,0.0,2,1,3,2,1,3,1,2,0,22,1
921,6600,2,SM,1,1,1,1.93,0.5,2.21,1.58,2.25,1.25,0.3,0.2,0.0,2,1,3,2,1,3,1,2,0,22,1
921,6601,2,SM,1,1,1,1.5,0.5,1.36,1.58,2.25,1.62,0.6,0.3,0.0,2,1,3,2,1,3,1,2,0,22,1
921,6602,2,SM,1,1,1,1.64,0.5,2.21,1.76,2.1,1.0,0.3,0.3,0.0,2,1,3,2,1,3,1,2,0,22,1
921,6603,2,SM,1,1,1,1.64,0.56,1.36,1.58,1.81,1.25,0.3,0.1,0.0,2,1,3,2,1,3,1,2,0,22,1
921,6604,3,CAR,1,1,1,1.64,0.5,1.36,2.11,2.25,1.0,0.6,0.2,0.0,2,1,3,2,1,3,1,2,0,22,1
921,6605,2,SM,1,1,1,1.93,0.56,1.36,2.11,2.37,1.62,0.3,0.3,0.0,2,1,3,2,1,3,1,2,0,22,1
921,6606,1,TRAIN,1,1,1,1.64,0.56,1.7,1.76,2.45,1.25,0.6,0.3,0.0,2,1,3,2,1,3,1,2,0,22,1
922,6607,2,SM,1,1,1,1.93,0.5,1.7,2.11,2.25,0.95,1.2,0.3,0.0,2,1,3,2,1,3,1,3,0,1,22
922,6608,2,SM,1,1,1,1.5,0.56,2.21,1.58,1.81,0.76,1.2,0.3,0.0,2,1,3,2,1,3,1,3,0,1,22
922,6609,2,SM,1,1,1,1.93,0.64,1.36,1.58,1.94,0.76,1.2,0.2,0.0,2,1,3,2,1,3,1,3,0,1,22
922,6610,2,SM,1,1,1,1.64,0.64,2.21,1.58,1.94,1.23,0.6,0.1,0.0,2,1,3,2,1,3,1,3,0,1,22
922,6611,2,SM,1,1,1,1.64,0.64,1.36,1.76,1.94,1.23,1.2,0.3,0.0,2,1,3,2,1,3,1,3,0,1,22
922,6612,2,SM,1,1,1,1.5,0.64,2.21,1.76,1.94,0.95,0.6,0.2,0.0,2,1,3,2,1,3,1,3,0,1,22
922,6613,2,SM,1,1,1,1.5,0.56,1.7,2.11,2.37,0.76,0.6,0.1,0.0,2,1,3,2,1,3,1,3,0,1,22
922,6614,2,SM,1,1,1,1.5,0.5,1.7,1.76,2.1,1.23,1.2,0.2,0.0,2,1,3,2,1,3,1,3,0,1,22
922,6615,2,SM,1,1,1,1.64,0.64,1.7,2.11,2.81,1.23,0.3,0.2,0.0,2,1,3,2,1,3,1,3,0,1,22
923,6616,3,CAR,1,1,1,1.9,1.0,1.0,1.84,1.89,0.65,1.2,0.3,0.0,2,1,3,2,1,3,1,3,0,2,1
923,6617,3,CAR,1,1,1,1.42,1.03,1.3,1.38,1.55,0.52,1.2,0.3,0.0,2,1,3,2,1,3,1,3,0,2,1
923,6618,3,CAR,1,1,1,1.9,1.07,0.8,1.38,1.62,0.52,1.2,0.2,0.0,2,1,3,2,1,3,1,3,0,2,1
923,6619,3,CAR,1,1,1,1.58,1.07,1.3,1.38,1.62,0.84,0.6,0.1,0.0,2,1,3,2,1,3,1,3,0,2,1
923,6620,3,CAR,1,1,1,1.58,1.07,0.8,1.53,1.67,0.84,1.2,0.3,0.0,2,1,3,2,1,3,1,3,0,2,1
923,6621,3,CAR,1,1,1,1.42,1.07,1.3,1.53,1.67,0.65,0.6,0.2,0.0,2,1,3,2,1,3,1,3,0,2,1
923,6622,3,CAR,1,1,1,1.42,1.03,1.0,1.84,1.94,0.52,0.6,0.1,0.0,2,1,3,2,1,3,1,3,0,2,1
923,6623,3,CAR,1,1,1,1.42,1.0,1.0,1.53,1.69,0.84,1.2,0.2,0.0,2,1,3,2,1,3,1,3,0,2,1
923,6624,3,CAR,1,1,1,1.58,1.07,1.0,1.84,2.18,0.84,0.3,0.2,0.0,2,1,3,2,1,3,1,3,0,2,1
924,6625,3,CAR,1,1,1,2.62,0.95,3.12,2.7,3.22,1.7,1.2,0.2,0.0,2,1,3,2,1,3,1,3,0,22,17
924,6626,2,SM,1,1,1,2.37,0.86,3.12,2.7,3.01,2.21,0.3,0.1,0.0,2,1,3,2,1,3,1,3,0,22,17
924,6627,3,CAR,1,1,1,3.12,1.07,3.12,2.7,3.66,1.36,0.6,0.3,0.0,2,1,3,2,1,3,1,3,0,22,17
924,6628,3,CAR,1,1,1,2.37,0.95,1.92,2.25,3.22,1.36,0.3,0.2,0.0,2,1,3,2,1,3,1,3,0,22,17
924,6629,2,SM,1,1,1,3.12,0.95,2.4,2.02,2.37,2.21,0.6,0.2,0.0,2,1,3,2,1,3,1,3,0,22,17
924,6630,3,CAR,1,1,1,2.62,0.86,2.4,2.02,2.93,1.36,1.2,0.1,0.0,2,1,3,2,1,3,1,3,0,22,17
924,6631,3,CAR,1,1,1,2.37,1.07,1.92,2.7,3.66,1.7,1.2,0.1,0.0,2,1,3,2,1,3,1,3,0,22,17
924,6632,3,CAR,1,1,1,2.37,1.07,2.4,2.02,2.54,1.7,0.3,0.3,0.0,2,1,3,2,1,3,1,3,0,22,17
924,6633,2,SM,1,1,1,3.12,0.86,1.92,2.25,2.74,1.7,0.6,0.1,0.0,2,1,3,2,1,3,1,3,0,22,17
925,6634,3,CAR,1,1,1,2.25,1.59,1.5,1.69,1.84,0.68,0.3,0.1,0.0,2,1,3,2,1,4,1,2,0,20,10
925,6635,3,CAR,1,1,1,2.25,1.55,1.95,1.69,2.18,1.1,1.2,0.1,0.0,2,1,3,2,1,4,1,2,0,20,10
925,6636,3,CAR,1,1,1,2.25,1.52,1.95,1.52,1.98,0.85,0.3,0.2,0.0,2,1,3,2,1,4,1,2,0,20,10
925,6637,3,CAR,1,1,1,1.81,1.52,1.2,1.52,1.98,1.1,0.6,0.3,0.0,2,1,3,2,1,4,1,2,0,20,10
925,6638,3,CAR,1,1,1,1.96,1.52,1.95,1.69,1.94,0.68,0.3,0.3,0.0,2,1,3,2,1,4,1,2,0,20,10
925,6639,3,CAR,1,1,1,1.96,1.55,1.2,1.52,1.69,0.85,0.3,0.1,0.0,2,1,3,2,1,4,1,2,0,20,10
925,6640,3,CAR,1,1,1,1.96,1.52,1.2,2.03,2.1,0.68,0.6,0.2,0.0,2,1,3,2,1,4,1,2,0,20,10
925,6641,3,CAR,1,1,1,2.25,1.55,1.2,2.03,2.18,1.1,0.3,0.3,0.0,2,1,3,2,1,4,1,2,0,20,10
925,6642,3,CAR,1,1,1,1.96,1.55,1.5,1.69,2.18,0.85,0.6,0.3,0.0,2,1,3,2,1,4,1,2,0,20,10
926,6643,3,CAR,1,1,1,2.05,0.55,1.8,2.0,2.18,1.1,1.2,0.3,0.0,2,1,3,3,0,3,1,2,0,17,2
926,6644,2,SM,1,1,1,1.59,0.61,2.34,1.5,1.76,0.88,1.2,0.3,0.0,2,1,3,3,0,3,1,2,0,17,2
926,6645,2,SM,1,1,1,2.05,0.69,1.44,1.5,1.84,0.88,1.2,0.2,0.0,2,1,3,3,0,3,1,2,0,17,2
926,6646,2,SM,1,1,1,1.74,0.69,2.34,1.5,1.84,1.43,0.6,0.1,0.0,2,1,3,3,0,3,1,2,0,17,2
926,6647,2,SM,1,1,1,1.74,0.69,1.44,1.67,1.89,1.43,1.2,0.3,0.0,2,1,3,3,0,3,1,2,0,17,2
926,6648,2,SM,1,1,1,1.59,0.69,2.34,1.67,1.89,1.1,0.6,0.2,0.0,2,1,3,3,0,3,1,2,0,17,2
926,6649,3,CAR,1,1,1,1.59,0.61,1.8,2.0,2.25,0.88,0.6,0.1,0.0,2,1,3,3,0,3,1,2,0,17,2
926,6650,2,SM,1,1,1,1.59,0.55,1.8,1.67,1.98,1.43,1.2,0.2,0.0,2,1,3,3,0,3,1,2,0,17,2
926,6651,3,CAR,1,1,1,1.74,0.69,1.8,2.0,2.74,1.43,0.3,0.2,0.0,2,1,3,3,0,3,1,2,0,17,2
927,6652,2,SM,1,1,1,1.06,0.41,0.9,1.19,1.42,0.48,0.3,0.1,0.0,2,1,3,3,0,3,1,3,0,1,2
927,6653,2,SM,1,1,1,1.06,0.37,1.17,1.19,1.67,0.78,1.2,0.1,0.0,2,1,3,3,0,3,1,3,0,1,2
927,6654,2,SM,1,1,1,1.06,0.34,1.17,1.07,1.55,0.6,0.3,0.2,0.0,2,1,3,3,0,3,1,3,0,1,2
927,6655,3,CAR,1,1,1,0.85,0.34,0.72,1.07,1.55,0.78,0.6,0.3,0.0,2,1,3,3,0,3,1,3,0,1,2
927,6656,2,SM,1,1,1,0.92,0.34,1.17,1.19,1.47,0.48,0.3,0.3,0.0,2,1,3,3,0,3,1,3,0,1,2
927,6657,3,CAR,1,1,1,0.92,0.37,0.72,1.07,1.3,0.6,0.3,0.1,0.0,2,1,3,3,0,3,1,3,0,1,2
927,6658,3,CAR,1,1,1,0.92,0.34,0.72,1.43,1.55,0.48,0.6,0.2,0.0,2,1,3,3,0,3,1,3,0,1,2
927,6659,3,CAR,1,1,1,1.06,0.37,0.72,1.43,1.67,0.78,0.3,0.3,0.0,2,1,3,3,0,3,1,3,0,1,2
927,6660,2,SM,1,1,1,0.92,0.37,0.9,1.19,1.67,0.6,0.6,0.3,0.0,2,1,3,3,0,3,1,3,0,1,2
928,6661,3,CAR,1,1,1,2.16,1.3,1.4,1.7,1.67,0.8,1.2,0.3,0.0,2,1,3,3,0,3,1,3,0,2,17
928,6662,2,SM,1,1,1,1.71,1.33,1.82,1.28,1.36,0.64,1.2,0.3,0.0,2,1,3,3,0,3,1,3,0,2,17
928,6663,3,CAR,1,1,1,2.16,1.37,1.12,1.28,1.42,0.64,1.2,0.2,0.0,2,1,3,3,0,3,1,3,0,2,17
928,6664,2,SM,1,1,1,1.86,1.37,1.82,1.28,1.42,1.04,0.6,0.1,0.0,2,1,3,3,0,3,1,3,0,2,17
928,6665,3,CAR,1,1,1,1.86,1.37,1.12,1.42,1.47,1.04,1.2,0.3,0.0,2,1,3,3,0,3,1,3,0,2,17
928,6666,3,CAR,1,1,1,1.71,1.37,1.82,1.42,1.47,0.8,0.6,0.2,0.0,2,1,3,3,0,3,1,3,0,2,17
928,6667,3,CAR,1,1,1,1.71,1.33,1.4,1.7,1.69,0.64,0.6,0.1,0.0,2,1,3,3,0,3,1,3,0,2,17
928,6668,3,CAR,1,1,1,1.71,1.3,1.4,1.42,1.53,1.04,1.2,0.2,0.0,2,1,3,3,0,3,1,3,0,2,17
928,6669,3,CAR,1,1,1,1.86,1.37,1.4,1.7,1.84,1.04,0.3,0.2,0.0,2,1,3,3,0,3,1,3,0,2,17
929,6670,2,SM,1,1,1,1.93,0.64,1.7,1.76,1.94,0.84,0.3,0.1,0.0,2,1,3,3,0,3,1,3,0,22,1
929,6671,2,SM,1,1,1,1.93,0.56,2.21,1.76,2.45,1.36,1.2,0.1,0.0,2,1,3,3,0,3,1,3,0,22,1
929,6672,2,SM,1,1,1,1.93,0.5,2.21,1.58,2.25,1.05,0.3,0.2,0.0,2,1,3,3,0,3,1,3,0,22,1
929,6673,2,SM,1,1,1,1.5,0.5,1.36,1.58,2.25,1.36,0.6,0.3,0.0,2,1,3,3,0,3,1,3,0,22,1
929,6674,2,SM,1,1,1,1.64,0.5,2.21,1.76,2.1,0.84,0.3,0.3,0.0,2,1,3,3,0,3,1,3,0,22,1
929,6675,2,SM,1,1,1,1.64,0.56,1.36,1.58,1.81,1.05,0.3,0.1,0.0,2,1,3,3,0,3,1,3,0,22,1
929,6676,2,SM,1,1,1,1.64,0.5,1.36,2.11,2.25,0.84,0.6,0.2,0.0,2,1,3,3,0,3,1,3,0,22,1
929,6677,2,SM,1,1,1,1.93,0.56,1.36,2.11,2.37,1.36,0.3,0.3,0.0,2,1,3,3,0,3,1,3,0,22,1
929,6678,2,SM,1,1,1,1.64,0.56,1.7,1.76,2.45,1.05,0.6,0.3,0.0,2,1,3,3,0,3,1,3,0,22,1
930,6679,3,CAR,1,1,1,2.5,1.11,2.0,2.1,2.25,1.12,0.3,0.1,0.0,2,1,3,3,0,4,1,3,0,1,22
930,6680,2,SM,1,1,1,2.5,1.03,2.6,2.1,2.74,1.82,1.2,0.1,0.0,2,1,3,3,0,4,1,3,0,1,22
930,6681,2,SM,1,1,1,2.5,0.97,2.6,1.89,2.54,1.4,0.3,0.2,0.0,2,1,3,3,0,4,1,3,0,1,22
930,6682,3,CAR,1,1,1,1.91,0.97,1.6,1.89,2.54,1.82,0.6,0.3,0.0,2,1,3,3,0,4,1,3,0,1,22
930,6683,2,SM,1,1,1,2.11,0.97,2.6,2.1,2.37,1.12,0.3,0.3,0.0,2,1,3,3,0,4,1,3,0,1,22
930,6684,3,CAR,1,1,1,2.11,1.03,1.6,1.89,2.1,1.4,0.3,0.1,0.0,2,1,3,3,0,4,1,3,0,1,22
930,6685,3,CAR,1,1,1,2.11,0.97,1.6,2.52,2.66,1.12,0.6,0.2,0.0,2,1,3,3,0,4,1,3,0,1,22
930,6686,3,CAR,1,1,1,2.5,1.03,1.6,2.52,2.74,1.82,0.3,0.3,0.0,2,1,3,3,0,4,1,3,0,1,22
930,6687,2,SM,1,1,1,2.11,1.03,2.0,2.1,2.74,1.4,0.6,0.3,0.0,2,1,3,3,0,4,1,3,0,1,22
931,6688,3,CAR,1,1,1,1.06,0.41,0.9,1.19,1.42,0.4,0.3,0.1,0.0,2,1,3,3,1,2,1,2,0,1,2
931,6689,2,SM,1,1,1,1.06,0.37,1.17,1.19,1.67,0.65,1.2,0.1,0.0,2,1,3,3,1,2,1,2,0,1,2
931,6690,3,CAR,1,1,1,1.06,0.34,1.17,1.07,1.55,0.5,0.3,0.2,0.0,2,1,3,3,1,2,1,2,0,1,2
931,6691,3,CAR,1,1,1,0.85,0.34,0.72,1.07,1.55,0.65,0.6,0.3,0.0,2,1,3,3,1,2,1,2,0,1,2
931,6692,3,CAR,1,1,1,0.92,0.34,1.17,1.19,1.47,0.4,0.3,0.3,0.0,2,1,3,3,1,2,1,2,0,1,2
931,6693,2,SM,1,1,1,0.92,0.37,0.72,1.07,1.3,0.5,0.3,0.1,0.0,2,1,3,3,1,2,1,2,0,1,2
931,6694,3,CAR,1,1,1,0.92,0.34,0.72,1.43,1.55,0.4,0.6,0.2,0.0,2,1,3,3,1,2,1,2,0,1,2
931,6695,3,CAR,1,1,1,1.06,0.37,0.72,1.43,1.67,0.65,0.3,0.3,0.0,2,1,3,3,1,2,1,2,0,1,2
931,6696,3,CAR,1,1,1,0.92,0.37,0.9,1.19,1.67,0.5,0.6,0.3,0.0,2,1,3,3,1,2,1,2,0,1,2
932,6697,3,CAR,1,1,1,2.34,0.99,1.6,1.84,2.1,0.72,0.3,0.1,0.0,2,1,3,3,1,3,0,2,0,22,1
932,6698,2,SM,1,1,1,2.34,0.91,2.08,1.84,2.54,1.17,1.2,0.1,0.0,2,1,3,3,1,3,0,2,0,22,1
932,6699,2,SM,1,1,1,2.34,0.85,2.08,1.66,2.37,0.9,0.3,0.2,0.0,2,1,3,3,1,3,0,2,0,22,1
932,6700,3,CAR,1,1,1,1.75,0.85,1.28,1.66,2.37,1.17,0.6,0.3,0.0,2,1,3,3,1,3,0,2,0,22,1
932,6701,2,SM,1,1,1,1.95,0.85,2.08,1.84,2.18,0.72,0.3,0.3,0.0,2,1,3,3,1,3,0,2,0,22,1
932,6702,3,CAR,1,1,1,1.95,0.91,1.28,1.66,1.94,0.9,0.3,0.1,0.0,2,1,3,3,1,3,0,2,0,22,1
932,6703,3,CAR,1,1,1,1.95,0.85,1.28,2.21,2.37,0.72,0.6,0.2,0.0,2,1,3,3,1,3,0,2,0,22,1
932,6704,3,CAR,1,1,1,2.34,0.91,1.28,2.21,2.54,1.17,0.3,0.3,0.0,2,1,3,3,1,3,0,2,0,22,1
932,6705,3,CAR,1,1,1,1.95,0.91,1.6,1.84,2.54,0.9,0.6,0.3,0.0,2,1,3,3,1,3,0,2,0,22,1
933,6706,2,SM,1,1,1,1.33,0.84,1.3,1.7,1.81,0.5,1.2,0.2,0.0,2,1,3,3,1,3,1,3,0,2,1
933,6707,2,SM,1,1,1,1.21,0.81,1.3,1.7,1.69,0.65,0.3,0.1,0.0,2,1,3,3,1,3,1,3,0,2,1
933,6708,2,SM,1,1,1,1.56,0.88,1.3,1.7,2.1,0.4,0.6,0.3,0.0,2,1,3,3,1,3,1,3,0,2,1
933,6709,3,CAR,1,1,1,1.21,0.84,0.8,1.42,1.81,0.4,0.3,0.2,0.0,2,1,3,3,1,3,1,3,0,2,1
933,6710,2,SM,1,1,1,1.56,0.84,1.0,1.28,1.47,0.65,0.6,0.2,0.0,2,1,3,3,1,3,1,3,0,2,1
933,6711,2,SM,1,1,1,1.33,0.81,1.0,1.28,1.69,0.4,1.2,0.1,0.0,2,1,3,3,1,3,1,3,0,2,1
933,6712,3,CAR,1,1,1,1.21,0.88,0.8,1.7,2.1,0.5,1.2,0.1,0.0,2,1,3,3,1,3,1,3,0,2,1
933,6713,2,SM,1,1,1,1.21,0.88,1.0,1.28,1.53,0.5,0.3,0.3,0.0,2,1,3,3,1,3,1,3,0,2,1
933,6714,3,CAR,1,1,1,1.56,0.81,0.8,1.42,1.62,0.5,0.6,0.1,0.0,2,1,3,3,1,3,1,3,0,2,1
934,6715,3,CAR,1,1,1,1.18,0.63,1.56,1.56,1.76,0.7,1.2,0.2,0.0,2,1,3,3,1,2,1,3,0,2,1
934,6716,2,SM,1,1,1,1.07,0.6,1.56,1.56,1.67,0.91,0.3,0.1,0.0,2,1,3,3,1,2,1,3,0,2,1
934,6717,3,CAR,1,1,1,1.4,0.67,1.56,1.56,1.98,0.56,0.6,0.3,0.0,2,1,3,3,1,2,1,3,0,2,1
934,6718,3,CAR,1,1,1,1.07,0.63,0.96,1.3,1.76,0.56,0.3,0.2,0.0,2,1,3,3,1,2,1,3,0,2,1
934,6719,2,SM,1,1,1,1.4,0.63,1.2,1.17,1.36,0.91,0.6,0.2,0.0,2,1,3,3,1,2,1,3,0,2,1
934,6720,3,CAR,1,1,1,1.18,0.6,1.2,1.17,1.62,0.56,1.2,0.1,0.0,2,1,3,3,1,2,1,3,0,2,1
934,6721,3,CAR,1,1,1,1.07,0.67,0.96,1.56,1.98,0.7,1.2,0.1,0.0,2,1,3,3,1,2,1,3,0,2,1
934,6722,2,SM,1,1,1,1.07,0.67,1.2,1.17,1.42,0.7,0.3,0.3,0.0,2,1,3,3,1,2,1,3,0,2,1
934,6723,3,CAR,1,1,1,1.4,0.6,0.96,1.3,1.53,0.7,0.6,0.1,0.0,2,1,3,3,1,2,1,3,0,2,1
935,6724,3,CAR,1,1,1,4.06,2.26,2.5,3.29,3.37,1.4,1.2,0.3,0.0,2,1,3,3,1,3,1,2,0,21,22
935,6725,2,SM,1,1,1,3.07,2.32,3.25,2.47,2.74,1.12,1.2,0.3,0.0,2,1,3,3,1,3,1,2,0,21,22
935,6726,3,CAR,1,1,1,4.06,2.4,2.0,2.47,2.81,1.12,1.2,0.2,0.0,2,1,3,3,1,3,1,2,0,21,22
935,6727,2,SM,1,1,1,3.4,2.4,3.25,2.47,2.81,1.82,0.6,0.1,0.0,2,1,3,3,1,3,1,2,0,21,22
935,6728,2,SM,1,1,1,3.4,2.4,2.0,2.74,2.93,1.82,1.2,0.3,0.0,2,1,3,3,1,3,1,2,0,21,22
935,6729,2,SM,1,1,1,3.07,2.4,3.25,2.74,2.93,1.4,0.6,0.2,0.0,2,1,3,3,1,3,1,2,0,21,22
935,6730,3,CAR,1,1,1,3.07,2.32,2.5,3.29,3.49,1.12,0.6,0.1,0.0,2,1,3,3,1,3,1,2,0,21,22
935,6731,3,CAR,1,1,1,3.07,2.26,2.5,2.74,3.01,1.82,1.2,0.2,0.0,2,1,3,3,1,3,1,2,0,21,22
935,6732,3,CAR,1,1,1,3.4,2.4,2.5,3.29,3.93,1.82,0.3,0.2,0.0,2,1,3,3,1,3,1,2,0,21,22
936,6733,2,SM,1,1,1,1.82,1.24,1.3,1.55,1.67,0.76,0.3,0.1,0.0,2,1,3,3,1,5,1,2,0,1,10
936,6734,2,SM,1,1,1,1.82,1.2,1.69,1.55,1.94,1.23,1.2,0.1,0.0,2,1,3,3,1,5,1,2,0,1,10
936,6735,3,CAR,1,1,1,1.82,1.17,1.69,1.39,1.81,0.95,0.3,0.2,0.0,2,1,3,3,1,5,1,2,0,1,10
936,6736,3,CAR,1,1,1,1.53,1.17,1.04,1.39,1.81,1.23,0.6,0.3,0.0,2,1,3,3,1,5,1,2,0,1,10
936,6737,3,CAR,1,1,1,1.63,1.17,1.69,1.55,1.76,0.76,0.3,0.3,0.0,2,1,3,3,1,5,1,2,0,1,10
936,6738,2,SM,1,1,1,1.63,1.2,1.04,1.39,1.55,0.95,0.3,0.1,0.0,2,1,3,3,1,5,1,2,0,1,10
936,6739,3,CAR,1,1,1,1.63,1.17,1.04,1.86,1.89,0.76,0.6,0.2,0.0,2,1,3,3,1,5,1,2,0,1,10
936,6740,3,CAR,1,1,1,1.82,1.2,1.04,1.86,1.98,1.23,0.3,0.3,0.0,2,1,3,3,1,5,1,2,0,1,10
936,6741,3,CAR,1,1,1,1.63,1.2,1.3,1.55,1.94,0.95,0.6,0.3,0.0,2,1,3,3,1,5,1,2,0,1,10
937,6742,2,SM,1,1,1,2.36,0.63,1.9,0.23,0.23,1.15,1.2,0.3,0.0,2,1,6,1,0,4,1,3,0,1,25
937,6743,2,SM,1,1,1,1.82,0.71,2.47,0.17,0.23,0.92,1.2,0.3,0.0,2,1,6,1,0,4,1,3,0,1,25
937,6744,3,CAR,1,1,1,2.36,0.81,1.52,0.17,0.25,0.92,1.2,0.2,0.0,2,1,6,1,0,4,1,3,0,1,25
937,6745,3,CAR,1,1,1,2.0,0.81,2.47,0.17,0.25,1.49,0.6,0.1,0.0,2,1,6,1,0,4,1,3,0,1,25
937,6746,2,SM,1,1,1,2.0,0.81,1.52,0.19,0.23,1.49,1.2,0.3,0.0,2,1,6,1,0,4,1,3,0,1,25
937,6747,2,SM,1,1,1,1.82,0.81,2.47,0.19,0.23,1.15,0.6,0.2,0.0,2,1,6,1,0,4,1,3,0,1,25
937,6748,3,CAR,1,1,1,1.82,0.71,1.9,0.23,0.25,0.92,0.6,0.1,0.0,2,1,6,1,0,4,1,3,0,1,25
937,6749,3,CAR,1,1,1,1.82,0.63,1.9,0.19,0.25,1.49,1.2,0.2,0.0,2,1,6,1,0,4,1,3,0,1,25
937,6750,3,CAR,1,1,1,2.0,0.81,1.9,0.23,0.31,1.49,0.3,0.2,0.0,2,1,6,1,0,4,1,3,0,1,25
938,6751,2,SM,1,1,1,2.05,0.55,1.8,0.23,0.23,0.9,1.2,0.3,0.0,2,1,6,2,0,2,1,3,0,17,2
938,6752,2,SM,1,1,1,1.59,0.61,2.34,0.17,0.23,0.72,1.2,0.3,0.0,2,1,6,2,0,2,1,3,0,17,2
938,6753,2,SM,1,1,1,2.05,0.69,1.44,0.17,0.25,0.72,1.2,0.2,0.0,2,1,6,2,0,2,1,3,0,17,2
938,6754,2,SM,1,1,1,1.74,0.69,2.34,0.17,0.25,1.17,0.6,0.1,0.0,2,1,6,2,0,2,1,3,0,17,2
938,6755,2,SM,1,1,1,1.74,0.69,1.44,0.19,0.23,1.17,1.2,0.3,0.0,2,1,6,2,0,2,1,3,0,17,2
938,6756,2,SM,1,1,1,1.59,0.69,2.34,0.19,0.23,0.9,0.6,0.2,0.0,2,1,6,2,0,2,1,3,0,17,2
938,6757,2,SM,1,1,1,1.59,0.61,1.8,0.23,0.25,0.72,0.6,0.1,0.0,2,1,6,2,0,2,1,3,0,17,2
938,6758,2,SM,1,1,1,1.59,0.55,1.8,0.19,0.25,1.17,1.2,0.2,0.0,2,1,6,2,0,2,1,3,0,17,2
938,6759,2,SM,1,1,1,1.74,0.69,1.8,0.23,0.31,1.17,0.3,0.2,0.0,2,1,6,2,0,2,1,3,0,17,2
939,6760,1,TRAIN,1,1,1,1.28,0.57,1.0,0.13,0.16,0.64,0.3,0.1,0.0,2,1,7,3,1,5,1,2,0,1,2
939,6761,1,TRAIN,1,1,1,1.28,0.53,1.3,0.13,0.21,1.04,1.2,0.1,0.0,2,1,7,3,1,5,1,2,0,1,2
939,6762,1,TRAIN,1,1,1,1.28,0.5,1.3,0.12,0.21,0.8,0.3,0.2,0.0,2,1,7,3,1,5,1,2,0,1,2
939,6763,1,TRAIN,1,1,1,0.98,0.5,0.8,0.12,0.21,1.04,0.6,0.3,0.0,2,1,7,3,1,5,1,2,0,1,2
939,6764,1,TRAIN,1,1,1,1.08,0.5,1.3,0.13,0.17,0.64,0.3,0.3,0.0,2,1,7,3,1,5,1,2,0,1,2
939,6765,1,TRAIN,1,1,1,1.08,0.53,0.8,0.12,0.16,0.8,0.3,0.1,0.0,2,1,7,3,1,5,1,2,0,1,2
939,6766,1,TRAIN,1,1,1,1.08,0.5,0.8,0.16,0.16,0.64,0.6,0.2,0.0,2,1,7,3,1,5,1,2,0,1,2
939,6767,1,TRAIN,1,1,1,1.28,0.53,0.8,0.16,0.17,1.04,0.3,0.3,0.0,2,1,7,3,1,5,1,2,0,1,2
939,6768,1,TRAIN,1,1,1,1.08,0.53,1.0,0.13,0.21,0.8,0.6,0.3,0.0,2,1,7,3,1,5,1,2,0,1,2
